1.0 0.0 0.0 0.0 0.0 1.0 0.0 0.0 0.0 0.0 1.0 0.0
0.9999903371310896 -0.004304588691186826 0.0008922783475496399 -0.016181343428929094 0.004303609869765332 0.9999901387884916 0.001096023659429745 -0.008666747374527285 -0.0008969874796537838 -0.0010921730507937105 0.9999990012852457 -0.9998315116132225
0.9999978290559188 -0.0014662782860013833 0.001480510532684113 -0.034176653863242756 0.001460294717194906 0.9999907947999985 0.004034582333544408 -0.02660629248223417 -0.0014864127247572931 -0.00403241159298215 0.9999907650743364 -1.9978545909148495
0.9999965129273338 -0.0004214149114405396 0.0026070179602407256 -0.04523186440351722 0.0004088892461632907 0.9999883806665525 0.0048032636270137034 0.016928973164589207 -0.002609011835345744 -0.004802180896075906 0.9999850659464292 -2.9824307506969197
0.999991940297462 0.0011774043152734755 0.0038383667354152224 -0.060374506237748246 -0.0012014934723290581 0.999979561096301 0.006279633992920938 0.03673548155323246 -0.0038308946152455533 -0.006284195153515913 0.9999729162020936 -3.9719021864156616
0.9999857053165886 0.0032042897658114385 0.004280384279659756 -0.05743885332724525 -0.0032426544417967947 0.9999543653220537 0.008986237563060403 0.010804682074844757 -0.004251394436645206 -0.008999988914736414 0.9999504616954176 -4.975664278004039
0.999975075955509 0.003981638007668088 0.005830439653209333 -0.126588203037956 -0.004034049304088399 0.9999513147246926 0.009005255497269453 0.06326592865006342 -0.005794300129092967 -0.009028551330906342 0.9999424540176696 -6.00029473111647
0.9999686818499016 0.0035915656849851026 0.007052373735176901 -0.1832512197055728 -0.00364515572921429 0.9999644699119808 0.007600773208097373 0.12066318173046203 -0.00702482448748378 -0.007626242166466528 0.9999462446908526 -7.046166260966437
0.999964491584811 0.0029762954972797654 0.007883985961638926 -0.24561232503481842 -0.0030425813187436443 0.9999600145310668 0.008409045008057977 0.12433614059521876 -0.007858642913969286 -0.008432734084600603 0.9999335631567775 -8.079909765813888
0.9999532335775269 0.0029253094833679074 0.009218092116833717 -0.3260407407986804 -0.003014113862070758 0.9999490436564926 0.009634583960520483 0.18540217247368362 -0.0091894382567373 -0.00966191776472784 0.99991109683293 -9.144756339993789
0.9999474041540249 -0.00027641362648255825 0.010252439764969312 -0.38776458659570157 0.00014188753589445104 0.9999139219080116 0.013119780579950804 0.19764955781899632 -0.010255183740644876 -0.013117635840577038 0.999861369809035 -10.22622987761632
0.9999343643315384 -0.0027107421447473243 0.011131886897868374 -0.45828924557961936 0.0025167467093497576 0.9998453681507811 0.017404188387570334 0.14509793637523702 -0.011177343820569362 -0.017375029912312424 0.999786564883057 -11.309410391355387
0.9999110038931299 -0.005396455585494711 0.012200924577542904 -0.5408817561906916 0.005194490131845834 0.9998499625558197 0.016524819194049276 0.1875517624148139 -0.01228826943484166 -0.01645997096715684 0.9997890116369839 -12.44801317519272
0.9998946403586861 -0.006204491231665383 0.013122974911574341 -0.5164182736638416 0.006066753032388464 0.9999263660444285 0.010509852369448892 0.2095865794702835 -0.013187216901895093 -0.010429131207334217 0.9998586552771559 -13.815565363193578
0.9998542820487428 -0.008570436475023674 0.014763545895906912 -0.6767883245239297 0.008576061733700676 0.9999631744205325 -0.0003177545458164521 0.4157837056638957 -0.014760278924624731 0.00044432132428664573 0.9998909624277179 -15.020836398867853
0.9998454325881827 -0.010636012238805309 0.01399950628435596 -0.6502227189358044 0.010715253488815853 0.9999269229850463 -0.005597502329407386 0.49115697906450617 -0.013938948138943558 0.0057466453965148295 0.999886334435803 -16.32373156853963
0.9998216293430167 -0.012277477962805408 0.014351760614934218 -0.658026328293482 0.01235967299793764 0.9999076391795576 -0.005652574081587148 0.5384968080779552 -0.01428103572082924 0.005828948896379786 0.9998810306098941 -17.660181126249068
0.9997594749788932 -0.015736355872571127 0.015276102047960944 -0.7451859004373723 0.015711905359967596 0.9998750822540348 0.001719278176075431 0.42289012279504684 -0.015301248964948642 -0.0014788479770090983 0.999881835412952 -19.011168999726852
0.9996949175595731 -0.01759433800729964 0.01733525528059699 -0.8857635445146583 0.017453731326250735 0.9998138063026697 0.008229215598024947 0.3118858804625125 -0.017476815166088705 -0.007924140120708034 0.9998158675151129 -20.427600493053514
0.9997174599371489 -0.015911027107562148 0.017658978260295978 -0.9447254290364506 0.015798551448471906 0.9998541279188721 0.006490659113052375 0.31853025408415614 -0.01775967536148028 -0.006209838965245879 0.9998230002510847 -21.874743514254575
0.999696596111603 -0.01618883288241415 0.018564412535271434 -1.0750393385222021 0.016244177837249726 0.9998640374156678 -0.002834319888765144 0.5593942453927416 -0.018516004138752006 0.0031350235637569515 0.999823649059167 -23.394990554512777
0.9997533187152172 -0.01545421870929198 0.015952079550787302 -0.8900082861433886 0.01566219445627484 0.9997928784953861 -0.012995990717296175 0.8945537447019288 -0.015747932649180025 0.013242629421515368 0.9997882952821969 -25.1444969847726
0.9997300902621912 -0.017847845255020436 0.014872829055154552 -0.7871920803386558 0.018048436874410184 0.9997464573549393 -0.013463837960963764 0.9526651172446929 -0.014628757662270429 0.013728635256335662 0.9997987417591888 -26.896448158058174
0.9997720510156765 -0.01618901489962333 0.013919834930323696 -0.727801399676595 0.016356914572581226 0.9997937975188488 -0.01203386008329694 0.9286472218465849 -0.01372214828563537 0.0122588025279332 0.9998306978718988 -28.703153607816226
0.999795370308556 -0.015719773543929925 0.012732094458684227 -0.7079195336236838 0.01584482854722696 0.9998266173904926 -0.009781439863053056 0.8757619222626261 -0.012576124915341701 0.009981176143776978 0.9998711002948834 -30.478915517377192
0.9997423385029329 -0.019790425001866035 0.011117359530596546 -0.6480355846750119 0.01986021297627589 0.9997835273575664 -0.0062024483068643076 0.7900457262821433 -0.010992203838357115 0.006421643302759574 0.9999189636925925 -32.30212077968333
0.9998241570600614 -0.016565571122675916 0.008788447673916415 -0.5487753025275637 0.016569664103462386 0.9998626364135492 -0.000393110219907702 0.6036788307784342 -0.00878072836591766 0.000538662720198579 0.9999613035772124 -34.19464978083125
0.9998791321375723 -0.013638461082845797 0.00746414731279404 -0.49915467578770206 0.013579426556734539 0.9998765599249708 0.007903422486278629 0.24467823176900422 -0.00757101645789009 -0.0078011083762541435 0.9999409094631024 -36.127609420452195
0.9998700061811625 -0.015312534574531439 0.00504945781109006 -0.40930322066031494 0.015242728105612804 0.999791534703187 0.013584784714688741 0.033199552272145806 -0.005256422659999918 -0.013506051264150401 0.9998949727846769 -38.08922681998045
0.9998501164689245 -0.016727558953243887 0.0044646801166280045 -0.41680700996625714 0.01666070309423422 0.9997544025615739 0.014613539309703352 -0.0010204446511363197 -0.004708032442946574 -0.014536964270996235 0.999883248734721 -40.083537343700144
0.999829062385092 -0.018163836633423924 0.0034526872001642505 -0.3797469591905209 0.01811704705485891 0.9997496370101766 0.013131485218057638 0.1289044356803505 -0.003690340927328935 -0.013066688056823173 0.9999078172747055 -42.147966311431254
0.9998024427834651 -0.019628643258955806 0.0031291800888896427 -0.407991208228888 0.019580913103726578 0.9997014270797197 0.01461658430674458 0.08171657702703009 -0.003415149519473998 -0.014552424491627223 0.9998882756064175 -44.23393998756552
0.9997236908167566 -0.0234097085318162 0.0021278078337860916 -0.4032938557358323 0.023370683903481803 0.9995854573897642 0.0168144137209571 0.023359783827956792 -0.0025205462911135203 -0.016760039419744382 0.9998563636468205 -46.33770988194903
0.9996268430401496 -0.027271709836044458 0.0015583697259449073 -0.43974601131057806 0.027240433469381358 0.9994768183507381 0.017436982648551078 0.038055423495437106 -0.0020330907467089724 -0.017388025250276676 0.9998467498171464 -48.47494616830855
0.9995637037889027 -0.029501996403164605 0.0014262804908320033 -0.5313945868252246 0.029472735442998593 0.9994139647593527 0.017409333976294888 0.0574500867902509 -0.0019390547485514686 -0.017359701962269502 0.9998474287682413 -50.633305665590704
0.999532159816215 -0.030559132734771514 0.001265266624480563 -0.6278163252556657 0.030533486814980065 0.9993914979050045 0.01686238708222756 0.15719507765436072 -0.0017797966321597065 -0.016815865178159948 0.9998570192793859 -52.83122827657581
0.9995435720698338 -0.03017951119457948 0.00135817448551017 -0.7531700168113261 0.030155338314917225 0.9994289804299696 0.015243642865933677 0.3616594135230666 -0.0018174446318180706 -0.015195729030470936 0.9998828864993353 -55.05318145559542
0.9994979765152219 -0.03162789002869419 0.0018632000187496626 -0.9542735913349735 0.031600572244029554 0.9994132061482636 0.013215415630933267 0.5769440363046219 -0.0022800824166927546 -0.013149902995127858 0.9999109366715576 -57.323696660010775
0.999427325354426 -0.03374441269699992 0.002517130634830015 -1.199818674738241 0.03371128517313346 0.9993570168063309 0.012210741661606121 0.6282423380402701 -0.002927556468101218 -0.012118893170804085 0.9999222779003579 -59.62624387371278
0.9993378850738737 -0.036294975097674646 0.002542880008247362 -1.3773323341287953 0.036258925528172455 0.9992575929744931 0.013021259630492554 0.5052019711244885 -0.00301359845029332 -0.012920435963288117 0.9999119864062531 -61.84570762341457
0.9993056651314469 -0.03706057458946913 0.0038342466398125262 -1.7313022270670464 0.03700549572069949 0.9992230994014861 0.013556950577214845 0.5133039813452456 -0.004333696189375809 -0.01340564931609615 0.9999007488964853 -64.15887021210933
0.9992106894964106 -0.03944189066917421 0.004726019101606615 -2.1024671724541264 0.03936808030998888 0.9991150557945387 0.01480741494596406 0.43986491229617924 -0.0053058692797795445 -0.01460967299827762 0.9998791953061477 -66.45497351332362
0.9991461391359475 -0.04075401548113958 0.0067899095644067846 -2.6667800750544304 0.040658997211929615 0.9990806682196914 0.013589125631000336 0.5433389046205632 -0.007337478821099727 -0.013301451494398871 0.9998846097388898 -68.79450637111654
0.9986217956976147 -0.05224233619722528 0.0050246856944189 -2.5528735471036703 0.05218999995862941 0.9985867334014603 0.010036920788725272 1.2411074942854214 -0.0055419366641883076 -0.009760849515127712 0.9999370043931534 -71.58677880341158
0.9986624151698575 -0.05126694710568508 0.006714213399205822 -3.010931419628626 0.051231544669431694 0.9986725105895755 0.00534279173262976 1.6085855194841412 -0.0069792089731724625 -0.004991665771776082 0.9999631862798408 -74.05562190144452
0.9980951509702157 -0.060929786555875394 0.009676296812194878 -3.6800044035938977 0.06088577010186457 0.9981332930751108 0.004780403135510474 1.826635383576597 -0.009949502944625956 -0.0041821484060911235 0.999941756816798 -76.77857366571394
0.9980167294351061 -0.061697641044494225 0.012490350563493527 -4.356006232320159 0.061630239705399506 0.9980827082645111 0.005711481176880065 1.6839009697961551 -0.01281878783306832 -0.004930370465147419 0.9999056806147104 -79.25812980529089
0.9956728306007977 -0.09209159668085809 0.012439944701060265 -4.644841306456299 0.0920143223883367 0.9957354863164615 0.006648741650518484 2.4494649789202203 -0.012999187621174897 -0.00547531833688873 0.9999005160566221 -82.31768091674833
0.9949272823581249 -0.10003204457973894 0.010643912658093245 -4.390196347172856 0.09996437981955908 0.9949683830282837 0.00671115052531374 2.644756360158921 -0.011261686675046838 -0.005613094625926861 0.9999208306570843 -85.62066762392445
0.9964702388637291 -0.08384211845571635 -0.004190731644983102 -4.569336371220363 0.08386509933557262 0.9964611170936316 0.005646878247869952 2.3068116567929535 0.0037024549014365695 -0.0059784022421846056 0.999975274961503 -88.89642997451264
0.9966249699039167 -0.08094402566915275 0.01366506759912582 -5.542614143780801 0.08085920207291576 0.9967033453017432 0.0066506318831635585 2.351210323749031 -0.014158347507690043 -0.005523239338062138 0.9998845108426603 -91.71824780456267
0.9959429589614144 -0.0884809758932614 0.016393273015433103 -5.4791095112756025 0.08844304850712476 0.9960766396687514 0.0030257357741298157 2.850023538052964 -0.016596676352475182 -0.0015635891994277664 0.9998610431069243 -94.94894275478396
0.9958029045867525 -0.08915592953143396 0.02068321652870386 -5.85653053658439 0.08915051962588903 0.996017459629667 0.001185311477441324 3.1220458880055526 -0.02070652233044552 0.000663582888992638 0.9997853767637973 -97.95739148193618
0.9961057093554068 -0.08531131424634457 0.02225748079014019 -5.92495658303529 0.08516722126350025 0.9963395971304355 0.00734517611874418 2.286004409911668 -0.022802636071647616 -0.00542096407688009 0.9997252887351911 -101.5345966966011
0.9959963637379777 -0.08683163011787297 0.021248798361296055 -5.592688466936796 0.08660964342560871 0.9961798702016307 0.011155082731705745 2.0319131204031025 -0.02213623921119026 -0.00927007098868074 0.999711984872368 -105.14007716743812
0.9960016629039289 -0.0870884891747085 0.019906846708484225 -5.086130738283406 0.08683482072599212 0.996134310450357 0.013272130690910976 1.7804135521548072 -0.020985742829197605 -0.011490456773274581 0.9997137430289974 -108.63017784439515
0.9963058465154374 -0.08367526086067284 0.019316079287893875 -4.71727341026458 0.08346570933977582 0.9964452964595006 0.011412560104812583 1.9168888188426951 -0.02020236529631892 -0.009758170096706218 0.9997482895973355 -112.13327919123705
0.9964057596682449 -0.08281773363366945 0.017798457678413804 -4.096167354752792 0.08267645555209968 0.9965399068899357 0.008533327202215009 2.4340925206239263 -0.01844358417687295 -0.007031142978275424 0.9998051796380781 -115.78094740193536
0.9969094029734449 -0.07645583209283988 0.0180595681598715 -3.9069903614316095 0.076315855595983 0.9970489976024907 0.008317846146790745 2.363051734452669 -0.018642222179306844 -0.006913907640407561 0.9998023131766386 -119.08922377816496
0.9970924956280605 -0.07409471270998838 0.017791253767807567 -3.6190703215559163 0.07390289954406465 0.9972024587368458 0.011207931484861534 1.9518494796625343 -0.018571930464712914 -0.00986051913510368 0.9997789023385121 -122.43571880194254
0.9974579358593232 -0.06920936268945184 0.01696261499233465 -3.2011553925133898 0.0690075146635644 0.9975414177346538 0.012209947743335222 1.8648536529040887 -0.017765953709728343 -0.01100836137020142 0.9997815695784389 -125.68846608228274
0.9979216581230722 -0.06163829644932796 0.018790547084183085 -3.2452840928226174 0.06127117030604741 0.9979301648083289 0.019525108321052063 0.6517656945110795 -0.019955148163455765 -0.01833320966023806 0.9996327753156797 -128.91481268477412
0.9982012057679817 -0.05691168551663806 0.018852396532082455 -3.069159006054593 0.05648037479988322 0.9981462713954267 0.022671307017284984 0.24270067506828422 -0.02010771160058502 -0.021565735578981966 0.9995652049682028 -131.90763679358702
0.9982891263501238 -0.05452346064808381 0.021119006843681492 -3.209995586127722 0.05396787037014259 0.9982030685656069 0.026040408482160205 -0.14074821680579855 -0.022500870623557986 -0.02485610880977013 0.9994377842947598 -135.02500945228886
0.9986197930621438 -0.046970851792150915 0.02349995715827658 -3.419555658395477 0.04623603624455685 0.9984527659012304 0.03089179853253513 -1.0158158752845712 -0.024914611313706404 -0.029762616586962023 0.9992464404725114 -137.93107775891934
0.9986284700414998 -0.045285160207798714 0.02627609346016687 -3.7986463883368176 0.04454200300540295 0.9986091215511523 0.02821050022779612 -0.5608026266683639 -0.027517063630411114 -0.02700141884771641 0.9992565909661892 -140.77009053247232
0.9987234935310423 -0.04041136725980417 0.030303545425305015 -4.369015014099775 0.03964740628788889 0.9988908150846574 0.02540123450054983 -0.276186433068808 -0.03129643180609197 -0.02416735268294982 0.9992179303938178 -143.57017933210378
0.9987675021983841 -0.03835056671092153 0.03150731003040328 -4.3721954682567965 0.03780672546148231 0.9991286702521656 0.017679134311933797 1.0016814902857305 -0.03215786159372073 -0.01646615659741056 0.9993471557094805 -146.4498946754354
0.9988193036210694 -0.032431169086854575 0.03616929617205496 -5.020105338125948 0.031656897185781185 0.9992615047591192 0.02177810751901167 0.18947475957147017 -0.03684887480630665 -0.020607386496123207 0.9991083505042426 -149.24724349522978
0.9989106052042558 -0.01673973490845371 0.043558972504665505 -6.1950002563125794 0.01580466291018825 0.9996390886455006 0.0217233764016628 0.12109156028809445 -0.04390689513917864 -0.02101127619131443 0.9988146528921417 -151.82710024515978
0.9988380125193178 -0.0201657552532883 0.04377176100551025 -5.94047599514084 0.01874405951769162 0.9992910440831385 0.03265071895116724 -1.688197402583042 -0.04439915516376709 -0.03179231873102924 0.998507868517043 -154.70460748327227
0.9988216762535155 -0.011357462770218879 0.04718333482852311 -6.392479621602834 0.009566004671483054 0.999231119857959 0.038021844537506684 -2.740164322410599 -0.047578888183127964 -0.037525686493817205 0.9981623476431202 -157.11185944442366
0.9987504795151262 -0.005696243123701621 0.04964909347189631 -6.589945063001774 0.003544862970833457 0.9990552828017243 0.04331253689735509 -3.7179788603772246 -0.04984890785988625 -0.04308241776226601 0.9978271351616642 -159.74917010238434
0.9988146144244018 -0.0025312362586447697 0.048610275202231136 -6.160002264853222 0.00039385103428049117 0.9990345710421961 0.043929155966147444 -3.815395963858103 -0.048674540507297255 -0.04385793777115191 0.9978513268021771 -162.18653926212394
0.9989347746519647 0.005880562635898661 0.045768274755707744 -5.487843790141278 -0.007829188428207682 0.9990652035801589 0.04251379545384389 -3.8325843110653497 -0.045475485699267695 -0.04282683712838168 0.9980470140339055 -164.42888823907785
0.9991323758363277 -0.00013877155268625526 0.041647044290217365 -4.275615499180355 -0.0015048313721887307 0.999221158196589 0.03943111074784346 -3.0978041692616336 -0.04162007974759826 -0.03945957114216504 0.9983540009470989 -167.2017083548583
0.999201580178195 -0.0012153304805499253 0.039934009831483194 -3.6897894854012723 -0.0003122134559222136 0.999269176913424 0.038223220606408786 -2.8113981091177287 -0.039951278980226546 -0.03820517036464173 0.9984709611527282 -169.58551935439945
0.9992774307874326 -0.00014366892450337046 0.03800783706168959 -3.0441169549544416 -0.001218997632230837 0.999357276114886 0.03582664819667213 -2.2567482611001854 -0.037988555693003495 -0.03584709242708015 0.9986349961827313 -171.94694110520348
0.9993598515522822 0.005720759266911946 0.03531515282156423 -2.1088901502323427 -0.0069019595168697285 0.9994176764328765 0.033416627423151095 -1.676952140008668 -0.03510341949479973 -0.0336389795760847 0.9988173852075524 -174.4838076699415
0.9993894334768649 0.012151449003564553 0.03275824387699722 -1.181608281665417 -0.013195626582530245 0.999405555557917 0.03184981882312249 -1.4349601458010224 -0.03235174947179019 -0.03226263794368149 0.9989556979661458 -176.88370940453632
0.9994979707834987 0.012803377221610979 0.028980682038031974 0.03453827470560096 -0.01368687689142086 0.999441187910485 0.030495594912017813 -1.1542014919224752 -0.02857404067729074 -0.030876940259681334 0.9991146774818057 -179.2699354177316
0.9995437864585428 0.015280347200436235 0.026052445980236386 1.06160840393754 -0.016109079058669262 0.9993611522103334 0.03190274321616064 -1.307141902924496 -0.0255483174397172 -0.03230786966466315 0.9991513824409846 -181.74059869463636
0.9996381147618512 0.01747615019977986 0.020450518075756832 2.7850221345473707 -0.018212138491748475 0.9991722903022244 0.03637378594214232 -2.192098342756939 -0.019797917237161497 -0.03673307047337795 0.9991289826677376 -184.1757710650221
0.9996533147986649 0.02084473221832217 0.01608562559516233 4.221242509110941 -0.02143699115684644 0.9990640372655774 0.0375699993711266 -2.285481125350082 -0.015287433472711734 -0.03790180182196629 0.9991645248889023 -186.66025547002764
0.9997403072834303 0.020261803255938845 0.010429636697891652 6.0380407674177405 -0.020627939444284867 0.999128575863176 0.03628466629176151 -2.0215033961643845 -0.009685355291123745 -0.036490385342432374 0.9992870686997033 -189.13378085139158
0.999718577280604 0.023259846839882418 0.0046632354680352164 7.831314719565939 -0.023393499558618313 0.9992451428955588 0.03101432859236445 -0.912659956197158 -0.003938326858712277 -0.03111468985253496 0.9995080618268841 -191.46804793337287
0.9996742146144215 0.025232312716924863 -0.003846430812429057 10.331637208881563 -0.0251237642565969 0.9993448606310052 0.026050834918970336 0.2785946649551719 0.004501233677386218 -0.02594571111671083 0.9996532193566076 -194.14058351425243
0.9996556592752215 0.02491614784362177 -0.00823094500389828 11.815703517339731 -0.024671455871678183 0.9992864161018551 0.028600312227004307 -0.4634787273755139 0.008937681141898723 -0.028387394578317293 0.9995570387350893 -196.89469844704402
0.9995037903915783 0.027013183443648198 -0.016200645453430914 14.319853641472985 -0.02650650627546488 0.9991766832048657 0.030714180190786856 -0.7626935471669807 0.017016994973752034 -0.03026951700908347 0.9993969072506179 -199.37250664096055
0.9992208954833717 0.03113549099890673 -0.024252489143714362 16.782603823315572 -0.030376432212120663 0.9990557723774952 0.0310618100771501 -0.7102784521797052 0.025196713981617193 -0.030300905588175137 0.9992231886445916 -201.89312885852817
0.9988275450194422 0.035720000071731976 -0.03267440749745557 19.358896151578886 -0.03475323422903639 0.9989547458660125 0.02969222831638077 -0.36539450805820334 0.03370086083553426 -0.028521874178353314 0.9990249019280241 -204.4001680343527
0.9984410116481586 0.04004175381219824 -0.038887069967342 22.889249530182823 -0.03866426793850011 0.9986196326346346 0.03555142333925933 -1.0874414545041056 0.04025693286604826 -0.03399245899182153 0.9986109813575594 -206.74242179608038
0.9974987155750754 0.04306356747995003 -0.05605213271566646 26.46053450008253 -0.04156812299467607 0.9987549983766695 0.027577968893999157 0.130931170160754 0.057169953443871005 -0.025179006603094838 0.9980468997245104 -209.0194624784754
0.9915609072601129 0.11301100701149133 -0.06352542394782107 29.821349254087945 -0.11170292499908216 0.9934568273156962 0.02379051925621461 0.20904565661769278 0.06579835666755796 -0.016493773191102973 0.9976966130571805 -211.4899767974527
0.21221215014397693 -0.9708759204917775 -0.11120229467288009 -79.24110346578 0.9771555957188921 0.2121616663453605 0.01242453575861753 -1.3014291171925716 0.011530181547895223 -0.11129858194426286 0.9937201218505486 694.4143270553112
0.9932686123636706 0.09412640402363964 -0.06751061959963699 31.28481331137189 -0.09318015847166722 0.9955034755438815 0.01703784749454754 2.029941061473509 0.06881076776452445 -0.010632508905758443 0.9975730689999733 -215.92411739852326
0.993115476816245 0.03695621370732543 -0.11115704195623818 32.63339398129515 -0.034690458129572214 0.9991504057378516 0.022249468053122043 2.1791674472654723 0.11188485966744027 -0.018240202364694133 0.9935537595897326 -217.25307074498693
0.9959161281789705 0.04825079226189159 -0.07630810362673375 33.426862874585716 -0.046558738162974136 0.9986319697881001 0.02380068943982083 1.283045646105018 0.07735211395741017 -0.020150681458426283 0.9968001808301806 -220.31098094744422
0.9955679314936998 0.04970826418010171 -0.07983471834707638 34.77712864872746 -0.04801324535544017 0.9985815385139802 0.023013891663307615 1.5480912400686908 0.08086545648046574 -0.019078768598978644 0.9965424118104319 -222.3601621432285
0.9956113168111657 0.04956428025284082 -0.07938191204899699 34.941463103988674 -0.04774983054313395 0.9985564585984121 0.024595785706084106 1.195394066518368 0.08048639338819223 -0.02069736974631008 0.9965407966385248 -224.7328226571699
0.9951259952370922 0.0488747011608712 -0.0856476338833847 36.89745395111781 -0.04691208838081913 0.9985915892588789 0.024780916552393156 1.0420178418173058 0.08673816672686244 -0.02064222487674217 0.9960172633970764 -226.6617232656302
0.9948697836205289 0.04694970566319819 -0.08960936768542145 38.27282876255573 -0.04493491418479965 0.9986925817075433 0.024371719872154637 1.1333999578064753 0.09063645583343762 -0.020220098428572048 0.9956787536617884 -228.59038188110947
0.9943588200364407 0.04708788130086921 -0.09504350819668116 40.10916534375603 -0.04542674609494839 0.9987760134134711 0.019567467110457024 2.519007784466139 0.09584856678616764 -0.015139566192232152 0.9952807874065231 -230.24467274675328
0.9940784990620396 0.04468525747342168 -0.0990513274373274 41.44844856273279 -0.04263405567301792 0.9988321517434815 0.022730374839779497 1.6606807696544708 0.09995136316945681 -0.018372817095396236 0.9948226799749524 -232.10190260078195
0.9937832723706302 0.04377079708693712 -0.10236661994368987 42.60830524271348 -0.04165045925111529 0.9988729597753176 0.02276070020600897 1.793836107172681 0.10324750263562238 -0.018355586399535412 0.9944863124485105 -233.83280942853565
0.9935596848807543 0.04248434833573599 -0.10504395616190498 43.517413517445824 -0.03993353459698958 0.9988569635967064 0.02626935646259596 1.0505403083337035 0.10603992358657849 -0.02190539707140098 0.9941205601861863 -235.52534085307795
0.9934222141687085 0.040240513010865724 -0.10720543600379114 44.360255820930085 -0.03726043723761597 0.99886538480957 0.029658099165174794 0.3099326660511565 0.10827725621293834 -0.025468493120952545 0.993794441343453 -237.14666494228072
0.9931065448056591 0.038716436493237305 -0.11063646871366871 45.48283830099638 -0.03531934662402447 0.9988474084000589 0.03250228432799671 -0.33605252896533716 0.11176732267625221 -0.028370623499511808 0.9933293377848212 -238.64986789497993
0.9927838261899037 0.036357597107733584 -0.11427335467328666 46.62647872514201 -0.03270435555366486 0.998897308406877 0.03368371097898723 -0.5718193832752848 0.11537200519863781 -0.029703407044448574 0.9928781435938638 -240.08422350316877
0.99216284738643 0.03477835174911468 -0.12001395966997455 48.25583635672884 -0.03096290647903891 0.9989585855083157 0.033511831665774615 -0.45155959395861395 0.12105446166259928 -0.029533213317209078 0.9922064334717541 -241.34600043605076
0.9913355166284117 0.03148535253395179 -0.12752476640595356 50.32012969346525 -0.02767878529127012 0.9991200218355695 0.03151296260415475 0.143499172896947 0.1284047441330733 -0.02771018843501182 0.9913346393327614 -242.46171309190927
0.990078555430837 0.029583207241435025 -0.13736552669901272 52.952608753877406 -0.025724038090887538 0.9992252556535953 0.029785270324536466 0.6294125059632245 0.1381402473585647 -0.02595616137485379 0.9900724972174497 -243.35117644363348
0.9884379583582291 0.02939539201940085 -0.14874916270232108 55.9354614065842 -0.025671898159557352 0.999308678891941 0.026890852275987403 1.3876395824457812 0.14943679641072732 -0.02276126576597633 0.9885092658438915 -244.09493608082616
0.9860338226941473 0.030035367570910743 -0.16381445967327554 59.947111767840994 -0.026252008739887082 0.999337372987875 0.025212040512696605 1.8148663322792395 0.1644631646913309 -0.020559466057591236 0.9861689387803384 -244.5020644685
0.9834923032146567 0.030760457428163267 -0.17831624652941674 63.66196584329997 -0.02687070449695269 0.999346225320528 0.024188575349738346 2.080041459296877 0.17894371952479088 -0.018997794514697713 0.9836758760111027 -244.85767402167568
0.9803359169221035 0.032186571283612575 -0.19469338617812218 67.88377120752543 -0.028236964273483166 0.9993359615786953 0.02302845509804074 2.4294753877707715 0.19530530930089054 -0.01707807145404215 0.9805937872709035 -244.95971899554007
0.9764592845041634 0.032888239127736245 -0.2131798054054234 72.62832320800509 -0.028225155183387186 0.9992918748352431 0.02488150926167037 1.9296798647901443 0.21384715644705463 -0.01827874764150201 0.9766961047655341 -244.7792043887535
0.9724383052393977 0.03411816147861297 -0.23065058760048135 76.9296326784865 -0.028276797799166187 0.9991913353840877 0.028584926090312594 0.9619862950444688 0.23143933375585296 -0.02127501705481933 0.9726166811442029 -244.6114153204895
0.9668188558297685 0.03520557278468462 -0.25302542887409524 82.60629510085991 -0.027948673793485014 0.9990899892385997 0.03221901668890845 0.09694824903022042 0.2539294619480042 -0.02407822767807196 0.9669229893361105 -243.8473257181885
0.9599813043544582 0.03790596538920772 -0.2774869962319414 88.76521130865562 -0.028615453412913827 0.998888487022905 0.03745592501948265 -1.2645133341211747 0.2785983688320638 -0.028016571542641238 0.959998969063566 -242.8126598127507
0.9513377520233425 0.040822121869023696 -0.3054341761186591 95.8342815401025 -0.029504533883804324 0.998699406577122 0.04158097861767777 -2.3882838513895526 0.3067343542146411 -0.03054586172650741 0.9513048860780188 -241.21446516175178
0.9411299793129131 0.04420281106920833 -0.3351424675150191 103.35138518929648 -0.031410188634148545 0.9985596188410903 0.04349813409680524 -2.9185749267259906 0.33658247442260414 -0.030410509918715897 0.9411628120564692 -239.14677723041524
0.9286471209962478 0.04764558370630918 -0.36789186321345224 111.6667960046704 -0.033474890729341886 0.9984345951678305 0.04480837938052469 -3.2577803350329573 0.3694508849035809 -0.029296032586947584 0.9287883430139643 -236.41524192462342
0.9136134744768687 0.051176785471447515 -0.4033501653441008 120.71093998772311 -0.0353076692359686 0.9982853457492405 0.04668765313702082 -3.7498213853656095 0.4050478832773076 -0.028413114773441717 0.9138538762632918 -232.956715854032
0.8956236247978865 0.05593943477272908 -0.4412812055154878 130.42801758999784 -0.03868463456147448 0.9980974353284218 0.04801050551360831 -4.1150663044391935 0.4431273200252268 -0.02592854080226322 0.8960836395220736 -228.62325963919105
0.8748606729601356 0.059243002789563584 -0.48073804668261333 140.53182776625104 -0.039858029070463125 0.9979312438198338 0.0504437322847701 -4.783096503682468 0.48273195504996025 -0.024969966533321633 0.8754121088635729 -223.56866420035578
0.8555336941579184 0.05957665152914005 -0.5143080018365266 148.8768053339036 -0.04012762889003708 0.9979994412248865 0.0488557950961586 -4.27749027201609 0.5161897631299642 -0.021159818226766228 0.8562128184817379 -218.81216540571845
0.829940453675467 0.05877319477363666 -0.5547472892489518 159.12992740498404 -0.037941086266707134 0.9980788785180317 0.04897985533962393 -4.298071372436368 0.5565602548923723 -0.019602648603909822 0.8305759560942331 -212.32273632855208
0.8025022999203953 0.058964162711526824 -0.5937282931932791 169.03596320645065 -0.03815672012467036 0.9981396538594807 0.04755308720371132 -3.9025239186091496 0.5954276810258349 -0.015506737535819274 0.8032592469179498 -205.41267594474837
0.7724703128798184 0.059915235222608464 -0.6322181429756464 178.70976642193492 -0.038900882472649743 0.9981341879274301 0.047062344111811746 -3.7801815559183387 0.6338582941495714 -0.01176042000393639 0.7733597839680613 -197.86711281636244
0.7397120679503411 0.06182593961974932 -0.6700773162246018 188.28136080111722 -0.03966622890943511 0.998045029349131 0.04829813325167482 -4.10682602478564 0.6717534122077343 -0.009147271813352516 0.7407183544409024 -189.57640085498892
0.7058707556909571 0.06307713543667046 -0.705526577277838 197.2518810027159 -0.03823937832459025 0.9979681132130265 0.05096464417006039 -4.808873848559722 0.7073077309104051 -0.008995554187260772 0.7068485366747519 -180.96590727950635
0.6691190579654929 0.06322219410813157 -0.7404610998827185 206.08806952108282 -0.035944380118647465 0.9979618571953792 0.05272696768291901 -5.216947810839543 0.7422854490054737 -0.008665203708115538 0.6700277803490235 -171.64101858131255
0.6297814888067752 0.06147194602442026 -0.7743361519445495 214.6434495043827 -0.03119013809456289 0.9980609773498212 0.05386520933925407 -5.457322029645668 0.7761458958481735 -0.0097716602218011 0.6304776467207587 -161.59110634491873
0.586523379567786 0.05695074839330108 -0.8079275570729256 223.15245118221102 -0.025336968904044074 0.9983267453653366 0.05197833678572007 -4.876696660251569 0.8095358937237669 -0.010016074365596098 0.5869849359456889 -150.54508306694626
0.5408299301458518 0.05353567521908471 -0.839426541239476 231.10276138878473 -0.020972110804648635 0.9985204707827924 0.05017011058497304 -4.3517713201673995 0.8408704758919953 -0.009528950967843376 0.5411525125753569 -138.87107884099592
0.4937590027865031 0.05418895593102506 -0.8679087533965671 238.28414863393218 -0.020478983966378553 0.9985043363253665 0.05069222381335978 -4.480793396081521 0.8693576124834835 -0.007255852434026863 0.4941302401416784 -126.89592927558108
0.4451863095230546 0.05673247016946936 -0.893638952061577 244.78149834510464 -0.02296715725265008 0.9983860337084542 0.05194071027270802 -4.822447816179583 0.8951433737122648 -0.0025989467812214256 0.4457707773897402 -114.61534706934206
0.39388816142005556 0.05599909224416251 -0.9174509349065803 250.78907997811223 -0.025285280541759395 0.9984247905007372 0.050085849313788657 -4.332592453768851 0.9188105195746579 0.0034697811730421482 0.39468365780401704 -101.62131747484219
0.34107969527485565 0.05509826686457241 -0.93841825560873 256.0752325104857 -0.026951518734568636 0.9984435718148956 0.04882672976366008 -4.010472293419371 0.9396479431729267 0.008637991087843005 0.3420338111954059 -88.25503761883064
0.287900764404025 0.05423812578948964 -0.9561230964506723 260.5008708430317 -0.029912089046445003 0.9984170515652167 0.04763043221194929 -3.671920943159765 0.957192988265405 0.014886801357680932 0.2890674079879662 -74.81081952058291
0.23290156836555267 0.05345860447866777 -0.9710298847409687 264.2159205143162 -0.034656997605790545 0.9983100008189518 0.046647987971793786 -3.353014536589942 0.9718825813696931 0.022788590830890614 0.23436067963317617 -60.79166825329017
0.1771929449395047 0.048156829849764375 -0.9829972431306644 267.1932961945051 -0.035134291301047595 0.9984750209458476 0.04258185202597779 -2.234242565796432 0.9835487999273034 0.026991707726818262 0.17861468549800497 -46.66432385473449
0.12303292226166868 0.04164597009482754 -0.9915283723699564 269.28657879831644 -0.03123928860239819 0.9987864824147055 0.03807452420286993 -0.9732766973276551 0.9919107857500946 0.026290221005529482 0.12418461012585316 -32.97122893630141
0.07032274320983668 0.03921149651824604 -0.9967533146813422 270.5716740811986 -0.027029676825541776 0.9989351127425505 0.03739033432231475 -0.7595481677922364 0.9971580157418131 0.024312529091546145 0.07130773149541769 -19.745511768410253
0.02128422686075203 0.03794073527891184 -0.9990532930196645 271.1594425686037 -0.024225217030329437 0.9990058411663594 0.03742282960076196 -0.7850632983696127 0.9994799250344018 0.02340576685327279 0.022182189505023125 -7.514463037607506
-0.021688872634160975 0.0427827457617094 -0.9988489522790462 271.1428836447032 -0.023109321461113417 0.9987955776306545 0.04328225233343008 -2.368002874526718 0.9994976498548991 0.02402146478749219 -0.02067406984599807 2.894853235526836
-0.05793147714276926 0.0489085387737425 -0.9971218073992133 270.74385140856725 -0.021891652690328143 0.9984968243134141 0.05024785944209016 -4.247579540769785 0.9980805075235878 0.024739577018278378 -0.056773707210414054 11.45756733535817
-0.08891029528393345 0.05086732266521278 -0.994739903129153 270.1927562118863 -0.019679494406676906 0.9984104370381931 0.052813982174245766 -4.950742327247775 0.9958452072949998 0.024271685109961083 -0.08776792357975412 18.622906507872663
-0.11656899260030676 0.047632548905388344 -0.9920397221124392 269.53737343187265 -0.021447637007435075 0.9984956248877476 0.05046271838520362 -4.311267235918205 0.9929509901455092 0.027159296102860525 -0.11537202349031682 24.84705527213038
-0.14234637670951253 0.03981100708775235 -0.9890159719399544 268.8423749890939 -0.026635028571808488 0.9986749431804133 0.044033318255361185 -2.5251276552514703 0.9894584803268162 0.032610451978743134 -0.1410973923610553 30.491452466289633
-0.16599671456558995 0.03385027721798875 -0.9855451534484331 268.05046661175356 -0.03199716666840631 0.9986995408866363 0.039691414159950554 -1.2874030913484358 0.9856070576444876 0.03812329688114351 -0.16469772966342888 35.510258021882855
-0.18863158434678334 0.03587768245249308 -0.9813923360657859 267.1466632371049 -0.033231324086674355 0.9985269176915706 0.04289141807888952 -2.1227724592230195 0.9814855090556707 0.04070364292308176 -0.18716145160401346 40.15041977018999
-0.2082911120000255 0.043641381959270184 -0.9770927501739423 266.1843068168557 -0.030680161283762043 0.9982208839221515 0.05112528342494507 -4.355006128327854 0.9775855667742824 0.04062630530042945 -0.20658161329663663 43.9323365180412
-0.2256228933642999 0.04856072338406102 -0.9730036824875528 265.3241569333402 -0.02613115072613098 0.9980959064921437 0.05587239394686708 -5.720062962211875 0.9738641963598671 0.03803179706564487 -0.22392433869570233 47.00343429191667
-0.23935455200444028 0.04792620869475503 -0.9697486669002956 264.62127216261104 -0.020676425790086 0.9983029035955902 0.054440775978678656 -5.4220032260427145 0.9707120499155765 0.03308158389134951 -0.23795740155737716 49.10804675976137
-0.2503346685255327 0.04376280270586834 -0.9671697735317927 264.09398512700966 -0.01741173862585748 0.9986127929188211 0.04969226475918183 -4.192050748654019 0.9680027815519109 0.029279803930338133 -0.24922541601843998 50.472662329576615
-0.2570609430252694 0.04636495624039708 -0.9652823226413012 263.7604957862759 -0.016671797379408916 0.9984870183372814 0.05239966969423658 -4.968697678927352 0.9662513765801832 0.029562899802814083 -0.25589902737632597 50.42185769026472
-0.2591807415274109 0.052758036112416175 -0.964386817022538 263.56414708669405 -0.018224514650448394 0.9980620404604623 0.05949815507772983 -6.820334727159292 0.9656568802048981 0.03299625762808544 -0.25771697013484385 49.1872565795593
-0.25853242786541836 0.054580023289769325 -0.9644594365755879 263.5694285841313 -0.019445086759082592 0.9979062167536987 0.061685258897499665 -7.356704111810125 0.9658068504328099 0.034701637166105706 -0.2569298037111459 47.16867033510192
-0.2566206105570855 0.052819100998041754 -0.9650678757512693 263.70670147316275 -0.019957738961365157 0.9980031302588902 0.05992862962730788 -6.865334474403184 0.9663061372530234 0.03463949426905222 -0.255054022795026 44.707908295906215
-0.2550583689506837 0.04953990955097162 -0.9656557491103642 263.83670502572454 -0.020418269133096256 0.998188015361819 0.05660194584677525 -5.954275977607558 0.9667100510048633 0.034153818962370505 -0.25358468789826455 42.346792172644896
-0.25384201520582944 0.04912831054962541 -0.9659972258856561 263.91530452955374 -0.019170215792540437 0.9982575512632517 0.05580648862242163 -5.780579840565798 0.9670557037434354 0.03268440680870016 -0.25245790819234104 39.99528755367049
-0.25280954344158735 0.04886193452930458 -0.9662814528381004 263.974365672619 -0.01819440932647627 0.9983072312798553 0.05524160971232783 -5.654703301221191 0.9673449737369376 0.03154652640787052 -0.2514925813169858 37.703681379295325
-0.2518737569892446 0.04828991150062033 -0.9665545483765444 264.0339902523102 -0.018849248787372538 0.9983200324414544 0.05478885512808564 -5.488926469642819 0.9675765170570622 0.03201870193116636 -0.2505403886928581 35.349336654395074
-0.24363436095172822 0.047841819928006624 -0.9686864603315251 264.0924362457751 -0.021756776353659735 0.9982616854226481 0.054774538791585003 -5.157896062344202 0.9696230921581539 0.034420454429164735 -0.2421699640140163 33.05593042294241
-0.2510070059273782 0.0476533772423645 -0.966811583822189 264.1220221489328 -0.021432693104591578 0.9982690372258507 0.0547683209753285 -5.354760981542165 0.9677479644213453 0.034468608233711916 -0.2495511819342344 30.81172163895942
-0.25133704815434804 0.0483869503254833 -0.966689397512592 264.1087046227203 -0.023382559341925076 0.9981546098097438 0.05604133148114297 -5.596084910561055 0.9676171475039496 0.03668893503165779 -0.24974182249387566 28.691376923225725
-0.2523992537485805 0.04610817881507781 -0.9665240051615462 264.12388918473465 -0.02546404020119805 0.998201608012625 0.054269074228718815 -5.004718690604034 0.9672880643137243 0.038309079959811525 -0.2507712404340684 26.77554794143675
-0.25424209773594375 0.043104906282493145 -0.9661795499767133 264.1595045418558 -0.025771248050855906 0.9983496050067286 0.051321622702423325 -4.243771794301977 0.9667971858216841 0.03794776985919095 -0.2527116306187466 25.047407469021575
-0.2554345666881278 0.04618523687322575 -0.9657225823370872 264.1087058917326 -0.02823427882999594 0.9980760132315813 0.05520051911623393 -5.098337942426079 0.9664139939176162 0.04136660134354396 -0.25363910710591514 23.079323468976938
-0.2568835663474412 0.047568185962657904 -0.9652709987484559 264.0897099140545 -0.029437025625631157 0.9979394221655027 0.05701202689168349 -5.4802587007890295 0.9659939414214437 0.04306015991846875 -0.25495397185543156 21.183589178504395
-0.25864794916486017 0.043929718254230136 -0.9649722370342664 264.0966362967576 -0.03075062360204165 0.9980846245047303 0.0536794325169182 -4.524458924772349 0.9654820752043498 0.04355757318029524 -0.2568016749901483 19.421665556224067
-0.2595985312595879 0.04078174826656663 -0.9648551453851438 264.13752924405196 -0.026884930007061915 0.9984154966247971 0.049433760103546484 -3.5799357065580524 0.965342324311112 0.03877299456815261 -0.2580907820628971 17.420599893588548
-0.26053153840574483 0.04273226432523724 -0.9645191916605774 264.1408680682959 -0.021554179557085905 0.9985135783249401 0.05006047587012942 -4.018249007682549 0.9652247069152119 0.03383175263507593 -0.2592232197818749 15.350537727378386
-0.26193425649823593 0.04305469342247784 -0.9641248563578335 264.15934168515656 -0.019732311226303943 0.9985566154086013 0.04995319526704872 -4.085144569405191 0.9648839729036776 0.03210886478865396 -0.26070661601808137 13.276353565111231
-0.26288243532981476 0.03967368901022676 -0.9640118378917272 264.1585768714896 -0.022658576490013786 0.9986247873981396 0.047277086473971434 -3.1929169804449438 0.9645617730899935 0.034271451593724335 -0.26162196677486216 11.311703970261066
-0.2639734943680143 0.03600833679209135 -0.9638575589539189 264.19621844704795 -0.027776606882880972 0.998604637671487 0.0449136697573481 -2.2252535246146117 0.9641298949732935 0.03862871085689446 -0.26260496628266694 9.252596104881883
-0.262281089173739 0.034673803195878095 -0.9643683723732184 264.22950688702446 -0.0330667200098185 0.9984444302262772 0.04489222402506398 -1.838634887983992 0.964424814223291 0.04366288036831487 -0.2607265436972476 6.861234554674454
-0.26431610750487505 0.030877094854048628 -0.9639416996514081 264.2512335447127 -0.03947434715533975 0.998303452830581 0.04280177546784209 -0.8700178676188054 0.9636279215704218 0.0493641679755056 -0.26264882959943875 4.642221899245845
-0.26418057724741845 0.027311537552124697 -0.9640864600863138 264.2838788040045 -0.042447517883546386 0.9983011635275214 0.03991234301720417 0.1771073567042515 0.9635387023004042 0.05146714307338071 -0.26257247066879913 2.3287521417084305
-0.2636757106994332 0.03126956003347189 -0.9641044207981113 264.3006472705865 -0.0337588233627592 0.9985630270423267 0.041619981610125 -0.8475777764375304 0.9640204673306012 0.04352120907532576 -0.2622411922797617 -0.2003866076876738
-0.26303359519150743 0.03331809334721963 -0.9642111970187528 264.3200661838935 -0.022586362292595346 0.9989169581438387 0.04067882706086591 -1.3703236906506953 0.9645222568914715 0.032477921552435715 -0.2619961842710996 -2.6706755569803207
-0.2619222867542321 0.03592994369713588 -0.9644199058746946 264.2982296699306 -0.01691852094148933 0.9989822254112668 0.041812402005936916 -2.058336187527408 0.9649406610515417 0.02726815832201243 -0.26104782740168414 -5.289542615820713
-0.260838057969208 0.037260242709209454 -0.9646632478891809 264.30525307818675 -0.022219013618045055 0.998758474219135 0.04458503795341834 -2.3209953747298897 0.9651268429324166 0.03306334055593037 -0.25968633495544075 -7.911033717629599
-0.259629771012828 0.04053045443533237 -0.9648573284517725 264.26799907612843 -0.029107576218381802 0.9983365017750988 0.04976924984515148 -3.0588636602529777 0.9652694603117398 0.04100623716855112 -0.25801813405797464 -10.60445494277409
-0.2591544314339649 0.04194580237531217 -0.9649246241708362 264.26452869238244 -0.031444338398712336 0.9981604629143417 0.05183573918923551 -3.3480411343943928 0.9653239012118189 0.043774877929223716 -0.2573587492421346 -13.077097837620775
-0.25930304855261704 0.04067849054657229 -0.9649389563170157 264.29297622978766 -0.03111595753627417 0.9982420516035826 0.0504440640399903 -2.984423088421494 0.9652946318082991 0.0431052991768099 -0.257581456989741 -15.304316851898266
-0.2603110361210091 0.037744015550672826 -0.9647867918683988 264.3514873757038 -0.03088671140794636 0.9983986954890041 0.04739257224773292 -2.190343624567225 0.9650306604103358 0.04213590079688479 -0.2587284103689159 -17.238395255383335
-0.2622804135543512 0.03591556034202257 -0.9643231082946614 264.4217394102836 -0.031130709467020713 0.998472106913233 0.0456544701461894 -1.6944458133113924 0.9644894315615068 0.04199433582720279 -0.26076160024933437 -18.97634841642752
-0.2642861372622515 0.03514961945516191 -0.9638035805614936 264.4774233644118 -0.0316027012599217 0.9984833719553947 0.04508020853612553 -1.4521144496257776 0.9639264011967273 0.04237287081071714 -0.2627744905716378 -20.595584633558342
-0.26597379235606317 0.034531533353454026 -0.9633615702237626 264.5209542616237 -0.031232894605753393 0.9985248180160418 0.044415021114225677 -1.2860239886632874 0.9634741553743307 0.041901801993357086 -0.2645029128675709 -22.421493253254926
-0.267550668049797 0.032373411493544946 -0.9629997934861549 264.56254133916957 -0.03171380821765435 0.9985980518656732 0.042381188968887464 -0.6842638099077072 0.9630217413923952 0.041879506185631195 -0.26614889172642914 -24.117524678894004
-0.26871897920092513 0.03034814930038747 -0.9627404115602782 264.61481899077404 -0.033371399921492004 0.998610156397588 0.04079344563608514 -0.06589374157230633 0.962640358537129 0.043089968364177084 -0.2673327416196557 -25.83233348923756
-0.27121154398073466 0.030920804331223073 -0.9620229738790526 264.6645522156943 -0.034194614648204696 0.9985434107703718 0.04173469942545917 -0.1770446367992059 0.9619121720514024 0.04421493714326476 -0.2697591751781028 -27.52416323734454
-0.27285080142960516 0.030559927704193482 -0.9615708663317211 264.73761040296205 -0.033774355089178296 0.9985749757903541 0.041319615966311694 -0.0881464253373638 0.961463329044604 0.043750526214068004 -0.2714298405821657 -29.224926846762813
-0.27452531524034407 0.029853672665333637 -0.961116335060736 264.8150522000064 -0.033117243044903565 0.998631441985832 0.04047828171257739 0.09147453734838791 0.9610094169701432 0.042941836310166126 -0.273160940086639 -30.83266373583603
-0.2754305805476299 0.030964984021721906 -0.9608221297741482 264.8344287710106 -0.032699109178931776 0.9986009517485035 0.041556075679582576 -0.17674239219722176 0.9607646764729123 0.04286384177272729 -0.27403271248225597 -32.76813056593274
-0.2764497943045198 0.03314892480666452 -0.9604564852262444 264.84823907750314 -0.03336298078358299 0.9984714745399323 0.04406388593040905 -0.6741455912125953 0.9604490734766852 0.04422514346179027 -0.2749212868141736 -34.721391100189756
-0.27948632432272724 0.032814556629663386 -0.9595887657688422 264.9097919883674 -0.03412248576596005 0.9984450211082714 0.04408169449165415 -0.5393846656035737 0.9595431467535596 0.045063784764512324 -0.2779320147463666 -36.363702351020194
-0.27855040379683094 0.031150609994387027 -0.9599163047066136 264.94660051025886 -0.03504302112286105 0.9984786968474855 0.042570865769097806 -0.03772021427389275 0.9597820894428096 0.045496499191975466 -0.2770350327053772 -38.26766765020137
-0.279353606688612 0.029807315949219877 -0.959725526567866 265.0034234032871 -0.03611155418462927 0.998484777755305 0.04152233429505268 0.38033362770845824 0.9595089984384905 0.046256594198480556 -0.27785393538462294 -40.07578710905935
-0.28002401460376525 0.028571100268395173 -0.959567737825029 265.04999171050395 -0.037325756378869986 0.9984771551253595 0.040622144250570445 0.7705456119084133 0.959267084370112 0.04719176752593842 -0.27853114354025527 -41.917017290468515
-0.2813331619079329 0.029450527711470123 -0.9591581300434256 265.13178653133707 -0.03667019046655495 0.9984689425717317 0.04141337767962692 0.5525332215649968 0.9589092496905177 0.046823467804133954 -0.2798224682200553 -43.51451927317432
-0.28054073906643023 0.029438093393919947 -0.9593905838507024 265.0759008107918 -0.03436605947210071 0.998580650672067 0.040689778319759465 0.5435792396444451 0.9592267029646437 0.04438561434386121 -0.2791308824886578 -45.666461535838465
-0.28107997837025434 0.030237805860759935 -0.9592078611313111 265.1288872374522 -0.03154668942215687 0.9986722139035913 0.040726104201138626 0.18798280812160026 0.9591657063020338 0.04170712497436161 -0.2797528616126985 -47.47006684962828
-0.2453796643402057 0.029510265499418528 -0.9689777936353556 265.1443767254057 -0.029510321308368434 0.9988459661426655 0.037892965795798 0.7178309596386147 0.9689777919356897 0.03789300925868107 -0.24422563048287269 -49.374408049799385
-0.28142201658725663 0.028713540762486903 -0.9591544094445079 265.1853470866186 -0.029056718601213734 0.99883886329922 0.038426973173178794 0.4934687778177245 0.959144074518574 0.038684076052082794 -0.2802609258814096 -51.19457240518382
-0.28176928906883764 0.030886657559491864 -0.9589849227816069 265.19995540318985 -0.028547353068654458 0.9987693800348911 0.04055581508850547 -0.03585844398758248 0.959057410362078 0.0388038643632583 -0.28054080583769353 -53.08913317080947
-0.281901221815438 0.030994333262373684 -0.9589426742222834 265.22229583701846 -0.028984727182126184 0.9987467754193546 0.04080152178067275 -0.012240400299973763 0.9590055196552004 0.03929669063753224 -0.2806495739811431 -54.92139214375902
-0.28179263512332003 0.028130517919986945 -0.9590628679871871 265.24256648916725 -0.029331029335902228 0.9988503880863979 0.03791560282717507 0.7412171478961782 0.959026903433033 0.03881463874886558 -0.28064358590647176 -56.75475731737794
-0.2813854163565906 0.025623649079419775 -0.9592526653961836 265.2306192112688 -0.03003404311038607 0.9989185047948647 0.035493337865502 1.4681418559352437 0.9591247070721677 0.03879754355943116 -0.2803115175969093 -58.655336174731474
-0.28148883585865114 0.02723075285447822 -0.9591780446746682 265.2500176606466 -0.0312074508381708 0.9988086777678281 0.03751426699092271 1.178069313001938 0.9590568962783826 0.04049334901760296 -0.280303689569392 -60.515159129249895
-0.282824699202851 0.026761425760909417 -0.9587982142307423 265.35776612233974 -0.03189794542746664 0.9987953745568403 0.03728700633421406 1.3659294115528422 0.9586410749588834 0.04112937946413357 -0.28163036687575455 -62.00613217227586
-0.28621796660141374 0.02341788030822639 -0.9578783213312752 265.6061617366456 -0.033005890618355106 0.9988670273278188 0.03428225345241338 2.2629372000009145 0.957595889077977 0.04142782397321773 -0.285120761471 -62.87883572805061
-0.2914853640197522 0.01968334139954712 -0.9563727561121873 265.9372851246308 -0.034038696156288836 0.9989416720044446 0.030933850341405077 3.2050879259213545 0.9559694815872797 0.04157044628475227 -0.29050688162147575 -63.358330939583084
-0.29684829730788054 0.022992685981272767 -0.9546478014308621 266.31247946224977 -0.02966278225612046 0.9990056295403075 0.033284703627936875 2.095674158413756 0.9544638325962058 0.03819801746347828 -0.2958710930922817 -63.58338170066255
-0.3036088248260279 0.024873567029665245 -0.9524720400888307 266.75747131973674 -0.0262068913106388 0.999062967424406 0.03444395402640275 1.351292232291834 0.9524362867591674 0.03541881963534826 -0.30267247459927377 -63.56290425843948
-0.31345337683879054 0.023503769244162215 -0.9493126741910045 267.23330436086775 -0.02510620917016709 0.9991390698424849 0.033027221732958946 1.581907564415326 0.9492716464792694 0.03418613674592951 -0.3125934248267638 -63.41709316795973
-0.31627707572632663 0.01927958368127229 -0.948470932091796 267.6998178650206 -0.026510793508197586 0.9992233818572502 0.029151517581860884 2.6768411610427743 0.9482963614807184 0.03436467376298886 -0.3155203321492835 -63.47240851381439
-0.3225438252137541 0.018496737362639546 -0.946373790594085 268.08294877090725 -0.028324851111059025 0.99917270350298 0.02918238139841907 2.990057665573496 0.9461306377165977 0.036218493639078794 -0.3217530685051821 -63.79948873121213
-0.32702172541792557 0.015834406922597986 -0.9448841530378697 268.39993494405087 -0.02779314741800268 0.999265947910305 0.026364868737023827 3.579714072150602 0.9446080309108557 0.03488318942311477 -0.32634158643113054 -64.40904109898051
-0.33075177449362303 0.013200084042145352 -0.9436254667242718 268.6608426548956 -0.02949609024434937 0.9992690603289263 0.024317190002996147 4.345069121290104 0.943256722387716 0.03587621566755498 -0.3301206640302275 -65.22688206476028
-0.33440966974449804 0.013886749809882528 -0.9423254909855159 268.9972947962151 -0.031871892364427765 0.9991528270196446 0.026034798554288717 4.324026572985787 0.941888717024727 0.03873998500735113 -0.3336837699126886 -66.11563835636746
-0.33639395496321767 0.015754877033575337 -0.9415895554400875 269.1158469049089 -0.033837316436101154 0.9990121815324666 0.02880446434401381 3.987956214820496 0.941113246682145 0.04155051142163385 -0.3355285560425414 -67.58331788008931
-0.33841317196449716 0.015782193841962094 -0.9408652652736536 269.2799253065479 -0.03616903806854174 0.9989023172938258 0.029765100205129614 4.157716476820429 0.9403022523242854 0.044103093571310426 -0.33747087490821515 -69.03034095684376
-0.34017620609454874 0.014786735040590408 -0.9402454473561458 269.4478908231035 -0.036798291284911494 0.9989011828229275 0.029022624165774873 4.458584993064261 0.9396414393616482 0.04447223203074463 -0.3392582880528841 -70.50631170785009
-0.34062149119100127 0.016299383826863287 -0.9400592161271988 269.48782526608943 -0.032623652451292194 0.9990427347230235 0.029142949368243718 3.7928129461136426 0.9396343421988982 0.04059488002208293 -0.33976368063175433 -72.41513818869966
-0.34173255512774986 0.022557981802820426 -0.9395264755305425 269.5828728016944 -0.02665914851733222 0.9990768968650345 0.033684476407742324 1.8049694079594683 0.9394190495014406 0.036558058038092624 -0.3408157241476591 -74.21795320733602
-0.34262572490565985 0.030364812695947596 -0.9389811450624614 269.6218480636198 -0.020058494056183 0.9990132595060538 0.039625296810097216 -0.5973245758540473 0.9392578290592362 0.03241119376126478 -0.3416785698136489 -76.05954983920952
-0.3439043289428493 0.03112660570727073 -0.9384886504116673 269.7437223762718 -0.01826169713689145 0.9990397074693083 0.03982679145147794 -0.9291432686910659 0.9388270996046338 0.030835001488295197 -0.34300565553816725 -77.76997013677921
-0.34487199232379295 0.028970828020275327 -0.9382025367874667 269.8709883924111 -0.020506490644712654 0.9990524830437191 0.03838775801760445 -0.217471538728887 0.9384256991110465 0.032478104131852766 -0.3439511302495524 -79.5905175665742
-0.34610355909643803 0.029123610207223594 -0.9377441771129672 270.0254478509311 -0.02508315097387135 0.9988735511557677 0.04027982545502456 0.16787688126270692 0.9378609502042402 0.037462569719160614 -0.3449831792305773 -81.32656936207101
-0.3458046791284236 0.031904146487797685 -0.93776396248191 269.9726353031082 -0.026279038794462015 0.9987004227653259 0.043667810666421 -0.34849213952292546 0.9379384500130737 0.039744068805853 -0.3445168689365275 -83.51069110326004
-0.347056133156818 0.03181958658307842 -0.9373044085823552 270.0984837479911 -0.02648392008467095 0.9986931727307276 0.04370982404427157 -0.2840534871981874 0.9374703421523187 0.039993257565674664 -0.34575988334984703 -85.23482517548817
-0.3488930855959034 0.03088773297306812 -0.9366533845426247 270.28884570076104 -0.025219112509321906 0.9987853256490771 0.04233048112541232 -0.1689562133920796 0.936823148298339 0.038390379261621865 -0.3476903329006101 -86.76441488067887
-0.35161326994548586 0.029209063305281304 -0.9356895526931306 270.57158429127765 -0.02499887221499793 0.998863708417108 0.04057521897908741 0.22605561665357227 0.9358115006699912 0.03765796898467521 -0.3504835411053252 -88.02090323587568
-0.35312376824363617 0.031077635159026604 -0.9350603108325884 270.69100244946054 -0.02454872879866577 0.9987962433589381 0.04246674188634319 -0.22506705452545522 0.9352544916843671 0.0379505579009607 -0.3519357767252735 -89.67738958912261
-0.3550930387044635 0.028818718460638913 -0.9343866519433575 270.9107929212604 -0.025666165250555432 0.9988473744632107 0.040560701291794295 0.47870948634173144 0.9344785614581865 0.038384944890378726 -0.35394408340979655 -91.22237632663295
-0.35682076474721275 0.028480879924792594 -0.9337386043877183 271.0648124384437 -0.025691077027325784 0.9988579000149229 0.040284787934832235 0.5617839933486323 0.9338195277495487 0.038363199247298675 -0.35568153527716584 -92.78903733020901
-0.35777956206221084 0.024205223009293536 -0.9334923096360478 271.12389158837993 -0.02760358130183372 0.9989529966393869 0.03648222587099287 1.8479997116117959 0.9333980004638353 0.03882032565885367 -0.35673681481710695 -94.41382376246277
-0.3588346870595981 0.022965889735887344 -0.9331185537065906 271.381275427903 -0.025521006316408617 0.9990821142169704 0.03440359411960958 1.9528624844543268 0.9330521666013311 0.0361593274327395 -0.3579192051848766 -96.09728265882418
-0.3600704777698318 0.02190236333625265 -0.9326679674562066 271.433525241326 -0.02554725425526166 0.9991179772013625 0.03332574729956608 2.201616507143751 0.9325752456711587 0.035826723452533266 -0.3591933421543802 -98.17300111019215
-0.36036751413372026 0.023874860080617927 -0.9325048234798649 271.40631683152463 -0.0251209271887392 0.9990614458863745 0.03528691486380034 1.7432539745046456 0.932472087396862 0.03614164356470173 -0.35942953109918646 -100.17788776303134
-0.36159494093405015 0.02226193890313252 -0.9320694742170104 271.5666922298296 -0.027054208959216296 0.999043368345614 0.03435721092058763 2.364526900055118 0.9319426851842831 0.03763979597346245 -0.36064674862056395 -102.0455271686911
-0.36318024720996167 0.01910545073179452 -0.9315229947719198 271.79354870137445 -0.0298271439642139 0.99903888928655 0.032119140337729356 3.4029444173612253 0.9312413486950896 0.039449707799065724 -0.3622613297539763 -103.9130188254455
-0.36462579938194756 0.01574557893262548 -0.9310210003910504 271.9736842515191 -0.032659423487068164 0.9990255637400207 0.029686445584252187 4.527911819159676 0.9305812100416428 0.04123105307909181 -0.36375625325129607 -105.63537000515325
-0.36657920304231045 0.016590196404275177 -0.9302389226860656 272.1915811642274 -0.03344402064609588 0.9989598605411438 0.030995072360643146 4.4638558573119775 0.929785558814444 0.04247307866031808 -0.36564306667736285 -107.31343550548547
-0.3684861056919392 0.017081509939580013 -0.9294763105804111 272.43022464066496 -0.032936967293184675 0.9989635519331761 0.031416207514270884 4.327741178964238 0.9290495929160707 0.04219056680392048 -0.36754157584584524 -109.05145219499357
-0.3703663176048139 0.016451287855459584 -0.9287400852293104 272.6610229993229 -0.03181612729313499 0.999031799914169 0.03038415383587424 4.351224079417723 0.9283407374600756 0.04080217994362371 -0.36948431263577486 -110.78197443341037
-0.3715242360002671 0.01831315928784432 -0.9282426246738059 272.81869301454344 -0.02795156736435897 0.9991315980554784 0.030899185247866657 3.4831506010435422 0.9280023986748599 0.03742563244628364 -0.37068972212579915 -112.74417225551642
-0.3735209242178108 0.020044049760171562 -0.927405173179816 272.83354940674644 -0.02420163934396644 0.999215624452631 0.03134352409675188 2.6527879733772086 0.9273059903961244 0.03415218761588863 -0.3727428446751354 -115.00840548651823
-0.3731374786766663 0.020690108527331396 -0.9275453311919303 272.98834303897917 -0.020524421704227604 0.9993225587762218 0.030547858102516402 2.0959692904181337 0.9275490122470765 0.030435882278516173 -0.3724600474539529 -117.00594748836383
-0.3731817418895911 0.022859591056781634 -0.9274765908727656 273.00851212378063 -0.018753412882887108 0.9993062778327126 0.03217565212040461 1.3986612111467194 0.9275687020514947 0.029400717352575646 -0.3724941620933936 -119.39274806164691
-0.3729662699104396 0.02636510463368468 -0.927470238210773 272.96157858759307 -0.018679358184695148 0.9991802546446387 0.0359151821112285 0.6407302861984787 0.9276568563250643 0.0307197002903626 -0.3721680493099445 -121.86571022360452
-0.37256666849192027 0.027405083210999392 -0.9276006893825758 272.91197388343414 -0.01983653039824532 0.9991002989907702 0.03748472513321801 0.5874666500378087 0.9277933981175933 0.03236593843458916 -0.3716878481180913 -124.41615251254379
-0.3720049877402557 0.02711155329118006 -0.9278347119905094 272.86452729098437 -0.021224214553097347 0.9990635890307812 0.037702490495165907 0.8715338443563846 0.9279880504688495 0.03371807751152916 -0.37108121676521194 -127.00865709373876
-0.3708643857322023 0.025658208658056944 -0.9283325178641196 272.7461496243074 -0.024096374735787247 0.999015855820202 0.03723821349664574 1.6434390733696367 0.9283743706716966 0.036179775404068866 -0.3698811318946161 -129.78105435246098
-0.3691614821508544 0.0260920524096475 -0.9289989262088717 272.5039924963177 -0.02697782125874982 0.9988837183196542 0.03877517809156419 2.0060247532742363 0.9289736257054423 0.039376669195778626 -0.3680454872250587 -132.71986019455628
-0.3676282391673269 0.026899640856780132 -0.9295837170951884 272.29954694130055 -0.02992155339346073 0.9987219214719416 0.04073357600206369 2.3129357954267507 0.9294913546716039 0.04278940164538253 -0.36635350236837805 -135.65971744948345
-0.36607067889557526 0.0252207668841481 -0.9302452208803376 272.0977967807777 -0.030521346664733093 0.9987694770720864 0.039089372813108134 2.8310685404347646 0.9300863967668294 0.04270181011299673 -0.36485044876273587 -138.55343471804989
-0.3649442398257137 0.026254576337826938 -0.9306591207522512 271.9469003033297 -0.02621624304901893 0.9989161630579665 0.038460470381220774 2.0133592862071836 0.930660201372352 0.03843431283204127 -0.3638604034223868 -141.38065772319277
-0.36314433009444713 0.027376814032198306 -0.9313306102419816 271.68115565343413 -0.019951011636407667 0.9991105764658186 0.03714852794962649 0.8546095672897639 0.9315192712203755 0.03207126513854239 -0.3622751458456323 -144.3941181412632
-0.361905047091085 0.02500952947927726 -0.9318794237052477 271.51381609253 -0.01733925884783416 0.9992865365955711 0.03355246461045523 0.9959967034041703 0.9320536931918715 0.028300904827464578 -0.3612131943788037 -147.22658084201186
-0.35994507587825425 0.023939761963022062 -0.932666301604251 271.23378927001306 -0.020025755141104815 0.9992421786012649 0.033377202327740114 1.6902363690791178 0.9327585494017337 0.0306913066087488 -0.35919288998617643 -150.21915978065124
-0.3592473435869221 0.02413043739343902 -0.9329303661672403 271.1094897086988 -0.022596320590938506 0.9991476814359475 0.034544420344278716 2.1256880737216193 0.9329687842695977 0.03349078488736878 -0.35839589130755467 -152.94867168313556
-0.3589333121635027 0.02570937443921893 -0.9330090597016096 271.0792665550648 -0.023478778624680636 0.9990555480740129 0.03656171244385753 1.9691383559559528 0.933067856253569 0.03502912971339886 -0.3579906921944914 -155.60194425908702
-0.35804060519898623 0.02503925147725575 -0.9333702164276523 270.9349477860159 -0.023892504531948352 0.9990673320916703 0.03596684826925237 2.2274408627495124 0.9334002749388575 0.03517814424740653 -0.35710842178724117 -158.36656789693376
-0.35780897917417226 0.024065501325633037 -0.933484646937636 270.9276208138876 -0.0239881588982662 0.9991010629933111 0.034951883472962054 2.487297753854835 0.9334866376413796 0.034898675785507115 -0.35691004437170126 -160.96123800214338
-0.3570863147018195 0.026857371173966322 -0.9336851961267764 270.80613214182745 -0.025146574670694043 0.9989478368711344 0.03835190989785058 2.1575884422639846 0.9337328384688012 0.037173926670523307 -0.35603523075798305 -163.6617792384521
-0.35811750109571105 0.02970105028500626 -0.9332039986095918 270.547393341252 -0.025567447294884485 0.9988071397379986 0.0416005197950969 1.653085863931402 0.9333263957736259 0.03875751824312896 -0.356930936921762 -166.5921331698702
-0.35113337430279884 0.032463316208813556 -0.935762516107296 270.5534780454036 -0.023756975171285326 0.9987681502881625 0.043563609821429816 1.0192177754519023 0.936024016562311 0.03752752417478972 -0.34992960055969696 -169.17782764734253
-0.3550625699412843 0.0321343961357312 -0.9342900791572618 270.4283428836063 -0.021308810585629858 0.998871171291368 0.04245371308185332 0.5193875075920279 0.934599650127324 0.034982334799187983 -0.35397701935843406 -171.88892727220514
-0.3542220977739979 0.029235047937697455 -0.934704240613398 270.3023992255613 -0.020659944760822155 0.9990226312790009 0.03907619319817179 1.037584086042992 0.9349330843066087 0.03315258910645746 -0.3532718976998741 -174.61829348034126
-0.35353840424148747 0.02469480756680469 -0.9350939862952928 270.2183914918038 -0.02561587607671548 0.999020989413768 0.036067847226568445 2.9363458139412346 0.9350692079301967 0.036704620825928874 -0.3525597072707257 -177.3118119938237
-0.3534537090959209 0.018848301681865444 -0.9352621114158561 270.35236325922284 -0.028785892261188425 0.9991043615767936 0.031013659651099 4.785925180973462 0.9350090095464658 0.037884247411507886 -0.35259457719170934 -179.59583667632864
-0.35448689868088445 0.01583894408155461 -0.9349268241493501 270.464794254171 -0.029817295745144905 0.9991565685756931 0.02823261140052496 5.659790541063673 0.9345854522396843 0.03788508047276493 -0.35371563881106133 -181.8979964724166
-0.35509024524626703 0.01335106978019765 -0.934736683064632 270.59425810307636 -0.025713506369761274 0.9993801947278667 0.024042503527365398 5.383806901206691 0.9344783214826966 0.03257261612789836 -0.35452685562234404 -184.17254701800175
-0.3559526899362229 0.011799142300271511 -0.9344294851769958 270.76900616332307 -0.02310981978888812 0.9995033493486807 0.021424072210828392 5.176130709273666 0.9342181858412372 0.029220453140696122 -0.3555032297487044 -186.36656149568495
-0.3564143273164128 0.013353023898586228 -0.9342325856211358 270.88256938004116 -0.022838520027079545 0.9994745965945286 0.022998538326968476 4.878071972836049 0.9340488366710606 0.02953349818372582 -0.35592210271135205 -188.6332243964574
-0.35670215128998617 0.014362057484446378 -0.9341077596133699 270.94598558560887 -0.02327795738318888 0.9994347443174125 0.024255484972566375 4.8122262772374595 0.9339281085635885 0.030396104289882424 -0.35616620400992055 -190.97667112057928
-0.35730261464871105 0.015499047983679117 -0.9338600650401505 271.06745598838324 -0.02224521458692422 0.9994374465272573 0.02509862360880978 4.418353081423639 0.933723723589144 0.029741721380488757 -0.3567568331737305 -193.20059900141865
-0.3578339298394018 0.016821290160545954 -0.9336337198564675 271.1834023724756 -0.01888168820017222 0.9995029663165058 0.02524484452749808 3.4981715837330194 0.9335943233045076 0.026662042716956113 -0.3573384599672384 -195.46358951210047
-0.3581600191032597 0.01647576584189113 -0.9335148364412191 271.25229940210824 -0.01773287695196312 0.999543897665176 0.0244446663981118 3.363211272934988 0.9334918027443837 0.02530900591156465 -0.35770449875394245 -197.73504389005052
-0.35902186894279164 0.014621358569841519 -0.9332146127737161 271.44700208057947 -0.017819496023715877 0.9995876467602889 0.022516705036223595 3.7761477552207285 0.9331590235229393 0.02471340360613335 -0.3586132798711094 -199.8321505311044
-0.361179550140472 0.012791461634277645 -0.9324085537303833 271.942139900679 -0.01942174684469872 0.9995858220274375 0.021236293255486285 4.512570444639424 0.932294013876431 0.025779117731050846 -0.36078152499702903 -201.55221814063418
-0.3639456120333683 0.012334557355523202 -0.931338526088393 272.5400386295503 -0.018438989077099913 0.9996209429533152 0.0204444146636477 4.42299975444951 0.9312376684624991 0.024613595917051444 -0.3635802191161678 -203.05396223604282
-0.3665073984408319 0.012386324647724755 -0.930332685575356 273.11088267050263 -0.015556091307498436 0.9996900359374664 0.019438108719197093 3.793524978637815 0.9302850826017612 0.02159655086044345 -0.36620111152147833 -204.69469337345885
-0.3697376734777478 0.010304247545640148 -0.9290790468489646 273.83246739432656 -0.0151154502833172 0.9997394662677406 0.017103296449085058 4.134072936981659 0.929013227017783 0.020367181179802192 -0.3694855910002367 -205.99614603516184
-0.37276509122289636 0.010247334159818294 -0.9278691604467748 274.51308792618227 -0.015070877427028135 0.999740269176381 0.017095696555465185 4.163711318623185 0.92780334954082 0.02035648127142978 -0.37251383632166024 -207.4051222000402
-0.37512948316813705 0.011889695375610614 -0.9268961678644925 275.0220977300016 -0.01587741890004786 0.9996886379739569 0.01924927725518099 4.057477647558064 0.9268364356384997 0.021937690162129847 -0.3748239044181569 -209.01141216036848
-0.3771905728016458 0.01363299776590839 -0.9260353196079948 275.4894098184929 -0.014484629150300639 0.9996825155719665 0.02061707006544158 3.4427326800638367 0.926022390284352 0.021189842652077507 -0.3768733517515342 -210.6928192820243
-0.37889316419658564 0.008674614101907025 -0.9253997629107553 275.91222450935584 -0.01161442039698813 0.9998327424115039 0.014127718879323103 3.7656770469731824 0.9253675352874344 0.016100877990785228 -0.3787290408246833 -212.4653249328938
-0.3802141076705667 0.006789982072123759 -0.9248735743179901 276.2267615411934 -0.00567993032393222 0.999937054019378 0.009676073096139529 2.7877564174982394 0.924881057606755 0.0089321969585762 -0.3801516080956428 -214.3331553352867
-0.38280862892319406 0.010834905106874898 -0.923764124900545 276.82993734884053 -0.0015658432161455068 0.9999221752832504 0.012377055863006426 1.0691416497843003 0.9238263374449589 0.0061845135733173805 -0.38276187118741944 -215.81461452731307
-0.3854586044451571 0.012676116209114203 -0.9226380548931661 277.4485087260877 -0.0023903540026379835 0.9998885605814013 0.014736099422708955 0.9247214148995647 0.9227220331535029 0.007885587885942484 -0.38538534875726543 -217.2975336801273
-0.388597559570292 0.010781949592300676 -0.9213444992287101 278.20879690916803 -0.010470814457654378 0.9998152924359156 0.016116546028161836 3.2332164959281586 0.9213480877174527 0.015910077758250284 -0.3884128868679819 -218.61328342648383
-0.3905752566505592 0.009413253806874154 -0.920522872907087 278.6983243789411 -0.012821787109675065 0.9997950972772294 0.01566413852496913 4.096582302940608 0.9204817057756575 0.01792077323060088 -0.39037453198070365 -220.24683026793292
-0.3920780331748756 0.008994054744825512 -0.9198879947477129 279.06624300404155 -0.01003562968194581 0.999850884306102 0.014053301718570055 3.539326419765249 0.9198772211760698 0.014741646161585808 -0.39192930718413826 -222.03794494190367
-0.39455798287135346 0.00642701209355938 -0.9188485684094186 279.6870375974677 -0.007313532589987924 0.9999218984521168 0.010134556574927232 3.36371424849727 0.9188419398316253 0.010718699149824934 -0.3944801631197589 -223.51560008357797
-0.39765533522983365 0.0055828002012998194 -0.9175178835887401 280.2432667908718 -0.005296791645015009 0.9999508583775425 0.008380025553951453 3.033641111212398 0.9175195792796564 0.00819226293083583 -0.39760622287201963 -225.0641603208656
-0.3986014787335414 0.00934640072019171 -0.9170766085475149 280.6862300694216 -0.0003265269596352625 0.9999465609129966 0.010332894000028865 1.1925434019241168 0.9171241761787653 0.004418157064750082 -0.3985771259826289 -226.71400134501985
-0.40034095808443043 0.009863089322251155 -0.916313176129789 281.1220201827425 0.004434446277003628 0.999951218116133 0.008825931921247622 -0.08352310154964274 0.9163555276017364 -0.0005299595111178815 -0.4003651660380307 -228.40182256540123
-0.40324415000021324 0.008753233607025797 -0.9150505649372752 281.87603073696755 0.006327960282147492 0.9999570148062908 0.006776832472420819 -0.3465078607016899 0.9150705505092344 -0.0030576855810445233 -0.403282206586919 -229.6950292362889
-0.4052806200116781 0.009735647561758404 -0.9141404904113498 282.3931538294401 0.004339892251314023 0.9999525145732531 0.008725476140318027 0.014575367795839705 0.9141820302205667 -0.0004310048509034237 -0.40530362674989934 -231.19427010818967
-0.4089639324239119 0.013738449105629828 -0.9124471255873089 283.32853279718273 0.002456829806866956 0.9998996194683547 0.013954030756025129 -0.21018494477162272 0.912547240401104 0.0034649679958152716 -0.4089566334382141 -232.32578945736236
-0.4142815554344496 0.015617152442690256 -0.910014778658234 284.66756311966486 0.0015158363582565056 0.9998632277859554 0.016469000017767344 -0.26915589019380337 0.9101475128059999 0.005443369455769737 -0.41424856627636014 -232.79937749975642
-0.42013145274563674 0.013898840835470029 -0.90735681219533 286.177313358567 1.76465417137733e-05 0.9998828258797249 0.015307978291594106 0.4468227395254305 0.9074632566128727 0.006415351448410423 -0.42008246947873584 -233.1366539029165
-0.4279512975810461 0.012277323273498893 -0.9037184042786433 288.2004039818392 -0.00019232016829515315 0.9999064723608011 0.013675143287443629 0.8219637133811641 0.9038017757847414 0.00602609859007053 -0.4279089111296129 -232.81806965713278
-0.43756268713717994 0.011159489301461715 -0.8991186576997615 290.6890170498825 0.000263382119415464 0.9999245328916619 0.012282473336067683 0.9038311521406193 0.8991878699444013 0.005137540259949588 -0.4375326047564088 -231.90797390819242
-0.44840548485437903 0.01061281713727973 -0.8937672455762293 293.45719116305133 0.0007398598750714674 0.9999335729543437 0.011502273085156013 0.9180551482189567 0.8938299467795172 0.004496419817021856 -0.4483835506003254 -230.49678861484634
-0.4595911781859972 0.011083636687725424 -0.888061429142929 296.319551323075 0.0018852788800774456 0.9999320473777222 0.01150418839122881 0.5478235465632701 0.8881285912845904 0.003612980040223963 -0.4595808435064256 -228.94382976961143
-0.47039217362442187 0.013936630086524597 -0.8823474221273178 299.09071093242477 0.0028054444090859585 0.999893847758047 0.014297646564215689 -0.1878824916136019 0.8824530199815508 0.004250124402776674 -0.4703813388815522 -227.44452678917173
-0.480254480539444 0.016755259902667304 -0.8769691529280735 301.58548828971817 0.003431421274146098 0.9998457715495017 0.017223776084866044 -0.8129291640739756 0.8771224881792897 0.005262545028437767 -0.4802379059903492 -226.18454570586965
-0.4899245011692069 0.019731586236865682 -0.8715415352458429 304.0800550987573 0.0043381146678525394 0.999786619731142 0.02019642957815182 -1.5659514099001859 0.8717540730706295 0.006113878568782333 -0.48990555883110143 -224.95487706867104
-0.4978436402713988 0.025067701334008832 -0.8669044469785299 306.08507124671837 0.006425973685252323 0.9996613663703617 0.025216253661813987 -3.0289187316535866 0.8672429974946574 0.00698304635309221 -0.49783613806162375 -224.31635635650585
-0.5047858268285176 0.02965576105610175 -0.8627350722378412 307.8478004783218 0.007794428265196699 0.9995255713995117 0.02979729864430223 -4.1791286030802235 0.8632094276136403 0.008316727400993222 -0.5047774916973508 -223.9691350974932
-0.5106046528567046 0.02919909718873457 -0.8593196734652635 309.3657598013589 0.007977725221343678 0.9995410694051168 0.029223389138985475 -4.121488674120065 0.8597786019559785 0.008066182234407433 -0.510603263133702 -224.01690046511115
-0.5147093276003931 0.03246898719704442 -0.8567497142990765 310.4210844448076 0.007190120292408836 0.9994109771257308 0.03355593793612111 -4.469166450701457 0.8573345964390635 0.011111420745804157 -0.5146396079565562 -224.63285623665547
-0.5165545803933667 0.03850332614845718 -0.8553881337440556 310.8576581719234 0.0062912760496793875 0.9991321662538715 0.04117443627438108 -5.256779969533851 0.8562311518044059 0.01588736077364241 -0.5163485319504147 -226.07871910142362
-0.5176509533088497 0.04448870285600749 -0.8544344596612597 311.10131504810846 0.006762479091008657 0.998828762397806 0.04791004365903847 -6.3916774489311265 0.8555651695896594 0.019022584605073327 -0.5173455149703726 -227.77135008759421
-0.5184107140869609 0.045882062378809985 -0.8538999753318385 311.29499187825746 0.005783252130100083 0.9987248134688669 0.05015277615822763 -6.319809755649903 0.8551122063885225 0.02106141765040003 -0.5180149912617477 -229.5578524042408
-0.5180205146872331 0.04858648783214663 -0.8539871776340151 311.1724079224431 0.01158390083969154 0.9986923992770145 0.049792618606143105 -8.31710697951019 0.8552897518411584 0.01590109513389887 -0.5179059717449032 -231.68737773922777
-0.5168642222136781 0.04846155418953611 -0.8546945966606927 310.8804667329787 0.014506157354220908 0.9987488518306107 0.047857103609098575 -9.060355243746509 0.8559444767006001 0.012337290325353769 -0.516920539418936 -234.11029368231962
-0.5162626513996347 0.04957591021955941 -0.8549942127849297 310.72575699971276 0.014882039015320026 0.9986917265655024 0.04892198078943941 -9.33101541671607 0.8563009982970742 0.01253253428153982 -0.5163250293176926 -236.3690333709171
-0.5147485325386304 0.050728108372498554 -0.8558391246433379 310.30419873261417 0.013761409693541542 0.998608246512756 0.050913589541159834 -9.185628598983726 0.8572307576449723 0.014430142676607246 -0.5147302197557082 -238.9308002196147
-0.512865516970307 0.05265608910775814 -0.856852553116728 309.7713575157364 0.011792358623662316 0.9984550475290656 0.05429970848744062 -8.893667871993634 0.8583879669362043 0.017744135470795078 -0.5126941036090853 -241.64448127605237
-0.5115949152382213 0.05328515507986882 -0.8575729327296375 309.42308434655916 0.01256870349752497 0.9984325101506683 0.05453943863505292 -9.172383747022849 0.8591348383081601 0.01712351956665832 -0.5114627207166342 -244.07992482901034
-0.5092033021123811 0.054555486646844405 -0.8589154184170716 308.73295784711644 0.015094851993494814 0.9984015070540366 0.05446628457608414 -10.065426604702033 0.8605138828404465 0.014769210843998334 -0.5092128512222603 -246.84676390818285
-0.5053191346834557 0.05618904018437777 -0.8611012506586678 307.6218499086121 0.01696066404661827 0.9983317713540256 0.055190671134092664 -10.826522821793363 0.8627658477233909 0.013284053157534389 -0.5054291502612869 -250.16742531905703
-0.5006097066483933 0.057494261907581175 -0.8637617330358599 306.2726870318232 0.016424090530966294 0.9982432507125049 0.056926809652060484 -10.832980769463752 0.8655172851304821 0.014311612579781627 -0.5006745518655068 -253.7846777828143
-0.4952552806115908 0.05986088840470597 -0.8666826876462537 304.68006900275356 0.015806087453808147 0.9980789880401397 0.059904100295166414 -10.989325428039763 0.8686036925006346 0.015968959645829346 -0.49525005573153935 -257.59362455981557
-0.4905135998028327 0.060159954668081196 -0.8693544664075759 303.26519638419194 0.013959665049039942 0.9980286427326983 0.0611878749169049 -10.425248860311953 0.8713217179435992 0.01787758762983987 -0.4903864350696829 -261.1707515493301
-0.4868136507330034 0.060184284538895065 -0.87143004386729 302.1789518344092 0.013241495236448346 0.9980174144948678 0.06152969339174862 -10.165394378907228 0.8734054798682618 0.01841445789375281 -0.48664543096239044 -264.35198439503705
-0.4831958718632056 0.061549990702701535 -0.8733460643174928 301.0848799556644 0.012326998265228133 0.997905178085335 0.0635082724079736 -10.053055401703048 0.8754254934191292 0.019921199636911212 -0.4829423891903678 -267.47288119129695
-0.4798908323546783 0.06420097779965818 -0.8749760130835028 300.0776918581947 0.011628787952722274 0.997696768204845 0.06682761408548663 -10.196455043180597 0.8772511386784773 0.021895048827894992 -0.47953211208858515 -270.49006601520426
-0.47648220041965567 0.06683801283873089 -0.8766398306733575 299.02502690425416 0.011208308512151176 0.9974868475616414 0.06995972242537751 -10.43324781531012 0.8791126699709996 0.023508912805765263 -0.476033869084072 -273.51929372218416
-0.4729800227414004 0.06579091650696439 -0.8786133696869847 297.94282631328275 0.009647665028498863 0.9975351427434691 0.06950224133986584 -9.732555624648308 0.8810203293040646 0.02439660420920738 -0.47244892322452914 -276.5152146085575
-0.4694285276939619 0.06364944976159578 -0.8806733815280926 296.87149001112044 0.009759468461419278 0.99771154502286 0.06690609616057458 -9.385527571968948 0.8829165363512169 0.02281272612257427 -0.4689754464408841 -279.4561196268274
-0.4651474439948867 0.06382421123429072 -0.8829294000118834 295.53475440317135 0.012555668901699495 0.9977728341683493 0.06551127058827982 -10.228912120079157 0.8851441749926702 0.019386630856870358 -0.4649128391651115 -282.64713969483586
-0.4597363720553447 0.06665011661174182 -0.8855508060890864 293.78432406635073 0.016493482294001206 0.9976484699939752 0.06652439673155766 -11.876538740502967 0.8879022655963926 0.015977868265867914 -0.45975458069982444 -286.1332361273146
-0.4532132201941401 0.06605044715347116 -0.8889516946786729 291.68439946961826 0.01703895561806048 0.9977107282234265 0.06544445568057049 -11.922680705619584 0.8912392782147247 0.01451348403061448 -0.4533011225979806 -290.0033618767163
-0.4463847169927805 0.06395118411349629 -0.8925530407128515 289.59601081580416 0.01574327475968864 0.9978498755426217 0.0636221280641868 -11.182376239581778 0.8947026510160325 0.014348237872872475 -0.4464317353580805 -294.02710166661205
-0.4361590040187578 0.0633671394208768 -0.8976357439713397 286.23570816710884 0.013160296107903674 0.9978600560599316 0.06404775660726587 -10.166872536822305 0.8997733769231661 0.016121853543759668 -0.4360595785194909 -299.0208717087861
-0.42456714220295894 0.0651906241102615 -0.9030464685107444 282.38555956292095 0.012291813920968477 0.9977275658941354 0.06624662682352633 -10.06575030980468 0.9053130138643455 0.017026061878128655 -0.4244036523697427 -304.3906804053491
-0.4121251227326576 0.06537928088805299 -0.9087785389428784 278.2318076586253 0.011496710637255325 0.9977159262701645 0.06656392499988668 -9.775816781436347 0.9110547233054198 0.01698470186457177 -0.4119354452404606 -309.94420604613316
-0.3968959612867815 0.06545700124289464 -0.9155266117937421 273.01386256530907 0.01068960460177534 0.9977158706116889 0.06669912955216756 -9.43298351261677 0.9178013555599595 0.016685997658120944 -0.39668910901920895 -316.15437155117365
-0.37919093459717473 0.06580232135544531 -0.9229757795432965 266.9380047477934 0.009896434914941393 0.9976996042195001 0.06706385253045721 -9.13514308373828 0.9252655271300749 0.016295835188393636 -0.37896985376176984 -323.0558939049577
-0.3588293881354168 0.06550271079455633 -0.9311019627779373 259.81763853478606 0.008811700955265702 0.9977278794222773 0.06679395593765447 -8.634374635734355 0.9333615720269597 0.01576304228539243 -0.35859127479802344 -330.4613505486312
-0.33742747855001143 0.0630310717388635 -0.9392389369669636 252.27512767896204 0.008026557919803824 0.9979121664435138 0.06408496260413012 -7.962622720215194 0.941317306272089 0.014085171616383087 -0.3372289086854735 -337.97306651326943
-0.3163889475828463 0.05833677550688876 -0.9468341219405212 244.77086659521598 0.007301095505916896 0.9982275244129619 0.05906355482684052 -7.003015019262142 0.9486014589129792 0.01177412959961711 -0.31625407826673 -345.09244890390744
-0.29676371889369196 0.052961484290493216 -0.9534811882413482 237.7097002825767 0.007313852911601252 0.9985576843583475 0.05318889512371859 -6.258564133750773 0.9549229302430501 0.008810913155985277 -0.29672304444613745 -351.65561853519927
-0.27809604091754814 0.04666271786367966 -0.9594191903373415 230.89046453809598 0.006072081279616014 0.99888478678564 0.046822137468726585 -4.938766662761124 0.9605340815686443 0.007195379752398329 -0.2780692443534517 -357.834091776642
-0.2635463737081155 0.04044953048155861 -0.963798290302034 225.54827599481726 0.00407166121482061 0.9991582133878798 0.04082016896696265 -3.3654907441621607 0.9646381344733651 0.006833747387862344 -0.2634892206834747 -362.90656265199857
-0.2542698744708576 0.03277136399134292 -0.9665779164861577 222.13660700180117 0.0007951757725616244 0.9994324828893526 0.033676101928750424 -1.1365280959065183 0.967132978773894 0.0077942188686082915 -0.2541516309610528 -366.68688680668953
-0.25177552353185784 0.024702207334922954 -0.9674703544311016 221.24536762535612 -0.004065160132493344 0.999638384627962 0.02658146819676855 1.7654375239063755 0.9677771232176116 0.010625484985689349 -0.2515840592038033 -368.8475285334086
-0.2572742975544735 0.015856195094955915 -0.9662083196158906 223.35694936700781 -0.00975723210383821 0.9997717757340858 0.01900507477451771 5.087136072485599 0.966289155604845 0.014317036097736026 -0.2570608687409503 -369.16045353032325
-0.2698192020721295 0.01301158028038743 -0.9628230870579321 228.15299500485946 -0.013715118062163828 0.9997553341668399 0.017354173604387332 6.964448109724732 0.9628133223682046 0.01788772158653358 -0.2695747311725311 -367.76701489726065
-0.28272687647642974 0.012960199126591498 -0.9591128956262034 233.0717068402285 -0.015415892077313033 0.999718176846468 0.018053175738206223 7.612071778995919 0.9590765681577995 0.019889698875875862 -0.2824474044654769 -366.2579888777263
-0.2950896843646608 0.017026417160598134 -0.9553178420296765 237.7764156701327 -0.015387619374931915 0.9996268558126904 0.02256923366014802 7.083286300477085 0.9553456439171829 0.021360015372359355 -0.2947175773376191 -364.77844390110874
-0.3068596417143549 0.018051525620931617 -0.9515835763135545 242.24404713846855 -0.015153372280333026 0.9996007215518167 0.023848957663203326 6.854424672118155 0.9516341395701771 0.021737982791521376 -0.3064635777848391 -363.32843571140876
-0.32022398541403796 0.01512979056865808 -0.9472210347130698 247.3409015896642 -0.01615382456844432 0.9996398795595673 0.02142813911533295 7.582956715356866 0.9472041243139528 0.022163046529813595 -0.31986426222877007 -361.43285802933866
-0.3354724639413457 0.01099502960506557 -0.941985846635238 253.13228060868124 -0.017990810080431203 0.9996747504465922 0.018075510288609604 8.764296348200853 0.9418782069300533 0.023010924438785774 -0.3351655421828147 -358.8899327373411
-0.3518036249133936 0.012041360252759304 -0.9359963756025232 259.3231305885222 -0.01777729205695731 0.9996509774817213 0.019542034360856917 8.51982404818098 0.9359050044662215 0.023514439459671122 -0.3514667747483104 -355.9495356155347
-0.36593965681131974 0.01420690596441662 -0.9305301345984083 264.6432195491773 -0.018002304989391368 0.9995883174479339 0.022340828916534446 8.312557793967779 0.9304644456334066 0.024927082551456967 -0.36553324878537435 -353.48979327319495
-0.37979976995694625 0.01605055143200499 -0.9249294646292654 269.8905110182339 -0.01855920764509557 0.99951601622675 0.02496575890682254 8.266746704433038 0.9248825279743569 0.026647947480733396 -0.3793180675143581 -350.9873363792393
-0.39350495386511664 0.013983936577008624 -0.9192161338887731 275.08810207023384 -0.020803503097098233 0.9994928108299161 0.024110897084145242 9.366064662594562 0.9190870826763379 0.0286106731330009 -0.3930144575462525 -348.4261225967936
-0.4062097931297862 0.012361984992473105 -0.9136962215597163 279.8765207665377 -0.021770877928931814 0.9994937277372924 0.023201661320144912 9.914891992254278 0.91352046109524 0.029316710948826246 -0.405735009112454 -346.02862497041207
-0.41787301836883445 0.012082400118038437 -0.9084250965966909 284.27378324301515 -0.022095970695856258 0.9994806206394681 0.0234575583799826 10.047215142193876 0.908236702957069 0.029874815037587345 -0.417389011388827 -343.8720481753903
-0.42829896584568605 0.015162438149750943 -0.903509876163438 288.2076725397414 -0.02012744741760794 0.9994510870956903 0.026313691563415734 8.903348543871624 0.9034129076540623 0.02945547440796237 -0.42775868583984894 -342.0728177370782
-0.43757341481158984 0.020011167274494403 -0.898959987894031 291.68888198430545 -0.01573663831813632 0.9994287858432189 0.029907528189279754 6.614715097088409 0.8990449737719289 0.027233347430321596 -0.43700855818069617 -340.593669200891
-0.4444925675636227 0.019368405565722127 -0.8955731250135525 294.3037165146681 -0.0155255655040138 0.9994494780805349 0.029320599931213935 6.624012810079735 0.8956479856486469 0.026937067961963303 -0.4439471592128208 -339.76487442465606
-0.4493085394330614 0.021484760550313984 -0.8931182684597964 296.1300795917059 -0.01469400557506068 0.9993978246838744 0.031433647852264525 6.043991282503758 0.8932557990814777 0.02724689122149095 -0.4487222797299852 -339.6299015012589
-0.4521104764191221 0.019849083889030967 -0.8917410672279485 297.20503563161355 -0.016386478089973257 0.9993988083043599 0.030553318897172138 6.89908684583363 0.891811415293548 0.02842597102284601 -0.45151341477693335 -340.1239084509304
-0.4543676662079312 0.020806239151306843 -0.8905712348358982 298.0760674432652 -0.01706517087429205 0.9993404427267782 0.03205400869903233 7.057184929089875 0.8906507754713905 0.029762055423391918 -0.4537129226825986 -340.78524773926137
-0.4546678707537952 0.022384028688624248 -0.8903797406521989 298.1967123983425 -0.017206519986733698 0.9992768264299863 0.03390810861669225 6.94870230195909 0.8904948416325364 0.03073726434935471 -0.45395391572951715 -342.11050900812234
-0.45602776945115836 0.023786339537236856 -0.8896476176221798 298.71374736577275 -0.01641409273642149 0.9992479312624433 0.03513046295406115 6.503592993981405 0.8898141665814504 0.030623225159113962 -0.4552943740392724 -343.05717237294056
-0.45895723666903193 0.022996057447124386 -0.888160704068253 299.8524255516718 -0.016071674747170805 0.9992865165260323 0.03417834343686709 6.482870353261842 0.8883129832327946 0.029960628016712846 -0.4582601931096534 -343.4690763729483
-0.46134285879692843 0.02220539152170401 -0.886944015834396 300.7781105640355 -0.01371978194239111 0.9993886649057626 0.032156866161532356 5.675741842245086 0.8871158516341204 0.02700401905726815 -0.4607561705872468 -344.08068951026775
-0.46516728417763076 0.021623122243085952 -0.884958664749528 302.2672993262096 -0.012443897094575506 0.9994431149730946 0.030961417247548393 5.2471365842365305 0.885135327029662 0.02541457293242862 -0.4646391635740097 -344.22498750111475
-0.4702626326793642 0.019944014452371372 -0.8823011348700606 304.26392080140107 -0.013789015780154614 0.9994565298377672 0.029941743577519928 5.975810922568888 0.8824187890957943 0.026246547433346555 -0.4697320506400868 -343.94166479116814
-0.4752293780493437 0.019393083555288675 -0.8796481947625718 306.2163200627389 -0.014874739406956612 0.9994371081634885 0.030070067398960728 6.469873599967587 0.8797361993043193 0.027374717094803023 -0.4746734082477871 -343.6946140124445
-0.48038793086087817 0.022101808231732502 -0.876777592070014 308.1844055783113 -0.013617522174484671 0.9993739672068189 0.032653280985718285 5.673152647994732 0.8769503970995347 0.027625780390652756 -0.4797862203990188 -343.4293722707152
-0.4856492344953911 0.023904986001403512 -0.8738268550910492 310.2606777297792 -0.012280797172652062 0.9993407855880364 0.03416396173003247 4.932966021787337 0.8740675048615208 0.027322992232909706 -0.48503551523635413 -343.1265356437321
-0.4910737689919213 0.023087534221599825 -0.8708119884174974 312.3603362724683 -0.011473848220396477 0.9993905815207927 0.03296689816387049 4.714109341183691 0.871042423889379 0.02618074351690875 -0.4905095966990018 -342.7643169912549
-0.4959431428909346 0.022118877536294993 -0.8680732424605635 314.2977566132606 -0.01030865979773932 0.9994551168704104 0.03135603442286824 4.373657590364629 0.8682938042809221 0.024499481996320037 -0.4954448958555083 -342.54238387863285
-0.500201500575959 0.023619261437888756 -0.8655868467754623 316.40613799979815 -0.008631500321429066 0.9994422487428732 0.03225970598115335 3.57825883700982 0.865866015052999 0.023607666486079325 -0.4997186428975029 -342.25532700452817
-0.5060080845171107 0.02764507286679073 -0.8620855922409991 318.21344560568804 -0.006885959028337975 0.9993248997446078 0.036087786281357434 2.3930071652369778 0.8625012475188569 0.024196997677784535 -0.5054761154909267 -342.16490217540394
-0.5105992482825422 0.03118566253158079 -0.85925308385002 320.0282611187794 -0.005142336034462396 0.9992133930739453 0.03932113276296364 1.2780681609927513 0.8598034449997346 0.02449590892619217 -0.5100372402212099 -342.108607985179
-0.5142085567008889 0.02871276472405386 -0.8571844243553947 321.4655311136559 -0.0069521357620044525 0.9992670862552443 0.03764250437071483 2.315543618426223 0.8576370024806151 0.025315360334266512 -0.5136320711435481 -342.4367178966791
-0.5182068380928118 0.028851155421735726 -0.8547685556831632 323.0668517502687 -0.008592543196157607 0.9992047774195314 0.03893560046289854 2.948503103322553 0.8552121614870034 0.027521330142548497 -0.5175468435145869 -342.588657695276
-0.5210464772577051 0.028918792535364814 -0.8530382593856106 324.0602398613679 -0.012010780847225044 0.9990784776045339 0.041206027846009054 4.303969266818698 0.8534437940958829 0.031715911238724796 -0.520218983980325 -343.31483628539956
-0.5232118977329285 0.032861194008083155 -0.8515688181228048 325.0286557676424 -0.01256751933544534 0.9988500853795481 0.046266233853879415 4.11775324982477 0.8521099503752204 0.0349091516028644 -0.5221972650310489 -344.07308444521544
-0.5254169416390491 0.03504452501256597 -0.8501228844733636 325.90592281646065 -0.013089750429250245 0.9987002397654816 0.04925941053311832 4.119096305943652 0.8507442011982028 0.03700962522120406 -0.524275301505438 -344.9357603529858
-0.5268728761652949 0.0330254583237842 -0.8493022379952933 326.5262429101616 -0.015572849911195747 0.99870198449436 0.04849569581592164 5.387998013866958 0.8498014231024522 0.03877712301771524 -0.5256746864968065 -346.0833390055481
-0.5270471888579472 0.033571205144883445 -0.849172676728388 326.61073648572017 -0.013459284316066291 0.9987643850579856 0.047838800209066536 4.4860711430000855 0.8497294324563758 0.03664256165804792 -0.5259441170813698 -347.737781767073
-0.5258006868618447 0.03403239702310755 -0.8499267225169908 326.0135004299882 -0.012809848275735836 0.9987691771315163 0.04791699697587278 4.224889987376229 0.8505113435356196 0.03608222228320692 -0.5247175695098653 -349.83373876534625
-0.525074429031135 0.0361027864411049 -0.8502902050410881 325.71070105485416 -0.011327127200999366 0.9987148633294519 0.04939957443345889 3.4319892832362195 0.8509809282040344 0.035569798650293714 -0.523990695773291 -351.7918008503376
-0.5235832911904649 0.034621373977526224 -0.8512707546075274 325.1368837383213 -0.012365717592247732 0.9987599281077623 0.04822546043954501 4.082195287665006 0.8518847493731706 0.03577661904212884 -0.5225058921345526 -354.0942783097961
-0.5220801172267876 0.03477771103489383 -0.8521871050489072 324.4286520480602 -0.011952480740590698 0.9987718591411281 0.04808234178906143 3.9439864671260896 0.852812693034414 0.03528858459824846 -0.5210232493818705 -356.4336758463723
-0.5191712523434643 0.0360752507074117 -0.8539085355156699 323.28411838358505 -0.012306479185342998 0.9986896579824542 0.04967411407311223 4.026543667424899 0.8545816294012991 0.03629797963090009 -0.5180470011152802 -359.0683485371758
-0.5168757508856232 0.037363819884799886 -0.8552446451805702 322.2986473836844 -0.010548118432662177 0.9986932324783152 0.05000564567670759 3.2359033712412923 0.855995441193441 0.03486792746393345 -0.515806196444378 -361.5445451646609
-0.5137350993041588 0.03796604021150683 -0.8571084106072021 320.94963853416635 -0.008827321351281671 0.9987336103707877 0.049530333266519 2.509737608361584 0.8579034480293847 0.033011442052559264 -0.512749372064855 -364.3549553477044
-0.5107574981445608 0.03823291648245305 -0.8588742761233187 319.72686716702265 -0.008066439832299115 0.998753581439463 0.04925663519037602 2.182610695850678 0.8596869841038312 0.032086253428714 -0.5098124769985211 -367.05328422990124
-0.5080763331004061 0.03836395018850822 -0.8604572314003636 318.63955352054626 -0.008264016478215657 0.9987444285835175 0.049409234005704655 2.301971962038257 0.8612723992877589 0.03221449517401073 -0.5071213666626468 -369.5509853853081
-0.5045642930524872 0.03788308216128819 -0.8625426054766252 317.14340462061136 -0.010344451747096077 0.9986999288024456 0.04991437195881398 3.3263546838151297 0.863312148932526 0.034107540162725346 -0.5035164438323263 -372.3590006631828
-0.5006846712067479 0.03811253267018202 -0.864790318442601 315.5038075401413 -0.012437758857656701 0.9986103910967249 0.0512112189685566 4.223239756033766 0.8655403873726458 0.03639672577459374 -0.4995148808390991 -375.1973618954857
-0.49670448729137573 0.03992563127043615 -0.867000920571754 313.82478639883425 -0.016003142254968482 0.9983502413462839 0.05514249760198615 5.6667162242228155 0.8677721773268482 0.041264265066458854 -0.4952461092082867 -378.0417645212191
-0.49075691535438837 0.04166610279339986 -0.8702997103928368 311.25336214147103 -0.018417266072105733 0.9981366893140144 0.058171760809591876 6.625764929051244 0.871101862208017 0.04457673522443004 -0.48907510704845336 -381.5440907750327
-0.4834868861916904 0.04207820184290358 -0.8743396684414654 308.1289391091524 -0.02017667133853055 0.9980428862267873 0.05918867447241832 7.450385461736909 0.8751190392251563 0.04625821204686635 -0.4816916492984561 -385.39519254189213
-0.4735380359851591 0.04171872519672164 -0.8797847898453796 303.7575722203351 -0.021376717543192144 0.9980389861003593 0.058832118530993176 8.099964181090204 0.8805139206295359 0.04666615681333392 -0.4717176119097914 -390.09325511961407
-0.4617676175872718 0.04109606095464326 -0.8860484078885235 298.5957371122288 -0.02132813493245904 0.9981228704899736 0.0574094597183913 8.22599090643296 0.8867444829307244 0.045407589441270935 -0.46002431763229107 -395.3137793984478
-0.4472413552089421 0.04036474422152424 -0.8935020188084635 292.1468884715475 -0.020943424909122516 0.9982345967955089 0.05557933710997606 8.223057630239452 0.8941680732076855 0.04357037048774477 -0.44560641789769573 -401.3354523544979
-0.43074421257406775 0.04225024895138971 -0.9014845199988137 284.80732662850113 -0.01743013997952852 0.9983277302747269 0.05511744900487722 6.60013247614278 0.9023057206702394 0.03945452354365457 -0.4292874643146511 -407.817659852706
-0.40983099108600257 0.0437934015435678 -0.9111095964409051 275.36341335408963 -0.014046007676313182 0.9984254122375823 0.05430843273904319 5.010246643469756 0.9120533254222705 0.03505473119934113 -0.40857055376852613 -415.52033975227204
-0.38588489524923103 0.04473235318264658 -0.9214618083226418 264.4828260107959 -0.013742050333174605 0.9984342418668479 0.05422380215748202 4.876285052689256 0.9224445802708858 0.033586920765622814 -0.3846659785870766 -423.74154873404325
-0.3591772211729926 0.04283610975340891 -0.9322857885281964 252.24271163287324 -0.017233532351778914 0.998471335375394 0.05251664304158721 6.768109352734245 0.9331102449084606 0.03492935921071566 -0.3578899421777615 -432.2477084272847
-0.330356180508946 0.03968016299435621 -0.9430218866305713 238.9531031674121 -0.02031901086172486 0.9985853837125029 0.04913623137110222 8.565364813828943 0.9436376061800111 0.03539372967765203 -0.3290825916124454 -440.9087502050422
-0.2996283669878868 0.03622427965265662 -0.9533680523595378 224.62737047232199 -0.022527702473722877 0.9987316857614927 0.04502801880232796 10.002971096848967 0.9537899896294926 0.03496886357394971 -0.29843229426943535 -449.54117829540036
-0.2689951776844762 0.03199827125739177 -0.9626098404956369 210.22299466446592 -0.026044894722190612 0.9988408159068654 0.040480710683206605 12.12525513161216 0.9627893112417727 0.03596018791727659 -0.26784997114718356 -457.60316848319223
-0.23950265525300518 0.0292492476356348 -0.9704550271081651 196.2739441808092 -0.031546743666819206 0.9987838880833508 0.03788862453460503 15.120236065428944 0.9703830589467131 0.03968912216027943 -0.23828867470227422 -464.7880228272701
-0.2086309285929567 0.02728491197017761 -0.9776137627985914 181.52085801085846 -0.03558618071672946 0.9987369948736899 0.03546884284365392 17.328773098185117 0.9773467958592984 0.04218943765270173 -0.20739646085242613 -471.8455767030825
-0.17765891536397305 0.02921108578680634 -0.98365848863254 166.59720708450266 -0.03834709347915295 0.9985946955735084 0.036580519325906606 18.645549851743134 0.9833447056924637 0.04421929940204574 -0.17628909026651216 -478.40215578713355
-0.14528290690770848 0.03028899946675056 -0.9889264145889467 150.88254940752185 -0.04103429936210736 0.9984867965572805 0.036610154010071366 20.0431421038378 0.988538852669083 0.04589873214026041 -0.14382017644131007 -484.6567961576298
-0.11108402536864556 0.03106713699328173 -0.9933253104129275 134.14820616932977 -0.04140112695794693 0.9984989180424426 0.03585885322598711 20.30175563958708 0.9929482796170755 0.045108133048393735 -0.10963106465951308 -490.68607550994903
-0.07498269820315054 0.03218098106951143 -0.9966654300353649 116.32841132319554 -0.040799560851535764 0.9985431995979651 0.03531110832273423 20.06858741944433 0.9963498335446727 0.04331123403993226 -0.07356049348285489 -496.3528949131929
-0.037279218835321995 0.03386583566086719 -0.9987308771726342 97.58395786470517 -0.038144105257021624 0.9986490201737718 0.03528684939331595 18.75380109091551 0.9985766305482866 0.039411161882852964 -0.035937073362672815 -501.5626480516819
0.002653432646475575 0.03631051764834236 -0.9993370330390545 77.5425742705868 -0.03566222896422675 0.9987083024668231 0.036192982871549755 17.43554930575355 0.9993603778019688 0.03554255044234509 0.003944919208256453 -506.2508671299749
0.0448613142487862 0.037407892952015714 -0.9982925984042766 56.187213962828835 -0.034786636270208254 0.9987511296445314 0.03586183167069147 17.033654122339048 0.998387375932246 0.0331184326118147 0.04610658304907018 -510.25749746197323
0.08938641322638087 0.03334805405154155 -0.9954385849571527 33.47300260407958 -0.032036201915937715 0.9990184465839057 0.03059125940332736 16.07183648708496 0.9954816677856625 0.029155628548461425 0.09036702068022487 -513.5039962326746
0.13544682837506375 0.029616121169430465 -0.9903418813975373 9.760658505002962 -0.027671492692864307 0.9992763103445166 0.026098737065202597 14.224285399987133 0.9903981245818698 0.023869246974453036 0.1361683291870315 -515.7666577104621
0.18254373316377845 0.029227600183185286 -0.9827632130224264 -14.734178093780768 -0.024301930575216055 0.9993867979944956 0.025208017863896825 12.595720021267342 0.9828973505168017 0.01928147768821233 0.18314208409104213 -516.914687844624
0.22964830691357083 0.03350997423312184 -0.9726966314111642 -39.517098731623676 -0.022637850559650553 0.9993206367436389 0.029082515371395765 11.485322864622498 0.9730103714009268 0.015341010565932492 0.23025088608091532 -516.9133788755769
0.2767845457883046 0.03772748132513994 -0.9601911020029413 -64.57823871640775 -0.01931990194589952 0.9992454823186379 0.033692839811941294 9.37514575820104 0.9607377668237896 0.009225140576355748 0.277304598194447 -515.7228427151833
0.3241145284393224 0.04451701272909231 -0.9449698450385776 -90.0161509220703 -0.020264499282716814 0.9989897043775785 0.04011135271240816 9.386630391504566 0.9458007837400942 0.006148668577527768 0.3246891919225943 -513.2975771521608
0.36984898251719706 0.04455560784954613 -0.9280229134779763 -114.83981045105288 -0.021108011180719886 0.998994588211406 0.03955078492669827 9.868331820276815 0.9288520775640159 0.004960900470761524 0.37041761225882675 -509.8344849090772
0.414645026005819 0.039872903781805996 -0.9091092640341097 -139.36714452051635 -0.021809343268160003 0.9991880397631266 0.033876448168781326 10.734073926181665 0.909721855819044 0.005780375275655093 0.41517795257796064 -505.1237216757635
0.4592265032717206 0.03651574486733145 -0.8875683743067981 -164.1015969312619 -0.021677418232717793 0.9993178846891929 0.029897405892168275 11.029099437252802 0.8880546763750488 0.005510509695226099 0.45970482491627884 -499.1618606795612
0.5020825366563423 0.03642678001283 -0.8640522068038653 -188.2243413424951 -0.021764234379851262 0.9993283091649707 0.029483022289774105 11.135921743297525 0.8645458024226315 0.004002524125761778 0.5025380933959445 -492.24918067327866
0.5422332023619958 0.03807913571324333 -0.8393647202971943 -211.0817458017821 -0.02224165610070964 0.9992729612647087 0.030965426190474897 11.27945441092669 0.8399336062988267 0.0018783792461533177 0.5426859208614638 -484.51075182344465
0.5805727603692517 0.039270917016305154 -0.8132607607612246 -233.22643239958742 -0.02281654294018521 0.9992286000090246 0.031962639006553745 11.503043143086664 0.8138886135617613 -8.38487244643471e-07 0.5810209331115452 -475.9767794289825
0.6155487247650026 0.04230899273121119 -0.7869623349146067 -253.71605582058092 -0.025459925162526723 0.9991042773415115 0.03379992912144212 12.787239742852247 0.7876874758753611 -0.0007695011151979889 0.6160745476134654 -467.20103906036
0.6468821836292387 0.041905200525441604 -0.7614377155565585 -272.2673311175102 -0.02545687850822958 0.999119179227589 0.0333588524413882 12.832680433266829 0.762164934800654 -0.0021954198941435757 0.6473791719632346 -458.5753429691703
0.6753555726807369 0.040736413566553664 -0.7363663456859015 -289.4234474880893 -0.025224547705916783 0.9991650206807954 0.03214006286517632 12.817538659874433 0.7370607659088264 -0.0031314625465204086 0.6758192223518165 -450.00245323902465
0.6997473764572385 0.04035922022170626 -0.713249425155259 -304.28495246930737 -0.026553822595498953 0.9991823665281989 0.030487586402908624 13.720718453830264 0.7138967037651724 -0.0023941098980343294 0.7002469311543019 -442.04014648822675
0.7215656399623865 0.04081195486332226 -0.6911421066364756 -317.85446839469864 -0.02855610412192383 0.9991659672434874 0.02918764841099581 14.917787190151794 0.6917568764696518 -0.0013244782445203367 0.7221292610151804 -434.5396749805388
0.7392700872598017 0.040157623149191614 -0.6722106093970049 -328.92235303430306 -0.03030386785374493 0.999192969694598 0.02636446293769066 16.12443355239491 0.6727268492307915 0.0008801226605478028 0.7398904052007396 -428.4228177120906
0.7539554003045252 0.04059015324100283 -0.6556704155378029 -338.25436663461727 -0.03262242125494706 0.9991712665010809 0.024342510759796612 17.589111616366576 0.6561151057422073 0.003036389055760721 0.7546547212854328 -423.33663672455026
0.7659044204205618 0.04340601518434349 -0.6414875966268246 -345.9224389338719 -0.035539310378306654 0.9990513082523511 0.025168251768846798 19.086917760291392 0.6419714761561276 0.0035215515163373214 0.7667204330633429 -419.4255714460403
0.7775103560703789 0.04753643494486497 -0.6270709158907349 -353.591547901924 -0.038674600916173994 0.9988659584272257 0.027768189340224264 20.523625067332457 0.6276797921291454 0.0026616626368664176 0.7784670796538029 -415.4973350584664
0.7880083540866596 0.05208931915920975 -0.6134570373866158 -360.52489334397177 -0.04252798993142842 0.9986397411322361 0.030166827869912812 22.38105238642291 0.6141939465364553 0.002317382331556341 0.7891517127758789 -411.8508264459831
0.7984910331234144 0.05490536200110136 -0.5994976824350786 -367.5641401544884 -0.044555878989972174 0.998490980963264 0.032101940477947066 23.27328471016571 0.6003555976826844 0.001078034575843807 0.79973245161899 -408.13079157731664
0.808234389376131 0.05548471092329029 -0.5862410926261923 -374.10858974131696 -0.044554520106600555 0.9984593499530242 0.03307296825891046 23.218079749529874 0.5871729443425193 -0.000611019756867507 0.8094612776946118 -404.7332026551954
0.817548391936136 0.05509401151517405 -0.5732183499660526 -380.49714981692915 -0.0442093400969066 0.9984799414449738 0.032914142556624906 23.073799622231174 0.5741603966583155 -0.0015672993356885823 0.8187413404012027 -401.3869210568996
0.8255860747217699 0.054330589893491286 -0.5616545381525243 -386.11899662897787 -0.04346998938912031 0.9985196813942415 0.032692596881435464 22.70198653840612 0.562599318563407 -0.002575435917963982 0.826725694460879 -398.7949760682875
0.8302610434410109 0.05073809885440283 -0.5550605778371265 -389.3259400977246 -0.041167937080823495 0.9987103369045413 0.029713026041236233 21.803718936832045 0.5558523191466895 -0.001818869060342369 0.8312790692749266 -398.4648430974492
0.832086235074532 0.04764690396699039 -0.5525959373193501 -390.5590997000738 -0.03917222177629933 0.9988638014526929 0.027141171466677595 21.055027726254753 0.5532612714085445 -0.0009373845718644962 0.8330072549921551 -400.1087153626666
0.8327643296957705 0.0453304671738599 -0.5517687196028366 -391.0310443758529 -0.037626719788125554 0.998972003208819 0.0252817476244294 20.450274536460057 0.5523475365603977 -0.0002924906136468307 0.8336138874232488 -402.5915919342698
0.8322475786400884 0.04693377678733829 -0.5524139647440008 -390.64415704721955 -0.038829177067244994 0.9988978801083189 0.026368923440046946 21.008760731030936 0.5530427314918717 -0.0004956930328612903 0.8331527419581759 -405.86649334882424
0.8318368515674563 0.04865159755797884 -0.5528837802191326 -390.36274977891424 -0.03980447276374862 0.9988149797381995 0.028004288931876075 21.348611100560735 0.5535910551321632 -0.0012877521642263197 0.832787659233746 -409.1442318126067
0.8311144097930916 0.051055596998749495 -0.5537528003083886 -389.8348575138022 -0.04058263640307519 0.9986899147830142 0.03116895463874028 21.425537270001463 0.5546186865377479 -0.003432218786344225 0.8320975498205399 -412.65529549527037
0.8305969276775799 0.05150654518465343 -0.55448698770639 -389.5181769576185 -0.04034229774869813 0.9986625712485707 0.03233524083022814 21.194464544927165 0.5554108774096169 -0.004488272533472209 0.8315639558475011 -416.13837023872156
0.8299390080056261 0.05027399737997712 -0.5555841684012199 -389.0492848359117 -0.03928127048269181 0.9987254137773975 0.031694315964091925 20.741673074633326 0.5564694284324185 -0.00448029715578562 0.8308560056697509 -419.7937854548224
0.829042985289042 0.051331701781127344 -0.5568238365365537 -388.4109359813377 -0.040580386045256524 0.9986750288652816 0.03164520483970586 21.47432423115578 0.557710463243654 -0.0036391088445388176 0.8300275875387314 -423.66012925593446
0.8278899820451211 0.05233208056355728 -0.5584438476455966 -387.57868522959274 -0.041955112590147454 0.9986264754997639 0.03138360971060272 22.231989560545294 0.5593191809305997 -0.0025526015765758234 0.8289484532034028 -427.67513190714834
0.8345991815785485 0.05543035246350379 -0.5480617502929654 -386.6438767659272 -0.04525004221494504 0.998460611916302 0.03207553789524881 23.620112950612285 0.548996028936424 -0.00197040033891302 0.8358226353327252 -431.7125140650158
0.8264405857525678 0.050104689060865716 -0.56079004837378 -386.5792494312503 -0.041606600071290155 0.9987439375107889 0.027918418937201914 22.80518535301196 0.5614845047296142 0.0002596527669005925 0.8274872104926942 -435.26805483321147
0.823953166601575 0.05007200072190364 -0.564441293662098 -384.3678469725684 -0.039469062723193504 0.9987403200007599 0.030983322812965865 20.913824205273233 0.5652816752159845 -0.003250838120472211 0.824891544214465 -439.64899545655146
0.8227684664744687 0.048169807926437075 -0.5663318110256398 -383.3704796388447 -0.03667916954399626 0.9988251892432026 0.0316682783687908 18.941183487554884 0.5671919332085159 -0.005283080314608696 0.8235686977815364 -443.5374647806012
0.8222807219395025 0.04975421904296263 -0.566902929974855 -383.08806094015125 -0.03923916586745838 0.9987568886130773 0.030740288059012636 20.60639792638118 0.5677276655128555 -0.0030323481577616933 0.8232108494644452 -446.99033509134847
0.820830764751854 0.04956996748188969 -0.5690164092192167 -381.77671467640477 -0.04069964210204835 0.998770651176083 0.02829709317347634 21.990271000650278 0.5697195755541948 -6.836042442424743e-05 0.8218391573520945 -450.6741729956069
0.8200866481314241 0.050223489888958125 -0.5700311312726172 -381.21144378447775 -0.04069935306125172 0.9987375567331236 0.029442408718486184 21.752978823093077 0.5707901998256115 -0.0009454280112897832 0.8210953988111942 -454.18404086675514
0.8190343681688291 0.05008798150147397 -0.5715539325972616 -380.27396501263564 -0.03925752037441536 0.9987397717364357 0.0312684416929377 20.628222047268707 0.5723998173063469 -0.003172138231584895 0.8199685278635397 -457.85593788296507
0.8184796213832467 0.05006023320001748 -0.5723504891517932 -379.8266473970525 -0.03808975658624488 0.9987331069031242 0.03288391124597621 19.731169065535155 0.5732715585335957 -0.005114120412396905 0.819349477298222 -461.29068151479214
0.8164926712006378 0.04988504792426627 -0.5751966619072479 -379.07000407951875 -0.03654485288594448 0.9987279544361385 0.03474113923507845 18.505585976738296 0.5761980489408063 -0.007345408184715779 0.8172770970579123 -464.8812443623272
0.8168427203203544 0.046497666565303214 -0.5749834234685597 -378.3227909314487 -0.031522615748063684 0.9988547574130736 0.03599303112645293 15.24265398982708 0.5759985199252192 -0.011275663938401412 0.8173729653265425 -468.30249397174816
0.8161070389143409 0.048402550078217095 -0.5758702060190233 -377.63112940124813 -0.034355543859546915 0.998787425834171 0.03526151729102411 17.221545622977676 0.5768786680408466 -0.00899283834371164 0.8167803445345282 -471.66642690012833
0.8158429946834687 0.04513630371513386 -0.5765092558778611 -377.3320205178913 -0.03060486962668714 0.9989221630425924 0.03489776694061912 14.892580868067984 0.5774630291032001 -0.010827108073880109 0.816345039642989 -474.89454264589693
0.8144004352198887 0.04489825878336532 -0.5785638058778633 -375.91024681134303 -0.03159813342582012 0.9989542956873529 0.03304350301933166 16.01950553019438 0.5794423949605862 -0.008629106906654404 0.8149675143441815 -478.3537641104992
0.8139961051705791 0.04526643491508782 -0.5791038686083919 -375.52241291183014 -0.03261140721243409 0.9989478220652338 0.0322450757597321 16.858005527784773 0.5799541679191144 -0.007361974001867985 0.814615838571804 -481.4056496608196
0.8121055837114884 0.04495616403233531 -0.5817761289535008 -373.6978774914767 -0.031496099290175966 0.998951420467304 0.033227327245192236 16.030993036824412 0.58265986358606 -0.008660419265455811 0.8126699702240883 -485.49576630383103
0.8086079147262717 0.04349029158500747 -0.5867383017835817 -370.3932384476137 -0.0291757410311327 0.9990013223822161 0.03383982880966965 14.545847092137175 0.5876240433962132 -0.010244628662596627 0.8090692375849243 -490.6493839017534
0.8082163930962422 0.044697544775865204 -0.5871868454091168 -369.98002365879455 -0.030592586568248255 0.9989557526022987 0.03393372938300816 15.367297019732689 0.5880904314623431 -0.009462231966323818 0.8087398287389157 -493.60381470333834
0.8072633432225896 0.04520265467414214 -0.5884578274604714 -369.12163356456364 -0.03252975953777029 0.9989548380160935 0.032109910442965385 17.14997774139969 0.5892942469034484 -0.006778762029358329 0.8078900537522709 -496.87494567009975
0.8060705224153226 0.04583634144827766 -0.5900418143621058 -367.9585401496084 -0.03274043193509558 0.9989231663129028 0.032872053785977774 16.97900932877966 0.590913172141045 -0.007178969706144865 0.8067032201399509 -500.38947105824536
0.8063931622418945 0.04535258776166796 -0.5896382031999263 -368.2249216693392 -0.03407552751415031 0.9989618372737001 0.030234187526467976 18.43640581400376 0.5903972614385586 -0.0042884092707497126 0.8071014082702227 -502.74066147100564
0.8048641957482646 0.04467976136160744 -0.5917747420490074 -366.6456054606794 -0.03181890658846989 0.9989765209504359 0.032147593584554955 16.620900513224072 0.5926054198081667 -0.007044821817001666 0.805462095259332 -506.4100775340769
0.8045716905903785 0.04466278487276045 -0.5921736488125335 -366.395193183437 -0.03216713651580475 0.9989815658655871 0.03164026531357367 17.00286382194668 0.5929837013181003 -0.006408331151655082 0.8051889612152769 -509.11929961817475
0.803247486472422 0.043801807734420495 -0.5940327239428256 -365.069661554369 -0.03134372049935587 0.9990190467178007 0.03128123207795521 16.62302034638092 0.5948201801057145 -0.006507375373643076 0.8038324498331427 -512.56110822149
0.8021139861530897 0.0448447839834759 -0.595484759307135 -364.05262287261706 -0.0331223414051382 0.9989822733160098 0.030615814544425683 17.90512639318691 0.5962516781674015 -0.004833523544225558 0.8027830175911203 -515.6601299420482
0.801110654675987 0.04490015694541801 -0.5968297034086762 -363.04537489795945 -0.03551737116667349 0.9989911448645242 0.02748106307397586 20.021755326221605 0.5974614927424364 -0.000817550331123287 0.801897185617605 -518.6743320480742
0.8003231565242237 0.0434638618706891 -0.5979914195391004 -362.2525858239033 -0.03576128149273351 0.9990537592313687 0.024753119231071583 20.755872417434723 0.598501441833769 0.001574444967545401 0.8011201815245599 -521.5827334562916
0.798966750343613 0.04193253837259112 -0.5999114885305984 -360.9051208044736 -0.03194234435394464 0.9991169424364983 0.02729509064862891 17.838417794699954 0.6005262845892269 -0.0026452905273375033 0.799600640292068 -524.8570495306741
0.7976297567962211 0.0414997708886473 -0.6017179904983655 -359.6345649400254 -0.029726173967569425 0.999122559686941 0.02950364902626349 16.172339107428506 0.6024144135513784 -0.005646214732448911 0.7981635137017628 -527.9885427804977
0.7947696052144818 0.03766276815370119 -0.6057415212136421 -358.41837276160817 -0.02336337196813665 0.9992314635195041 0.03147435722851713 11.795900142218228 0.6064613981759228 -0.010862697992228875 0.7950387250410098 -531.1256065540682
0.7959407641695757 0.03437400614325815 -0.6043978223279888 -357.97394282867407 -0.017705856317847074 0.9992813600693841 0.03351516179185016 7.909560561118444 0.6051155282962118 -0.015974702486913142 0.7959773905678798 -533.7995675435118
0.7945939047718528 0.034363462739496455 -0.6061680286257031 -356.5914399592539 -0.018734458154974584 0.9993093075271917 0.03209249082205992 8.888215896990154 0.6068521620436557 -0.014144268028983773 0.7946888655976406 -536.7713630544587
0.7932992169313745 0.021454737615529525 -0.6084538163656441 -355.32440749857204 -0.00761839610657274 0.9996504709176852 0.02531592453009722 3.3469202444876363 0.6087842905798666 -0.015447660919990551 0.793185386473597 -539.5980745798773
0.7947321231106912 0.026661782735667355 -0.6063744732731823 -356.82465197717795 -0.014674259326208626 0.9995867458738725 0.02471848673582707 7.972578841942577 0.6067829254430289 -0.01074647917404347 0.7947949386956119 -540.2716765344297
0.7995842737428173 0.02579893839751355 -0.5999995033004051 -361.0995093322822 -0.016277195253895996 0.9996408053139135 0.021291154642643202 9.766902748842313 0.6003332758542026 -0.007257763354622574 0.7997170016782501 -539.5141201658205
0.8033202483226135 0.0273411839190291 -0.5949193544479792 -365.1284068728198 -0.018019438338149313 0.9996041200723369 0.021607937809669877 10.799710894858823 0.5952746244187401 -0.00663798134335664 0.8034949027385383 -538.8669276092852
0.8049374989346961 0.022295977140090434 -0.592940563810678 -366.13714720440913 -0.013278359300419568 0.99972038870624 0.019566031261684675 8.419564326730592 0.593211014718241 -0.007876154417787003 0.8050084833146431 -540.0077292914467
0.8089070009047933 0.02920184240023259 -0.5872109640390281 -370.00542396651997 -0.017210369126651144 0.9995138466190769 0.02599756933370555 9.353373697875428 0.5876846663660175 -0.010923498394213835 0.8090163225183373 -539.5159424904044
0.8102063181100314 0.022672501260338374 -0.5857061377356281 -371.17847379307005 -0.00938356886207013 0.999625275901316 0.025714906467425837 4.637555338517532 0.5860696807803636 -0.015338365813137522 0.8101154632545814 -540.5172289337019
0.8105717379471304 0.020431895484597014 -0.5852828335841356 -371.57116673386037 -0.0071763111340207245 0.9996627169225359 0.024959025493026147 3.4932375718813202 0.5855953877891082 -0.016030908956147904 0.8104449714559055 -542.0371782707454
0.8123099072819694 0.019260835272463212 -0.5829079127582377 -373.3209892629186 -0.0051441684344079195 0.999652272840238 0.025862539250132172 2.111737018780364 0.5832033539535559 -0.018009820375373627 0.8121265260458927 -542.649784310883
0.8141394680556199 0.01979428924532943 -0.5803318987160575 -374.3905203120883 -0.0041449602992186686 0.9995914547692857 0.02827972518149504 0.9645234551774926 0.5806545839466266 -0.02061818773547324 0.8138889018018827 -543.6670864526477
0.8143119946099601 0.02054873899009077 -0.5800635523460042 -375.0251764966251 -0.0034018499299428556 0.999524925154702 0.03063252212178207 -0.025587984996188348 0.580417438445299 -0.022971141034011423 0.8139950391913903 -544.8855551572485
0.815330801679486 0.01799929949782872 -0.5787155683496636 -376.0056396150184 -0.0018857274036804973 0.9995939277646158 0.02843279107416819 -0.4284198906026368 0.5789923383472753 -0.022090830534313384 0.8150336602505804 -545.8356727901705
0.8171492004934797 0.01699559316725318 -0.5761756103357379 -377.76519719302564 -0.0010284161576384846 0.9996066343141019 0.028027111792689515 -0.7383382784907672 0.5764253000112621 -0.02230978368623113 0.8168452405803684 -546.2335845461764
0.8162451406550032 0.017189110036073686 -0.577449915450043 -378.5548547756635 -0.0011001875725927396 0.999601687994033 0.028200265012672577 -0.8780351050541684 0.5777046476742238 -0.022383026061004428 0.8159389316609137 -547.1115260872887
0.8222757462252831 0.019659276182553358 -0.5687496022237132 -382.5589823185468 -0.002557763473781524 0.9995207125859904 0.030851303985505396 -0.623002261612079 0.5690835220032874 -0.023913552048408913 0.8219319235878128 -545.8889625560746
0.8249220905494558 0.02133731187774427 -0.5648435744923965 -384.90740102927293 -0.004414090787119129 0.999499968780413 0.031310193395704455 0.6175439500090062 0.5652292104324039 -0.023335199373161954 0.8246037885822355 -545.5903209442109
0.8319505841781019 0.02305512736981941 -0.5543705318536298 -391.7343607826985 -0.005614636929666475 0.9994349986491917 0.03313848709941696 0.9425506903365145 0.5548213237952044 -0.024456994440274202 0.8316099771437842 -542.2307761933141
0.8391027029273845 0.023712184258859518 -0.5434559653344796 -399.1021758847476 -0.006007395269659897 0.9993924894177748 0.03433020969083856 0.8294542466555463 0.5439398543424 -0.02554181694822772 0.8387353876193324 -538.2901537382285
0.8494239799409502 0.025554450937289277 -0.5270919012265034 -408.8521603161033 -0.006920474660007236 0.9992803536623808 0.03729452794804224 0.7690933044786694 0.5276656226548746 -0.028031140213711992 0.8489895440148617 -532.2790115683376
0.8623520379839992 0.022245420510659326 -0.5058202287880025 -421.9730766934453 -0.004025527295209701 0.9993039940774733 0.037085341454607 -0.9762225780049005 0.5062931539284714 -0.02994442664525751 0.8618413854057184 -523.3810996490923
0.875260619032369 0.020826374942034372 -0.48320297068400575 -435.3931332634132 -0.0035470020285610915 0.9993219961285333 0.03664651184346234 -1.1935827133583015 0.4836385711951474 -0.03036132672426297 0.8747410601382897 -513.453602075048
0.8889168027833717 0.019754568554177707 -0.45764251851267757 -450.0781958224702 -0.004768880600788718 0.9994146089824631 0.03387767893828801 0.29576045335058065 0.4580438576241401 -0.027931995518913347 0.8884906460504397 -501.5941588140303
0.9037844181591109 0.018595725932797263 -0.42758382157166525 -466.57423012267697 -0.0054403693986949265 0.9994740844819056 0.031968059526073185 1.2122801953976796 0.4279534178781647 -0.026566020140192357 0.9034102715269003 -487.4182142615081
0.9190189570428808 0.015388317416576772 -0.39391287905183087 -484.297082421824 -0.004257002604845555 0.9995669582012028 0.029116558883516764 1.1537168442697896 0.3941903531602949 -0.025081781425601347 0.9186864915279207 -470.906985285098
0.9337260673489485 0.01277819351997092 -0.3577601835356097 -502.1751710992823 -0.0031909851592630293 0.9996201299869392 0.027375414857280355 0.8996730629091676 0.3579740895187532 -0.02441953102049702 0.9334121478414339 -452.86514167016503
0.9479786897081769 0.006964912379383596 -0.318257590411785 -520.7037887109796 0.0010772445829465506 0.999684707589211 0.025086350001190177 -1.256421521218429 0.31833197043852896 -0.024124166468941704 0.9476722963075909 -432.4889844115923
0.9602194970035368 0.001038878040712159 -0.27924440604368667 -537.7800705279396 0.005363904482591076 0.9997399621383471 0.022163858696486446 -3.193931868710629 0.2791948174715578 -0.022780009570513897 0.9599642311362392 -411.8859851183372
0.9718925932818319 -0.004974496112442518 -0.23537213410330243 -555.8330097143612 0.009988929539062018 0.9997477367511186 0.020116762852898793 -5.6130226435607025 0.23521268760545072 -0.02190244848055598 0.9716971103898463 -388.0568141404665
0.9819051825507146 -0.007963404316282322 -0.18920569936379633 -573.4136644538191 0.011380192021037796 0.999791080090255 0.01697902828567065 -5.724414932111683 0.1890309596590256 -0.018824993058609938 0.9817906680788584 -362.49509096782003
0.9900138132190598 -0.011217052770611574 -0.1405234050348835 -590.4605492833293 0.013197790077921727 0.9998261509984545 0.013171412857960384 -5.913122846220684 0.14035123074813313 -0.014894479069677075 0.9899897406138749 -334.856767252661
0.9959480434421556 -0.011464298443273123 -0.08919677474519849 -606.8295102058017 0.012422328465988416 0.9998708867460107 0.010192918778708303 -4.661476889833942 0.08906840359647863 -0.01125964914861098 0.995961866630357 -305.04054763495486
0.9992683223998693 -0.012123656664234149 -0.036274464809816054 -621.9972981893178 0.01236863353482417 0.9999021397741888 0.006536648948794824 -3.6883494149473095 0.03619166689490877 -0.006980531791083573 0.9993204868425752 -273.54960278199974
0.9997573424311006 -0.013834486762794463 0.017142439473806198 -635.5612783494997 0.013792508352792283 0.9999015898810188 0.002564618246248038 -3.560766485973798 -0.01717623266147729 -0.0023275586825895617 0.9998497684663121 -241.06425444879923
0.9972673978567823 -0.017718621730016128 0.07172020368034937 -647.5866778703054 0.017732127687891543 0.9998426729045531 0.0004484269606868457 -5.484227700163292 -0.07171686565670943 0.0008245502212485495 0.9974246895366637 -207.09293941030577
0.9914849614781596 -0.02049443232663536 0.12859840359141828 -658.1904779142532 0.0207068052790827 0.9997855416447243 -0.0003145366423776973 -7.142331306886166 -0.12856437833936152 0.0029747204531197233 0.9916967034635333 -170.85785493489212
0.9824426852996667 -0.02471981631088558 0.18491971442422303 -666.663630597875 0.025212992453017807 0.9996820521541636 -0.00031561432822189376 -9.964678952654634 -0.18485311767115045 0.00497245235232951 0.9827535803063042 -134.16689815446134
0.9698930661963109 -0.026517007606283744 0.24208322629196533 -673.2220920138531 0.027528057519687534 0.9996207155241918 -0.0007944457787935014 -11.267986762184375 -0.2419703415576202 0.007434608430237494 0.9702551625237444 -96.04923422361024
0.9530484713592123 -0.023577487457959474 0.30189851494341335 -677.859010149451 0.02668300201168731 0.999624927688798 -0.006166145214778623 -9.271587306293224 -0.30163989895819965 0.013932193952684194 0.9533201274116434 -55.17676374430097
0.9323550015367944 -0.0200775434915695 0.3609862093718653 -679.9635763442202 0.025592386422286378 0.9996172882896606 -0.010502700111779163 -7.433122692050711 -0.3606371873039945 0.019030743542219505 0.9325120106109593 -13.749188616377705
0.9094690965040748 -0.019593307235012413 0.41530960115997323 -679.4697958261386 0.025942007888591082 0.9996168734150161 -0.009649798479548952 -7.90876004730805 -0.414961413544404 0.01955015845414143 0.9096289444458372 25.256917179689342
0.8831969454945824 -0.018473458216734177 0.4686383326303498 -676.6561176564295 0.026788669671846184 0.9995796774089274 -0.011083126286266344 -8.058114286137322 -0.4682366096817425 0.022342780770960365 0.8833205972358894 64.51572597354709
0.85368051879734 -0.01633659528231998 0.520540764475258 -671.5028577021693 0.02784189476777586 0.9995101660024532 -0.014291849197648983 -7.858958606751634 -0.5200523057555311 0.026693514424480064 0.8537171988229039 103.67964616178988
0.8219516797075987 -0.018704320706227302 0.5692500194227276 -664.1953960687417 0.0321876754504041 0.9993887830239092 -0.013638691839361764 -10.731985003722142 -0.5686469816810397 0.02953318054169271 0.8220513374918474 141.36069069718317
0.788256671407021 -0.023396291175716427 0.6149016454210745 -654.9030295733279 0.03721670939865397 0.9992602533316496 -0.009688274000240246 -14.895295499075363 -0.6142201042980113 0.030521462461498856 0.7885442941302356 177.60378997572036
0.7522064120252544 -0.02956086501674031 0.6582641331316444 -643.6058652753563 0.04205783340329644 0.999110076802779 -0.0031926604213102765 -19.61835321417711 -0.6575839508059133 0.030086702886944885 0.7527802720262261 213.02711000801685
0.7148889473760403 -0.03210209341222395 0.6985007147584962 -630.746578950491 0.043328297533096125 0.9990596539785954 0.0015704856103881254 -21.661426459264266 -0.6978942982661921 0.02914212399125684 0.7156076334534293 246.9029876859643
0.6771903322008788 -0.03599650681307816 0.734926870832003 -616.7388577134142 0.045098538416440084 0.9989553347645346 0.007372989771995745 -24.309717136734495 -0.7344245201559957 0.028151210324479713 0.6781062848484023 278.44242943651085
0.6403786468543621 -0.034831690426600906 0.7672691457337523 -602.2356327140221 0.04445406965019068 0.9989773780886353 0.008248257918608148 -24.09772130451127 -0.7667718202597905 0.028826227800066453 0.6412721920107767 307.2199061477864
0.6053669931764545 -0.03764645524718616 0.795055688602893 -587.7349714943367 0.045686741829404305 0.9988774680749304 0.012511010879614337 -25.981962916938432 -0.7946342084214044 0.028749750947409593 0.606407393281901 332.6322636836623
0.574663929715983 -0.04044216432340312 0.8173896251043454 -574.4268846680903 0.046752354928290864 0.9987694466810791 0.016547195684770224 -27.693355131906866 -0.8170529879952969 0.02870581336959156 0.575847541530523 353.6427924914719
0.5457132566376194 -0.03737941052291487 0.8371378746651732 -561.6542600678305 0.04472754990358376 0.9988798304482636 0.01544443599717683 -26.13862751866184 -0.8367774422208012 0.029014892600315933 0.5467738547130852 372.4274893660267
0.5208715022592424 -0.031462882221153746 0.8530550774578028 -550.4180999139314 0.041299155700515885 0.9990791193454204 0.011631553052099055 -23.01996089970946 -0.8526354777234083 0.029171909953190522 0.5216912322409284 387.7769689042356
0.49978860536798553 -0.0263221981630951 0.86574736027792 -540.7036797581317 0.040567179613101904 0.9991525779239079 0.006959164191735518 -21.32590577429626 -0.8651968873514064 0.031642817698048914 0.5004328908111113 399.9967807644752
0.4806636617045341 -0.03041870894545714 0.8763772854558023 -531.5611078017073 0.044260715291735565 0.9989658987053298 0.010398187616909126 -24.50689408281069 -0.8757873220129719 0.03379105458466904 0.4815129606058417 410.5048034808571
0.4626342466358899 -0.03334988095525 0.8859217455734526 -523.1065737271317 0.04780808206539537 0.9987766550439208 0.012632522650093002 -27.312603206592946 -0.8852592508010696 0.03650998191655734 0.46366267920933824 419.618591839062
0.45085015856814953 -0.037210030285064914 0.8918237203423438 -517.3389705696684 0.05143548625615945 0.9985535217658732 0.015660616927957123 -30.386310569610927 -0.8911164487723626 0.0388107950853411 0.4521119296282468 424.9822463760174
0.43852407388947073 -0.03556883127708582 0.8980153088121406 -511.4187969966531 0.05031717732638266 0.998620902718242 0.014982467090198176 -29.472226142204573 -0.8973097671848266 0.03861542302999814 0.4397090297218456 430.6910329878167
0.4243129513492464 -0.030497851410334228 0.9050018786591799 -504.57958864103034 0.04344121529939831 0.9989674940024391 0.013296869548805034 -24.83375369470489 -0.9044729847433827 0.03367234749523399 0.425199709411421 437.47773562719703
0.4096821343551859 -0.02698766952259686 0.9118290489362127 -497.4606567443606 0.03709461461949359 0.9992283894925191 0.012907950976726276 -20.874699964237276 -0.9114738275762012 0.02853579026285085 0.41036711651600927 444.19374257290394
0.39382150543564115 -0.0216644218259084 0.9189315941262192 -489.6776048594971 0.03295038734542517 0.9994124023757729 0.009440442324000492 -17.40123341726668 -0.9185961538294137 0.026561302762391735 0.394303947945456 451.291996316928
0.3795819401904939 -0.021344677575814486 0.9249118635958806 -482.6030596040461 0.03400053078034806 0.9993802986581535 0.00910947641714937 -17.976471838870744 -0.9245331333099289 0.027989701554759716 0.38007244311973026 457.1254520728365
0.3667493995606867 -0.024969638476278987 0.9299846208815711 -476.1537110765373 0.038680670526484245 0.999184597615606 0.011573487605775966 -21.45556779081165 -0.9295152950056805 0.03172785908477604 0.3674161935848762 461.8861927093158
0.3549442203012877 -0.030179695745039536 0.934400228188889 -470.14192434576177 0.042778834646258965 0.9989562063650312 0.016014651763094908 -25.13161516539606 -0.933908224495865 0.034288244771670764 0.3558647839973197 465.90731582334735
0.3450948595402928 -0.033593183182219606 0.9379664364797661 -465.1374314622422 0.04507376325826198 0.9987993587797178 0.019188454001356443 -27.369339724742957 -0.9374848765631386 0.035655840263691126 0.3461946956128681 468.86466954199045
0.33895671452975096 -0.0350534515955261 0.9401487122824969 -462.0013234835705 0.045234117534519364 0.9987571288342474 0.020930174716031445 -27.9385163331373 -0.9397139034227758 0.0354323740950338 0.34012104695228634 469.9739327543153
0.33554888368503966 -0.03630048539951486 0.9413231227466387 -460.24624606363693 0.045623339879414054 0.9987108840597178 0.022250413904114013 -28.578840621270174 -0.9409173489292092 0.03548020321836575 0.33677247165350715 469.64530976345156
0.3334249214739757 -0.03849015121901237 0.9419906209719981 -459.16355137063806 0.046434527007093405 0.9986240623654392 0.024368355840616418 -29.655436961416967 -0.9416324423264635 0.03561587179734551 0.3347534215425055 468.5892327056942
0.3322877013379019 -0.04071698790694424 0.942298790424438 -458.5384368791834 0.04679727856230621 0.998548971091038 0.026645206927155198 -30.47198361422996 -0.9420164002068834 0.03524314442291949 0.33371098650246744 467.05528130232767
0.33290772552413334 -0.04507948959681643 0.9418812483025867 -458.78441915159596 0.04704468001587754 0.9984067526368294 0.031156931353791124 -31.903003269636574 -0.9417851370501407 0.03393811878804834 0.3344980713316242 464.5378478284263
0.33567486199577795 -0.049695129788960284 0.9406661368941552 -460.0964741354438 0.04685804415830457 0.9982520516965733 0.036016176660495926 -33.18106723296077 -0.9408117296897257 0.03198805025068057 0.33741673627635327 460.9352517363097
0.3417581530015887 -0.05471509789438159 0.9381938088259542 -463.05823505041576 0.047210280469643304 0.9980428487375855 0.04100806630094644 -34.82467993183297 -0.9386013819907365 0.030277551852378064 0.3436723957185189 455.63695410791394
0.35135257381591034 -0.06416813990245779 0.9340416579009706 -467.5079817055275 0.0511908381508373 0.9974728045732535 0.04926968871611317 -39.51102210330176 -0.9348426963732187 0.030503343394233266 0.3537494580623742 448.4277075944778
0.360927970554003 -0.06792001683660219 0.9301171277772948 -472.07917278602645 0.05309796613141361 0.9972231991286323 0.052215870311270576 -41.44615518719372 -0.931080880517088 0.0305411596468086 0.36353216020450263 441.16802966085413
0.3713230459561904 -0.07159132650625553 0.9257396380791372 -476.91882261498574 0.0541128738165471 0.9969969887009162 0.05539676352116367 -42.98348116907323 -0.9269255592706092 0.029524337255559047 0.374081971071166 433.50411042144134
0.3814956668495614 -0.07593194788046063 0.921246652892746 -481.60929357559434 0.05515800380652254 0.9967145108005366 0.05931086389293676 -44.706479917383696 -0.9227234963904888 0.028187288814744735 0.3844305216267122 425.78557440477937
0.39095393455312183 -0.07911128921646624 0.9170040485057535 -485.98237612696954 0.055354917741401395 0.996516776269974 0.06237104852687067 -45.74558762655066 -0.9187441723022117 0.026376476849784253 0.39397135343793305 418.38598639086314
0.4013479835573081 -0.08334934100745689 0.9121253660808394 -490.5857724054655 0.05538419130224112 0.9962370658525492 0.06666558313927709 -47.09634268389128 -0.9142496308165945 0.023761228401026974 0.4044539733722426 410.47147626018875
0.41323046918280154 -0.08598230307506154 0.9065581188742783 -494.7112957866149 0.056997575780406755 0.9960225138840866 0.06848670083440805 -48.427581387179366 -0.9088409408109422 0.023370823561295072 0.4164876335642492 403.04473199103523
0.4180630646696809 -0.08878265377881665 0.9040690871537336 -498.7981198887436 0.05995509962251501 0.9957393921370088 0.07006032383506784 -50.57871535429572 -0.9064373447669998 0.024913918491699535 0.42160483474118327 395.40520528350817
0.43062524449964007 -0.09366650762121062 0.8976572197390665 -503.3906112293868 0.06223475872965972 0.9953143468725527 0.07400125482398706 -53.140975724880214 -0.9003825484789708 0.02399867204053834 0.43443679647884853 386.77914518888264
0.4400565551598463 -0.10004075620951668 0.8923800061396923 -507.5145062735143 0.06562906641453718 0.9947001690019502 0.07914795909590873 -56.68321751657454 -0.8955685646015079 0.02373648846226893 0.4442899112213501 378.39415095576146
0.45155616983297275 -0.10698108825613697 0.8858058885790431 -511.94718994533287 0.06713630238746568 0.9940452816567246 0.08582945250752655 -59.64906477588084 -0.8897132922394236 0.020712913159080637 0.45604959471635337 369.3782934554487
0.4615328652521703 -0.10327760433185271 0.8810908867623108 -516.0619030133843 0.06866855852876469 0.9943793999981074 0.08058683471253195 -58.78368420902579 -0.8844614425523045 0.023309768400320972 0.46603069784663304 361.24300340174807
0.4693705161802539 -0.10557720786058529 0.8766668533263048 -519.2284740304516 0.06913066885467962 0.9941725567321206 0.08271564582606494 -59.72701370983084 -0.8802910139064165 0.021780280555611597 0.47393390912081 354.1511648490286
0.4775654888733324 -0.1047078502999503 0.8723344942868754 -521.1791178176956 0.06825301245770574 0.9942940181891202 0.08198128861991577 -59.003475696022 -0.8759410540256825 0.020388022927612687 0.4819871350912593 349.2324007941872
0.4778617700234831 -0.10290708214091115 0.872386531988698 -522.8713157204429 0.06557056997099941 0.9945225041351132 0.0813971075806868 -57.37279202518045 -0.8759843772029853 0.018306316234223567 0.481991960184224 344.73949018501384
0.48035594462992137 -0.10472659201355064 0.8707987754837068 -523.8382569191847 0.06488509686517532 0.9943682764327453 0.08379531627106623 -57.73977011325684 -0.8746702753972451 0.016250284594385316 0.48444590780303715 340.9610256875987
0.482139673381279 -0.10496442679618878 0.8697837687949467 -524.5950060072367 0.06505286120893872 0.9943454338040197 0.08393618719972068 -57.82265402749608 -0.8736758326749826 0.016112956911862097 0.48624161897068446 337.56979883771714
0.4815260656366895 -0.10808953316173911 0.8697409389774222 -524.3956914620708 0.06573049804558076 0.9940248582422835 0.08714403492545178 -59.17308981760547 -0.8739634716274649 0.015206380808257973 0.48575365798271014 335.63527574437586
0.4840301687340702 -0.11000919616572512 0.8681087331171358 -524.6625304813504 0.06233547727754647 0.9938805164827895 0.09119104796241698 -58.633504503079635 -0.8728282099175346 0.009974753875377489 0.4879256298425792 333.13928788352274
0.48320150379823534 -0.1103147867904499 0.8685314931207168 -525.1822379363322 0.06443315793339532 0.9938207113597246 0.09038120286420628 -59.377866116461 -0.8731349694553839 0.012289893727296927 0.4873235923145089 329.91219691724814
0.48603609704768685 -0.1119054054725597 0.8667445370999887 -526.1700072227762 0.06417791821815047 0.9936605724531863 0.09230309618420456 -59.849596783943284 -0.8715790883103127 0.010763223403243746 0.4901367623859038 325.96362776841727
0.4862611847944881 -0.11332270816304904 0.8664340851887425 -526.3035205476764 0.06542539224341964 0.9934933330893019 0.0932229325697515 -60.7489021462799 -0.8713607623780494 0.011356096235157924 0.49051142786508295 323.4428640985311
0.48570404232708964 -0.11345555396411852 0.8667291506242418 -526.2813173711801 0.06387625578177897 0.9934968484062825 0.09425410417634403 -60.196417775946784 -0.8717863311697571 0.009583813514429204 0.48979255129503063 321.4997997836775
0.48546294980727506 -0.11915489163181403 0.8660992068837322 -526.1224489266083 0.0661656017883542 0.9928348814474327 0.09950382566136551 -63.072683746928135 -0.8717498709517565 0.009000554509203097 0.489868505329872 319.12649202907596
0.486526383059951 -0.125521003595435 0.8646019640522434 -526.1689112063392 0.06879757705098768 0.9920566930833981 0.10531102079244115 -66.2986467341644 -0.8709529103106065 0.008245930197821813 0.4912972955926558 316.3635710815119
0.4870722441103727 -0.12434243269329068 0.8644649145275937 -526.3490711360342 0.066721760642868 0.9922182366800254 0.10512458064742428 -65.05296972285056 -0.8708092992578808 0.006475355704164666 0.49157830921889056 314.47511388935385
0.4883499091046514 -0.12327673728866821 0.8638965287121713 -526.2664919097155 0.06511349981712454 0.9923593703736926 0.10480034433671388 -64.07604361977603 -0.8702152598173879 0.005072087833344091 0.4926455881320433 312.94345964758094
0.4850527097975862 -0.12490217886298936 0.8655191011371712 -526.3578204817908 0.06663837872806865 0.9921487829246004 0.10583061476590247 -65.4195916055209 -0.8719421971659094 0.006343363186210933 0.4895677343789874 310.5404633741438
0.48645738230390034 -0.12771663935122635 0.8643191975392343 -525.9368423454355 0.0723565107305004 0.9917490184385933 0.10582258634617381 -68.20525117801022 -0.8707030208727565 0.011060942948736892 0.4916847617977812 308.62074009298703
0.4879878615474089 -0.12605959108681677 0.8636995001025595 -526.5400179237226 0.07138235858504483 0.9919651491134802 0.10444951807981818 -67.21182458159737 -0.869926666946831 0.010682810458616937 0.49306538277948725 305.80207335217756
0.48777533219471536 -0.13156958588696072 0.8629974909418153 -526.2875925834726 0.0745647418423541 0.9912437444006028 0.10897677945624637 -70.24770996032693 -0.8697788940738435 0.011193000321894991 0.4933146989169042 303.7760562605654
0.48943228204375755 -0.13553742919161788 0.8614439311885407 -525.7724032754886 0.07827898050775652 0.9906880971143328 0.11139791491158516 -72.84999322413698 -0.8685208359642884 0.012911216987939476 0.4954844679420176 302.5230710907713
0.484761886588258 -0.13860990976927898 0.863593194869636 -526.0296406591914 0.08188620370288571 0.9902185499645295 0.1129684599756665 -74.90012585745843 -0.870804549227048 0.01595356448874667 0.49137045172210037 299.66176022247123
0.4889523919607659 -0.1367093458866593 0.861531260688251 -526.4890764830337 0.07965773631398335 0.9905139470853672 0.11196769924714005 -73.54783948830207 -0.8686657604862629 0.01388075562092557 0.4952041207241865 297.320621938844
0.49120587500135043 -0.13792742249886378 0.8600539602181817 -527.1479774136686 0.07920488349122484 0.9903656513306427 0.11358900957211314 -73.89749030830143 -0.8674349398054585 0.012324884877841016 0.4973979517624181 294.2758368394053
0.49301586006076 -0.137943449031877 0.8590151143011042 -527.7512540243434 0.08062846597152677 0.9903457697427439 0.11275773511263197 -74.31066320912863 -0.8662761754796373 0.013669719157396162 0.499378340113516 291.610128890113
0.5034135690699194 -0.13497121195917147 0.8534386623645298 -528.5337747846231 0.07972437022605461 0.9907664000400955 0.10966296249713589 -72.18867124073061 -0.8603596941212115 0.012834036538114706 0.5095257444308323 289.0498745863666
0.49728363475213727 -0.13548091767994552 0.8569445183629466 -528.9075339010067 0.0790782074095324 0.9906985908449297 0.11073815607443126 -72.71596068562744 -0.8639766337816074 0.01269736360312429 0.5033717843075157 286.5781900449952
0.4961194312200275 -0.13396025082350269 0.8578578910083072 -528.8181251190356 0.0770730149420193 0.9909204135024976 0.1101657136852765 -71.50749420818796 -0.8648267227217621 0.011462342838324653 0.5019395923445301 285.70061115896345
0.49664276906863847 -0.13417011035071003 0.8575222104530664 -528.9054833690532 0.07725008542180288 0.9908919861900429 0.11029730734100429 -71.58355427846888 -0.8645104882152437 0.011465303869941573 0.5024839923549911 283.9397789547196
0.5026824805045061 -0.13228839580816992 0.8542892391504987 -530.3533112987126 0.07755343803386248 0.991138131163094 0.10784558036218934 -70.87481019410298 -0.8609853587854818 0.01204098372354033 0.5084871942025726 279.2648255946749
0.5042713133950661 -0.13393125571198017 0.8530960445519762 -530.9482264697724 0.07699893462431442 0.9909382451948281 0.11005706827330766 -71.28766727570526 -0.8601055787248073 0.01018886419612753 0.510014294400517 276.20990116307127
0.5068395644002551 -0.1330474810842014 0.8517112325992353 -531.6671009803154 0.07670548437885204 0.991059218119549 0.10916911122874355 -70.8223110638474 -0.8586209435046208 0.00999969786629408 0.5125134938885195 273.1863716306782
0.5097473753952655 -0.13060347381753773 0.850353071320631 -532.5255354135096 0.07666927025702873 0.9913735661956428 0.10630275277145088 -69.80993647795003 -0.8569010656288701 0.011008400216437009 0.515363346435097 269.8993442395228
0.5133507702371239 -0.1289630252693689 0.8484335712419233 -533.5106777681991 0.07632109304827162 0.9915874377038982 0.10454398186282463 -69.04131248797046 -0.8547783791444825 0.011085643923095287 0.5188747739541224 266.24009849439597
0.5163690934081222 -0.12967561336922534 0.8464911072599578 -534.1989873725248 0.07537738173356907 0.9915145552924662 0.10591098605043214 -69.05177644005849 -0.8530423258525136 0.009117123477183457 0.521762080227795 262.94636581039777
0.5195165941338589 -0.12876913188098515 0.8447017338055918 -535.0244829461913 0.07353178494552651 0.9916493846684518 0.10594609237440389 -68.03810628167714 -0.8512905408979241 0.007071673161164645 0.5246469350109857 259.6914114562246
0.5233607707617419 -0.12714165999555857 0.8425725499452549 -536.0138981364823 0.07026973727086176 0.9918775977748355 0.10602355896830543 -66.39966188100937 -0.8492088480765844 0.0037187801757377972 0.5280440351168121 256.06540768687205
0.5277734824665101 -0.12726196994252578 0.8397973221030894 -536.6852965360268 0.06922759899117406 0.9918675592794626 0.10680020780372579 -66.141562691612 -0.8465593249991932 0.0017708346476951811 0.5322914365284876 252.874783821861
0.5296451708145945 -0.1280513488503463 0.8384979696399902 -537.4917355822045 0.06811654397086271 0.9917674894207605 0.10843146852047704 -66.14978157080068 -0.8454798220361291 -0.00031461984774389107 0.5340072766771131 249.22000482554412
0.5336186613560742 -0.12733745183156409 0.8360839058453375 -538.4848224047929 0.0680222970751999 0.9918592882360757 0.10764812790029533 -65.80502083438508 -0.8429852260586566 -0.0005707020844380462 0.537936411619409 245.18613619350535
0.5374571401930076 -0.12563992267335805 0.8338791472906528 -539.4731705552471 0.06896637336898191 0.9920753393660624 0.10502457029687015 -65.32755744610462 -0.8404662169295587 0.0010634154149000916 0.5418629045688322 241.14307419158055
0.5423541196859261 -0.12477246727664129 0.8308332204897706 -540.6370656249102 0.06764549624922567 0.9921851610207099 0.10484604469174774 -64.6026606537206 -0.8374222923333843 -0.0006615587709712448 0.5465560050379946 236.57124756212002
0.5466145769565112 -0.12320214312051181 0.8282715353005723 -541.7039272756376 0.06602181387379832 0.9923791867256349 0.10404167360524944 -63.51474400648798 -0.8347775897515863 -0.0021867062630012563 0.5505829582944349 232.31870989462175
0.5514291648224204 -0.12173265919901106 0.8252920912426007 -542.8650935244993 0.06834454422834989 0.9925625581665879 0.10074021739115907 -63.47801434877451 -0.8314174038697211 0.000853117891201384 0.5556477055944682 227.43989606314847
0.5358893417875514 -0.11784133434922343 0.8360239430048036 -543.4035331727162 0.06247775451294861 0.99303156527805 0.09992417401432621 -60.75739715807471 -0.8419733627315799 -0.0013154011632005788 0.5395174938500653 225.37527378003725
0.5555204385645539 -0.11758496585481348 0.8231468994911952 -544.0785910122495 0.06781465103351866 0.9930598250092377 0.09609035881827052 -61.62793200168114 -0.8287328975262462 0.002441261465767279 0.5596390129362034 221.51346006208098
0.557984827071501 -0.11537813517240253 0.8217912257271466 -544.7285727765305 0.06435687693512146 0.9933214923778028 0.0957632767374453 -59.76539029854012 -0.8273518750502381 -0.0005465386296591018 0.5616836975971277 218.5250037974048
0.5619800531661052 -0.11771154313580676 0.8187321982528896 -545.4898913911643 0.06140890768057708 0.993028044523993 0.10061932640568157 -59.95493149936303 -0.8248680900003952 -0.00626860442537501 0.5652904905423921 214.53547329509692
0.564562792846524 -0.11958806712716821 0.8166808110480621 -545.9665612658331 0.058325033904991434 0.9927549465241639 0.10505144726173912 -60.101963500423984 -0.8233268144262729 -0.011675202464722638 0.5674474832917081 211.36515482665675
0.5664444096064618 -0.1226187154753049 0.8149266110765883 -546.2444082114619 0.06054046905175855 0.9923882695172088 0.10723979733118062 -61.84526884444653 -0.8218732155464004 -0.011409344408240554 0.5695561819764527 208.12354849144032
0.5672230093169971 -0.12332097772667691 0.8142788184362323 -546.2222001372593 0.060462854294645874 0.9922928359366336 0.10816270613930479 -62.080955946150745 -0.8213417686638823 -0.012118754117880194 0.570307666831436 206.17486071071892
0.5678957217013679 -0.12309495856906563 0.8138440148137495 -546.2989492945399 0.06239099912357085 0.9923471265877097 0.10655770071411315 -62.437486012171014 -0.8207324853456485 -0.009737121134911625 0.5712297050840047 203.8225003220718
0.5686818890503229 -0.12219458564383825 0.8134306315264301 -546.3509571704546 0.061938285206828925 0.9924580132767837 0.10578629735621213 -61.9239355065721 -0.8202222612754386 -0.009776252964714904 0.5719614208897101 201.72893605898133
0.5661193270484925 -0.12473924704614509 0.8148306743051114 -545.6221083269293 0.05984669551915018 0.9920953018827599 0.11029635088067813 -62.6070964526443 -0.8221479675688556 -0.013675972671672094 0.5691095564070978 201.67174676314315
0.5645781283704026 -0.12931867504526517 0.8151860016280398 -544.9397585624134 0.062285882862407535 0.9915088102452408 0.11415230178195054 -65.04171271843516 -0.8230261270226017 -0.013673313080748546 0.5678389161968138 200.75724586498168
0.5623466346099092 -0.12959596143314933 0.8166830164287284 -544.4349243585099 0.06035303046379516 0.9914407786297035 0.11577000554531942 -64.7413633656422 -0.8246961708755203 -0.015813578037393763 0.5653548942858015 200.23481878507874
0.5610493785255737 -0.13612984606860964 0.8165122533467604 -543.634860816528 0.06251051860622517 0.9905361750592957 0.12219051093469202 -68.02833428727959 -0.825418699763731 -0.017514305816587777 0.5642492526996511 199.45986221380176
0.5564458765365444 -0.13732808348223985 0.8194565174385837 -542.8718175757725 0.06162934819455415 0.9903516676529092 0.12411848298386674 -68.28382793329575 -0.8285950820072439 -0.018562647014824678 0.5595405420603692 200.00159527056945
0.5574692637815473 -0.1445461028770539 0.8175172439049319 -542.3720908578238 0.061208286698290676 0.9892021970722379 0.1331636547520276 -71.36133966473672 -0.8279381411544702 -0.02419581473134349 0.5602972398389688 198.5754398343389
0.5560010149849625 -0.14099511386921726 0.8191356720352849 -542.3218439443414 0.0545353633667978 0.9895721248572844 0.1333150548433676 -68.19274185379828 -0.8293905988604782 -0.029451444284537963 0.557892325589277 198.42301175291934
0.5558367649786486 -0.1471488455321077 0.8181642304309314 -541.9330575460184 0.05378434057130297 0.9885123007543226 0.14124686179418472 -70.60574659999789 -0.8295497184662174 -0.034505775110310714 0.5573657830156568 197.26954284442246
0.5541739769553573 -0.14233028701524536 0.8201422392875768 -542.2584023925758 0.05173744001202457 0.989257749878826 0.13671993858133522 -68.13791113215147 -0.8307914543171981 -0.03333457218624222 0.5555847061706026 195.80130439908555
0.5576502723115995 -0.1397910552793935 0.8182204071365323 -542.6616962669161 0.05048033639562266 0.9896042055434571 0.13466718979799186 -66.76916780299712 -0.8285396245371636 -0.0337931536642725 0.5589097541976156 193.70408976695498
0.5579359318432475 -0.1411773714052364 0.8177875309402284 -542.6932470485755 0.05063166464023495 0.9893789260235701 0.13625628527229702 -67.53090543218588 -0.8283380532692953 -0.03461633347936699 0.5591580983608119 191.83825293089606
0.5559229267599711 -0.14019102588495946 0.819326659986083 -542.5530370241339 0.05065104819394612 0.989556826825391 0.13495094590301254 -67.1182877579283 -0.8296892013395633 -0.03352257067388926 0.5572181497725391 191.21020472124266
0.5587376286480913 -0.13607801270489864 0.8181045390358088 -543.155800851755 0.05327427098802703 0.9902989151724522 0.12833514974066504 -65.92926348868153 -0.8276316296417157 -0.02812175432916828 0.5605667244405861 188.34156474783288
0.5578995359396591 -0.13995208703303993 0.8180229343566167 -542.9419078426821 0.05691583393622315 0.9898099544017771 0.1305252543169184 -68.36708936040334 -0.8279545251073016 -0.026261521323951598 0.560180003973807 186.71106216268842
0.5596035889596556 -0.1418366757676912 0.8165330248254773 -542.9253013626598 0.05758723325287424 0.9895195950435106 0.13241858476515178 -69.4573224645906 -0.8267572399379105 -0.027080037520237597 0.5619066984634999 185.00304313115188
0.5610619900819889 -0.14218835006231118 0.8154703651217473 -543.198544689666 0.057664990680991304 0.9894571707354461 0.13285050293456718 -69.54066629596736 -0.8257627941091797 -0.02751327655449122 0.5633460991950123 182.7077668049266
0.5619705064169096 -0.1419171182495798 0.8148918219403462 -543.2604780348014 0.05794034166354931 0.989505518929093 0.13236972772041722 -69.44412125132975 -0.8251254854417195 -0.027172772339255483 0.5642956438941964 181.22991943606826
0.5578600944062995 -0.14160345834768626 0.8177655994555956 -543.4154457440027 0.05645822625077717 0.9895293209929141 0.1328314404947795 -68.9109539868501 -0.8280124297120247 -0.027931764700376026 0.5600136005161948 179.61422961811874
0.5637713126207647 -0.14584669500274033 0.8129518119929602 -543.4416413430392 0.05715101846118312 0.9888149035112042 0.1377637386360334 -70.94938557573418 -0.8239512535063644 -0.031206219747118562 0.5658007632500905 177.25263622069227
0.5665207775278782 -0.1478930925452126 0.8106675285261039 -543.5820248720427 0.056381309394238896 0.9884143752189354 0.14091902217781982 -71.7159877211714 -0.8221163887067325 -0.03412705727095353 0.5682956865768256 175.03423764754135
0.5678162941244187 -0.1482872341620116 0.8096885526616961 -544.0240212609682 0.05607465774395795 0.9883232174048627 0.14167868822585253 -71.82797712407043 -0.8212431362792079 -0.03504445923510723 0.5695011826073844 172.0944084605292
0.5678007902223511 -0.14939075944155525 0.809496549477729 -543.9406998285489 0.05736512084949324 0.9881843646829039 0.14212988533791432 -72.53191470324172 -0.8211647249686246 -0.034264593821042195 0.5696616821214872 170.767141270989
0.5684885261072095 -0.15355856790180455 0.808232987391878 -543.7950123481709 0.05798473868283843 0.987461361466054 0.14682584817221409 -74.49416912037144 -0.8206452130880529 -0.036603631453095024 0.5702645073999525 169.04094847678493
0.5706045847949789 -0.15285850927901118 0.8068734002010156 -544.1925315697424 0.05779962506003248 0.9875629079720423 0.14621458935661402 -74.16226599630312 -0.8191883856316993 -0.03679373504826685 0.5723430875858714 166.38385398050642
0.574189825957452 -0.1530913812914278 0.8042817123006303 -544.343333396932 0.05908107189709816 0.9875488861074436 0.14579651741875505 -74.42608046557365 -0.8165876993381918 -0.03619705129192281 0.5760853259434136 164.40310874450046
0.5738132877047459 -0.15437480217715538 0.8043051232624562 -544.7032038677626 0.058866173645684916 0.9873082958254593 0.14750289012268014 -75.0328412769789 -0.816867850055189 -0.037292753277165205 0.5756180731172553 161.39062317098578
0.5721531877940944 -0.15339753065236483 0.8056735860674673 -544.9165937187003 0.05962411060067854 0.9875333480525976 0.14568065046225337 -74.63132221258797 -0.8179765859314885 -0.03531407755816348 0.5741665444747562 159.5224632871116
0.5770252976703235 -0.1548951150672249 0.8019035535379461 -545.1849478455438 0.06069890878167811 0.9872688890905185 0.14702306998116646 -75.60769637875042 -0.8144675858014166 -0.03616136007238405 0.579081089068299 156.61843787549307
0.5800773724016914 -0.15841601676626949 0.7990085153860742 -545.238516128627 0.061227740409895 0.9866112662089004 0.15116009127401572 -77.29458167045037 -0.8122569826304036 -0.038763062592876735 0.5820103256356994 153.65121689578822
0.5811914959465184 -0.15876354292854025 0.7981294271458896 -545.5825224390134 0.06007790523963047 0.9864785861690419 0.15248161965281715 -77.32251221152045 -0.8115461110383477 -0.040671076537337536 0.5828711463023607 150.8307515610114
0.5830958079820182 -0.1584637665152675 0.7967989165502122 -545.8905047125684 0.060181223335980014 0.9865227670046888 0.15215469279387137 -77.1916148863403 -0.8101712776145437 -0.04076842998212294 0.5847738332425713 148.13510819093614
0.582108030531375 -0.15835911882327583 0.7975416166422912 -546.1085767275754 0.05933845578715662 0.9865095853373258 0.15257059252153757 -77.04632420061863 -0.8109433941131029 -0.04148767917217116 0.5836519373918223 145.87046015635372
0.5845467771014583 -0.16085037591822351 0.7952560731910596 -546.0390617829319 0.06403171600708693 0.9862403987377186 0.15241330402183817 -78.97759518452796 -0.8088294039693942 -0.038171094621869184 0.5868031721198196 143.56825278790672
0.6099770652795448 -0.16234480619408803 0.7756108197638542 -546.2101955682233 0.06758296809458991 0.9858804952655467 0.15320636892272427 -80.61938421736609 -0.7895318373925649 -0.04103429001169931 0.6123362350757597 140.50645493710542
0.5873531927297834 -0.16664454462943645 0.7919885243710151 -546.038811177449 0.06546315162098057 0.9851479463624826 0.15873909272019826 -81.95484158050384 -0.8066788721480057 -0.041389848067261134 0.5895388686990796 138.96803404411753
0.587435137331334 -0.17128757293172067 0.7909364872021503 -545.8473874365301 0.06593440431038544 0.984224912647025 0.16417665989168656 -84.20548696383415 -0.8065808166307649 -0.044293212619050046 0.58946204081275 137.15850800408975
0.5883698772390579 -0.17567701866331636 0.7892771836758393 -545.6432601190565 0.06802315583629846 0.983406808000431 0.16817818006053573 -86.58668041199856 -0.8057255971034843 -0.04526185029328921 0.5905570481166584 135.0638086872131
0.5882379274358673 -0.18085596853501676 0.7882050871259435 -545.2532210640156 0.07127327295340383 0.9824731461618117 0.17224005815553167 -89.51731464480541 -0.8055409743076168 -0.04514017851285439 0.5908181640702685 133.764437889152
0.5891363901122538 -0.17978717772097452 0.7877784489135439 -545.5515193784485 0.06797937892967673 0.9825043827325887 0.17338956702059782 -88.53396430076567 -0.8051689995807326 -0.04859741390631491 0.5910509059935367 131.35679759851323
0.591716014251429 -0.17964939767761412 0.7858741962887402 -545.8677574729836 0.06512541174369266 0.9823192502632159 0.1755208571866269 -87.99632921602007 -0.8035115675729986 -0.0526781214204174 0.592953772481463 128.83955450988577
0.5949803887796682 -0.19724225950238783 0.7791622604015082 -544.8560169644522 0.07058337711672809 0.9784976729454555 0.19380477526399076 -97.31252186176583 -0.8006349504252189 -0.06031413687288349 0.5961089506549003 124.89442356524052
0.5967044074978846 -0.20152382550686282 0.7767444868331401 -544.7212198180571 0.07221834712460239 0.9775110251713774 0.1981330512736157 -99.57515176377782 -0.7992048300724848 -0.062131661988733974 0.5978388546818689 122.48072868060486
0.6008981412237882 -0.20333721548865158 0.7730300127880664 -545.1221506157261 0.07263443003720332 0.9769920133637793 0.20052642069452986 -100.66954220031313 -0.7960186326003725 -0.06434735908108914 0.6018419675731516 118.35821089039842
0.6029885026225813 -0.2030017672168879 0.7714889164542792 -545.470764404773 0.07390973703475173 0.9771377299673044 0.19934695243669337 -100.81057745178657 -0.7943187121530194 -0.06318337741181534 0.6042066238816032 115.52764616362245
0.6058100868238071 -0.20506065842777016 0.7687289932529543 -545.646235211519 0.07545311243910925 0.9766673024033803 0.20106667610361267 -102.1416235164673 -0.7920233371093194 -0.06380522534458549 0.6071473681841537 112.36796269096986
0.6086053722420363 -0.20946450718784093 0.7653261534187157 -545.6362468607174 0.07910913685473382 0.9757392594045813 0.20414368009492273 -104.8978627857192 -0.7895196294863298 -0.06369864900572138 0.6104107115464262 108.6983549769168
0.6123573019194815 -0.21376598656465862 0.7611324705817846 -545.6553184543964 0.0809911709060766 0.9746476870533878 0.2085720891124792 -107.4179992940933 -0.7864216203927481 -0.0660756317375738 0.6141457855178402 104.79693412445953
0.6134596120386625 -0.21557362895519028 0.7597337131498533 -545.6786859845839 0.08282252695032323 0.9742787650766294 0.2095741323501567 -108.57044304235693 -0.7853710800805799 -0.06564219999244358 0.6155350259353365 102.55091055663583
0.6171111951805093 -0.21865479486941647 0.7558861378961097 -545.7920257496023 0.08500516244934055 0.9735197688340795 0.21221070200675923 -110.48388644301349 -0.7822709857458887 -0.06670337600042264 0.619356734435254 98.66934950133415
0.6189336834466425 -0.2239583188070034 0.7528371450269388 -545.4995334185035 0.08573148429306678 0.9720231907729161 0.2186801984646688 -113.29445571124337 -0.7807504134459867 -0.07080669485846598 0.6208181729517436 96.26069353518152
0.6213997425268071 -0.22388228320417397 0.7508256010918275 -545.776210452142 0.08478319201826963 0.9718918273596275 0.21963170595967524 -113.21947796623712 -0.7788929132678069 -0.0728216944244645 0.6229147858915687 93.57254798263318
0.6234545114580705 -0.2231042960462259 0.7493523505189641 -546.1161364346273 0.0811695348054348 0.9717135177534256 0.2217754405580835 -112.50335870404358 -0.7776348621056335 -0.07744231724955489 0.6239284484113314 91.58844239521736
0.6244787507488331 -0.23168452999335148 0.7458877720038964 -545.2270561585927 0.08309941067957803 0.9692791859612462 0.23150021081418204 -117.00355675968389 -0.7766085100022299 -0.08258412816070466 0.6245471030819475 90.47577233862239
0.6259015686933216 -0.2339678005274955 0.7439800364415469 -545.132638465858 0.08290808889428565 0.9684956663875228 0.23482417461685107 -118.22000141399289 -0.7754827368182585 -0.08529485626293189 0.6255807800691684 88.47519058168396
0.7843832413562654 -0.2287223589773068 0.5765665730713971 -544.0086818593396 0.13016142332522307 0.9695297729982186 0.20753318565466775 -124.08974046218452 -0.6064659384972835 -0.0877388270600806 0.7902537337265357 86.54235534721168
0.7850486168029432 -0.22983238721640886 0.5752179961042531 -543.9816977028873 0.13236345968848015 0.969412216600256 0.20668785364765616 -124.94195611852037 -0.6051269154442578 -0.08612216957662797 0.7914571296743322 84.33640568278439
0.7845153185538932 -0.2268773634022947 0.5771155663555667 -544.2886930454084 0.12976555382179755 0.9701260285504918 0.2049789983636679 -123.18152167524289 -0.606379927104786 -0.08591944311082039 0.7905195970372404 83.9999367285516
0.7843213215966698 -0.22345511906531965 0.5787122551427067 -544.6721755016498 0.12659091861848445 0.970894432422972 0.2033193065436811 -121.1507050637797 -0.6073012463449928 -0.08620795122016842 0.7897805931613155 83.44838896593174
0.7845398233149657 -0.22621456005275697 0.5773423927385377 -544.351350928174 0.1293332332653061 0.9702986717761725 0.2044343472182142 -122.78580255794405 -0.6064405827499213 -0.08571732829208492 0.7904950089813362 81.61681753332407
0.7842643440299589 -0.2254799116563957 0.5780036748349291 -544.3790563112096 0.130840345362783 0.9707785467359158 0.20117111428495632 -122.60835585257001 -0.6064736125410619 -0.08214513154610732 0.7908488696676924 80.31494730985337
0.7838632317044959 -0.23155111853753255 0.5761445248249799 -543.5908876613837 0.13879244678643696 0.969729685855639 0.2009004556623953 -126.40895143247914 -0.6052231742893012 -0.0775139721233625 0.7922729917325473 78.08520361510278
0.78519182343832 -0.22561288243790564 0.5766911024835272 -544.4270058087745 0.13475040113594908 0.971203388040303 0.19648488097748706 -123.16819227030169 -0.6044138729374989 -0.07656896458158634 0.7929823855947853 76.30579127321033
0.7855654244513315 -0.22590386230772164 0.5760680592612761 -544.4476826590144 0.13196167242952078 0.9707212991573229 0.20071441495797732 -122.96403482706575 -0.6045436964489854 -0.08165540004661781 0.7923757408748855 75.32159304345835
0.7870730248450721 -0.22409511013964406 0.5747150904341465 -544.789005444632 0.12582759370926905 0.9704143248454784 0.20606662707976142 -121.44986485230011 -0.6038902799537045 -0.08987446659755566 0.7919842864800042 73.94297033079981
0.7874918543248524 -0.22404866534085224 0.5741591895380482 -544.8436295140939 0.1239816013622009 0.9701286183266082 0.20851624979212102 -121.2222511025528 -0.6037260487138765 -0.09301967244991087 0.7917462968916504 72.75000692271949
0.7884902198963268 -0.222394922995129 0.5734314879336789 -545.1221721479253 0.12439046253631023 0.9707325733060046 0.20543924637883892 -120.54286689937777 -0.6023372692751504 -0.09065742853563151 0.7930769475236699 70.48429124082053
0.7890797373935119 -0.2222268463618396 0.5726852510682091 -545.1774545925018 0.12631196717288096 0.9710460320908876 0.2027680707346699 -120.72025986122931 -0.6011642495889983 -0.08766317537378167 0.7943026581218788 68.3132756347188
0.7885868550933334 -0.2217693822225546 0.5735408556350913 -545.1874576391102 0.1273268900490221 0.9713776933774194 0.20053239109731955 -120.55488609307875 -0.6015967378937906 -0.08511003417571025 0.7942528860748063 67.38863514744521
0.7885735868513621 -0.2212344067637228 0.5737656624304743 -545.222368118302 0.12687516358719902 0.9715013205175809 0.2002195722134032 -120.21671302392062 -0.6017095569999689 -0.08509125393658462 0.7941694325006478 66.25456312037596
0.7919528802690268 -0.22068016153130116 0.569307387744188 -545.2128809857719 0.12713957603433806 0.9715643941938985 0.19974522807930004 -120.09834355134196 -0.5971985964814394 -0.08580730878638279 0.797490402524969 65.25972713609505
0.7869895844551186 -0.22062888682539228 0.5761686283175681 -545.1555035053044 0.12639683394968526 0.9717219096447386 0.19945017092967904 -119.72057740384203 -0.6038801489754863 -0.0841393166989769 0.7926218146498201 65.32466689678725
0.7853173561656367 -0.219892376781397 0.578726181141343 -545.0928439549784 0.12587337937165372 0.9719829887947492 0.19850683076203263 -119.20525051453576 -0.6061621420631399 -0.08304463936374623 0.7909937075618055 65.68819732154063
0.7839719449110445 -0.2179603004629646 0.5812755775142188 -545.1864592483123 0.12365389531640658 0.972402229647196 0.19784746131866598 -117.92241585364908 -0.608356559729139 -0.08322986963378026 0.7892877073889283 66.04213447957909
0.7819611254469102 -0.21802181035339563 0.5839548685472444 -545.0398142776082 0.12364225712112663 0.972472371024776 0.19750969557832715 -117.76530096821642 -0.6109413969799351 -0.0822434058370532 0.7873922984462872 66.61282761135992
0.7811377521403963 -0.22672762651823317 0.5817373939798416 -543.8895760539003 0.12926706513016314 0.9702763436982067 0.20458211733256065 -122.58673798519968 -0.6108304495141701 -0.08460732966503569 0.7872278969353596 65.63639114715897
0.7794642625905973 -0.2316021467245184 0.5820617741929898 -543.2217900536441 0.13178745627467298 0.9689789104515626 0.2090739999826704 -125.1695293581468 -0.612427570993295 -0.08625727060774152 0.7858066896855456 65.49631407539536
0.7781652116731017 -0.23459415316516846 0.5826014818402664 -542.7798614264996 0.13364073724086623 0.9682262294641355 0.211371998919869 -126.71141090064515 -0.6136766711318548 -0.08662304473049212 0.7847913043797979 65.21769862679152
0.7778754076818957 -0.2336763811893644 0.5833568367628578 -542.8281341245353 0.132601860714827 0.9684268432395892 0.21110707195158063 -126.11357748305923 -0.6142691565256148 -0.08686079764339649 0.7843013484459036 64.6196699056301
0.775588568761315 -0.24027814291057384 0.5837197838400039 -541.9097623621442 0.1381088319912618 0.9669090282363155 0.21450613427385562 -129.795109337428 -0.6159450645412985 -0.08575164811564744 0.7831081230026068 64.41113262200054
0.7755041413388696 -0.24433302316677438 0.5821466314911106 -541.3621424355082 0.14283501644185978 0.9660695507863934 0.2151924281229003 -132.22981681843422 -0.6149727513022964 -0.08373169551347014 0.7840902488375451 62.725081608021505
0.7743965519873863 -0.24667147359146546 0.5826346748917904 -541.0260629296507 0.1433542088156078 0.965327486984699 0.21815685569483503 -133.38013602834727 -0.6162463396117647 -0.08541678399483857 0.782907671393684 62.52879051700021
0.7738573767920698 -0.2498705001976238 0.5819875372510015 -540.6080185290888 0.14475618910434596 0.9643444858608872 0.22155215707748804 -135.0701307943688 -0.6165958206965754 -0.08720347309993094 0.7824353955304082 61.725921923623254
0.7736704624295302 -0.2515376021285555 0.5815177127822448 -540.3990472797349 0.14547638038040622 0.9638196097159175 0.22335707438644464 -135.9336920628011 -0.6166608778862919 -0.08820767904481391 0.7822715430347923 60.83697002074156
0.7729895457466812 -0.2536848771458167 0.5814904515758201 -540.1012991443017 0.1463992878119491 0.9631612467880053 0.22558293644229663 -137.0527966403284 -0.6172960478526437 -0.08924346358858457 0.7816528599782767 60.26934540729064
0.7724405567194225 -0.255888469642871 0.5812543999307173 -539.7909747454894 0.14748169570685754 0.9624904945057422 0.22773053685775596 -138.21585167228955 -0.6177254533904352 -0.0901839181335639 0.7812055588279311 59.72814971623616
0.7707041224761606 -0.254674684827732 0.5840855763551662 -539.9166878461251 0.14578686247893352 0.9628165207436914 0.22744348333500652 -137.3714343848408 -0.6202913398773191 -0.0901396266406082 0.7791748849791631 60.3153483295265
0.7680974558495005 -0.25799149546695604 0.5860603096817324 -539.4471939693001 0.14835732174828914 0.9620394711293463 0.22906366161580952 -139.09216177450844 -0.6229096269935143 -0.08899687778731943 0.7772149975025635 59.994649415393674
0.7673849057055494 -0.2582037168618227 0.5868996908280194 -539.3374392508325 0.14831242799869848 0.9619898699715927 0.22930092405650926 -139.15123667776777 -0.6237979081372557 -0.08891754984691062 0.7765113258239098 60.591529812608144
0.7661465222778007 -0.25803104758670836 0.5885911016002002 -539.3218898965566 0.14714451410365362 0.9619595746606489 0.2301787754939693 -138.88245000787302 -0.6255941163173061 -0.08974271669617156 0.7749698358188915 61.09341540415928
0.7645321847184738 -0.2606436019790068 0.5895383374107289 -538.9107921088373 0.14804464290143696 0.9611537390680961 0.23295122576111155 -140.1696375464114 -0.6273542238941118 -0.09082071692531084 0.7734198569595877 61.42678560993342
0.761644688828672 -0.2644760116583153 0.5915655561612646 -538.2817506390004 0.14949588658445118 0.9600073004151832 0.23672127712540159 -142.02418119986012 -0.630514351837771 -0.0918608861641501 0.770722537441155 62.66441496641443
0.7601574161158225 -0.2614916962608188 0.5947964319922875 -538.6660308124151 0.14581825569855253 0.960745987880753 0.23601733638880745 -140.07598656941505 -0.6331648592816469 -0.09267815037901667 0.7684484507194849 63.693583284321655
0.7606475876561236 -0.26167206121498293 0.594090043488714 -538.5234274225363 0.14675032132829907 0.9607820236960868 0.23529183184397448 -140.1906481012856 -0.6323603328664447 -0.09179125950739755 0.7692169876537341 62.136358055913405
0.7602152491849723 -0.2638378657268943 0.5936854011303525 -538.1574452439975 0.14452644687044103 0.959605872924655 0.24138905278308784 -141.01142159323248 -0.6333915700904424 -0.09770439732779715 0.767638567088168 62.08391120699016
0.7586224344197656 -0.26281338170236057 0.5961720627412842 -538.2040792530444 0.14060397335975733 0.9595108044392482 0.24406871745431757 -140.0027045704933 -0.6361780605070227 -0.10133184377339723 0.7648590280352365 63.305850680304474
0.7584831726843012 -0.2584348583987902 0.5982597268069729 -538.776973781455 0.13637177588337235 0.9606261238879366 0.2420747587966453 -137.40070175276514 -0.6372644784523707 -0.10202388969469839 0.7638619707999555 62.988300634511255
0.7591205246160978 -0.2607098707535227 0.5964615598664023 -538.3824170221914 0.14091325410764283 0.9603821522996681 0.24043622098396888 -139.00205077798398 -0.6355151327257087 -0.09847073085916709 0.7657832795515231 60.719044035427835
0.7578886547781577 -0.2600205894575015 0.5983260649651893 -538.4008216293495 0.14112573295218395 0.9607668820127426 0.23876877083534487 -138.6031468720222 -0.636936664400208 -0.09652093806882538 0.7648499160338913 60.872342726916955
0.7566045388171659 -0.255453426531196 0.601907898863883 -538.9509708357955 0.1373892312884616 0.9620860231501838 0.23561554105158186 -135.8769702685907 -0.6392759740262645 -0.09557212424412717 0.7630152017491106 61.29610013827339
0.759224438216051 -0.258015032051246 0.5975002055657523 -538.6255344201685 0.13827934204576509 0.9610492668566162 0.23929715885850147 -137.4709120451039 -0.6359693986182922 -0.09905831570320126 0.7653302385971253 59.164177838259164
0.7581063574975242 -0.259568037362079 0.5982467590399754 -538.4331031439575 0.13941384882534075 0.9606724014098651 0.24015061091970635 -138.19539094360667 -0.6370545733903346 -0.09865582167009457 0.7644792341019195 58.11317318347328
0.757890351926979 -0.2617628703624999 0.5975637322960498 -538.1802075063902 0.14121839983467604 0.9600813369223442 0.24145639366464863 -139.4796859555611 -0.6369141056721334 -0.09861047709543483 0.7646021160073239 56.13143072470892
0.7589817008407386 -0.262911199637987 0.5956714521393603 -538.008462584161 0.14430082722147483 0.960022623986304 0.2398621118427201 -140.3728363083557 -0.6349205060888313 -0.09609507031771235 0.7665779075922656 54.42908168360782
0.7609234799767952 -0.26434648708863 0.5925507508930391 -537.8096906977764 0.14596502997280048 0.9595758869356983 0.24064149109537944 -141.38169220434338 -0.6322101451614354 -0.0966180727165932 0.7687491661000276 51.85612336499601
0.7611027970500233 -0.26313885138546056 0.5928578895605351 -537.9809810572581 0.14412162000967596 0.959771690139741 0.24097149510282662 -140.6070843939364 -0.6324171811141895 -0.09796043945310545 0.768408915443943 51.1574043007705
0.7620236288305844 -0.2643190777867946 0.5911475401469639 -537.8141699923744 0.14366842295519758 0.9591580752405744 0.2436702093945074 -141.27436217133533 -0.6314106218218334 -0.10075322237395223 0.7688754221795822 49.70811081894679
0.7617906394133175 -0.2638962289011104 0.5916365455869182 -537.8101996228773 0.1433265311073389 0.9592929811715405 0.24334025921691532 -140.99713712036035 -0.6317693623332695 -0.10057711790855439 0.7686037445720798 49.18466939340111
0.7613390971297621 -0.26791414891610527 0.5904106943409797 -537.2031030271962 0.1470074616925826 0.9582460494992322 0.24526172719325562 -143.2803372701901 -0.6314678023370175 -0.09993256441057663 0.768935561137592 47.98733326791041
0.7610629647478845 -0.2657531515799971 0.5917418576663809 -537.442179604186 0.14519906836735264 0.9588725996183332 0.2438863838889588 -142.0059301884151 -0.6322186285094842 -0.09969252793704655 0.7683495335061433 47.73483554494187
0.7604719892916154 -0.26885893001476935 0.5910983245232273 -536.9607029527633 0.14759528122718546 0.9580031327443709 0.2458569311844579 -143.72736124715652 -0.6323748781081686 -0.09972398609805261 0.7682168574916813 46.894975938230665
0.7605238272387626 -0.2665199911302066 0.5920900290750213 -537.220040903045 0.14526030623256647 0.958600835963551 0.24491606873213217 -142.32281038381802 -0.6328530253031315 -0.10025732700374619 0.7677535520899517 46.516868663791165
0.7598382876652682 -0.26909534574114014 0.5918052648450919 -536.7874300120105 0.1470218717828745 0.9578557130388541 0.2467731796940027 -143.7042069297494 -0.6332695680477415 -0.10049939253191931 0.7673783462447595 46.03388859910803
0.7586972039690273 -0.27033258669720467 0.5927046863819946 -536.554764219124 0.14701931043592295 0.9574139686508005 0.24848302757184376 -144.24311676559893 -0.6346368056207629 -0.10138434396849579 0.7661314115408348 46.110257606820085
0.7584718100534561 -0.2708124749912603 0.5927740857555618 -536.4447529615429 0.1464573790468428 0.9571371330317446 0.24987745935658465 -144.41128213858693 -0.6350360221884767 -0.10270886992309966 0.7656240190603717 45.560346020884886
0.7584038598558183 -0.2722190743943891 0.5922164814420977 -536.2005981286958 0.14766323114847077 0.9567426305898563 0.2506773004856945 -145.20700499748355 -0.6348378970434813 -0.10266603307746891 0.7657940520332777 44.47242880823847
0.7589381679102953 -0.2723270209897279 0.5914819109049952 -536.1497538563033 0.14779734906467673 0.9566819480731694 0.2508298105097953 -145.30094450927965 -0.6341678018461822 -0.10294485839412297 0.7663116567244658 43.39581636200865
0.7590652968797141 -0.27428434274914143 0.5904133927982858 -535.8276023996603 0.14976903027537003 0.9561607076196065 0.2516464559153349 -146.4191619021422 -0.6335527702119901 -0.1025904504671112 0.7668677114272503 42.14275547164695
0.7597116863197945 -0.2748981251228062 0.5892954899480397 -535.7081435213053 0.15145946917086783 0.9561271842314208 0.2507605167728234 -146.88037833978285 -0.6323750333999699 -0.10125131296758824 0.7680169195758166 40.47569340227329
0.7598406708492069 -0.2760433534495552 0.5885934266875151 -535.5198498212629 0.15152118950605525 0.9556388672515549 0.2525780761048654 -147.5038858340526 -0.632205254687192 -0.10273471864218553 0.7679596952519147 39.687998416004994
0.7605275512465912 -0.27651466475396114 0.5874840286942854 -535.4596288811729 0.15086076136422824 0.9552786510993261 0.2543299617317187 -147.78985264119717 -0.6315369145786086 -0.10479665514631926 0.7682309461318741 38.54521655054466
0.7621587312668822 -0.27771499986603604 0.5847977831721527 -535.3074388420314 0.15199919165203157 0.9548284531590884 0.2553406954932008 -148.62510249850902 -0.6292935039318184 -0.10572135019583398 0.7699432979265319 36.292532610859105
0.7648608930312577 -0.27967428085373114 0.5803189734451004 -535.0031668116915 0.1534863837913697 0.9540167839144434 0.2574760299526744 -149.98512154118043 -0.625643464204714 -0.10786228552413699 0.7726163233193007 33.268236319754095
0.7689374210108526 -0.27968521642958205 0.5749012282817951 -535.0214970442485 0.15190208821728873 0.9534070154387814 0.2606545961753647 -150.329959945625 -0.6210161013729079 -0.11309837586302127 0.7755951000443085 29.485036490980885
0.7715286174356394 -0.2784753898960102 0.5720096587472242 -535.211460293953 0.1512038813357781 0.9536123159065465 0.26030931066780694 -149.86507562906075 -0.617965192180633 -0.1143460020010232 0.7778457514697469 26.757702905658803
0.7740875053021395 -0.2753985349800768 0.5700387540035655 -535.707639182508 0.1493670534647352 0.9544522686410072 0.25828346874180236 -148.32923884550215 -0.615205670873061 -0.11478899693290333 0.7799650432607637 24.222253639973005
0.7773232734191169 -0.27305800222699655 0.5667520233936447 -536.0360069895185 0.14743767114969497 0.9548731713126446 0.2578359164920342 -147.2896203348221 -0.6115804621854293 -0.11686126016406964 0.7825041751619747 21.14975916901129
0.7805311032041427 -0.2719927813457128 0.5628420060965131 -536.1470675946599 0.14674822054353173 0.9549432689836937 0.2579695966389135 -147.0058635471066 -0.6076480533155941 -0.1187572310158839 0.7852773799003822 17.874564175875687
0.7834054056379007 -0.2710196728508651 0.5593069884644087 -536.251261883012 0.14608795064668706 0.9549994077267787 0.2581364792456753 -146.7270499273755 -0.6040979068769957 -0.12051750150626203 0.7877444069858706 14.851896370458611
0.7859373676178047 -0.2708290778057218 0.5558363651263724 -536.2202534808173 0.14629272060418358 0.954893011563176 0.25841396317930365 -146.90648471340435 -0.6007502759718234 -0.12178237591174884 0.7901064224755217 11.947804378299512
0.7887573904223858 -0.2686319771034285 0.5529002079322913 -536.4736657544184 0.14597282170918724 0.955582087573822 0.25603673414241607 -145.95455876328745 -0.5971211890197214 -0.12124246279896934 0.7929354014282088 8.793598154246347
0.7910187657535857 -0.2677722603204174 0.5500793841152097 -536.5250492971873 0.14625569073880879 0.9558247042428294 0.25496746397456604 -145.71859503045198 -0.5940526787686323 -0.12123180837553457 0.7952384947208038 6.055601672618618
0.793072223344042 -0.26733269817044475 0.5473295872224044 -536.4832680292088 0.1469123792729359 0.955968119714754 0.25405059910459304 -145.69349728239396 -0.5911456684917034 -0.1210709815684481 0.797426244893877 3.481490954237148
0.7950688728852809 -0.26677154886273785 0.5447003103416638 -536.4885030898029 0.1463808181679927 0.9559275753173511 0.254509580999143 -145.58582787765732 -0.5885899620630631 -0.12261896861932146 0.799078497453996 1.1875732618480326
0.7966060275240012 -0.26762156949290256 0.5420309331159855 -536.2720506421208 0.14636912933823967 0.9553729612294444 0.25659030170380204 -146.28713715728222 -0.5865107969076068 -0.12506478518687028 0.8002273955676387 -0.6852199839419173
0.7982616014603323 -0.2676745348164156 0.5395634893548682 -536.1795881780664 0.14720669998567504 0.9553591150284182 0.2561623485437408 -146.505676842176 -0.5840450351756385 -0.12505720588168034 0.8020299820728362 -2.9596277882562125
0.7999235932145032 -0.26795092623834366 0.5369586074799542 -536.0440681624366 0.14889127810235378 0.9554192617799456 0.25496160794306133 -146.8353079576292 -0.5813377953684462 -0.12400135220181055 0.8041579647856988 -5.3903697479688475
0.8019484424901006 -0.26709006565659854 0.5343609196182444 -536.064029553273 0.14990881806903808 0.955839568360479 0.2527806674205867 -146.54521740754754 -0.5782785158146946 -0.12261164864729236 0.8065732091776586 -8.08708788646337
0.8049935270286472 -0.26576021084046164 0.5304308925543573 -536.0618805250747 0.14976871766756814 0.95613200183162 0.25175568768484935 -146.1467001347933 -0.5740685957707414 -0.1232197443898198 0.8094826384440352 -11.430419970429416
0.8076095018547034 -0.26464306736161347 0.5270018400455867 -536.0740832713994 0.1499642590437739 0.956437110218996 0.2504770951711711 -145.76355915474127 -0.5703311437432201 -0.12325624160006075 0.8121146996472713 -14.52071175109699
0.8105917182429564 -0.26371746762604215 0.5228710774032533 -535.9918056666154 0.15018370156638922 0.9566168399941998 0.24965792040976648 -145.5796959190326 -0.5660264323331105 -0.12384392883148922 0.8150317534868392 -17.86107592124869
0.8128532454622004 -0.26345837859184523 0.5194798206776889 -535.8735255917614 0.15010296592978634 0.9564837822854829 0.25021565467399975 -145.7224900543411 -0.5627954343814894 -0.1254131451428153 0.817026830688404 -20.495516659775635
0.8162353019625387 -0.2610151141462367 0.5153940647866936 -535.9925218918687 0.1487060021651641 0.9569814998823009 0.24914440351546346 -144.72781688834024 -0.5582530400724904 -0.1267182665216381 0.8199365976583638 -23.97098352866907
0.8193042544904803 -0.25896313596274 0.5115453379575869 -536.0506558578662 0.14868265857516913 0.9576301011439365 0.24665371763278485 -143.8543923367817 -0.5537454339430874 -0.1260265194131668 0.8230937436232793 -27.486498733789574
0.8227589388058242 -0.2579970917085883 0.5064634530595709 -535.8677084766341 0.14912418757022422 0.9578155654961962 0.24566505485054743 -143.71574283135178 -0.5484794483812812 -0.1265971688589921 0.8265249249358747 -31.427958343397194
0.8261948868527548 -0.2575971083203493 0.5010446474350941 -535.5777066299441 0.1503205475239312 0.9578997899752386 0.24460524392886407 -143.8713434248724 -0.5429601660623632 -0.12677429609501983 0.8301340469581662 -35.52526653281472
0.8302060005376666 -0.25598678321193763 0.4952057789364503 -535.3968528884574 0.1496065996543682 0.9580552353265808 0.2444341044191412 -143.49278258326356 -0.5370063891715904 -0.12884460750894655 0.8336805174074514 -39.7978708100279
0.8347044325925543 -0.2538855489614423 0.48868255364693436 -535.2019259928219 0.1486989593944413 0.9583337933758662 0.2438953873053627 -142.89610782215894 -0.5302425196882574 -0.13091397367114666 0.8376779821699256 -44.562387025322856
0.8403864459939635 -0.2507698954201182 0.48048421507955713 -534.9540322539691 0.1477893214357771 0.9589549557981568 0.2419993992135264 -141.81877911194093 -0.5214488832658362 -0.1323625789305201 0.8429538598521714 -50.636425505566095
0.8459680025039198 -0.24849036903917063 0.4717951623684845 -534.5182070665293 0.14606624117334885 0.9589279119244012 0.24314998030392057 -141.4344572208785 -0.512837978243633 -0.1367837571756408 0.8475183843692704 -56.41109219984728
0.8525652142690828 -0.24656534051716592 0.4608015714751491 -533.7364737443038 0.14483789684616108 0.9586491215832222 0.24497723429922466 -141.48819791898026 -0.5021499169127619 -0.1421175377754992 0.8530228991071317 -63.403772809673
0.8590644775166935 -0.24475383807140488 0.44955954246160423 -532.8435278199297 0.14406948023544497 0.9583823338878998 0.2464696471297646 -141.63631953076006 -0.49117431562904346 -0.14696550901792726 0.8585737771592156 -70.53905942325572
0.8662110354293271 -0.24113747429285126 0.43764273167975454 -531.994995894258 0.1422266604926724 0.9586038514967056 0.2466783998261385 -140.87942933230252 -0.47900941446442913 -0.1514310879157468 0.8646494124598121 -78.35869293402415
0.8740510929543186 -0.23579690984353568 0.42477582818894094 -531.1133175656262 0.13840367197211928 0.9589441997565344 0.24752867578915738 -139.48627483377714 -0.46570281348730885 -0.15756217522470073 0.8708013840414275 -86.71564463960155
0.8815714946064936 -0.23140150290013534 0.4114426379859428 -529.9350522735078 0.1368799859182545 0.9594697982921312 0.24633630593210476 -138.36198510680225 -0.4517693762887115 -0.16084480290272268 0.8775154585686185 -95.5621811835595
0.8891541116802577 -0.22808373942794138 0.39671497764851116 -528.3280820374761 0.1358573732902458 0.9594179684771862 0.2471030875682937 -138.17014893763456 -0.4369756741567734 -0.16581607151200978 0.8840572892203069 -104.60865998538577
0.8970062748422707 -0.2241002752569858 0.38099712534786384 -526.4970194393495 0.13526545268571802 0.9597681490382779 0.24606575828701888 -137.55634351421816 -0.42081230994746394 -0.16918678057514136 0.8912310772607172 -114.53853950799268
0.9059925292323806 -0.21844926583939986 0.362570621023465 -524.2270272406853 0.1330103886227398 0.9600790712035572 0.2460821276633932 -136.5766411681003 -0.4018529252021709 -0.17472291003512402 0.8988804877264365 -125.85944330238657
0.912861745834509 -0.21320888645255376 0.34817438695233505 -522.3835644118241 0.1309114898944459 0.9606371461685023 0.24502745808348075 -135.2611100583264 -0.38671128093913765 -0.17809616542446272 0.904840395349099 -134.8488011518546
0.9214213035442247 -0.20538319446411266 0.32984924557527523 -520.0106217688951 0.1261996345569886 0.9610517130311694 0.245872440744255 -133.480701221538 -0.36750024981290047 -0.18492525060567347 0.9114528062801083 -145.7164748483159
0.9304841350132729 -0.19695053873910057 0.3088847030511214 -516.9026896784676 0.12082557589766163 0.960995777378689 0.2487735839459802 -132.08606466813185 -0.3458329867112156 -0.19415870093999726 0.9179879869321237 -157.81130703759152
0.9383445141170593 -0.19038218823807782 0.28855535903549073 -513.5052700786257 0.11793057568875595 0.960909290957641 0.2504909456826779 -131.3831701243792 -0.32496453982571466 -0.20101730510820398 0.9241158427940173 -169.3800205823659
0.9463938998073858 -0.18495119062267454 0.2648237970700953 -509.03003904183294 0.11777955460531339 0.9609919656277537 0.25024471725868713 -131.22740112979733 -0.3007765996954249 -0.20563924500484182 0.931260402889276 -182.7626756356009
0.9546911668302647 -0.17725818130281024 0.23904876727874572 -503.95894632799354 0.1167210091318569 0.9619260296735532 0.24713259490345568 -129.69086967748936 -0.2737535059200317 -0.20803329204166965 0.9390320374719899 -197.60025429291812
0.9625334705802222 -0.16936007372834855 0.2117698832212003 -498.19651067557555 0.11598357645834671 0.9630604469307343 0.24302754072225036 -127.96189724126523 -0.24510636059621813 -0.20936031377580266 0.9466209014230428 -213.05870148170146
0.9698277342792406 -0.1628847960265206 0.18139103904601664 -491.1013410269794 0.11691905015159063 0.9636525586400018 0.2402159069217272 -127.42480805858861 -0.21392545789233355 -0.21175998075646127 0.9536213132137823 -229.49971373002325
0.9764955400600567 -0.1543636898736041 0.1504270969321153 -483.5336315052547 0.1156298862045992 0.96416353876227 0.2387852590461317 -126.35844557827183 -0.18189609577758858 -0.21577887239028423 0.959350451384085 -245.86281708990083
0.9823675800251672 -0.14462854378061446 0.11847582892470275 -475.26463834009945 0.11326017223337631 0.9645524731354302 0.23834986879373563 -125.15086893510191 -0.14874834823003072 -0.2207285910167143 0.9639257326197976 -262.335663812188
0.9873430415227544 -0.13406509261963465 0.08473646970157092 -465.9838430963278 0.11039940224741061 0.9645516488064328 0.23969165352219968 -124.33389155945736 -0.11386698529429368 -0.22730303061261758 0.9671440647257824 -279.11977675922014
0.9910874392943966 -0.12396000457837289 0.048781194509827826 -455.3952799740319 0.10865096790718032 0.9640752759104726 0.24239189250257318 -124.47112885290424 -0.0770756436606841 -0.23493143604693664 0.9689512709683679 -296.2859405841449
0.9933260660534765 -0.11479138532702161 0.011236741228114503 -443.6080285600502 0.10847858033259307 0.9628906682072793 0.247131460337134 -126.01067463367441 -0.03918831595960093 -0.24426317555874555 0.968916806004627 -313.3027247973848
0.9940178428461025 -0.10553440373439696 -0.028125037457867035 -430.49711360863824 0.10921738855670213 0.9611986054765198 0.25331561907400807 -128.4390269567834 0.00030023396789157983 -0.2548719883753782 0.9669747563412117 -330.4139897554089
0.9927598004896045 -0.0983736955223593 -0.06892455702516163 -416.04440553960706 0.11303952143959181 0.9592037168624057 0.2591337418208097 -132.1215989574254 0.04062074746417989 -0.2650487607717119 0.9633790060453006 -347.3194185086718
0.990202623566616 -0.087083110218398 -0.10915720863269127 -401.09670687814776 0.11319404800734408 0.9583269519941456 0.2622909845521222 -133.26128040843625 0.08176718032011149 -0.27207716735569865 0.9587951518578917 -364.34797263233
0.9861451440818582 -0.0720104422575869 -0.14943979058349174 -385.59613041015234 0.10985332890508143 0.9585105660623877 0.26303942836622984 -132.0444713594145 0.1242980326965923 -0.27581151345190014 0.9531411270714999 -381.4267280055162
0.9803933230389983 -0.05464980968341211 -0.18932070790623262 -369.38118489438244 0.10414982383670994 0.959317065627365 0.2624187146353783 -129.30076765967104 0.1672774531589135 -0.27699127404607654 0.9461998138696703 -398.35299779113996
0.9721208904168585 -0.04060518686076294 -0.23093763923435437 -351.4629025545119 0.10218574451107904 0.9598103963869998 0.26138492038781946 -128.07425512668254 0.21104276351927057 -0.27769627614974024 0.9372010084174667 -414.9338676759079
0.9618272947520946 -0.028341462517534367 -0.27218562888630715 -332.7842384313655 0.10206889362458377 0.9600031410885784 0.26072190175418025 -127.79355530137997 0.25390981868395857 -0.2785511274477815 0.9262500058696082 -430.4542611395513
0.9493432348447691 -0.016492683361434952 -0.31380792509114386 -312.99045504769225 0.1026370309848876 0.9601274421777378 0.26004025582175155 -127.7987370933007 0.29700683885236845 -0.27907577138256595 0.9131832518734392 -445.36089146099215
0.9353507457786202 -0.0022730175415084514 -0.3537143137655516 -293.0954267891368 0.10100772349443532 0.9600582673629721 0.2609321043154324 -127.37608208235339 0.3389932479649864 -0.2797909159698792 0.8982208086962166 -459.13676411717444
0.9193726162995663 0.010601381380915174 -0.3932449657799916 -272.433862305375 0.10129508148691452 0.9595492023548144 0.26268733263482424 -128.10626078710814 0.38012274184143424 -0.281341321126236 0.8811093928462541 -471.83087934278245
0.9022395876065461 0.020987758706471807 -0.43072408864614103 -251.97166666548856 0.10444973666783798 0.9584382137914641 0.2654928301371754 -130.4657639474818 0.418394525616181 -0.2845271592110439 0.8625487328874261 -482.775071453034
0.8832664259098472 0.030894769699573298 -0.46785247040670286 -230.7963567627191 0.1078377505989318 0.9576913495280941 0.2668300931019974 -132.42603474347575 0.4563019180391499 -0.28613422068020516 0.8425649929527838 -493.07814833314876
0.8628800484444317 0.03933533694233281 -0.5038757319658969 -209.36880995750448 0.1114943900375291 0.9575903182999435 0.2656873788654109 -133.6554837080085 0.49295742512583635 -0.285435655736711 0.8218999108452678 -502.5963546562432
0.8408855084775974 0.04817065745674028 -0.5390650697203057 -187.48958829902324 0.11399487438025671 0.9579223367175397 0.263419751409491 -133.98477231607802 0.5290715738417648 -0.2829565065125627 0.800011803147181 -511.44972737703824
0.8171335179288437 0.058734319629008186 -0.5734484227678628 -165.08630092155678 0.11490082697614368 0.9582380822526475 0.2618732091699466 -133.84970381651024 0.5648810616735441 -0.2798750746645471 0.7762598332672404 -519.5464540604366
0.7916465104917283 0.0713153140659451 -0.606803039219437 -142.23094490346668 0.11345695757704394 0.9587314774714699 0.26069421336641385 -132.79006571281147 0.6003526640264294 -0.27522369099524857 0.7508852100762946 -526.9406933093378
0.7655608959945945 0.0810508035609921 -0.638237637378172 -119.7785624147589 0.11428714866786054 0.9591225018673776 0.2588869909072928 -132.52705746785068 0.6331310781925996 -0.2711361164687947 0.7250036166619421 -532.984373730918
0.7395322832286834 0.09068965454690688 -0.6669837993690199 -98.14589579870974 0.1174553365956388 0.9582944595573937 0.26053017615394924 -134.27875322301722 0.6627942712243186 -0.27101128267982744 0.6980377057813274 -537.3871714473901
0.7144089893293704 0.09959338211752305 -0.6926044716891312 -78.18915492331298 0.12108977830121964 0.957288760166493 0.2625556993284669 -136.8269269142818 0.6891712860794107 -0.27143947372718635 0.6718359550860308 -540.4669691024034
0.6916280577639453 0.11076693130657173 -0.7137095464140842 -60.69858458918099 0.11990619708666242 0.9568476445281757 0.264698109288858 -137.04357602801133 0.7122310956521677 -0.268650836756201 0.6485010364650976 -543.1225241102824
0.6712923013989326 0.12009705410696275 -0.7313982114261381 -45.47920974982158 0.1181714589844022 0.9568212643660697 0.26557216408805634 -136.5616709987603 0.731711795971626 -0.26470694296097536 0.6281147044801869 -545.2024298304624
0.6536251075447652 0.12908921827278172 -0.745727961466389 -32.586027859019566 0.11722640775700816 0.9561851218461552 0.2682684888026187 -137.0766322546791 0.7476845512055748 -0.2627660299311447 0.6098539377611192 -546.5012801698293
0.6408599178342101 0.13806669941473632 -0.7551398229640987 -23.57643185954052 0.11445723598865948 0.9555123209442224 0.2718377193356753 -137.0719415225185 0.7590771415629414 -0.2606411153991363 0.5965468146928021 -547.4771047959083
0.6308398869039138 0.14402949978000804 -0.762428055808663 -16.527028777101783 0.11289756821127242 0.9551248775168046 0.273844129826604 -137.06720572026344 0.7676556364562422 -0.2588280733259619 0.5862702894359666 -548.2529197050267
0.6225331025519948 0.14895499145981347 -0.7682870210710282 -10.753973598139321 0.11146976221629215 0.9548322707039669 0.2754447801896953 -136.98525819309893 0.7746141157624427 -0.2571142651458942 0.5778107184191514 -548.9653545575117
0.6162247727532496 0.153377575936375 -0.7724910023068796 -6.441959716854486 0.10913175776658005 0.9547617534242026 0.2766229448999468 -136.33837152158617 0.7799726206040714 -0.2547652122999214 0.5716094800734095 -549.7409960353973
0.6120716689845449 0.15748723003867207 -0.7749619631964011 -3.689325067866555 0.10613756182368819 0.9547428424300636 0.27785054039660534 -135.4158714221331 0.7836472994891237 -0.25231701726857275 0.5676557344025465 -550.5578622512511
0.610424060627601 0.16060704117130145 -0.7756209412677759 -2.7022892715226203 0.10446476146639837 0.9543487898736 0.2798312006881356 -135.35018080931385 0.7851557678694587 -0.25184075443223053 0.565779687323896 -551.161007014174
0.6107568981408136 0.16398113565106334 -0.7746523081512112 -3.1616391574453417 0.10244529666440336 0.9537337526726648 0.2826603796152879 -135.42325312660768 0.7851630229224719 -0.25199626220145377 0.5657003723454157 -551.7346753278063
0.6118604395285896 0.16536101303351428 -0.7734872577543932 -4.045956064671738 0.10112467174352727 0.9535231352114271 0.283844026502822 -135.2378916984755 0.7844747308260764 -0.2518915758517954 0.5667010064489512 -552.3680288047559
0.6139117989411252 0.1641119826396913 -0.7721266478207711 -5.444806458464542 0.10028831284293727 0.9540079758347055 0.28250847129048173 -134.377040449507 0.7829780057115197 -0.25087056263706475 0.5692182387926216 -553.1777270877343
0.6168027509636227 0.16279509847156753 -0.7700987743902337 -7.468740454806389 0.09993547263899127 0.954263674241186 0.28176895026268106 -133.9512215724262 0.7807478899825018 -0.25075604865554973 0.5723234543075505 -553.8886827208572
0.6197131809769759 0.16404949903328833 -0.7674915863970919 -9.66917548746863 0.09911971441481768 0.953719994671594 0.2838898624078351 -134.3187853404978 0.7785440613977623 -0.2520038365393307 0.5747723121652046 -554.3937924813732
0.6227466174596452 0.16530048947662887 -0.7647629689134781 -11.968596550146012 0.09992908276833776 0.9526205221286348 0.28727742556011254 -135.8697913465116 0.7760159978116747 -0.25532310705878974 0.5767228815836916 -554.6065588088376
0.6244176110267808 0.1636415807949066 -0.763756558122123 -13.067237375262627 0.1026565287913353 0.9521330980926885 0.2879308955512287 -137.3258045299241 0.7743153647811217 -0.2581937190393347 0.5777297978402322 -554.8603144076493
0.626371998238618 0.1618991048472337 -0.762526589485393 -14.395774055647031 0.10363651553466557 0.9522159148702218 0.2873052803477502 -137.5450680438045 0.7726044217258878 -0.25898558129272514 0.5796627262573258 -555.4243588568129
0.6290681710425122 0.16157381038525714 -0.7603730268616959 -16.38253350166081 0.1003703070907987 0.9530896139824362 0.285562583636774 -135.43301755937134 0.7708430693959227 -0.25595720641622843 0.5833411273413465 -556.5350528571265
0.6298394199340683 0.16113632695301444 -0.7598272101163576 -16.91480496482284 0.09661070712900194 0.9543954443043229 0.28248133948844867 -132.63079666951072 0.7706936332714515 -0.25132532707080124 0.5855483785372514 -557.8463192969238
0.6303289433760201 0.16000348012577315 -0.7596606541674455 -17.18001999767893 0.09572409018074396 0.9550444517864793 0.2805833096799095 -131.55008543986065 0.7704039990170994 -0.2495776060857715 0.5866759726109094 -558.7552642948232
0.6308756825466993 0.15793133375691293 -0.7596404195334782 -17.442496872486014 0.09708787496404714 0.9553003631233649 0.27924032794589815 -131.68017084984342 0.7697855660547305 -0.24991780655673532 0.5873425510378663 -559.3662730977604
0.6318968125198889 0.1556348071177655 -0.7592655827446813 -18.046394856272755 0.10081676406144424 0.9548027412566891 0.279620645469699 -133.51677294119207 0.7684675649703008 -0.2532380937026022 0.587646211156414 -559.5667185791593
0.6323771583444738 0.1538459674821659 -0.7592302337852759 -18.26151088596283 0.10294854785726883 0.9546977328727684 0.2792021406466574 -134.33356224316336 0.7677895063741416 -0.25472270636335614 0.5878908204460073 -560.017527515465
0.63290701893603 0.15262145720061923 -0.7590358332670911 -18.55987842315092 0.1038123362456648 0.9547960380627654 0.278545372503051 -134.48687756894404 0.7672364069989933 -0.2550906044949637 0.588453124109023 -560.6402124223176
0.6330449170979214 0.15305232108649094 -0.7588340529697672 -18.645912893688504 0.10329825547777235 0.9547918625945438 0.2787507301129284 -134.3543758469733 0.7671920250835085 -0.25484796670422827 0.5886160977368746 -561.3580151129893
0.6335669072131883 0.1544152528188727 -0.7581219583821582 -19.074553632850108 0.10163372095259027 0.9547788298450752 0.2794064652884754 -133.82561818733723 0.7669834162807213 -0.25407344563443196 0.5892224735817543 -562.1435968108495
0.6343677373673825 0.15410564788790643 -0.7575150315844803 -19.6126156801394 0.1020242081896665 0.9546654431955764 0.27965148401441603 -134.1004572574923 0.766269296481765 -0.25468675045483263 0.5898864504394881 -562.7237174208343
0.6363799934744626 0.1566173520086256 -0.7553088831433463 -21.268384694749 0.09983445546559572 0.9542130879652959 0.2819759994354528 -133.94482564258252 0.7648879561133977 -0.2548497357376318 0.5916063106383572 -563.3158834456784
0.6380776345287418 0.1587715191462011 -0.7534245397000373 -22.67367336211621 0.09731653214793248 0.9540323390324632 0.2834639106675625 -133.32381930986543 0.7637973716142953 -0.25419264503178474 0.5932956045065892 -564.0144266443593
0.6392860016691253 0.15832152666087101 -0.7524943204208749 -23.53472658300884 0.0958155778055458 0.9545488782019002 0.28223361630621463 -132.17777380236438 0.7629762664196658 -0.25252867821153563 0.595060067187374 -564.8567720287956
0.6412666968500355 0.15657720673504322 -0.7511728175607104 -24.93204521607253 0.09430777110803829 0.9554538484715915 0.2796676380088676 -130.52652283432593 0.7615005369792451 -0.25018297658289357 0.5979342860285273 -565.8044292441938
0.6421074148103731 0.15798198826916682 -0.7501598224565618 -25.616887107242132 0.0930937866199041 0.9552251969039499 0.28085293320985244 -130.3986899761605 0.7609412689152213 -0.2501729693278851 0.5986500402400069 -566.3896380733428
0.6438457750281641 0.15817827287617514 -0.7486269110633766 -26.94047495524517 0.09238646420794316 0.9551697936240007 0.2812746106200098 -130.20493209606366 0.7595573442535705 -0.25026046299444504 0.6003685047137873 -566.9807402417895
0.6450575270734493 0.16037496153119002 -0.7471148897457175 -27.97531378945152 0.09180627208867098 0.9543798189397473 0.28413160613651556 -130.98929756557166 0.758598968606646 -0.25187106406732074 0.6009064585395372 -567.3457155227337
0.6469089426931562 0.1590664664159211 -0.7457926515631375 -29.31186538490506 0.09150534600817917 0.954743302710398 0.2830052960309485 -130.42595531173794 0.7570571917071696 -0.2513226714635869 0.6030765484520684 -567.9910436384384
0.6475940293268158 0.15940144759955555 -0.7451262655976002 -29.82837540469926 0.09356309269814307 0.953840458700336 0.28536700410364824 -132.22510517957187 0.7562194925185531 -0.254518285884333 0.6027872935667133 -568.1288871326866
0.6486233422017741 0.15856601515406463 -0.7444088787683562 -30.55342730766836 0.09528135274438512 0.9534464617760118 0.2861141526489104 -133.2624033527355 0.7551219926410567 -0.2565086029063448 0.6033192462244469 -568.4086690811998
0.6497172072228169 0.15917878734258634 -0.7433233914647963 -31.43900085509974 0.09678455020967325 0.9525513663783232 0.2885803965128274 -134.87044687592444 0.7539895897685156 -0.2594378693848165 0.603482966163729 -568.5305408114665
0.6494106522383372 0.15710732805522692 -0.7440316473314321 -31.06043257114988 0.09634347831227032 0.9535423589014476 0.2854380913041496 -133.51589855068212 0.7543101079437227 -0.25704913392581247 0.6041042987778842 -569.4166114304774
0.6488241858576618 0.15754307283993396 -0.7444510434180972 -30.6071683560538 0.09387789225063065 0.9542864359887293 0.28376810855786444 -131.75866296256768 0.7551252327877286 -0.2540031068472987 0.6043743082884964 -570.3965105347446
0.648784065681249 0.15821096925171793 -0.7443443593704061 -30.613124779341174 0.09227290722377521 0.9545753446457792 0.28332246996463983 -130.83783433649614 0.7553574959650436 -0.2524979219772385 0.6047146870108209 -571.1258435226766
0.6484800075858773 0.1596007815352054 -0.7443126159717919 -30.446053821878525 0.09184765038512649 0.9542261527132523 0.2846339027536894 -131.11945970134528 0.7556703572856038 -0.25294276034592644 0.6041376259664939 -571.5864688763982
0.6484980217915776 0.1584676984537098 -0.7445389877495969 -30.379671486140676 0.09426109787597622 0.9538460178089994 0.2851186064379692 -132.41545227946156 0.7553576379170506 -0.25507991464773944 0.6036299164087842 -571.7826747009055
0.6488326401481056 0.1573579343337541 -0.744482830950891 -30.554758797033067 0.09672630677488697 0.9533912902824795 0.2858129968899242 -133.80169817569274 0.754758389589761 -0.25745587605592396 0.6033707361383608 -571.9330787741103
0.6500098197378551 0.15591197293090003 -0.743759834181139 -31.37300601978337 0.09782921077222906 0.9534146900316429 0.2853592023249801 -134.150150906807 0.7536024679922723 -0.25824772124582324 0.6044761655411202 -572.2783902641636
0.6510411953610395 0.15607442255071213 -0.7428230856457886 -32.17460503291422 0.09684237513649384 0.9535547142571666 0.28522791114450197 -133.64083246071252 0.7528392367038207 -0.2576318721420062 0.6056887832342726 -572.8129327895905
0.6514525999988251 0.1565818303993486 -0.7423554676457635 -32.4830724522038 0.0955334267152138 0.9537530303740902 0.2850061778844247 -132.9584875710023 0.7526505658901876 -0.256587777263511 0.6063660925745693 -573.3931005552929
0.6541425220656794 0.15569874876075784 -0.740172588292681 -34.54112759463126 0.0933182007837933 0.9544940142258915 0.2832541089012111 -131.2605090406638 0.7505926153567112 -0.25436013139106123 0.6098455946636774 -574.0971727367995
0.6556447910113298 0.15549147634996285 -0.7388858564096477 -35.674956180501454 0.09388494298019173 0.9541848469168845 0.28410718997555734 -131.8289091268174 0.7492099341982297 -0.25564365569423037 0.6110080161519765 -574.3134264143473
0.6574383064878193 0.15538058729342932 -0.7373138722788127 -37.051320166764356 0.09579307599059071 0.953333450356411 0.2863197845483285 -133.54079222503765 0.747394514132054 -0.25886715806353133 0.6118735447144463 -574.2387981106323
0.6596646597836499 0.15495647922497663 -0.7354121471520042 -38.778657650259625 0.09558006961621174 0.9532717302888765 0.2865963337591946 -133.5366014852678 0.7454575688291599 -0.25934821722589674 0.6140289205705766 -574.5030130698891
0.6622183903679107 0.15418469711038574 -0.7332761298689 -40.75230707015734 0.09530806719710261 0.9533203175155245 0.28652529476339755 -133.36028483583732 0.7432248487407332 -0.2596294501574848 0.6166112006971948 -574.7833419900392
0.6635726233568704 0.15392940669311053 -0.7321045767418669 -41.78847926515315 0.09582540830847919 0.9530532129337921 0.28724042967362623 -133.87226269811683 0.7419493679853056 -0.2607591054434785 0.6176696724581211 -574.9470076461519
0.6640029707413224 0.15347548423396665 -0.7318096272842057 -42.090143621586755 0.09588449149723977 0.9531511480681806 0.2868955441038168 -133.76117399904552 0.7415566189691886 -0.2606686875623131 0.6181792751197074 -575.2959135583363
0.6622394451802536 0.1531535697650904 -0.7334731769571126 -40.64586060113701 0.09635775225883587 0.9533529066520485 0.28606541027834026 -133.66796332981798 0.7430707239738186 -0.26011962526172433 0.6165903662292538 -575.7470117372185
0.6594628250395674 0.1535891061938089 -0.7358798603368757 -38.45892671375644 0.09689059480090782 0.953374734254745 0.2858125762170387 -133.8217685651892 0.7454669644122127 -0.2597826063139739 0.6138338557189231 -576.1831079073417
0.6541696399392044 0.15470279353473193 -0.7403574324975484 -34.31826763079886 0.09678255436125023 0.9536899266416032 0.28479582334304904 -133.37888827947953 0.7501301349453462 -0.25795846466996125 0.6089024643996713 -576.8459162253987
0.6471494879846992 0.1566480115631721 -0.7460957985905337 -28.896854936203116 0.09745468052485029 0.95363440159362 0.2847525475583626 -133.65945592690778 0.7561085407829626 -0.2569879930473065 0.6018779327941642 -577.379236198759
0.6365629579875122 0.15931721950198055 -0.7545897057927219 -20.780112690413446 0.09869025876538193 0.9535589240439637 0.2845797097492027 -134.18013495574039 0.7648841960342826 -0.25562355514755725 0.5912772316863832 -577.9050103545478
0.6245397335667522 0.161010201552046 -0.7642158308963114 -11.616339738165136 0.09969867073229796 0.954075866356068 0.28248790468112267 -133.85228062199613 0.7746033154141434 -0.2526162232183193 0.5798057843074087 -578.5392478584965
0.6093196738199617 0.165916817124416 -0.775371617285053 -0.31806919369811754 0.10005545289142656 0.9539581455336931 0.28275919598946564 -134.07039609985034 0.7865865759359406 -0.2498708993965096 0.5646645837947978 -578.8994467407798
0.593388759918078 0.1732611339047832 -0.7860473007910621 11.169356708855187 0.09868740204063402 0.9535301335365307 0.2846771524310941 -134.18172856074182 0.798843273916327 -0.24649718845421928 0.5487153723040837 -579.0565828653404
0.5740320085918045 0.17880500521788442 -0.7990719762456262 25.11144476658991 0.10182518753708655 0.9527045993549139 0.28633123746987516 -136.26465877689714 0.812477005394673 -0.24572894920425065 0.5286760815734708 -578.4223812563121
0.553153298121029 0.18289298740285378 -0.8127555499267216 39.957524250887936 0.10680512890934815 0.9519837947941969 0.28691378302183007 -138.81878644365563 0.8262046315632015 -0.24551376663661822 0.5070590667520053 -577.273455794374
0.527629151398906 0.18937943169809363 -0.8280959542491302 57.657644819040385 0.10957398677510495 0.9515160666899507 0.2874207999659983 -140.29704518041686 0.842378192984766 -0.24238936791986646 0.4812965554656797 -575.697385552634
0.49944572987163055 0.1984603039022355 -0.8433074591677857 76.60461098444448 0.10981791402588009 0.9510532315516944 0.2888559788442737 -140.93451205202592 0.8593567295785834 -0.23687815122993386 0.45320497878762317 -573.6142143086726
0.4694134208718578 0.20837180510499004 -0.8580397608168681 96.2487896152143 0.1084421123526828 0.9507948359132427 0.2902231697662989 -140.78117870561732 0.8762940993604077 -0.2292822950818442 0.42371957777300534 -570.9710227635583
0.436995419319724 0.22186892418815515 -0.87167034134079 116.69095557434929 0.1057722579624488 0.9497002281068196 0.2947570290584772 -141.19873727332177 0.8932229469393986 -0.2210060117133592 0.39154707232649666 -567.3264627433362
0.4025572280786331 0.23663066120510737 -0.8842814078670213 137.74310627778488 0.10242454076795346 0.9483012855264246 0.3003895559392909 -141.70358640585627 0.9096465750884358 -0.21149610409311143 0.35750875007937155 -562.7340345770917
0.36601609303357496 0.25031747014514616 -0.896310986087179 159.57130200245163 0.10059425548443922 0.9468593719849534 0.3055128891680201 -142.74072947866173 0.9251556709029938 -0.20198637039264167 0.32138526844215776 -556.944239219107
0.3297064471737396 0.2657202180949701 -0.9059174489917012 180.4295659324802 0.09533315463403884 0.9452978060749042 0.31196738204096874 -142.6342119267483 0.939257817811272 -0.18922162541722032 0.2863388345210489 -550.8321765486768
0.28998916227736105 0.2763212735670454 -0.91627116048469 203.10785432378427 0.0927815780822355 0.9447840956863274 0.314284252400178 -142.27882298031835 0.9525218446472734 -0.1761521112915051 0.24833962462180859 -543.2414835023095
0.24790561580613227 0.2831928004697797 -0.9264689111966283 226.79174007215192 0.09402225022189332 0.944773705766135 0.31394658997373454 -142.73204253423117 0.9642108805209543 -0.1649378145090084 0.207588282978587 -533.9300811325014
0.20380738541060237 0.2871388967832292 -0.9359560906400496 251.13247824340303 0.09762191541462245 0.9452967520766588 0.3112619670697026 -143.42972510849148 0.9741316704033777 -0.15480731399850067 0.16462741038385778 -522.9949292433679
0.15786579869278025 0.29039998683401824 -0.9437935352871901 275.74387820127123 0.10357572877235635 0.9456363986741096 0.30829185832897904 -145.142241989069 0.9820134714006553 -0.1464228436735951 0.11920525507783658 -510.22680900641114
0.11121106248478614 0.2982231679347468 -0.9479952751401078 299.44643383408317 0.11042346415533334 0.9442976335305047 0.3100139317395665 -149.03047327982628 0.9876430317401833 -0.1391579010177022 0.07208550783206417 -495.79877782192585
0.06421308459269003 0.30820151109181826 -0.9491514675370902 322.247884296094 0.11385984918794398 0.9426407266567742 0.31379036822516976 -152.06360407127244 0.9914194947195616 -0.12821969040950293 0.025438091148915362 -480.6084291499895
0.017352075620030626 0.3192650974271762 -0.9475065715004263 343.9839596038762 0.11712178260565755 0.9404760981936482 0.3190410581190526 -155.564710694993 0.9929659578812104 -0.11650968325108121 -0.021073684959752273 -464.4048816607668
-0.03103856883210778 0.32466188323142653 -0.9453207227293167 366.1662088696086 0.12222399771425257 0.9399114700296419 0.3187910332638972 -157.90259677564458 0.9920170873667452 -0.10564606042508345 -0.0688549801325855 -446.57702448364483
-0.08369635936073319 0.3192981039751421 -0.9439510793614457 390.5086885122946 0.12425393346021908 0.9432258349882195 0.3080356866183521 -154.87227818694922 0.9887142557126515 -0.09150816908153928 -0.11861861380880305 -426.86126222980266
-0.1364011757375669 0.3061014043854964 -0.9421765490026994 414.6071736396882 0.12065205779130611 0.9491186701484486 0.2908897229644999 -146.78462354088637 0.9832791059552382 -0.07399783921755414 -0.1663926668546432 -406.801254268902
-0.18593011094586054 0.30204753241485777 -0.9349851774256933 435.39547652344254 0.1178001989899854 0.9515667434520865 0.283978601084501 -142.8554894721783 0.9754758361751353 -0.05734126714754195 -0.21250616960534205 -386.25696950511053
-0.23483512443108723 0.3083207808598877 -0.9218409626521187 453.8001688860543 0.11892414273799065 0.9503504106918188 0.28756068085175474 -144.6843730377648 0.9647328711137968 -0.04209979795485731 -0.25984244150001823 -364.0040861346815
-0.28343607898230827 0.3178610106015809 -0.9047808392480893 470.8606185857045 0.12598405714216743 0.9476364828330375 0.2934503599415592 -150.25275839816234 0.9506797602122042 -0.030813541555186813 -0.30863978871767805 -339.51592605598006
-0.3322160175633847 0.3241851758060958 -0.8857406445805093 487.1772763019102 0.1323251071216644 0.9458089817592192 0.2965390969987434 -154.45454993388788 0.9338750364473639 -0.01869068781936306 -0.3571107314115248 -313.9013558933821
-0.382617896189872 0.31610030765811503 -0.8681498378815038 504.55307149031296 0.13138617265767855 0.9487171353317309 0.2875299475921077 -150.66206571326038 0.9145169321284341 -0.004048780853358552 -0.40452736399902356 -287.425819043837
-0.43147788066231163 0.30386730846381826 -0.8494065559825371 520.7280866837673 0.1271304624737362 0.9526485493047925 0.27622198865892045 -144.4414999001356 0.8931207555590533 0.011198229968596679 -0.44967756852571206 -260.8193876368879
-0.47759998075001486 0.2947968392140662 -0.8276430885212426 534.5691766020991 0.1194956104174057 0.9550686282162422 0.2712281594674809 -138.93485744270583 0.870413153323499 0.030638847669938005 -0.49136768670202696 -234.78389401613913
-0.5205588530356167 0.2883983141101685 -0.8036447554390284 546.1478990169634 0.11307146641086657 0.9562231629053068 0.26991129321884116 -135.36468436367934 0.8463056918217787 0.04963542224846679 -0.5303800532149345 -209.08851636118632
-0.5592415891532305 0.28843406282303213 -0.7772095189617588 554.9282417553148 0.11335754620046168 0.955321308165246 0.27296751617152737 -136.62048706337188 0.8212179440810944 0.06455222357782892 -0.566951584132524 -183.88760391558208
-0.5930018114793648 0.28774552435114226 -0.7520314918925124 561.8232860098703 0.11678651340082609 0.9548273609902092 0.2732501070304476 -138.36178561138877 0.7966867401117395 0.07421067255023758 -0.599819151252918 -160.40491346003114
-0.6229843526375275 0.2885532880547703 -0.7270677384684192 567.0380981802394 0.12129275006722479 0.9538677711505282 0.27463492848043336 -141.02344461130096 0.7727732947960422 0.08290521764704406 -0.6292441177611163 -138.50262128550324
-0.6488188929157651 0.28544590900782474 -0.7053755575764287 571.409371851416 0.12329453059779155 0.9541621824448873 0.2727141146268021 -141.28318321046447 0.7508878098093159 0.08997312166812359 -0.6542723702381615 -119.20377385497555
-0.6708694548024396 0.28153689303046076 -0.6860547736703186 574.839415022157 0.12148306854528003 0.9543567854102001 0.2728460925106525 -140.45703840190112 0.7315572695762786 0.09970007023198954 -0.6744507819891947 -102.86560771664882
-0.6902215085846313 0.2800350735314861 -0.6672140785979946 577.2066117243534 0.1186746230761998 0.9534016805003898 0.27738343399841775 -140.77204982531606 0.7138001141250102 0.11227463298202245 -0.6912914030015667 -88.46106361246427
-0.7093915552217983 0.2726318381932399 -0.6499503844012814 579.9704870716615 0.11345582445364101 0.9543032130439675 0.27646546524205395 -137.92535451818216 0.6956230281391947 0.12238160963697042 -0.7079063104289447 -74.03054496585906
-0.7273900680272827 0.26889825036964166 -0.6313457213630348 581.7709143263866 0.11267208792012674 0.9543414855702285 0.27665380807668005 -137.61525773557946 0.676911138583924 0.1301001916514914 -0.7244758454174031 -59.339142138698215
-0.7435072471256688 0.2615613326381192 -0.6154532010967046 583.5972588864831 0.11035646016779704 0.95570679303499 0.272847901670524 -135.0974902655364 0.6595592658517073 0.13494515558309475 -0.7394399095354613 -45.96539016671394
-0.7571531829987305 0.26187831164809205 -0.5984469962855822 583.9807834908985 0.11471602963736274 0.9551925454726499 0.2728505701253343 -137.1958040144847 0.6430857563491285 0.13793821429112768 -0.7532687163416812 -33.486232834076134
-0.7692544057011076 0.26423185838825647 -0.5817466667907295 583.7766400494941 0.11961536206717986 0.953941338682794 0.2751146806508442 -140.38334232062314 0.6276462574308662 0.14204734198416702 -0.765429766972947 -22.077380107453024
-0.7798523177890032 0.2630058442636962 -0.5680301825803449 583.8707100248217 0.11917860706441574 0.9532350119310349 0.2777399352758369 -141.13826739317736 0.6145134840321287 0.14889908633695792 -0.7747272036211934 -12.788419990181575
-0.789924943241707 0.2586516404966723 -0.5559837343960398 584.2874876436605 0.11505640054310334 0.9531014721338765 0.2799278630474322 -139.9449401462299 0.6023127167333019 0.15715251408939412 -0.7826381530290559 -4.429464739938375
-0.7989663685807171 0.25392229057743576 -0.5451387091602009 584.6499823789823 0.11123755985868174 0.9532442356416995 0.2809833313429085 -138.4840040013377 0.5909982632407882 0.16385633208326364 -0.7898557813187109 3.20600352934885
-0.8046403597791474 0.2547588150010652 -0.5363318353349328 584.2217972256748 0.11318616182053 0.9525242771210303 0.2826418126664843 -140.02369209913957 0.5828745870140687 0.16671966792886878 -0.7952746495009548 8.583650928282752
-0.8082415142567612 0.2586856093712065 -0.528987154982222 583.3776694721972 0.11877030139912115 0.9514907900376848 0.2838289836838807 -143.15092987873734 0.5767488796152964 0.16657440372911517 -0.7997585247340538 12.611658038569956
-0.8103581265168004 0.2626914801072089 -0.5237488835952446 582.5783220779933 0.12386659915003097 0.9504700271040313 0.28506805010710645 -146.06641701352444 0.5726925636003901 0.1661322179950238 -0.8027598107409631 15.107777628805136
-0.8120849846285635 0.2631851268246083 -0.5208181705347278 582.3769189871639 0.12378919298170728 0.9499000455836796 0.2869950158122281 -146.73004873730315 0.5702580235663183 0.1685926819836444 -0.8039790383709007 16.19880144597994
-0.8141436781647007 0.26015306461594245 -0.5191247001206796 582.7284172477673 0.12013836654471965 0.9501434515218744 0.2877398033190164 -145.22747357375212 0.5680993259883511 0.17189474832301568 -0.804807648640685 17.03496344599106
-0.8150098362958449 0.25944243501159303 -0.518120246329243 582.7750372290291 0.119380540735429 0.9501617048415809 0.2879948283324844 -144.9474573227942 0.5670160960984588 0.1728651427205494 -0.8053635136989181 17.21918120364831
-0.8157642105138297 0.25852224998165485 -0.517392500051142 582.8825032661516 0.11928891461742558 0.9505170403179327 0.2868579978223282 -144.4915521679202 0.5659495628535681 0.1722892983608124 -0.8062366215796665 17.4374021780054
-0.8165435505460823 0.2605567483948403 -0.5151376621132506 582.4924952150881 0.12085820657109275 0.9497299395351618 0.28880155099125937 -145.95073128762021 0.5644908537487714 0.17356042986938527 -0.8069862782089529 17.828089158875727
-0.8165682601009793 0.2621331098961883 -0.5142980743613692 582.2307654250185 0.12035923443788901 0.9486806885638821 0.2924356439141508 -147.01652922565927 0.5645617160959331 0.1768931424394727 -0.8062126796799363 17.029292567043466
-0.8158954503903852 0.2639612536029813 -0.5144308220048764 581.9982962987261 0.12002995525349441 0.9476527000210826 0.2958837102386615 -148.09173615651918 0.5656035925222845 0.1796630644820873 -0.804868783955988 15.500823865389378
-0.814041570407444 0.2650982239141907 -0.5167777600924057 581.9615289538441 0.12022934890694201 0.9473998171337432 0.29661168243405855 -148.4430959397381 0.5682263856157994 0.17932238614431725 -0.8030954218008675 13.01632331708569
-0.8120344823400504 0.26687952912576407 -0.5190137921330575 581.8245734944214 0.12236080764813509 0.9474060763339116 0.29571871648118103 -149.14982802280144 0.5706380921761378 0.17662684807013773 -0.8019819974902093 10.83027706733227
-0.8099455382256141 0.26878575738378285 -0.5212892112216083 581.6542289036167 0.12432396088468985 0.947289680834217 0.29527243917262225 -149.9397630102197 0.5731769167180081 0.17434585516333342 -0.8006695603861831 8.526314297661925
-0.8079324556379379 0.2696504829354461 -0.5239596970946641 581.6390152266463 0.1236585722357808 0.9469442024706837 0.29665676280807945 -150.10458082727823 0.5761542368493524 0.17488651880531456 -0.7984115485767341 5.708051772582953
-0.8065335744619151 0.26862451594487424 -0.5266350374776335 581.90775832493 0.1219346109376865 0.9472403857730829 0.29642469906527075 -149.17214094897577 0.5784769173624488 0.1748614336949212 -0.7967358000523105 3.4134589970725004
-0.8052382525305002 0.26897197440295306 -0.5284367830189375 581.937171133587 0.12171152243567067 0.9471973599622215 0.296653782357462 -149.13485070948477 0.5803254793372575 0.17456012793984294 -0.7954565354345943 1.47602858525914
-0.8036541139661909 0.26896307781538475 -0.530847367778434 582.0284079649554 0.12330944723105679 0.947938640895385 0.2936104789018637 -148.81751115210517 0.5821811104190755 0.17050277378824608 -0.7949804769940746 -0.24038759591043143
-0.8026347574518671 0.26767243054014206 -0.5330374433929714 582.2988466875482 0.12344925866190427 0.9488501612810207 0.2905918993585447 -147.80352856199315 0.5835561041288222 0.16743608143322375 -0.7946240821723679 -1.664705741311574
-0.8018770393019625 0.26607279913762655 -0.534975213817787 582.5995171775014 0.12102572846442929 0.9491429243005195 0.2906552636714362 -146.63550395143096 0.5851033984604541 0.168324017327671 -0.7932975723527086 -3.4584789248661063
-0.8016483152040014 0.2619190864074937 -0.5373624204445726 583.2829972125943 0.11543136554245154 0.9498105161435367 0.2907500357216687 -143.92145531170192 0.5865454616477659 0.17105079829866485 -0.7916476778351582 -5.28952792837123
-0.801277520676228 0.2589424740402423 -0.5393543640287666 583.7685660338458 0.1118864683467797 0.9504388362821155 0.29008177586257217 -141.94128087988173 0.5877378268070228 0.17208955117791702 -0.7905374332158731 -6.827531526019953
-0.8005578631415566 0.25752256225328796 -0.541100025589286 584.0154825517108 0.11135078546903712 0.95115460812941 0.28793387089680156 -140.9053655106366 0.5888192509910432 0.17025581154453717 -0.7901296401842282 -8.13445270570794
-0.8003977231931442 0.25507536816776055 -0.5424942776300157 584.400878906677 0.11029796033922631 0.9521702551806082 0.28496695438998326 -139.32760950832082 0.5892349655716618 0.1682508891607345 -0.7902491971804747 -8.90079262699452
-0.8004741069488832 0.2543121503320425 -0.5427398403451514 584.5290031896908 0.11024383898033158 0.952543402160781 0.2837381944096415 -138.86119239777554 0.5891413243622167 0.1672913542101247 -0.7905226769266497 -9.373207772279132
-0.800430442531923 0.2531326804524328 -0.5433552730535671 584.7113645304946 0.10892528302225958 0.9527910559154759 0.2834157484791433 -138.0892909669016 0.5894458324449081 0.1676694660766799 -0.790215515387347 -10.218730986310973
-0.8010243226776484 0.2525890636561294 -0.5427327145106827 584.7876897371452 0.10784752735065971 0.9526783905019008 0.28420555081675675 -137.83008546639866 0.5888369428994441 0.16912317757193193 -0.7903596684325495 -10.437377860880998
-0.8015894004982014 0.2533455376589712 -0.5415445240764797 584.6748295521015 0.10793887725478517 0.952221423478713 0.285698371442942 -138.39285481257883 0.5880507051147125 0.17055907837596818 -0.790636432880265 -10.523546907147804
-0.8018982651597449 0.25301562546074075 -0.5412414115775895 584.7210180219521 0.10752571321044693 0.9522281717728249 0.2858316460449549 -138.22120225852927 0.5877051925348084 0.1710105322922943 -0.7907958045619172 -10.890496223149976
-0.8030627588159844 0.25288746082373464 -0.5395721801214218 584.726641175388 0.10777681908658655 0.95218952547215 0.28586581615978246 -138.34536984130298 0.5860668585327421 0.17141481773535633 -0.791923353355814 -10.287781142706546
-0.8038682392029154 0.25110604764178646 -0.53920460572822 584.967300377774 0.10631971983843558 0.9525804065962771 0.28510820076305743 -137.3826981687137 0.5852281360070455 0.17186134471309183 -0.7924466587847581 -10.468316668990438
-0.8046112568051239 0.24946699057601407 -0.5388570738474404 585.2092872711225 0.1050051331313393 0.9529440499901419 0.28437925311888546 -136.43089883758594 0.5844438787758398 0.17223198948317447 -0.792944824284842 -10.283840779763672
-0.7960993114409558 0.24767501807480297 -0.5521620882900979 585.7253155532676 0.0988871333951792 0.9533908372582149 0.28507410664766325 -134.29990839053303 0.5970320101737594 0.17234557393134664 -0.783485661626398 -9.798659398683222
-0.8084273035649775 0.24209596075694229 -0.5365024143802457 586.1856421796945 0.09891419945967207 0.9544115950209591 0.2816282806019319 -132.44756173234134 0.5802251942098964 0.17460828466805736 -0.7955191204046366 -8.487313502586577
-0.8100854529552286 0.24119638371146737 -0.5344023422430263 586.2720680627167 0.09848689247002287 0.9544919930887353 0.2815055366082381 -132.18571653134296 0.5779808741834976 0.175411914116472 -0.7969747608701766 -7.452574237681525
-0.8122036235186051 0.23641558019576803 -0.5333225547301993 586.8792853561894 0.09359758148955571 0.9551696324889786 0.28087446646175573 -129.5536537484328 0.5758166085504602 0.17820955813751507 -0.7979201631152566 -6.881253340847861
-0.8137429770843059 0.2350833590228014 -0.531562020423325 587.0348112818995 0.09108313326269515 0.9548326512200153 0.28284000954463 -128.97671441266792 0.5740437527584642 0.1817427370617955 -0.7984004931387919 -6.0962941167616505
-0.815017182840342 0.23325482273405795 -0.5304141583199827 587.2535332469116 0.08784633229434206 0.9545553101762262 0.28479322624809944 -128.04480176253844 0.5727390449213537 0.1855164345433372 -0.7984695604322704 -5.983219900413951
-0.8167868859594374 0.2292550686943159 -0.5294348840061914 587.7564061110664 0.08459052355342421 0.9553308933544019 0.28317367025844226 -125.8506917506175 0.57070449993814 0.18650736629056744 -0.7996945517319182 -5.095645435270319
-0.8172839980767996 0.2313234099632158 -0.5277654275249486 587.4625025505014 0.08814648346410855 0.9552942688306789 0.2822110157172652 -127.27365582506617 0.5694533026864568 0.184125880696465 -0.801137064500974 -4.607995449442418
-0.8173471262708233 0.2324324840018634 -0.5271800599013116 587.3099955429258 0.09138568772191163 0.9557301550609199 0.2796936302221121 -127.99353434365443 0.5688517656265296 0.18043007257093768 -0.8024042981288335 -4.492151453527703
-0.8175149220935717 0.23358654357337813 -0.5264092313170273 587.1521557031366 0.09387844064255671 0.9558769567753388 0.2783632193527706 -128.7545471107168 0.5682043563163374 0.1781476078070066 -0.803372416314985 -4.4485054698148545
-0.8179351148371371 0.23340301652823262 -0.5258375983056754 587.1715890959414 0.09450333471719027 0.9560999673009214 0.27738416006417393 -128.7208305878825 0.5674956102417797 0.17718883825652823 -0.8040850999450319 -4.433158849729043
-0.818693976134327 0.23233552793671453 -0.5251289136009689 587.2978611671059 0.09351409756196725 0.9562282057536964 0.2772773558699612 -128.1781272198163 0.5665644597029862 0.17789834451010045 -0.8045849190868722 -4.3587071743356
-0.820107032715899 0.2295687538467721 -0.5241399070354817 587.6353493201143 0.09148590853027384 0.9568137558917895 0.27593072514063716 -126.69477417743244 0.5648493457819648 0.17834131263811992 -0.8056919962220046 -3.6925256302762945
-0.8215283180394174 0.2270843535982095 -0.5229951424346208 587.9340519612804 0.08896161654142 0.957082831292966 0.2758229229534383 -125.38966715261714 0.5631847418402448 0.18006984865635994 -0.8064724398038736 -3.1631380306823553
-0.8227373865887886 0.2270698370845916 -0.5210973822573159 587.8966297954862 0.08801982050654394 0.9565799117608866 0.2778621665745981 -125.61274644678656 0.5615654048345982 0.18274069470676463 -0.8070007029681219 -2.709996858571183
-0.824454490583508 0.22438524627639203 -0.5195440830287371 588.1974701707503 0.08454172121611839 0.9565699674675437 0.2789741828789154 -124.2446460530953 0.5595779573307945 0.18607836680448722 -0.8076183201716454 -2.029103998782732
-0.8255910389696485 0.22297483954571556 -0.5183451140915469 588.3420519846522 0.08307542498685433 0.9566341963712274 0.27919435541649074 -123.56755084364595 0.5581199782629807 0.1874386173197471 -0.8083123496526522 -1.6293572710899125
-0.8265808871580587 0.2225331680268302 -0.5169555359147818 588.3708102815561 0.08395230252382979 0.9569872198858664 0.27771833190494816 -123.4860888273643 0.5565213813376303 0.18615705762356188 -0.8097095170559586 -0.9372640641664308
-0.8269620433966597 0.22317311476731236 -0.5160693166874748 588.2739349232478 0.08564320487558855 0.9571392544338612 0.2766761447621206 -123.96238977427286 0.5556968780188163 0.18460283981252285 -0.8106310944525215 -0.7953776162351379
-0.8271722148272227 0.2242299610793863 -0.5152737637141676 588.1270484405676 0.0867882112073231 0.9569147144752014 0.27709571562237584 -124.66603407090028 0.5552062080103752 0.1844861885756774 -0.8109937809943795 -0.9754618961113669
-0.8273242454176517 0.22387324442448076 -0.5151847856594465 588.1702562597318 0.08505469098219809 0.9564997796257466 0.27905890259552935 -124.45060694182898 0.5552479558593943 0.18705331327393013 -0.8103769280447272 -1.7240657772144827
-0.8272884623353917 0.22303603329230842 -0.5156052055012394 588.2939434852765 0.08333466181994088 0.9563786262271977 0.2799915310060917 -123.89624514275953 0.5555619985439062 0.1886659777199149 -0.8097876355100079 -2.592473292530912
-0.8277964981936752 0.22082148288083875 -0.5157429885869473 588.5744224745288 0.0798914591810199 0.9563104312955832 0.2812253789137499 -122.56600338182454 0.5553110050487169 0.1915939239474002 -0.8092721766984341 -3.1919638607285687
-0.8279583218897847 0.21914642520770644 -0.5161975024466263 588.7976311446131 0.07747608029550258 0.9563567155915601 0.2817433043125751 -121.52171761046992 0.5554119860027298 0.19327875429442992 -0.808802107405079 -3.9401941253620594
-0.8285501732600414 0.21994950437594796 -0.5149046765329774 588.6828955657669 0.07943027634399558 0.9564846006806267 0.2807633164441865 -122.16096593641254 0.5542521462210785 0.19172747373706453 -0.8099661315288014 -3.5382060452558255
-0.8288412203126572 0.22033361163035647 -0.5142716510722212 588.6203016176432 0.08014219627692855 0.9564663493609421 0.28062314750580264 -122.45158670900166 0.5537142402779032 0.19137717242679825 -0.8104167557419997 -3.6815111922888453
-0.83053546905306 0.21713428934381296 -0.5128971973368258 588.9971684130144 0.08083667414954702 0.9581202638441261 0.274719842974078 -120.80504346019094 0.5510682959100927 0.18670367002932597 -0.8133052765354022 -1.9855746106370409
-0.8306789958525136 0.2189127300809594 -0.5119078261347063 588.7525914626972 0.08042409648624038 0.9569920838317933 0.27874381820527183 -121.92736370291648 0.5509123074989626 0.19037691060573164 -0.8125590817622961 -2.672481358495541
-0.8309996943349951 0.21947512284510962 -0.5111459463472922 588.672781749509 0.07952718162242321 0.9563107851223567 0.2813274064890507 -122.33854366958276 0.5505587483623696 0.19313299228973152 -0.8121482080820444 -3.1582847981667994
-0.8331533208406661 0.21777958941506997 -0.5083577425459099 588.8018386747517 0.08010409784283871 0.9570298148924243 0.2787064170695707 -121.80435711181711 0.547210085324599 0.1914836385730544 -0.8147976059598291 -2.1286966821503985
-0.8334283595635601 0.21568064317537153 -0.508801562138572 589.0911632143756 0.0820943352406596 0.9587998027782954 0.27196223692582105 -120.45822080270446 0.5464958276113252 0.1848913149711481 -0.8167971058051395 -0.766166564114798
-0.8335045907174031 0.2162828582946738 -0.5084209107234874 589.0212325819306 0.0886474534551801 0.960626166944363 0.2633229886996044 -120.84174541180705 0.5453546793133126 0.1744107009035465 -0.8198592447252196 0.17157186762811447
-0.8328876306061138 0.22338757740690063 -0.5063557889899254 588.1065134307585 0.09764206145912264 0.9598806156342374 0.2628597184120268 -125.19125386904658 0.5447607021595323 0.16949098498124646 -0.821284715182707 0.3241752570984719
-0.8338735301572009 0.21904699920550158 -0.5066293989122941 588.6781804769124 0.09259735509565141 0.9603893295833508 0.26282706377337023 -122.65217374214177 0.5441329483981441 0.17225198913657386 -0.8211264133530453 -0.0005568304668227211
-0.8350654875697989 0.2168394078235805 -0.5056147769641756 588.9592164726536 0.08698605326203915 0.9595282670162366 0.26784124278144905 -121.47489272230715 0.5432302071936977 0.17968354407551182 -0.820130944411169 -0.34616900683325824
-0.8339424121664472 0.21592126149827162 -0.5078563399456607 589.1281602383491 0.08302550227437427 0.958893033402207 0.2713501731431202 -120.63085675695008 0.545570178035874 0.18412539022554292 -0.8175885404726488 -2.881807959727668
-0.8330526965872975 0.21737847011258815 -0.5086942160474626 588.9751858436408 0.08308372190214212 0.9582931168355004 0.27344359085666875 -121.34334351377318 0.5469189152548295 0.18552871194834603 -0.8163692774592073 -4.506813344447874
-0.8330377620116204 0.2165506854484299 -0.5090715938789809 589.095905844688 0.08251807246717072 0.9585483639419335 0.2727192726973023 -120.80830265391364 0.5470272888796077 0.18517784591051362 -0.8163763290327374 -5.126551155269764
-0.8338839990068686 0.21139059539445604 -0.50985438350483 589.745338618163 0.0773133665768838 0.9593792014602935 0.27131935270813035 -117.70734006065544 0.546498050818904 0.1868303079914708 -0.8163542836703627 -5.416149682465386
-0.8356856364443348 0.20331540584183838 -0.5101885561123414 590.7040756645093 0.07077555770729566 0.9610750653136587 0.26706841682154653 -112.97948743787559 0.5446286234415598 0.18707636029096408 -0.817546388866367 -4.625963295044076
-0.8366986219736241 0.20097520223079948 -0.5094549872910539 590.9648169639304 0.06959606072441762 0.9617100686058134 0.2650851415561517 -111.69728362974278 0.5432235307118809 0.18634031241384957 -0.8186485715192003 -4.132143213082024
-0.8385067624910296 0.1974443041828745 -0.5078603705769456 591.3331370826421 0.06702371122137606 0.962335425184706 0.26347362594514967 -109.85826774379743 0.5407533923989063 0.1868857302747098 -0.8201582118279148 -2.9204816709050943
-0.8401970396927749 0.19620027705469745 -0.5055436536790442 591.4347541954386 0.06689339887610248 0.9626321763782454 0.26242059025176534 -109.44247544555569 0.538139580107522 0.18666746980912943 -0.8219252082986368 -1.6258685986073065
-0.8416772383236911 0.1936262907943897 -0.5040717072014763 591.6822597170293 0.06401462005912668 0.9626954541432761 0.2629060497412673 -108.12372825757814 0.5361730643239085 0.18901407906576295 -0.8226737646287449 -0.9046935626456333
-0.8425576237042908 0.1943576122339453 -0.5023164035789577 591.5635294448272 0.06407121015717168 0.962168263807042 0.26481524153933694 -108.76429676721669 0.5347817599421042 0.19093808077295948 -0.8231349333760319 -0.645000531895009
-0.8442464199293445 0.1945962776985945 -0.49937988660170973 591.4821482743051 0.06490686684002679 0.9620212688839906 0.2651455767155976 -109.31036135866096 0.5320104144408228 0.19143502009999971 -0.8248136468353422 0.6251211319350495
-0.8453094568322719 0.1936754744320709 -0.4979374787997403 591.562542562146 0.06427962447575769 0.9620803838044395 0.2650838829049344 -108.92955064006132 0.5303961275001781 0.19207067892370674 -0.8257050334293725 1.3493281718824413
-0.8456509964958864 0.19153275470404527 -0.4981863065169439 591.8045901152158 0.0619400291235668 0.9623045670877834 0.2648270245918356 -107.64907414645008 0.5301300075619999 0.1930935629105047 -0.8256373604948124 0.9185797381579178
-0.8458715949657385 0.18983594342689203 -0.4984611914816834 592.0035654275358 0.06131803157799698 0.9629345168219571 0.2626732101228909 -106.62000847162155 0.5298503032305609 0.19162314812174047 -0.8261593219654404 0.681925109994018
-0.8463833769270317 0.18799632491413376 -0.4982896357344528 592.2086086619953 0.061284870453941154 0.9637899603944204 0.2595247134597502 -105.57025241303631 0.529036240644285 0.18911978759955622 -0.8272571317451792 0.8787931962390901
-0.8466602147928649 0.18477063435860172 -0.4990253434101516 592.5690391263607 0.059409102601035824 0.9647399808705317 0.25641241748025023 -103.57654803478793 0.5288071852906685 0.1874475446322156 -0.8277840169973772 0.7321861714840993
-0.8475172763992437 0.18242646886501585 -0.49843259289722364 592.8061173374589 0.05845162934433667 0.9654457670984674 0.25396432390917334 -102.27087189408061 0.52753945182498 0.1861049549289127 -0.828895091383166 1.082670091389852
-0.8475197562751777 0.18304745461537356 -0.49820065443764333 592.7530692561337 0.059673244883175665 0.9655589144468366 0.2532490603681662 -102.65893318372454 0.5273986789596423 0.1849043322669301 -0.8292532914258133 0.6978545816945371
-0.19265235341465953 -0.03144761089328237 -0.9807630287143262 592.6904965809443 -0.09504685841788443 0.995384664631084 -0.013246287108327967 -103.12393886643106 0.9766530425021386 0.09066651634628042 -0.19475219481419434 1.2292810716568408
-0.8056732187515504 0.18834244700385583 -0.5616206791448444 593.477509871945 0.045289790175121095 0.9649169873786807 0.2586194934144468 -98.50314443109605 0.5906263620025862 0.18292711697463374 -0.7859377649553041 0.9856281638112675
-0.846254220760407 0.17784530454421021 -0.5022199134809107 593.3709385686001 0.051402549122510896 0.9654982368279151 0.2552859820395449 -99.13529090938862 0.5302938541873781 0.1902214560289246 -0.826198660055396 0.4945401168650642
-0.850374320946314 0.1791946997166525 -0.4947249476916986 593.1004661845062 0.05457691571299219 0.9651903096888516 0.2557909817683123 -100.82995495265676 0.5233401136415516 0.19051752065413527 -0.8305529482082699 1.066261830485573
-0.851687349861469 0.1802491455163088 -0.4920761156839339 592.9299868652912 0.055908509295024895 0.9648801138755541 0.2566721730844739 -101.77976397992327 0.5210593984128449 0.19109320078992487 -0.8318536481482218 2.090833185713777
-0.8548987221731686 0.17718387357181486 -0.4876002971417989 593.1422897249231 0.0540132124659501 0.9651614162160748 0.2560195569226876 -100.54074765312316 0.515975530142459 0.192533933616566 -0.8346855316227425 3.911511560071324
-0.8556458356135611 0.1731745380991248 -0.4877302362488156 593.5011430689159 0.05014145677728325 0.9656649904456005 0.25490578757640997 -98.24700010256203 0.5151272059495815 0.1936535710537061 -0.8349504512896107 5.07124408226312
-0.8571015462277228 0.17072083016962947 -0.4860363541961026 593.6978892453244 0.047557387529493386 0.9656830694263303 0.2553321450869659 -97.00006998368123 0.5129475941511143 0.19573095710575356 -0.8358074886509749 5.915236614017963
-0.8586856743742789 0.174218888710206 -0.4819820447288162 593.2317965314861 0.051974787695526686 0.9652019853887859 0.2562884095029449 -99.55256778497001 0.5098603083869097 0.19502027130051153 -0.8378601074842268 7.597765958691801
-0.8614982401539968 0.17274291376124018 -0.4774732117688312 593.2193969137147 0.053560862774686586 0.9660209306166393 0.25285330844066867 -99.26908780654335 0.504927733631653 0.19225880306461257 -0.8414775911774269 10.689358482141168
-0.8649163716847852 0.1703781641155145 -0.47211328215191456 593.2367633557125 0.053987694694979736 0.9667454738870274 0.24997703402606627 -98.54498171521436 0.49900400681071505 0.19072092153608697 -0.8453523119240153 14.438509493854697
-0.8687153702644379 0.16617942650623166 -0.46660261858714464 593.4103209940164 0.05274469773854179 0.9677188349914084 0.24645132027104308 -96.79315126083458 0.4924952815274379 0.18948523586002772 -0.8494373096728677 18.60077492965677
-0.8717305095552227 0.162816886737971 -0.4621434626861517 593.5232596855807 0.049965777192280535 0.9677993076534236 0.2467142501257789 -95.42967793175805 0.4874313693435858 0.19197698168923466 -0.8517954558938009 21.187173729057886
-0.8744826901392682 0.16335111636135496 -0.45672358974579774 593.2263834334261 0.050642034315745245 0.9671889209820745 0.24895978689317164 -96.47457413685567 0.48240585507138234 0.19458161247412262 -0.8540624023335875 23.892635444332253
-0.8776343796518888 0.1636246364153978 -0.4505384267861877 592.888869640022 0.05214008967806751 0.9669434574403888 0.24960320743450115 -97.43148556927747 0.47648641817097703 0.19556924213985288 -0.857154224645388 27.30290358911501
-0.8804179547004468 0.16195017068495063 -0.44568640012479327 592.7557125217082 0.051854984508559306 0.9671172789740758 0.24898841196207766 -97.07669514475644 0.47135473438027436 0.19610280702961796 -0.8598653403018437 30.17885479051443
-0.8839616790160536 0.15660836616880788 -0.4405514381738595 592.9370373829987 0.04758954258270561 0.9674790700240143 0.2484340646977334 -94.68990019593211 0.4651311486751755 0.19864055152814422 -0.8626673436619161 33.49714172490659
-0.8887017169505209 0.15391434137216303 -0.4318791889049175 592.7589808737432 0.045999309874768995 0.9671475201828703 0.2500194746318132 -94.45523219618377 0.4561724693361504 0.20232659173745837 -0.8665856152139052 36.50961497352204
-0.8891702529003991 0.15430153725338558 -0.4307752278837333 592.505649648277 0.0454059631784075 0.966534909887454 0.25248478464393354 -94.81652153957666 0.45531808646800026 0.20494219567989033 -0.8664203001805904 38.74331839571609
-0.8916685031874972 0.15632106143260158 -0.4248423309605025 591.9472709101515 0.04796164126645162 0.9658264111910699 0.25471361253927455 -96.81332973492431 0.4501410461071025 0.20674397016204432 -0.8686944050765144 41.286534565232735
-0.8949058779416715 0.15320223483365042 -0.41913308729736576 591.8277207457535 0.048080252405520094 0.9668572787884424 0.25074946018372396 -95.641834765963 0.4436572539180078 0.20424514118035345 -0.8726122640383585 44.77999665092295
-0.8971597882671343 0.15398583895466042 -0.4139959851470786 591.3617215918763 0.0505503251512821 0.9669013772682632 0.25009276531686137 -96.6297502768741 0.4388040325060498 0.20344554071830726 -0.8752490691330469 47.88805277517016
-0.9002850753519925 0.153082475657717 -0.407495446287393 591.0262887746214 0.052328689921363844 0.9673949990628627 0.24780763507058584 -96.92979339522205 0.43214406314280296 0.20177381255918064 -0.878941885027538 51.01393184552934
-0.9022531168125683 0.15452339548704336 -0.4025690418414721 590.4934412653988 0.05394281386530779 0.9666999933471063 0.25016253855243215 -98.44127066565217 0.42781945495068224 0.2039942232266863 -0.8805435087807086 53.47176005947977
-0.9040052171219213 0.15531752395622977 -0.39831022352991896 590.0915731501494 0.05393269366441568 0.9656611433221731 0.2541452750530967 -99.65060813810007 0.42410592069723374 0.208266711285841 -0.8813394039754106 54.8710859052828
-0.9057546930171748 0.1576844713451228 -0.3933751944060179 589.4944835539426 0.056498819253723485 0.9648465518977865 0.25666907627115315 -101.76356112713067 0.4200194275272256 0.21025398637733622 -0.8828232788685063 56.660843338542726
-0.9067959265886387 0.15792736631275528 -0.39087094352454604 589.2679852286464 0.05537922250543699 0.9637693773383332 0.2609247573910446 -102.47177141949766 0.4179166056008607 0.21495937819597216 -0.8826880403000007 56.97790765113903
-0.9081796870161277 0.15887478097001917 -0.38725761459655866 588.922618752783 0.05642251690458105 0.9631896912511573 0.26283477367664376 -103.60111382462611 0.41476035933710037 0.216851153188607 -0.8837134273526293 58.07854224701144
-0.9078402888795094 0.16077082419855013 -0.3872709025652297 588.7335694538875 0.05815354838727976 0.9629258700719268 0.263423487100506 -104.66697472029742 0.41526398194056885 0.2166252774556585 -0.8835322939599445 56.89172415999549
-0.9081218273695981 0.16189129071101016 -0.38614240462143634 588.5665101754975 0.06057921739788398 0.963325507905667 0.261407965138304 -105.30055626090004 0.41430050093423954 0.21399807431426113 -0.8846241682858468 56.83826670487504
-0.9078851883984896 0.16624382921627343 -0.38484733847871344 588.0833660557314 0.06529341652081991 0.9628818489233787 0.261907072781425 -107.87927875987752 0.41410295150563425 0.2126535545468414 -0.8850407964003218 56.0689940404697
-0.9077648112086023 0.16840872571763751 -0.3841894697067741 587.8497986754968 0.06837693588436217 0.9630278429472383 0.260580061300659 -109.09292072929226 0.41386911236582585 0.21027571141373155 -0.8857180606823893 55.434819433657964
-0.9067978798920031 0.17335134857197002 -0.3842745307350562 587.3975241021317 0.07197372023118445 0.9618201726495847 0.26404874375843146 -111.96867209908822 0.4153762013156886 0.2117811734611978 -0.8846532348598215 53.59392990861372
-0.9052846228852974 0.1787022988997272 -0.3853897247402652 586.9736667538965 0.07629487292880419 0.9608588924955748 0.2663255171344925 -114.92969819567308 0.4178981262606982 0.2116971352667055 -0.883484849325481 50.939177264436005
-0.903720337224604 0.18157443778682858 -0.387711588205776 586.8932078650283 0.07761305258909601 0.9600858366271966 0.26872178991600026 -116.29502115995025 0.42102941245766945 0.2127578667176701 -0.8817416424300805 47.895155245970926
-0.9015340646217143 0.1859804818968837 -0.3907014085974783 586.6580771705899 0.07999946420216869 0.9589943168942215 0.2719006912311023 -118.47117599160184 0.42524865203080503 0.21387183198819848 -0.8794443833625837 44.22640829554818
-0.8996891480599282 0.18578469691878183 -0.39502339583118007 587.0007639612717 0.07801684901475339 0.9587776144706344 0.2732377303005718 -117.82800399038656 0.42950297802577575 0.2150105401620935 -0.8770961517907799 40.2364074481479
-0.897603277064313 0.18734084725851596 -0.399013488433496 587.1129129668476 0.0791032775660669 0.958957384233616 0.2722928693560062 -118.10087963644098 0.43364850798972204 0.21284769712703655 -0.8755825656932676 36.66744028322003
-0.8958920226145854 0.18630179129855062 -0.4033226083106405 587.5151811292009 0.07789809788915475 0.959636623320643 0.2702395928190495 -116.83531578267737 0.43738926617007723 0.21068743137810877 -0.8742433506172614 33.29022652909245
-0.8933507791365051 0.18854326727363577 -0.4078919241441067 587.5405363423924 0.07881370037899851 0.9593893333681175 0.2708514494183989 -117.4805430332309 0.4423943784099983 0.2098178814716715 -0.8719310010350422 28.99561551866615
-0.8910895924442811 0.18991358663451377 -0.4121797761282085 587.6211427445658 0.07761770806087046 0.9586242251469865 0.27388882116055285 -117.73091593672451 0.4471407268778617 0.21206702849088743 -0.8689607274176334 24.94570068151087
-0.8884184459942293 0.19084101180565077 -0.41748338054369805 587.7742411124742 0.0772970485334345 0.9586903116667892 0.27374815543534686 -117.50640691401519 0.45247964717235467 0.2109326777178691 -0.8664696038324432 20.56856825159729
-0.8867197536698513 0.1921905021124208 -0.42046508695663887 587.758973060184 0.07990202743051403 0.959516727601827 0.2700802019119032 -117.75413881962051 0.4553501339235245 0.20588943719884362 -0.8661788471128649 17.519247885945948
-0.8871569437265265 0.18647717665961105 -0.42211233076382526 588.5043258938905 0.0784235953892576 0.9623352375870207 0.26030872091529217 -114.0769431019159 0.4547552054501749 0.19783112263593325 -0.868366598869726 17.409915683839827
-0.8861183770604458 0.1876917195480003 -0.4237523336205671 588.4183769451886 0.08016836035483904 0.9626176409748874 0.25872825760237395 -114.50354503894604 0.45647262331248106 0.19529233394339499 -0.8680401191587652 15.291863363629682
-0.8862243024788283 0.1877270411960229 -0.4235151044528412 588.4344360179034 0.07883726499320474 0.9619940573493829 0.2614423823194359 -114.5935132346267 0.45649881855740376 0.19830782039107175 -0.8673423989563965 13.707371425546647
-0.8853798478871492 0.1905870559504736 -0.42400365453550004 588.1476432058375 0.07825762987360176 0.9601839428097346 0.2681837790339288 -116.22312590837439 0.4582338576773818 0.20426299242516704 -0.8650424045118373 11.428095481770578
-0.8841084059451497 0.19473907940157403 -0.4247693697654691 587.676474844889 0.07961869900937606 0.9585085722956402 0.2737191619229972 -118.5159550976397 0.46044889977627346 0.20817782732462417 -0.8629303580852966 8.623979092531005
-0.8836941185401528 0.19469748813133564 -0.42564961291288733 587.7066068246087 0.0780984773290162 0.9579664513225415 0.27604511584048397 -118.37545952987865 0.46150333985403785 0.21069685867578922 -0.8617548961553528 6.614391623352032
-0.8838253629204368 0.19397793763132076 -0.4257056348826704 587.822564546031 0.07668516528344833 0.9577471708022217 0.2771998236756102 -117.94567757278018 0.4614890175118019 0.2123509277885044 -0.8613564710288958 5.237097753284458
-0.8822486334442755 0.19412727944489747 -0.4288961974196449 587.8921949973687 0.07619366135890784 0.9578932686061528 0.2768302944544645 -117.5704234651844 0.46457709236942835 0.21155397735411202 -0.8598912954037989 3.629174909168856
-0.8825736083075989 0.1944992068958404 -0.42805827224315374 587.8273135533282 0.07858302569090411 0.9586396527525636 0.2735593614623818 -117.87972974374077 0.4635607123044052 0.20779815852728922 -0.8613543935689304 2.1647755330873384
-0.8824165633774607 0.19382878995348876 -0.42868567606380115 587.9398293912029 0.07930257337777416 0.959429939519657 0.27056476675459834 -117.36664344545503 0.4637371136029277 0.20475495436856658 -0.8619879918703923 0.6558257842993787
-0.8813796909571922 0.1947621810216388 -0.43039230152489805 587.8837560233957 0.07925867259931327 0.9591101869816105 0.2717088736973731 -117.64387730558786 0.46571225363522406 0.20536636061389069 -0.8607768321360689 -1.2791432003662848
-0.8814678195026306 0.19431282619027324 -0.4304149262737371 587.9448473936147 0.07801846897996695 0.958820650925404 0.2730862095694463 -117.35636952754989 0.4657548729528225 0.20713639211141593 -0.8603295376678438 -3.081198609683359
-0.88064888848979 0.19332147119103496 -0.4325324773681525 588.1130225303026 0.07731357612464104 0.9593629015172999 0.27137692263552365 -116.46670461768699 0.4674185984195717 0.20554715266537138 -0.8598082471590056 -5.3179190478742395
-0.8802480396435369 0.19288403406242444 -0.433542544749089 588.193409238425 0.07851805686806478 0.9602682748858269 0.2678054424268901 -116.09692621268883 0.46797254561498974 0.20169429751880563 -0.8604191460555849 -7.027441058944282
-0.8789320332350677 0.19355582395345683 -0.4359066688718678 588.1992877963853 0.07924325309213281 0.9605119122882197 0.26671590352246327 -116.1533768696875 0.47031796456508645 0.1998824888931649 -0.8595626811589879 -9.236457749918115
-0.877900396934421 0.19377737348064353 -0.43788265847065616 588.2264031231069 0.07727976249360366 0.9598075283050644 0.26980983473153125 -115.95859229200695 0.4725661132278936 0.20302669316094174 -0.8575904794788797 -12.145011658479273
-0.8768748791513116 0.1927921349598277 -0.44036534719594406 588.3958734705926 0.07393301961372908 0.9592432747280886 0.2727384250517855 -114.97370979939774 0.47499932097232384 0.20659993365575913 -0.8553900352992588 -15.2092816609609
-0.8748445680049453 0.19425706911638307 -0.44374674413515813 588.2273793072067 0.07366168970223931 0.9587643009805086 0.274490383502897 -115.29623250127983 0.47877023435302635 0.20744928600424067 -0.8530790446575739 -18.922201445958514
-0.8731700741266416 0.1950492573133123 -0.44668759650476125 588.1421334241796 0.07437490838699932 0.9590264592580077 0.27337999825421594 -115.34970004557739 0.48170778969423006 0.20548488427272438 -0.8518999751633548 -21.9226678788008
-0.872734673345914 0.19250629790773754 -0.4486373983582488 588.473847476312 0.07178979249343209 0.9595879213903559 0.272097862570595 -113.6025420167657 0.48288758074064253 0.20526165347573772 -0.8512856383017721 -23.832421569933945
-0.8718510772305239 0.1892732974649262 -0.4517203980325977 588.8869844915399 0.06770769939965257 0.9600317825019171 0.27157806249437555 -111.25506981203375 0.48506841432315634 0.20619067741521735 -0.8498200032789723 -26.041612028280564
-0.8716190088612622 0.18410748728441004 -0.45429586891972906 589.4635900903025 0.06166753825554502 0.9606079543408441 0.27097873123660243 -107.84655449441189 0.4862894386239658 0.2081749052669863 -0.8486376085820552 -28.60647798085394
-0.8714366192444764 0.17996679952790903 -0.4563005256488744 589.9380410307166 0.0574191962614517 0.9612928158705618 0.26947942046905093 -105.1521510456212 0.4871357660246746 0.2086338256930742 -0.8480393105488834 -30.261949066419522
-0.8717517967367595 0.17847585945291916 -0.45628409185371926 590.1214402551465 0.0574071257233454 0.9620846685979965 0.2666411677983492 -104.34810778996575 0.48657294088596365 0.20625095888558975 -0.8489448245653891 -30.84496767904877
-0.8723853581188958 0.17751878255230552 -0.45544579126490253 590.2519028333727 0.058068143167056184 0.9627650603535974 0.2640294099365908 -103.97713005096075 0.485357474124893 0.20388849992945 -0.8502103280410223 -30.970026909452994
-0.8719194331382578 0.1773463477604182 -0.4564041794855739 590.2547804856896 0.06045349806537065 0.963962427887298 0.2590787760378793 -103.92698445487562 0.4859031556673813 0.19830459035954318 -0.8512187807813067 -32.12854809225707
-0.8720719818911932 0.17429631304576448 -0.45728683958651073 590.5059864851013 0.059679753121973746 0.9653282849830958 0.25412522361799406 -102.21719561482013 0.48572501013193314 0.19432472171663615 -0.8522377115934763 -33.177642779378566
-0.8724684381304205 0.1766878650448873 -0.4556097264239914 590.3499127478367 0.06204618317624883 0.9648531184021701 0.25536000286432636 -103.7384249025285 0.4847154790385015 0.194524698317435 -0.8527667008772019 -33.12275582075301
-0.8728045484130834 0.17811752534787292 -0.4544077105787086 590.2464884028874 0.06112008722000759 0.9635890230528884 0.26030852769396273 -104.54243862758474 0.48422779268403443 0.19942502805798912 -0.8519114408061544 -34.19648008420837
-0.8744826892712899 0.17422468433398589 -0.4526872933202074 590.7302721908216 0.05601076345495958 0.9632937575384444 0.2625412940180226 -102.35865393449753 0.4818120178472566 0.20423245593242084 -0.8521421732327104 -33.95598094762529
-0.8755625501613588 0.16779418554567938 -0.4530290631427527 591.4106695109712 0.04972256313080354 0.9640642269977447 0.26097477452609086 -98.51548510589988 0.48053916330580315 0.2059739729196454 -0.8524416900932613 -34.19999885609728
-0.8765396395572456 0.16917090027200637 -0.45062120099481884 591.3181321337415 0.05176759215119046 0.9639040454246638 0.26116873399554386 -99.66521871013668 0.47853774844595287 0.20559717341229675 -0.8536576747134368 -33.91392056146417
-0.8777654338038814 0.16700270160325775 -0.44904113494901243 591.6213701895135 0.051113041044955274 0.9645722225761602 0.2588201778641359 -98.70243754397136 0.4763562744986368 0.20423154773858884 -0.8552041713264031 -33.26353893555928
-0.8819002040364871 0.1653208732535116 -0.4414986285223307 592.010115323069 0.05153575392038842 0.9646920448544254 0.2582892267641934 -98.84629554173357 0.46861081527026216 0.20503235710805282 -0.8592820470313901 -30.07382741042757
-0.8836027004347927 0.15299397031510734 -0.44253713158509306 593.1409418760588 0.04028694306017933 0.9664486648790722 0.25368078439709457 -91.48469086891245 0.4665010503773896 0.20632455791950546 -0.8601203094893834 -28.844776997645365
-0.8841118965147159 0.1583326356390474 -0.4396327227729357 592.5799453572403 0.04427710076561764 0.9649963430878069 0.2584987353449742 -94.84170665302709 0.4651727558541489 0.20907614478642061 -0.8601752570798024 -28.70428190083624
-0.8878584737104811 0.14791225159105265 -0.43569403999797846 593.7469591756003 0.03829815834261456 0.9673918125291271 0.25037238689435076 -89.55394612358174 0.4585199905435519 0.2056089659544923 -0.8645717849843733 -25.660808545499137
-0.8858938624359486 0.16524490918313886 -0.433458399950183 591.9213083561499 0.055714229573949454 0.9655403595611786 0.2542198628774928 -100.06869500999127 0.4605301174964541 0.20106201542689806 -0.8645727712756028 -27.614779517329026
-0.8881474229945698 0.16376725046882074 -0.42938845198955605 592.0685852123027 0.05530512244585326 0.9656476517391962 0.25390146931797214 -99.72580058890573 0.4562186958678413 0.201754554755174 -0.8666946412527239 -25.50600948510118
-0.8925777186083151 0.1675937397228156 -0.41858972114672915 591.5704332895057 0.061852236989729255 0.9650902073948162 0.2545097097754762 -103.38690489721203 0.44663107485187564 0.20127898548122677 -0.8717840632750213 -24.15235496453292
-0.89272367219887 0.16705911743936802 -0.4184921700296719 591.7613180221165 0.061200114533075264 0.9650810491900068 0.2547020111335082 -103.18543187507841 0.4464291557200345 0.2017667459585318 -0.8717747353235252 -20.965670169599484
-0.8962462817083182 0.1657243316876792 -0.41143413617575064 591.8935543577029 0.06185861574688205 0.9652146524486671 0.2540357973913892 -103.39256657978396 0.43922216950182924 0.20222789269799415 -0.8753215210612812 -17.102917708768757
-0.9005722382069461 0.16228526268149618 -0.4032779900854118 592.2100749281705 0.05935289820185269 0.9649179159996503 0.2557550563682613 -102.49192294768385 0.4306354342665873 0.20639018605372153 -0.8786103879733828 -12.76998351527477
-0.9034938954785986 0.16928978484508717 -0.39375087248158724 591.3790682160661 0.06769900249484814 0.9635239468614561 0.25891784196096446 -107.88275613803698 0.4232205404917271 0.2072741483437443 -0.8819987537033518 -8.691921297083464
-0.9080581616495139 0.16494494210834645 -0.38499810536492196 591.7715986364561 0.06521932494381019 0.9636631743947629 0.25903614799730756 -106.52365801870731 0.4137351987873149 0.21011057181466042 -0.8858198083674452 -3.553156046884557
-0.9116613776782236 0.16382919464702805 -0.3768733572848436 591.7188399207781 0.06685820810422374 0.9640080547165435 0.2573294589640274 -107.04743292952676 0.4054670300516868 0.20940025172604962 -0.8898022376450464 1.0147521786412206
-0.9157084591901122 0.16353381843939857 -0.36706226718950596 591.5499171798446 0.06883391678299046 0.9637796003713563 0.25766407162881727 -108.21017470045948 0.3959039146914094 0.2106788364659767 -0.8937978061045795 6.211902842780925
-0.9186775541100376 0.1677340078114221 -0.3576266967074981 590.8067471179315 0.07545047244893094 0.9632088573121605 0.2579455822506668 -111.94945026271593 0.38773544818810696 0.20998571336860086 -0.8975339672677841 10.709465102671617
-0.9222226276018288 0.1703958633769496 -0.3470888573308032 590.1446252918016 0.08154018770364205 0.963178971257805 0.2561981013122688 -114.89627257430917 0.37796378520756924 0.2079699956022037 -0.9021595524078798 16.26689143114
-0.9261027762258772 0.17008498760770635 -0.3367562098272414 589.7642240558055 0.08405522639030744 0.9631953866921321 0.25532208281201985 -116.03866626361376 0.3677884810365828 0.2081483702686143 -0.9063144538024994 21.939178907322766
-0.9293271050129294 0.17371267931255965 -0.3258451118773144 588.8272255952064 0.0894690567235564 0.9620679646771111 0.25772178648891475 -119.63942877779976 0.3582546856320023 0.2103547869388584 -0.9096177459980772 27.07362375975908
-0.932422498584503 0.17782328038158624 -0.3145904720231754 587.7344521476134 0.09555726947682287 0.960889986276413 0.2599216084204021 -123.53043616792576 0.34850694739641336 0.2122953490494946 -0.9129477489913576 32.32822663925005
-0.9359190761821566 0.17996336704731664 -0.3027683427297697 586.8183835548036 0.10122313717162985 0.9607795885483282 0.25817912140612675 -126.22655840258075 0.33735642774293173 0.21098760330858052 -0.9174284015173223 38.69437989516481
-0.9383660519543364 0.183309640432812 -0.29303025144859146 585.7571911925497 0.10733621537968763 0.9604110077788716 0.25707904038473606 -129.3575585508957 0.32855454555917635 0.20978148598378416 -0.920892848669615 44.217726727445246
-0.9404877574799527 0.18799889233564976 -0.28308866899065105 584.6260801304061 0.112817480557034 0.9585203618429559 0.2617459302705821 -133.44673945984806 0.32055419839879323 0.2142314925799144 -0.9226862269893754 47.04879122702151
-0.9396992511417886 0.1957835381369614 -0.28041776619560793 583.3837003155794 0.11999692008667742 0.9565499158600633 0.26573106261371865 -138.35132672398922 0.32025935829148416 0.21605801226216417 -0.9223626611935509 46.72441993367103
-0.9390915165919648 0.20469725401264835 -0.2760546280443148 581.9136976625665 0.12941131107013695 0.9547632585834178 0.26773089591281907 -143.98803570490952 0.31837059542632373 0.21569922173910094 -0.9231002165036223 46.95498463035444
-0.9401854259752074 0.20590617550701262 -0.2713927259008488 581.6143409834813 0.13297861731946298 0.9552845769608447 0.2640985883274347 -145.07455743277424 0.3136368156317459 0.21221221432522525 -0.9255257554339387 49.154896945468096
-0.9391573181884276 0.21205199921338172 -0.27021747042470906 580.7492864830523 0.13988266369670657 0.9546130440186518 0.2629577467703842 -148.64995348187284 0.31371383790045765 0.20915995271335133 -0.9261942248204283 48.70874564709536
-0.9823860998830524 0.18400148134745803 0.032573081194543774 579.7695599176868 0.18666525400214568 0.9583202027775144 0.21628331395828693 -153.41440968693826 0.00858100838361852 0.2185539837440753 -0.9757871296982322 44.29791954682757
-0.9315423167544896 0.23290092276980195 -0.2792598651232447 578.4293326359584 0.15635467456435836 0.9498965809688343 0.2706468200544639 -159.51105990509603 0.32830188521778497 0.20845538044553924 -0.9212840096982873 37.579853448623716
-0.9282034014393608 0.24060474555344785 -0.2838094465897173 577.6178891723924 0.16114285982181265 0.9474864384158915 0.27622894081977967 -163.49159692463718 0.3353675957585178 0.21066277657699836 -0.9182318717404777 32.37458999789805
-0.9254222485590377 0.24391567070944453 -0.289997943879429 577.5118640803935 0.16034624351787347 0.9454610342951605 0.283535738169337 -164.72534445512355 0.3433405657093864 0.2158901994345409 -0.9140616378157835 26.128610960271104
-0.9208952301294936 0.25206019246993744 -0.2973510290830774 576.5858068372339 0.16688201549093287 0.9442992707662596 0.28363582308304297 -168.40602121931747 0.3522816600824277 0.21157633752934024 -0.9116650072078228 19.806417206871387
-0.9185699125113269 0.25450839313146373 -0.30241493622930327 576.4727917693248 0.16938437286397295 0.9447602136317502 0.28060127043185046 -169.0627510260152 0.3571249782056862 0.20652752011325318 -0.9109380513390897 16.276689275047513
-0.9145139271262973 0.26200753632730805 -0.3082471865236268 575.5157856661122 0.1777874982435351 0.9447085919197135 0.27553090901272326 -172.56444728315984 0.36339494019639607 0.1971743575132601 -0.9105308287910359 12.000138112533728
-0.9129029581620118 0.2609334952031973 -0.3138819842872336 575.9799936200199 0.17721076584849083 0.9460985985341336 0.2710973742387418 -171.1871309520473 0.36770169083978865 0.19186232807091677 -0.9099364338352259 8.708581475710341
-0.9107464045083571 0.26057660883178696 -0.3203760565410996 576.3131783990094 0.17624622863551084 0.9468502781662098 0.2690944399803363 -170.20117601388552 0.3734678748792982 0.1886117219747952 -0.9082661310248463 4.457493046611252
-0.9074794538534022 0.2606260026639888 -0.3294770516581108 576.6101170492855 0.17274277716083708 0.946418487364974 0.27285890073911145 -169.12690053093445 0.38293729744266525 0.1906990653075819 -0.9038765915312347 -2.70336644619503
-0.9034566167171962 0.2629676122147854 -0.33854715570503824 576.4671854099747 0.1718916600337767 0.9457024612613976 0.27586248743707 -169.40805034929474 0.3927077780242577 0.19103635698523283 -0.8996030854710654 -8.686277483445847
-0.9008467868146283 0.2658244860728735 -0.3432381233048747 576.0710376936402 0.17316114408202365 0.9450182478247446 0.2774089570624103 -170.34709253245313 0.39810838331535336 0.19046746147923074 -0.8973471241675061 -14.290853708368083
-0.8979809300056979 0.2671658213649825 -0.34964649753783633 575.9378101099992 0.17344340725241617 0.9451591181107675 0.276751921281044 -170.37124502838572 0.40441022962676704 0.18787406778597973 -0.895073014243405 -18.932929626093507
-0.8957358180475227 0.2666093805865824 -0.3557763095682092 576.0909753306219 0.1733505834650692 0.9463464218252503 0.27272334903866646 -169.40603499921127 0.40939824068876435 0.18261404130511186 -0.8938932779919309 -22.698532730568544
-0.8948152829168833 0.2686961697986615 -0.3565220579345786 575.7499450369514 0.17605504053401164 0.9462600674285051 0.271286762472423 -170.546479195306 0.41025630057434304 0.17998403575242505 -0.8940332850142237 -23.857023162280097
-0.8941480342434234 0.27126006127195923 -0.3562545045572822 575.314067419922 0.1791520626550711 0.9458837428259285 0.27057066268175767 -172.10691793665777 0.4103703587066872 0.1781064968392365 -0.8943568887634286 -24.567528096995883
-0.8933134528377693 0.2727723588182457 -0.35719226649494096 575.0309886477468 0.178842219688953 0.9448718299315364 0.2742857733433476 -172.7605788214783 0.4123184878656194 0.18114211345394032 -0.8928499310061287 -26.716101024915623
-0.8934732902820094 0.27252781090398054 -0.35697909159574653 575.0851506523303 0.1759759098262206 0.9437267339656837 0.28002201834730256 -172.45071590986913 0.41320449987079527 0.18737247365167434 -0.8911529596001904 -28.35505927987419
-0.8930614472019307 0.27186722644435474 -0.358510059422392 575.2154063946477 0.1723426109029286 0.9427299016502387 0.28558423801339616 -171.66065609546874 0.41561914776481945 0.19325771322248506 -0.8887700379126543 -30.982652678453437
-0.8917312769419147 0.27583326274705083 -0.3587915005763915 574.4831768172783 0.17577524432357775 0.9416482038093626 0.2870570043485927 -173.89212488407483 0.41703524216369153 0.19291104536785308 -0.8881818143649156 -32.544291211182475
-0.8911640036009417 0.2777135442636329 -0.35875047877106986 574.144979532779 0.17940614774086933 0.9420195510503808 0.28357115437156105 -175.11060842568853 0.4167015152824885 0.18834636383899087 -0.8893174317362211 -32.71137064159129
-0.8911525379923065 0.277284895848653 -0.3591103459440738 574.226958841743 0.18130179479030384 0.943204508358252 0.2783790843768309 -174.9962607710819 0.41590481271041485 0.18297087731895978 -0.8908113407548452 -32.49701347542251
-0.8914505168027731 0.2763728849387945 -0.359073814922053 574.4152016888366 0.18224719700991804 0.944218421441509 0.2742946076621504 -174.61801602799068 0.4148517027494247 0.1790798734674356 -0.8920921833783717 -32.242783932859666
-0.8918629417258191 0.27516125983975886 -0.35898018644427304 574.645985325062 0.1814091348866454 0.9446452182350085 0.2733791093800209 -173.9411565739906 0.41433225671657187 0.17869441163374772 -0.8924108293241525 -32.500882766423906
-0.8919901534238317 0.2762552126946287 -0.35782205585175236 574.4436787758043 0.18226410638377938 0.944136933565851 0.27456373795713473 -174.667141484096 0.41368268240168277 0.17969003349077892 -0.8925122577001569 -32.95400337031923
-0.8923203417985386 0.27724708013139665 -0.3562281069359271 574.2757262713471 0.1821964371046701 0.9432280833085191 0.27771431573561756 -175.30825504731195 0.41299983767418524 0.18290664125928624 -0.8921750358894512 -33.15888854705596
-0.8929055228303997 0.27719302638984084 -0.3548010053816246 574.2868594505371 0.1807849915975797 0.942431694125318 0.28131706084264846 -175.31169456949542 0.4123548400492393 0.18704686051608654 -0.8916148035217013 -33.61307895649387
-0.8932722115344194 0.2786575688136359 -0.3527247020599512 574.0135491651761 0.1805621873017558 0.9410193472326652 0.28614661390730356 -176.23057983586165 0.41165768864095476 0.19191807490875779 -0.8909014535323776 -34.079825668859456
-0.8935934109791034 0.2814269740497527 -0.34969940539259026 573.5052403939192 0.18296849234098672 0.9397597039602039 0.28874596035805766 -178.12874866657356 0.40989431157945777 0.19403751464557195 -0.8912553485084799 -33.68527420649182
-0.8935460727763437 0.2838604833899019 -0.3478485903315184 573.0278724920126 0.18599645750207128 0.9391964830242725 0.2886438706633454 -179.7743975696694 0.4086327613183425 0.19321799151344346 -0.8920123733070396 -33.40508356472059
-0.8934613798877475 0.28611069701931097 -0.346218762778978 572.612127488664 0.19120236599133608 0.9398025423687574 0.2832187080623995 -181.49528642655793 0.4064091754480912 0.18684713112152285 -0.8943823185323261 -32.18047995661898
-0.8916242981182011 0.29049414736277474 -0.347302838101274 571.7593749241806 0.19748378341986128 0.9397534671753737 0.2790404562389479 -184.08733099105345 0.40743866568037274 0.18021257247993938 -0.8952749088569164 -33.088820017604434
-0.8905997315985758 0.29188770545185555 -0.34876021201191454 571.4898792497227 0.1991774583139352 0.9397414864334243 0.2778745738197345 -184.76853568771054 0.4088526118005673 0.17800984827236188 -0.8950709668746414 -34.50434263529319
-0.8891159700331193 0.2941650380278399 -0.3506276119106208 571.0528693529853 0.19975412903846554 0.9386901022214805 0.28099676141107155 -185.76220714777202 0.41179009187224197 0.17979939486412666 -0.8933650417619576 -37.16094752104853
-0.8878806095355667 0.2937077366977109 -0.35412397351020825 571.1468547251758 0.19665462616202423 0.9381326438435043 0.2850159654550437 -184.8880796735781 0.41592665365401266 0.18342003150993164 -0.8907087688021661 -40.71086247870897
-0.8859142080756135 0.29492521102520436 -0.3580155524994652 570.8947592669222 0.19604077043752374 0.9375791744678028 0.2872512975262864 -185.02264307924938 0.42038557569928675 0.18429436102608157 -0.8884320774476615 -44.278488622309204
-0.8845357941102676 0.29432639149976947 -0.36189557085496726 570.9808456451578 0.19456170584835514 0.93789182882007 0.2872362443180224 -184.17833518050313 0.42396010608911816 0.18365971986058607 -0.8868635384012777 -47.24852653634777
-0.8837552749973941 0.2929778260695604 -0.36488437531063816 571.2326041040096 0.19292312338011514 0.9385155237689923 0.28630277698596385 -183.04772917546097 0.4263300158088111 0.18262695605021761 -0.885940242084245 -49.36511720402326
-0.8818902914693849 0.29486330303653857 -0.3678656634349363 570.8089908153015 0.19512134080172897 0.9385907071820632 0.2845613233649474 -183.89792311306294 0.42918198491523263 0.179173426918885 -0.8852681553689616 -51.64401629643234
-0.8797353421160969 0.2974993754946022 -0.37089061650599303 570.2219045433241 0.19797574343394542 0.9384228173972746 0.28313993148253974 -185.1719826574149 0.4322861700814063 0.17566085895407202 -0.8844613783472216 -54.079435127121634
-0.8790861019381894 0.29734369983234143 -0.3725511368243743 570.2302601969968 0.19747141016550274 0.9385374061130383 0.28311230897623707 -184.87315057928762 0.4338348390186835 0.1753118977611701 -0.8837720695728113 -55.71318485198381
-0.8780022293060199 0.2986127915041726 -0.3740888745789491 569.9172290739476 0.19595333758929448 0.9372853094939467 0.2882681704497618 -185.14952714701232 0.4367085696677765 0.1797961327640905 -0.8814527643735667 -58.43705438327397
-0.8775452840132245 0.2984701096540478 -0.3752730581180184 569.9360540849349 0.19388989646823318 0.9366867379491545 0.29158988836670807 -184.65320040359867 0.43854416260359314 0.18312167701632745 -0.8798553681446973 -60.46464455415533
-0.8775036556241778 0.2972024525075999 -0.37637486179296326 570.174276715126 0.19258532942714504 0.937138771796304 0.2910013973945028 -183.7852504868377 0.4392018047044461 0.18287051325892634 -0.8795795303011402 -61.47944201009207
-0.8779457318720469 0.29492340230231706 -0.37713588885451044 570.6266475105177 0.19217160550417034 0.9385753776983662 0.28661181834725435 -182.6253751474361 0.43849899193225694 0.17915481336764477 -0.8806941506116632 -61.357387349468425
-0.8781592243273961 0.2931363091456966 -0.37803105823350625 570.9602660647168 0.1928512908328213 0.9401278315615265 0.28101252631784385 -181.835639652048 0.43777249382849603 0.17386996458233062 -0.8821136429413835 -61.14007055788694
-0.8795682934000429 0.28683475685747145 -0.37958587895738594 572.1842820751652 0.188248070679997 0.9425355476759818 0.27602428380922667 -178.21831643715046 0.4369465426463458 0.17132589887595184 -0.8830204727206228 -60.99611817478708
-0.8806300445637572 0.2834425493685961 -0.3796722873993652 572.8559027416654 0.1849371103574365 0.9433927024885654 0.2753333871944366 -176.21904887431728 0.43622126246238446 0.17225135732049013 -0.8831990036662022 -61.07164801484072
-0.8810564670551098 0.281824680920534 -0.3798872873424529 573.1574626815565 0.18202685836888882 0.9432874706559221 0.2776237931732519 -175.05594738931714 0.43658415533860206 0.1754525489344378 -0.882389187592237 -62.039761003484195
-0.8812704507682857 0.2816508604695834 -0.37951967722294166 573.1991337116359 0.17994500475903624 0.9425045869999958 0.28161125465122616 -174.6982590832389 0.4370150888298172 0.1798830072038784 -0.8812831076642491 -63.080770073654186
-0.8817695040471518 0.28142988475651287 -0.37852313231607904 573.2729193210171 0.17863197327136537 0.9419693360153656 0.2842259455643507 -174.48626442646508 0.4365468587192195 0.18300543700313096 -0.8808722098974827 -63.44492245162473
-0.8826489960869656 0.2784392109397677 -0.3786850347160704 573.854860585514 0.1764178986110955 0.9430036957759353 0.2821714989196694 -172.8181337162682 0.4356689967811769 0.1822515721857216 -0.8814629258678528 -63.284085891929365
-0.8829919955045515 0.2773068019355038 -0.37871634962751904 574.0761024793788 0.17654163698950753 0.9437890694777885 0.279455260718627 -172.31329014480104 0.43492319584491573 0.17989755399825227 -0.882314390555595 -63.105639934532796
-0.8827425684635187 0.27798970779613175 -0.37879714912054346 573.9597704474393 0.1790020230494995 0.9443697455786655 0.27590588862848264 -172.94722281772815 0.4344235646999555 0.17574841676415606 -0.8833960948737979 -62.85724510767608
-0.8822056634163487 0.27904402958816166 -0.3792724574594383 573.6975790487157 0.18082481900040923 0.9444932735929413 0.2742897026341993 -173.64346634739712 0.4347591888270902 0.1733980556087334 -0.8836954011657643 -63.49993878522898
-0.8819057841813637 0.27870867587673126 -0.3802152835151334 573.7290059555405 0.18099931029855648 0.9448897671059655 0.2728050177139016 -173.42733359936204 0.4352946559503125 0.17176961899437998 -0.8837498291324444 -64.13902060576136
-0.8824778002937259 0.27641530277107523 -0.3805621005601079 574.1791979304313 0.17915487010539272 0.94564174018803 0.27141339637474377 -172.1012416531179 0.4348982231583232 0.17133674331015147 -0.8840289904101587 -64.2369714043989
-0.8829185059636366 0.27423701804479084 -0.38111542839517876 574.5847596528815 0.17743149632323518 0.9463888559335049 0.2699373954778571 -170.83169896699974 0.43471022065214593 0.1707108411869976 -0.884242519200355 -64.45044323253596
-0.8833669748008217 0.2737724143158211 -0.3804095858294463 574.70216605286 0.17818190080336377 0.9468864373678535 0.26768878376748256 -170.79160706837396 0.4334904820839146 0.16868532801788128 -0.8852294968278877 -63.88217976893169
-0.8843824392394626 0.272613825282457 -0.37887914092718855 574.959763011363 0.17787623525292412 0.9473041699809597 0.266411062962731 -170.32844964247747 0.43154112909096487 0.1682156704993677 -0.8862706934686171 -62.886368435922066
-0.8861720270802025 0.27168538388384295 -0.37534809258134477 575.2645849561721 0.17920936972004406 0.9479858319097537 0.2630719755179499 -170.41124263787222 0.42729748445914056 0.16586113071561157 -0.8887670927147502 -60.29364699878015
-0.8885501282516715 0.27081189970734076 -0.3703236213919381 575.5876535170114 0.1803281119749159 0.9483844110870053 0.2608616124283481 -170.5899874174679 0.4218535784078411 0.16500885971382473 -0.8915220886778089 -56.97973644739738
-0.8907315770505352 0.2697178965529067 -0.3658544982969895 575.9104768912421 0.18029412858735877 0.9485364289847407 0.2603318460845709 -170.45906913530817 0.4172424772742959 0.16592437785916594 -0.8935199024028828 -54.30982994115078
-0.8927528341893954 0.26933045874547124 -0.3611834451338487 576.0898693270423 0.18009159592454446 0.9481478296721699 0.2618830085463835 -170.63582682659748 0.4129883704466174 0.1687506950501496 -0.8949658143169151 -51.97991031949866
-0.8950812560783853 0.2682847703634405 -0.3561640450806006 576.3815669505839 0.17953437371020725 0.9479765008703019 0.2628839334272488 -170.4964259518193 0.4081629009030876 0.17135879256324887 -0.8966823353549693 -49.26278453002162
-0.8973257906807589 0.2695544973619073 -0.34949506195527336 576.2696216478629 0.18215682828831148 0.9474330535696871 0.2630389684278011 -172.0204067628581 0.40202651067696205 0.1723687383361283 -0.8992573062018 -45.58634709615121
-0.8993094633715123 0.27028482565021844 -0.34378569213053906 576.1981025733566 0.18317085894205237 0.9466603060176452 0.2651088482963349 -172.99936222722434 0.39710316735688916 0.17544337557687778 -0.9008488754731935 -42.89775603603534
-0.9008901457292676 0.2700477687929009 -0.33981045878235544 576.2780223787059 0.18307962263318966 0.9462543187445365 0.26661698376847986 -173.24560847671407 0.39354643576633724 0.17798024280039892 -0.9019114347142536 -40.906555390949194
-0.9028878483689783 0.2684352679252979 -0.3357618802090409 576.6013723222362 0.1823015639859337 0.9464519914002981 0.26644843355270964 -172.7594038717173 0.3893066568091526 0.17936313698272485 -0.9034761712717149 -38.464455404518844
-0.9047029931226126 0.267308769819882 -0.3317506832131131 576.8275968900871 0.1831464974749787 0.9470713276672201 0.26365367581981014 -172.67640383509857 0.38466849974703354 0.1777692939965484 -0.9057749297779969 -35.593079996800896
-0.9061780165194401 0.2670532687498868 -0.3279084537289241 576.8737689590089 0.18424033799785408 0.947236907056955 0.26229323240146574 -173.00943220585424 0.3806532545918 0.17727039673666206 -0.907567246108792 -33.179286358931954
-0.9076655359358805 0.2674338081890013 -0.32345391188198536 576.8044211714496 0.18585968337987888 0.9471290292329279 0.2615392515058171 -173.77137244167545 0.3762970275834794 0.1772731232359275 -0.9093815408342187 -30.58491846264473
-0.9090790462676982 0.2684853948073939 -0.31857633372887273 576.5834798744207 0.18731916626378822 0.9464148839098816 0.26307869063092854 -174.89993180021017 0.37213817002190397 0.1794838719466525 -0.9106584003476749 -28.248035897019882
-0.911315148921142 0.26779897915672746 -0.3127113782858749 576.6637639528896 0.18705170221800643 0.9459403340517171 0.2649689512215957 -175.11573839247657 0.3667647202828854 0.18297702363067544 -0.9121420113003655 -25.19490596906976
-0.9134224802099165 0.2664472813437623 -0.30767713420350706 576.8392361378231 0.18631734117842466 0.9458133915371004 0.26593773099222134 -174.87849993112007 0.3618635392290406 0.1855879162381176 -0.9135709629377601 -22.39597045319947
-0.9156340463082754 0.2660612313177051 -0.30137304861390907 576.8264087388776 0.18748325667922341 0.9457544061164103 0.2653274048724484 -175.41781683648745 0.35561822465403453 0.18644040469035233 -0.9158469598097764 -18.646890580845643
-0.9181226940899819 0.26333981237437176 -0.296146689692092 577.2158116924032 0.18601579756640652 0.9462183462915279 0.264705429103862 -174.45533509195883 0.34992690901485024 0.18794409902935688 -0.9177299025243517 -15.297446311567095
-0.9210673111193719 0.2604271846499546 -0.2895042139289662 577.5856829573239 0.18457353175588656 0.9466113963052817 0.2643094318410214 -173.55263773262467 0.342881349394348 0.19001196246621743 -0.9199607787059445 -11.108336506037745
-0.923858970414344 0.25872650464284686 -0.28203758363069853 577.6727540168679 0.18471948821088685 0.9468142166235386 0.2634796953745442 -173.4657548078646 0.3352063744323135 0.19132024198931358 -0.9225146348677045 -6.491800219447967
-0.9271180164235742 0.2567516569507281 -0.27300324224425027 577.7253234429822 0.1854289538225723 0.9473073101857183 0.2611990871978027 -173.40586229075 0.3256812655144344 0.19153967401495345 -0.9258748655035203 -0.6464459912519754
-0.9308776668072154 0.2542433549726605 -0.2623491678885235 577.737100167742 0.18603978367843427 0.9479221364475297 0.25852044816925435 -173.21935063002377 0.31441368979170786 0.19184352917155295 -0.9296989254519805 6.282776823081157
-0.9357311255778065 0.2490947026959084 -0.24971802040246976 578.0088415249767 0.18373889965906032 0.9485878998968426 0.25772274428419084 -171.74480186783856 0.30107686290541996 0.1952762793022585 -0.9333916098642077 14.30574718131878
-0.9407629412105711 0.24425580515704845 -0.23516842919898395 578.0081488774129 0.18261976811039035 0.9493958077416178 0.2555339909639181 -170.67473755516485 0.28568358150258266 0.1974505049112879 -0.9377623309613874 23.64064050104497
-0.9453346572976704 0.24022866107295476 -0.22052794859380376 577.7053783253409 0.18220864894642663 0.9499542067928917 0.25374596202817834 -170.0959415699673 0.27044850519278857 0.19969275248637167 -0.9417963742993508 32.837790149329486
-0.9498450072590146 0.23546189237184614 -0.20579640284949519 577.3796373391727 0.1808058509418685 0.9504370267282637 0.25294011640925096 -169.12538193293875 0.2551542797021234 0.20304471296886245 -0.9453407523666176 41.90132956674997
-0.9548959355596607 0.2277560588348622 -0.1905280292126364 577.2675479490015 0.17666704301584704 0.9514749764888792 0.25196056244484744 -166.60192508154122 0.23866819679981932 0.20693609346727748 -0.9487965772792527 52.039585825547384
-0.9598964850803463 0.2215640148347547 -0.1717792922930501 576.4785115556407 0.17505856615734164 0.9522775890544793 0.25004377976571346 -165.33073346157286 0.21898227404365905 0.20994470870896834 -0.9528745893032169 63.32300882552465
-0.9641202895816843 0.2177234346012738 -0.15188341990603887 574.9422457638574 0.17528484112630416 0.9517940537604817 0.2517206858752691 -165.73001640056918 0.1993672282203261 0.2160661594318148 -0.9558075763772381 74.66004701733813
-0.9683983174560243 0.2127465875380558 -0.13016753911499362 573.1098742648063 0.17608447674249061 0.9528109157839078 0.2472763955846841 -165.3563095403494 0.1766322614888467 0.21654156241687703 -0.9601618592442596 88.16247007773327
-0.9725296697390393 0.20611970218450232 -0.1081698194906837 571.1375246637625 0.17494757212922957 0.953744929665516 0.24446667695906205 -164.16902687623508 0.15355581553091058 0.2188270493076449 -0.963605382928067 101.59539567638932
-0.9768727152061383 0.19639102506569103 -0.08455923107168159 569.04440342499 0.17097491587645278 0.9549278591300217 0.24265276012935258 -161.56353593926127 0.1284027897937845 0.22258335322076614 -0.966420909563826 116.07176891626911
-0.9808474791518302 0.18576924676759826 -0.05854920662911833 566.2935171243128 0.1666483624027033 0.9559933702147644 0.24146428185947896 -158.87963619314155 0.10082929113108591 0.2270825027623569 -0.9686418280196178 131.76723938040394
-0.9840241207320082 0.17521625845432265 -0.03155618150008486 562.8694308907465 0.1627376573605479 0.957112049236667 0.23969351280914572 -156.34585841340805 0.07220100203182223 0.23072881913461787 -0.9703356261244589 147.95038114343797
-0.985969380178275 0.16690220433533173 -0.0028347026079639966 558.3771404172769 0.16141438593361987 0.9576031199319683 0.23862451825039402 -155.40588338234645 0.04254147816591297 0.2348189065739115 -0.9711077714398603 164.50693778657777
-0.9867536563234092 0.15964272476083757 0.028834392022703874 552.6460706285615 0.16189921674145302 0.9578133781045726 0.2374493132068628 -155.49118877072857 0.010289088924075577 0.238972243482046 -0.970971885017414 182.35740394797793
-0.9865551066896545 0.1530779514410805 0.05723776941117283 546.2081302692234 0.1624432407984468 0.9569049056722824 0.2407180820362664 -156.22252376014245 -0.017922471466352556 0.24677954186464293 -0.9689058998342485 199.68098681150224
-0.9855556538490466 0.14058528009035792 0.09442368446578268 539.3069116757435 0.1597029824492212 0.9570449110648012 0.24199172630854707 -155.1230692244623 -0.0563472320793295 0.25357605807110933 -0.965672911606262 218.3450001996352
-0.9830270460704257 0.13275247068071616 0.12662783352098672 531.6312396320925 0.16036765234617717 0.957021903056488 0.2416429042018675 -155.41477477340578 -0.0891069176609134 0.25784851870488384 -0.9620676164525382 235.81437583415948
-0.9792853301572237 0.12245233946719955 0.161262725692787 522.8577812388802 0.15949059233742777 0.957146592935425 0.24172949879558267 -154.93431356500255 -0.12475172581857842 0.2624420396794631 -0.9568496134263572 254.62909183655773
-0.9741889922068978 0.11312498979792493 0.19534212076797014 513.3869349561995 0.1595824080871092 0.9571797176862938 0.24153766389345244 -154.94343766279295 -0.15965357024516613 0.2664764994013664 -0.950526702820476 272.8283714805614
-0.9676934313543468 0.10306773266791439 0.23010098955968333 503.0261335047616 0.15965345894412017 0.9568398718306395 0.24283375531894882 -155.22851986312637 -0.1951414767824316 0.27172504882292375 -0.9423827788544056 290.9422884320724
-0.9598880906433659 0.09135033421066036 0.2650848352521021 491.9288065084712 0.1586645016497631 0.9564709777072274 0.24492620259990913 -155.06423637831034 -0.23117186108448792 0.2771612982423413 -0.9325991558002581 309.03831171738676
-0.9508833544461379 0.07910651086140441 0.2992707907173619 480.3177791987435 0.15703911191598413 0.9564242079933415 0.2461533093276396 -154.3756424607261 -0.2667574995494963 0.2810603036781326 -0.9218706753826462 326.7218131200408
-0.9403876360236907 0.06666082719148533 0.3335077632258678 467.86669964510753 0.15521485276006675 0.9566469097064884 0.24644480037463992 -153.39201593209688 -0.3026209568031358 0.2835190015980803 -0.9099656764056446 344.341868460123
-0.9282304799081696 0.05480704782362521 0.36794614236095463 454.44993614084575 0.1542367219342652 0.9567693071233115 0.24658371104708107 -152.86133611768906 -0.33852505044150155 0.2856373232888816 -0.896555692507689 361.6893552260988
-0.9145942170511833 0.04423250826874894 0.4019463936258019 440.2541243536764 0.15450196152756332 0.9568091071980759 0.24626302253273052 -152.94238330875467 -0.3736931388461238 0.28733224252609707 -0.8819260855560718 378.3907931243024
-0.8999250447330953 0.03439490383565978 0.4346859837310979 425.7020666353613 0.15481836887285122 0.9571373709011576 0.2447842435369781 -152.83629175115743 -0.40763486911902713 0.2875848462881112 -0.8666768542333164 394.3117279375837
-0.8845588413155648 0.024737986867180803 0.46577214199243866 411.12897147974275 0.15485428334105245 0.9575273468277391 0.24323143507359357 -152.5614329754352 -0.43997250730175663 0.287279327628686 -0.8508200636655295 409.1424156679926
-0.8686275345029064 0.014552571048793456 0.4952518843773053 396.56060841474726 0.15468232035126822 0.957572911452215 0.24316146697961155 -152.44733595464476 -0.4707011643008222 0.2878234561824295 -0.8340252226384112 422.870345444648
-0.852139181105105 0.005877565054759656 0.5232822089986894 381.26532717704526 0.1556042459436307 0.9575562171321633 0.24263843404509275 -152.75283444094117 -0.49964600936046216 0.2881866500387688 -0.8168857448074345 436.15434333055765
-0.8332607383296625 -0.007710266956074477 0.5528264589740363 365.78236746239935 0.15339242315258073 0.9574248631934636 0.24455755121925113 -151.95696144742732 -0.5311754008589681 0.28857959581793563 -0.7966018518682162 449.0262258973412
-0.8134921614223906 -0.020956907111242346 0.5811981687416591 349.3618583711862 0.15191785115447293 0.9569957158928014 0.24714401927506227 -151.61136822912079 -0.5613835318255557 0.28934409931283495 -0.7753247850984191 461.5692484350403
-0.7916694506855225 -0.030728734643397648 0.6101763890208295 331.6060652247541 0.15500669000203438 0.9559524422468525 0.24925459718306342 -153.74354586659697 -0.5909588876613129 0.2919086724122695 -0.7520351853900256 473.32740577077504
-0.7679974649033944 -0.03687706411268957 0.6393903158825508 312.6746221930715 0.16216829662735735 0.9546094812204519 0.2498443153906073 -157.86532705802946 -0.6195815825788732 0.2955686392472117 -0.7271573708782788 484.24305842240904
-0.7428516893611198 -0.04783157898457311 0.6677450918315857 293.2384623938913 0.16539792711094486 0.9534098776672426 0.2522957210773416 -160.13433053596785 -0.6487024690262346 0.29786195664833687 -0.7003308942641979 495.01891743937057
-0.7172255190627606 -0.061815426981094504 0.69409394738198 273.9713543653681 0.16466134334405624 0.9528161577759713 0.25500590481235336 -160.20866441364055 -0.677107226968731 0.2971871842260046 -0.6732054520861624 505.4025139887656
-0.689478844305914 -0.0746320833647863 0.7204505363917865 253.50570342640134 0.1634227971661735 0.9529990102080207 0.2551193366033176 -159.53121437081114 -0.7056287356825578 0.29363742723836267 -0.6448760723610935 515.6901450191348
-0.6599497160648432 -0.08143470107011552 0.7468833655448177 231.90747474292283 0.16572628580335366 0.9538429164902558 0.2504365964774074 -159.94548209348685 -0.7328036370404816 0.28905376683756184 -0.6159924913643497 525.1204442211307
-0.6291741322304483 -0.0870073560053103 0.7723792017739909 209.78548185193497 0.16820811937716157 0.9549245292981932 0.24459184761602695 -160.25511165565567 -0.7588451356552671 0.283811316450892 -0.5861784683411279 533.7036315954675
-0.5971960489308928 -0.09675010744137436 0.7962388434706094 187.41247044505084 0.16658967783099643 0.956090660416471 0.24111932378920198 -158.69868236305618 -0.7846048421858585 0.27664067989809404 -0.5548559955916713 541.9098861612761
-0.5656235816134016 -0.10761653911754522 0.8176115486165723 165.77894501848766 0.16229901217149925 0.9575315022471533 0.2383116716664657 -155.77074484928696 -0.8085350917375096 0.26749224794874277 -0.5241363398166028 549.2240620964545
-0.5361964972066321 -0.11501291460028822 0.836220871455912 145.82774181492792 0.15853931564191567 0.9593203942317181 0.2336015124242426 -152.79247278405683 -0.829070926868824 0.25783019739015706 -0.49615016631522096 555.1329232842861
-0.5075948997661586 -0.12052160204001175 0.8531248215666289 126.65394831624184 0.15585876884560704 0.9609885645387817 0.22849293862092104 -150.35673214908365 -0.8473815326671423 0.24894883463756443 -0.46900854558023086 559.9474707500459
-0.48066132116141236 -0.12590822958375095 0.8678201496061559 108.84222456328197 0.1561891077783649 0.9615215331397555 0.22601173403160207 -150.0810463757032 -0.862884498035956 0.24417915355668424 -0.4425007164034622 563.1935764361509
-0.45504809827860326 -0.13106930682291457 0.8807678837593861 92.11494817726647 0.15948793214347018 0.9611175104864527 0.2254256652134449 -151.8009703983041 -0.8760678214348628 0.243051368737732 -0.416450722656461 565.135756350564
-0.43178835066317683 -0.13742692442988708 0.8914441433277327 77.17387469718649 0.16133574260982114 0.9606183236927688 0.22623707552527964 -152.97078497431488 -0.8874286441106747 0.24150833655887669 -0.3926119266966471 566.493887430537
-0.4109100836937337 -0.14374640151195364 0.9002721117368755 63.93197465119097 0.16202888231526388 0.9602557305532162 0.2272786246776761 -153.5370028110015 -0.8971619387905816 0.23926116273242884 -0.3712876938351864 567.4118829722719
-0.3915373268452132 -0.1490622030428405 0.9080082495830749 51.733580360724176 0.16269068725574348 0.9600308404698702 0.22775540745933745 -153.98541096508836 -0.9056656457916236 0.23689922956972645 -0.35163687670964133 567.9497005000017
-0.3733600798914623 -0.15519688981192542 0.9146125825376261 40.45487221705412 0.16385179636697783 0.9593747685629062 0.22967943371617816 -154.97362147051223 -0.9131017684632723 0.2356140463503289 -0.33276295105024795 568.0041577854677
-0.35585731513890984 -0.16171632448849332 0.920441959960572 29.710715761912564 0.165679614341185 0.9583957486729018 0.2324389259944736 -156.48141123989782 -0.9197368301062445 0.23521356108787714 -0.3142590396893567 567.6567713043735
-0.3369524093686978 -0.16837301697870444 0.9263442130083819 18.190685123863748 0.16917805183653095 0.957038876520792 0.23548965073781183 -158.96785724632377 -0.9261975278510657 0.23606591448430134 -0.2939915363088961 566.8559145563949
-0.3193724773053633 -0.17482005255248229 0.9313641446638272 7.564073879636329 0.17357494790669387 0.9554161585319231 0.23885498000940145 -162.00084042868926 -0.9315969934467498 0.23794518957451186 -0.2747892438930714 565.6457264376336
-0.300918158449844 -0.18274187330768824 0.9359773873631516 -3.4064268278247303 0.17574208553923634 0.954032621986622 0.24276835781388503 -163.913581051897 -0.9373169054729964 0.237544025236013 -0.25497030177885044 564.5073602837297
-0.2838511924301089 -0.19138689269771916 0.939574136436033 -13.391691582699972 0.17604656780898767 0.9528196565397986 0.2472697071500183 -164.89248829472427 -0.9425688868823758 0.23559660314803363 -0.2367659900966082 563.4628461036702
-0.2685848303889985 -0.19853349640819284 0.9425744743461129 -22.287874398203932 0.17467549483379685 0.9522678316997594 0.2503486533105527 -164.66559279351983 -0.9472859443639396 0.23188451331164225 -0.22108575733579428 562.6208046423237
-0.25398657687321674 -0.19972172924311352 0.9463625360486149 -31.07542968354508 0.16878829145777988 0.9542815259843193 0.24669268702537986 -160.75331261253828 -0.952366175079202 0.2223915466765293 -0.2086640087121685 562.7237091622693
-0.2421621030470077 -0.20356881252307946 0.9486396862960107 -37.9815584298673 0.1613954226201722 0.9556669453462985 0.24627668815730486 -156.5805481544916 -0.956717844197079 0.21274498381963725 -0.19857124276812047 562.8365324780108
-0.23066248720269658 -0.207989524130271 0.9505446727269211 -44.60384688805191 0.15540181224404698 0.9564740553833655 0.24699728364855583 -153.43374991638174 -0.9605441654337046 0.20468937253937391 -0.18830073558195576 562.5842168952403
-0.2217427554078801 -0.20741366828365465 0.952790491468738 -49.979039541082415 0.15788686121254242 0.9565846952693273 0.24498461142067618 -154.4280704880891 -0.9622379588649435 0.2047566628601043 -0.17936783305214227 561.2185823363474
-0.21362928323290528 -0.20611780275247032 0.9549230234599482 -54.88533663537131 0.16237555797937558 0.9563998606716129 0.2427621977948904 -156.47679262907886 -0.9633258573900534 0.20691727307262864 -0.17084652348791196 559.5191524211303
-0.20767024846071705 -0.20085070912305059 0.9573568094232325 -58.76487604131915 0.16532300264850375 0.957408131687681 0.2367234128124775 -156.9903657333931 -0.9641272595977912 0.20743351229507623 -0.1656199422695877 558.3338098690629
-0.2026001513338755 -0.19931355438628073 0.9587634148826276 -61.857933459563824 0.16311747432941143 0.9585207295908215 0.2337321127125504 -155.23809162079812 -0.9655805860972373 0.20374522812224505 -0.16168492128064937 557.824950873154
-0.19971391356110554 -0.20044354959333596 0.9591333255374516 -63.49255847516216 0.16341962144262104 0.9583297695452117 0.23430339334071135 -155.49460977523876 -0.9661306226684142 0.2035348526170531 -0.15863537976282838 556.8988892093977
-0.1966171858304596 -0.19834659389007891 0.9602084726393089 -65.45760515274604 0.16164575984251034 0.959366396441526 0.2312720599288591 -153.96710065465786 -0.9670637675774271 0.20068568975142306 -0.15656603516710632 556.3985403496225
-0.1940032071681492 -0.19837197125286185 0.960734779546221 -67.00527639613588 0.16207849556688073 0.9594009527384326 0.23082541705662393 -154.12796883887071 -0.9675191558223789 0.20049531891254094 -0.15397503112813352 555.5114961546758
-0.19258765850771378 -0.19653299827000673 0.9613973030862515 -67.91866054344064 0.16075568687656996 0.9601828545156337 0.22848740672310955 -152.97268276249636 -0.96802252191122 0.1985539384782156 -0.153325570559612 555.0136662556489
-0.19333358888753094 -0.19430552455320915 0.9617003101465496 -67.39478349379162 0.16333013958991427 0.9601424098656104 0.22682552387021496 -153.4645068555993 -0.9674427057502715 0.2009276384810227 -0.15389182949407398 554.2423774692718
-0.1959427467983401 -0.19086206570896547 0.9618617945684443 -66.31842759615836 0.16331167788542722 0.9608261266599869 0.22392509951725623 -153.51202364351352 -0.9669207495153717 0.2009597626413636 -0.15709690625775785 553.6752561700129
-0.19931107147518382 -0.1865523959525315 0.9620152287525306 -64.60822073710045 0.16500622739294366 0.9613054648859808 0.22060087964896366 -153.8228021642242 -0.9659441193510948 0.20270670128221782 -0.16081651515413264 553.0955758702682
-0.20338770310114132 -0.18305792706844093 0.9618332691088654 -62.42318942217048 0.16638453064079717 0.9616158134240416 0.21819994348363142 -154.12635002438057 -0.9648573107929914 0.20441336235731677 -0.1651228242826917 552.5610254222144
-0.2091541989048545 -0.17982803532792985 0.9612057005607932 -59.2357498788207 0.1679090052476454 0.9617429729049342 0.21646482398931577 -154.63284147549794 -0.9633592720461119 0.2066696198720946 -0.17095783452275354 552.0520776117503
-0.21377230110051407 -0.17934845912220113 0.9602788831858605 -56.53584057138096 0.16791998937516386 0.9616246667492654 0.21698128368043607 -154.72877849049374 -0.9623431199164029 0.20763460816987417 -0.17545252645575335 551.6000079125416
-0.22072769173836987 -0.17789725134262913 0.9589743761251333 -52.54889158092782 0.1683139508033193 0.961526376383057 0.21711158763328464 -154.9487495881009 -0.960702711594398 0.20933130555271723 -0.1822929083940622 551.2320463112906
-0.22616641941186758 -0.17722175251052766 0.9578315098009214 -49.37330707800196 0.16927632626373842 0.9611983355982813 0.2178147952039673 -155.57587897502367 -0.9592675727330031 0.21140059148496043 -0.18739133870790634 550.6569064173478
-0.23102035163520898 -0.17557836253173226 0.9569753579591377 -46.591370165294826 0.16956580159792545 0.9612639344867792 0.21729953332543095 -155.6219510847803 -0.9580589940388834 0.21247090828081072 -0.19229944637343588 550.2001132751641
-0.23623845075375258 -0.173746868734942 0.9560352608509111 -43.623003800284074 0.1703720821914264 0.9612361065807344 0.21679137670873458 -155.9478082995978 -0.9566424347661067 0.21409617701003783 -0.19747931282658923 549.6589484324174
-0.242243877132332 -0.17346812618317559 0.9545819572935544 -40.100546625191996 0.17005151047117134 0.9610648248671805 0.2178001060364493 -155.95049566945298 -0.9551965178843401 0.2150888458323986 -0.2033135524752787 549.2443115836511
-0.24655223034090248 -0.17420896678862552 0.9533431877369065 -37.50685340340637 0.17128616964601318 0.9603912482926786 0.21979467302650632 -156.94853555577322 -0.95387265701556 0.2174853698373093 -0.20694701762723006 548.4763534693291
-0.24964954786934787 -0.17412073996708666 0.9525529230241985 -35.66702379276279 0.17290406818015852 0.959876353590313 0.22077492843372368 -157.97478284579228 -0.9527745202593221 0.21981663661215203 -0.2095265133894511 547.6483898655522
-0.2530621392764731 -0.17366914714691561 0.9517345118225347 -33.67900214925066 0.1739996962179307 0.9595435905878862 0.22135989582075496 -158.65280652418855 -0.9516741350803242 0.22161932472365906 -0.2126057749172082 546.9261876751251
-0.254253482033131 -0.17446535124927817 0.9512712589411573 -32.91788514555608 0.17444144506700857 0.9591899023484429 0.22254193644281542 -159.07992623238442 -0.9512756430798394 0.22252319529938955 -0.21344338461706322 546.2267835783566
-0.254572093993012 -0.17560643830528547 0.95097603954345 -32.64811004043167 0.17403566275139346 0.9589996575300171 0.22367665266628411 -159.03320137655132 -0.951264756548195 0.22244557914924323 -0.21357276808212572 545.6487249439493
-0.25435091574516133 -0.17661156100254613 0.9508490774985491 -32.71275742445072 0.17356019409346343 0.9588860569436849 0.22453148738034784 -158.92899516359236 -0.9514107791515908 0.2221393398730534 -0.21324080987214172 545.0760728907629
-0.25355673941359347 -0.1775054708174124 0.9508947300978358 -33.12244861417874 0.17233276118089788 0.9590041966948031 0.22497193190601136 -158.3462384996788 -0.9518457854724759 0.22091346394378988 -0.21257196928720679 544.6439462876792
-0.25128951214870987 -0.1787146683954548 0.9512700186510487 -34.34736513657605 0.17173856142979238 0.958979731338311 0.22552991242920836 -158.12070414608854 -0.9525541704292145 0.22004304620369988 -0.21028934879186723 544.0890660714734
-0.24862397620028753 -0.18017249435783483 0.9516953245315619 -35.69227559381106 0.1719858615830832 0.9587225625379748 0.2264330176810425 -158.12867243749199 -0.9532087818908738 0.2199748175530434 -0.20737429389541476 543.4616983571234
-0.2458543896202844 -0.1813991889225371 0.9521816808585863 -37.34911564716912 0.17178002898218636 0.9586297834389252 0.2269814088129646 -158.36755868280852 -0.9539639619751452 0.21937017245305854 -0.2045225823487439 542.714858288265
-0.24146606011462118 -0.18257745340858317 0.9530790184027549 -39.8204782322406 0.17106570357381456 0.9587520816139359 0.22700434150416693 -157.98498853670876 -0.9552123674207311 0.21785297681643295 -0.20027334724995424 542.1282276187978
-0.23642870129525526 -0.183642400990997 0.9541367500322481 -42.672470341019896 0.1702015197654393 0.9589667956064404 0.22674683590703193 -157.47581118832622 -0.956625795111847 0.21600498485585362 -0.1954710583284613 541.5483702960929
-0.2312342430634362 -0.1851243714631761 0.955122867449651 -45.59949185421614 0.16687103320429156 0.9596342865577394 0.22639808819897378 -155.6876831452921 -0.9584804552583281 0.21173333028406766 -0.1910084127325443 541.3389964718291
-0.22381343999010414 -0.18594898866472068 0.9567290722531451 -49.837103550518485 0.165908831658629 0.9600351403566081 0.22540361323221236 -154.99167971916182 -0.9604071030856992 0.20917816065506373 -0.18401818781712742 540.6729553120778
-0.2146079306570714 -0.18946163804484434 0.9581480698767044 -54.9075850672207 0.16496322354252352 0.9598803199734967 0.22675296294875016 -154.7141232462767 -0.9626684636870313 0.20672217838669912 -0.17474372659843532 539.7718931593606
-0.20388264163244083 -0.19250541571985955 0.9598820413777424 -60.87259824369419 0.16434420170345507 0.9598327546811616 0.2274028724700459 -154.49345076373206 -0.9651025084453112 0.20411454617370592 -0.1640560886796656 538.7248448970277
-0.1891432711955794 -0.19487802798119105 0.962417465121866 -69.11385393840534 0.16285967903174528 0.9603091077068814 0.22645781638285542 -153.54348734675827 -0.9683499098503148 0.19957197164275417 -0.14989823290323118 537.528497867666
-0.17185491536361752 -0.19917728448811528 0.9647768122261773 -78.6387993989082 0.16319099766491857 0.9600603313698122 0.22727265214102624 -153.84166640516878 -0.9715114957356359 0.19650081290933066 -0.13248714722372074 535.6531513950073
-0.1504042302884002 -0.20361851409142565 0.9674285855971766 -90.40338175381851 0.16344636170793134 0.9599725422664345 0.22745989743020337 -153.98998910251044 -0.9750199251070687 0.19233361332257673 -0.11110322601296314 533.3016133114355
-0.12644186522468945 -0.20634161082258842 0.9702760402904118 -103.59148244563748 0.162090291126584 0.9606823848892624 0.2254242508825928 -152.92072939686946 -0.9786415034326925 0.1857753885922954 -0.0880245008641397 530.7643956662379
-0.10008325155574474 -0.21143726107496869 0.972253890394451 -117.83052743526025 0.16020566780499873 0.960985796624691 0.22547825325020315 -151.93526093873356 -0.9819966836813575 0.17832718052704105 -0.062305135615711466 527.6418624204468
-0.06984852372545021 -0.2157830660600977 0.9739398606356958 -133.95778123119646 0.1579519261965057 0.9616156183852871 0.22438046146733698 -150.5629972528522 -0.9849732852946768 0.16950832097329316 -0.033084080410767956 523.8714822863916
-0.03396210506281207 -0.2241707813700173 0.9739579232182767 -152.86619700120852 0.1562883113451524 0.9613395309098617 0.2267162765371911 -150.09088760540752 -0.9871274178932441 0.1599180011442217 0.0023861587234481688 518.442040427889
0.006272617685100233 -0.23139128713861956 0.9728405452609948 -173.80344812386662 0.1530014921871647 0.9616268194354944 0.22773757601870684 -148.53270119076265 -0.9882060502020203 0.14741754433821033 0.041435129605375244 511.89034175692325
0.04892473132904434 -0.2362713874379092 0.9704546368288145 -195.83689256965081 0.149794481610748 0.9623648156364567 0.22675002735165486 -146.6743591913824 -0.9875059412192659 0.13427506508348583 0.08247559004625274 504.07611089937484
0.09369271272121336 -0.23981109599796463 0.9662879042082619 -218.7056474817318 0.14680417495117887 0.9632758464619107 0.22482921927541683 -144.75430433433277 -0.9847183403389235 0.12079023908969137 0.12545719724595858 494.8119165659214
0.1406546093215356 -0.24459529786065276 0.959369282988081 -242.17288476302204 0.14312023513308558 0.9638476236042797 0.22475399166162324 -142.80954412225645 -0.9796595731028489 0.10569247247009261 0.17057614748581418 483.98608877755026
0.18910155308755142 -0.24704783595764884 0.9503725424108793 -266.0950851172198 0.1415182670861479 0.9645874023204639 0.2225841938808622 -141.58777584844233 -0.9717063253374498 0.09240405853263255 0.21736675749959591 471.2854747127968
0.23823931829983103 -0.2517888725040265 0.9380002083684114 -289.6950908842984 0.14099621889629985 0.9645440082869983 0.22310294111597445 -141.40059998373437 -0.9609173187496303 0.07910259010173033 0.26529358598771124 456.88247358400855
0.2893518141330578 -0.25760162143217985 0.9219093948395474 -313.60959114679207 0.14286083493658708 0.9639433571564349 0.22450832063690446 -142.61823493554783 -0.9465021444767727 0.0667428560184069 0.31571994183354435 440.06842287361457
0.3391544589277039 -0.2642294475197706 0.9028604831605231 -336.2532201651928 0.14461147456559492 0.9629800691615298 0.22750144575720738 -144.05818094947384 -0.9295492318395087 0.05340585605579269 0.3648095943441281 422.19594099528786
0.3877519686751208 -0.2674378101419337 0.8821141810984876 -358.0283445849568 0.14468555359565016 0.9627811922236029 0.22829469218800963 -144.2258834309565 -0.9103375755011371 0.039107462292826786 0.412014690300876 403.506572400222
0.43508086078093916 -0.2675127272416039 0.8597334385412005 -378.9098262370083 0.14397226308790964 0.963227955136309 0.22685654917870585 -143.59458968304605 -0.8888062961317629 0.025076826108662117 0.45759646059476156 383.8804605581754
0.48132207230917545 -0.2673913450906114 0.8347639973541231 -398.73581947190024 0.14377790425327336 0.9635209299903162 0.2257328769123646 -143.2927586543837 -0.8646716006418492 0.01137040198188953 0.5022088579487949 363.04676651064375
0.5266288491422617 -0.26908737252421455 0.8063833091025084 -417.369494112484 0.14431363891714694 0.9631103002689282 0.2271389951954233 -143.81750524235457 -0.8377563063764953 -0.0032458379364620343 0.5460346469433071 340.91165430291534
0.568565612839064 -0.2732024418711193 0.7759468858450282 -433.7745550296085 0.14821956927872698 0.9618270607845568 0.23004274477881087 -146.36055535679253 -0.8091749521455593 -0.01578388096122542 0.587355740520201 318.30815165125654
0.6089487473456977 -0.27410995045168074 0.7443420975394868 -449.2171124503644 0.15124794257059268 0.9613010036394609 0.23027036342075827 -147.97156697950768 -0.7786562033235647 -0.027642638534382508 0.6268416080323554 295.00109881677884
0.6480039753846474 -0.2716371005613808 0.7115505136561281 -463.81608736793964 0.1509464779902674 0.9615100877518089 0.2295942332329855 -147.6882124097331 -0.7465293086463699 -0.04137193191180631 0.6640650228568418 271.2953688599764
0.6845315483466107 -0.2684446197810478 0.6777566269899548 -476.902294309595 0.14959770142450668 0.9616708201076305 0.22980374557874766 -147.01574481527874 -0.7134683504169587 -0.05591708025394672 0.6984527135670515 247.64281543099264
0.7172789007363785 -0.2660818687868126 0.6439809140505097 -487.9652389582544 0.14996445972841174 0.9615080865878449 0.23024521763664652 -147.27958194726128 -0.6804569342557825 -0.06857578675522857 0.7295722870930085 224.56160871544353
0.7461581147096128 -0.264559617502876 0.6109470325975306 -497.0918359239831 0.15261430398309633 0.9611890783205991 0.22983565854095 -148.57912321480083 -0.6480408490772409 -0.07825448551954743 0.7575746124464042 202.2711261114058
0.7713472354765739 -0.26073011408875796 0.5805542609695585 -504.8174286109958 0.1540581770284377 0.9615926461218773 0.22716879410473761 -148.85280455947668 -0.6174864536273824 -0.08578689020817433 0.7818894353136441 181.56371448679423
0.7929580977974862 -0.25533925988465817 0.5531901278032242 -511.25188772768894 0.15446373358847199 0.9625331756747585 0.22286955990303836 -148.28605814994046 -0.5893711989428242 -0.09127840975290623 0.8026891314635315 162.72558671351138
0.8106713490767579 -0.2519910456769317 0.5285002144604257 -516.0704246092449 0.1558676525257083 0.9629546117326587 0.22005383577417956 -148.50235832484404 -0.5643733149983213 -0.09601525212928949 0.8199169669401619 146.147852315611
0.8257636084630758 -0.25044671223437653 0.5053621545674263 -519.7378292590444 0.15743614866236458 0.9627428799296863 0.21986360826443144 -149.2707543718024 -0.541597933925529 -0.10199309523533887 0.8344274003722033 131.2669282493055
0.8385300440637051 -0.24952297630472686 0.48436107347571944 -522.5534380941174 0.15710465067251145 0.9619425559257315 0.22357246663249686 -149.76327252496952 -0.5217139963040945 -0.11137685304901324 0.8458189538342763 118.56048189885738
0.8491039966317881 -0.2487881947480418 0.4659687082390133 -524.6885946974378 0.15677389110121237 0.9610847674429309 0.22745992363085094 -150.28675123152917 -0.5044247713712219 -0.12008540270648116 0.8550644104884221 107.58666349492651
0.8575255849332395 -0.24819269552397488 0.45061098197164373 -526.2575450833054 0.15668884867752925 0.9603141519179682 0.23074950558166715 -150.83138708587683 -0.48999844477816035 -0.12726788878038722 0.8623829825549477 98.41582200353267
0.864663897124627 -0.24863183595620642 0.4365072223437987 -527.3395222917809 0.15779378820957946 0.9593742890608957 0.2338847876441974 -151.97419042315593 -0.4769250102602325 -0.13335360376812838 0.8687688708455951 90.08662626714488
0.8705367241417473 -0.24794540559702766 0.4250751554300497 -528.2926869780858 0.15897527118916233 0.9591733626416759 0.23390879322717306 -152.58589698888818 -0.4657173768186965 -0.13604975649366513 0.8744128250930031 82.7644336764275
0.8761796782589947 -0.24657387451114096 0.41413825688353 -529.2233577527213 0.1602465659605107 0.9593822902958395 0.23217807640811627 -152.92394301138805 -0.45456595726454074 -0.13706547878759806 0.8801038830847744 75.4091964141565
0.8818885047639955 -0.2454954691921549 0.4024979997108655 -530.0414958924346 0.1618258719834598 0.9594853270805096 0.23065188981233242 -153.457789214609 -0.4428149188113664 -0.13827466045277853 0.8858865988120329 67.71019006097283
0.8865528286457623 -0.24526654242078097 0.39226063425884694 -530.5582185404653 0.16329432759546988 0.9592237572598865 0.23070488959571206 -154.21954958639742 -0.4328499100096256 -0.1404781359400159 0.8904531704292357 61.199305459150445
0.8909407104283087 -0.24376486931484675 0.383149238534303 -531.1652883442425 0.16315211887667835 0.9592056483908447 0.23088072721894629 -154.17071560983428 -0.42379952407659777 -0.14318942901979512 0.8943661167605994 55.285996965349696
0.8944043822853381 -0.2406415722306574 0.3770045552286338 -531.8919830147262 0.16092875387127847 0.9596162078073774 0.23073506428548235 -152.98772420890268 -0.4173041302530089 -0.14569957936708494 0.897011089923661 50.93141376876797
0.8965375821092966 -0.23911693769778197 0.37288530940713027 -532.2632284732912 0.16007462018108487 0.9597903204213786 0.23060497999676588 -152.51482087982885 -0.41303326723097933 -0.1470565569142105 0.8987646461833264 47.85948705831856
0.8974215486261118 -0.23852393928758303 0.3711346042182602 -532.4050423932281 0.1594955415203574 0.9597543882366464 0.23115511349660567 -152.31143574459836 -0.411334093282625 -0.14824926525023352 0.8993477742542796 46.347200331209116
0.8971818162516838 -0.239683313955728 0.3709672459915157 -532.21770990764 0.16041910113029767 0.9594180455642387 0.23191103000556818 -152.91885118993255 -0.41149787433214907 -0.14855612695845338 0.8992222064446733 45.900355998288056
0.896776319056733 -0.24061276282087904 0.3713458387362914 -532.0414262522955 0.1611799102027995 0.9592026452098663 0.2322742387123737 -153.37556889084598 -0.4120840571122278 -0.1484445478624887 0.8989721609059023 45.67709383765893
0.8959657898359149 -0.24260735627451946 0.37200399745862067 -531.6906492764945 0.1630401338750716 0.9588049235929345 0.23261778358488783 -154.39281124980397 -0.41311404985754696 -0.14776599465179857 0.8986111465115825 45.68516498977135
0.8956946730423968 -0.24439442428851707 0.3714867670054457 -531.3933755675375 0.16482445610137061 0.9583840975007692 0.23309401607189179 -155.3923847507239 -0.41299388779298096 -0.14755096419312308 0.8987017089175464 44.98710310095488
0.8954879394608871 -0.24406096068945482 0.37220370463958974 -531.4397685951275 0.16458657347069983 0.9585542494324724 0.23256184280342213 -155.13399925670063 -0.4135367095111008 -0.14699659302953277 0.8985429269236064 44.67022192002944
0.8959812042801689 -0.24427697747522384 0.37087253855229985 -531.4076932066906 0.16478252106221922 0.9583784644755795 0.23314681979776114 -155.35666928540027 -0.41238865446207107 -0.14778185648109649 0.8989416669428352 43.40294239033131
0.8958974443343869 -0.24558515331735783 0.3702103479175101 -531.2232128010273 0.16613838907898001 0.958059571079747 0.2334949548421389 -156.08987198253823 -0.41202646141886995 -0.14768138248466145 0.8991242430043045 42.40514438460792
0.8975977558914149 -0.24491175938281917 0.36651943841317347 -531.2789977730415 0.1663918181682707 0.9581892336563937 0.23278134665739447 -156.0631493170249 -0.40820586897465494 -0.14795817862147737 0.9008198187837909 40.97962158985344
0.8973112851835678 -0.24490355776458242 0.3672256865695312 -531.3461270856012 0.16621022998481808 0.9581945185368039 0.23288929579183412 -155.99219829172065 -0.4089090570415476 -0.14793752749141229 0.9005042315442611 39.36019826263471
0.8975821745167742 -0.2447691841038247 0.3666528146665276 -531.3780969138382 0.16643965227726676 0.9583005584029021 0.23228835940379955 -155.9882929183287 -0.4082206292430131 -0.14747232376901837 0.9008927969423467 38.25372179180323
0.8988808646755665 -0.2437393606239219 0.36414875422380283 -531.5360926905411 0.16622784966437312 0.9585785452574539 0.23129088734332356 -155.66385980196918 -0.4054398760803683 -0.14737128843416267 0.9021641814155505 35.904678553271864
0.8994823828867844 -0.2438349798645226 0.36259611894059207 -531.5280212204374 0.1667409855417948 0.9585652459719123 0.23097643376621407 -155.85988236446232 -0.4038921720173134 -0.1472995988089416 0.9028698364514465 34.304267600373755
0.9004834654043407 -0.24367558456796606 0.3602106855978176 -531.5633555129573 0.16682357194255076 0.9584625798253064 0.2313425575179517 -155.968193534673 -0.4016209959373617 -0.14822851466596512 0.9037305367542935 32.2978331371638
0.9012175804835656 -0.24270237197648242 0.3590298473168171 -531.7367699055415 0.1663477712875761 0.9587375419821067 0.23054445250702613 -155.54625388890554 -0.40016907878421104 -0.14804689875541913 0.9044041265683713 30.702401303100007
0.9026030975445464 -0.24178047697182023 0.3561598647493413 -531.8986387885041 0.1663246878041824 0.9589911175281175 0.2295041061266958 -155.28378858931404 -0.39704375896093774 -0.14791293877633394 0.9058024155480693 28.194531066807006
0.9036321002712667 -0.2410260262169931 0.35405576120914173 -532.012616894268 0.16548632851372086 0.958914451497954 0.23042862188414653 -155.06591745866396 -0.39504848111894864 -0.14963131154415338 0.9063923919424678 26.337031789252972
0.9072618265474814 -0.23758008330015667 0.3470326816148851 -532.380162810314 0.16419231791859001 0.9597637054121815 0.227803670975689 -153.99562711130773 -0.3871909875323136 -0.149697474235773 0.9097657969945792 24.090095520987532
0.9051152236297577 -0.23761888953544769 0.35256729186014185 -532.5444808202726 0.16247091912794714 0.959616012717836 0.22965258233523517 -153.37788662394544 -0.3928990104230014 -0.15058011645453928 0.907169221334787 23.657504308265462
0.9059848192396546 -0.23611285764901857 0.35134345839947656 -532.7374025134297 0.16232341831855068 0.960321208738401 0.22679127829922685 -152.67459929282094 -0.39095091146161975 -0.14843818410379062 0.9083630828734168 21.65995433354501
0.9055623347576992 -0.2347983353585321 0.353308080265718 -532.9394499612503 0.16128992045317633 0.9608768192389082 0.22516949129383984 -151.7914136247404 -0.39235496610644904 -0.14691997809073093 0.9080044606770532 21.67459423947091
0.9066616419448386 -0.2336587638194052 0.35123816580246064 -533.0228951154487 0.16040930692592725 0.9610088410910215 0.22523512513912092 -151.3534348843107 -0.39017114357347477 -0.14787017763997995 0.9087908941485318 19.682416772413838
0.906960707238943 -0.23325846946407736 0.3507317521239168 -533.0415091056813 0.15989957560917784 0.9609991780990754 0.2256384395729288 -151.16626785005784 -0.3896850025913768 -0.14856334041807737 0.9088864244993327 18.708570742846636
0.9065902269795834 -0.23657090582563942 0.3494686922485961 -532.4499897869505 0.16385488682204732 0.960457868151076 0.22510499677089404 -153.03395639384217 -0.3889032481345992 -0.14681583710052057 0.9095050156908602 17.393777392633705
0.9070192916011758 -0.23455066410237257 0.3497170150742417 -532.7079094884208 0.1619732115601082 0.960941756923163 0.22440057606505653 -151.9466868420552 -0.38869098703238003 -0.14689086346863361 0.9095836359726539 16.521948880340517
0.9072742530516271 -0.2343116059831638 0.34921555098706974 -532.6789905378467 0.16185359060394622 0.960988058421961 0.22428857924334847 -151.85797577741 -0.38814539152001054 -0.146969462379027 0.9098038976448702 15.465572319159177
0.9071274832833592 -0.23691545499588446 0.347837312915236 -532.2147218025532 0.16399930275048952 0.9601575639536069 0.2262778846463541 -153.3516920155095 -0.38758735501735875 -0.14821781123322694 0.9098392839748565 14.420116251822241
0.9092007806010034 -0.2318453363766725 0.34583475903227767 -532.8361816738808 0.15939084531644723 0.9611593757406537 0.22531580693583242 -150.79442592933438 -0.3846407401509029 -0.14973441296583928 0.9108408788531294 12.032554813827716
0.9090694712029703 -0.23286919372677603 0.34549187420226435 -532.647640577855 0.15941234065721835 0.9605302677821919 0.22796778351437666 -151.3467065753433 -0.3849420763867455 -0.15216288406609538 0.9103109658461492 11.556195522785524
0.9104697257053721 -0.23057495024097535 0.3433366728087114 -532.8674721976895 0.1572394469280864 0.9608136144501966 0.22828262005001246 -150.29511822050864 -0.3825188033335536 -0.15385834591766737 0.9110471856538197 9.405560900932265
0.9116121117777454 -0.23005752701707954 0.3406418822207644 -532.8130440128164 0.15785825395917052 0.9611010092455836 0.22663985016779928 -150.274844754912 -0.3795314602468173 -0.152834499671724 0.9124678001951698 6.755805011013592
0.9121494747495201 -0.23511955224398384 0.3357113817950816 -531.8635450132348 0.16444259598534955 0.9602179485732144 0.22569918888522128 -153.41503464793215 -0.375422386572476 -0.15066614546883528 0.914525966974033 3.106121168831561
0.9129402438584531 -0.23576035399242484 0.3331023365709626 -531.6781736748787 0.16575400962819709 0.9600990095482362 0.2252454220548587 -154.0164888736548 -0.372915163858811 -0.15042256263560466 0.9155912478908336 0.8698675079004419
0.9150835014137036 -0.23298802271471777 0.3291485480932926 -531.8487381394959 0.16321601737343308 0.9603517436595708 0.22602004363059777 -152.89351985665826 -0.36875834514379685 -0.15310489777113037 0.9168294133399627 -2.189872235585366
0.9171742620184595 -0.22960436991106556 0.325688818365993 -532.1290219977607 0.16017601146941982 0.9608033767497922 0.22627531145917196 -151.3890589837538 -0.36487671676970906 -0.1553663558945101 0.9180012402036383 -5.25664615568764
0.9175708124304993 -0.22717417118615174 0.3262754972741877 -532.5065708862002 0.1577488239158083 0.9613366847210116 0.22571461442005394 -150.0167637544817 -0.3649371353107447 -0.15563956616329713 0.9179309411473653 -5.908186470897152
0.9177858716704065 -0.22757775995844973 0.3253881634824576 -532.4058339298705 0.15825034913159217 0.961207566132404 0.22591335022426082 -150.30413731166706 -0.36417841885801183 -0.15584729058316857 0.9181969839070285 -6.999673735771648
0.9184934049368654 -0.22941983380151476 0.32208136386007935 -531.9918205049604 0.16087837694967227 0.9608388485342856 0.22562547501855226 -151.5473147909258 -0.361231245765815 -0.15541958372674128 0.9194328360879243 -9.024446970086498
0.9180602534239428 -0.23014656961957533 0.32279703774277063 -531.9085029351478 0.16101198878829978 0.960517427400166 0.2268951544811022 -151.8547243817807 -0.3622713217322096 -0.15632923000165 0.9188692297043628 -9.66438100930301
0.918899080592368 -0.2305706874138876 0.32009629456147737 -531.7086957498482 0.16087264322971062 0.9598949760158751 0.22961190665940817 -152.37775073297803 -0.3602006001477329 -0.15949543292824986 0.9191391268617842 -11.46043251656324
0.9194282980361075 -0.22873559409966532 0.319893158354942 -531.9618065694979 0.15889193224330145 0.9601631466890568 0.229869714421363 -151.41561833642115 -0.3597290072240727 -0.16052027825805076 0.9191454083166282 -12.44365017914843
0.9191124609393801 -0.22971198528331518 0.32010105898474367 -531.8088869655152 0.16012661390840463 0.9601123293867856 0.22922430603605132 -151.85731232523048 -0.3599885437957507 -0.15942621734419526 0.9192342082185238 -13.1184855359808
0.9194992698296509 -0.22994015246139587 0.31882380568076885 -531.6966161899502 0.16027017205236904 0.9598884733834121 0.23005997178119986 -152.10360127135107 -0.3589353210998364 -0.16044202987899547 0.9194692981906817 -14.4552524335798
0.9193957849218486 -0.230931124284335 0.31840572624359487 -531.5266706630599 0.16149326353754112 0.9597525948423342 0.2297713701169068 -152.64249214709332 -0.3586520828043974 -0.1598304493210831 0.9196863111789195 -15.388490514181317
0.9203695367254001 -0.2300086625593395 0.3162529541609631 -531.528963346483 0.16082978019345084 0.9598070288497296 0.23000923714838215 -152.34768518089336 -0.3564459253109771 -0.16083060193358198 0.9203693931302166 -17.358482016267914
0.9205979390277532 -0.23047733061076492 0.31524535640099327 -531.399140055159 0.16219264010394308 0.9600048875404249 0.2282195508597124 -152.61868297413005 -0.35523651579471094 -0.15896797153210518 0.9211602476621545 -18.931652716556314
0.9210346727587237 -0.23293227417766849 0.31215010367233614 -530.8490411965088 0.16522754182661264 0.959437688509924 0.2284276281203068 -154.17217697811935 -0.3526967408385931 -0.1588139714041359 0.9221622045435828 -21.186998524653877
0.9218770100760849 -0.23085633374110334 0.3112043243028515 -531.0884874225194 0.16331250749592577 0.959813443720931 0.22822615570516963 -153.1488171774735 -0.35138554777988695 -0.1595728874971668 0.9225316744628583 -22.654991387947828
0.9231118454101365 -0.23091625400176727 0.30747716094253835 -530.8627347501764 0.16351109901546865 0.9594405240727684 0.22964755880637006 -153.54043497288234 -0.34803540245533343 -0.16171445329581052 0.9234282832104458 -25.24360351809571
0.9242292511993151 -0.23113753965290662 0.3039337575702219 -530.6190886150938 0.16386423991778498 0.9590442007319503 0.231047033996503 -154.00753994358234 -0.344889550586445 -0.16373655305280993 0.9242518807612264 -27.70765273945788
0.925843174623493 -0.23059371462661565 0.29940099328123704 -530.4055959052914 0.16412285205564492 0.9589920812630177 0.2310798076594895 -154.1162429448765 -0.3404087329023938 -0.1648051177892383 0.9257219710659687 -31.016740436659795
0.9270431680490854 -0.23120314687971125 0.29518819327072343 -530.0329136642688 0.16426371780542928 0.9581212191326526 0.23456589790610638 -154.99541859324503 -0.3370584453566675 -0.16896400303223852 0.9261980188345622 -33.489392355558316
0.9287895222949377 -0.22896306120466078 0.2914205550041591 -530.0873054853579 0.16325468249528216 0.9586958553544769 0.23291664940384232 -154.1083489266417 -0.33271298730062515 -0.16875477335452932 0.9278059573809361 -36.782736238683874
0.9300883163344107 -0.22896411618098034 0.28724755407084623 -529.7745116228957 0.1637051349767546 0.9583887564825666 0.23386239592983352 -154.54567838729398 -0.3288409229406579 -0.17048878247339969 0.9288687864549405 -39.67481034618695
0.930766730802443 -0.22916380764959093 0.28488110168081326 -529.5776581198505 0.16408073018749464 0.9581313069134253 0.23465274917100437 -154.9127271666007 -0.3267274197438458 -0.1716634730392957 0.9293981091069724 -41.59351586364799
0.9324415556660621 -0.22588370403870953 0.2820093926038753 -529.8126245970518 0.16153626788699002 0.9587617713211195 0.23384161308529303 -153.4475489671209 -0.3232008345041773 -0.17248889269440507 0.9304777280907165 -44.34148099073736
0.933724185532692 -0.22188576887391276 0.28093745019584626 -530.2970466822641 0.15874945499807486 0.9600112093563191 0.2306015794569325 -151.32601163844816 -0.32087031007733513 -0.1707196048538372 0.9316099294390461 -46.58883084091925
0.9336922933073347 -0.22435464560188523 0.27907650280047314 -529.7830706072074 0.16098858843355468 0.9591819578931386 0.23249224943308686 -152.8692530509299 -0.31984586258487313 -0.17214808929853861 0.9316993396682219 -47.78357456569646
0.9346319258669703 -0.2207163997879672 0.2788322686039698 -530.2602748243169 0.1562596524264247 0.9592246549250069 0.23552278532569726 -151.17669515861425 -0.31944652787872196 -0.1765568810571816 0.9310110544873187 -48.43654076463646
0.9345828176162113 -0.22174272754343413 0.27818181068887626 -530.0542968786705 0.15578218484987036 0.9581040408986107 0.24035090533874437 -152.02783172313463 -0.31982318224285167 -0.18129205607348486 0.9299711406837871 -48.69101742070778
0.9345174041107183 -0.22428393089526552 0.2763583538746971 -529.5361197357971 0.15737441214932515 0.9568278851310135 0.2443638529659544 -153.7481756243814 -0.31923426478813155 -0.1848705400486513 0.9294688631725654 -49.5364264006513
0.934140384474942 -0.22596539559351586 0.276263247804107 -529.2757224893775 0.15902640036964538 0.9564884937055566 0.24462290447615206 -154.61040469058534 -0.3195189291395438 -0.18457898418601518 0.9294289927253065 -50.11562958859729
0.9329548387550469 -0.23169473938754645 0.27552280592299655 -528.3819788014227 0.16315076673177129 0.9543726473855493 0.2501093305679201 -157.97992590214992 -0.3209004458681531 -0.1883889531327007 0.9281877537326085 -49.79031223836259
0.9327014762058639 -0.22690813832952447 0.28032240909929373 -529.4514462639622 0.15746689581596687 0.9554881066970728 0.24949279485092646 -155.0068596975205 -0.32445667354130014 -0.1885607984716665 0.926915687791636 -48.40893862603176
0.9311846800469755 -0.2320875557461433 0.28112356378217873 -528.7460821565629 0.16230088780282956 0.9544501437058688 0.2503664214671364 -157.62478347421782 -0.3264253566502229 -0.18751077208423858 0.9264373680331269 -47.98829567263696
0.9302139834516103 -0.23159570543488778 0.28471981703984683 -529.1039603334582 0.1602624473038443 0.9542126084914104 0.25257522796228626 -157.11328337669048 -0.33017857740209267 -0.1893191142492882 0.924738006142602 -46.33076268852336
0.9285721219119691 -0.22795189593600107 0.2929022832739371 -530.3059190863652 0.15358477175023966 0.9544288961522418 0.2558851306270845 -154.588544404913 -0.3378839035738902 -0.19262246839036162 0.9212660052215507 -42.29895754574411
0.9264936639464131 -0.2342654802055583 0.29449817563307606 -529.528205420698 0.1592193678541083 0.9531288109600727 0.2572832342341334 -157.74028862668635 -0.34096727638776286 -0.19148147299907892 0.9203674059476541 -41.24250828486925
0.9249586551814702 -0.24072914005861146 0.2941104679053899 -528.5331050049587 0.16534460678995666 0.9516416482880395 0.25891955169337394 -161.1714505894745 -0.34221725147975895 -0.19086030066586543 0.9200324442210583 -41.15212427411681
0.9229407671774893 -0.24636270386548484 0.29577991552151567 -527.8262625309898 0.16927727973125758 0.9498451125493271 0.2629438433067821 -164.09173272201485 -0.34572466335020574 -0.19261277296753565 0.9183543852136513 -39.670156562151824
0.9235113524665103 -0.24140621116006963 0.29807687444486014 -528.8078539680129 0.16189401094839898 0.9498172536480778 0.2676518520232257 -161.49492028159784 -0.3477313777681225 -0.19892266307729473 0.9162492363051226 -38.283501141884294
0.9214002797467995 -0.24952810972924522 0.2979215449366986 -527.6337732050756 0.16779499107700263 0.9469311175995763 0.2741647305746784 -165.9796310264197 -0.3505229884786277 -0.20262571647391442 0.9143721636026791 -36.81190093384254
0.9204411792994057 -0.2503518729626477 0.30018656724446124 -527.6555920407448 0.16704855427319243 0.9462515449054899 0.27695269321530336 -166.26903220293474 -0.35338762848344796 -0.20477293148282064 0.91278980634469 -36.296689894298524
0.9201126792133999 -0.2529083760469991 0.29904850923555665 -527.1806239879589 0.16934136961446591 0.9453904445813124 0.2784966926759551 -167.80467996176586 -0.3531517493767176 -0.20560705391503048 0.9126935856532278 -36.94167789511621
0.9196837781365073 -0.25358745594952464 0.2997918451486089 -527.1934799274145 0.16872591151952693 0.9446300959130911 0.28143480359957074 -168.23942259651733 -0.35456073529716226 -0.20824837113473918 0.9115477502058044 -36.58510887656882
0.9189920997947291 -0.2546278887575827 0.301028501610281 -527.1901112666907 0.17104509013098187 0.9453808736656697 0.27748618136624287 -168.4351648886594 -0.35524230837128495 -0.20351816128785966 0.9123504043781916 -37.160608814433154
0.9189950903904726 -0.2506680445378076 0.304324752995544 -528.1105409475495 0.16730184697426229 0.9468626494875011 0.2747020476889645 -165.94457537468838 -0.35701276705071444 -0.20153573989022716 0.9120993529817303 -36.92308437350273
0.9175586606903995 -0.25403191733624847 0.305865802545021 -527.8008451679566 0.17064058219772735 0.9464292222541979 0.2741414214790146 -167.493121295144 -0.35912100453643897 -0.19934771691138953 0.9117524838808807 -36.33231056627451
0.9174816424637108 -0.2514880898783822 0.3081901627103211 -528.4230666365271 0.16686131381316638 0.9466418674237628 0.27572899157142516 -165.96864927728714 -0.36108826856412196 -0.20155127260767614 0.9104901684343388 -35.793019425943186
0.9151468407374951 -0.25866445933474647 0.30919081060931464 -527.4687366295202 0.17224719410363476 0.9443569686032867 0.28021566689576055 -169.74485659847554 -0.36446833060172257 -0.2031812327147228 0.9087795236804794 -34.29447792727209
0.9125398418645058 -0.2627786561533851 0.3133981730644322 -527.2547124770458 0.17523202001101548 0.9435895487180311 0.28094928850766204 -171.41577773917123 -0.3695467171722161 -0.20146002437288507 0.9071102923056902 -31.81302236087424
0.9092653014670243 -0.270553814134367 0.3162866503749845 -526.3122461420975 0.18131185519845244 0.9414895070768252 0.28411884701429446 -175.17848923502328 -0.37465000028370044 -0.2009928897289231 0.905118354451969 -29.526999223488485
0.9071103802618848 -0.2730792150067177 0.3202787853612123 -526.2906161967843 0.1826888401330855 0.9409888894938594 0.28489418656747123 -176.00164686028396 -0.37917745939331177 -0.19991911409474591 0.9034693144250143 -27.60153681037112
0.9050143955271945 -0.27723463328217257 0.32262966695182566 -525.8488316426215 0.1862536478353547 0.9401381546868894 0.2853941638680685 -177.79885429424579 -0.38243760609617133 -0.19819487433036595 0.9024745255311089 -26.47492710182639
0.9014475759336292 -0.2829945680898428 0.327576467828547 -525.3691622742728 0.18904292937444245 0.9381047030962004 0.29021084900864613 -180.3662477551246 -0.3894291189637895 -0.1996838512760432 0.8991503327267659 -22.78929342522202
0.8987967356365865 -0.2849826139851332 0.3330905848792736 -525.5128429594661 0.1908459457074835 0.9384414646786602 0.28793305190406193 -180.66402489418633 -0.3946419301291137 -0.19522429945570693 0.8978559015153803 -20.56385450650797
0.8957083084928131 -0.2907838301764779 0.3363798302586538 -524.8331390004003 0.19454955438822258 0.9365579917882602 0.2915640562636026 -183.37318148041487 -0.39982133132724107 -0.19571380157116788 0.8954546392142229 -18.043628715926864
0.8921069465038244 -0.29497139440544645 0.34225293641125887 -524.5815074393013 0.1974915097120509 0.9358674419393211 0.2918034179196782 -184.84599274219025 -0.40637704117146867 -0.19272780702446138 0.8931481919638333 -14.878329634913218
0.8895957958025512 -0.29788674238766844 0.3462409692686414 -524.4000663745918 0.19873190411674 0.9349787677132467 0.29380322362348815 -185.96660141446907 -0.41124803996683107 -0.19255698542270905 0.8909527804481886 -12.151045957490014
0.884956468948019 -0.302413382833027 0.35411607412053314 -524.1688283613627 0.1996077770887902 0.9333771244838126 0.29826813241779815 -187.47779092062018 -0.4207241179118755 -0.1932699908775659 0.8863621873892522 -7.377560856768857
0.881516583459202 -0.3053672362164413 0.36011021109092134 -524.051212897079 0.20220438215736722 0.9333781180803926 0.2965108371123426 -188.29365077005127 -0.4266636859667965 -0.18856335734770144 0.8845348830560555 -4.678488452289906
0.8768687592043383 -0.31194117215494116 0.36577846334365494 -523.2168082015021 0.20591095319036096 0.9312659439690177 0.30057348678772594 -191.10406806062605 -0.43439827173652656 -0.18824570836567736 0.8808301168751118 -0.5996398210808105
0.8746835306949238 -0.31338288299739714 0.369756527698027 -523.2009812807788 0.2041476413332635 0.9300942873813307 0.3053659396833242 -191.41409368907478 -0.4396048926810612 -0.1916136352790534 0.8775145315640183 2.0638206713163765
0.8715589510163771 -0.31386711722077876 0.3766595646346315 -523.5021782096272 0.19928603856897106 0.9286962906061307 0.31274314484237675 -190.9208069182191 -0.44796212979973965 -0.19751109473123574 0.8719628992814717 7.222814056431995
0.8675299805322019 -0.31757887889714304 0.382799410339451 -523.052721947695 0.2026271110051448 0.9285210880525457 0.3111122674010549 -192.22097109940424 -0.45424001008663506 -0.1923336806702105 0.8698699721891446 9.97609056447399
0.8625550275655413 -0.3207281008472176 0.3913212360048267 -522.8564990362815 0.20337981825392948 0.9279669429585743 0.31227232074443734 -192.83997355754576 -0.4632876794696864 -0.18976521837010896 0.8656521749227792 14.704120794856516
0.879825319551328 -0.27800467940004614 0.38551369016946857 -530.1721505470147 0.1804600195144655 0.945752516582259 0.2701598762495325 -170.78507233063968 -0.4397062524381956 -0.16812369140011632 0.8822657399881038 0.22336362580357352
0.8821028745134196 -0.286876775074614 0.373625795011468 -528.0602595621461 0.19004987076653554 0.9424841553489444 0.27496302212808543 -176.7446142873794 -0.4310168968808361 -0.17153813814710756 0.8858888766455071 -4.974078564210427
0.8803782469706112 -0.2788841039230362 0.38361152073419097 -529.9329304781019 0.18321095448290076 0.9460360869578562 0.26730033357804067 -171.37086790776678 -0.43745615599556714 -0.16504356622574687 0.8839642146767421 -2.1677082016417897
0.8779045477352281 -0.30097330100794906 0.37242271298375884 -525.5645003891576 0.20075871479431306 0.9374608834359874 0.2843642566525438 -184.40570254993534 -0.4347177745387695 -0.17487756890978506 0.8834241859900956 -3.108245195657073
0.8806617542401435 -0.2966046172396927 0.369405706034393 -526.2122443557545 0.19725099946874156 0.9385222325585081 0.2833161876807894 -182.38700397013366 -0.43072835735211995 -0.17664008612285356 0.8850261929159245 -5.658706557400388
0.8787435803635303 -0.3031440431141821 0.36866435831833644 -525.0286494281693 0.2015274697392585 0.9358298155070821 0.2891526160152677 -185.92512886077483 -0.4326619915249964 -0.17979500975379578 0.8834462946649652 -4.606807942123708
0.8795329397142435 -0.305995915358769 0.36440130041119484 -524.3205595199447 0.20263236989219346 0.933758658881979 0.29501676161669405 -187.9690985551118 -0.43053679358388647 -0.18563746051558958 0.8832761757365749 -5.22793288581447
0.8788490319122451 -0.3103108773344462 0.36239693502406456 -523.4513454223007 0.2057965842678694 0.9318489057222971 0.298840062253767 -190.42770301630335 -0.4304325092399359 -0.18805524803122065 0.8828154272991204 -6.13266096022404
0.8815635813722407 -0.31042284016744975 0.35564492446894647 -523.0684213660387 0.2077417812911188 0.931618125719846 0.298213044879385 -191.2483385403953 -0.42389739832197804 -0.18901144973946699 0.8857684051507161 -10.191278714698251
0.8828508132951167 -0.3089382395910716 0.35373946003028917 -523.261955335976 0.20819306360650267 0.9325814507727926 0.29486859097003193 -190.63695576129905 -0.42098704223561284 -0.18667887345086187 0.8876490908443647 -12.401137073003513
0.884676529018986 -0.30443849120000904 0.35307880717876744 -524.0588598044778 0.205550001194554 0.934471258644773 0.2907106186154414 -188.29292933909613 -0.41844549945224413 -0.18460951178830354 0.889282121795691 -14.282938346123114
0.8859659406304258 -0.298257353543208 0.35511533774288984 -525.3159749769449 0.2006016317612141 0.936875636368334 0.28639662587776293 -184.77183503660316 -0.4181188077300316 -0.18250093982451404 0.8898708162343487 -14.822743660956242
0.888414073315658 -0.29852094404402385 0.34872006007934975 -524.888024745473 0.20242920477754625 0.9365891388532048 0.28604755205270066 -185.58490654037783 -0.4119986060508103 -0.18353754642927161 0.8925083291840543 -18.681434349787747
0.8890858022755794 -0.2991488339336282 0.3464627127818228 -524.6415121933057 0.20331108441068865 0.9362189230186482 0.2866334438573986 -186.1628436901826 -0.4101110083230382 -0.18440201554742616 0.8931992261048527 -19.98588238804576
0.8903090720538183 -0.297313617799129 0.34489762088170833 -524.8736543660619 0.20189830718656956 0.9366435999216811 0.28624437161445027 -185.36257638192842 -0.40815049892639693 -0.18521171506399736 0.8939294104285785 -21.322842334875617
0.8916607469190395 -0.2959354266002292 0.34258332663269075 -524.9677427523393 0.19983160784448534 0.9363271657341781 0.2887191840084217 -184.95509087909608 -0.4062123101409758 -0.18898058628108186 0.8940234320747921 -22.4415966607441
0.8929745432693919 -0.29342108303374903 0.34132174425917083 -525.3307935263299 0.19642562470568095 0.9363312291298111 0.2910340243257478 -183.84846450746736 -0.40498572694825186 -0.1928416381063974 0.893755371217783 -23.128369941429153
0.8937511019594757 -0.29229221534631983 0.3402561220524376 -525.4543959390435 0.1951625803874051 0.9363740381008236 0.2917451421828423 -183.40045101780424 -0.40388183291991775 -0.19434227954487363 0.8939298313729942 -23.911286443509308
0.8945520168817515 -0.29025454059621447 0.3398955586000959 -525.7835077130472 0.19393652936671626 0.937197916443 0.28991151752231664 -182.33119600353723 -0.4026975436602309 -0.19342276773477363 0.8946632446076213 -24.889343044833524
0.8955732053944383 -0.28532351867967715 0.3413782703509101 -526.725795856965 0.1904831798328032 0.9393026647892807 0.28535357387027777 -179.48175359758653 -0.4020756048062542 -0.19052819635949958 0.8955636294600628 -25.660213012087123
0.8962046272155403 -0.2821813920592857 0.3423316055127515 -527.3194394592297 0.18772286620685652 0.9403628083361545 0.28368629540607604 -177.70191070517484 -0.40196690368802385 -0.18997750044051137 0.8957293997998717 -25.971835760339967
0.8967407964797949 -0.28038884840971395 0.34240040539733235 -527.6183807313367 0.18628187440457233 0.9409548915308078 0.2826711081319861 -176.72906053231637 -0.4014411628085767 -0.18969972533380292 0.8960239991267965 -26.5143789018321
0.8967983888460392 -0.2781057001131896 0.3441073514583797 -528.1092516004263 0.18419891140132175 0.9418269051052319 0.28112780342482757 -175.3135029454077 -0.4022728064407489 -0.18873076162738578 0.8958556182855755 -26.281465587793413
0.8966782179640236 -0.2766141519180394 0.3456194213112551 -528.4491169780807 0.18439367973763818 0.94316798423858 0.2764654126290431 -174.23848905824048 -0.4024514185608946 -0.18417047664052347 0.8967240886874436 -26.673866777911854
0.8959605716881565 -0.2766295755923585 0.3474632813518911 -528.5597430216018 0.18573260905345346 0.9440171368195664 0.2726445365768128 -173.93808831604824 -0.4034328344525626 -0.17974349306325288 0.8971812664043937 -26.570564258953638
0.8953527255070239 -0.2750338626753395 0.3502854140683369 -528.9977678050716 0.18250357107613924 0.94403918053483 0.27474073625799156 -172.87790754343 -0.40624616117767853 -0.1820615280530436 0.8954427153823914 -24.83164634297065
0.8943075608799362 -0.2750237726812932 0.3529531286348478 -529.1557463882389 0.17902308511773607 0.9428432778678922 0.28106456264398816 -172.73974494168712 -0.410078921121175 -0.1881714054777635 0.8924274763882027 -22.365412622746202
0.8933282578950387 -0.2743695986469923 0.35592969387858553 -529.4357390235996 0.1754672155229632 0.9420839296576794 0.2858130958465035 -172.17099959825995 -0.41373406908645227 -0.19287092268932857 0.8897330651707476 -20.056855501515255
0.8921571250844675 -0.2745277791180225 0.3587341113604114 -529.5645060828931 0.17589042928086648 0.9425841582476803 0.283897272808149 -171.90742034106685 -0.41607477819306743 -0.1901830778829661 0.889219981691005 -18.968971432341696
0.8912348836313263 -0.2743417480909557 0.36116061171320274 -529.7278005444421 0.17677290047948918 0.9434545275158006 0.2804369736072725 -171.46385129830074 -0.41767418384995353 -0.18609180466730937 0.8893357725746441 -18.464641422363055
0.8903440271368668 -0.27610376156310157 0.3620141242996081 -529.4673760845849 0.17896908120941957 0.9433673757254077 0.2793350360910953 -172.26143459583835 -0.41863776861716906 -0.1839149457430343 0.8893355448983102 -18.41404905459825
0.8893010888600311 -0.2785140702965548 0.3627305969989416 -529.1000179721896 0.18062095016177757 0.9425832172711959 0.2809144903370743 -173.48013039851048 -0.4201424112310248 -0.18430081705062315 0.8885457574708536 -17.491088694680297
0.8879499245723348 -0.2816425465355956 0.3636239918280004 -528.6253395822009 0.18356413819757705 0.9419022482716212 0.2812905292907071 -175.00840934089607 -0.42172163641407556 -0.18302357957872573 0.8880615016418761 -16.79911785107507
0.8875109116306578 -0.28092291220226107 0.3652488181176216 -528.8241279099155 0.18346420288117718 0.9425579544001396 0.279151193546076 -174.42505584868522 -0.42268814508771474 -0.18073964699762254 0.8880697675326426 -16.582663399173146
0.8871335132778372 -0.2796481609182843 0.36713898691686603 -529.1366595631788 0.18146319384190462 0.9427980403891284 0.27964792922371995 -173.56788156323455 -0.424340946527691 -0.18146283678329486 0.8871335863141145 -15.731016010540214
0.8867349708089756 -0.2784516440818814 0.36900646803613435 -529.4337595338329 0.17953607244282346 0.9430134293162002 0.28016507780432803 -172.74550314274242 -0.42599048139155726 -0.1821822001113094 0.8861951002608807 -14.880263603021024
0.8862352989768435 -0.278797026781927 0.3699448779277559 -529.4188350518784 0.17922143753733838 0.9427788508756303 0.2811542542247509 -172.8416603678461 -0.42716117704500567 -0.18286677171969593 0.885490300695802 -14.319330865609823
0.885419527760254 -0.2793333354879113 0.3714904407195516 -529.4051004272254 0.17900770857307524 0.9425450630673772 0.28207276429802813 -172.96725384620873 -0.4289388069786012 -0.18325308120878064 0.884550624947641 -13.39859198874488
0.8849505677394216 -0.2791829632305811 0.3727188829392297 -529.4909819080365 0.17769756210317333 0.9422508446913191 0.28387835793009025 -172.77926418248026 -0.4304486834458483 -0.18498707717104887 0.8834555519093465 -12.586796095478478
0.883765362286286 -0.28212175132314193 0.3733176956070433 -529.018802634356 0.18126343533760578 0.9419215693624412 0.28271420936947167 -174.2342082182128 -0.4313958175882091 -0.18218417768884074 0.8835760148211593 -12.39859783780103
0.8822605207723355 -0.2828803474745704 0.3762912203323293 -529.0352612817029 0.18277902024530365 0.9424539466697965 0.2799506888091027 -174.2743631354633 -0.4338296938254621 -0.1782112999200401 0.8831945025508907 -11.370223631729484
0.8810160637477097 -0.286156119634997 0.3767298377006164 -528.4892487843507 0.18556532406614198 0.9415344065508033 0.2812089468442538 -175.95848621360983 -0.43517376520502615 -0.17784160502106347 0.8826075898160025 -10.779882392213324
0.8801526496594535 -0.2871607278404591 0.3779815202937588 -528.369934745993 0.18570743181012256 0.9411055950061137 0.2825473567717055 -176.36707864521642 -0.43685702817733413 -0.17849082731145183 0.8816444643379446 -9.883802700911923
0.8791044154704775 -0.28828326730749554 0.3795631495427675 -528.2476539285657 0.1862897590759599 0.9408234457919507 0.2831031075625653 -176.79157945782188 -0.4387157990815136 -0.17816846420923 0.8807862657861971 -8.990353440963082
0.878290521655312 -0.2899071541765803 0.38020994401471986 -527.9914045701798 0.18731982863272986 0.940275567364382 0.28424133974246996 -177.58768310413396 -0.43990571873009865 -0.17842561300112159 0.880140476999967 -8.44914468719764
0.877465220113362 -0.2917203961032363 0.38072824690161894 -527.6932331858621 0.18848483522736773 0.9396408038335233 0.28556720165383526 -178.49230102868165 -0.44105357314131494 -0.1788137865726832 0.8794869955552599 -8.18143280264414
0.8769500005471109 -0.29207291220537457 0.3816439577620663 -527.677300266855 0.18914905793099215 0.9398006283148161 0.2846004443125395 -178.56788155767623 -0.44179331188265003 -0.17739276471983934 0.8794034777056612 -7.749504886925478
0.8764090611484191 -0.2920583647676097 0.38289563735594645 -527.7377776872631 0.18874659091231388 0.9398116342727922 0.2848312070410878 -178.42488502699965 -0.443037111262619 -0.17735840452251822 0.8787844527466907 -7.216939425752709
0.8759362995547691 -0.29253506687176456 0.3836128696650179 -527.6860473480269 0.18861467296022824 0.939544893267595 0.28579695358573975 -178.61127520242462 -0.4440271436144461 -0.17798490999271702 0.8781578830418142 -6.773062394122447
0.8758775186617791 -0.29510064498617106 0.381777659943102 -527.1328774813038 0.1917075165717196 0.9388849281969867 0.28590788673005 -180.18214032453434 -0.44281689262356383 -0.17723064332469463 0.8789212130071308 -7.114991013082153
0.8750379168817365 -0.2953909870129956 0.3834746521098357 -527.1632335035074 0.19058597387588 0.9384698474837929 0.28801272875608963 -180.1290120004299 -0.44495576249898555 -0.17893716817708596 0.8774940793325683 -6.520538437901073
0.8747151829435085 -0.2951748277579771 0.3843763387438839 -527.2291653696361 0.18924032714376066 0.9381873721803904 0.2898146877985589 -179.94451622932385 -0.44616302772711547 -0.18076580356721864 0.8765057198615824 -5.8364381337347115
0.8751691981133276 -0.29327677696044596 0.38479553891562723 -527.5883642932802 0.18538349394257647 0.9379042332026042 0.2932040407536667 -178.90647280192337 -0.4468913009304588 -0.18526840377227832 0.8751935692841637 -5.2944781470619295
0.874047522564462 -0.2972801259422677 0.3842726311080138 -526.8503227606705 0.18757348046219782 0.9361017123977179 0.2975395326227388 -181.09292939614312 -0.4481708577386795 -0.1879843364905964 0.8739592504848075 -4.519904947980543
0.8747638183281119 -0.29258156122588486 0.38624382477218444 -527.7653335521456 0.18312047386282598 0.9376212787776257 0.2955219613424085 -178.3873000418591 -0.44861470572895423 -0.1877827670848252 0.8737748441044124 -4.447566978254934
0.8743383530171663 -0.2912983051287713 0.3881723095125853 -528.0758757116153 0.1832000245996481 0.9387611091112777 0.2918309973372465 -177.47534475790948 -0.44941094271269966 -0.18404585691959732 0.8741606986823497 -4.410498018083283
0.8736725091843506 -0.29253788431845656 0.38873890072129685 -527.8798112701647 0.18533965310812228 0.938904736675752 0.29001225566102823 -178.05467202711816 -0.449828366914851 -0.18132700208826602 0.8745141271771429 -4.532458562092697
0.8732489453537162 -0.2928782196660296 0.38943372720384556 -527.8460842019966 0.1860621145688895 0.9390679111110686 0.28901963228065947 -178.14874786075112 -0.4503522720724031 -0.1799272263076132 0.8745336038554912 -4.498353806596119
0.8725819551151173 -0.29342299699959556 0.3905171909650775 -527.7934604863427 0.1862923756198993 0.938952958041077 0.2892446946303523 -178.31561991709657 -0.45154831678722246 -0.1796393259219337 0.8739758750611709 -3.968811696202341
0.8717078494076403 -0.2948032940894777 0.39142872029923864 -527.5853709243715 0.18801422498510117 0.9388693733523411 0.28840067784981754 -178.9368909684744 -0.45252190718721946 -0.17780696717219882 0.8738470151809562 -3.6762348719795344
0.8708577619142885 -0.2981589787487491 0.3907786866055252 -526.9537430099832 0.19211632613036034 0.938243697847813 0.2877326548778132 -180.7694194550896 -0.4524357144919147 -0.1754992502558479 0.8743580144379224 -4.07613222965684
0.8698904786309289 -0.2997616103635076 0.39170592558644046 -526.7020342363319 0.19385281470805743 0.938010034853937 0.2873295333638356 -181.51090109422387 -0.4535544525379692 -0.17401192908991206 0.8740756300900915 -3.664132442872517
0.8690557821246593 -0.3016234114876323 0.3921292710296683 -526.3789384209433 0.19518650904508777 0.9373887787410491 0.2884519096438023 -182.44823665834735 -0.4545814275160046 -0.17414245643417012 0.8735159589982227 -3.2025873198976873
0.8685779407661148 -0.30293121092710307 0.3921798595806959 -526.1391518731131 0.19612416294196244 0.9369194766953813 0.28933925917366843 -183.13328030965818 -0.45509084095904406 -0.17439775123289777 0.8731997199038135 -3.0555052606247934
0.8674974202192597 -0.3052554829457912 0.3927687819117769 -525.7331226165203 0.1983174338577989 0.9363462625765581 0.2896996237259707 -184.29561901736113 -0.4561999795495246 -0.17342077929257277 0.8728154512659421 -2.6041937260607924
0.8665270112066819 -0.3057153435619129 0.39454919536103045 -525.7184947629685 0.19839105277324368 0.9363061898413244 0.28977872427827717 -184.34915603072525 -0.4580086560631131 -0.17282606162162964 0.8719857931157007 -1.6924203601901124
0.865512336465506 -0.30775692589605685 0.39518865113895885 -525.3613521651868 0.20066645183103438 0.9359417485073191 0.2893890435220474 -185.35757758972778 -0.4589350395595916 -0.17116868277833794 0.871825619892169 -1.390711911197199
0.8644703698534469 -0.30893952040077244 0.3965442628257094 -525.1902765355414 0.20153758213969064 0.9356836823387593 0.2896181099141887 -185.8373578269204 -0.4605144760273362 -0.17044770265251546 0.8711337429061898 -0.6194384594394283
0.8635967861164547 -0.3095040259490997 0.3980048353106146 -525.1384925082328 0.20156321359608134 0.9355166851858405 0.2901392814903173 -185.9819979863246 -0.4621394399249549 -0.17034021738918886 0.8702938287760364 0.2209221318036626
0.8627051908628168 -0.3104085283661484 0.39923213695281706 -525.0104095193686 0.20178496544871963 0.9351782491752852 0.2910746811186213 -186.32970558130543 -0.46370527426072033 -0.170552595368731 0.8694189041168705 1.0520290135487216
0.8618167629006762 -0.3110719787050021 0.40063211459886033 -524.9337272770596 0.20177549279304946 0.9349290751505942 0.2918805833661717 -186.53029355769567 -0.46535848299082466 -0.17070983715828852 0.8685042508853189 1.936618406548756
0.860929024441194 -0.31161238021713 0.40211806645579695 -524.8824585026123 0.20183432043197172 0.9347937525630619 0.29227306968797717 -186.6572436971933 -0.4669733632344548 -0.17046514208037902 0.8676851464471533 2.775349536326606
0.8600778700057189 -0.3124699440853747 0.4032723540855593 -524.7584148584556 0.20212012415083386 0.9345002061252093 0.2930133446879045 -186.98664661042375 -0.46841596144845166 -0.17050483510805214 0.8668994106960153 3.527802832033035
0.8592983185993386 -0.31439855504854486 0.4034351846774605 -524.3963361054648 0.20402451626446658 0.9339952925145796 0.2933032395382895 -187.98847061685527 -0.46902067802539366 -0.1697243121771066 0.8667255975455024 3.6999751808047185
0.8589402152826285 -0.31551649699661044 0.4033249889273161 -524.182722598161 0.20478356566308728 0.9335505144298398 0.2941889329021292 -188.58881854384177 -0.4693457124599561 -0.17009637600716063 0.8664766731220679 3.765671207909902
0.8592061246901603 -0.3174585981004764 0.4012292035570155 -523.7327392604625 0.2068657382964049 0.9328140200529516 0.2950670607027071 -189.82713428202715 -0.4679438017689732 -0.17052285033018877 0.8671508265009427 2.7545601958165276
0.8601910501426073 -0.3182483757534443 0.3984837871041341 -523.4851133857626 0.2075369261340437 0.9322087236490798 0.2965051767564709 -190.52616449270135 -0.46583235347643126 -0.17235099907702345 0.8679258905988235 1.3852456712394972
0.8617605938596836 -0.3194597807219326 0.3940991339392922 -523.0811476577024 0.20890016609970677 0.9313691699609097 0.2981814713389162 -191.6249256147418 -0.4623087707086253 -0.17463366727930996 0.8693524502631018 -0.830980782572882
0.8644364469270075 -0.31839198292311605 0.38907091183291653 -523.0752664428501 0.20863194241025454 0.9313008830735261 0.29858227976990653 -191.59491945146704 -0.4574082878898623 -0.17693278496863346 0.8714771642291657 -3.9090523675940947
0.8671440837131695 -0.3194759683151387 0.38209454818192856 -522.5476913990583 0.21055981805012303 0.9303911030285188 0.3000615910576946 -192.91812506486173 -0.45135983550150616 -0.1797428748921095 0.8740519422903725 -7.663691909565359
0.8714505418153802 -0.31773402295454173 0.3736563177932403 -522.4444826038455 0.21064731027005795 0.9304241250066104 0.29989774637644967 -192.9148991955393 -0.4429465699671578 -0.18263635526040845 0.8777484251717708 -12.84365648856234
0.8758143147422841 -0.315960109270394 0.36485407417533927 -522.2789388283836 0.2105706310951744 0.9303428807504093 0.30020348691714055 -192.95171419789267 -0.43429171695150165 -0.1860949585208329 0.8813395321897494 -18.152938939795078
0.8808546790390753 -0.31292139299748034 0.3552115372837488 -522.2335356160747 0.2096410982565331 0.9306299907173202 0.2999640483445893 -192.4336189322048 -0.4244356775022126 -0.1897577987382783 0.8853509662733987 -24.13831360169838
0.8862568358767114 -0.30836673722322117 0.34562808947784385 -522.3951477512545 0.20700921131771832 0.9312062035482159 0.300003654815962 -191.15813720102818 -0.4143621692329258 -0.19433209165658535 0.889122618574604 -30.153045945115732
0.8913032497924052 -0.3041372083284133 0.33627232330314777 -522.4382730034177 0.2054263228755969 0.9320443949721848 0.2984849605436509 -189.98645082163094 -0.4042011167467359 -0.19696142848571435 0.8932119865460597 -36.31458920480388
0.8964882668518769 -0.29885142869443465 0.32710336434254716 -522.6091769745229 0.2030204095002059 0.9332812343552883 0.29625808162249023 -188.22785398885435 -0.39381658259053365 -0.19918323515688918 0.8973486157058185 -42.60158253361994
0.9013811142617181 -0.29390954480151127 0.3180082802803598 -522.6504795001448 0.20112748478578224 0.9345244157068814 0.29361854728790004 -186.61072720130872 -0.3834837958976212 -0.2007020077684334 0.901475946635112 -48.86688188779097
0.9057663087287504 -0.28902151436074613 0.3099257301492002 -522.7107478298324 0.19871179647733161 0.9356189834261024 0.29177172548665187 -184.94680669966777 -0.3743007025275873 -0.20269110017296665 0.9048841373336295 -54.370533159810286
0.9102191188879687 -0.2829126399907298 0.3024261789995793 -522.9714007706469 0.19464240236932573 0.9368453543675427 0.29057721383455176 -182.64727970832325 -0.36553452752196663 -0.20562397752555273 0.9078013488951554 -59.52904402400369
0.9138376032420502 -0.27795329900759363 0.2960452642276523 -523.105116316404 0.19141878486905456 0.9378056246738847 0.2896195075081777 -180.82062913414845 -0.3581336115196112 -0.20799657184872072 0.9102075271052751 -63.8964297198414
0.9170625519678421 -0.2729648391957708 0.290665567862889 -523.3120056389424 0.18822446622725317 0.9389706296479027 0.2879335113738704 -178.81969271180787 -0.35152215590442426 -0.20934266937594953 0.9124734630041892 -67.83095173046604
0.9196969028970418 -0.2673718567149403 0.2875237330002424 -523.8277965175766 0.18416089831523258 0.9405117371745192 0.2855213403034782 -176.20240244169185 -0.34675981649163995 -0.20964246343184742 0.914225173134557 -70.73981692760532
0.9211003190591504 -0.2627573102599085 0.2872852208765873 -524.5029610231351 0.18037598031704724 0.941946286957729 0.283199043450383 -173.7448331147315 -0.3450198660277341 -0.20903537593318006 0.9150221328769477 -71.92679429191126
0.9220835416360557 -0.2586740876040732 0.28783616632749415 -525.1736575395075 0.17691846839668168 0.9432749862077637 0.2809486713528213 -171.4658212423039 -0.3441827970484303 -0.20813461220312096 0.9155425634119779 -72.59745489656638
0.922164204652598 -0.2554302053622257 0.2904627167917644 -525.9469832307598 0.17347716565026658 0.9442992723105321 0.2796507774202488 -169.44462834451824 -0.34571498760596353 -0.20749528790411303 0.9151102954519732 -71.85052032857855
0.9215042174676603 -0.2539133827196588 0.293867268107857 -526.5443112103331 0.17156561323558261 0.9449845821611602 0.2785128001237931 -168.21102166523596 -0.3484181647739014 -0.20623320187001293 0.9143700831184434 -70.45218684678626
0.9204441930743417 -0.2525346734548592 0.2983433024868694 -527.2311191663125 0.16969712993718622 0.9457655474905114 0.27700255101903803 -166.90106690645771 -0.3521155655843771 -0.20433738738424906 0.9133788154923309 -68.50483110661958
0.9192384078155413 -0.25148640650235127 0.3029114341540819 -527.8677593847594 0.1681429941863003 0.946472689764075 0.27553108905679385 -165.75401134358242 -0.35598972331067974 -0.2023463240963157 0.9123197257660794 -66.44722484893651
0.9174491496861618 -0.25082351722131313 0.30882781764094447 -528.5791502924773 0.16709273052568774 0.9473772960118352 0.2730499558812884 -164.5838340326233 -0.3610638131211832 -0.19890656653321748 0.9110812810305994 -63.769271816752195
0.9161855687633816 -0.24981721522704453 0.31336139290908727 -529.1762082647837 0.1654866204264026 0.9479862174577791 0.27191232037173324 -163.5017165057647 -0.3649906602223769 -0.19726502600891238 0.909872698493661 -61.63682073495412
0.914824562095037 -0.24919584906695674 0.31780095877045766 -529.6975977747768 0.16433833318591062 0.9485320641175424 0.2707024853720242 -162.62129310039464 -0.3689023350878933 -0.19541840278927886 0.9086928606619439 -59.518356080829484
0.9131836478486873 -0.24950087126791518 0.3222498107653687 -530.0754430778443 0.1636579487867638 0.9486458217999472 0.27071605157509954 -162.29151795808744 -0.37324482729258784 -0.19447472848175976 0.907120652879909 -57.071975187767976
0.9113189300429956 -0.2499426095989154 0.3271490480685738 -530.4650601843681 0.16316265827257642 0.9488237366324261 0.2703913159631924 -161.9614119268538 -0.3779890933488905 -0.19303421642228263 0.9054623330650033 -54.4068684271941
0.9098620176609267 -0.25024755772353996 0.3309490424089351 -530.7600025292184 0.16208100749529103 0.9486328062159123 0.2717085681023599 -161.7800422708655 -0.38194352439503276 -0.19357675176613245 0.9036853353620241 -52.07095737425373
0.9080682741258991 -0.25144579065637224 0.3349433144387314 -530.9345496650343 0.16135666235301324 0.9480277731437001 0.2742396194252258 -162.09272530658228 -0.38649196245239914 -0.19498296261311865 0.9014463973250458 -49.30870938145771
0.9062124432063128 -0.25330111500650443 0.33855214209115114 -530.9694167112883 0.1615298914090682 0.9473608587769969 0.2764335316829085 -162.7538482389276 -0.3907519698727314 -0.19582121538222705 0.8994259000311295 -46.74711752277986
0.9045094962975165 -0.2546540044854255 0.3420729587487876 -531.0599179800137 0.16157124688652563 0.9469715780866197 0.27774009878962497 -163.11792838389061 -0.39466099793005427 -0.1959494023866215 0.8976895501325498 -44.43598972151438
0.9030742869206855 -0.2551138649998058 0.3455050624629923 -531.2687412640784 0.16093259321036746 0.9468577459853568 0.27849795207526373 -163.00494282020162 -0.39819283361869007 -0.19590131380976072 0.896139019629392 -42.35660127063363
0.901578254611442 -0.25654424282548866 0.3483413588491646 -531.2788969843355 0.16105053905224642 0.9463549445527543 0.2801339729335487 -163.49426742075502 -0.40152132531506546 -0.1964621347579478 0.8945296277505755 -40.350064209295574
0.900163429074728 -0.2580165655434692 0.3509034808342312 -531.2542908959209 0.1616183186569778 0.9460032513770341 0.28099353632881235 -163.99567889593817 -0.4044568209721757 -0.1962276746262684 0.8932577341841764 -38.63010381107703
0.8987439042284849 -0.2603023438413546 0.3528485289792734 -531.0538737595771 0.1631143492203137 0.945446335881645 0.2820016578788242 -164.99015646605537 -0.40700504135768817 -0.19589261282312076 0.89217317856499 -37.14708201407267
0.8974281848596772 -0.26224417677565603 0.3547543442534896 -530.898893749449 0.16453220205982316 0.9450791293927581 0.2824085580707002 -165.78655639561197 -0.40933092664103754 -0.19507288620791205 0.8912882595219711 -35.827435270636805
0.8963476712545982 -0.26321848906036055 0.3567588530831989 -530.8942628977642 0.16478121370857407 0.9448310903434293 0.28309249783273294 -166.0879520372644 -0.41159203569212544 -0.1949621443696892 0.890270609656179 -34.492649502317335
0.8953291714866678 -0.2635169232032114 0.3590884373946198 -531.0158973243168 0.1643013509288244 0.9447490162480104 0.2836447820450428 -165.99874908913517 -0.41399364822175755 -0.194956732338048 0.8891575404550706 -33.061464500885926
0.8946593549088622 -0.26378911240731456 0.36055504829279506 -531.075498684002 0.16356169738751816 0.9444347895983434 0.2851148879733342 -166.02557397238292 -0.41573093440562314 -0.19610770604872754 0.8880932145932281 -31.952865398314334
0.8935483043810042 -0.26465329907876434 0.3626707308628012 -531.0891869330561 0.16288705556141475 0.9438474171269869 0.28743670662121096 -166.3095457961158 -0.41837690527605 -0.1977642143296952 0.8864818557997639 -30.24807276123457
0.892861665752164 -0.2646663440233588 0.36434842139301216 -531.2006379891878 0.1619392276020229 0.9436461910507634 0.2886304777376192 -166.16249651120796 -0.4202067733794056 -0.1987047872012528 0.8854053733456635 -29.09084501461869
0.8920909436662289 -0.26425748205936844 0.3665265766685135 -531.4106673174152 0.16096284371661546 0.9437958141645175 0.2886874159158934 -165.70137970878264 -0.4222140584719528 -0.19853826921069442 0.8844873342719296 -27.901508620966666
0.8912935927885015 -0.2640920969199089 0.3685798363972321 -531.5714605468387 0.1600649706650298 0.9437985916174728 0.28917714921286203 -165.3916983095451 -0.42423453020725227 -0.19874501957362395 0.8834735313378165 -26.67439532897162
0.8900960136165456 -0.2653248008009 0.3705831035326586 -531.5083848454829 0.15981337415627395 0.9431533141737842 0.29141295682209095 -165.8597765390738 -0.42683576699325615 -0.20016137500269576 0.8818994568386518 -25.00086831954503
0.8892746835337751 -0.2665340092043253 0.37168556491121973 -531.3865147152334 0.16008122178449866 0.9426302758013443 0.2929542038863134 -166.39745656046026 -0.428444325038722 -0.2010168776002407 0.8809243300431449 -23.97922950435397
0.8884130771999652 -0.26665521042888074 0.37365385453815136 -531.4900113897801 0.15993135260071537 0.9427812441693789 0.292549975384965 -166.2172260229751 -0.43028382111740415 -0.2001462575057733 0.8802257147408489 -22.936282451733664
0.8877172286724726 -0.2654282576245715 0.3761727820728782 -531.8369918663905 0.15876808274341778 0.9434486984207993 0.29102791850624726 -165.24723834125146 -0.4321467549572069 -0.19862626589271565 0.8796571995257425 -21.92447872802074
0.8868687174615859 -0.26462486335501967 0.37873151398105076 -532.1153722880982 0.15775415954100305 0.9439022174677606 0.29010727155132826 -164.50964170077836 -0.4342551129642038 -0.19754059216723413 0.8788630219270037 -20.726690631320768
0.8862695649830241 -0.26419716007999156 0.38042886166860235 -532.2793472479259 0.1571914774020161 0.9441810647846076 0.2895046741149028 -164.0762795129972 -0.435680040416098 -0.19677900677631227 0.8783284834702535 -19.92830804022262
0.8849877505171425 -0.26454843144129087 0.38315898639671825 -532.3800602110051 0.15723551337138464 0.9443704369102482 0.2888623741936355 -163.92702632484819 -0.4382621073848902 -0.1953934628177192 0.8773526770453576 -18.453157143651357
0.8837966571709265 -0.2652309874754296 0.38542962010762 -532.3981231587132 0.15750781686123516 0.9443753519481081 0.28869790830640696 -164.016075462143 -0.44056186444255857 -0.19444206827663463 0.8764117329675596 -17.12087165518508
0.8824870085288777 -0.26723697934118856 0.3870414404819589 -532.166977328059 0.1592706916350203 0.9440792341174871 0.28869923189063273 -164.8745867307589 -0.44254889737051073 -0.19312896359877316 0.8757006776606998 -16.00662157120622
0.8804576246365506 -0.27137399246376953 0.38878082184392376 -531.596985316861 0.16243989822593086 0.9430255712057835 0.29037226368294033 -166.85973563792209 -0.44542973708960215 -0.19250695641009904 0.8743760181123497 -14.284817027307506
0.8782201095374804 -0.27607694177540965 0.39052651820831946 -530.9203622778533 0.16441269975799583 0.9410744967449453 0.2955456914497911 -169.18766385592093 -0.4491078972388071 -0.19534665033264598 0.8718611029525013 -11.82073078107849
0.8764188230464652 -0.27886068104134537 0.39258982052392255 -530.5620321828999 0.164356833396759 0.939530705979238 0.3004478055136108 -170.45591682639554 -0.4526332709000065 -0.1987932923700182 0.8692550540451576 -9.404153424262296
0.8746874330184049 -0.279972965818832 0.3956476120618957 -530.5227636699582 0.16371726981345114 0.9389802523476518 0.3025107291749661 -170.68904509747992 -0.45620012065375737 -0.19982798630759196 0.8671506361663756 -7.129562759748794
0.8726343420683381 -0.2815721502587215 0.39903186494519277 -530.409365256331 0.1644063001465585 0.9387421692670862 0.3028757304767831 -171.1206574538647 -0.4598694091968701 -0.19869641123685458 0.8654708906985356 -4.944830474577301
0.8708208533020453 -0.2824171969191164 0.4023823658395662 -530.4109718405927 0.1643484586959771 0.9386673560836557 0.3031388769972865 -171.16129395964347 -0.4633148233960944 -0.19784873390362723 0.863825939014439 -2.8786111760506388
0.8685960675182874 -0.28298827913234725 0.4067659097877788 -530.4946566704957 0.16336822183938102 0.9385316105191442 0.30408755342726557 -170.93385096826609 -0.46781587786735657 -0.19767662970127253 0.8614361581017717 -0.0939012057936125
0.8671780962550292 -0.28358988602574986 0.4093640505948288 -530.4890085523235 0.16220023228607883 0.938036225821134 0.30623377294737514 -170.93359815775014 -0.47084310977420646 -0.19916027613744827 0.8594428139131829 1.8806629098716827
0.8651925206160694 -0.286474745416213 0.4115508747515041 -530.0751599491008 0.16307515168711112 0.9368727466692566 0.30931529456305373 -172.17420493890657 -0.4741818186858686 -0.20050355804104567 0.8572922057505498 4.04278855832189
0.8637574174142668 -0.2900676804765603 0.4120483765345815 -529.4691761015953 0.16502170398416288 0.9354431819651392 0.3125922112418971 -173.98913890601827 -0.47612074211905475 -0.2020069158664714 0.8558634498949683 5.324281081760333
0.8630290546799361 -0.293607782154755 0.4110660786740035 -528.8125492024456 0.1674425346603325 0.9340085601417809 0.31558042900091354 -175.95865045302114 -0.4765961061158384 -0.20352513319008836 0.8552389559621203 5.6731408554900025
0.862645576034311 -0.2966196510122161 0.40970647149126505 -528.2291343014153 0.17006481389622932 0.9329341019504818 0.3173514148263545 -177.7027067560075 -0.4763618049580304 -0.20408513922194133 0.855236041526483 5.493548675970551
0.8629251340139096 -0.2974652371741714 0.40850293237624385 -528.0332458094158 0.17222773744092218 0.9331108302920343 0.3156608699976781 -178.30736501856913 -0.4750766459667923 -0.20203616276455122 0.8564365530454191 4.447742768569386
0.863066561718327 -0.2967137021841548 0.4087506440115758 -528.1784259803845 0.1733992172694662 0.9341362149795246 0.3119651315677186 -177.89799499941645 -0.47439310860724127 -0.19836963174815897 0.8576716549508081 3.6625765845209473
0.8632183184808168 -0.2979567056973676 0.4075241540928873 -527.910202947168 0.17715848854174523 0.9347007539735853 0.30813855724140615 -178.71256150293254 -0.4727250835070585 -0.1937944840576823 0.8596363727600532 2.1903017531749622
0.8633239376459024 -0.2997739885550289 0.4059646960923861 -527.5242651006673 0.18122567567480158 0.9349516228725863 0.3049962579510263 -179.8576477850286 -0.47098729618089025 -0.1897393440320872 0.8614928601924032 0.7145743034646777
0.8633187428350946 -0.2997810381406153 0.40597053765140023 -527.5229111660962 0.1840176603421946 0.9360575037560696 0.29988973030789257 -179.86032265789302 -0.4699130227518883 -0.1841946764520919 0.8632809926176369 -0.4375505526812036
0.8648453620259628 -0.2917225613985763 0.40858346387639727 -529.053785981579 0.17906026576369677 0.93956328392574 0.29181887657126243 -175.3055392360863 -0.46902017121528544 -0.17921713832592373 0.8648128678063545 -1.4288002774398816
0.8664897962116297 -0.2827609442145074 0.41138993848664873 -530.7045223306167 0.17096451422496478 0.9423617670957236 0.28762029621020657 -170.25177435536673 -0.4690059359293337 -0.17888697085910243 0.8648889429978305 -1.5573802234445298
0.8671473511531353 -0.27655580351227566 0.41421293911680324 -531.8486309128778 0.1648319144067431 0.9441556631174377 0.28530777030477045 -166.65283030532203 -0.46998501186857977 -0.17912836555652242 0.8643073048817416 -1.022520695007865
0.8656615569400087 -0.2788788949299993 0.4157603045010701 -531.5163184968849 0.16582515596460173 0.9433215547162562 0.28748297698650027 -167.71143926237912 -0.4723685917644352 -0.1799194441141022 0.8628423419977469 0.4361509282975558
0.8639342448003134 -0.2818624354069976 0.417338217957268 -531.0681694631492 0.16746388044807467 0.9423329726690008 0.2897661425461523 -169.11482273227202 -0.4749457541726054 -0.18044981609090163 0.8613155022790283 2.0030845376705844
0.8635677808659582 -0.27747396764400944 0.42102124071136315 -531.9240300653124 0.163558736226844 0.9439720401186882 0.28664494985615824 -166.38494219081193 -0.4769687910693131 -0.17867564118830798 0.8605671313685092 3.0609650733094296
0.862762724301933 -0.26894241372140093 0.4281477077561126 -533.539580978579 0.15685792325596665 0.9473878105878998 0.27901958401031834 -161.09553446241338 -0.4806621198585677 -0.17356933614890802 0.859556636925046 4.964651370945985
0.8610021815995716 -0.2678980001183991 0.4323261555970682 -533.8172925360335 0.15603170469061778 0.9481734905474594 0.276805236501022 -160.1026668605046 -0.4840757692883605 -0.17087332546541345 0.8581800255379245 6.852998263325649
0.8587616401126308 -0.26821669234575596 0.43656414353238676 -533.8670066858142 0.15419966585714237 0.9478289346040568 0.27900317879351155 -159.7924002949403 -0.48862143682058196 -0.17227918235945 0.8553180547638108 9.725589592749955
0.8557295221137461 -0.27326126827205144 0.43938054604787613 -533.0961832011424 0.15366543964904417 0.945072520760275 0.2884871975691216 -162.0587636677273 -0.49407885771448046 -0.17934940693007428 0.8507172694811037 13.570647668385908
0.8537247807945402 -0.27534865538384573 0.4419695879080624 -532.7969592010301 0.14947667634434492 0.942624194009993 0.29852362066687305 -162.69598621211492 -0.4988093041297068 -0.18879286757004168 0.845899835245473 17.137771206438366
0.8522853956088453 -0.2773226806283292 0.44351069349113975 -532.4935155638912 0.14812605064641954 0.9411394877414125 0.30383406282661274 -163.45532072203022 -0.5016655036493624 -0.1932578469893252 0.8431981540689485 19.16828430564336
0.8507972862373819 -0.2755520357941694 0.44745396780092933 -532.8529401948915 0.14820464368599412 0.9427482142900895 0.29876610926066405 -162.14160182015135 -0.5041620387544206 -0.1878746391148531 0.842925713604971 20.264413875510698
0.8501863118543549 -0.2728471713266714 0.45026398505157356 -533.3384150738767 0.1488781377461842 0.9449194515238826 0.2914833275387001 -160.52378233308943 -0.5049935992037106 -0.1807806716185083 0.8439785622469584 20.173361012371636
0.8497139233910699 -0.2713319622485202 0.4520677102577917 -533.6056640385283 0.14926866260747582 0.9461366346805039 0.2873052990789176 -159.59818779125547 -0.5056729325945089 -0.1766477703731874 0.844446831045893 20.208194457197415
0.8482075380669646 -0.2751771892769966 0.45257207919622133 -532.9673476059568 0.15234326212136656 0.9450922037361523 0.2891232555906974 -161.56619494702178 -0.5072824685050721 -0.1762902179326894 0.8435557220531702 21.06269638819936
0.8474859442650077 -0.2743790624775836 0.4544047802864428 -533.1108708747221 0.14877166060232053 0.9445133245510988 0.29285076873223087 -160.82938481950552 -0.5095434890908489 -0.18058435651892135 0.8412815954873677 22.678355840194023
0.8465345449326975 -0.2738625089875234 0.45648503853538236 -533.2119994588719 0.1470158962182904 0.9444406034153044 0.2939698502902442 -160.2690607527651 -0.5116303260115879 -0.18174507638886506 0.8397637386275273 23.940715449273114
0.8463146167906362 -0.2726596194221812 0.4576115179309517 -533.412606665792 0.1467575837287724 0.9451699125963058 0.29174654743592765 -159.5518158332584 -0.5120681409974758 -0.179751406835226 0.8399259793077877 23.940684240351608
0.8459192471951018 -0.2734580262260234 0.4578660667896668 -533.2707815568965 0.1493888900720274 0.9456645429454141 0.2887932335406918 -160.03349188978643 -0.5119605324123333 -0.17589565119242817 0.8408074292866778 23.45028271546842
0.8450636625782322 -0.27010954353593286 0.46141980958848505 -533.8537087544954 0.14751648050280264 0.9472978893993167 0.28436876888938795 -157.93237659556036 -0.5139127301107943 -0.17224268701576234 0.840372633181055 24.29770526650459
0.8451060749762538 -0.2682208183405944 0.4624427690503254 -534.1575079889999 0.14778346356143976 0.9485317448249151 0.2800849459667314 -156.90439425682072 -0.5137662600210482 -0.16836009523668044 0.8412485413930182 23.781950174198894
0.8449233060749932 -0.26906240342577387 0.46228782150739095 -534.0083918837058 0.1498975300610793 0.94874720996072 0.2782255597053176 -157.4266401653447 -0.5134543186427504 -0.1657834571195074 0.8419504189752586 23.233219161690688
0.8454282199400254 -0.26905793581505366 0.46136639680841784 -533.9915857262079 0.15083828494720516 0.9489551311339935 0.2770053625629852 -157.55140217560347 -0.5123465006450476 -0.16459643455861242 0.8428576849073434 22.25095891687626
0.8460142635296486 -0.26744176599986336 0.4612317938989686 -534.2456551396461 0.14815772604675442 0.9489456245634101 0.2784806812592469 -156.6418616964153 -0.5121612579227769 -0.16726357469824005 0.8424450975951637 22.10909357676824
0.847530127817222 -0.26372055081505147 0.4605910914465553 -534.829073545067 0.14390303669016336 0.9494903887021846 0.2788546535267502 -154.67043458839746 -0.5108665172757682 -0.1700572634143577 0.8426718985978747 21.25200491718274
0.8488517664541668 -0.2637029866522127 0.4581609034153215 -534.7926615367651 0.1445895919784363 0.9494625394311631 0.27859421406130525 -154.93036376666979 -0.5084727411367791 -0.17023989264455616 0.8440816610217403 19.507162772616265
0.8508932023659462 -0.2618660703898159 0.455419498205798 -535.0303119764943 0.1448875583976294 0.9502625394508635 0.27569675648793857 -154.29055622057808 -0.5049637151211941 -0.16860387686821485 0.8465130708477037 16.944435073532887
0.8529925029172761 -0.25956124080681764 0.4528043200299064 -535.3340342677108 0.14460871481048496 0.9511384054668994 0.27280772211714227 -153.36707432464763 -0.5014898897961757 -0.16722349092370167 0.8488487465476463 14.392635063553184
0.855786807753265 -0.2560591114934675 0.4495138163579096 -535.791733144386 0.14260691316876967 0.9520126790806153 0.27080459225468173 -151.8569457696418 -0.49728483587572975 -0.16764721975304397 0.8512356910498544 11.548648164775557
0.8568999119033099 -0.25372566911374994 0.4487157516879471 -536.1284389746961 0.14130960489964858 0.9527521151550625 0.2688773003261145 -150.6890183201339 -0.49573595445882757 -0.16699308937897467 0.8522670775974284 9.97388205940911
0.8604199750503594 -0.2482272894269057 0.44504008731586214 -536.8306416797025 0.13654850218146314 0.953707908425688 0.2679472559260472 -148.15383400368555 -0.49095007188749645 -0.16977761392501328 0.8544843993447694 7.0534917163354
0.8618410053162456 -0.24695670754003685 0.44299262539738493 -536.9493054757145 0.13544580484688384 0.953792743161475 0.2682048415705586 -147.6816214311593 -0.4887581359986378 -0.17114843760167175 0.8554669466447221 5.600773839890199
0.8640873566874605 -0.24339876421062862 0.44057925688077537 -537.3725340015551 0.13278781196160366 0.9545316336784115 0.26690214930133566 -146.0249878294635 -0.48551049114033284 -0.17212321716712564 0.8571191055534297 3.373732261118322
0.8646599912509091 -0.24188331065139734 0.4402903173569656 -537.5644008044513 0.13233491756228427 0.9551642337209238 0.2648561047325579 -145.24480624929927 -0.4846138350519528 -0.1707446943498973 0.8579019059470604 2.593512508816981
0.8664577124641032 -0.23885184385266828 0.4384071500325398 -537.9111013293037 0.1308787947150299 0.9560894468737691 0.2622283559620339 -143.8183968065724 -0.48179017591210216 -0.16983158205937637 0.8596717164882155 0.45483621357860826
0.8664645316143387 -0.23801844044129464 0.4388467129468314 -538.0297134843308 0.13013020037711467 0.9563220812720834 0.2617521878060292 -143.32720694339974 -0.48198064940841423 -0.16969177611577024 0.8595925515699392 0.3263673169505199
0.8675378413599436 -0.237523193400017 0.43699064796124354 -538.0128441128442 0.12811342187885003 0.9556693366721454 0.26510954354589616 -143.27052458224497 -0.4805882280528947 -0.17400819389235594 0.8595092224725103 -0.49985217922895164
0.8694436012492458 -0.2343176990626749 0.4349287759538522 -538.3609100401449 0.12426716486334877 0.9557866719163571 0.2665136197718219 -141.79034909121455 -0.47814798544338527 -0.17767119545111326 0.8601206021968109 -2.0413202731678304
0.8700904146922777 -0.23527890801732163 0.43311257855527246 -538.1394215265786 0.12772128305366673 0.9563262494285181 0.2629208597831465 -142.47062953039233 -0.47605666061483215 -0.17344722568020665 0.8621404269538078 -3.834504178462854
0.8720268265568784 -0.23394272015009698 0.4299302471958834 -538.1738220960854 0.1278288738086989 0.9567476578424333 0.2613306301102453 -142.09422190621117 -0.47247115550680946 -0.17292982074180133 0.8642142583365937 -6.3236463088111305
0.8748315462142794 -0.23193161335210744 0.42529694623430064 -538.2274129112571 0.1283698637285941 0.9575433520477941 0.2581315692343277 -141.45763415936477 -0.46710913482251154 -0.17122632880770078 0.8674621608395388 -10.120773731020966
0.8788187641659043 -0.22215622640152793 0.42228449038645227 -539.3676633996176 0.11939362551187065 0.9592316508421207 0.2561636239004886 -136.58551328834716 -0.46197699286549304 -0.1747033230758157 0.8695148112420071 -13.365417123995565
0.8820326394403448 -0.21128274724062146 0.4211627045220817 -540.6686914416813 0.11209258065895045 0.9622587234176606 0.24797863328890044 -130.81931840194807 -0.45766109330280125 -0.17151603401743507 0.8724268300274899 -16.5275708724073
0.8844245328999844 -0.21283317746720318 0.4153255159195716 -540.1619185494432 0.11362441760158162 0.9613746900216985 0.25069542698339053 -132.30809132544366 -0.4526397434266524 -0.17453006604850954 0.8744464070003131 -19.75793529481254
0.8860343301401338 -0.20343454673166037 0.41660238958653173 -541.3947392068663 0.11034366832675621 0.9652983153884291 0.23669270620037203 -126.91079158618469 -0.4502970582552359 -0.16374842748663176 0.8777351604113487 -21.10123279589853
0.8830311726105284 -0.20944108202716755 0.41998854907885824 -540.8266969884339 0.11367271373623705 0.9636994428362411 0.24158207307032975 -129.77007712681768 -0.45533994152711305 -0.16558326315303706 0.8747843852136808 -19.181967291435967
0.8824525032480617 -0.21260676561344144 0.4196140401924377 -540.4258536049907 0.11488711328838525 0.9624298988903978 0.24602772388915936 -131.59597884633106 -0.45615625690271017 -0.168899535041426 0.873724451043519 -18.581493567836716
0.8820229395639612 -0.2157169621537884 0.4189292617162114 -539.9984561047514 0.11624536318971021 0.9611915490302918 0.2501955667265918 -133.3781170851702 -0.45664269360172766 -0.17197964505106159 0.8728690921714835 -18.559284279915776
0.8821016761107957 -0.21932302676604828 0.4168861270571427 -539.433689981478 0.12039837184362942 0.9605742687901697 0.25060188785329207 -135.47322821050057 -0.45541285122395037 -0.1708639343700422 0.8737303078591597 -19.698573097483063
0.8809483318242376 -0.22136799852409939 0.41824185094933664 -539.2364486027151 0.12314197032692115 0.9606257682463322 0.249066634708762 -136.37487884320794 -0.4569092818055861 -0.16791171076068084 0.8735213595495676 -19.23934668329265
0.8803129031731154 -0.22162127028141504 0.4194439236248071 -539.2730223081654 0.12681850112067178 0.9619295473325306 0.2420921596048477 -136.2239525610703 -0.45712827552058866 -0.1599236021589211 0.8749046697738491 -19.912367353090033
0.88225262769724 -0.2212368787342848 0.41555329911965144 -539.1887668117067 0.130863826956974 0.963159546634281 0.2349432836269665 -136.22459776265657 -0.45222224593167715 -0.1528984343123154 0.8787019455249614 -21.99774518432309
0.8816935255233219 -0.2258729169104451 0.4142438321286422 -538.5148084078273 0.13471840788195502 0.961933845232398 0.2377692746638306 -138.85142615707653 -0.45218080192330906 -0.1538333605001853 0.8785600830729868 -22.209652179215702
0.8814639611513501 -0.22548588943576858 0.4149426452616451 -538.5991635476181 0.13139857872580812 0.9610549670599848 0.24312088309762472 -138.71233891290618 -0.45360301883939075 -0.15977942281373922 0.8767638435434593 -21.21759313549458
0.8813876469147619 -0.22647130005489863 0.4145679270246349 -538.4496529104761 0.12889937097020493 0.959585798897741 0.250160042207523 -139.43035444859711 -0.4544675654318407 -0.16705042593548897 0.8749590774231828 -20.48172398693601
0.8819188322590611 -0.22448520328850824 0.4145184758383286 -538.7086316149564 0.12492823965189405 0.9591915056114201 0.25366235530794845 -138.4704044769481 -0.45454604634106416 -0.17192454469160035 0.8739735938163652 -20.38214952722205
0.8819666334089702 -0.2229669526721002 0.41523559044157665 -538.9445738139177 0.12428987421484694 0.9598645649187824 0.2514200552480535 -137.54113993728012 -0.4546282929173072 -0.17013452039311178 0.8742810533516674 -20.672602300204783
0.8821194077545405 -0.22272109115322153 0.41504296888189446 -538.9662028825655 0.12420597860158494 0.9599473901567828 0.2511451433151836 -137.42326008118238 -0.4543547351380873 -0.1699891869699361 0.8744515143625167 -21.095186798449486
0.8826459700475562 -0.21962123775824635 0.41557502750327097 -539.3934665533653 0.12228623604939812 0.9609779754676318 0.2481278040425995 -135.6664643178127 -0.45385258403107004 -0.16818990038545 0.8750599918729304 -21.765128192376917
0.8825207728360608 -0.21815135599343816 0.41661381565073713 -539.6337492310945 0.1207576852312141 0.9613151096031587 0.24756987196802868 -134.77276757587842 -0.45450485912742583 -0.1681762347268225 0.8747240062457802 -21.597292124596475
0.8824983270162734 -0.21629171513415002 0.41762973646258267 -539.9200324071551 0.11866946491845261 0.9616498274161238 0.2472795331735066 -133.6825395175372 -0.4550980783407536 -0.16866387697093566 0.8743215859714814 -21.438786521609384
0.8818853136296492 -0.21554485438510027 0.41930741628600043 -540.0979812465381 0.11658405137022634 0.9614518735801459 0.2490350452352672 -133.1577529103257 -0.45682212355624785 -0.17073579161187347 0.8730193794482612 -20.47345221190481
0.8813998011224772 -0.21448934322420354 0.4208666204684183 -540.306407616176 0.11518550736900716 0.9616626438925242 0.24887197157129726 -132.43464864773543 -0.45811209269501085 -0.1708779710345661 0.8723153268983114 -19.896014000989837
0.8812724679868262 -0.21183906618928572 0.4224725401780092 -540.7114283824062 0.11385619411104421 0.9627516430589143 0.24524689773758443 -130.79078644601537 -0.4586890060062007 -0.16802822329422043 0.872565706377251 -19.93781465534608
0.8807778179315143 -0.21155242269091085 0.42364608801853293 -540.8018021875313 0.11517904453434402 0.9634981264868516 0.241671570434924 -130.4380148360109 -0.45930841832036556 -0.16406380682506738 0.8729941833426561 -20.024509233070514
0.8802737723289005 -0.2114660621288787 0.4247354356744353 -540.8638071607903 0.116638319397313 0.9641624089834946 0.2382988702266859 -130.2029989812705 -0.4599060645371156 -0.1602278180306082 0.8733919269899011 -20.112155505286122
0.8795524693114409 -0.21171217630342273 0.42610492620129986 -540.879801564259 0.1150883781222645 0.963622511621243 0.2412184079168796 -130.26264997091224 -0.46167317330481034 -0.16312452146025103 0.8719221705800528 -19.477943838161515
0.8790907905438188 -0.21485065529663944 0.4254862840323392 -540.4734638610157 0.11587375398464354 0.9622006612138249 0.24646127626299563 -132.0828312242324 -0.46235555054368077 -0.16735914518867195 0.8707572919035287 -18.642919463214707
0.8786247068730052 -0.21628625550320324 0.4257215993495383 -540.3019883158834 0.11562869458975816 0.9613734483366673 0.24978210068124135 -132.8808365263621 -0.46330187724613653 -0.170239092201728 0.8696953616218368 -18.112097959098495
0.8780147158992098 -0.2174801147481366 0.42637138547698894 -540.1795654169223 0.1170579651076284 0.9613276569532336 0.24929213541880382 -133.43375677889253 -0.46409868720918723 -0.16897199669159182 0.8695176092896368 -17.93194230556308
0.8777577322541791 -0.21754238897581513 0.42686844866620904 -540.1933600548331 0.11945448028613377 0.9622043167835034 0.244731444450363 -133.3124589825868 -0.46397412708853764 -0.16382356900607004 0.8705686920803797 -18.574303933581692
0.877518278194615 -0.21701216259984868 0.4276299717256673 -540.293347946189 0.12041434207603373 0.9628890424819948 0.24154725850338918 -132.88505102110832 -0.46417890694941544 -0.1604693526871845 0.8710841114332197 -18.889162388771958
0.8769424735280935 -0.21731393300571447 0.42865668389051953 -540.300602693279 0.12017397844890812 0.9627479222978444 0.242228514041896 -132.9543860771723 -0.4653279628672559 -0.16090709317109508 0.8703900242655808 -18.384563202889975
0.8762763712908005 -0.21884391845872392 0.4292400965323003 -540.1290172013428 0.12017011628080722 0.9620090079444875 0.24514855044792772 -133.76134499171215 -0.46658210881953494 -0.1632360499010384 0.8692842617591907 -17.667924080901997
0.8750951474615503 -0.2225747064533102 0.4297312915491149 -539.6671339042426 0.12298996023695632 0.9610928643586083 0.24733373356636518 -135.71758908394892 -0.468061911043998 -0.16358791558727254 0.8684221561565849 -16.989602520708246
0.8737781111787478 -0.22692435004546252 0.43013620143083087 -539.1124733947917 0.12629715131235275 0.9599992035576411 0.24990109791491408 -138.01322408596474 -0.4696390550148961 -0.16403313240055864 0.8674861897918469 -16.209385371420744
0.872794125981354 -0.22700006543244633 0.43208955546982325 -539.1831506960966 0.12635233565843057 0.960172427405196 0.24920673531121268 -137.8460121280678 -0.47145042255374386 -0.16291065018739137 0.8667148430305194 -15.379362794587957
0.8712170452606808 -0.22758638805160303 0.43495436084820915 -539.2231556283984 0.12475152701060682 0.9595943145664253 0.25222174363110383 -137.91282329526095 -0.47478196738689515 -0.16547866154105062 0.8644066728217752 -13.359729275821753
0.8698138926754716 -0.2265018146047753 0.4383157766833029 -539.4998898842034 0.1235502336815047 0.9600833013749948 0.25094898720285097 -136.98508392070235 -0.4776600588975266 -0.1641248987863666 0.863078145785407 -11.791929929812673
0.8688565794363982 -0.2225679986035487 0.44221231367714375 -540.1605840092489 0.11881375513710955 0.9608832277571252 0.2501733682974022 -134.49901736998214 -0.4805949812059015 -0.16482387148911232 0.8613138541943 -10.199774563375696
0.8679401710623422 -0.22194582943619115 0.4443196014719059 -540.3164048814925 0.11642851967279957 0.9605926901566845 0.25240064069717505 -133.9705225948211 -0.48282943081700463 -0.16733718180196863 0.8595778081846356 -8.86491838056885
0.8669314034312677 -0.22193053178607836 0.4462922594061439 -540.3966714834937 0.11421085125689606 0.9600281163362017 0.25554235910928647 -133.75533641513417 -0.4851657687841008 -0.17056627716261152 0.8576253971840033 -7.130158963547476
0.8655042308857498 -0.22198547208044273 0.4490265877474182 -540.4703763979267 0.11349606441834999 0.9600319197341332 0.25584635321446464 -133.5064204864405 -0.48787403054519374 -0.17047335063527624 0.8561061657544405 -5.948474986087303
0.8640115018977819 -0.22426842677239492 0.4507635714444707 -540.2247234481663 0.116629579396025 0.9601116988613125 0.2541319872026163 -134.5280678173796 -0.4897771593268165 -0.16700059419858176 0.8557038832090661 -5.194809149292787
0.8628374387883208 -0.22372771742649955 0.4532741584078441 -540.3739853377751 0.11771863752715422 0.9609990745994388 0.2502460808839426 -133.9561908681481 -0.4915830312408693 -0.1625628711426771 0.8555229022778338 -4.569045606211453
0.8623398171236377 -0.22078744271408743 0.4556566085803482 -540.8175391203998 0.11805663521475548 0.9627917409403512 0.2430940033378401 -132.09481229174668 -0.4923745227821411 -0.15583635235984322 0.856319076395147 -4.70194594456318
0.8611612413581792 -0.22094390633591793 0.45780465991016844 -540.8533356333078 0.11844007524248579 0.9630257441213039 0.24197802531668663 -131.95637638632155 -0.49434124343311087 -0.1541596782969978 0.8554890581581812 -3.7909202865257607
0.8604706887866974 -0.21909761775425618 0.45998524719099004 -541.1451129794851 0.11475766593548647 0.9629611436632848 0.24400105307915718 -130.75577925131495 -0.4964079691624477 -0.15716892087530612 0.8537429697882766 -2.535438500133621
0.8599233918257406 -0.21660534565450829 0.46218382103315203 -541.5117298874897 0.11023333317835626 0.9629330040239819 0.24618822477474364 -129.22090933278912 -0.4983777407221386 -0.16075495014226213 0.8519257441569984 -0.8427210907242241
0.8580207399080486 -0.21766999352241553 0.4652098277203486 -541.4523861259656 0.10873039168958107 0.9622062739466173 0.24967336321842065 -129.45402199717125 -0.5019742142886177 -0.16364247705812418 0.849260282770604 0.9504302266209242
0.8561251344806193 -0.21533692503242918 0.4697656467092071 -541.8519593839866 0.10679234884310278 0.9631450834223945 0.24687434558463506 -127.7255127163993 -0.505613635436303 -0.16118795549558518 0.847569050086209 2.789628048953505
0.8546669839473586 -0.2160147093131435 0.4721037935779414 -541.8066200280634 0.10832556255979106 0.9635140655717291 0.244757467590965 -127.86629980646462 -0.5077498587360022 -0.15804521759862145 0.8468835753205833 3.89501562926298
0.8532481400537522 -0.21691137652680945 0.4742542210967206 -541.7263218659773 0.11014870885366865 0.9638375172613546 0.24266129122160732 -128.13587132120216 -0.5097400057212326 -0.15481180527567226 0.8462850769773771 4.68321000263478
0.8517380878681496 -0.2177089668394728 0.47659735147438403 -541.6610606575213 0.11042880332975683 0.963748138567199 0.24288887336273146 -128.32617822929421 -0.5121988960060985 -0.15424762936897424 0.8449023374119552 5.993823132598745
0.8502125060613689 -0.21785894861617966 0.47924542047337226 -541.6817217934929 0.110082613608048 0.9638005797886401 0.2428379306869138 -128.14241088382877 -0.5148014303768665 -0.15370725717068126 0.8434177887470705 7.2771554547828465
0.8486428551616909 -0.2145872520965213 0.4834848659686024 -542.1634848014628 0.1067777910865909 0.9646975306299357 0.24074297025494348 -125.96331759154775 -0.518077028745419 -0.15267935562533744 0.8415968195354293 9.216185972275825
0.8466385974048531 -0.21312956632262137 0.48762575131290425 -542.3953910752831 0.10455932244500721 0.9650599095251822 0.2402638531221212 -124.76378510359902 -0.5217953942631001 -0.15243083345038347 0.8393416512597462 11.39743644470326
0.8454042814502793 -0.21277784260803448 0.4899154933257444 -542.4579021853522 0.10266755291562954 0.9648572871208345 0.241887968010275 -124.31822381932477 -0.5241669337948106 -0.15419469895198706 0.8375398619356889 12.797019742264311
0.8438671116332627 -0.2107252241474887 0.4934401461289153 -542.7385846214349 0.10017084858259137 0.9653546474320173 0.2409485542095019 -122.85376961696464 -0.5271186763888926 -0.15390024233053162 0.8357395625508137 14.514403514092562
0.842854506868517 -0.21143986121134475 0.49486307736823154 -542.6552768997826 0.10122001654909821 0.9654540632112976 0.2401103081473102 -123.11240030836468 -0.5285364590084863 -0.15228800648679872 0.8351392546031156 15.114551164835904
0.8415785848378214 -0.21156918887506526 0.4969748120992821 -542.6452660963699 0.10084525317918458 0.9654613031717273 0.24023885403734388 -122.96462414401125 -0.5306370892178532 -0.152062324053978 0.8338473056559618 16.246181941758763
0.8405189969765725 -0.20827731827915388 0.5001483524035047 -543.0684800128214 0.0967648696840647 0.9660215428686794 0.23966422075195554 -120.85089800603457 -0.5330707042377422 -0.15304554029458073 0.8321133858311723 17.688070372186324
0.8391122759032319 -0.20686034098931128 0.5030898406391093 -543.2463811379063 0.09553573508195896 0.9665368054740071 0.2380746248268623 -119.80821815807967 -0.5355030455103391 -0.15170828253555363 0.8307954533212519 18.98118737954564
0.8379640455827778 -0.20560285959107827 0.5055133256784786 -543.3992511958244 0.09594000642916643 0.9673890734071962 0.23442247293879034 -118.9568611247647 -0.537225998511721 -0.14793865208368548 0.830362801275892 19.66642188281094
0.836821825053868 -0.20529509782983138 0.5075265076038429 -543.4302726189678 0.0958311993143082 0.9676458110427927 0.2334051533478157 -118.61400356871346 -0.5390228328665632 -0.1466816524940185 0.8294208090409411 20.556903161982497
0.8358301783554447 -0.20566060490486604 0.5090104405024224 -543.3759485535135 0.09526930880750006 0.9674488486603171 0.23444932080338407 -118.64240899859222 -0.5406585537561083 -0.14746674477993846 0.8282160874037414 21.501364176053876
0.8345126023143482 -0.20667876971243931 0.5107568920031202 -543.2412628772468 0.09520162173453611 0.9671266602749717 0.23580219295946708 -118.9906160886694 -0.54270191431176 -0.14815501724724656 0.8267555400883742 22.607193895908107
0.8333059706522916 -0.20632546901557275 0.5128654405501957 -543.2742677410129 0.0941868662885658 0.967164472205279 0.23605448083572572 -118.57269637624096 -0.5447292845937165 -0.14840041960650951 0.8253770786535266 23.73093828657349
0.8326305315446022 -0.20569549391620578 0.5142137315575318 -543.3389271341728 0.09320276247418936 0.9672705852683233 0.2360102962623773 -118.08563323374287 -0.545930071535662 -0.14858323814361907 0.8245504098209058 24.300498413534765
0.8315981050893376 -0.20382071277900504 0.5166253077948093 -543.5501094786628 0.09071505238046244 0.9675799742780948 0.23571120602892703 -116.81248890266619 -0.5479191280503293 -0.14915130042429958 0.8231272797680244 25.418885411871525
0.8307822773984374 -0.20393719519608425 0.5178903628918191 -543.5209532894745 0.09019920376131721 0.9674877215588724 0.23628713945885008 -116.72891559519495 -0.5492403036936476 -0.1495898694710839 0.8221666252957084 26.08278147486435
0.8308629791373747 -0.19705765236036715 0.5204180930225112 -544.3279429499277 0.08663613310320234 0.9696044622816938 0.22882606312295684 -112.88297401913609 -0.5496916320446316 -0.14503609333420386 0.8226807651151578 25.874007669556487
0.8308195648752854 -0.19027724790553435 0.5230042251740776 -545.0934894606334 0.08163166919276854 0.9712390569516092 0.22367602651279256 -109.01854818711989 -0.5505225891870777 -0.14314071112456056 0.8224570600423534 26.0726122163581
0.8304089422316437 -0.19176112180045507 0.5231143859879533 -544.9232546277045 0.08238655487027463 0.9708450323575656 0.22510526142950235 -109.77883027380616 -0.5510294404460888 -0.14383182996982416 0.8219969345740906 26.191197885458497
0.8296642090945583 -0.19570175621725663 0.5228366119171289 -544.4604103878142 0.08335827564844114 0.9694707816531377 0.2306031253079036 -111.82637214592032 -0.5520042554441221 -0.1477404011580301 0.8206485702401759 26.820511010931863
0.8303203498482772 -0.18965092272899461 0.5240235148692044 -545.122843403131 0.07748734938365046 0.9704681008022092 0.22844556465567245 -108.40613420286414 -0.5518730173811096 -0.14907780798426656 0.8204949602851168 27.051729250642065
0.8294533223295821 -0.19128602106588444 0.524801718957932 -544.9491236482119 0.07808990303998133 0.9700187942975806 0.23014235975298886 -109.17107814673264 -0.5530905469447337 -0.14991062955724604 0.8195228184902026 27.167674462515418
0.8286370122603823 -0.19503984527937124 0.524709596506092 -544.5121394115333 0.0822100104148815 0.9695760642690046 0.23057269956396034 -111.24534099429628 -0.5537167291131557 -0.14792469148193674 0.8194608407667823 27.211138245670103
0.8284867483130961 -0.1930945572391109 0.5256654828255554 -544.7247501711043 0.08169500973227888 0.9703056000983751 0.22766854811891585 -110.15237196119733 -0.5540177192603459 -0.14567612838884741 0.8196601932283893 27.02190810345957
0.8283590686278128 -0.1914617375760196 0.5264633476951969 -544.89329699536 0.08206866945514005 0.9711179957985373 0.2240414509194561 -109.271360870441 -0.5541533965572397 -0.14238062115542088 0.8201474085818178 26.681954336073
0.827937887328369 -0.1930547716884155 0.5265441195707826 -544.7019734652469 0.08401112753608686 0.9709829081386321 0.22390695065754443 -110.14332228506511 -0.5544916457227757 -0.14114548250290712 0.8201322866420205 26.5866968980671
0.8295377540760566 -0.19161953866433348 0.52454653460348 -544.7404974078999 0.08383131670899927 0.9713736118886767 0.2222737421855807 -109.59805434081404 -0.552122653856267 -0.14041103421175466 0.821854802608282 27.741719452366794
0.8288924518702635 -0.19134481811809353 0.5256657339144871 -544.7591790219227 0.08292419827384184 0.9713286675493434 0.22280977747275366 -109.31437717794222 -0.5532276932449632 -0.14109493320516903 0.8209941164531483 28.270795788466007
0.8284172798655816 -0.1963709177799868 0.5245600757495334 -544.182249393301 0.08605717168032431 0.9700317350766405 0.22722807077160462 -112.0679558139591 -0.5534609052340498 -0.14309750380229502 0.8204901771398962 28.288099250811346
0.827595415048723 -0.19104833068531688 0.5278128118307527 -544.7654219986708 0.08114746611386478 0.971140501404285 0.22427932422658367 -108.88099969637345 -0.5554285892296426 -0.14278186815764696 0.8192145142707015 29.341550477830026
0.827305577466547 -0.19547322508604864 0.5266457061129448 -544.2627149752412 0.08508430899504582 0.9702921583612975 0.22648131884420505 -111.38087969576493 -0.5552712326922571 -0.14255997228196235 0.8193598186678349 28.97404538524178
0.826597474262593 -0.19132538741880434 0.5292742310671723 -544.7163432638157 0.08247841183095296 0.9714693027084447 0.22236165469120805 -108.945205571416 -0.5567170979272558 -0.14014988413913426 0.8187942860396875 29.556502624466052
0.8264227403346345 -0.19614187011229317 0.5277819824952776 -544.1709180896154 0.08667106172169697 0.9705055978232668 0.22496002234560925 -111.68445161877162 -0.5563394479252994 -0.14016865335215123 0.8190477197939187 29.05788215791584
0.8256406735976402 -0.19477572377428715 0.5295091080703312 -544.3147984333051 0.08559868215094836 0.970899472873521 0.22366734045886105 -110.79833526516462 -0.5576650820297574 -0.13934357180050233 0.8182866400489638 29.650205721545365
0.826402962527398 -0.1926089881401165 0.5291123899641555 -544.5702167580957 0.08325094259480392 0.9711440300965074 0.22349172997001607 -109.63112030443725 -0.5568908547309938 -0.14064512254448916 0.8185911833274464 28.9563598246148
0.8265561918168514 -0.19181055161719385 0.5291630883362257 -544.6598929623856 0.0833738068028728 0.9714947521942439 0.2219160985558325 -109.23107496093382 -0.5566450126502722 -0.13930778423100598 0.8189869786170143 28.468082018486307
0.8262252426487646 -0.19113483433766054 0.5299238846407144 -544.7274319865093 0.0817322949185757 0.9714006784711947 0.2229362102329847 -108.74258850171228 -0.5573792966888285 -0.14088362917109165 0.8182176499283361 28.79916135113155
0.8259619321385747 -0.19081701347969338 0.5304486346712592 -544.7563716233033 0.07922206446167829 0.9709213756634926 0.22591048400227207 -108.40433629369407 -0.558131481964906 -0.14457022392734145 0.8170610131399344 29.26372514183398
0.8258531552449168 -0.19192254476046475 0.5302191082794763 -544.6293462275819 0.07973046722398144 0.9705932437796436 0.22713830087758194 -108.99668907838767 -0.5582200449359205 -0.14530826522251486 0.8168695669993847 29.134190932774953
0.8256495168933093 -0.19268419736714365 0.5302600072971979 -544.5406429104534 0.08218462148761396 0.9709226930005811 0.22484397302893605 -109.4951647305401 -0.5581653547514234 -0.1420630997179737 0.8174775302439441 28.652438322981887
0.8253688143946644 -0.19327371276132754 0.5304824145814808 -544.4683290055358 0.08359072773308575 0.9710590319800096 0.22373409808766237 -109.83719324871655 -0.5583716597946204 -0.140319736193803 0.8176377322339657 28.44621658605662
0.8252326421195714 -0.18984139013313794 0.5319316995373268 -544.8434579778241 0.08038912854103863 0.9717090616890939 0.22207901171365324 -107.83712846918364 -0.5590426409432142 -0.14050532382660202 0.8171472202630429 28.65988818729615
0.8250382221512219 -0.18712285080895372 0.5331950587680657 -545.1334594654919 0.07784123391328104 0.9722193508809353 0.22074935124595677 -106.24050829598414 -0.5596898018477815 -0.1406220910020292 0.8166839983921617 28.851536152804744
0.8246922692036786 -0.18424823106258068 0.5347291374761595 -545.4313925271896 0.07566011172583728 0.9728914855931403 0.21853536270820428 -104.56152801396739 -0.5604981789527254 -0.13976675788857112 0.8162763286902275 29.100910170247687
0.8242984676867722 -0.18364645735385995 0.5355427292668778 -545.4833255547959 0.07511646167706085 0.9730415977433764 0.21805404432418984 -104.16124244753561 -0.5611502056975103 -0.13951353970992925 0.815871570091303 29.281259283312146
0.8238405198664863 -0.18401218540102804 0.5361215472726827 -545.4337415763061 0.07446018121954445 0.9727751097145524 0.21946358999294874 -104.25358502456118 -0.5619096717790771 -0.1408832905059298 0.81511313277198 29.609134816034846
0.8236077811878708 -0.18418173611235855 0.5364208337205314 -545.4077068139585 0.07407384790677256 0.972632490224606 0.22022512121864343 -104.28867542664197 -0.5623017764715641 -0.14164436819767803 0.8147107370931133 29.681065882817048
0.8237392977760679 -0.1828481013012815 0.536675079680347 -545.5488799608064 0.0740558369057783 0.9731590348439746 0.217892693594183 -103.5975541440194 -0.562111467877658 -0.13974285223960492 0.8151703091553106 29.199931583521405
0.8234942257380432 -0.18273019954709213 0.5370911788044751 -545.5537261336561 0.0769557727470956 0.9739374832258327 0.21336257358924995 -103.648379461171 -0.5620810165954709 -0.13437058063880877 0.8160940373766931 28.641662544114276
0.8234957835951656 -0.1789181318808743 0.5383706868740554 -545.948222187945 0.07590610995683929 0.9751836216651381 0.2079787645585121 -101.58016075836599 -0.5622214482498906 -0.13040401113586525 0.8166405800641263 28.283257443494747
0.8239113405514301 -0.1761205853989619 0.5386572586621964 -546.2382668810034 0.07125574024701123 0.9751353220081109 0.20984213889013906 -99.91582426295899 -0.5622212397202687 -0.13450889625175325 0.8159746530600931 28.2585770029806
0.8237878507773254 -0.1789839832250274 0.5379017667386659 -545.9434060552285 0.06819631899201166 0.9732482549272011 0.219401678109119 -101.24943505952476 -0.5627813420748904 -0.14405751639557304 0.8139561370137364 28.917894436925145
0.8241420772597349 -0.1795055193807374 0.5371848890297091 -545.894548428066 0.06486811767401654 0.9721219902674528 0.22532412952872205 -101.39494325518832 -0.5626561683652274 -0.15085292357225988 0.8128108215632115 28.987838678349995
0.8243718880278535 -0.17863753923002468 0.5371216061631047 -545.9865176879687 0.06564740838441602 0.9726657894128325 0.22273679507059665 -100.99749704083372 -0.5622289640367185 -0.14835731085373807 0.81356542472898 28.310675558872283
0.8250131695196616 -0.1769063153654087 0.5367098151729263 -546.1564527723576 0.06896126830398105 0.9741565453935513 0.21508921065643438 -100.34071206259772 -0.5608900191597533 -0.1404392418476269 0.8158916630020406 27.073640932055888
0.8252483304809733 -0.17424870952631608 0.537217442258514 -546.4442397148704 0.07124685884430024 0.9757352514561879 0.20703768780236628 -99.05177390217109 -0.5602580460316359 -0.1325824509282554 0.8176385604670747 25.61705241045525
0.8250624529797668 -0.1745911467339452 0.5373917380879019 -546.4028025057968 0.07314078371851515 0.9760639547316717 0.20481597113167332 -99.2935659447284 -0.5602877603875096 -0.12968071466372733 0.8180834540584802 25.240478329803825
0.8252785346623053 -0.17517881496459356 0.5368684410665604 -546.3437190357117 0.07296150972995649 0.9757781280096578 0.2062369098776773 -99.6161561757709 -0.5599928198857228 -0.13103216279054702 0.8180700544518592 24.867817341022576
0.8257207870183836 -0.17065268546135773 0.5376456480160218 -546.8014083245116 0.0639271484562377 0.9753088925955035 0.2113903586126546 -96.85278575518728 -0.560444913953187 -0.14017926012416915 0.8162421659379312 25.42768379790121
0.8274474669799586 -0.16625086109180204 0.5363686610668866 -547.1962865750401 0.0556126378017664 0.9747345895671194 0.2163324164755453 -94.3519962259357 -0.5587825372228269 -0.14917483396221226 0.8157873160371927 26.001574175121647
0.8249675820623759 -0.16454785594041957 0.5406963026057865 -547.3675324722665 0.053461810991843724 0.9751095768890978 0.2151816623800389 -93.02205491475624 -0.5626458240417587 -0.1486112921839239 0.8132308162654652 26.90856883409592
0.8248379058287052 -0.16116455611395825 0.54191181474545 -547.675327141918 0.05905513257108847 0.9778263161220813 0.20091835858410434 -91.46879897957191 -0.5622765515519275 -0.13372240407542174 0.8160658050814054 25.59471365991555
0.8253998152739802 -0.15582723242601199 0.5426168248222027 -548.1719078199148 0.06289021973929576 0.9805489723676383 0.18592614945163485 -88.87278696176875 -0.561034727273475 -0.11933811806467456 0.8191449495479779 23.78444912888046
0.8253660009917829 -0.1576352550475681 0.5421458205805154 -548.0062576770551 0.06686051175984205 0.9807656916564477 0.18338028802699005 -89.98654629760017 -0.5606252191741325 -0.11510770797708539 0.8200302306562959 23.07115269484387
0.8258454440045843 -0.160692784729802 0.5405156163818514 -547.7320833345404 0.06636658681073518 0.9795729092358391 0.1898219999007696 -91.6420895365288 -0.5599774805936077 -0.12089145721272504 0.8196404558103629 22.671479058829725
0.8256230921887822 -0.16652450132521196 0.5390882118012071 -547.1740694453187 0.06473478536293378 0.9771020162394738 0.2026846255263829 -94.65090987791943 -0.5604961348739602 -0.13244334758357867 0.8174979158824852 23.36435025836818
0.8255136705948022 -0.16701803362673076 0.5391031034083895 -547.1211070962365 0.0589569382709219 0.9755029737968415 0.21193873535349195 -94.64918330703698 -0.5612942713860665 -0.14317445497357068 0.8151379124738377 24.250006106764538
0.8253605131250357 -0.16919041438365634 0.5386600291971407 -546.9044435608507 0.05915812152121748 0.974708859387844 0.2155062785371439 -95.7894184965975 -0.5614982992245469 -0.14600425716921692 0.8144951914262026 24.312657296203234
0.8257167367154726 -0.1693368923111242 0.5380677351508464 -546.8912930782025 0.06379207906351284 0.9757901726759456 0.2091987322088802 -96.10596216551747 -0.5604662713818783 -0.13841443498226252 0.8165286295236902 22.95659447679244
0.825635192813848 -0.17120949762432058 0.5376000709732727 -546.7030310992827 0.07073256746932408 0.9767384886707203 0.20243228163619192 -97.37155068131597 -0.5597530100735837 -0.1291093825888141 0.8185397577644581 21.744201489584057
0.8252438895533915 -0.17303196166032583 0.5376173946207183 -546.5146731846861 0.07618505724513694 0.9773168208571688 0.1976048297036081 -98.50542094652491 -0.5596144742654043 -0.1221137662739803 0.8197071844744553 21.074954402438543
0.825157580931646 -0.17382944030195624 0.5374925974516699 -546.4302961668399 0.07678080617948868 0.9771602587400652 0.1981477644120082 -98.94129116286602 -0.5596603205815668 -0.12223401500137981 0.819657959848607 20.876941653834816
0.8251025539359731 -0.17290232829420457 0.537875971166939 -546.5157337869014 0.07522992609075987 0.9771664826609509 0.19871115566169018 -98.3720120881018 -0.5599519923249792 -0.12349271247514472 0.8192699898426756 20.911311293967863
0.8249988216781996 -0.170611822350411 0.538765765712572 -546.7403639721481 0.07248741767190348 0.9774124795447807 0.19852057603528833 -97.02244136062401 -0.5604663402104013 -0.12472550222146019 0.8187313543444903 21.085158780404374
0.8255004296009042 -0.1700295024330383 0.5381812046430979 -546.7999549352801 0.07028183735293331 0.9770889881769186 0.20089194240113561 -96.68270437993407 -0.5600084857098314 -0.12801202086436564 0.8185373653335581 20.714941918727895
0.8255933603494092 -0.16917416914920813 0.5383081866734386 -546.8848264213252 0.06651753457799663 0.9765251010167767 0.20487592508110608 -96.09038096088088 -0.560331170773709 -0.13333727002173507 0.8174656882600733 20.978974463435396
0.8261498045271413 -0.16974187986107542 0.5372747850969692 -546.8341180142387 0.06653114441783203 0.9762605571223286 0.20612843430651193 -96.46509751774812 -0.559508808958554 -0.1345474593904644 0.8178305899569613 20.26428800555896
0.8273458886232053 -0.168246785858253 0.5359027893439685 -546.9902583511897 0.06731559423218428 0.9769085612646476 0.2027764130785535 -95.83233275406074 -0.55764450266406 -0.13169161695492768 0.8195669140908203 18.647677575794347
0.8284070086189674 -0.17003984334088537 0.5336930576160619 -546.8215433193353 0.06837943400576232 0.9763819523709102 0.2049452026504192 -96.96859456012528 -0.5559371197141145 -0.1332844130458508 0.8204688806792111 17.365834237282723
0.8292566612355438 -0.17177685827438494 0.5318139719468271 -546.651663179586 0.0672687728082875 0.9753525093591767 0.21014850627978307 -97.9902477478277 -0.5548047422304045 -0.1384925754260455 0.8203727838918813 16.660284892450175
0.8295581464361169 -0.17208362663608723 0.5312443007931903 -546.6193594766671 0.06675580984521556 0.9750719367476759 0.21160902631751222 -98.17912456127388 -0.5544158579382298 -0.14007834811600223 0.8203664503474704 16.3254503206713
0.8294447003170952 -0.17361751895032862 0.5309222600620702 -546.4650299095322 0.06939856419147436 0.9751359016667345 0.2104609525987337 -99.07005343172594 -0.5542610652066822 -0.13772047921110686 0.8208701122600439 15.81201506892238
0.8295008717120403 -0.17291420035544167 0.5310640104021392 -546.533723654696 0.06997589043447075 0.9755501921759882 0.20833914011365104 -98.70507916516176 -0.5541043932210502 -0.13565582133041973 0.8213195599474671 15.386298175665717
0.8289015757074203 -0.1733613877254585 0.5318533698639684 -546.4852332307532 0.07114129187742206 0.975715582354199 0.20716664533948975 -98.89919183379676 -0.5548523176303469 -0.1338840229344403 0.8211053367401304 15.58097371806297
0.8285015236847925 -0.17364480005351665 0.5323839861099802 -546.4522437093628 0.07153487848829684 0.9757375116344027 0.206927691595805 -99.00435677274272 -0.5553989434736457 -0.13335588402420875 0.8208216747774634 15.703224323311264
0.826982353332447 -0.17675669185368673 0.5337202068140838 -546.1240755952298 0.07255718533161887 0.9749095977951518 0.21044412793814934 -100.52618885568056 -0.5575263600346452 -0.13530834420624585 0.8190580015204559 17.029197493027013
0.8251172749107161 -0.18113805632126012 0.5351359520683223 -545.6526750589506 0.07502323556269264 0.9739495375693263 0.2139948887104553 -102.73730829395369 -0.55995803125736 -0.13642324882750528 0.8172121514085128 18.514278640691227
0.8231519260897942 -0.17983000411322772 0.5385926811564549 -545.7709379734297 0.07466135476972327 0.9745678473801014 0.2112893583616201 -101.75625365538592 -0.5628912760725749 -0.13371118305344581 0.8156437524114534 20.12811225137331
0.8209075402750449 -0.18430552751551907 0.5405018805210595 -545.2690199448077 0.07925365585630265 0.9740969764963103 0.21178748408288317 -104.04914511464925 -0.5655348515812144 -0.13102119259101935 0.8142504398150735 21.56298927383954
0.8188222175760097 -0.18003548781129547 0.5450847632547206 -545.6794710155317 0.07651749140685682 0.9753041184435538 0.20718819960568202 -101.39099672070023 -0.5689246430879115 -0.1279417823683538 0.812376544966496 23.560684498168587
0.8160780613560351 -0.17712474793552946 0.5501303676785629 -545.9181375944278 0.0743326259949063 0.9761406728912893 0.20401972316431174 -99.42440856440976 -0.57314156932304 -0.12560338528923562 0.8097731355866327 26.021383708933296
0.8129909342297778 -0.17908886913807068 0.5540513674841351 -545.6412656094404 0.07388265229119909 0.975563301184648 0.20692413844723284 -100.07209402894246 -0.5775699910405759 -0.12729266409561396 0.8063556802781451 28.923900408341808
0.809872422958395 -0.17758819602780984 0.5590787879745455 -545.692108743762 0.06884677235450042 0.9752622796631634 0.21005620153324994 -98.65478208632528 -0.5825519551661175 -0.1316279548492565 0.8020643995555069 32.34286312768562
0.8057227410573862 -0.17689130247616497 0.5652612950231585 -545.6127302198499 0.06527655730023368 0.9750676245644878 0.2120898361383597 -97.5971984459711 -0.588684835552948 -0.13398729280962757 0.7971810144224118 36.4704814948973
0.8019839570636664 -0.177508781207403 0.5703616091627884 -545.3918981249969 0.06733260612760222 0.9756049215530105 0.20895300235605452 -97.61411005130432 -0.5935385857419618 -0.12917302208977882 0.7943716243671001 39.36102480008613
0.7974824824677279 -0.17839761755034905 0.5763644508550726 -545.0894165845317 0.06974163353325306 0.9761396082820356 0.20563941668636274 -97.74781989846254 -0.5992977512966516 -0.12379723419912694 0.7908959793142352 42.86647582397617
0.7929235451978065 -0.18051271938535293 0.5819685641089619 -544.636015174072 0.07285660911447825 0.9763452263161991 0.2035728703877558 -98.57762204736348 -0.6049497218606535 -0.11901746590175206 0.7873186628240455 46.36143732352701
0.7886397580983281 -0.18002747291310744 0.5879093815743468 -544.4257716117827 0.070417534205256 0.9763288407878389 0.20450761727213557 -97.7177925748368 -0.6108098745297608 -0.11988370882816002 0.7826488315550869 50.29996813943978
0.7842222970874599 -0.18191242742483693 0.5932143436391867 -543.9547775566932 0.06872716263459004 0.9756410841643223 0.2083291914419686 -98.07161436774665 -0.616661954288625 -0.12260645839053186 0.7776218171411245 54.354135884968464
0.7810297468627171 -0.18653479523770863 0.5959843158013356 -543.2828919582171 0.07003734923714786 0.9744908490407088 0.21321903021951877 -100.14829370096624 -0.6205540300629702 -0.12478924353302401 0.7741707437452424 57.01705156100198
0.7791178333540366 -0.1916665604458178 0.59685788204277 -542.6335738069313 0.07423950085138104 0.9736232150892108 0.21574598849732055 -102.86112373294593 -0.6224659816110832 -0.12378111587078958 0.7727964396208957 58.117165533013726
0.77759248662278 -0.1977479997912304 0.5968631780620824 -541.9041057653984 0.08101052111399468 0.9728538670729197 0.21677787892242362 -106.3257799773942 -0.6235280428470243 -0.12021265282753503 0.7725035261301568 58.487415329347414
0.7772666596055579 -0.20176737647650955 0.5959416629632502 -541.459595629659 0.08589300725814543 0.9723455174530256 0.21717869599286216 -108.71602778048062 -0.6232807803628874 -0.1176185379895292 0.7731021590653047 57.98952304410037
0.777217479354836 -0.20599001323288219 0.594559588463286 -541.0046156852736 0.08970407269955728 0.9715186117235507 0.21932798821823235 -111.13625679680581 -0.6228050811661924 -0.11713112960721224 0.7735593896725129 57.43212317183652
0.7774531617811881 -0.20766913542742657 0.593666666932934 -540.8389665512658 0.09197528294191351 0.9713075870402433 0.21932195212931882 -112.18891719729758 -0.622179337943803 -0.11590988546662195 0.7742465820957337 56.73350768821107
0.7783074153534384 -0.20736780804264981 0.5926518028264463 -540.9314317038553 0.09336157856900397 0.9716166074399153 0.21735865244809846 -112.23862906255216 -0.6209035213726477 -0.11384094313794271 0.7755765963542929 55.53616107011901
0.7788774341374329 -0.21063861360563657 0.5907464067176237 -540.6103381116975 0.097782089754034 0.9711801977640725 0.21736532932892272 -114.29363046568739 -0.6195067437202139 -0.11153653181461365 0.7770270243408172 54.248340781531766
0.780309508167738 -0.2147627149239182 0.5873619393027868 -540.2404837455281 0.09937197994618227 0.9698335738249921 0.22259390980756635 -116.60547594347346 -0.6174482011186025 -0.11532482542952868 0.7781117551965466 52.786753243031555
0.7829822436937826 -0.21942343541109352 0.5820585555188101 -539.8636135842108 0.10279909632340559 0.9684968691917941 0.22681745999985067 -119.47163231202238 -0.6134909549906512 -0.11775895022496738 0.7808723825226324 49.93495325431269
0.7878673790300296 -0.2225531986818523 0.5742256236156899 -539.7586512348012 0.10624877652287823 0.9675587365424627 0.22921886664876606 -121.79724838885785 -0.6066104108468163 -0.11958329773354337 0.7859539708885168 45.019656623930985
0.7946479044253754 -0.22467782161888714 0.5639632829049698 -539.8031391947014 0.10993553752132093 0.9668907034710583 0.23029664593984034 -123.83330637394215 -0.5970334040757331 -0.12100514044384013 0.7930377484104454 38.24673895223723
0.801973629645883 -0.22572032395457464 0.5530719959521093 -539.9123473235718 0.11275683028553433 0.9664183662759015 0.23091435327535756 -125.32778041387733 -0.5866209973880643 -0.12282457685031647 0.800493553218871 30.974623794350904
0.8095147555932758 -0.2235846630311385 0.5428588757071318 -540.3371204592878 0.11223210131345063 0.9665264933579175 0.23071734454092252 -125.02138291013159 -0.5762723452600569 -0.12584290243990576 0.807510834598505 23.869437535897994
0.8165312969373213 -0.22075031878019086 0.5334284749432675 -540.7539267445698 0.11107484043451475 0.9668133810860837 0.23007447919172197 -124.28566597860416 -0.5665148020522527 -0.1286125301490455 0.8139531903889545 17.217915500316177
0.8235471450626678 -0.21778607540511746 0.5237741165987164 -541.1018442683155 0.11050388673377987 0.9672658668610901 0.2284417514864386 -123.5235447518807 -0.5563802574461618 -0.13025347659506184 0.8206552509787788 10.3099092874262
0.8302086008557696 -0.21700062636164674 0.5134826260193797 -541.0820471553543 0.11173512380302292 0.9672070526058851 0.22809160330481182 -123.98645167135786 -0.5461400380615107 -0.13198956605766038 0.8272302057336168 3.3959811646683145
0.8369562840469557 -0.21611450683455408 0.5027909093549418 -540.9796149119836 0.11299505326200017 0.9671706476167518 0.22762481483113994 -124.42777754914162 -0.5354776340171731 -0.1336991335957361 0.8338994214790654 -3.7429762607719015
0.8444397381888538 -0.21487216802480008 0.4906643251509756 -540.7829666781296 0.11456404922664054 0.967268648467934 0.226420936125201 -124.7875107850538 -0.5232557760716418 -0.13498634412168722 0.8414167099055768 -11.85960372738235
0.8520862793552464 -0.211769389977071 0.47864673612516384 -540.6987614259181 0.11375232254519606 0.9675609523661857 0.225579725533598 -124.15337152234976 -0.5108907727196751 -0.13776621111498621 0.8485346719049931 -19.91948980076345
0.8592957078854974 -0.20940033275498388 0.466650176311618 -540.4141033183622 0.11317138046235048 0.9675805028693941 0.2257879737967822 -123.94293033215142 -0.4988016891048065 -0.14120719212955304 0.8551358978765186 -27.68630251951786
0.8666789106477581 -0.20634234230906234 0.45419214393120566 -540.0676230768238 0.1126121177263399 0.9678698268740641 0.22482550826798617 -123.38739689307836 -0.4859898937010977 -0.14370398740876714 0.862069015348085 -35.88901041894425
0.8736924879119736 -0.20253769335770141 0.44231201581635515 -539.7276165420699 0.11090322238318881 0.9681942917616225 0.22427725846646834 -122.42475234855566 -0.47366856749335906 -0.14689552807880774 0.8683661623988105 -43.66821799795244
0.8807036171510078 -0.19818456167216764 0.43021392149945786 -539.3208148962534 0.10849761164400806 0.968518482296762 0.22405405088309088 -121.23820316019307 -0.4610741881787322 -0.15064803007138017 0.8744802822425074 -51.51618311802059
0.8878222693204002 -0.19359409196580432 0.4174840663482984 -538.7671883670971 0.10667651153902177 0.9690749223986562 0.22251722779125077 -119.92206702774807 -0.4476513598601479 -0.1530200063193507 0.8810182391309422 -59.87446637070622
0.8946696763749851 -0.18924993468363877 0.4046611327979472 -538.0573008700467 0.1034566659331601 0.9689817220049606 0.2244351592204213 -119.00795774880741 -0.4345835805102097 -0.15893043963489117 0.8864977309098914 -67.73359870961265
0.9006850545968054 -0.1858890232124253 0.39269797997326167 -537.2185497213288 0.10167475949583758 0.9689328039144232 0.22545834377994864 -118.48945331916575 -0.42240818612736825 -0.1631394880084657 0.8916035171223374 -75.06714555716454
0.906670061208202 -0.18348186197106423 0.3798470829641139 -536.0909272222772 0.10135667258548667 0.9688277640526404 0.22605218097412788 -118.52014929376739 -0.4094828751377932 -0.1664547083395142 0.8970042391429897 -82.83874472404543
0.9126248178316597 -0.17855085476824206 0.3677438431017712 -535.1813718292375 0.0990871490830214 0.9693646712500403 0.22475291103543077 -117.0698729467056 -0.3966077139496017 -0.1686763954850568 0.9023583516773365 -90.57308967550341
0.9178269624616021 -0.17495411872032504 0.356349159282442 -534.132553661224 0.09817719428333674 0.9698005883109221 0.22326678533638042 -116.19301051360561 -0.3846490679842612 -0.16993491476028058 0.9072856326671637 -97.75149372950736
0.9230296721955759 -0.16991412612127715 0.34517446891531584 -533.1545723074775 0.09623695832157964 0.9706378997391377 0.22045524589586465 -114.43360358369893 -0.3724978820067815 -0.17026819237437837 0.9122796010905996 -105.04120778328004
0.9276436903692256 -0.1666960042407683 0.3341999788873813 -531.9564509388991 0.09568280839799163 0.9710728815829168 0.2187744473911968 -113.66089083140184 -0.36100136273321404 -0.17096754318996363 0.9167595733235352 -111.86575773702545
0.9313106497480026 -0.1656914638093357 0.3243559965326258 -530.6564412881024 0.09657079320757256 0.970993876908391 0.218734937551532 -114.05792093159056 -0.351190198560856 -0.17238686094691774 0.9202978944926771 -117.61766561469997
0.9344588403815827 -0.16180500122614774 0.3171842007586666 -529.9380192433118 0.09412071997705226 0.9713493327411559 0.21822411382409732 -112.76408099857846 -0.3434064147678507 -0.1740678470066129 0.9229151742900175 -122.14346340908122
0.9366690492807744 -0.15712601160743672 0.3129896301729337 -529.6958775391855 0.09051601719156127 0.9719538893260583 0.21705411227554602 -110.73317322838929 -0.3383163353301568 -0.17497729424210448 0.9246215462276903 -125.14219173125797
0.9378589908440935 -0.1534606610565511 0.31124000192935497 -529.7231228372315 0.08745038671112985 0.9724745169230652 0.21597625748985655 -108.98151043726426 -0.3358168297702966 -0.17533721636702604 0.9254641632174042 -126.67377110635063
0.9380214733639626 -0.15114550071990718 0.311882595090251 -530.0018352875592 0.08554781931108332 0.9730242413560646 0.21425544647586714 -107.57179812178451 -0.33585307221941435 -0.17429533368849398 0.9256478004809375 -126.8289846605546
0.9377032596176578 -0.15003158635947972 0.31337377043536613 -530.3115387300209 0.08468828008488619 0.9734533758847403 0.21264152979807663 -106.67803151331698 -0.3369577007855488 -0.1728555699798546 0.9255163206601255 -126.39038575592433
0.9365649416746136 -0.1500763234183938 0.31673838917195574 -530.8120265998504 0.08419680139636876 0.9735639591396552 0.21233020533814828 -106.35296657180292 -0.34023081674158806 -0.17219266713056464 0.9244418190052928 -124.65387716841632
0.9344890426298551 -0.14999184691910902 0.322850855756232 -531.7195374266255 0.08311092521142968 0.9737654440909346 0.21183350538780493 -105.69577784167555 -0.3461543056430714 -0.17112365631957377 0.9224390987661913 -121.40307727498262
0.9313815728708458 -0.15051281048820925 0.33147286404104026 -532.9154297368567 0.08237216218495173 0.974044739652774 0.21083565175684976 -105.04632224827549 -0.3546028660538513 -0.16906430443384562 0.9196053873008218 -116.72451671905398
0.9271373475447268 -0.15001671728153035 0.34338218259513975 -534.5943209670327 0.08022516714587483 0.9745836293226917 0.20916661304478484 -103.53855389070497 -0.3660331424121932 -0.16637828581964564 0.9156079972693397 -110.30613399688711
0.9213755643708053 -0.15137731239912586 0.35798321004091466 -536.3896988759647 0.07906693997943748 0.9747794619411629 0.20869456049448182 -102.85520374403336 -0.3805463025476245 -0.163981431474769 0.9101069177568191 -101.99601862923595
0.9142766583772164 -0.15343035006244732 0.3749097486413303 -538.2771990100629 0.07798793999606941 0.9748506748351878 0.20876791656896973 -102.37562600065198 -0.3975123559862763 -0.1616331941560696 0.9032489343393361 -92.12727059663791
0.9059903896422585 -0.15748179629022088 0.39291334631579244 -539.9400709389105 0.07886972985759985 0.9747661018902373 0.20883154052465563 -102.80190792889259 -0.41588577709277064 -0.15821039928815372 0.8955492671925008 -81.34901051191395
0.8966210288486607 -0.16037265146442492 0.41273640896901653 -541.663496139083 0.07848138873054498 0.9749073270854762 0.20831796662308666 -102.4634294292164 -0.4357882539138639 -0.15439014300570636 0.8867086790448051 -69.51110129127551
0.8854737366010905 -0.16232429802341117 0.43541598967069345 -543.4429493618155 0.07719664856117997 0.9753688010476217 0.206631022341387 -101.35061935577953 -0.4582324074534933 -0.14935368831780452 0.8761943486152167 -55.98225513930987
0.8720388377263991 -0.16438555745536707 0.4610050476913232 -545.057187069736 0.07609391024661347 0.9759922285315997 0.2040805886636501 -100.05641054801956 -0.4834852451938646 -0.14288652261850948 0.8636118684535425 -40.519199660560425
0.856187283512081 -0.1696133058182643 0.48803141501506186 -545.9851067627992 0.07720780072038372 0.9759748516911304 0.20374504748434416 -100.46829680519811 -0.5108642589378564 -0.1367640864988908 0.848712727360677 -23.356627220115335
0.838163593257073 -0.17641545834545042 0.5161001617856331 -546.224932181139 0.07927384830187462 0.9756008290923894 0.20474051687356298 -101.72836759570217 -0.5396271378589139 -0.13069280137408873 0.8316982287796396 -4.90255920742271
0.8185431458756858 -0.18677287058200778 0.5432338475780873 -545.4288914762412 0.08408696451063088 0.9744381022891113 0.2083261078371683 -105.05411689474967 -0.5682574247111285 -0.12484502241480097 0.8133247934490403 13.910622207873443
0.7973308500893909 -0.19349616017280727 0.5716841361224819 -544.3094094070154 0.08439554543772546 0.9736530100685252 0.21184241287987907 -106.272320097122 -0.5976126733980781 -0.12066089666034993 0.7926537961879211 33.772983456134114
0.7730833727721912 -0.2016613647484975 0.6013940411335539 -542.1743137534057 0.08444192223326603 0.9723967076179845 0.2175182860893655 -108.03181747583825 -0.628658620009878 -0.11737690139664389 0.7687723996774326 55.40011820500864
0.7499080513620509 -0.2052912679166114 0.6288826677684494 -539.8631484172408 0.08266394283732847 0.9722595829373208 0.2188103652506752 -107.6021304959391 -0.6563570575966702 -0.11210173372315473 0.746075474894668 75.11923310823306
0.7252848306257363 -0.21139184716781356 0.6551911182358754 -536.5160467612467 0.08401030724144176 0.971755358478404 0.22053070431508462 -108.75144724541555 -0.6833038729155541 -0.1049047673820808 0.7225585146125648 94.73342098026944
0.7001169531525949 -0.21551778836297097 0.6807263288631201 -532.6882533968779 0.08388301152313671 0.971584402973062 0.221330947400692 -108.93807063583502 -0.709083840096597 -0.09785617404442207 0.6983009930647752 114.03301292775075
0.6736560493709136 -0.2215652733849039 0.7050506058261676 -527.8881731845227 0.08556065024394133 0.9709688679044506 0.22338046622340035 -110.34251015086485 -0.734075542622016 -0.090157014093317 0.6730563204769496 133.26909200686384
0.6477274082894732 -0.2299781912552203 0.7263327309832452 -522.3911046563239 0.0894782163636574 0.9697178669712115 0.22724635810763213 -113.3391146592647 -0.7565995330073767 -0.08220273732535308 0.6486908791013162 151.09839261894436
0.6201196528695464 -0.2376252421605585 0.7476535697855587 -516.137934415486 0.09109286608991693 0.9683868645864352 0.23222611878076513 -115.61245314238451 -0.7792006839527786 -0.07590207365144583 0.6221616906744843 169.62716862001335
0.5923487333706241 -0.24598943329000622 0.7672106469437705 -509.26712733881686 0.09398522630998069 0.9668463352576027 0.23743407766031605 -118.54608335077565 -0.8001810765755955 -0.06853730888067365 0.5958295746114959 187.34456426669692
0.5647339027504659 -0.25297968604801646 0.7855424224898835 -502.0976984251667 0.09765012921957039 0.9656543899796615 0.24078216581883488 -121.26598379486698 -0.8194754855074242 -0.059269533151989004 0.5700412713938497 204.1087480322214
0.5376373485146557 -0.2594623764973277 0.802262648179815 -494.6751414958254 0.10352472078343056 0.9645908542686388 0.2425842452592714 -124.53444689402009 -0.8367966979313692 -0.04736833376483268 0.5454608393711688 219.5861276849436
0.5115184205365749 -0.2592163098087037 0.8192409963990606 -487.80426988007355 0.10474090715583315 0.9651125005998945 0.2399733392566591 -124.29430553947188 -0.8528647300832299 -0.03694273832536765 0.5208233733859133 234.503686452656
0.48431020005841713 -0.261386277416495 0.8349376288668053 -480.03165040829754 0.10491690768136572 0.9647922800307187 0.24118104999296122 -124.74324009429763 -0.8685827954789087 -0.029207368444873122 0.49468258209337596 249.72668684151736
0.45758073149451556 -0.26591473923023884 0.848474646424428 -471.8144559457307 0.10366918832188655 0.9636812000515764 0.24611225906044348 -125.68062249666501 -0.8831039426690527 -0.024655549624125306 0.46852911362593785 264.4074146123589
0.43213351132183087 -0.2701237623889881 0.8604032667217638 -463.6949209295741 0.10675620680119613 0.9626994743030535 0.2486218704901977 -127.87654842970339 -0.8954684476306718 -0.015584452811757327 0.4448520924177752 277.3198863035786
0.409092666794168 -0.275085788263435 0.8700408031067969 -455.98697991356835 0.11118608568156009 0.9613995069063619 0.25169156217683747 -130.86425893345168 -0.9056935708759605 -0.0062287410998269205 0.4238872001585595 288.40686878824005
0.38881862181722177 -0.2802819240587048 0.877645784114586 -448.939782487166 0.11362670215379231 0.9599177217855424 0.2562165879870141 -133.38237392703493 -0.9142806198787162 0.00010221548029779037 0.4050813963466922 298.0684087515544
0.3707324384055159 -0.28320837750502753 0.8845057795316377 -442.6701903872488 0.11187083372280682 0.9590551676351864 0.26018858928555744 -133.78569567393467 -0.9219774268798907 0.002490048837719444 0.3872356181715743 307.0494177689844
0.35134309263389285 -0.28326695482454534 0.8923664401818799 -436.1223278980442 0.1078009211394199 0.9590321163593396 0.2619854217181151 -132.4567163068131 -0.9300198883141931 0.0041511559540745036 0.3674857483553622 316.7696616265878
0.33522103416766147 -0.2767630809623951 0.9005715159096285 -431.20528332385805 0.1050399374040378 0.960898700807552 0.25620362670445196 -129.40311035016774 -0.9362657047023132 0.008711130957634886 0.3511846329151086 324.5938267396809
0.32030258160779257 -0.27300677297590714 0.9071237832427639 -426.33236099787644 0.10240919875753789 0.9619403377432421 0.25334392164063574 -127.3084479842081 -0.9417635649276428 0.011751107679659992 0.336070378407676 331.7079750653056
0.3047819829008723 -0.2703173167491618 0.9132559833718834 -421.0490214544787 0.0991884301554439 0.9626719827962071 0.2518418330272349 -125.35661698615876 -0.9472431568622235 0.013827574073292256 0.32021742609192366 339.0435804032324
0.2875331766892115 -0.26709111622761683 0.9197755204044606 -415.0925366579376 0.0938782191096115 0.9635647067642812 0.250459449522417 -122.47990082989689 -0.9531587235501853 0.01433148668317509 0.30213085941298934 347.2684102149906
0.27073407315818526 -0.2640813757282764 0.9257235487037365 -409.166984813762 0.08667325463820061 0.9644179171700353 0.249771551566291 -118.9452780121909 -0.9587443916715237 0.012613803346795974 0.28398958326588025 355.36455074883514
0.25457198433544803 -0.2615974848627368 0.9309993881335276 -403.3274434941597 0.0825406479922726 0.9650818344920368 0.24860429232517478 -116.67959877228489 -0.9635248550092147 0.013557604765421172 0.2672752235664512 362.6396551426972
0.2354531022338349 -0.261094236231367 0.936157912136207 -396.08475198612035 0.08223049303738282 0.965136564680358 0.24849458249995243 -116.50410487550654 -0.968400734542933 0.018471906337891753 0.2487143060078208 370.5178207815669
0.21470814962321685 -0.25976627813953224 0.941499809467272 -388.14942094045136 0.08539196158186896 0.9652828626160005 0.24685462936120867 -117.45917675196876 -0.9729381395456624 0.027394814863296077 0.2294360493384394 378.44952333713417
0.19039300439962786 -0.25642026034120813 0.9476281728411362 -378.81758635083037 0.08820149811021778 0.9658493910428728 0.24362973864704024 -117.76389980927333 -0.9777376946844161 0.03719682659393052 0.20650761846611018 387.62118682213566
0.16561480145024893 -0.25354553221302284 0.9530406080726097 -369.0468489479047 0.09151485585408438 0.9661672139202467 0.24113470489250272 -118.5236609202066 -0.981935216141371 0.04728189759731759 0.18321477413406373 396.6269048806671
0.13879429933261786 -0.24905983977857526 0.9584911781973989 -358.35397636314497 0.09142704090600723 0.9669479949222163 0.23801821633454134 -117.52427919323411 -0.9860919017332709 0.05459644059254852 0.15697767360578815 406.52440285468657
0.11174914419703186 -0.24792243077443768 0.9623131491828039 -347.0503755575134 0.09190843049360917 0.9668065320244316 0.23840715182035443 -117.86483986583005 -0.9894771190762486 0.061802895998377474 0.13082596405446953 416.0371882087008
0.0835954348357211 -0.24709165015736873 0.9653794692747176 -335.00330464340664 0.09423217550522095 0.966389322837373 0.23919024605003686 -119.17410406611162 -0.9920343241915474 0.07097459495081632 0.10406971940669207 425.34744405192305
0.053655618345181656 -0.24505979015695056 0.9680220936880664 -322.0061491827492 0.09473860000616406 0.966294955913785 0.239371376410064 -119.46139945590356 -0.9940551656165106 0.07886543871562397 0.07506377480065801 435.1044871632098
0.022742615145971274 -0.24075005890027434 0.9703206596769116 -308.46291948281055 0.09414796836053113 0.9667741422350106 0.23766345524574178 -118.66373355517968 -0.9952984143009105 0.08594863026991591 0.04465310117806637 444.93281136441783
-0.009172352087086725 -0.23489003116813467 0.9719786732305514 -294.268523317243 0.09196650560182822 0.9677017370851809 0.23472432743478439 -116.75609188089611 -0.9957198550820302 0.0915424562711515 0.012725914319407148 454.8506938104088
-0.0418654228738987 -0.23055886117229019 0.9721573421532784 -279.2575046276523 0.08947467344340193 0.9682357389941969 0.2334819833446643 -115.22512006854319 -0.9951088227826071 0.09675828269093106 -0.019906419841740564 464.5072635429397
-0.07586765390763167 -0.2300971873464181 0.9702058459243683 -262.9799940213544 0.08567596984337635 0.9679074075295899 0.23625172727568575 -114.3258850272733 -0.9934302830505766 0.1010471910773155 -0.05371906452495051 474.0336267275229
-0.1085623186476407 -0.23182917350061938 0.966679604255654 -246.81742933656173 0.0840029248572499 0.9668094997371783 0.241294218400222 -115.10501987954918 -0.9905340638187439 0.10739937398312208 -0.08548475234074278 482.3586410619078
-0.143629897665415 -0.2278319798319954 0.9630488261051232 -229.56957972220061 0.08526276452686152 0.9666715082277226 0.2414051701309995 -115.72487236002318 -0.9859516790806025 0.11678520516988909 -0.1194173453547161 490.5522563331269
-0.17280548141032415 -0.21825558894545655 0.9604700742285613 -215.34060506148404 0.08898905425604164 0.9676924146600222 0.23590747938984669 -115.74350358517957 -0.9809277311897965 0.12623742909108837 -0.1478001951260926 496.84889493810874
-0.19987780399408564 -0.21275467806365217 0.9564435740975699 -201.64418524188437 0.08952723172305438 0.9680924458716492 0.23405531616746839 -115.42231219876956 -0.9757221624266348 0.13241020809695442 -0.17445285478092012 502.5212441753908
-0.22431619275682602 -0.2124247916062859 0.951082516702998 -188.7413797822736 0.0887456496694059 0.9674452358476656 0.23701039070135624 -115.96882548074568 -0.9704671325355835 0.13756970431995721 -0.19816185586909 507.2628642660121
-0.24153328055951667 -0.21376663942277307 0.9465545405585734 -179.4129690692468 0.08945025023480657 0.9663770879192588 0.24106840663517795 -117.53561708367819 -0.9662610036191506 0.14289558360770685 -0.21429074891447034 510.1560478612204
-0.25416249716938616 -0.214365301600642 0.9431060080936225 -172.5384572253079 0.08933902870235083 0.9657549183042219 0.243589769328942 -118.25872481960342 -0.9630264601677062 0.14616755878399434 -0.22630749385732957 512.2278386760273
-0.2635316959693689 -0.21121835130938083 0.9412427175227733 -167.6623146486831 0.09066376818266536 0.9659918926558715 0.24215644625334204 -118.4280970732918 -0.960380719484949 0.14915251051616524 -0.23541963012522377 513.6683329622088
-0.27451335203906396 -0.20426349927996693 0.9396376122815541 -162.13383048394965 0.0924973265829386 0.9670368097768942 0.2372426039132436 -117.76172464355518 -0.9571241633807425 0.15204022953952 -0.24657068859514492 515.4555103418954
-0.28709123294907885 -0.19452857049583924 0.9379431002063096 -155.85320379111215 0.09413770791057316 0.9686932681753815 0.22972036074550023 -116.20857061098287 -0.9532663404910097 0.15424651520389188 -0.2597908709603442 517.5974566812529
-0.3023287802124206 -0.1904850502188008 0.9339768489092279 -147.64018670295368 0.09149046924597821 0.9695065243361721 0.2273468568217863 -114.26375849727377 -0.9488028260352204 0.15418347807964383 -0.27568215828167664 520.2833749266584
-0.3171943131041817 -0.18678634968004154 0.9297841831885351 -139.5282859127764 0.09036070855238992 0.9699990917465287 0.22569161340381882 -113.23611669931417 -0.9440459258342658 0.15560405388071996 -0.2908000487132174 522.5868124206756
-0.3324662006829004 -0.18487684161608553 0.9248171596794353 -130.99106275710355 0.09022170493973125 0.9698663962761579 0.22631663070147412 -113.36710312716055 -0.9387897897619283 0.15868121126447254 -0.3057678920854745 524.6015056030994
-0.346931252939173 -0.17760073760337294 0.9209216490759643 -123.17054514251457 0.09374532185138865 0.9704235994947039 0.2224631479025732 -113.80285158889255 -0.933193720705961 0.16351151502717015 -0.3200210369467676 526.2322834281404
-0.36158381684196955 -0.17425035419996324 0.9159115445604887 -114.91633475495499 0.09704396163501669 0.9700096927288021 0.22285346199320247 -115.4362074202583 -0.9272753705928861 0.16946389017534588 -0.33382986238271717 527.5674920936667
-0.3746567514077981 -0.16960521150102117 0.9115187276497664 -107.57837285864885 0.09900843491670477 0.9701859078162315 0.22121626090805077 -115.83283203002645 -0.9218620549951603 0.17312820829225964 -0.34669435393962206 528.8480068809522
-0.38642371442998213 -0.16735285610645725 0.9070114301810903 -100.80358166281388 0.09743144096806847 0.9704914443404127 0.22057531768750854 -114.91419014060521 -0.9171607423113035 0.1736069641894326 -0.35871547882396665 530.1986047844998
-0.3969044972562109 -0.16537959055125795 0.9028379760991961 -94.72254964227349 0.0945966817005152 0.9710253999841088 0.21945646583537481 -113.27236797657544 -0.9129722273262456 0.17250873489420726 -0.36975998771656493 531.4854206682528
-0.4041495023268143 -0.16309990160401733 0.9000342226080895 -90.54590427328114 0.09456770278120569 0.9712506661601378 0.2184698905436952 -112.95610647787181 -0.9097912559261458 0.17340866639314334 -0.377106490344674 532.0900504689918
-0.4090398493543606 -0.16422483951010286 0.8976171810566256 -87.54205730092069 0.09503580257458392 0.9706562330356792 0.2208951640439196 -113.89933433585408 -0.9075541845361998 0.17566069383008368 -0.38142983991026047 532.1952515903054
-0.41336357869245427 -0.16376579959016566 0.8957183232998871 -84.9929879811219 0.09583280517547507 0.970406475708067 0.22164689340491292 -114.50387439444432 -0.9055090420657139 0.17745995263282102 -0.3854365576184884 532.2748333848646
-0.41558769709657895 -0.16336807473663553 0.8947612744072059 -83.6783510917377 0.09671595054701529 0.9702226878583021 0.222067469195284 -115.03300260423038 -0.90439642355095 0.17882619528988528 -0.3874123138806953 532.1609846689191
-0.4173309618219214 -0.16287293480689455 0.8940398623172119 -82.65783590027787 0.09569612459176749 0.9704614104305791 0.2214653530537187 -114.38109633766038 -0.9037018977754263 0.1779804988544544 -0.38941728516414453 532.250708559398
-0.4183571639517221 -0.16355430825892447 0.8934356561164418 -81.99890395426434 0.09531967738847613 0.9703162497743614 0.22226231017960937 -114.45215978138633 -0.9032670936510578 0.17814702824848008 -0.3903488104931364 532.1227521548278
-0.4184895011736999 -0.16309172236690225 0.8934582404918457 -81.94078870216606 0.09515489589937956 0.970457175454127 0.2217169736307416 -114.21341987877746 -0.903223163561346 0.1778031515609158 -0.3906071634023625 531.9624147600141
-0.4188195908356461 -0.16095209617799275 0.8936915424620355 -81.86478340420493 0.09742639836829517 0.9705211373916192 0.22044686157226334 -114.86053845826474 -0.9028279167334405 0.1793966125989801 -0.39079228261925447 531.6090228876013
-0.41966163991776245 -0.15982631933218278 0.893498548197064 -81.42383451239377 0.09892324779088728 0.970458574335388 0.22005532610102518 -115.42595484114953 -0.9022739600742319 0.1807365573082904 -0.3914536981870398 531.3242910530531
-0.4195004241603777 -0.15829952694064184 0.8938459900338717 -81.60354410005444 0.10020571757797223 0.9705841236686148 0.21891841641833437 -115.66501044210304 -0.9022074086893473 0.1814048473795466 -0.3912979338729717 531.0103840787755
-0.42081547414106374 -0.15798583320688006 0.8932831651997923 -80.8322781592534 0.09912830226955895 0.9708124592855792 0.21839585294835587 -115.01156444812037 -0.9017138772429902 0.1804539980211378 -0.39287203792787356 531.0257675959933
-0.4212522849162521 -0.15772034181477418 0.8931241829839048 -80.58301604040201 0.09572615699621577 0.971529922465461 0.2167166643823028 -112.94751580924598 -0.9018774946297156 0.17678773580790785 -0.3941612375010267 531.2616891142196
-0.42170096949872676 -0.15869885955743146 0.892739023622808 -80.25606613718617 0.09264986032636034 0.9718696357203547 0.21653040097476228 -111.4908633617959 -0.9019890773758515 0.1740232258635498 -0.39513494043769926 531.3702914088519
-0.4226621990535878 -0.16069475449295983 0.891927049354168 -79.5629915875665 0.09258302144465597 0.9713502380116197 0.21887690434339532 -112.17347482476549 -0.9015459220868138 0.1750882948492469 -0.3956754217479517 531.0733100284974
-0.4233156710206312 -0.16594086527412946 0.8906556415924316 -78.8583138690229 0.0914425905951827 0.970236831377926 0.2242292212512993 -113.28461816668982 -0.9013556985416993 0.17636360245185384 -0.39554239271740516 530.6751800577213
-0.42406024837516587 -0.16307461915708507 0.890830833735993 -78.58855341896533 0.09773420725439111 0.9696691139342026 0.22403087781467718 -116.08490154690746 -0.9003448952931029 0.18206723502275401 -0.3952601566700354 529.8458152147293
-0.4254986146092408 -0.16609672121231037 0.8895857508796647 -77.5523851941536 0.10115005396160723 0.9681232806250384 0.2291418340141691 -119.19970982360985 -0.8992883828612381 0.1874811796270045 -0.3951344223634359 529.032959742224
-0.42364860920358405 -0.17506962784197055 0.8887477039785491 -78.08184874174488 0.10154156089201306 0.9657829949800782 0.23864726694207872 -122.27944568213532 -0.9001173075391243 0.1913474118314228 -0.3913757793399246 528.0385100434403
-0.424450251129685 -0.1692544985425488 0.8894913709750407 -77.9657533511088 0.10432628985551742 0.966689141065895 0.23372661335471412 -122.03628565234396 -0.899420930132788 0.19200265432642283 -0.39265375481545856 527.859199067461
-0.42621226760288344 -0.17446626497906567 0.8876399187334144 -76.59112237153843 0.09859135089764634 0.9664226365203371 0.23729103048631617 -120.52400948589525 -0.8992345903450253 0.1886499668840021 -0.3947003186237372 528.1487094323729
-0.4267548890128379 -0.17638386867724093 0.886999997505124 -76.13879002759329 0.09478364056293165 0.9666712379221813 0.23782930697379168 -118.95492164724338 -0.8993866388741146 0.1855679084444476 -0.3958133716415803 528.3272549791845
-0.42870732164846226 -0.1803173520591902 0.8852658837385318 -74.71344736414474 0.0925633423068364 0.9659564228745706 0.24157859335700854 -119.08761749712471 -0.8986890786172875 0.1855096807547399 -0.3974218140971695 528.2564033585863
-0.4308791478293668 -0.19447883845407296 0.8812043698027112 -72.45271944230879 0.08388843816396621 0.9636408343548482 0.2536908991396868 -118.85612078578156 -0.8985020255448783 0.18323297671938565 -0.3988982155065425 528.3448203667956
-0.42998722793186805 -0.20015690673147085 0.880368216431714 -72.55964806843012 0.08212164041951157 0.9624020970258885 0.2589174382211089 -119.64255721627798 -0.8990923311819962 0.18362847363048732 -0.39738339633389475 527.9251439382074
-0.4278282910305907 -0.1905373516466276 0.8835487937976791 -74.51033578803258 0.09807424272781706 0.9619708772665583 0.2549381772202313 -125.54886045747061 -0.898523453398524 0.19572314354336903 -0.39287154996804285 526.066223267706
-0.42401445341681987 -0.18924268578810116 0.8856629997743732 -76.832603246069 0.10479522577741257 0.9611038409576922 0.2555334959464839 -128.7233005114643 -0.8995719559589974 0.20116314963749343 -0.38769018981659414 524.7628428172856
-0.4194371883308789 -0.1906934645799596 0.887529406617932 -79.4179352047075 0.10521159960962542 0.960887044502586 0.2561769057012535 -129.09726129746377 -0.9016667701277843 0.2008285096134928 -0.3829685958061738 524.1041095187464
-0.4235161125923202 -0.18690899170904135 0.8863967120838157 -77.2417933779377 0.11349080350396289 0.959826553639523 0.2566180516809001 -132.9080454477564 -0.8987513226108288 0.20927975474657304 -0.3852895591091201 523.266518099541
-0.4129851984517737 -0.19015195075270794 0.8906657406034482 -83.19562869808863 0.11627325430393468 0.9589493646070284 0.2586438602660994 -134.75551592356356 -0.9032849806087344 0.21037669011731497 -0.373922307521177 521.6561972028632
-0.4097961809385174 -0.1954975960244576 0.8909813578503558 -84.61157057419159 0.11906464640534525 0.9569430338890059 0.26473314841113993 -137.67743376044578 -0.9043730978222295 0.21457101351292188 -0.3688747485196858 520.5075516293851
-0.40523091707913 -0.19401184883761233 0.8933909034425069 -87.41408611836484 0.11744810569841793 0.9580769196792378 0.2613322759358215 -136.07638659320605 -0.9066387628548982 0.21082698709736983 -0.3654560646649402 520.2505288779489
-0.3985481999288494 -0.1950325755088506 0.8961705344541621 -91.21319000546328 0.12047849829659382 0.9575276099407244 0.2619652794730665 -137.608331038757 -0.9091997931047232 0.21237507078654197 -0.3581236735078257 518.9572569959607
-0.40346047489446063 -0.19509035966097496 0.8939571560009392 -88.33492099427676 0.12428249317919324 0.9562665524778347 0.264779422352493 -140.14270732118183 -0.9065172403694812 0.2179312556277955 -0.36156944109450445 518.6329405606083
-0.39722739918807165 -0.19302122893590642 0.8971918404189556 -92.09405373979496 0.13026155367242812 0.9558740299124289 0.26331875469441585 -142.36207702412506 -0.9084284897388046 0.22146702715990302 -0.35455610968058254 517.2224784833655
-0.3924365824370464 -0.19603447330094886 0.8986456554408699 -94.64067230424796 0.12727323190330825 0.9560508127806349 0.26413702470947537 -141.26294429996122 -0.9109308718042319 0.21803056817590247 -0.3502393726223183 516.8756693887177
-0.388474618400659 -0.19555535729506934 0.9004696402942521 -96.94781158796461 0.1275046272513276 0.956412632535082 0.2627117172050244 -140.92570147582228 -0.9125952229153745 0.21687087992745932 -0.346607819518728 516.3792966670344
-0.38214769502861057 -0.19319204847364504 0.9036813440537971 -100.7421896446343 0.13590915307532 0.9555192753500483 0.2617472378934843 -144.37959753915885 -0.9140524280886023 0.2228446697614188 -0.3388929209414899 514.4872127867997
-0.3753635357938709 -0.18558086663908085 0.908109001130267 -105.12259287665422 0.14244954381660696 0.956560202149086 0.2543633368450359 -145.07358964735928 -0.9158658981874825 0.22483843444124124 -0.332621909884553 513.2038558667911
-0.3651766691073463 -0.18355380386402012 0.9126631368838738 -111.03485268078876 0.14781829702684138 0.9564987138041181 0.25151533065630816 -146.60743837059445 -0.9191277122379393 0.22675584133185267 -0.3221584036124705 511.3096187345262
-0.35736537598093815 -0.1814216753248609 0.9161747452163935 -115.57430851113251 0.1531216975476741 0.9562980444006135 0.24909395017880487 -148.23110124387705 -0.9213271589343937 0.22930378539806767 -0.31396821528937546 509.6312727012661
-0.352023137004463 -0.1810472852979892 0.9183145384342805 -118.58477753910192 0.15451096560588506 0.9564137927441614 0.2477882534670783 -148.44521175421596 -0.9231500812549788 0.22911686436174125 -0.3087059927244196 508.68849402538007
-0.34560000825451503 -0.18075599404733497 0.9208082889018967 -122.18029369158492 0.15510285638579455 0.9567720127145998 0.24602930643933707 -148.17513246504458 -0.9254748717471732 0.2278477261286876 -0.30262464450625937 507.71323256267203
-0.33426352502498285 -0.174902240823954 0.9261085800232238 -128.84287388870482 0.16314730736216748 0.9570575860597096 0.23963249584736018 -149.83359994766286 -0.9282515025241527 0.2311925239282625 -0.29137461272618215 505.358302278539
-0.3279576186789587 -0.16632932263954442 0.929934598120049 -132.83541297025974 0.16350563690961623 0.9595280312515049 0.2292855510959891 -146.86494691968295 -0.9304352245316206 0.22724549208483988 -0.2874887463500293 504.97866053603195
-0.31825738310732926 -0.16021026702238833 0.9343687218856856 -138.50692461091683 0.16271231119973273 0.9617588404388548 0.22032847437803096 -143.79426308135055 -0.9339362622158517 0.22215445793034258 -0.28001866891327026 504.1177471069448
-0.3057123489307646 -0.15403594032774023 0.9395812305482604 -145.69859726033096 0.1642653195755154 0.9634964198671312 0.21140376933246527 -141.78121188579848 -0.9378469302055578 0.21896935399861148 -0.2692499907399117 502.4244774533901
-0.29342768116444545 -0.16297504234303523 0.94198690622521 -151.83557819932275 0.15710557803534936 0.9637432869695922 0.215677338103068 -139.87495245992778 -0.9429835805975815 0.21127709860354538 -0.25718466970065007 500.92316114170336
-0.2803217023612181 -0.17035484912495025 0.9446687083654906 -158.43999412089894 0.14852010734585508 0.9645777987918913 0.21801708142199527 -136.7761634295185 -0.9483467303150701 0.2014172173807509 -0.24509097013825498 499.51814711463925
-0.2665254381514543 -0.1744128890597644 0.9479157847340669 -165.54156052050277 0.14700025649128837 0.9646287887203191 0.21882007349296356 -136.34359502938867 -0.9525518964390711 0.19766497945209427 -0.23145937114001758 497.1024332036609
-0.2501877759259844 -0.17539856862328068 0.9521771993185479 -174.0938825311174 0.1450413299718269 0.965566057441167 0.2159750016032519 -134.60625288884106 -0.9572716904710037 0.19213935266473997 -0.2161327827525515 494.4065511225134
-0.2286202844658473 -0.17784288391238587 0.9571335717508193 -185.24387034809143 0.1304063943160856 0.968716888225622 0.21114393855364516 -126.6511515439689 -0.9647419021957285 0.17308812526627448 -0.19827648130722367 492.2394374204068
-0.20432209589427824 -0.18189897897275864 0.9618551047730822 -197.3904277095434 0.1227599635922925 0.9700657640220854 0.20952900708748096 -122.74258846502357 -0.9711758195446322 0.16088870352176543 -0.1758759580241059 488.24905816711396
-0.1722856525423901 -0.19026673468641675 0.9664968823539015 -213.01301773102074 0.11417838689573545 0.970697440835272 0.2114468593328854 -119.50305476250072 -0.9784073537611675 0.14678231510513098 -0.145512893169119 482.18111189982505
-0.1479983838530982 -0.19164651265411478 0.9702412548249982 -224.95733602615772 0.1064964825676715 0.9722522388678425 0.20828846155555744 -115.1345696124717 -0.9832369895287628 0.13415363656637683 -0.12348208055597312 477.55499477206513
-0.12488296869910084 -0.1940970780162553 0.9730008059783152 -236.07186702359311 0.10553885173043347 0.9725154074483376 0.20754597816150389 -114.48214193776332 -0.9865423431887356 0.12860834569010504 -0.1009658284496961 472.08438995776834
-0.11222230780711995 -0.19317497011944906 0.9747253893019276 -242.35854797586026 0.0926255156638941 0.974617282772447 0.203817727318432 -107.63808179614728 -0.989356693755312 0.11315733754645768 -0.09148086948075705 470.32577475028046
-0.08313710213972396 -0.19530858176219185 0.9772117376177235 -255.93245962541 0.09826079285243905 0.9742213188064599 0.2030705261011861 -109.89268833721454 -0.9916819242256155 0.11290429519306895 -0.061802761193470834 462.2896588957426
-0.056044858790003246 -0.1811298859211075 0.9818609566682114 -269.4692680960671 0.10400725281609444 0.9769971593702201 0.18616939045979103 -107.36573885343653 -0.9929962060173533 0.11255449794978296 -0.035916845997591304 454.88156513032055
-0.032800459845446994 -0.18347545535683368 0.9824769142913892 -279.9894061943684 0.09917563787447072 0.9775568535480506 0.18586767049012864 -105.13245251883711 -0.9945291964975784 0.10353431973426842 -0.013868019002121396 448.7856799149095
-0.03394904473014331 -0.17489296530789733 0.9840019883352478 -280.01346591718664 0.10630560401546581 0.9783521017416364 0.17755642363099475 -105.80333909301015 -0.993753782844029 0.11063279669037077 -0.014622016948744609 448.42759568577696
-0.10786195624443934 -0.19384907380851885 0.9750837579299031 -244.32722908372443 0.11617311327011563 0.9716287487298406 0.20601306365085828 -118.7926202789814 -0.9873548532053972 0.13549948791513242 -0.08228172717247337 466.4032651151151
-0.031504754699690746 -0.16854727573122164 0.9851899645626196 -281.451201279598 0.12175625371746424 0.9776913440921244 0.17115796904621045 -110.73130618642413 -0.9920599100417276 0.12534532911488405 -0.010280241100315293 446.0004418301543
-0.030996929524857803 -0.1802655892180452 0.9831294460567753 -281.00750542483337 0.11520662945975196 0.9764021436427651 0.1826644092819848 -111.27853828509681 -0.9928578059765428 0.11892506562404759 -0.009497677493027691 446.00610987088925
-0.030357899016943243 -0.17468206486642507 0.9841567833334682 -281.5829925748959 0.10598026916447328 0.9784978405717144 0.17694676754413277 -105.43085944732509 -0.9939047140018519 0.10967293289820249 -0.011192286379623426 446.8954087803957
-0.026271764023400975 -0.17378616082481738 0.9844329152973653 -283.50642056836045 0.10943871788408358 0.9783537241323763 0.1756335887699113 -106.54210694515614 -0.9936462959438771 0.11234928029178048 -0.006684143545156156 445.23421136708055
-0.022501118245753488 -0.1662597315632016 0.9858252387407327 -285.4655931069395 0.10888804295002368 0.9798011747801977 0.16772910302585495 -103.91386504949794 -0.9937993226905542 0.11111867331765715 -0.003942925299744115 444.4345712828414
-0.02264857744098905 -0.16613655621332946 0.9858426277197974 -285.5577599446184 0.10660697617243485 0.9800718150767304 0.16761321524144093 -102.88862476483175 -0.9940432558854115 0.10889390240862397 -0.004485916511891223 444.4393667837163
-0.020471855159681612 -0.1611039636908237 0.9867250964830208 -286.8242593891288 0.11258752989899413 0.9802827085523343 0.16238799039504648 -103.97698722744255 -0.9934308990853686 0.11441732472140909 -0.00192990829613671 443.19303309178605
-0.01853773752570614 -0.16711724634261133 0.9857627393355316 -287.35488902952204 0.1125397019349635 0.9793178340784863 0.16814099840375676 -105.69379653640665 -0.9934742914518814 0.11405439855913287 0.0006529881291993285 442.2738919639761
-0.013203755638660001 -0.17095071011647317 0.9851911061046521 -289.64774955330984 0.11027627127821597 0.9790177558652219 0.17135745590314222 -105.65038559455493 -0.993813264567347 0.11090576365228981 0.0059250956696541655 440.62280531540614
-0.013910111875637409 -0.17359241958195198 0.9847193410567757 -289.074920365645 0.10622675122403646 0.9789848380999113 0.17408206138162707 -104.68479590203987 -0.9942446309193697 0.10702503741729523 0.004822370146788024 441.0584689090854
-0.013008917210551236 -0.17440696440758538 0.9845877202358052 -290.0350292122644 0.10205453909342896 0.979297425531707 0.17481825819232513 -103.20196857012989 -0.9946937413714015 0.10275584223343179 0.0050594232340522485 440.60669451481175
-0.010035307249786211 -0.17290999059872367 0.9848865050144364 -290.80660420632586 0.09849386742594127 0.9799755973415697 0.1730513989961211 -100.94897432940655 -0.9950870568386885 0.09874190481342195 0.007196217474036011 440.4705569162181
-0.012992091135919282 -0.16640857170295315 0.9859712941215375 -289.83568809651246 0.09614918731521026 0.9812773802224989 0.16688330306622798 -98.05970596012719 -0.9952821405744909 0.09696850172841168 0.003251203778057028 441.6554625800575
-0.010471598487826915 -0.16581469573534335 0.9861013296326627 -291.17255180390686 0.0956161778925334 0.9814705710190501 0.16605139189047194 -97.58637953264893 -0.9953631960999628 0.09602606365844221 0.005577001697297182 440.7168634365444
-0.011164289710828222 -0.1607366343942836 0.9869341887881133 -290.9763829774286 0.08949405056413956 0.9828741266532263 0.16108775890576263 -93.34992621849462 -0.9959247830779572 0.09012316860417344 0.003411880986757744 441.59903088350444
-0.009088498692286725 -0.16864234998853558 0.9856354077354693 -291.44340064263844 0.09096260597947078 0.9814500398797142 0.1687649949886864 -96.34426046515577 -0.99581283557953 0.09118978566951497 0.0064202402294676365 440.5037905516597
-0.009831770601806957 -0.16403268018536296 0.9864059083957476 -291.3606718025733 0.09313686161501608 0.982015149627462 0.16423084640425728 -95.92738710810595 -0.9956047716314637 0.0934854305940762 0.005622541356127999 440.4790925746142
-0.02260368526256369 -0.1535227237640534 0.9878865555824804 -286.33413186809423 0.09897897931061639 0.9829406516595268 0.15501882779124954 -95.75757220418528 -0.9948327673871521 0.10128399973939939 -0.007022558622739483 444.08775566023235
-0.022880141113685006 -0.15756270734327454 0.9872438869890637 -285.8738047141911 0.0971210044944668 0.9824813012808754 0.159053459941691 -96.14359939102806 -0.9950095525313328 0.09952128359348549 -0.0071766624068167785 444.2260916156561
-0.025022544644460427 -0.15814244605543964 0.9870992042419637 -284.8640156432986 0.09815819489064764 0.9822483431520929 0.15985356158302294 -96.82505906870486 -0.9948561911328317 0.10089181894767306 -0.009055375978076964 444.65892969390984
-0.025434465532452957 -0.16125079403957054 0.9865856624666134 -284.4341895404995 0.09629809656712718 0.9819201504051881 0.16297084041570448 -96.9405652516865 -0.9950275194991476 0.0991513976193012 -0.009446469685153277 444.8233296507042
-0.02838575907883218 -0.1612501344277912 0.9865052675118049 -283.18737843649586 0.09691309905795967 0.9818097395374513 0.16327120560706337 -97.31047802215564 -0.9948879836004154 0.10023985981844313 -0.012242164476851232 445.4589414413143
-0.029956833514229862 -0.1620206780542109 0.9863325443321104 -282.43513724819945 0.09531785456763668 0.9818154189497514 0.16417365718393084 -96.87341337384888 -0.9949960274927853 0.09893322493165642 -0.013968617619460392 445.9556505190818
-0.031925301411190675 -0.16262325343856845 0.9861716141579313 -281.50939505806934 0.09540057175234165 0.9816738980312288 0.16496996342819037 -97.14790530360277 -0.9949268847704995 0.09934805164283439 -0.015825883723880062 446.4020390424581
-0.031842847877865156 -0.17319471805369252 0.9843727051667619 -280.94934393575807 0.09551925964317519 0.9798369926586266 0.17548657742094576 -100.35419652578894 -0.9949181393844653 0.09961454439990103 -0.014657369059736355 445.97611755847277
-0.03486609200719101 -0.16889110210494507 0.985017843116521 -279.82695897861373 0.09408061913303628 0.9806854739441461 0.17147839017931613 -98.51437303978318 -0.9949538646247326 0.09864986986672733 -0.018303290512558253 447.0144243292921
-0.03490246893378718 -0.17363015120640302 0.9841922516736086 -279.54000926885647 0.09420721331947562 0.9798355510821106 0.17620242278185372 -99.98872860479813 -0.9949406105999015 0.0988679089879923 -0.017841467188469195 446.7929851390773
-0.035533458818124884 -0.17405390325006737 0.9840948186368207 -279.2310878857893 0.09377358583172185 0.9797913779327871 0.17667872064521964 -99.9383566507863 -0.9949592393182153 0.09856010598607859 -0.01849371794236211 446.92974382467577
-0.033846623551046943 -0.17657413855368903 0.983705230070582 -279.8522336498681 0.09114718517321095 0.9796220213635114 0.17897733346619316 -99.46320578575548 -0.9952620743850307 0.09571974119109983 -0.01706266207585313 446.55810917378636
-0.03533837083330614 -0.17610832790589184 0.9837362737995579 -279.20157329481805 0.09204531838803334 0.9795935607190676 0.17867320773015777 -99.76678362739074 -0.9951275591147566 0.0968623386044825 -0.01840729340172722 446.8377442143415
-0.034107868912189816 -0.17930035131988556 0.9832029481723671 -279.571011342006 0.09151933907747448 0.9790815777738867 0.1817236215757841 -100.44673575432428 -0.9952190029601983 0.09618028945871465 -0.0169849364598968 446.3803484265373
-0.031901306367650324 -0.18001633596898603 0.9831461872154815 -280.52992087427674 0.09061454350177428 0.9790751178496521 0.18221119096711638 -100.19114819748631 -0.9953749600818792 0.09490011797669715 -0.014921677184773403 445.76258510272584
-0.028854706311675596 -0.18116479589444826 0.9830293600153506 -281.84070335046886 0.09098602074094811 0.978880282538704 0.18307085100221415 -100.61299434690075 -0.9954340510317068 0.09472438537921501 -0.011761839190162434 444.7691955190686
-0.025990723412080245 -0.18061273166607789 0.9832108235046206 -283.16923118348626 0.09188960376930787 0.9789474427699244 0.18225862123187775 -100.76848119036082 -0.9954299488239424 0.09508388640743927 -0.008847119871508147 443.81939953402554
-0.02268290747608975 -0.18177989791360852 0.9830775932869943 -284.58978087019267 0.09220127364012046 0.9787594605233426 0.1831088298668171 -101.15994921767013 -0.9954819992584348 0.0947944468340493 -0.005440772174592712 442.7502953397635
-0.01975540186603777 -0.18144949044024133 0.9832018137270131 -285.92153965814543 0.09116214233615999 0.9789704299163254 0.18250030453159966 -100.51638010179744 -0.9956400895412927 0.09323615054484863 -0.002798629983627801 441.96828698984336
-0.01713467474930961 -0.18090935203096345 0.9833505017383031 -287.1376403688033 0.0908079213804138 0.9791487388333694 0.18171865247021496 -100.12345678858179 -0.995721007278547 0.09240970505720225 -0.00034939295489715486 441.1986989942808
-0.015795855144796977 -0.181836804313739 0.9832018447690238 -287.68263208190103 0.09010851856569135 0.9790644353808534 0.18251927639092572 -100.05134881247982 -0.9958066809587798 0.09147790973419576 0.0009198850587321325 440.79131467083397
-0.013404779141849281 -0.1820584472727155 0.9831963352620909 -288.7390809180682 0.08812742438664303 0.9792431283011611 0.18252795058821078 -99.17783358885839 -0.9960190103442477 0.08909330755788383 0.002917804184925236 440.22900602071536
-0.01282326846837014 -0.18065852762635365 0.983462282033056 -289.0862876095961 0.0876917031440797 0.9795504028690823 0.18108333285730344 -98.55124009527833 -0.9960651228637004 0.08856356268181836 0.00328121618076635 440.0733668665736
-0.011440019634325897 -0.17983093468998212 0.9836310084982548 -289.75435566893066 0.0880731067076325 0.9796910385758827 0.18013494055561396 -98.43342590385893 -0.9960483190215385 0.08869218602918733 0.004630584383402863 439.5927317960471
-0.010625427971971895 -0.18035904593988075 0.9835434483682295 -290.0866685859099 0.08812391213912693 0.9796029700027531 0.18058847491210664 -98.59121481183672 -0.9960528481911528 0.08859252626176264 0.0054852439190088125 439.27083226620147
-0.010240845604698151 -0.17810542947142044 0.9839581195732375 -290.39477747229955 0.08739647568783582 0.98008469314906 0.17831390941891936 -97.58598591490278 -0.9961209671112471 0.08782055709066042 0.005528890814603069 439.2251949603194
-0.008834916119847613 -0.17701220586247507 0.9841690013574173 -291.0863610433687 0.08641543439057699 0.980390237665889 0.1771083131547186 -96.7891070784732 -0.9962200143322976 0.08661212885689124 0.006634921147544428 438.8775698948504
-0.008408838119750269 -0.17680658838513624 0.9842096939906072 -291.28901882965 0.08529277824036208 0.9805307663164066 0.17687441388454297 -96.22157803134519 -0.996320447156193 0.0854332874854363 0.006835200649179057 438.80167688731746
-0.008550584791675423 -0.17630024105227715 0.9842993002662499 -291.2560779950607 0.08656776022973278 0.9805092769219649 0.17637341284551022 -96.63430177892815 -0.9962092703787331 0.08671668164127518 0.006877989284511998 438.6663773355238
-0.01012566081540157 -0.17379138169973693 0.9847304334892609 -290.7016220228779 0.08712621241721405 0.9808823531664528 0.17400813876503715 -96.17086279897045 -0.9961458196985428 0.08755778031413472 0.005209702830275966 439.070643636474
-0.01322660680540838 -0.1721098769053097 0.9849889578792516 -289.4160010635942 0.08829867360733175 0.9810257520285497 0.17260306514081486 -96.26636011412114 -0.9960062254381751 0.08925617137463175 0.0022214319573983007 439.83304637510776
-0.01788356617345003 -0.1701708501883919 0.9852522823150828 -287.4435595253949 0.0869840624608512 0.9814088797995056 0.1710858951769138 -95.22959071658593 -0.9960491709442493 0.08876087199233162 -0.002748938783302693 441.2848141879846
-0.024995593953979767 -0.1685727902037635 0.9853722315378112 -284.33980064970865 0.08687536717778452 0.981584905524234 0.17012860965959115 -94.89351964289759 -0.9959055632240504 0.08985704006864652 -0.009890474684703752 443.2987838721236
-0.03337040451928737 -0.1670433087532376 0.9853846706251269 -280.64449392752425 0.08679059271559261 0.9817249466714877 0.16936210349113331 -94.62469032977673 -0.995667519364921 0.09117380152015028 -0.01826277082123612 445.63949683048077
-0.04214611262741986 -0.1660075697475345 0.9852234223651579 -276.71625994288036 0.08701791429615452 0.9817425086112539 0.16914351710080133 -94.65892196949446 -0.9953148184277898 0.0928608290518636 -0.026930997862251775 448.01797204601013
-0.05250829766542723 -0.16479973988316785 0.9849283854223713 -272.04866691701505 0.0878732663006869 0.9817006148219359 0.16894434565229188 -94.97550907061553 -0.9947467857429485 0.09541985428972699 -0.037065936672365615 450.73713440934745
-0.0632880576279255 -0.16518039382285366 0.9842306941252195 -267.06663458801864 0.08876035708637943 0.981367878864932 0.17040740988009434 -95.80476637993141 -0.9940403516817529 0.09814542184264652 -0.047447396132413555 453.4673698689049
-0.07418620196059078 -0.16324754666240587 0.9837919729024871 -262.1250292139952 0.08958131306826893 0.9814312491378381 0.1696110007184306 -95.9285214890433 -0.9932127646117055 0.10071217267266303 -0.058184727273782724 456.2552615995688
-0.08570305048639157 -0.16317754676303659 0.9828672725092255 -256.75410715428274 0.0898731417543644 0.981208972125388 0.17073889835605582 -96.39279362601309 -0.9922589407652253 0.10296621413374707 -0.06942732328439868 459.14441021515603
-0.09742085254817351 -0.15944056654283795 0.9823888655869863 -251.4488128228666 0.08769297012583976 0.9818697817411048 0.16805259502365252 -94.62371457526828 -0.9913723419983511 0.1025204245220144 -0.08167277438981942 462.37351168357736
-0.10872994532563056 -0.15814004519456434 0.9814120057831711 -246.15908823629005 0.08503696165690819 0.9821665782956478 0.16768281853303127 -93.33838207546651 -0.9904274401194907 0.101688438796557 -0.09334316939911548 465.4165560725481
-0.1218211202631385 -0.15546215691782664 0.9803015517810276 -240.05121811182667 0.08498405543730764 0.9823968719624708 0.16635533138370098 -92.91633972878776 -0.9889071366813278 0.10357559425274562 -0.10646488292356326 468.61947712612834
-0.13725063901501838 -0.15233529170206025 0.9787523798142294 -232.78082863122557 0.0878375748665308 0.982338987269133 0.16521100003516934 -93.83221035745355 -0.9866340874567104 0.10864655076486476 -0.12144589114236 472.0333466315501
-0.15418498912347875 -0.14959157590054095 0.976652112857278 -224.6780770796094 0.0881960616939789 0.9824425733100088 0.1644020828629596 -93.74727561485257 -0.9840977816409631 0.11148520335721801 -0.13828450962322258 475.90165513987466
-0.17231052170881478 -0.14606325017211572 0.9741532790365149 -215.93391422591995 0.0870055100107311 0.9828232384347466 0.16275295149523486 -92.7261836347814 -0.9811927055049935 0.11280074885299139 -0.1566424773871881 480.0727189369705
-0.19167494655906672 -0.1438546033400973 0.9708586755854025 -206.3977117479764 0.08536821214169094 0.9830072048271544 0.16250878011244704 -91.92894426367072 -0.9777387090717591 0.11402933112040815 -0.1761372431569262 484.3438823500178
-0.2115852420566651 -0.14185497889940057 0.9670102638055467 -196.45379354985403 0.08590290041153255 0.9828827295516838 0.16297923686751575 -92.30438076591919 -0.9735771038005714 0.11755298767144158 -0.19577772612023348 488.3314364243745
-0.23077313868332106 -0.14217724049481043 0.9625639670938912 -186.63577304314808 0.08585046250917318 0.9824332075973532 0.16569457051133968 -93.09433347804871 -0.9692128025099596 0.12087441786936183 -0.21451321300920648 491.9608945240609
-0.2512439463863356 -0.13946780318556123 0.9578231628431281 -176.18309040387035 0.08671445181229262 0.9823422638826349 0.1657838364763966 -93.5012178009032 -0.9640316816635818 0.12470929582245495 -0.2347136729812597 495.66639495908174
-0.2719294430606082 -0.13627013014328906 0.9526199817490071 -165.49947832376503 0.08690429760906801 0.9824007262008077 0.16533740114444867 -93.45023079253035 -0.9583851110351318 0.12774687781255895 -0.25530122239292385 499.2859210949521
-0.2927956310030612 -0.13402713278000722 0.9467351510027975 -154.52666883700772 0.0862916343959792 0.9823833366721249 0.16576107402588025 -93.3065913479657 -0.9522733180651393 0.13022944178530832 -0.27607212860681374 502.7580256508174
-0.31465112686364743 -0.130878258467991 0.9401412392953639 -142.91165481188827 0.08577327782706862 0.982476315393201 0.16547880378525787 -92.9914623892886 -0.9453240783848877 0.13270708779784568 -0.29791142253021713 506.18301157360486
-0.33654897986400345 -0.12860114211760756 0.9328432507117931 -131.06143845475773 0.08353617100066854 0.9826477726425541 0.16560514199496962 -92.04198025259225 -0.937953352937685 0.13366039490692033 -0.31996625844966914 509.4910167197193
-0.35843618407654765 -0.12608959629668368 0.9249999544056109 -119.0548710673993 0.08172048526859488 0.9827954967977802 0.16563445825512604 -91.24964923107643 -0.9299705717021955 0.13496082831600828 -0.34196536460312515 512.5123337384064
-0.3805677292319277 -0.12287217270214129 0.9165536714468548 -106.76597620503554 0.08190824633979643 0.9827591682788331 0.1657572210959 -91.3681130926494 -0.9211184737311445 0.13815515314077506 -0.3639421808637405 515.1314409149714
-0.40224438902300574 -0.12055461918666618 0.9075604857486176 -94.5149540651018 0.08238248228697537 0.9825051960562763 0.16702295152060512 -91.95997861871349 -0.9118182812993744 0.14195113072876916 -0.3852756135198267 517.352810215444
-0.42373788217845737 -0.11717615394534668 0.8981736781678097 -82.2218461648182 0.0841266085347905 0.9822198566609979 0.16782987492482523 -92.96464196302969 -0.901869680687487 0.14667618118639705 -0.4063461294625868 519.2080612935488
-0.44597178269146226 -0.11271403781562356 0.8879215701413595 -69.35682474790296 0.08568453180952068 0.982106285109517 0.1677063080416709 -93.61369801051623 -0.8909362098666674 0.15087342518708438 -0.4283338412041884 520.9050113818457
-0.46645161867889706 -0.10731820268404589 0.8780123523074733 -57.37315256845215 0.08732641323757935 0.9821765826716682 0.16644295720294836 -93.95792529463334 -0.8802255307493053 0.15431125631031914 -0.44876614310020607 522.2392823350725
-0.48747411150122616 -0.10396427091186597 0.8669258451504687 -44.78670310816248 0.08574176918719298 0.9823871681919506 0.16602349468810398 -93.13304001165837 -0.8689173376292709 0.15526391127871572 -0.4699742314443366 523.5551139560588
-0.5076783397916802 -0.09954224795400562 0.8557768658818878 -32.54992771704391 0.08720594600768203 0.9822641450197891 0.165988771877642 -93.76598422729968 -0.8571218269810124 0.1588977352916205 -0.4899935544799804 524.2835322711747
-0.5281592897056312 -0.09762786923197402 0.843514412352787 -19.84582942484384 0.08659235499353905 0.9819978489647756 0.16787491976238367 -94.06038955418377 -0.8447186092151137 0.1617065978177094 -0.5101974592918956 524.8030783718898
-0.5455976418877009 -0.096747487668189 0.8324440742755477 -8.834525519202717 0.08764804778615462 0.9812790533763942 0.1714912217112105 -95.60612343827489 -0.8334512780516063 0.16652730417148182 -0.5269038091336242 524.762249709208
-0.563298400711033 -0.09414365456639884 0.8208726357123102 2.429634334009978 0.08235538890191307 0.9821429651016429 0.1691531436898747 -92.57315441370261 -0.8221389795376493 0.16288698046877567 -0.5454863242268843 525.3118366958128
-0.5802273125822209 -0.09276778988518078 0.809154128021005 13.40594132949255 0.08100383136932132 0.9819930191617463 0.1706695333710403 -92.4325176262808 -0.8104163405541033 0.1645717092255441 -0.5622646240743576 525.1081421898966
-0.5960137243236573 -0.09057363597917449 0.7978496455368989 23.746962767448977 0.07858793113785435 0.9822679505432489 0.1702163635348722 -91.23235344107978 -0.7991192511116942 0.16415264177306407 -0.5783271848198118 524.8880818251906
-0.6100826699307474 -0.08994508195869054 0.7872159920133832 33.1373830259063 0.07835544669104945 0.9818169790197856 0.17290414593730247 -91.93262748878668 -0.7884539046919716 0.16716848369207132 -0.5919418368691951 524.1912559907518
-0.622033661389355 -0.08953033339201488 0.777855027303461 41.212268340113816 0.07590566646446914 0.9818668313368218 0.17371198956656614 -91.09456470836875 -0.7793025432379508 0.1670983091575276 -0.6039583604683003 523.7010976116225
-0.6320021028872996 -0.09065033896017936 0.7696465799264203 48.07460795506229 0.07437945874413966 0.9814548864944391 0.17667484793573746 -91.30785855208337 -0.7713890315936309 0.16890477146188532 -0.6135390290066707 523.0115791649467
-0.6398647970359107 -0.09187120577138211 0.7629762270636647 53.5474965395797 0.07262684229958818 0.9811555668043793 0.17905053897257014 -91.24623759165831 -0.7650479614323428 0.1699806909001416 -0.6211345920405069 522.4243951017972
-0.6444742749464394 -0.09368808579295035 0.758864580483708 56.824386678485276 0.07041957704013807 0.9809746181322949 0.18091401755996245 -90.83076832821398 -0.7613763800524347 0.1700333530830087 -0.6256154303864313 522.0849549065374
-0.6489784885933287 -0.0937000467729091 0.7550147167955559 59.96366849288067 0.06970972128029332 0.9808890526343156 0.18165137263775266 -90.73800120886952 -0.757606412395079 0.17051969873569006 -0.63004409071187 521.6810653341913
-0.6515363545760458 -0.09294411139206504 0.7529022319154703 61.720314077766005 0.06866657625350703 0.9811669256576245 0.18054463520466982 -89.9473370702692 -0.7555033288949682 0.1693306119787719 -0.632883768061337 521.5456264030222
-0.6536069058412507 -0.09290823886335176 0.7511098932832243 63.17032670035197 0.06682223284082664 0.9814765074890264 0.17955125854560103 -88.83777537650595 -0.7538785060172446 0.1675467827159128 -0.6352914872456217 521.4940054935001
-0.6554049681751176 -0.09345701796213843 0.7494732239946919 64.4561923842265 0.06504486433778339 0.9816438528297404 0.17928890602840705 -87.97635202246062 -0.7524715897059852 0.1662562239292357 -0.6372953590684145 521.413229097813
-0.6564577884757612 -0.09246966317703269 0.7486738497780185 65.15434561231547 0.06559654563378804 0.9817021174044464 0.17876813442149478 -88.0629915459508 -0.751505332749161 0.16646415252405963 -0.6383803104529615 521.2422857709975
-0.6570941287461527 -0.09437007573516526 0.747878061433195 65.68564673789251 0.06453645959039192 0.981447139693074 0.1805451671239696 -88.12620250206602 -0.7510408453279172 0.16690057158087737 -0.6388128425877991 521.0943944267972
-0.6575334296562879 -0.09517608783090559 0.7473896582035662 66.03001125633138 0.06509945822588212 0.981102062151378 0.18221087832786237 -88.86926141148567 -0.750607653453611 0.1684644055802833 -0.6389114920154009 520.8545819755016
-0.65702069448596 -0.0962416120801353 0.7477040585160709 65.71771031101267 0.06484749408599193 0.9809263672551881 0.18324372986355522 -89.06520028608307 -0.7510782978677751 0.16888165716784373 -0.6382478956834005 520.7884704447722
-0.6563147630172143 -0.09809652165338115 0.7480828859726479 65.30354993334691 0.06337658663673706 0.9808396115241065 0.1842201528919047 -88.7089806885328 -0.7518206834823941 0.1683173458225512 -0.6375224944920121 520.8315782926165
-0.6540924615964835 -0.09932305120233705 0.7498653100274147 63.799670372051104 0.06272278028194646 0.9808057101428727 0.18462397402514516 -88.5408970048867 -0.7538095943382225 0.16779478672173562 -0.6353078033777421 520.9749038856673
-0.6508153219763335 -0.10252332233020098 0.7522821179977756 61.652699139477996 0.06189723662217525 0.9803778806584502 0.18715753581991726 -88.9321246142819 -0.7567087608713011 0.16836917619927608 -0.6316990357176409 521.0958263488816
-0.6462481900579352 -0.10494050390743077 0.7558774817961554 58.58116684512589 0.06174179695187808 0.9800627321233364 0.18885177153549393 -89.36808177363578 -0.7606255500283933 0.16871434954560277 -0.6268845514936608 521.3050121737299
-0.6411041427059108 -0.1068216431965193 0.7599832989942046 55.10122812178012 0.062242098366296156 0.9797664615461545 0.1902198780892463 -89.99346118601999 -0.76492574763586 0.16925370712076868 -0.6214835341580641 521.506154506307
-0.6355165133777454 -0.10848792484995501 0.7644273225009323 51.32381098159637 0.0619864649185822 0.9797137087487197 0.19057472827404523 -89.9857929027606 -0.7695949839955373 0.16849753425964223 -0.6158994573445647 521.8213160799024
-0.6296423730777035 -0.11093580006003712 0.7689237480336508 47.40919170948286 0.061131629349044286 0.9796083903080691 0.1913905053318097 -89.85197036760712 -0.7744762139137709 0.16751313352413263 -0.6100212653495918 522.1445451679143
-0.6235105886871191 -0.11260269868461023 0.773663478551227 43.30357687143259 0.0605120039966206 0.9796544934873465 0.19135143261121118 -89.56697586010816 -0.7794695909189499 0.16612557189967114 -0.6040111349914437 522.4792063735937
-0.6167891010927699 -0.11633437052253312 0.7784841160924858 38.92852735935836 0.06016771854926079 0.9791560885615442 0.19399278305502726 -90.20087699520973 -0.7848254904230303 0.16649224747111774 -0.5969332300301821 522.6411234551789
-0.6093905741312046 -0.11437224788158978 0.7845776679682854 33.84196029925482 0.0620493023417841 0.9796268968201035 0.19100007095682395 -90.13601909307954 -0.7904384936470001 0.16507613982985578 -0.589878678899259 522.9361339456677
-0.6026019982361547 -0.11381176514244297 0.7898846205851554 29.265840680444835 0.06350060214540472 0.9798018270103069 0.18962081456010105 -90.36110854179466 -0.7955114739895112 0.16442403079363616 -0.5832034232140694 523.1021099686873
-0.5958609027248757 -0.11348494363536156 0.7950289002117942 24.762709115867487 0.06421236152259012 0.9800632447975424 0.1880234262654641 -90.19829529582907 -0.8005164315812564 0.16308649166927047 -0.5766942335444499 523.2906212554351
-0.5908756800832603 -0.11153889545857597 0.7990150220653085 21.367906285075737 0.06524191846310289 0.9805465965858617 0.18512661612835749 -89.78641793768143 -0.8041202787900565 0.1615160881267351 -0.5721041255880247 523.4413372151009
-0.5884778590152941 -0.1048472575251984 0.8016862616000229 19.474237130658135 0.06910719716299522 0.9814044565213351 0.17907955779579612 -89.6797439564358 -0.8055544703799058 0.16078664530833306 -0.5702890933039504 523.4626926407045
-0.5870839616233641 -0.10182538526957359 0.8030965153201197 18.420807446472956 0.06921246684386397 0.9821114963094536 0.1751189402954262 -88.54713516149086 -0.806561873905532 0.15839381216294066 -0.56953432190737 523.6224890650502
-0.5857663763846337 -0.10058880253344073 0.804213681245292 17.499259697272535 0.07098099815828672 0.9820887798785904 0.17453746399279 -89.1488701890884 -0.8073657474761169 0.15932206765376114 -0.5681346922701178 523.4825269967536
-0.5850162023600454 -0.09991459160017375 0.8048435359506846 16.975407063950556 0.07218820366305752 0.9820283993393907 0.17438201209647622 -89.63264243339384 -0.807802516849342 0.1601165115666874 -0.5672898699038997 523.3468833063768
-0.5839137549250353 -0.100117801740579 0.8056184907162819 16.242442652565195 0.07066564318187996 0.9823311194079412 0.17329725536324253 -88.55859834625979 -0.8087342540557046 0.1581201999030351 -0.5665217636592501 523.4845221555532
-0.5834792275692747 -0.0962075432526749 0.8064093871083392 15.807124820414632 0.07308458648421669 0.9827092152004542 0.170121255516585 -88.75472940182507 -0.8088328839838262 0.15819831535573584 -0.5663591252950848 523.3959645780943
-0.5818195205865303 -0.09694136466394519 0.8075199175757537 14.753298385527371 0.07144054718559355 0.9829419992545443 0.16947352099753665 -87.83952027026157 -0.8101742366196811 0.1562926675137753 -0.5649692986341341 523.5198016580978
-0.5820197928341851 -0.09464340586835615 0.8076481823633913 14.786061793019874 0.07283974880789296 0.9831435475103383 0.16769954079361726 -87.926583510759 -0.8099057548522884 0.15643334271958986 -0.5653152019384584 523.4401908937871
-0.5803216900315944 -0.0917077480338214 0.8092072818687677 13.559604938914397 0.07268202176995772 0.9838418856855784 0.16362294362978846 -86.64586934517573 -0.8111375097912223 0.15376876445237725 -0.5642792812858575 523.6241211888528
-0.5820581718136016 -0.09150737655710907 0.8079818591160591 14.682323218998066 0.07170408108908723 0.9840009871062474 0.1630968489244978 -86.06050407278363 -0.8099795117039551 0.15286745045812175 -0.5661843632689412 523.6164022471382
-0.5799373788084646 -0.09103965922425662 0.8095581616592464 13.28055245015188 0.07201156071492328 0.9841174861129707 0.16225630542474304 -85.94490344981784 -0.8114721016671911 0.15239604317375763 -0.5641706073882384 523.6155467025492
-0.5797378486544824 -0.08979239800372603 0.8098403250630415 13.101077748239565 0.07304524671854441 0.9841799377485111 0.16141326483645493 -86.1475295144214 -0.8115222848260542 0.1527323652474387 -0.5640074519335925 523.5229040512669
-0.5780564274863234 -0.08980836875882486 0.8110395943125266 12.006347399330295 0.07246338182822282 0.9843483987242527 0.16064646968737264 -85.66444656596701 -0.8127729233529903 0.15163339615624813 -0.5625011006516842 523.5664130365983
-0.5787544278111969 -0.08713298730437727 0.8108336172189393 12.355462471328405 0.07416469679827539 0.9845316353981046 0.15873580770939363 -85.84131038004897 -0.8121224723142156 0.15200428093888982 -0.5633398517222948 523.4650329561308
-0.5785300847855883 -0.08692737050635403 0.8110157663417098 12.200596291593957 0.07407864460329706 0.9845961284114888 0.15837556102771946 -85.69633970143342 -0.8122901546933327 0.15170397547182982 -0.5631790198634214 523.4296360159703
-0.5787600697139924 -0.08600759376013109 0.810949736740969 12.314297979180607 0.07451761242691071 0.9846849734269242 0.15761544513597242 -85.66250243243714 -0.812086145148929 0.15165156419506615 -0.5634872633292987 523.3696267387736
-0.578714541083227 -0.0903958396874601 0.8105048254674546 12.453902819897236 0.07079399761818728 0.9845179210723308 0.16035171651295851 -84.8459284339552 -0.8124516538478251 0.15017674671737677 -0.5633553540220584 523.4427854283801
-0.5812778453462966 -0.08685112080781845 0.8090568270053671 13.987252526073252 0.07389808685047522 0.9845441500488178 0.15878252222612582 -85.73732715119756 -0.8103426061052241 0.15208451406726536 -0.5658755705201605 523.1994531933609
-0.5850667003765117 -0.08439913233157273 0.8065815163839417 16.370892127861588 0.07599219675735547 0.9844886150324658 0.15813713322129366 -86.4611736074297 -0.8074169568088921 0.15381467203467777 -0.5695778300849955 522.9550665205139
-0.5893785229711811 -0.08305782787730617 0.8035759789146342 19.150268759780065 0.07785895855879776 0.9842302843431708 0.15883554373596445 -87.48429553638792 -0.8040963494709128 0.15617984700358703 -0.573617395271001 522.6361375300071
-0.5947159337026106 -0.08244568002465216 0.799697235236877 22.64173908176473 0.07690609380932345 0.9843312564176365 0.15867397510073725 -87.02034094881814 -0.8002489680938201 0.15586753184852362 -0.5790569070309288 522.5212940256354
-0.6010318719078491 -0.07906380231894394 0.7953047240610468 26.69829675965865 0.07712711883825868 0.9847126988562289 0.15618037088888975 -86.37428588424582 -0.7954948752133203 0.15520894263589646 -0.5857457534077316 522.3862745847583
-0.6074265697196166 -0.0775695028185988 0.7905794929234727 30.900833465566006 0.07595453398373421 0.9849898798453451 0.15500272697461487 -85.51122449243657 -0.790736284209833 0.15420087170547586 -0.5924172684850585 522.246686591044
-0.6134668728441601 -0.0774008654035111 0.785918253991848 34.934991196642756 0.07628731785938436 0.9847229333221124 0.1565279199482195 -86.10912817939152 -0.786027124886049 0.15598028921720372 -0.5981901941014155 521.8468211876936
-0.6188415310575355 -0.07814984583493212 0.7816186800699827 38.57635625150455 0.07664837941192101 0.9842827520572502 0.1590989941392838 -87.03067745876074 -0.7817673473431157 0.15836687026831714 -0.6031249862420943 521.3915038660582
-0.6245096855881489 -0.07763341713048715 0.7771490881106631 42.38889276035815 0.07626860632768613 0.9842297624311409 0.15960850363803533 -87.0152081439984 -0.77728421590524 0.1589491342832168 -0.608740026953372 521.053040095711
-0.6296894775913313 -0.07908371896860154 0.7728110553070858 45.96031720917297 0.07357737265607768 0.9842614105359815 0.1606731027980374 -86.153553813086 -0.773354725881846 0.15803556917294057 -0.6139602811521278 520.853132745869
-0.6349656774785687 -0.07885975434719451 0.7685048650259036 49.55327025562465 0.07195770345288617 0.9844144092502624 0.16046918636998006 -85.38459101469564 -0.7691818233278584 0.15719227081748335 -0.6193947954715749 520.6095265193451
-0.6398360551494073 -0.07942871098326805 0.7643957760233772 52.9150445070868 0.07104699051811865 0.9842716099968011 0.16174585896592011 -85.36480068228822 -0.7652203262258283 0.15779885178872957 -0.6241292932598146 520.2433964793356
-0.6441367290859121 -0.07857401787355797 0.7608639812461279 55.847183574435114 0.07145783437088213 0.9841785332286316 0.16213078868297295 -85.6577141910097 -0.7615652645371412 0.15880408825702522 -0.628330812075398 519.8526208856784
-0.6491024860653378 -0.07756069231067254 0.7567366130907683 59.244911571996255 0.07193630445842432 0.984071946750392 0.1625655920536676 -85.99523518347033 -0.7572919718871071 0.15995856534485353 -0.6331841175267692 519.384149490447
-0.6547570702779549 -0.07536689855046347 0.7520724762440875 63.100457389400724 0.07314830833322875 0.9840272966533277 0.16229480715392836 -86.44632662203217 -0.7522915019518804 0.16127650183466918 -0.6387858686969804 518.820009085105
-0.6608636688434885 -0.07367521160721592 0.7468809640078907 67.30913838109579 0.0734638333631822 0.9840404092607157 0.16207263226587604 -86.51602369390949 -0.7469017849692895 0.16197665306035697 -0.6449040916857747 518.2461599665897
-0.6687494119782544 -0.07200126639335801 0.7399932713319033 72.80423297821685 0.07305847883195184 0.9841188474963508 0.16177933326978544 -86.25125353449735 -0.7398896422099044 0.1622526167437917 -0.6528685975832289 517.5150129934148
-0.6777027384977999 -0.07016771099211239 0.7319805260843418 79.10112836186059 0.07156066211286824 0.9844186341525447 0.1606207470135965 -85.25259283340304 -0.7318456598699964 0.1612341312109978 -0.6621219563359036 516.7234333233506
-0.6871458710198655 -0.06849172662513522 0.7232837861615995 85.81679232722594 0.07040527997773652 0.984582992770187 0.16012316165676718 -84.5990411952069 -0.7231000266156868 0.16095096685515872 -0.6717299589692145 515.7278669538302
-0.6965259016056318 -0.06733045972768284 0.7143656469801166 92.57451930301815 0.06879126054660156 0.9847354952312388 0.15988673148230967 -83.822007271573 -0.71422645629021 0.1605073631474441 -0.6812620314611576 514.6562998125606
-0.7071380381382999 -0.06507983002792544 0.7040741514510048 100.27199934930094 0.06809604735891753 0.9848585061399633 0.15942600546288366 -83.38056930288501 -0.7037888343473547 0.1606808594926467 -0.6919992326879387 513.2539988000275
-0.7172324603641891 -0.06203059838243987 0.6940675778800276 107.6537654090304 0.06797990464798599 0.985050510932492 0.158285259818113 -82.9910519339864 -0.6935101515940358 0.16070997410227297 -0.7022933673758169 511.7915837887317
-0.7282800946433058 -0.05938314564466682 0.6827017985619211 115.85970143068862 0.06711098379405994 0.9852690699986257 0.15729264305185128 -82.3169019773243 -0.6819854980866756 0.16036989030796264 -0.7135665902227213 510.07767779416946
-0.7395527593150202 -0.05505132012671961 0.6708435498250284 124.30016102373715 0.06831666553913113 0.9853639073137156 0.15617555305828712 -82.51149420595348 -0.6696226918191724 0.16132985562428548 -0.7249676739587033 508.0292535005253
-0.7525435475817468 -0.05132115075959237 0.6565396777634923 134.223467130017 0.06882795278898411 0.985369124361607 0.15591793248282007 -82.65771619481572 -0.6549358151055388 0.16252331598743316 -0.7380008467830457 505.4474128025706
-0.7664506432900716 -0.04681187015943246 0.640595082881856 145.0328415521044 0.07022397637883049 0.9852546635082566 0.15601872059717004 -83.29809296793114 -0.6384528209208421 0.16456578273568534 -0.7518617549861214 502.3221438031183
-0.7816997549940111 -0.042838363092971565 0.6221819409865716 157.16617226557563 0.07093659171416158 0.98505623113985 0.15694655602635185 -83.8843357622444 -0.6196075314247571 0.1668205507126421 -0.7669794070649156 498.5365740967463
-0.797470365662673 -0.03968074927736859 0.6020518698805187 170.04412506809595 0.07035563206397337 0.9849123181841676 0.15810695913199965 -83.97399483351386 -0.5992421054354585 0.16844335435355004 -0.7826466223318178 494.25466199414325
-0.8137806811043448 -0.037941387510409263 0.579932284129047 183.7588537185856 0.06779162982155809 0.9848576984329968 0.1595606742383503 -83.28356178728161 -0.5772047279670235 0.16916194888640018 -0.7988860601246397 489.4184269421212
-0.8294113779652729 -0.0380825469774565 0.5573387531093248 197.32887398492016 0.06377091728330377 0.9846975277011768 0.16218523067171123 -82.30331931463262 -0.5549865189449137 0.17006027918035407 -0.8142907743763936 484.2544277678839
-0.8435804804105763 -0.03947125304496859 0.5355501780910183 210.02679447609597 0.05890979643494989 0.9844738683703591 0.1653506527954882 -81.11647935386596 -0.5337617529893408 0.1710357350934634 -0.8281576953496143 479.0681820285447
-0.8563359175868489 -0.0399365618728401 0.5148726709357045 221.76881819073614 0.05431360169122999 0.9845108111476948 0.16669881644641404 -79.50590016490526 -0.5135550884978319 0.17071477311318328 -0.8409028703238552 474.0030832630129
-0.8683024462059454 -0.03804328267127757 0.49457413049649546 233.03751363405584 0.0507772261233735 0.9849998809887032 0.16491485002708528 -77.42997570782933 -0.4934293619354112 0.16830907015319618 -0.8533460738083813 468.89702096063957
-0.8796840873346935 -0.03579795792763748 0.47420924990803215 244.0672421928507 0.047744020107571804 0.9854766146828051 0.16296119310218307 -75.52344343202297 -0.47315580418514913 0.1659950243878723 -0.8651989579538192 463.5504197889452
-0.8908140406797728 -0.032599240622615176 0.45319712536445433 255.17358564596466 0.04619058755322638 0.9857582779676992 0.16170048558876843 -74.46992730041315 -0.45201413091767806 0.1649785044452295 -0.8766215366517934 457.68791766458315
-0.9026772838641087 -0.02927546003089739 0.4293211718931348 267.45152062099265 0.045758599526933494 0.9854962031862983 0.16341170115608097 -74.78829055970024 -0.4278783375739522 0.16715316612427636 -0.8882454318990788 450.55498787464387
-0.9142296312960004 -0.026762852601113135 0.404311675543794 279.93595041245646 0.04503785101790328 0.9849217517470616 0.16703513076951332 -75.54709343104065 -0.4026857003123754 0.17091779502483162 -0.8992393085868642 442.76226444281673
-0.9257151211312952 -0.026614336903633587 0.3772839667678067 293.0058968727956 0.04115529486408413 0.9845101154392394 0.1704290887802487 -74.85546005192447 -0.3759757388629243 0.1732960174643246 -0.9102805798859397 434.32844272759655
-0.9365116550604642 -0.02474529663764617 0.34976219096726996 305.9105268905485 0.03850682784491329 0.9842150361945012 0.1727367556080022 -74.38091862095929 -0.3485156297000643 0.17523821735846143 -0.92077598960431 425.40704414661076
-0.9463610782049424 -0.021770683757585785 0.3223767159512392 318.35245097784144 0.03685234916340444 0.9839441737189867 0.17463037354823932 -74.21821008911482 -0.32100251403987057 0.17714372789683033 -0.9303641682948115 416.19281476016675
-0.9550353193632479 -0.0190051492671026 0.2958823128713074 330.0159461266205 0.034888406418858806 0.9838069088278943 0.175803200312332 -73.70662811296499 -0.29443222966633875 0.17822112793897515 -0.938907285992535 407.08512370126437
-0.9632014263795039 -0.016334132993133823 0.2682838204585804 341.7855941237256 0.03226421205415804 0.9839077454184479 0.17574006124418629 -72.54004141751217 -0.26683709045223364 0.1779290437363969 -0.9471743358822798 397.455011514436
-0.9706236056585832 -0.014331232099586432 0.2401758354307087 353.3852653630627 0.029033949974624867 0.9839534466268421 0.17604727950192628 -71.2176675225789 -0.23884481549156988 0.17784889838755302 -0.9546323498892816 387.40922168106437
-0.9773092807752549 -0.010297723667287316 0.21156683718821856 364.7982319028799 0.027594609068238553 0.9841156762562234 0.1753706739940471 -70.3872240099065 -0.21001215979301074 0.1772294914342064 -0.9615012221027321 376.82270110018334
-0.9833127967529736 -0.004873545749658776 0.18185761544040785 376.2308029581781 0.027545603594692162 0.9841271983152853 0.17531371098322737 -70.34840005842845 -0.1798254249666864 0.17739759324165724 -0.967570622976751 365.4005827702066
-0.988238383802717 0.0012168557023754453 0.15291636943503917 386.95880002131673 0.028106887162435097 0.9843779456160076 0.17381042281418801 -70.14848562148974 -0.15031599939138857 0.17606413447095992 -0.9728342720525216 354.04411961987057
-0.9923152593301605 0.00802370105485401 0.12347488133988523 397.4585006188148 0.029497368374425813 0.9844650980829734 0.17308488066687286 -70.54110588508175 -0.12016792982946752 0.17539695230494892 -0.9771364171714386 342.11660312228133
-0.9955179190558439 0.014415358782776699 0.09346801736362158 407.74652028038867 0.03039654913897176 0.984646985183287 0.1718905592809171 -70.58021424611309 -0.08955513742474251 0.1739612370633993 -0.9806718948558725 329.76195727197046
-0.9978395650492001 0.01983165900160191 0.0626331200218158 417.9003686182635 0.03021708186471814 0.9850669081135773 0.16949960030376662 -69.79319662863355 -0.05833635561126461 0.17102599755826567 -0.9835379899999777 316.9509328780743
-0.9991171186806845 0.026254462510391614 0.032797657805052775 427.29358904869696 0.031402429997062664 0.9853076091509405 0.16787734433072676 -69.83060251869524 -0.02790825235457206 0.16875905471277164 -0.9852621533901347 304.1423566347661
-0.9995022018080056 0.03150352889883809 0.00169595043227533 436.67952620406686 0.03134399417461142 0.985446714410514 0.1670698269787388 -69.56562167208835 0.0035920203410597616 0.16703981778140164 -0.985943607244058 290.5495051848708
-0.998831284215595 0.038757671028177766 -0.028877475802030247 445.4319467247889 0.03343198318214844 0.985504625014102 0.1663217862347614 -70.25710551581912 0.03490513103733943 0.16516197205254202 -0.9856485960092376 276.7500977418406
-0.9973285434699145 0.04255467854096536 -0.05937066375284886 453.8192162294239 0.03224509994896186 0.9857818024800105 0.16490752386881466 -69.3188648000727 0.06554410659594193 0.16255256760056827 -0.9845205091093849 262.99868841424455
-0.994991038508863 0.04449314145529626 -0.08951644346427862 461.7488122942238 0.029370185943239535 0.986078751018435 0.16366456234500754 -67.6931273608178 0.09555221329050378 0.16021565826523426 -0.9824462923650961 249.23975081799267
-0.9917120160701696 0.04744028908222044 -0.11940140767107837 469.1816503148485 0.027371286151176517 0.9860103054369104 0.1644216842957209 -67.0429599747308 0.12553123068173158 0.15979078992234397 -0.9791367695983657 235.11234251404096
-0.9877404054721594 0.05167600923417798 -0.1473040443006353 475.71221218156666 0.026555305453568698 0.9854879225088958 0.16765551091857606 -67.64325875909883 0.15383012432538054 0.16168841844340698 -0.9747785123766874 221.39407005888756
-0.983245233456302 0.05771485424983688 -0.17290982182739764 481.31901434308156 0.027702710403554556 0.9848471607164728 0.17119763393516588 -69.19378711108988 0.18017039357718875 0.16353918682573407 -0.969945134350711 208.39035875815463
-0.978494456503301 0.06316582941183907 -0.19636363356544365 486.17697054744957 0.028967031206546978 0.9846044131688775 0.1723805692978464 -70.09741026052474 0.2042290618285956 0.16298535996550467 -0.9652596866861924 196.441091491595
-0.9737512653126464 0.0689725978434547 -0.2169130103261329 490.1727676054767 0.030827811000687228 0.9841658610807251 0.17454857189946232 -71.55247903304534 0.22551744804100163 0.16327993945969277 -0.9604590267154103 185.66499675902364
-0.9688540288015116 0.07234250669116832 -0.23682996558864333 493.9281606655518 0.030287479924774725 0.9838141309759504 0.17661377141050627 -71.92650401834506 0.2457733497246723 0.1639399811445471 -0.9553633566070239 175.2486410695678
-0.9633817170295913 0.07533854886109138 -0.257332023558323 497.607616219825 0.029809303515564472 0.9838591347196609 0.17644434944932838 -71.66720229392588 0.2664715232760028 0.16231237193813877 -0.9500776921908975 164.59402303018553
-0.9572896503730046 0.07811384860134438 -0.27837879219764017 501.17870255087183 0.029243319618367434 0.984034184298542 0.17556068007843376 -71.15778493771937 0.28764796809021387 0.1599217020563201 -0.9442900484835054 153.58732052361475
-0.9502184022332798 0.08251817135014321 -0.3004592142941556 504.616418142205 0.029539784164809502 0.9838084181615689 0.1767721627008249 -71.64625492162618 0.3101812199484833 0.1590966616603216 -0.9372704321804949 141.60545796938936
-0.9420901783245438 0.09135017347011029 -0.3226782324722415 507.603491770179 0.032826513084194445 0.9826841416013906 0.18235760988747116 -74.73577154166118 0.33374918118725383 0.1612049119974905 -0.9287757858626154 128.71411890026357
-0.9331139407092959 0.10005908514816023 -0.3453788544964526 510.36101929340435 0.03572844332042385 0.9815504995010755 0.1878352875981707 -77.6250788640885 0.3578014141837171 0.1629318765880436 -0.9194734099470363 115.37564010098744
-0.9234495665882915 0.11077995561686281 -0.36738086422869454 512.5983372941631 0.0396691371814699 0.9798508445306143 0.19575158244039584 -81.68830466002791 0.3816638016935511 0.16619303206262068 -0.9092373829592899 101.82419897265153
-0.9125029519598654 0.11943763384137432 -0.39124546551609424 514.8380530259077 0.04229047844519662 0.9788453333911787 0.20018323788766018 -84.1443958434002 0.40687821039889543 0.16612183757918458 -0.8982503309111036 87.48080363847137
-0.9007162997001967 0.12888758719298846 -0.41484712524248624 516.6264611601721 0.047008107336629336 0.9782824230048368 0.20187555246837838 -86.70765791321554 0.4318569037297114 0.1623314224275598 -0.8872136856437867 73.25034509461999
-0.8877676047985147 0.1398936239703166 -0.43851847605632316 517.9146974526462 0.05424065540604919 0.9778533442369682 0.20214051663558158 -89.94896732185502 0.457084927744758 0.15566827273734768 -0.875694443108748 58.78231505181153
-0.8738206513804493 0.15160152283369396 -0.4620113066750121 518.7066657129982 0.06338367283377921 0.9775609658203888 0.20089068699770238 -93.57853230294164 0.48209955324512344 0.14625845746080243 -0.863822021241667 44.31870441574997
-0.8611888722577716 0.15772927235353743 -0.48319271822142673 519.4249198575222 0.06656735989557536 0.9774446557159849 0.20042637453387424 -94.83316590540441 0.5039072463220988 0.1404400998827739 -0.85226408198926 31.33033346910238
-0.8489193222841285 0.1612540931490531 -0.5033220655756435 520.0033095215805 0.06530106147797203 0.9770238738620056 0.202879573327452 -95.00320611429592 0.524472835924327 0.13936092474705875 -0.8399445083046491 18.62460512051068
-0.8375892549461167 0.1639247655122852 -0.5211265789139442 520.3083694018193 0.06256404003877102 0.9764261190203648 0.20658599901458624 -94.8992530016776 0.5427061644138899 0.14043042884848672 -0.8280998211330528 7.068244973820049
-0.828146486148508 0.16419988944329283 -0.5359214436712617 520.5625235920734 0.0588112465728144 0.9763061246031739 0.2082488615548299 -93.7473456332083 0.5574178278064225 0.1409423547736503 -0.8181812866806646 -2.37267270845722
-0.8191369520228771 0.16398663361763596 -0.549657200285256 520.6923397350917 0.05511103986356606 0.9763291288913699 0.20915115434387183 -92.39222257234634 0.5709443292614678 0.14103125920508863 -0.8087847407136215 -11.14035855782984
-0.8122326677287303 0.16197159739290554 -0.5603956594338152 520.8668863503277 0.051240906958996864 0.9767750975542474 0.20804994172531904 -90.37036442210314 0.5810787063111927 0.14026977734308893 -0.8016682148094876 -17.741338212736196
-0.8056555180664431 0.16517603439210543 -0.5688902037050639 520.4826129161178 0.05452352611694326 0.9769396397971798 0.2064367343588157 -91.334983507556 0.5898697918260148 0.13529899428841013 -0.796082791445512 -23.275577232992195
-0.8032173238330889 0.15851937404290065 -0.5742068780043111 521.0357551942843 0.0480416889265324 0.9780405101083506 0.20280226012567826 -87.42260877033935 0.5937456752006681 0.13530842043289076 -0.7931946195861762 -25.889404682410486
-0.8021599730756752 0.15389168807606732 -0.5769373674293685 521.4124925835323 0.043105545302855125 0.9786211225486174 0.20110348198334782 -84.76001117926181 0.5955512484743655 0.13644796386455021 -0.791644278446982 -27.20940112492565
-0.8031645807794205 0.1488274848345268 -0.576868300341808 521.86927160954 0.0371397797577797 0.9789189051159055 0.20084425300769976 -82.06942349956903 0.5945984299852811 0.1398862286449456 -0.7917604120531241 -26.843392422182117
-0.8044240662269625 0.14820213062370505 -0.5752721531183944 521.9545192328662 0.0377480690304369 0.9791762354326908 0.1994717605284936 -81.92988296707883 0.5928549611493124 0.13874447175458052 -0.7932672731168163 -25.695995523225573
-0.8058406210944677 0.14653722745316639 -0.5737139830650995 522.1268139590145 0.03809701880914432 0.9797178751415736 0.19672697396629155 -81.27203543197484 0.5909056697578201 0.13667379448313136 -0.7950790925119617 -24.359335164449714
-0.8075252910220264 0.14617214463714642 -0.5714338181206715 522.193940160372 0.039436362931954703 0.9800184633438944 0.19495790515844982 -81.33686318436517 0.588513107448331 0.13489816765712245 -0.7971541925651902 -22.75103652888715
-0.8094436028348431 0.1451845034553776 -0.5689661798263268 522.3127555768842 0.03823969663494608 0.979928210839588 0.195648734220264 -81.01411768704646 0.5859511749548898 0.13660952220522424 -0.7987484328697266 -21.269624397136464
-0.810874852318364 0.14316147200339085 -0.5674387780293956 522.503764084815 0.03562019088039097 0.9798927514630574 0.19631963129499794 -80.06432670161372 0.5841345528894143 0.13897837444718428 -0.7996698290899202 -20.255514692385244
-0.813075094079749 0.14193103570523471 -0.5645923064396525 522.6368936733511 0.03371116340076958 0.9796766897215308 0.19772997010678656 -79.64305870336219 0.5811819412622641 0.14173625054975697 -0.8013353769993701 -18.558782985280292
-0.8153210864579519 0.13935070094383345 -0.561990131695822 522.8709299628827 0.030706026378985382 0.9796470898056923 0.19836511633664625 -78.51127167194376 0.5781943150196465 0.14447477835837105 -0.8030058359048591 -16.84521166325483
-0.8183410690477364 0.13706730984069776 -0.5581491263836595 523.0781715570826 0.030088385871050574 0.9800308068246577 0.19655611593203032 -77.7087543152444 0.5739447567017952 0.1440561357514672 -0.8061235922653995 -14.138640765447159
-0.8211966279959885 0.1356324583138222 -0.5542922824825973 523.1987596695849 0.03085870241551121 0.9804765308822997 0.19419967269344868 -77.34930531843382 0.5698103532345207 0.14237137577743975 -0.8093494626587392 -11.566228148409726
-0.8243562250706404 0.1317539831921615 -0.5505249332230859 523.5024304934235 0.029773778082712643 0.9812818929685684 0.19026131680061903 -75.7156216126072 0.5652878349354113 0.14045189370394318 -0.8128486508748177 -8.471105836012281
-0.8277846133131381 0.12946109835149314 -0.5459051730618087 523.6584183693379 0.03008035201448272 0.9818547002010453 0.18723386476757015 -74.95937666084116 0.5602390618162063 0.13856829257352116 -0.8166584487462037 -5.197203013617104
-0.8311846367261269 0.12651968201157887 -0.541410075390314 523.8423414766635 0.027322401652742676 0.9818833954930094 0.18750595730014527 -73.83073743562399 0.5553247572712591 0.14105944746385005 -0.819583214959171 -2.264380621644798
-0.8351752331107025 0.12448729510106463 -0.5357100366400691 523.9249862849638 0.024444175786798326 0.9814860754185907 0.18996727620702886 -73.29012207239441 0.5494404537969404 0.14556097388322853 -0.8227558511573031 1.119465495326885
-0.8397310555803472 0.12147995117923582 -0.5292394314064346 524.0332805950976 0.021035601112896908 0.981199805711665 0.19184484553203354 -72.35260098696249 0.5425949297401651 0.14996520507398106 -0.8264993523817088 5.145553435208693
-0.8443055741654025 0.11908402209013977 -0.5224625279539817 524.0544095553415 0.020582229806688807 0.9814818076989413 0.1904464044612103 -71.73538989062236 0.5354665902270791 0.15004151705062624 -0.831121575891116 9.693230656689074
-0.849408002736972 0.11900270177045776 -0.514144339517338 523.8411842199581 0.022401953853667098 0.9814964941358615 0.1901651504943846 -72.45433944557854 0.5272610334074825 0.1500099629036194 -0.8363568698108054 14.626302362020866
-0.8542825928159116 0.12095562031925934 -0.5055402946599872 523.4280996809945 0.025827131107719406 0.9812259637553638 0.1911244812971415 -74.23854772527282 0.5191668430384091 0.15021766196269964 -0.8413681971194252 19.578867447488452
-0.8583888205997144 0.1230366782147343 -0.49802671462815634 522.9981744900197 0.02838525004076283 0.9807171210432747 0.19336030118075787 -76.01581876510224 0.5122137349286473 0.15184170805965647 -0.8453290397495945 23.722584267006088
-0.8529595343048015 0.11520997188591839 -0.509103815755276 523.9237298161736 0.0157726397967626 0.980580974494766 0.19547935004172698 -71.10384930745343 0.5217386861948975 0.15870606427273135 -0.8382130567407561 17.668772683694282
-0.8628475700612115 0.10660467154185722 -0.49409464158692856 523.9037352630627 0.01128682936202298 0.9813264556383385 0.19201821514441803 -68.11606327500682 0.5053381821339203 0.16010568843657047 -0.8479383764212094 27.526639104731192
-0.8682902154191072 0.09927215909209469 -0.48602174872801146 523.9657449172901 0.003512046267188519 0.9809765352358968 0.1940945719168677 -65.29777563488899 0.4960441183387397 0.16682348679298376 -0.8521209755168415 32.745529732717216
-0.8617382941726525 0.12769035563149508 -0.4910216751174121 522.3492393856261 0.031488152992299456 0.9794053586149315 0.19943329646147506 -79.16242980925679 0.5063749683560006 0.1563979430653082 -0.8480118364901519 27.275092899523305
-0.8675479961304606 0.11883503267621298 -0.482947936550997 522.5755122256626 0.025636656207603636 0.980429606695179 0.1951936171446958 -75.34790535244159 0.49669229535852033 0.15695866119580765 -0.8536162735135174 33.14883795828351
-0.8702553850685412 0.10566077295759821 -0.4811354963180414 523.3114200826778 0.012644582906908237 0.9811946273740828 0.19260638030798874 -68.88319025698686 0.4924385030461321 0.1615329819889367 -0.8552259446762863 35.439355140272596
-0.8729157384184622 0.11385279929874521 -0.4744003095627053 522.4338915606597 0.020255782689206955 0.9800081137617916 0.19792372325899435 -73.78923548687048 0.4874503224832235 0.16316138346096173 -0.8577706838416118 38.35634597651876
-0.8758219508237888 0.11854448554397179 -0.46784945805496875 521.7434062607579 0.025472806480526168 0.9793689110214298 0.20046863159782577 -76.82599389345648 0.481961665057729 0.16365738929792992 -0.8607724509665532 41.62655484888622
-0.8797227935163033 0.1123730323184052 -0.46201743276140367 521.7739286284025 0.02009179984825943 0.97958954324167 0.20000161586956036 -74.3269975325137 0.4750622339722755 0.1666632184350955 -0.8640250259536043 45.577136353655156
-0.8814322845484812 0.10948577741291189 -0.45944530936765005 521.6896096722788 0.016374691188488485 0.9792603219492391 0.20194328744564688 -73.30102963729998 0.4720264793887383 0.17047605814355232 -0.8649444585380666 48.105993159658624
-0.8842620726670002 0.10996763417286057 -0.45385868536041557 521.3717111557253 0.016754997221074007 0.9787240517273592 0.20449572278779668 -74.18335921566259 0.46669032228104174 0.17322341067189936 -0.8672910659544533 50.13457487584043
-0.8862970005090692 0.10685607836405259 -0.4506211328880197 521.3296675902399 0.013885997407113472 0.9787114040531747 0.20477101028288197 -73.00471569756961 0.46290906878634 0.1752306083220565 -0.8689127850034464 52.24086945450361
-0.8870451298830841 0.11434606409631569 -0.4472984631947485 520.6275488681888 0.023214790835695207 0.9786652652853121 0.20414546776865897 -76.91366746405744 0.46109869988664837 0.17070230270769907 -0.8707747773179536 53.59611560329954
-0.8858693108246783 0.12233145941980206 -0.4475160088479862 520.1219150180227 0.03330677266066662 0.9788902464405043 0.2016545172283029 -80.60886719345586 0.46273774757840996 0.1637342342330112 -0.8712432940953917 53.04239114741464
-0.8870364910929273 0.11872007972387147 -0.4461746363700034 520.2631224002204 0.030820187652549215 0.9794452625356537 0.19934165076452515 -78.83762410755104 0.46066949052722034 0.16307213240410473 -0.8724626640324326 54.294932673757415
-0.8873662086335561 0.1186194307055384 -0.4455453315145409 520.222595429278 0.02904711471527579 0.9788018659796021 0.2027391730316735 -79.05782030137486 0.46014940715166175 0.16696208495926018 -0.8720012530289339 54.34230066346991
-0.8876769747834752 0.11746305797700649 -0.44523254423946595 520.2744705048929 0.027343948720056493 0.9786563354998197 0.2036764234133618 -78.58576729528816 0.4596541057226102 0.16862445551210695 -0.8719425990829861 54.51202840922487
-0.888632763749477 0.1160051523302112 -0.44370555081473867 520.2534291291107 0.025886374421387345 0.9786256631315059 0.2040139874609975 -78.04528163351706 0.4578883125941105 0.16980758549977912 -0.8726417805127447 55.46613537015217
-0.8890015830405466 0.1154525947803559 -0.4431104644554055 520.243393562959 0.025719395831836536 0.9787547998732972 0.20341473497027332 -77.7955504884275 0.45718125292869083 0.16943948796978867 -0.8730839374808634 55.89032968875783
-0.889450004942132 0.11635841413101974 -0.4419721803115613 520.0986504914729 0.02837540829832738 0.979241416437704 0.20070148115293504 -78.16386508483676 0.45615076993505604 0.16597279233052878 -0.87428800019997 56.70209778522996
-0.8889138987521482 0.11933212965493842 -0.44225775678587304 519.9276356398553 0.03286514155865652 0.979597771070439 0.1982626777387945 -79.41660819924459 0.4568938203517147 0.16170358606365096 -0.8746999412247439 56.506469684615496
-0.8896713682669176 0.12133878936334443 -0.44018377376035633 519.6352840604691 0.03663638521316619 0.9799055489765719 0.1960685858658565 -80.42639041389907 0.4551292473183668 0.15830986476136658 -0.876239325158746 57.738302203728715
-0.8903970064726842 0.12157940173952142 -0.43864748937745335 519.4992623502513 0.037639519069183364 0.9800346114327626 0.19523172641267844 -80.62060068194259 0.4536258783058167 0.15732326422527088 -0.8771960744695465 58.667508958852416
-0.8906846201868435 0.12089109468502955 -0.43825363727922834 519.5138975285483 0.036337025362591605 0.9798428122100103 0.19643748101667324 -80.40302389361085 0.4531672185302205 0.1590390096367325 -0.8771237458097635 58.816983653029396
-0.891088601803448 0.12123700428288714 -0.43733590354381746 519.4183980503294 0.035832863736710484 0.9794440479825814 0.1985078405200172 -80.78949938826878 0.4524125436063885 0.1612170762171472 -0.8771156963158236 59.11190663247914
-0.8916139532934452 0.12281810994144685 -0.4358213741463867 519.1915449425494 0.037248629684507255 0.9791434031089271 0.19972665254015334 -81.76829957916631 0.4512616733992159 0.16184532127522058 -0.8775927267829081 59.7376831517696
-0.8923016161620914 0.1236739739470587 -0.4341688311736137 519.0009252032385 0.038580667380210015 0.9791151290480317 0.19961236478172792 -82.31910776992827 0.44978812556471215 0.16136391243830903 -0.8784374365107537 60.61418680994454
-0.8926407670469062 0.12300935801727614 -0.4336601882189425 519.0043554783334 0.03901213513804136 0.9795178735969369 0.1975418654769331 -81.90005810904474 0.44907740348171854 0.15941591245642045 -0.8791564437219378 61.13186076394135
-0.8935435333558688 0.12322877897696517 -0.43173443461201444 518.8317938535805 0.039981501135812045 0.9796158645985598 0.1968609595469459 -82.12496470370067 0.4471928371126226 0.15864244658559537 -0.8802562925514932 62.26932871184899
-0.8933166034782222 0.12341584209771657 -0.43215040885025713 518.8531170155577 0.04036160605360058 0.9797017584640626 0.19635530351686017 -82.1434655096494 0.4476118706054464 0.15796516825470044 -0.8801651088922791 62.0433677245914
-0.8942580299494151 0.12236579132186728 -0.43049876769296835 518.7865653937566 0.03838949500301958 0.9793244183785758 0.19862006505103694 -81.94307354828167 0.4459022567159806 0.16109095778980967 -0.8804662859950729 62.84288622735145
-0.8946368554995426 0.1222246314352457 -0.42975113292742906 518.7329951144663 0.037212389063556776 0.9788967256644252 0.20093889266055634 -82.10713647766168 0.44524165896968015 0.16377527271840045 -0.8803053590453376 63.0513524006561
-0.8945573895364659 0.12321971823859418 -0.42963237524993997 518.6569086247054 0.038283754924403314 0.9788385230342517 0.20102114299996798 -82.60103390479868 0.44531048823780467 0.16337700836203 -0.88034454743815 63.01282589497529
-0.894278304575759 0.12510420377044 -0.4296687702918032 518.5327680609199 0.04086222199945711 0.978946148208651 0.19998679386577903 -83.42846507855948 0.44564177629388974 0.16128663027793325 -0.8805623374385348 62.92624031640152
-0.8936212733185449 0.12669681000952496 -0.4305681574454302 518.4988905443835 0.043609793665925795 0.9793012368539424 0.19765442922624654 -83.94931325102104 0.4466981148034518 0.15785121421689557 -0.8806496399824927 62.491927034993076
-0.8927038297057741 0.12769585075333298 -0.43217316220356244 518.5623159701369 0.044833667489826895 0.979421222152039 0.19678417583133528 -84.23067356788223 0.4484080894543004 0.1562940795378659 -0.8800581492227405 61.558125686007386
-0.8928779200551833 0.12668896992395368 -0.43210985267352714 518.6273547249796 0.04325550742186975 0.9793000379572389 0.19773820251693455 -83.81776373473421 0.44821644431636637 0.15786494403938836 -0.8798753766800356 61.55806218627387
-0.8924478055427445 0.12536178117679864 -0.4333835924468303 518.822727003989 0.04154942206353933 0.9793744020470585 0.19773574826305867 -83.06819595400472 0.44923330231420483 0.15846199681673295 -0.8792492454683871 60.90398106826205
-0.8922810917405473 0.12512417294943534 -0.4337953373032229 518.8724904882898 0.0417827521438755 0.9795910648640753 0.19661014028211057 -82.8400813653067 0.44954271759820624 0.15730634755847436 -0.8792986171217557 60.77130925189809
-0.8937461685342387 0.11095472213190737 -0.43463414024556263 519.8583824294333 0.027545622332479078 0.980672735513262 0.19370654225206538 -75.7379352711446 0.4477265068327813 0.16115221207779304 -0.8795288168228199 61.592145759680804
-0.8935308190355935 0.11578048974820392 -0.4338174196908737 519.4904878554742 0.03490934377551784 0.9811710332022147 0.18995984134037702 -77.87116561660022 0.4476427293620933 0.15459069117694163 -0.8807483778302923 62.01434973060196
-0.8963474909146906 0.10859954258565443 -0.42984568728920053 519.6050968126171 0.02584371701147558 0.9806854482357213 0.19387664611740568 -75.04087419561675 0.4425983255977923 0.16267203499338667 -0.8818415567487966 64.48048943329472
-0.8993554382143085 0.10109133884357774 -0.42537082288887906 519.6574249447883 0.017591165884751507 0.9804814281184075 0.19582318554681807 -71.98929798259027 0.4368642199095324 0.1686318781420089 -0.8835796189575302 67.45309395070296
-0.9048376118768565 0.09582989396660768 -0.4148319268756153 518.9958743627076 0.015242331634434468 0.9810066088970624 0.1933745190727881 -70.23891091969742 0.42548392150507053 0.16864953223366766 -0.889112348254163 74.06191864960948
-0.909769352407055 0.08665786254380377 -0.40596815180527024 518.6115953568086 0.011778012701948143 0.9829624827449062 0.1834285581166716 -65.79904343698827 0.41494698918975237 0.16209618248221527 -0.8952897987730296 80.53563070428534
-0.9146144621909001 0.08374042339845764 -0.3955602697950054 517.6917547035571 0.012761324425555907 0.9838087895121849 0.17876636785892885 -64.862312688248 0.404125641540049 0.15845443246440033 -0.9008743856288892 86.94082610458119
-0.9208146355592608 0.07150785061415685 -0.38338888121646025 516.9112549162019 0.0028617952673821237 0.9842595257153856 0.17670595962324515 -59.90931264290436 0.3899900217540357 0.16161625332579577 -0.9065252172958118 94.77466163384972
-0.9259382006801369 0.06755722403955221 -0.37158373215373713 515.7098656662675 -0.0020451137216603715 0.9829602144517463 0.18380705730423477 -59.836343967987354 0.3776695195949707 0.17095390690196735 -0.910022250103731 101.13518027736667
-0.9308139366074875 0.06666693367595714 -0.35936184462393583 514.2570678269343 -0.0011461308318092556 0.9826866855459113 0.1852715964062156 -60.66154851015652 0.3654915892348122 0.17286525968232253 -0.9146220531966056 107.80695070569335
-0.9350926392641693 0.06542458991917646 -0.3483121861604583 512.889264515836 0.00017118896467688965 0.9828960894469982 0.1841609297438973 -60.91369496532204 0.3544033389914781 0.17214790264103103 -0.9191100983712374 113.98592798930586
-0.9387316535332978 0.06117414811739084 -0.33917636453142197 511.8251895003583 -0.0006849506607941591 0.9837882569468077 0.17933264158026196 -59.120157096828194 0.3446482460382365 0.16857754623814514 -0.9234712758971408 119.56073309107589
-0.9415205688813818 0.06115257466947108 -0.3313598964639112 510.7478107182625 0.0009171264235994618 0.983855040133789 0.17896485376314128 -59.71538852567431 0.3369542658171911 0.16819519200807784 -0.9263758417256808 123.7802464432142
-0.943770498979029 0.06686992568948039 -0.3237679080686625 509.46161456665016 0.00591153874400728 0.9825871337190599 0.18570831526735584 -63.88679840179789 0.33054848202125 0.17335206283181318 -0.9277320536369337 126.93934258146024
-0.9454154813174124 0.06290251169776695 -0.3197387084909767 509.02407530467474 0.0018860347420996335 0.9822324544495531 0.18765886149862013 -62.69070993043719 0.32586195015422875 0.17681255455458753 -0.9287364050114348 129.25084980037053
-0.9478404600885311 0.05887585160618644 -0.3132604289035051 508.2083646399799 0.00048056055478945883 0.9830556509849824 0.18330672690341931 -60.79642099936405 0.31874477451515154 0.17359499175995224 -0.9318082139341481 133.28534993850303
-0.9494398563360058 0.05687803407115491 -0.30875370190633383 507.5971549815271 0.0014309176122535607 0.9842256251689759 0.17691204378313413 -59.337724133227574 0.31394571453589176 0.1675255443236618 -0.9345444239433507 136.2201346072067
-0.9514774461377227 0.048968170156593945 -0.30379728076918644 507.0859558615643 -0.004441550788135365 0.9849688621016538 0.17267487749168578 -55.514704192610886 0.3076864347315842 0.1656455824997671 -0.9369581628229082 139.67364091796503
-0.953024212895571 0.046509862972264435 -0.2993019917759959 506.4588288751328 -0.006299718026915542 0.9848832870277104 0.1731046633868496 -54.82409781454488 0.3028286036482659 0.1668584537258881 -0.9383246203913905 142.1819898147343
-0.9539746682764473 0.04614042630190537 -0.2963163737418518 505.9951272455236 -0.0071592867945338215 0.9843070911320178 0.17631873116551913 -55.38830959373626 0.29980172931361815 0.1703250169760844 -0.9386736982001043 143.58758879279642
-0.9546276404757583 0.04708667771414987 -0.29405596885887236 505.61467616409345 -0.006878812726471926 0.9836709068606929 0.17984501364045635 -56.54566614090421 0.2977226057509917 0.17370777696380085 -0.9387155363831654 144.45490642379352
-0.9545618983217345 0.044375266704232606 -0.2946903764586393 505.7899651642112 -0.010580309536690202 0.9831819598236149 0.18232194307735913 -55.64491984055678 0.29782484671785553 0.17715549549004736 -0.9380385339074091 144.16816106697271
-0.9550591727402562 0.03998418545452601 -0.2937060460362292 505.7286440242197 -0.016641314381240516 0.9820646764223072 0.18780851412865557 -54.59329260838482 0.29594770352270383 0.1842558987850505 -0.9372644880408897 144.76406127808522
-0.9568701276288889 0.029848821341148166 -0.28897855753674573 505.2218003948975 -0.025194565508987878 0.9824341447667936 0.18490101423505453 -49.97719136482973 0.2894214793692538 0.18420694628835996 -0.9393098574053346 148.14626174656502
-0.9583157594774869 0.024076850435508744 -0.2846949427197355 504.6348565831631 -0.02877507347528658 0.9832431261714973 0.18001374942762652 -46.97036603824553 0.2842585096062723 0.1807021308939288 -0.941564570067722 151.08116725269142
-0.960042938741708 0.020192529662417816 -0.2791233016392891 503.8016529251371 -0.02898073498853143 0.9848575102012546 0.1709263045868278 -44.21380249818085 0.2783481143670812 0.1721857901977306 -0.9449203039845601 154.63156598599832
-0.9615635349349988 0.020796364816753933 -0.2737938631410825 502.87537282428434 -0.026396670356265195 0.9855083248120123 0.16756060849831036 -44.36260674040559 0.27331078295122574 0.16834741737439826 -0.9470799137274309 157.55319144579346
-0.9636501710077496 0.023209198937768682 -0.26615724863584306 501.5272361829126 -0.02327157535713107 0.9851411785062764 0.17016254638334133 -46.498822857751684 0.2661518019798706 0.17017106538989668 -0.9487913505122901 161.1723589396019
-0.9661916372787419 0.022070071299700417 -0.2568786328316353 499.92136691197607 -0.024069483305176515 0.9842571490669588 0.17509575804115018 -47.59302519568867 0.25669900667132667 0.17535899310673897 -0.9504498111476192 165.7571691181219
-0.9684552455262945 0.01773740345257226 -0.24855547053196247 498.4956596456323 -0.02799314839795287 0.9834055078832674 0.17924840503509043 -47.08386331534632 0.24761022001398647 0.18055190828017942 -0.9518876968219575 170.1173819761385
-0.9696760237484318 0.02236581863058956 -0.24336840206652646 497.4727053054044 -0.023523031501479778 0.9826389911964771 0.18403064953792567 -50.44932108106201 0.24325927722578497 0.18417487108005262 -0.9523153579073661 172.10879598035598
-0.9714304638624676 0.02448542971062241 -0.2360578692012557 496.0774838350923 -0.01959996903920721 0.9829881820320875 0.18262002956661838 -51.76097094551947 0.23651362559821598 0.18202938696028348 -0.9544247519785152 175.68570687353528
-0.9739281556191692 0.017099474197715868 -0.22621130757414618 494.3282391838411 -0.024978282377553937 0.983009417267117 0.1818476586971382 -49.16967820219811 0.22547734498550068 0.18275692475615074 -0.956953433220219 181.2517844761106
-0.9756228842025594 0.017513608956859432 -0.2187538829863041 492.8754302035473 -0.02306647436814404 0.9831051300626444 0.18158260105179305 -49.9319331587336 0.2182382312531495 0.18220202179398862 -0.9587358852539524 184.9384885015042
-0.977389957751766 0.018458402828290227 -0.21063750342954057 491.26522020441735 -0.020687829021525904 0.9830547889459406 0.18214086762950313 -51.14203418093764 0.2104302359842265 0.18238028757374145 -0.960446014353822 188.8288053763896
-0.9788940118442826 0.0203470698354991 -0.2033531664973889 489.7622603650159 -0.017829051463299477 0.9827354653339856 0.18415517939692647 -52.987008501319316 0.20358938700070903 0.18389399643246776 -0.9616310932872184 192.1719589185968
-0.9804847888214971 0.017696867274716383 -0.19579683291188682 488.2574568792915 -0.019361557260350337 0.9824062982717 0.18574981888699207 -52.779799829114204 0.19563923172543496 0.18591580353686252 -0.9628917929887679 195.99835169973628
-0.9816362942952993 0.017756832427290162 -0.18993388487666402 487.0383573652504 -0.01843667787474184 0.9821661988015653 0.18710864982845418 -53.58366145783605 0.1898690986736276 0.1871743915011699 -0.9638026107741311 198.77046715595384
-0.9826999502767974 0.017592192647949947 -0.1843673574248368 485.86914453640446 -0.017758939340572304 0.9819407595168068 0.1883532980148086 -54.244661238795494 0.18435137048440398 0.18836894531051251 -0.9646407168698236 201.41112849376552
-0.9835591189588618 0.020208931624108167 -0.17945210669000172 484.7836138403169 -0.014184475832188329 0.9820030587094959 0.18833160470446952 -55.80960059601249 0.18002849818357564 0.1877807012656163 -0.9655714101370027 203.56488879421866
-0.9842508445730888 0.023080956282551638 -0.17526421315900265 483.836915823273 -0.010113148159747957 0.9824642543073601 0.18617656469755187 -56.967927880139264 0.1764879576386456 0.1850169139980604 -0.9667578509343351 205.4659637847776
-0.9846752045663333 0.02615881615540956 -0.17242522393663084 483.1780562818204 -0.00618339669474386 0.9828285039938804 0.1844177251309253 -58.17950190177037 0.17428857425994754 0.18265773477873193 -0.9676051078864442 206.65155910899077
-0.9851712539259152 0.026318148422993813 -0.16954337351139756 482.53762971229696 -0.005697365788303287 0.9826022863883522 0.1856348211070797 -58.74873529665398 0.1714792712286656 0.18384804009825204 -0.9678815824732472 207.96053670435433
-0.9856677070889698 0.02601337052588901 -0.16668076000503348 481.9165831046443 -0.006167722744836863 0.9818221615631524 0.18970293160518653 -59.732318708926414 0.1685856767288241 0.18801209433794963 -0.967589955500026 209.0942018657222
-0.986324795344244 0.025263924742517457 -0.1628653805931131 481.089556932377 -0.006725327311537577 0.9811889634999864 0.19293259931482598 -60.43230946495213 0.16467594864365545 0.19138952952663557 -0.9676010954550874 210.7704926412744
-0.9869664686918442 0.026213476636887213 -0.15877670899901605 480.16216741859915 -0.004991078557585665 0.9811831582901229 0.19301476374270465 -61.218609485843615 0.16084862079851 0.19129156680425685 -0.9682640433563511 212.62791361236586
-0.987496472868639 0.025936968406861854 -0.1554927321190892 479.43354336770653 -0.004380551782415585 0.9814760188257815 0.19153494520837744 -61.05309178055687 0.1575802234992671 0.18982122678919766 -0.9690904885624279 214.29181780234953
-0.9879604656219919 0.026659661277278868 -0.15239219411950788 478.7180776671799 -0.0029871821720466544 0.9815693788789315 0.19108278622078476 -61.534373824157534 0.15467771368444783 0.18923746169246689 -0.969672103332639 215.7264544873939
-0.9884163376369168 0.027525551683090232 -0.14924974873334323 477.99292033091297 -0.001756200323695575 0.9812751290063493 0.1926033150130002 -62.51817724872967 0.15175657894420136 0.19063437569891606 -0.9698600288438723 217.02620287711113
-0.9888308124169786 0.027236656382492074 -0.14653255257409584 477.3791860852569 -0.0016228500189756495 0.9811345828801394 0.19331915744289319 -62.786026723368344 0.14903352231157266 0.19139773986574726 -0.9701319056714348 218.27518362457894
-0.9892055358880484 0.02640502146917687 -0.14413598651846574 476.84554754336153 -0.0019287201398295248 0.9811992590071111 0.19298780832611626 -62.554134894899505 0.14652197039031808 0.19118260633516818 -0.9705568109223854 219.4837004337045
-0.9897453905031934 0.027854424302581324 -0.14010065319067144 475.88941241350136 0.0007020696327806591 0.9817398790490103 0.19022701433567352 -62.90332516208933 0.14284106228921623 0.18817795017377986 -0.9716920757073625 221.43145040469688
-0.9902121441783235 0.028597592512270384 -0.13660925014166939 475.0648265274031 0.0024001418774968197 0.9821278188908644 0.1881998583411837 -63.05665009189177 0.13954980774166245 0.1860299036799618 -0.9725835316804872 223.13272373264252
-0.9906191003364719 0.024859244501007603 -0.13437193163528646 474.6130219931681 -0.0009496125109327083 0.9820379776547942 0.18868097063498718 -61.72460000634807 0.13664880637838758 0.1870385746484423 -0.9728019712710501 224.44293929534402
-0.9905842906059006 0.029908201332979972 -0.13359739031070378 474.3344588226621 0.003982127023266108 0.981727362420846 0.19025122480178422 -64.35134259079402 0.13684628555125333 0.18792787277898507 -0.9726028011288012 224.27251611234428
-0.9908964638690438 0.028994539511407947 -0.13146678124281486 473.85218305218245 0.003084343811193834 0.9811653456173088 0.1931451562502199 -64.80214240221892 0.13459080471963558 0.190981363588673 -0.9723227005715397 225.13979069759932
-0.9911398857957956 0.029476954852266 -0.12950998385195908 473.38167489808575 0.00390651903400332 0.9811106671670627 0.19340785371860753 -65.23968632348682 0.1327647012339281 0.19118830482965948 -0.972533066894194 225.98110566362084
-0.9912608111837701 0.03146704293534153 -0.12810866254941347 473.0082965483135 0.006402747847049313 0.9814653173574912 0.19153285787134988 -65.788615878286 0.13176118180747023 0.18903876859857338 -0.97308958217393 226.58249288720714
-0.9914532895227912 0.034769262585953115 -0.12574368005456762 472.3765708616294 0.010467652791638304 0.9819257486655651 0.18897685665869968 -66.82698006797943 0.13004154312937896 0.18604548499439072 -0.9738974661501753 227.57401783186089
-0.9916338500020413 0.036043496263264405 -0.12394827109423155 471.91982932255075 0.012111205614130614 0.9819683833075468 0.18865686545401864 -67.45513893102871 0.12851313640519915 0.18557737082274736 -0.9741896187138391 228.31436718487979
-0.9918706454211097 0.03688888544275855 -0.12178601267264853 471.3827208648413 0.01317942533219331 0.981692578801621 0.19001574533110988 -68.3216435427394 0.12656589390441886 0.18686597030121643 -0.9741982260523576 229.14440008269972
-0.9921982851686239 0.03555121345081386 -0.11949340622233859 470.86338294756894 0.011894397514816827 0.9811011229401028 0.19312977469419 -68.66653892929445 0.124101112872535 0.19020172919257003 -0.9738697120230995 230.08719140991377
-0.9924427613084429 0.03328558173126927 -0.11810772868565368 470.57977402766346 0.009746442458618028 0.9808484350154458 0.1945285438879174 -68.13131042103464 0.12232077659119826 0.1919073150678826 -0.9737603452788384 230.80546372159088
-0.9927222012299989 0.03343291131957369 -0.11569300595007088 469.9929639551305 0.01042340338113974 0.9809398471873703 0.19403187589149598 -68.28297678842806 0.11997493007716097 0.19141383607439763 -0.9741492490949546 231.93363497312134
-0.992980036180957 0.03147263955262307 -0.11401807183800292 469.62816313741257 0.009182973392607565 0.9815536946943046 0.19096601119474277 -66.84167976506195 0.11792506411164672 0.18857841178552393 -0.9749522356827094 233.06969003486327
-0.9931844777271384 0.03122186991845042 -0.11229331253759779 469.21346884595664 0.009574158661700659 0.9820516491629875 0.1883690363679165 -66.25443320819952 0.11615906631766561 0.1860100890141506 -0.9756573774113307 234.05048653576776
-0.9935092930136817 0.030857534454283117 -0.10948560299353084 468.53493331709535 0.009839617199567378 0.982207969374749 0.18753849426210448 -66.12798821763573 0.11332460734024317 0.18524394042487366 -0.9761363715726639 235.42203140356585
-0.9938204732077284 0.031000939057183066 -0.10658240385138433 467.8163918112725 0.010751624039150979 0.98257729601073 0.18554314847162182 -65.94540540112253 0.1104774620168635 0.18325064567911994 -0.9768387437261578 236.87788809763796
-0.9942344874131069 0.028895834143159008 -0.10326090648240228 467.04074396359266 0.009578091604965535 0.9830886857203418 0.18287945803139685 -64.65128793574301 0.10679908332754205 0.18083602179273242 -0.9776974424752144 238.73839375364022
-0.9945846040550683 0.024210514339076596 -0.10107084828010608 466.58433973799134 0.0052598608221212095 0.982968147244718 0.18370072228061174 -62.99325433624105 0.10379691344522134 0.1821742915389652 -0.9777723294619874 240.05082259401175
-0.9949371153240231 0.02293900908783223 -0.09784650434624581 465.8022053724619 0.0043757530223397356 0.9825669533331214 0.18585756644041806 -63.23459610563971 0.10040413007540594 0.18448843887825406 -0.9776927056003157 241.48267584878207
-0.995213927286834 0.020802052468944753 -0.095480435416872 465.2446234955833 0.0025242948462113318 0.9822262992630298 0.18768357672311667 -62.95392676265213 0.09768759834209041 0.18654428870681597 -0.9775778032878112 242.6088440806797
-0.9954334071958316 0.020442888682060407 -0.09324387454857622 464.68766396458057 0.0027316975304981627 0.9825001208523404 0.1862419135257635 -62.62351315084892 0.09541944071885772 0.1851367084817838 -0.9780692866588907 243.73980817470087
-0.9956320845211456 0.02115824756993914 -0.090934486482564 464.0925649821702 0.004181697255111513 0.9831112485072585 0.18296116108772015 -62.30216075408759 0.09326985408021737 0.18178174170765682 -0.9789055790532536 244.93395919869363
-0.9958414711602327 0.021606729823233837 -0.08850374875545788 463.468631191643 0.005275355305963396 0.9835147839368311 0.18075076875101603 -62.13688204940589 0.09095017836056882 0.17953222274576008 -0.9795387925203103 246.13540666919144
-0.9960820060327678 0.021784736846657788 -0.08570917394456222 462.7535279850107 0.0059405632230920685 0.9834777041702139 0.18093179684256078 -62.481583163839055 0.0882346131987317 0.17971374638743448 -0.9797538580649036 247.3715684586075
-0.9962620443757824 0.02143452169811236 -0.08368094296648405 462.2402302273756 0.005876568782798685 0.9832986553341738 0.18190442643692295 -62.737143500965985 0.08618239307148441 0.18073271894590098 -0.9797490900362675 248.24608105780797
-0.9964931192624094 0.022094286226413684 -0.08070505423341767 461.4647183654054 0.006992969985935704 0.9831249868753722 0.18280141835356567 -63.48942413728932 0.083382022243703 0.1815959875587697 -0.9798317894766967 249.47595568010172
-0.9966314816030744 0.022941200312234608 -0.07873621279878035 460.94226592450775 0.008024945946305585 0.9827502968761864 0.18476323831413505 -64.51520650608708 0.08161672696340971 0.18350900609507131 -0.979623986314024 250.15882281098803
-0.9967742437311872 0.023778664527036822 -0.07665299829380778 460.3881406992697 0.009147381165190685 0.9825365979564169 0.18584444865007474 -65.32368111567456 0.07973350896541914 0.18454378556196951 -0.9795846868742484 250.94924995013974
-0.9969803707558235 0.02340517698933575 -0.07404281205950149 459.71438081628463 0.00925698211887516 0.9825188296302938 0.18593293872783453 -65.39763212840037 0.07710025038630948 0.18468607720133026 -0.9797686483442674 252.14395420000284
-0.997116019248021 0.023888564855601258 -0.07203457939156736 459.1838375135208 0.010219848581277268 0.9827881245524271 0.18445340043951283 -65.38821328826641 0.07520105620239688 0.18318525788901038 -0.9801979200335924 253.09228582905584
-0.9972219605964968 0.025401144893240905 -0.07002244741646423 458.63028236674086 0.012254453565967473 0.9831962129724566 0.18214015253210789 -65.60698860152193 0.07347237352827567 0.18077607318097313 -0.9807761323020605 254.0193587636209
-0.9973308679375286 0.0254632032554222 -0.06843073241569912 458.2110588608696 0.012716232879367954 0.9834705848918999 0.18062089046879812 -65.36608787283105 0.07189879887963109 0.17926860832939198 -0.9811693680437182 254.81862119062637
-0.9973993316491896 0.02586384736728147 -0.06727283720129415 457.8989059040467 0.013285396284246714 0.9833751949893658 0.18109865854058158 -65.75531346751981 0.07083834746322348 0.17973393468955604 -0.9811613737044941 255.26120240073743
-0.997481722431533 0.02559725230750277 -0.06614373809612188 457.6059231881263 0.01309698359349484 0.9830402374438824 0.18292173350104507 -66.20412883014077 0.06970424976838964 0.18159480235012693 -0.9808999160585367 255.65199055554376
-0.9975712841692447 0.025224156122535837 -0.06492514881638674 457.2909638593254 0.012822537275660535 0.9826978231238064 0.18477167251920898 -66.62295810634046 0.06846251192249904 0.1834904094922605 -0.9806345670460654 256.08907802502154
-0.99763194843931 0.026012928293259123 -0.06366963966283753 456.9439795287877 0.013889784151064595 0.9828441280027425 0.1839143657976883 -66.84151021810575 0.06736148268426587 0.1825944895448349 -0.980878016390641 256.6334294399825
-0.9977406904187154 0.02503451183248827 -0.06234410878418229 456.6101961313804 0.013217514255018815 0.9829881885696443 0.18319257203687836 -66.33500446512278 0.06586965917403342 0.1819546491570839 -0.9810982079539332 257.3407088807486
-0.997840667326082 0.02469059826852937 -0.06086359328351718 456.22299180969713 0.013131808635162969 0.9829398149574774 0.18345810359133308 -66.3746586251547 0.06435493945462743 0.18226270745410572 -0.9811415531100954 258.0004539742698
-0.9978905267599322 0.024790135541460766 -0.05999954818680849 455.9909866149507 0.013179472078001058 0.9823330525514365 0.18667639213548712 -67.33421486830505 0.0635672723854842 0.18549184091170415 -0.9805875681634235 258.1448591336681
-0.9979254074556584 0.026859149535196802 -0.0585104028417518 455.5555746841993 0.015194179449681726 0.9814010129988509 0.19136663396652986 -69.58727033869596 0.06256211365762038 0.19008060861401643 -0.979773108512178 258.2994116699102
-0.9979909626943522 0.02674325213401035 -0.05743550161439439 455.2701704808714 0.014962667204630128 0.980389252682691 0.19650198933954507 -70.98308329805228 0.061564250750933656 0.19524782121594073 -0.9788197644816456 258.4063438111308
-0.9980587963792922 0.028228735178847098 -0.055513759376584176 454.72649469677714 0.016632085150103258 0.9798148008895183 0.19921428086709306 -72.50700387757024 0.060016770268638095 0.19790425581082347 -0.9783822835775828 258.9239754609353
-0.9981138886710489 0.028388568802367807 -0.05443118961872976 454.4324722865829 0.01702708951583863 0.9798859510921212 0.19883058385195562 -72.56829187044515 0.05898087371832079 0.19752876249711881 -0.9785211518009104 259.40681456992917
-0.9981824160144755 0.027830888038908482 -0.05345377470740649 454.18013395666594 0.016788378179874466 0.9802827327086274 0.19688553606447246 -71.89592198665132 0.05787931165445857 0.19563027788221055 -0.9789682219858493 260.01996049705076
-0.9982787184597793 0.026037700192828278 -0.05255129340909711 453.97065570174635 0.015366777340230705 0.9808653545242184 0.1940799279890984 -70.45287608729411 0.05659913801884615 0.19293831776696468 -0.9795771246373495 260.7649777899293
-0.9983569616123706 0.024491136128927768 -0.05180310271817521 453.7967393832986 0.014158171885854116 0.9814588372497858 0.191149410025637 -69.06691495998955 0.05552407918161357 0.1901019069746877 -0.9801930124192996 261.42313155845306
-0.9984000380147795 0.024456922915702093 -0.05098257558796204 453.575488104467 0.014431089659875874 0.9819751562776274 0.18845831397090787 -68.40188689403055 0.05467273308803468 0.1874210537133544 -0.9807569734045537 261.9670826847303
-0.9983889434870507 0.02594546957041218 -0.05046137266842382 453.40761966025116 0.016054207618213558 0.9821607380095314 0.18735673761657068 -68.79363845369589 0.05442223755563555 0.18624477797066963 -0.9809949555110331 262.14128286571645
-0.9983396592998703 0.026609482283639567 -0.05108679008917407 453.5644606976218 0.016454309723938347 0.9816887923370801 0.18977979526618252 -69.67560159718589 0.055201271366947434 0.18862409828111074 -0.9804966951433903 261.6228166035412
-0.9982823258588592 0.026058993497814868 -0.05247215200186907 453.94900641917934 0.01556818960053595 0.9814246087337978 0.19121550367130793 -69.70453301385763 0.056480344814706776 0.1900701613341533 -0.9801445324134705 260.93421095032556
-0.9982093554132714 0.026547427521266355 -0.05360332879051692 454.24484446993097 0.015714037876874316 0.9810273435701804 0.19323151963703825 -70.35600098060843 0.05771613101226822 0.1920431859234741 -0.9796878395495866 260.23088379527854
-0.9981447292110073 0.027266521150983047 -0.054439290706326776 454.4563157605541 0.016210917375045104 0.9808583794923045 0.1940465035438417 -70.81167874536435 0.05868820755607061 0.1928039838905143 -0.979480636914177 259.7250494887212
-0.9981191767159494 0.02808510754324674 -0.05449161225509634 454.45493641873486 0.017007601728731826 0.9808527493460378 0.1940067668504235 -71.14962800619405 0.05889694860782127 0.19271510276727666 -0.9794855989804474 259.6232033909621
-0.9981252039574099 0.027145303052944533 -0.054856264429349884 454.57090814114133 0.016098968283467796 0.9811472922412986 0.1925897560821387 -70.33710438495409 0.059049982601071575 0.19134556030839492 -0.9797448525535001 259.62962902258784
-0.9982055787296497 0.02656257163830526 -0.05366611948860426 454.2612903352475 0.01590440288688622 0.9816458402086407 0.19004866316258143 -69.51069958516588 0.05772930418614842 0.18885410821327828 -0.9803068158740663 260.3817235466286
-0.9983120759577747 0.026242271653290666 -0.05181063766595824 453.7676390997176 0.01602972445713881 0.9819442998738461 0.18848989330754654 -69.11111626500087 0.0558215633129933 0.1873412264391823 -0.9807075088656947 261.3355288556561
-0.9983709138142204 0.028240913052822697 -0.04957791120752593 453.12551453363966 0.0184390795156325 0.9819862683805745 0.18805044285672284 -70.04145843297155 0.05399554422704339 0.1868299214310607 -0.980907264557506 262.189490931118
-0.9984508324256871 0.029212585084070014 -0.04735567654630719 452.50318925367395 0.019832933460291198 0.9820382346560884 0.18763677790857777 -70.53310173549872 0.05198644033603532 0.18640689511458328 -0.9810962641223993 263.12003038083384
-0.9984887050212846 0.031829323648284266 -0.044801786806007424 451.75371952817517 0.02280968500853144 0.9816951871157181 0.189088016182008 -72.26362356896274 0.0500002421467111 0.18778033376775244 -0.9809375729552527 263.92679252075396
-0.9985088558424104 0.03330242039426868 -0.04325521471642111 451.2990554796082 0.02451257169676428 0.9815127498567557 0.18982058818115513 -73.225260630354 0.04877702976905509 0.1884772417681034 -0.9808655008217979 264.42792178317325
-0.9986056173007921 0.033553798930445695 -0.04075492206641006 450.60826551290927 0.02525860066139725 0.9816028129751002 0.18925623015372411 -73.38796000313789 0.04635541163588129 0.18796292223921862 -0.9810816050030505 265.5496772687761
-0.9987076744881317 0.03307358537411279 -0.03858910298269995 450.02269162741663 0.02522841233879444 0.9817486317233424 0.18850239075462333 -73.15476808392785 0.04411924896654423 0.18728524250417117 -0.9813142869696649 266.59673212076666
-0.9988230554739737 0.030705486159952486 -0.03754566517344512 449.78432695168107 0.023134807104112497 0.9819694438008255 0.18761874144592453 -71.9773210124013 0.04262962061631547 0.18652931287381655 -0.9815240857385675 267.3092700026335
-0.9988429654477577 0.03195668032830286 -0.03593745897979106 449.31341333912445 0.024801461561549738 0.982542650313044 0.18437686357086525 -71.76457774728038 0.041202158680589476 0.18327223166157264 -0.9821983868963776 268.1483878304454
-0.9988805008685914 0.03097959838455957 -0.0357492582922121 449.28166685466795 0.02409979868260327 0.983561919644056 0.17895572058349554 -69.87615968945832 0.04070558546403546 0.17789382988184702 -0.9832074250136634 268.6918327487792
-0.9989059239841049 0.03168129030142435 -0.03439841383404871 448.89245093867225 0.02518488273068816 0.9842234300842059 0.17512841389997696 -69.23715665884252 0.03940401897399659 0.17407049008409503 -0.9839445044160672 269.49898872111606
-0.9989810256822177 0.03019824401211655 -0.03354066763630366 448.6852131185629 0.023881307543195236 0.9842929238144205 0.17492033409208593 -68.60350945638238 0.03829612874601879 0.17394109976496155 -0.9840111281563965 269.9997095023459
-0.9989194245137882 0.03156263320837654 -0.034114271412351814 448.81623755198524 0.02514726277817228 0.9843573950983407 0.17437928171079645 -69.00194783047421 0.039084504650918485 0.17333297118598426 -0.9840874364587889 269.672957576691
-0.9988827654637414 0.03161961140180706 -0.03512009445184816 449.09430118428304 0.025129459098410783 0.9847926742066356 0.171906658144365 -68.27339498995215 0.04002163346153331 0.17083204911181332 -0.9844870135513875 269.3894081838609
-0.9987859970649583 0.032110765045345276 -0.03735546593418064 449.70276472924434 0.025276421704716303 0.9849715199689244 0.17085727188478977 -68.03183100328047 0.04228042777411843 0.16970563814531991 -0.9845874068912964 268.428197027884
-0.9985805311299591 0.031662063677366986 -0.04283032304219851 451.2178838345914 0.02390206155080743 0.9850011201902337 0.1708844190603857 -67.43584930068054 0.04759846953243492 0.16961812092955886 -0.9843597303580106 266.0191369115541
-0.9983202307464474 0.03161483388222355 -0.04855120143682884 452.7786245130094 0.022866934742901066 0.9849734610372599 0.17118523402368918 -67.06852736654153 0.05323363765349899 0.16978746517596854 -0.9840418672451368 263.4427269770854
-0.997988172892453 0.030790320257260518 -0.055421682988146266 454.64978446130726 0.020814793030636543 0.9848217291807136 0.1723162967470028 -66.4963434666915 0.05988615163687689 0.17081603528932723 -0.9834813322733483 260.34245115323733
-0.997420047365255 0.03120581815153181 -0.06464863515485803 457.0982513835159 0.01955011130644481 0.9846139717608321 0.17364653685364384 -66.32824805251484 0.06907273168043984 0.1719346490002867 -0.9826837915684528 256.05845858781294
-0.9965172478558265 0.03349319995625767 -0.07636478430886438 460.1146586103254 0.01976718948012876 0.9845690931359727 0.17387627515410334 -66.49045874979583 0.0810100792858884 0.171761190022947 -0.9818021494455974 250.54997217387265
-0.9953730010821528 0.03700092323855836 -0.08867649291781321 463.1909588207412 0.02120561155004195 0.9847192702585108 0.1728533506193463 -66.8243213501222 0.09371718495290707 0.17017311909064914 -0.9809476024658311 244.72122872558646
-0.9937337565667346 0.040730784568856704 -0.10408757970176563 466.95496642232587 0.022237577990455767 0.9846691268265113 0.17300925061924624 -67.32298601214318 0.10953862873381437 0.1696104768672034 -0.9794047043750583 237.3147570099392
-0.9917313942049567 0.04276991023527965 -0.12099411773618926 471.00943655068113 0.021243593288496652 0.9845346731770812 0.17389705879137224 -67.14489933986667 0.12656046575643456 0.16988882273582084 -0.9773025306510524 229.21155605341278
-0.9891195945871475 0.043240960752126016 -0.14061524425534447 475.60069482891697 0.0181124566648729 0.984349718609365 0.17529281327888901 -66.17583265171254 0.14599440577405762 0.17083866888645977 -0.974422794630638 219.8154814754512
-0.9866531533990861 0.04129278700621806 -0.15751336650868314 479.4763322570134 0.01310023187262037 0.9843063809992127 0.17598105650642434 -64.17387181171694 0.16230816003061344 0.17156880271626554 -0.9717099398081631 211.8415439229545
-0.9844757813757719 0.04163942233203105 -0.17050980732033683 482.3203631643487 0.010641996777950583 0.983825759224485 0.17881169813785613 -63.918289658920955 0.17519755645882085 0.17422122142328256 -0.96899575964843 205.35879036816942
-0.9831570081032842 0.04168019040217741 -0.17794678739847158 483.9174194780694 0.008398422246790646 0.9829227187554287 0.18382708031789036 -64.39343970373496 0.18256988777222605 0.17923641003566698 -0.9667174072066578 201.4126234941804
-0.9817154693302341 0.044505213134477334 -0.18507842467876423 485.35112429427113 0.009254711910856733 0.9822936528690497 0.18711902586488868 -65.72876633495697 0.19012913397258535 0.1819847947962482 -0.9647447573725405 197.49070716318937
-0.9807282516305104 0.04565347934567553 -0.18996804014727425 486.34024542769373 0.009464692694957911 0.9822762057774891 0.1872000938984012 -65.84456646678183 0.1951474213151494 0.181794431672189 -0.9637781220628706 195.00141632092055
-0.9803556047881103 0.045037395710146706 -0.19202739686874376 486.7836726499969 0.008845514216100206 0.9826410402804062 0.18530607878559488 -65.02064133535653 0.1970397042192033 0.1799672718698819 -0.9637360302577261 194.16880330950542
-0.9798135653278832 0.04392443901690828 -0.19502825655917613 487.431340713504 0.007445619508317437 0.982904741009689 0.18396421622373713 -64.01452133222949 0.19977472299968105 0.17879852839921936 -0.963390443326419 192.87313956720914
-0.9798135653278832 0.04392443901690828 -0.19502825655917613 487.431340713504 0.007445619508317437 0.982904741009689 0.18396421622373713 -64.01452133222949 0.19977472299968105 0.17879852839921936 -0.963390443326419 192.87313956720914
-0.9798135653278832 0.04392443901690828 -0.19502825655917613 487.431340713504 0.007445619508317437 0.982904741009689 0.18396421622373713 -64.01452133222949 0.19977472299968105 0.17879852839921936 -0.963390443326419 192.87313956720914
-0.9799031232360443 0.04695747785254359 -0.19386816228038486 487.1102547177859 0.011790147120838902 0.9838321820786399 0.17870430867007905 -64.39110017881085 0.19912524074841628 0.17282717604621614 -0.964613863531297 193.55906029342802
-0.9799031232360443 0.04695747785254359 -0.19386816228038486 487.1102547177859 0.011790147120838902 0.9838321820786399 0.17870430867007905 -64.39110017881085 0.19912524074841628 0.17282717604621614 -0.964613863531297 193.55906029342802
-0.9799031232360443 0.04695747785254359 -0.19386816228038486 487.1102547177859 0.011790147120838902 0.9838321820786399 0.17870430867007905 -64.39110017881085 0.19912524074841628 0.17282717604621614 -0.964613863531297 193.55906029342802
-0.9799031232360443 0.04695747785254359 -0.19386816228038486 487.1102547177859 0.011790147120838902 0.9838321820786399 0.17870430867007905 -64.39110017881085 0.19912524074841628 0.17282717604621614 -0.964613863531297 193.55906029342802
-0.9799031232360443 0.04695747785254359 -0.19386816228038486 487.1102547177859 0.011790147120838902 0.9838321820786399 0.17870430867007905 -64.39110017881085 0.19912524074841628 0.17282717604621614 -0.964613863531297 193.55906029342802
-0.9797829864390276 0.04561587490502873 -0.1947934584149811 487.3372343679515 0.010921930008762414 0.9844032433766822 0.17558748780693925 -63.101638739703084 0.19976488913095788 0.16991011266583608 -0.9649997630488719 193.41108664135754
-0.9797829864390276 0.04561587490502873 -0.1947934584149811 487.3372343679515 0.010921930008762414 0.9844032433766822 0.17558748780693925 -63.101638739703084 0.19976488913095788 0.16991011266583608 -0.9649997630488719 193.41108664135754
-0.9797829864390276 0.04561587490502873 -0.1947934584149811 487.3372343679515 0.010921930008762414 0.9844032433766822 0.17558748780693925 -63.101638739703084 0.19976488913095788 0.16991011266583608 -0.9649997630488719 193.41108664135754
-0.9797829864390276 0.04561587490502873 -0.1947934584149811 487.3372343679515 0.010921930008762414 0.9844032433766822 0.17558748780693925 -63.101638739703084 0.19976488913095788 0.16991011266583608 -0.9649997630488719 193.41108664135754
-0.9797829864390276 0.04561587490502873 -0.1947934584149811 487.3372343679515 0.010921930008762414 0.9844032433766822 0.17558748780693925 -63.101638739703084 0.19976488913095788 0.16991011266583608 -0.9649997630488719 193.41108664135754
-0.9797829864390276 0.04561587490502873 -0.1947934584149811 487.3372343679515 0.010921930008762414 0.9844032433766822 0.17558748780693925 -63.101638739703084 0.19976488913095788 0.16991011266583608 -0.9649997630488719 193.41108664135754
-0.9797829864390276 0.04561587490502873 -0.1947934584149811 487.3372343679515 0.010921930008762414 0.9844032433766822 0.17558748780693925 -63.101638739703084 0.19976488913095788 0.16991011266583608 -0.9649997630488719 193.41108664135754
-0.9797829864390276 0.04561587490502873 -0.1947934584149811 487.3372343679515 0.010921930008762414 0.9844032433766822 0.17558748780693925 -63.101638739703084 0.19976488913095788 0.16991011266583608 -0.9649997630488719 193.41108664135754
-0.9797829864390276 0.04561587490502873 -0.1947934584149811 487.3372343679515 0.010921930008762414 0.9844032433766822 0.17558748780693925 -63.101638739703084 0.19976488913095788 0.16991011266583608 -0.9649997630488719 193.41108664135754
-0.9797829864390276 0.04561587490502873 -0.1947934584149811 487.3372343679515 0.010921930008762414 0.9844032433766822 0.17558748780693925 -63.101638739703084 0.19976488913095788 0.16991011266583608 -0.9649997630488719 193.41108664135754
-0.9797829864390276 0.04561587490502873 -0.1947934584149811 487.3372343679515 0.010921930008762414 0.9844032433766822 0.17558748780693925 -63.101638739703084 0.19976488913095788 0.16991011266583608 -0.9649997630488719 193.41108664135754
-0.9797829864390276 0.04561587490502873 -0.1947934584149811 487.3372343679515 0.010921930008762414 0.9844032433766822 0.17558748780693925 -63.101638739703084 0.19976488913095788 0.16991011266583608 -0.9649997630488719 193.41108664135754
-0.9797829864390276 0.04561587490502873 -0.1947934584149811 487.3372343679515 0.010921930008762414 0.9844032433766822 0.17558748780693925 -63.101638739703084 0.19976488913095788 0.16991011266583608 -0.9649997630488719 193.41108664135754
-0.9797829864390276 0.04561587490502873 -0.1947934584149811 487.3372343679515 0.010921930008762414 0.9844032433766822 0.17558748780693925 -63.101638739703084 0.19976488913095788 0.16991011266583608 -0.9649997630488719 193.41108664135754
-0.9797829864390276 0.04561587490502873 -0.1947934584149811 487.3372343679515 0.010921930008762414 0.9844032433766822 0.17558748780693925 -63.101638739703084 0.19976488913095788 0.16991011266583608 -0.9649997630488719 193.41108664135754
-0.9797517867302717 0.04661246263270537 -0.1947144440614374 487.2957719903617 0.012071567870843652 0.9845053343101142 0.17493862913624722 -63.41761944816551 0.1998517291593434 0.16904592583746134 -0.9651335458421161 193.42201826918802
-0.979854252681191 0.045693097482919776 -0.194416522818924 487.2579323008232 0.01098591469172052 0.9843331592573566 0.17597596786157263 -63.242972213434854 0.19941151717233144 0.1702949571445009 -0.965005012624381 193.5653601453637
-0.9798542498441093 0.0456931601297202 -0.19441652239405371 487.25793230080563 0.010985980233927207 0.9843331607179037 0.17597595560019252 -63.24297221360259 0.1994115275021422 0.170294931893057 -0.9650050149459335 193.56536014535908
-0.9798542488275797 0.0456931593130311 -0.19441652770928092 487.25793230076476 0.010985978493404852 0.9843331607565083 0.1759759554929147 -63.242972213600886 0.1994115325929824 0.1702949318890489 -0.9650050138946544 193.5653601453505
-0.979947690191936 0.04604939449569313 -0.19386071740832275 487.1368552412017 0.011364807863892424 0.9842615517556424 0.17635203111331516 -63.51940787401714 0.1989305547916316 0.17061257574444766 -0.9650481767083645 193.7847589921588
-0.9798608638388029 0.045859892957863344 -0.19434391612543056 487.2384098126526 0.011141800101766873 0.9843101627956059 0.176094757752125 -63.346050820039515 0.19937037846071148 0.17038302038401784 -0.9649979681622403 193.5807488859688
-0.9791717780457361 0.045875320382248036 -0.19778292155436045 487.9461824822118 0.010408520007316405 0.9842001630831795 0.176753222596647 -63.21578080540061 0.20276659436408523 0.17101313974916854 -0.964178517829101 191.84278368898407
-0.9796971045148626 0.04613137838481831 -0.1951037655544126 487.38658897664806 0.011210987560255244 0.9842500043571336 0.17642630949182772 -63.472976596850366 0.20016967093722837 0.17065703868079715 -0.9647840576966343 193.16486434242725
-0.9796971045148626 0.04613137838481831 -0.1951037655544126 487.38658897664806 0.011210987560255244 0.9842500043571336 0.17642630949182772 -63.472976596850366 0.20016967093722837 0.17065703868079715 -0.9647840576966343 193.16486434242725
-0.9796971045148626 0.04613137838481831 -0.1951037655544126 487.38658897664806 0.011210987560255244 0.9842500043571336 0.17642630949182772 -63.472976596850366 0.20016967093722837 0.17065703868079715 -0.9647840576966343 193.16486434242725
-0.9796971045148626 0.04613137838481831 -0.1951037655544126 487.38658897664806 0.011210987560255244 0.9842500043571336 0.17642630949182772 -63.472976596850366 0.20016967093722837 0.17065703868079715 -0.9647840576966343 193.16486434242725
-0.9796971045148626 0.04613137838481831 -0.1951037655544126 487.38658897664806 0.011210987560255244 0.9842500043571336 0.17642630949182772 -63.472976596850366 0.20016967093722837 0.17065703868079715 -0.9647840576966343 193.16486434242725
-0.9796972292681121 0.04613121026885317 -0.1951031788657352 487.3865889795037 0.011210964613265307 0.9842500406374646 0.17642610854855992 -63.47297659880045 0.20016906163746762 0.17065687488138 -0.9647842130854426 193.16486434214715
-0.9796972461263289 0.046131023534384565 -0.19510313836573032 487.38658897983424 0.011210782030851046 0.9842500408360056 0.17642611904301128 -63.472976598382076 0.2001689893533561 0.17065692421344084 -0.9647842193564652 193.1648643421786
-0.9797547763998463 0.047522095082945595 -0.1944793783428326 487.2179482218284 0.01269237410082285 0.9842089831971412 0.17655475364241519 -64.16180083305612 0.1997986030015523 0.17051195815243175 -0.9648866204718829 193.3562254631349
-0.9798424559333861 0.045823939788258675 -0.19444518017351925 487.2601828379201 0.011121660974635007 0.9843397512533081 0.1759305623242956 -63.28940151812359 0.1994619517792694 0.17022168088953776 -0.9650075176637458 193.5444571162971
-0.9798424559333861 0.045823939788258675 -0.19444518017351925 487.2601828379201 0.011121660974635007 0.9843397512533081 0.1759305623242956 -63.28940151812359 0.1994619517792694 0.17022168088953776 -0.9650075176637458 193.5444571162971
-0.9798424559333861 0.045823939788258675 -0.19444518017351925 487.2601828379201 0.011121660974635007 0.9843397512533081 0.1759305623242956 -63.28940151812359 0.1994619517792694 0.17022168088953776 -0.9650075176637458 193.5444571162971
-0.9798424559333861 0.045823939788258675 -0.19444518017351925 487.2601828379201 0.011121660974635007 0.9843397512533081 0.1759305623242956 -63.28940151812359 0.1994619517792694 0.17022168088953776 -0.9650075176637458 193.5444571162971
-0.9798424559333861 0.045823939788258675 -0.19444518017351925 487.2601828379201 0.011121660974635007 0.9843397512533081 0.1759305623242956 -63.28940151812359 0.1994619517792694 0.17022168088953776 -0.9650075176637458 193.5444571162971
-0.9798424559333861 0.045823939788258675 -0.19444518017351925 487.2601828379201 0.011121660974635007 0.9843397512533081 0.1759305623242956 -63.28940151812359 0.1994619517792694 0.17022168088953776 -0.9650075176637458 193.5444571162971
-0.9798424559333861 0.045823939788258675 -0.19444518017351925 487.2601828379201 0.011121660974635007 0.9843397512533081 0.1759305623242956 -63.28940151812359 0.1994619517792694 0.17022168088953776 -0.9650075176637458 193.5444571162971
-0.9798424559333861 0.045823939788258675 -0.19444518017351925 487.2601828379201 0.011121660974635007 0.9843397512533081 0.1759305623242956 -63.28940151812359 0.1994619517792694 0.17022168088953776 -0.9650075176637458 193.5444571162971
-0.9798424559333861 0.045823939788258675 -0.19444518017351925 487.2601828379201 0.011121660974635007 0.9843397512533081 0.1759305623242956 -63.28940151812359 0.1994619517792694 0.17022168088953776 -0.9650075176637458 193.5444571162971
-0.9798424559333861 0.045823939788258675 -0.19444518017351925 487.2601828379201 0.011121660974635007 0.9843397512533081 0.1759305623242956 -63.28940151812359 0.1994619517792694 0.17022168088953776 -0.9650075176637458 193.5444571162971
-0.9796121038189071 0.04796247949246517 -0.19508902227554942 487.3321930366691 0.013120573569569163 0.9842844050711103 0.17610241475635108 -64.21835175179328 0.2004693906827187 0.16995237713767716 -0.9648462120486107 193.05194217961227
-0.9799081098541634 0.045733865826212736 -0.1941352872577029 487.1990131153093 0.011045536145037112 0.9843054626236092 0.17612709155774844 -63.31317120170862 0.19914339650942364 0.17044403705003233 -0.9650340604666644 193.69055202701207
-0.9799081098541634 0.045733865826212736 -0.1941352872577029 487.1990131153093 0.011045536145037112 0.9843054626236092 0.17612709155774844 -63.31317120170862 0.19914339650942364 0.17044403705003233 -0.9650340604666644 193.69055202701207
-0.9799081098541634 0.045733865826212736 -0.1941352872577029 487.1990131153093 0.011045536145037112 0.9843054626236092 0.17612709155774844 -63.31317120170862 0.19914339650942364 0.17044403705003233 -0.9650340604666644 193.69055202701207
-0.9799081098541634 0.045733865826212736 -0.1941352872577029 487.1990131153093 0.011045536145037112 0.9843054626236092 0.17612709155774844 -63.31317120170862 0.19914339650942364 0.17044403705003233 -0.9650340604666644 193.69055202701207
-0.9799081098541634 0.045733865826212736 -0.1941352872577029 487.1990131153093 0.011045536145037112 0.9843054626236092 0.17612709155774844 -63.31317120170862 0.19914339650942364 0.17044403705003233 -0.9650340604666644 193.69055202701207
-0.9799081098541634 0.045733865826212736 -0.1941352872577029 487.1990131153093 0.011045536145037112 0.9843054626236092 0.17612709155774844 -63.31317120170862 0.19914339650942364 0.17044403705003233 -0.9650340604666644 193.69055202701207
-0.9799081098541634 0.045733865826212736 -0.1941352872577029 487.1990131153093 0.011045536145037112 0.9843054626236092 0.17612709155774844 -63.31317120170862 0.19914339650942364 0.17044403705003233 -0.9650340604666644 193.69055202701207
-0.9799081098541634 0.045733865826212736 -0.1941352872577029 487.1990131153093 0.011045536145037112 0.9843054626236092 0.17612709155774844 -63.31317120170862 0.19914339650942364 0.17044403705003233 -0.9650340604666644 193.69055202701207
-0.9799081098541634 0.045733865826212736 -0.1941352872577029 487.1990131153093 0.011045536145037112 0.9843054626236092 0.17612709155774844 -63.31317120170862 0.19914339650942364 0.17044403705003233 -0.9650340604666644 193.69055202701207
-0.9799081098541634 0.045733865826212736 -0.1941352872577029 487.1990131153093 0.011045536145037112 0.9843054626236092 0.17612709155774844 -63.31317120170862 0.19914339650942364 0.17044403705003233 -0.9650340604666644 193.69055202701207
-0.9799642280108298 0.045914117102790114 -0.19380919913618588 487.12443712559735 0.011309269372783565 0.9843240286356977 0.17600655407297575 -63.39390041308441 0.19885223721495393 0.17028828644701557 -0.9651215919528207 193.84168616814742
-0.9798504884654538 0.04582981496919246 -0.1944033135363212 487.251448158039 0.011120714391915025 0.984327419766251 0.17599960343060025 -63.3090736991905 0.19942254126709216 0.17029139366452048 -0.9650033633508073 193.5600413785678
-0.9798504717786618 0.04582961287870889 -0.19440344528459774 487.25144815748286 0.011120490548537247 0.9843274244806427 0.1759995912076608 -63.309073699060505 0.1994226357390098 0.1702914208017876 -0.965003339038894 193.5600413785356
-0.9798504731737715 0.04582972488818218 -0.1944034118471423 487.25144815759364 0.011120611829841934 0.9843274255611758 0.1759995775013031 -63.309073699163264 0.19942262212112763 0.17029138441148675 -0.9650033482747886 193.5600413788439
-0.9798505157141287 0.04582981769834333 -0.19440317555146197 487.2514481575708 0.011120742622942714 0.9843274203370604 0.17599959845437935 -63.30907369916082 0.19942240580804904 0.17029138963061263 -0.965003392055906 193.56004137825747
-0.9796916321205112 0.04311919919083877 -0.1958188974899758 487.6141012977171 0.00839031734418872 0.9845640874688046 0.17482322569265293 -61.766540836354466 0.20033449160819186 0.16962986861947757 -0.9649309815443933 193.13998625703917
-0.9796319440871951 0.04631414390794969 -0.1953874463675097 487.4399806132816 0.011745576234962998 0.9845881110277989 0.17449439263660926 -63.14507438190054 0.200457715149234 0.16864534294425154 -0.9650779516393297 193.13827697404588
-0.9796319440871951 0.04631414390794969 -0.1953874463675097 487.4399806132816 0.011745576234962998 0.9845881110277989 0.17449439263660926 -63.14507438190054 0.200457715149234 0.16864534294425154 -0.9650779516393297 193.13827697404588
-0.9793921678579519 0.04629873915616043 -0.19658944094495787 487.68648794319387 0.011533875064991657 0.9846032786058556 0.17442291559478276 -63.031132889296806 0.2016381691656776 0.16856099937752314 -0.9648467433869299 192.55188996702125
-0.9791259421758195 0.04617195661373355 -0.19794074815654653 487.96550993018855 0.011257015611077479 0.9846805057245975 0.1740045437495334 -62.787655086353915 0.20294252624288936 0.1681441407495689 -0.9646459863461535 191.92221640306886
-0.9791259421758195 0.04617195661373355 -0.19794074815654653 487.96550993018855 0.011257015611077479 0.9846805057245975 0.1740045437495334 -62.787655086353915 0.20294252624288936 0.1681441407495689 -0.9646459863461535 191.92221640306886
-0.9789022176960438 0.045949622992962166 -0.19909565624737283 488.2072511279003 0.010755460917458853 0.9846230591352415 0.17436098038153922 -62.670914010009916 0.20404599542804172 0.16854098482554067 -0.9643439055564236 191.34549150871453
-0.9783525323066826 0.046046932143307906 -0.20175728628550488 488.7435963719219 0.01068058573209782 0.9848667804361336 0.1729836694077882 -62.23676533130752 0.20666941626065743 0.16708412501956388 -0.964038716830878 190.11278760801144
-0.9776614424847417 0.04642462655277779 -0.20499477536778635 489.38458634698804 0.011091085129812914 0.9853382520225784 0.17025133459604017 -61.62098449401259 0.20989304826338892 0.16417455086134605 -0.9638421162930046 188.65804445235415
-0.976839451374146 0.04681091641799817 -0.20879038374207903 490.13182510317995 0.011375887007972436 0.9857580332252782 0.16778465104595933 -61.027014378544045 0.2136709513102782 0.16152349066293634 -0.9634598520593481 186.90344778468486
-0.9752196565637805 0.04727729032690313 -0.21612838608329038 491.5639551256634 0.011337000299477058 0.9862963122472301 0.16459361127250371 -60.07990587587554 0.22094817011197848 0.15806467748001168 -0.9623915335544615 183.41509362009512
-0.9732187823975356 0.048188414095672844 -0.22477339330001275 493.2084636017747 0.01113625782820164 0.9865171500620138 0.1632785852312079 -59.60837098359352 0.22961094344617392 0.15640265144959967 -0.9606336582013421 179.10311275116237
-0.9704867484306435 0.049715881543136956 -0.2359741558792095 495.2749951710568 0.010735599336799653 0.9864554252408605 0.1636778571455311 -59.54850162472413 0.2409153752407604 0.15631386737990313 -0.9578756478986934 173.32536471623646
-0.9666051627178139 0.05052326499808345 -0.2512406398280378 498.03097215029896 0.00913517193695591 0.9865435834218416 0.16324309064359854 -58.71852106620581 0.25610741504484136 0.15549648775173447 -0.9540596596942583 165.53400923793
-0.9616846686568185 0.05371757426709928 -0.26884385855972953 500.997599375511 0.009301952146112836 0.9864452176664096 0.16382706195662952 -58.96183076630925 0.27400013094284575 0.15504920108768241 -0.949148920604862 156.23258206081442
-0.9550807106331715 0.05782561832164027 -0.2906493317421464 504.44699821454003 0.010103786362185042 0.9865613970135579 0.16307827391717214 -59.09625535397058 0.29617351278867526 0.15281625498740928 -0.9428300178367464 144.6488470697212
-0.9471587262806651 0.06370389878946053 -0.31437582685284554 507.86710024619475 0.011327373855253928 0.9861120654304418 0.1656945533626611 -60.39651623756866 0.32056518499664227 0.15337798959280502 -0.9347262457407184 131.54816252026373
-0.9373143701897099 0.06848401067320467 -0.34168949606035587 511.4996576648015 0.010578494936910553 0.9856396343353082 0.1685307291630517 -60.894157678313654 0.34832437020791024 0.15435171365900838 -0.9245786508511811 116.36575763211412
-0.9254233572430995 0.07586124440160308 -0.3712636279879175 514.8754256850893 0.011586453670324015 0.9849625287610428 0.17237914905230728 -62.45855855048298 0.3787576586159757 0.15522206200953642 -0.9123862929183295 99.4095007194945
-0.9114384297206409 0.08283862169930548 -0.40301085789756536 517.9695479133607 0.01201777693764055 0.9844636438056934 0.175176788023681 -63.463365181444914 0.4112609413326889 0.1548195620061493 -0.8982735337047255 80.99067307923099
-0.8948559315168552 0.08600045454168874 -0.4379917620774669 520.8944566192845 0.007824463791756789 0.984134663849343 0.17725050402329726 -62.22489604290201 0.4462864994546361 0.15518661420613686 -0.8813316487995667 60.630606867946476
-0.8759539168693411 0.0892961969723921 -0.4740579339358505 523.1168301871458 0.0038564098446350267 0.9839826264740829 0.1782226666287855 -60.763479547843566 0.4823793772793046 0.15428668122502592 -0.8622677985244477 39.18503518888806
-0.8541863069058734 0.09150861954818787 -0.5118514683410512 524.5920148822169 -0.0010823008198163203 0.9840770504422334 0.17773909929402243 -58.45182981716111 0.5199659428457218 0.15237628208254705 -0.8404861015741186 16.29600355799256
-0.829886171255724 0.09536737947043253 -0.5497217529727724 524.9646182434319 -0.004736775337215719 0.984043378023079 0.17786566034041695 -56.881830848217675 0.5579126326925391 0.1502121602995921 -0.8161922574860715 -7.483905470709262
-0.8018850298757452 0.09978715487650497 -0.5890865153632594 524.1432736473772 -0.007811612718240567 0.9841192922517484 0.17733639593906952 -55.37574491754166 0.5974272989811527 0.1468051168712134 -0.7883710294604399 -32.97842084191223
-0.7709243867766887 0.10684366724544035 -0.6279012825616237 521.8409353801791 -0.009138757674692632 0.9838727613415355 0.1786361458337721 -55.170803674653456 0.636861109647268 0.1434531988480113 -0.7575150868194793 -59.32511378283708
-0.7381620187803078 0.11312360080090815 -0.6650713382577971 518.2709794915709 -0.008846863945465133 0.9841328177276247 0.17721266904433497 -54.88445260727118 0.6745654653393627 0.13669545717880804 -0.7254486783764692 -85.24267284156187
-0.7037130366168667 0.11961897633196895 -0.7003422467599396 513.4015763629453 -0.008139712754474102 0.9843030799284602 0.17629858740109527 -54.92858126244262 0.7104376870435176 0.12976419900973774 -0.6916932452204648 -110.84668627895567
-0.6666156509903325 0.1250146276748281 -0.734843464094265 507.1502369620603 -0.008853434117551656 0.9844381696060011 0.17550813920474756 -54.38451888410005 0.7453490394164747 0.12350236066614673 -0.6551350825217862 -136.8541885070489
-0.6289145884472993 0.13045505953381298 -0.7664515104559412 499.78660086813466 -0.011568518776632501 0.984142835588222 0.177000137100762 -53.62549652199707 0.7773883262639586 0.12018467706992919 -0.6174326146116011 -161.95485516876462
-0.5905011305121642 0.1371034868426317 -0.7953056322945589 491.2952488933409 -0.014702947510094995 0.9834727047338369 0.18045847826584926 -53.25453593632717 0.8069028678833476 0.11825427239259861 -0.5787259186026886 -186.250183509151
-0.5503850989176846 0.1443770267843319 -0.8223329721142688 481.51585119503375 -0.01593596005317542 0.9829389396948944 0.18324051410280684 -53.522469389479106 0.834758820298746 0.11395751387422275 -0.538694159022587 -210.1874585589742
-0.5109329969061279 0.14632287046541043 -0.8470756107050215 471.3974538123737 -0.01461262557170602 0.9837856540693174 0.1787519455035528 -52.79734449055696 0.8594963314909632 0.10370826594908775 -0.5005103912282036 -232.17145380553194
-0.46991823841381475 0.14888106258165873 -0.8700639507591456 460.0737221849877 -0.016141920595477866 0.9840594712638779 0.17710560526235472 -51.645286529819536 0.8825623420504333 0.09726965724424005 -0.4600242669403883 -254.12287364377212
-0.4308125887155811 0.15600388505485463 -0.888855050754605 448.32862725699914 -0.016535130938930706 0.983414966805869 0.18061448587265796 -52.49432168055663 0.9022899217263886 0.09250832886829083 -0.4210880029649196 -274.16422217959393
-0.39405091703881195 0.16282733275315484 -0.9045502387868596 436.71011414285323 -0.017445860237596533 0.982679306410714 0.1844912537567249 -53.22280808390545 0.9189230200302099 0.08847960477223774 -0.3843850189561334 -292.1989104394674
-0.35951553622396243 0.1691043005341598 -0.9176885717684673 425.32576152331114 -0.016444961123089824 0.9821415004538225 0.18742368137451146 -54.516899039958226 0.9329941813683817 0.08247307819626284 -0.3503142145354315 -308.32307850888134
-0.32555650449985835 0.1758649467053438 -0.929023402772051 413.66317694389625 -0.013213179378402579 0.9816080593668377 0.19044954627613403 -56.819346210502665 0.945430258807358 0.07427744143680326 -0.31724515350916616 -323.4208190779836
-0.292001322809765 0.18848180221317085 -0.9376618994668721 401.3475276495214 -0.00986993229095462 0.9797432600531744 0.20001432152960935 -61.07381802995378 0.9563669860016705 0.06765910592708953 -0.28422602532355734 -337.8565492475625
-0.2583028213534007 0.1973886754486825 -0.9456835428860375 388.81394224126797 -0.0074890767527034385 0.978465065151223 0.20627658618467887 -63.94345768848135 0.9660349715254957 0.06036412082709251 -0.25126202798375025 -351.7138271759455
-0.22497113500809923 0.2008319131949644 -0.9534435122520984 376.4035624059124 -0.006923513041428742 0.9781734556427489 0.2076746389020287 -64.59904555175596 0.9743408301925628 0.05332197781752958 -0.21867033018060344 -364.86530913590053
-0.193789109550111 0.20245124148829188 -0.9599267033683481 364.5772415797385 -0.008142196493301973 0.9781098502011953 0.2079298573453557 -64.13700738796112 0.9810094217977927 0.04811045374183079 -0.18789863912417146 -376.77899301282264
-0.16386422765688283 0.20579891063420758 -0.9647773438862393 352.8134639103677 -0.006510735491350242 0.977750105088601 0.20967198745323867 -65.36148769844631 0.9864614159802576 0.04063914837939932 -0.1588783635402323 -387.6293709569553
-0.1354078524198003 0.20643155758306342 -0.9690462969006631 341.5438679550685 -0.004226894589930516 0.9779249715611578 0.2089135786856249 -66.14505482562552 0.9907809277863514 0.03238459558091705 -0.13154615579285187 -397.48307372528734
-0.10997866408004127 0.20524058812684698 -0.9725127219900598 331.38354504334666 -0.0021236321337450292 0.9783972834284342 0.20672263051349865 -66.4324923798681 0.9939316795603861 0.024800338005880482 -0.1071669706629058 -405.9642431193993
-0.08776953753012011 0.2024059147645117 -0.9753606276398948 322.4697647723816 -0.001061466687577936 0.9791197554690381 0.2032815233579335 -65.89825811217223 0.9961402419188875 0.018877238108159 -0.0857220409882305 -413.18497423076326
-0.06800252354741293 0.19943036635094508 -0.9775495822557091 314.4374299472488 -0.001421545406449884 0.9797973513072965 0.19998782357899564 -64.7809718863738 0.9976841363877852 0.014989307800359133 -0.06634519313277445 -419.5240560094264
-0.053179605330749606 0.1962968836398401 -0.9791013548403215 308.3945781783054 -0.0009656806624279007 0.9804782143426516 0.19662537644033595 -64.00258600603878 0.9985844966940575 0.011401959162033432 -0.051951884369514464 -424.1243998758163
-0.04198452254281544 0.193184795831301 -0.9802637066251462 303.83272478567864 -0.00022892526838214078 0.981126920165908 0.1933647178752672 -63.3772456386505 0.9991182349752573 0.008342732488743745 -0.04114792041583562 -427.518430039511
-0.033865361115500384 0.19063081274755378 -0.9810774844770028 300.51791266979563 -2.6561088536145028e-05 0.9816403774040942 0.19074110397199653 -62.70242822894944 0.9994264037992119 0.006485574851506887 -0.03323854250445062 -429.9753426637494
-0.02905624998297861 0.18783960089766996 -0.9817698399683761 298.625136139219 -0.0009168677121921542 0.9821791182591838 0.18794504252363348 -61.49653484760732 0.9995773575319347 0.006361131205699283 -0.028366217923066227 -431.4873998150333
-0.026292218501448864 0.18554030023414803 -0.9822848447549692 297.5766151403431 -0.0027897031350356954 0.982607093595853 0.18567583895469242 -60.011837731889784 0.999650407293815 0.007622112839147613 -0.025317318048657115 -432.4420946767253
-0.025290752521776913 0.18346143774686283 -0.9827015206545353 297.27268517429593 -0.0033061531685964485 0.9829952244166439 0.18360135654536291 -59.180325855521964 0.999674670674469 0.007892378217347826 -0.024254137337087856 -432.7884320557969
-0.02662067479860833 0.18304686929481745 -0.9827437017425412 297.87339182356607 -0.002521014697212026 0.983076683223811 0.1831771803106698 -59.402145359067795 0.9996424281502677 0.007353811463261917 -0.025708700838424678 -432.368022604171
-0.02795560319619654 0.18142919755403303 -0.9830065770506504 298.5496872946796 -0.001508753713320779 0.9833821414354289 0.18154142108098192 -59.371298316258944 0.999608027134721 0.0065582147547574715 -0.02721730896068042 -431.92917604544414
-0.02848698190319647 0.18203204410543952 -0.98287986385969 298.7417796555372 -0.002061162457562854 0.9832661269512935 0.18216332012654804 -59.30956058692141 0.9995920385194007 0.0072151582795532965 -0.02763508674910401 -431.8290153756602
-0.029863533610631415 0.18292554883019269 -0.982673095665827 299.28118724666234 -0.0061230996227546325 0.9830596526129795 0.18318358839005827 -57.8186864303085 0.9995352305003042 0.011487514510165123 -0.028237563618029014 -431.68195766898157
-0.030210863305815724 0.18188121416752134 -0.9828563107958688 299.4947509406534 -0.010226114678308224 0.9831974389198437 0.18225866969789367 -55.74334889252926 0.9994912357379144 0.015556993103040359 -0.0278433052759285 -431.83178497410705
-0.0314213988198195 0.17883298059168545 -0.9833775779164884 300.2016782651407 -0.01570963499709911 0.9836534889818132 0.1793851191770478 -52.49051385243233 0.999382761040265 0.021085034185402293 -0.028098367727265792 -431.7745120438254
-0.03188513991183892 0.17709120339628998 -0.9836778149030586 300.50554530466053 -0.0172367459038998 0.9839344408117838 0.17769611918960598 -51.32610809176779 0.9993429003317363 0.02262127016893878 -0.028320411234603025 -431.72854918026775
-0.030611096819632512 0.17811807256787673 -0.9835328733581832 299.89517969822685 -0.01994921276872294 0.9836891252608281 0.17876726141409488 -50.44315899546385 0.9993322719002962 0.025092968502983218 -0.026558487726167417 -432.2815788403867
-0.03143708227645174 0.1746257140206181 -0.9841329025394551 300.4576777435762 -0.020161724824851138 0.9843084360455945 0.1753009058207129 -49.3397725625184 0.9993023640070259 0.025352765771504818 -0.027423029695944044 -432.04347248008065
-0.03005166363456548 0.17354088460582134 -0.9843680505192273 299.9227340184183 -0.021272482934516848 0.984478754356733 0.17420982661725987 -48.5322517218012 0.9993219596219206 0.026175247667291734 -0.025893578875086268 -432.53123927619157
-0.032274820529547124 0.1740679070535746 -0.9842046025566906 300.8498545982754 -0.025416731349193103 0.9842562163046805 0.17491052121904027 -46.90980842083456 0.9991558065323487 0.030660469656896852 -0.027342455506227666 -432.08940432176075
-0.03216442303432648 0.17009695121367563 -0.984902267780251 301.03216863490303 -0.029175135974124633 0.9848324347142695 0.1710376770646035 -44.124247636826134 0.9990566857449883 0.03423598578362698 -0.026713965367632445 -432.28034043917273
-0.028383875542207223 0.16444767233966434 -0.9859773418650504 299.7183862254441 -0.022855156220917064 0.986010127525881 0.16511108457796658 -45.18116087215814 0.9993357781263119 0.02722115865391013 -0.02422831150156128 -433.1081660581179
-0.03256593756902623 0.1534335811805551 -0.9876221928836757 302.12076857684207 -0.020339421368913688 0.987839945988848 0.15413808435013088 -43.08987333935347 0.9992626119537487 0.02510731516630732 -0.029049183749490323 -431.6808407892226
-0.029510452447556873 0.14154188923030286 -0.9894923075948885 301.40267459163897 -0.02051616670349294 0.9896291377791578 0.14217333280990327 -39.522033110727335 0.9993539013283208 0.024496188511637984 -0.026300506616172316 -432.54949304521193
-0.02776920503112193 0.13182820180859248 -0.9908835433388994 301.1117316965832 -0.02236900656640814 0.9909356394527506 0.1324620172260724 -35.87218085072991 0.9993640471805916 0.025843445402680416 -0.024568629032715165 -433.10311307326333
-0.03130501764496145 0.12638536636603948 -0.9914871330676817 302.88312463921994 -0.02489121068211872 0.9915670938155933 0.1271814691410555 -33.21946365364645 0.9991998916638388 0.028660733253370402 -0.02789514058670644 -432.1058407294057
-0.029596802183066057 0.10983073791294727 -0.9935095562248176 302.835585974508 -0.025688461460525905 0.9935331154010393 0.11059860554860684 -28.02845827730168 0.9992317710362936 0.028795096995890473 -0.02658402040079203 -432.5333939064652
-0.029884788006475864 0.09394180129609137 -0.9951290556581361 303.5453878069924 -0.0223546084338482 0.9952619017741806 0.09462567494401701 -24.833855284580856 0.9993033427981602 0.025073588616054424 -0.027643158761898892 -432.259540092474
-0.03173765846487325 0.07482534171402178 -0.996691471455709 304.9521315423467 -0.02012165600242967 0.9969438949990361 0.07548502622288848 -20.22601003842109 0.9992936705467951 0.022450800910661258 -0.030135055061886084 -431.53857222707813
-0.03330530938976227 0.05318932163973482 -0.9980288835649783 306.18479393049205 -0.01891002091495536 0.9983705816939036 0.05383858019276184 -14.432974038398946 0.9992663145905841 0.020665857632368757 -0.03224522992429272 -430.92798352452496
-0.03517181685029725 0.028313387718507915 -0.9989801276178373 307.4571755716874 -0.013950361346393464 0.9994872971288294 0.028818922540785927 -9.303379205382804 0.9992839089656923 0.014949747623562515 -0.034758802169200104 -430.19438711419554
-0.03564916332647611 -0.008007449425808694 -0.9993322860329369 308.00341777762725 -0.0070829475576135595 0.99994480802823 -0.007759687576346575 -1.627444106564169 0.9993392662194448 0.006801591804829757 -0.035703912123213416 -429.92978098013157
-0.03736031105965765 -0.0459412792566664 -0.9982452634587289 308.7235798238022 -0.0058932129074555015 0.9989354235301175 -0.045752482537372324 8.976860228756204 0.999284482617014 0.00417354489207351 -0.037591279891496444 -429.3533306750211
-0.03958745905848701 -0.006573670648028416 -0.9991944855429816 309.71628735336304 -0.014029073036610197 0.9998834512310929 -0.00602238025470268 0.9289823902374756 0.9991176198001043 0.013779361683692957 -0.03967506769450939 -428.7788624312329
-0.038558381080456394 -0.01870087466996575 -0.9990813423015328 309.3090708029551 -0.021543485989481158 0.999608027824759 -0.017879287449917534 7.714624970311579 0.9990240885283375 0.020834298521284156 -0.03894614929939397 -429.03121479098434
-0.03973625027638602 -0.00806702279146802 -0.9991776386395236 309.7859485419695 -0.02564726252189536 0.9996461891929073 -0.00705084088825449 6.355856066032796 0.9988809980869119 0.025345997226000703 -0.03992908821290778 -428.7518764725189
-0.04131843574732659 -0.003753105249183472 -0.9991389798563473 310.446727112983 -0.023372405802555583 0.9997229383637665 -0.0027887553348078294 4.107838127340853 0.9988726232680494 0.02323705468223769 -0.041394707092815446 -428.3454747005069
-0.04086862050014916 0.003594548092855244 -0.9991580631123501 310.20300831819253 -0.018628330738433167 0.9998169760055604 0.00435887428085105 -0.07534206267641368 0.998990861395796 0.0187907880384211 -0.04079418013124907 -428.5779478034229
-0.042209238910637145 0.0023485772991894615 -0.9991060325787522 310.79017129068853 -0.013539279184868379 0.9999040690092639 0.0029224472402573642 -1.8990218028914505 0.9990170509404428 0.013650529784137683 -0.04217339169278925 -428.1849970520307
-0.04331856323983588 0.0016866798607432457 -0.9990598866884226 311.27372295760364 -0.009596055454724587 0.9999517427318816 0.0021042640478919315 -3.397072322332603 0.9990152240073953 0.009678187770484884 -0.04330028733083704 -427.8641516832945
-0.044435766858994044 -0.00688114039130574 -0.998988544744417 311.8095949737436 -0.0137667190687754 0.9998855445805523 -0.006274964934804514 0.8987142605091718 0.9989173840061721 0.01347396176952982 -0.04452541167129964 -427.52163926669414
-0.046857426743338336 -0.008060729587677083 -0.9988690635901718 312.85250224717885 -0.014144622595660544 0.9998725374947177 -0.007405296449181054 1.3935233931657016 0.9988014373290712 0.01378163279108363 -0.046965470156197925 -426.7978842981519
-0.04883380635743671 -0.009292912065881852 -0.9987636863352514 313.70574562754604 -0.016082836284487912 0.9998343919526339 -0.00851651605724286 2.5740614178645314 0.9986774262662048 0.015647058958242085 -0.04897517546948212 -426.20197252642186
-0.04649673510116211 -0.005487921309871647 -0.9989033668702038 312.6883653686939 -0.015833843607706906 0.9998633248055742 -0.004756164983390413 1.363111878249001 0.9987929430174899 0.015595333546904558 -0.046577275038603906 -426.9881242794206
-0.04939310098266416 -0.006817160542360311 -0.9987561503677741 313.93687208687584 -0.01919153266657261 0.999798563461855 -0.005875165828984217 3.174374120233015 0.9985950163350626 0.018877468626642534 -0.049513983166635966 -426.1005870414961
-0.0505009410925108 -0.0044827840030193244 -0.9987139528395271 314.40007708963645 -0.020598701891017045 0.9997818855500016 -0.0034459841103517547 3.0860100124903473 0.9985115664974421 0.02039818554837807 -0.05058226563884001 -425.79576394396724
-0.05189367060687317 -0.0013325300680841184 -0.9986517267368856 314.978336914435 -0.021471782139399133 0.999769430884465 -0.00021826752238501314 2.5278341720510857 0.9984217593395607 0.02143150560671834 -0.05191031732445558 -425.40936575560056
-0.053829796847899174 0.0007305433567875008 -0.9985498581832146 315.7926088187892 -0.023964993507746744 0.9997107508454847 0.00202329684708818 2.9740066829612593 0.9982625065870638 0.024039154526763917 -0.05379671915787063 -424.83978153349585
-0.0572729227646323 0.0024115086270024774 -0.9983556465228903 317.2491083357422 -0.023031388861502623 0.999727761395246 0.003736070497198358 2.0623426631574695 0.9980928651408679 0.023207492794174812 -0.05720179047111732 -423.7976805763113
-0.05886864192545197 0.00564598075599274 -0.9982497712993257 317.90473539641664 -0.01910857110670117 0.9997944151751301 0.006781584982888341 -0.5591942952915177 0.9980828349932249 0.01947434943516602 -0.05874865280126844 -423.3474956195626
-0.06171187301549407 0.005454342208564419 -0.9980791025164245 319.1164795799425 -0.0160188424239638 0.999850857066529 0.006454479895679543 -1.8272045776293326 0.9979654510133683 0.01638638991356505 -0.06161529687735718 -422.4708236592133
-0.06568139632788454 0.006239293491943197 -0.9978211389788956 320.79472019575286 -0.01672117430680616 0.9998331573041617 0.007352542756928926 -1.7787542446640305 0.9977005344822767 0.017167666466717534 -0.0655661095526247 -421.23812712501035
-0.07007821138162003 0.0063995088950551966 -0.9975209724990522 322.653757259074 -0.020587051811419725 0.9997571662316268 0.007860144160294291 -0.21968053897948178 0.9973290417847395 0.02108684078777089 -0.06992944700427925 -419.8609605467083
-0.07507783327286018 0.0070475584560896355 -0.9971527720820219 324.7425518864171 -0.024978627606696557 0.9996479576437841 0.00894588964258714 1.4020829196623183 0.9968647787508287 0.025579145771885553 -0.07487536435732413 -418.28673435909855
-0.08083375981769014 0.009363272149966007 -0.9966836170061097 327.1534151452611 -0.025055587296086406 0.9996207950755951 0.011422941726322591 0.7122056505921592 0.9964126257826043 0.02589585270039276 -0.08056850497517863 -416.4487098446287
-0.08474416316831813 0.010048600512459815 -0.9963520725309113 328.7849892618446 -0.022045910338121977 0.9996854506805599 0.01195732139607267 -0.7732227140833773 0.9961588250104824 0.02297880165166328 -0.08449597640354574 -415.2005154665017
-0.0921585110713225 0.014422686346494596 -0.9956398922078542 331.8310524951699 -0.020569574600746425 0.9996541556737863 0.01638479920149939 -2.719116687086875 0.9955318686199157 0.021989887736861367 -0.09182997005040881 -412.805502187065
-0.0969924736376856 0.01675490683872745 -0.9951440765811091 333.812149827045 -0.021739049216952543 0.9995840980310472 0.01894847494128688 -2.948886762626356 0.9950476741326447 0.02347134551497264 -0.09658789853253352 -411.2496867310411
-0.10456864215241332 0.021508991456186885 -0.9942850508606363 336.8828594694512 -0.020234067129257946 0.9995131391432435 0.023750099103537405 -5.016432913200889 0.9943118130676157 0.022601946078973922 -0.10408251739669802 -408.76209742505097
-0.11611160249932975 0.024905444875314795 -0.9929238714929763 341.57234116710606 -0.016836972082141115 0.9994925727857741 0.02703910718162893 -7.4798304392202395 0.9930934558923158 0.019857385569028784 -0.11563335203227522 -404.86246243437654
-0.12638135614813314 0.029423750779650194 -0.9915452565103702 345.68629838525453 -0.019331619477414807 0.9992971215449028 0.03211777327979312 -7.859012975255508 0.9917933460688972 0.023227263337052665 -0.12572371666210017 -401.39824467420226
-0.13940216565977284 0.030947057671306195 -0.989752148687162 350.91792591101427 -0.021455095554397178 0.9991825021344214 0.03426377537792374 -7.546398943051138 0.9900033914508156 0.02601167141661556 -0.13862423260742363 -396.8904534770599
-0.1550430347692605 0.031225969980560344 -0.9874140955892372 357.1571172195994 -0.020575560293476073 0.999181463399877 0.03482886039895236 -8.099198815948998 0.9876934259617949 0.025716570472232983 -0.15427363454265045 -391.3307593842909
-0.16906520660428853 0.038234420493097596 -0.9848629777818872 362.5709924902187 -0.012519317841220073 0.9990833516643663 0.04093559707499522 -13.446899186437408 0.9855253536041778 0.019250597825855878 -0.16843156440141321 -386.2226855026309
-0.18480079453382403 0.046200433743208286 -0.9816894551036018 368.5513634493342 0.0007983778168130333 0.9989011402450598 0.046860160157437034 -21.07254174184278 0.9827756757940892 0.00787603574512262 -0.1846346097794576 -380.22908213736315
-0.19209954454959485 0.04816207145119519 -0.9801929299160285 371.3321703690508 -0.0034057073863022376 0.9987563116288947 0.049741643907753666 -20.052914201743597 0.981369535975637 0.012893597441243864 -0.19169660665746288 -377.6074417051686
-0.1899096097128807 0.046604880094052996 -0.9806948176115342 370.52010563279975 -0.007656822026049871 0.9987720438579468 0.04894668001285807 -17.93836158869097 0.9817717215397697 0.016804450578304084 -0.1893195637687733 -378.53819053218587
-0.1981216499920126 0.047614135767841945 -0.9790202785844243 373.6673421706413 -0.01193521996221707 0.9986281984259491 0.05098305437099933 -16.63950652770925 0.9801047710979146 0.021785669225991015 -0.19728158121699998 -375.53381037287727
-0.20711619717641705 0.046574299655805534 -0.9772070995847046 377.119698233973 -0.017436651971121972 0.9985317617499362 0.05128629392544053 -14.292749227943686 0.9781609499643795 0.02766144226427724 -0.20600000139961785 -372.20447393685436
-0.21460651850058526 0.04813004651630573 -0.9755139880285655 379.9298572097401 -0.0158576149133743 0.9984817391954376 0.05275180132007866 -15.420313711584082 0.9765718500275937 0.026790205590703678 -0.2135174620917239 -369.32946912454287
-0.22252839201498834 0.048206017098947854 -0.9737336877517793 382.91708380184326 -0.01641238889490883 0.9984500394402211 0.053180374505857324 -15.296998135428712 0.9747880529827937 0.027815439188999237 -0.22139230588423153 -366.2753610629054
-0.23572051346338882 0.04790707380502646 -0.9706393520829432 387.85453858730716 -0.013886967784752617 0.9985161781014626 0.05265542892611233 -16.256918878943733 0.9717216636765392 0.02589120215608716 -0.23470546221298527 -361.0443208849572
-0.24509060516525108 0.049420051125660475 -0.9682397708245969 391.29150203882074 -0.009396173899719595 0.9985319524023898 0.053344652473492224 -18.44244275831611 0.9694546442076479 0.022172022420350778 -0.24426644109663168 -357.2535623761964
-0.25889950496324343 0.055447046104887515 -0.9643115012318529 396.2147793120038 0.0008777296218120505 0.9983641073463025 0.0571693865047677 -24.10582623968619 0.9659038647404298 0.013954721095851441 -0.2585246406798364 -351.4905842001479
-0.26294721665488124 0.05166733272493699 -0.9634257874805624 397.7726746963277 0.0006202640118491559 0.998573918692772 0.053382995224294155 -22.88875434143208 0.9648100209502423 0.013439331666867348 -0.26260427993149954 -349.84676337880467
-0.27268880720619065 0.05190535465764826 -0.9607011234417958 401.2861193378201 -0.01052204844037409 0.9983230303962158 0.056924629793563865 -18.993470468584917 0.9620447499576531 0.0256312531566373 -0.27168536570919116 -346.08779317392515
-0.2809594975093148 0.05183860900492065 -0.9583185897058181 404.2508544069471 -0.014855580823598884 0.9981856193425725 0.058350501763726796 -17.493269222679082 0.9596046438391733 0.03063050691908515 -0.27967963738565776 -342.7409850189267
-0.2877502730332816 0.05430631004943193 -0.9561645282366874 406.6099613380991 -0.012593169564730666 0.9980901283716456 0.06047733234349741 -19.114932993378847 0.9576226774933779 0.02944351093003119 -0.2865168183798768 -339.8912569424145
-0.2938067410940018 0.05761867714447907 -0.954126661891304 408.67260836441346 -0.002202935704119717 0.9981380941902138 0.060954835744275807 -23.850309582849405 0.9558623049174007 0.020010821333678767 -0.29313277037469876 -337.1460333787039
-0.300584549789688 0.06195331772550222 -0.9517408864026665 410.94649646133 0.007868921672043644 0.9980151750890927 0.06248031981037222 -28.749559468779587 0.9537227104874088 0.011291444313732482 -0.30047544789193686 -334.02575419258443
-0.3065449295368685 0.06567494620330444 -0.9495878093238292 412.93152491757525 0.017129430092633242 0.9978359576106224 0.06348215752471825 -33.13859532509615 0.9517020483323222 0.003194235508633854 -0.307006527714929 -331.19954387661005
-0.31222750344424893 0.0544290245449507 -0.9484468711425309 415.1944984784959 0.019647236831556687 0.9985138206776366 0.050834397809295176 -30.55975734859465 0.9498041757003683 -0.002762463182398197 -0.31283285732050214 -328.6506312360916
-0.31877081802009394 0.05025263331399613 -0.9464987260550375 417.5536882891106 0.019341472204361172 0.998730475093843 0.04651177885002989 -29.162598781314365 0.9476344617159973 -0.003480081009863037 -0.31933809043770006 -325.8200772008096
-0.3218259440383744 0.044707894815538975 -0.945742705964456 418.7250023735751 0.015172864733863483 0.9989997714611386 0.042062344161483786 -26.01792791846893 0.9466772659779977 -0.0008128725324002134 -0.3221823913851734 -324.62297928495025
-0.3248268566293535 0.0384987692606842 -0.9449896073384648 419.8778174012783 0.008846895899868291 0.9992511323187887 0.037668381868021655 -21.93663303320299 0.9457321215044091 0.003875477393922796 -0.3249241988983567 -323.47710974503985
-0.32929481576525527 0.0342698483348853 -0.9436050560511164 421.51319636973983 0.0021152065200931644 0.9993654186462213 0.03555679844193001 -18.33951605824715 0.9442247879670942 0.00971274982518546 -0.32915833922191523 -321.6029187194432
-0.3335163055427091 0.034552000535110684 -0.9421109452692734 422.9217614158879 -0.002339678745535513 0.9992947331371701 0.03747748961282358 -16.922089310717595 0.9427414278796228 0.01470359083126706 -0.3332002469629287 -319.86586165350343
-0.2582444759586538 0.02952596250433324 -0.9656282971076569 424.2678414552395 -0.016864112601813152 0.9992427765391229 0.03506387372408172 -13.096725821134308 0.9659323953274339 0.025339516028876505 -0.2575509980264659 -318.2998370483684
-0.3418323076515293 0.0301860116519245 -0.9392760393761677 425.7961504106322 -0.015147962314830137 0.999177151821875 0.03762390881917913 -11.289414237372366 0.9396388735484174 0.027089185622223823 -0.34109377499301563 -316.36167550813747
-0.34723972310406676 0.021600865570721117 -0.9375275874902064 427.7445080601189 -0.01971222781219133 0.9993456623494723 0.030326147430473138 -7.13836098139254 0.9375691989252267 0.029011200421391683 -0.3465867098964104 -313.8863115686818
-0.3514142251648737 0.03173941921428212 -0.9356819179719738 428.98163907968825 -0.02054837914947312 0.998922939380191 0.041601986663723146 -10.055690050119663 0.9359945547203257 0.03384627672254601 -0.35038353712170883 -312.15007898158
-0.3559105605930858 0.0328158114175139 -0.9339436789118097 430.45528402684477 -0.021447550368076277 0.9988332117176726 0.0432691316410133 -10.135724196515563 0.934273876035033 0.03543074499313657 -0.3547914695531829 -310.1515988415682
-0.36303257745220924 0.026278595733659274 -0.9314058101142983 432.9157997076201 -0.012018165815392381 0.9993870167618275 0.032880912674791596 -11.281136092286662 0.931698938176297 0.02313063194468411 -0.3624942240463979 -306.70804212918597
-0.36925934643337316 0.028386046702597804 -0.9288927642221119 434.92278717666596 -0.0030210039056980456 0.99949145393938 0.031744401672517006 -14.931421540003837 0.9293214775345504 0.014528105683201767 -0.3689858066894415 -303.73768457611413
-0.3771447381642126 0.030206967688150843 -0.9256615934444588 437.4596007293145 -0.0020057807643100167 0.9994389899585592 0.03343175427855067 -15.866166295653471 0.9261521599168103 0.014465284432145745 -0.3768725676242888 -300.066301912071
-0.38636471557329466 0.030788513161151804 -0.9218320747388282 440.4189846752313 -0.005765773722009156 0.9993425602525075 0.03579389782281752 -14.890787211601857 0.9223280665865881 0.019144574304206782 -0.38593318445212377 -295.79755038900646
-0.3897004453909116 0.02770952423074643 -0.9205247118513609 443.38245139497013 -0.013381070481484281 0.9992713637651889 0.03574476901071745 -11.653712178639363 0.9208444547342916 0.026247358453102918 -0.38904571242893765 -291.5253981563453
-0.40530047325900265 0.025187199726629098 -0.9138364904871984 446.5108268675185 -0.017679812509849152 0.9992174721264679 0.035381741432672656 -9.488138762893573 0.9140125549496819 0.03049669436386211 -0.4045380093727067 -286.831619612798
-0.4143416534506101 0.02017216046356846 -0.9098978394072856 449.39553250997045 -0.025376809588956644 0.9991095706275968 0.03370583651869576 -5.584080304493468 0.909767559188005 0.0370560362501341 -0.41346080639708566 -282.43254519375375
-0.4262690342429481 0.020819917799195637 -0.9043568109260964 453.0557402625755 -0.02497064932435376 0.9990833151710623 0.034770620056612425 -6.073229240925373 0.9042517222089792 0.037404015421287115 -0.4253583930198858 -276.55293116698
-0.43969892642633146 0.013218891661549943 -0.8980479469397898 457.22854672820387 -0.025213926316961295 0.999315917561745 0.027054663690579708 -3.7148879476348573 0.897791240778843 0.03453922134281158 -0.43906483595229745 -269.67899862914885
-0.4513085768371926 0.01725409725606975 -0.8922011346109497 460.6137159182815 -0.03423159829338443 0.9987424261409814 0.03663009560876685 -2.505881002987338 0.8917111450192088 0.0470729471555067 -0.4501503876424264 -263.90235295326426
-0.47333368532955733 0.01695782679503422 -0.8807199636903487 467.11827939642137 -0.04484920219983652 0.9980540366532877 0.043320768484821845 0.2661348250865602 0.8797407410108831 0.0600047667312104 -0.47165205032434154 -252.5256293165262
-0.4932086882528399 0.0019127380423095836 -0.8699089212469858 472.8725899663446 -0.05074381348892589 0.9982315563982925 0.030964902764951556 6.4903298966444956 0.8684297641286335 0.05941465512668826 -0.4922394168813207 -241.62345234543642
-0.4873703805468096 -0.004945193530714577 -0.873181342692686 471.2996196172123 -0.0614105467836099 0.9977020026959553 0.028626186616769963 11.915076832733595 0.8710332122883697 0.06757409916102367 -0.4865540917649137 -244.49939551827632
-0.49021885564156337 0.001798314947390571 -0.8715975215871291 472.05969398953596 -0.05186277632053225 0.9981658185851046 0.03122900960091897 6.909316531189088 0.8700550132065227 0.06051251665298546 -0.489226439721444 -243.26376306875625
-0.4889939738293214 0.009383223112399908 -0.8722366930384388 471.6511621717859 -0.0477775540798451 0.9981529638354526 0.037522874525387245 3.261015141121197 0.8709777258258423 0.06002179529573738 -0.48764247682571726 -244.17376129359343
-0.4937204097777498 0.008549391596470838 -0.8695786708931061 472.98029235122783 -0.05435478136903453 0.9976930949493159 0.0406699647501632 5.268120574045765 0.8679203389201195 0.06734535020166763 -0.4921167433597433 -241.56325457773457
-0.4929834345343345 -0.0007014959330199355 -0.8700384136221729 472.8523516724213 -0.06086144750503449 0.9975777988611438 0.033681143492264906 10.198106243167132 0.8679073784006698 0.06955604303588989 -0.49183202355567085 -241.6750012282877
-0.49529115648831284 -0.0026102772085722682 -0.8687231185811529 473.50769053429474 -0.0622292034996602 0.9975331851636368 0.032481852303819087 11.1561668463836 0.8664953528647844 0.07014792192348712 -0.49423180038677084 -240.3734112012612
-0.49899576564252474 -0.004395251470047996 -0.8665932769386949 474.54395724109736 -0.061444678426349215 0.9976498417826869 0.030320697288521842 11.439696412574301 0.864423378538499 0.06837744478623549 -0.49809311145667556 -238.33429836314946
-0.49998273061022186 0.000927384138854629 -0.8660348775021737 474.78247274279545 -0.05619030639671593 0.9978576180948456 0.03350855826685643 8.175630727396102 0.8642105753568335 0.0654164655781641 -0.49885946665636344 -238.01471176302755
-0.5030829785364911 0.004854279413142464 -0.8642244804900123 475.60420178618676 -0.05643168959492795 0.9976656578126031 0.038453863665536464 6.83969814026042 0.8623937506245707 0.06811513189244447 -0.5016346755268825 -236.43691966595733
-0.505054385255274 -0.0008710150811722175 -0.8630870809293496 476.1881992974931 -0.06329116139055041 0.9973445186839295 0.036029709143386136 10.59451293478615 0.8607637868917655 0.0728227463355377 -0.5037683503277051 -235.1423432102814
-0.5063449986207111 0.0027065724887151907 -0.8623267459827251 476.5158110911071 -0.06525689392042977 0.9970073583742927 0.04144713673309902 9.886641934367713 0.8598582907477543 0.07725931537929753 -0.5046530669870861 -234.5324865819695
-0.5078182751532511 -9.258807256094792e-05 -0.8614642133297389 476.93883503487956 -0.06767359605637675 0.9969139464733713 0.03978527018490928 11.445809755129378 0.8588020050146455 0.07850206847170782 -0.50625738654215 -233.6218462787379
-0.5086756031847598 0.00015579069805581394 -0.8609582489609349 477.1715963342941 -0.06166905405832167 0.9974247786377227 0.03661609934223752 9.702096839317733 0.8587467953338588 0.07172019721631562 -0.5073560434399892 -233.25159553603444
-0.5110658064068854 -0.0013134993179327557 -0.8595405844061244 477.83080657205204 -0.05833968769060956 0.9977458098915544 0.03316292634868316 9.231708509544852 0.857559457041809 0.06709376694885923 -0.5099903960613082 -231.94271740285703
-0.5151386825307291 -0.0029365601112503956 -0.857101810974179 478.93910095302965 -0.05868376800208316 0.997768347603297 0.03185184286760823 9.768791326469884 0.8550955228122656 0.06670608020036958 -0.514161400467518 -229.64636124218012
-0.5175275028406481 -0.005759634517791792 -0.8556471880475881 479.5950599117924 -0.061072309514247955 0.9976756658667213 0.030223149207024288 11.305843138375245 0.853484303788956 0.06789766084052981 -0.5166763501828446 -228.22461672095005
-0.5210495646238588 -0.0035930434308590643 -0.8535188581655305 480.66243065444746 -0.0589727953275099 0.99775292724903 0.03180103107213876 9.906795793250097 0.8514866767111197 0.0669043063254935 -0.5200906201601386 -226.05521258290483
-0.5261374911717958 -0.004479469584452403 -0.850387720240415 481.8734315197843 -0.060923281858383985 0.9976152076371513 0.0324384219512552 10.592682789363288 0.848214415175227 0.0688754807121209 -0.5251556664891104 -223.45282877842598
-0.5292231246082838 -0.005183798743928179 -0.8484668600543143 482.68758159606267 -0.06408830125263451 0.9973689246352667 0.033880935855477856 11.579855607044998 0.8460588478483021 0.0723073744681266 -0.5281629195382137 -221.66055459367576
-0.5335932893915583 -0.006605941896408091 -0.8457154149286614 483.83486796113 -0.0625247494159571 0.9975412119349109 0.031657324616918954 11.534030066658518 0.8434268535129579 0.0697702803713049 -0.53269433144172 -219.16979225212654
-0.537170045868275 -0.007730482336018921 -0.8434385463474666 484.7660984393328 -0.06106897790482832 0.9976901084442489 0.02974941092125436 11.443374569646513 0.8412603174758303 0.06748842238009833 -0.5364013339702937 -217.12764351435985
-0.5420381064590706 -0.00913590123979327 -0.8403042463624719 486.02283346019505 -0.06162442630559062 0.9976808078561609 0.028903904891634892 11.9371006184229 0.8380913561353391 0.06745028498097386 -0.5413440106135962 -214.2956179423307
-0.5463966019535214 -0.010081653918121384 -0.8374658880383846 487.1364179568123 -0.06170424909860374 0.9976946660732292 0.028247812874714312 12.16426373225645 0.83525046484083 0.06710971273446671 -0.5457590562142554 -211.76030404214893
-0.5499414104112648 -0.012284617271886875 -0.8351128865568727 488.0390388686849 -0.060731913823057176 0.9978330413802413 0.025315137235388106 12.588753105845885 0.8329922447167546 0.06463984613488058 -0.5494957784491172 -209.66755736126646
-0.5550148040496446 -0.011782302553541828 -0.8317570225926987 489.3086707243765 -0.058703111252299406 0.9979615258632495 0.025034728398657665 11.769699817458793 0.8297665406697443 0.06272136990875757 -0.5545750785436848 -206.75717043177218
-0.5591673176939403 -0.014050420513363634 -0.8289357613870701 490.3449743853965 -0.05591741394633483 0.9982187165845994 0.020799920138056368 11.76738180885098 0.8271669442382948 0.05798257965624619 -0.5589569454044638 -204.30848844021517
-0.5633732468704414 -0.0161946831013088 -0.8260437742334874 491.3834786905995 -0.05444079411007349 0.9983626466515211 0.01755635804016459 12.058110465957954 0.8244069290388825 0.05486126147126083 -0.563332457206631 -201.80123703030281
-0.5682160836174565 -0.013155610899002534 -0.8227742170366751 492.55843529013725 -0.04840387663400639 0.9986752281902372 0.017460049426529282 9.404450990257384 0.8214545313316127 0.0497465426039941 -0.5681001095350268 -199.08026088476214
-0.5733970752240736 -0.012118057508138422 -0.8191879801405213 493.8051475732118 -0.04889279827008133 0.9986146241019213 0.019450624851107948 9.041201954940165 0.8178173930663244 0.051205324059191884 -0.5731951904772004 -196.00544011326292
-0.5796021645571191 -0.01092802693012742 -0.8148263060727216 495.27936479163026 -0.04959249473651331 0.9985297486703673 0.021884366248573275 8.641884936844768 0.8133891536690855 0.05309349534271786 -0.579291951822034 -192.2903999702501
-0.5819698640581219 -0.015722274788697338 -0.8130583542425721 495.8481745932564 -0.05172027056636476 0.9985045314121709 0.01771198356771146 10.804366050522614 0.8115639783410259 0.05235943873676979 -0.58191270671335 -190.72798328656933
-0.586813082010164 -0.017583602265807522 -0.8095314840777291 496.9829011040945 -0.04540831739649763 0.9989055145322496 0.011218633975705408 9.895214471995553 0.808448199634925 0.04334270375068691 -0.5869692654122776 -187.82322296960953
-0.5909556016150064 -0.02432242206804006 -0.8063373343115089 497.93834668177743 -0.04392722780759839 0.9990326119237782 0.002058875880762291 11.911609088070595 0.8055072163407261 0.03663686800883978 -0.591452334787443 -185.17813916988374
-0.5926759685892742 -0.030474574846012306 -0.8048642721258787 498.3155234174513 -0.045464724271027934 0.9989564965961965 -0.004344738797038205 14.464458491998158 0.8041567975859716 0.03401790993300264 -0.593443027341349 -183.99733087050646
-0.5954105006184545 -0.03363673327650445 -0.8027172017141324 498.92575184102225 -0.0474270951135588 0.9988523873317083 -0.006676748522877586 16.016894598386084 0.8020205772936073 0.03409513889447584 -0.5963224925335247 -182.2274117084456
-0.5963742000538679 -0.03580559273332196 -0.8019075838518581 499.13257383752926 -0.04409167890706656 0.9989576422919922 -0.01181324500637571 16.033951037233287 0.8014946895402772 0.02831233715962001 -0.5973312935074594 -181.67750303008694
-0.5967180008560998 -0.03539927143186923 -0.8016698316865818 499.2123536135566 -0.04364488201648607 0.9989794704041045 -0.01162505849024573 15.779755988345428 0.8012632224981167 0.02805190355800245 -0.5976540295009362 -181.49835658520476
-0.6010835601741104 -0.028639563239547427 -0.7986728548697926 500.2308605906881 -0.039887452650929536 0.9991872850308421 -0.005810383267441927 12.41298107721977 0.7981901683242136 0.028364499821831493 -0.6017374097897029 -178.96044284149707
-0.6050962383217001 -0.03548993983578171 -0.7953609284717102 501.094487117563 -0.04673702950073735 0.998866557387382 -0.00901391183270964 16.390298463876572 0.7947793356915966 0.03171852303518009 -0.6060690908255356 -176.22385524283683
-0.6080921310543794 -0.03857633067400381 -0.7929286391986818 501.7370696729419 -0.053050529618711685 0.9985606090309489 -0.007896290199499034 18.869920676515456 0.7920919147781511 0.037263612324497236 -0.6092633435055912 -174.15465076018953
-0.6119649285128662 -0.03661481687364773 -0.7900368861360536 502.5998199660867 -0.05720839820097176 0.9983603425406612 -0.0019559185498322744 18.983012636928056 0.7888131118620694 0.04399979122000204 -0.6130561906767393 -171.65651872364887
-0.614522205898572 -0.03251637270459096 -0.7882291189519004 503.1801414178427 -0.055102009666939566 0.9984791628637611 0.0017691403413011945 16.959558864167224 0.7869728248092291 0.044520184557331435 -0.6153793351899003 -170.17958305289255
-0.6195747584637593 -0.026591054175255518 -0.7844871155808889 504.2892785834637 -0.050434347474083846 0.9987094763023541 0.0059798443743237575 13.657915122466699 0.7833157060020165 0.04327005641002084 -0.6201162850214755 -167.18569632152548
-0.6226860592000223 -0.030996294485401105 -0.7818575966287726 504.95478656205506 -0.04814726534369612 0.9988394619533298 -0.0012530302096511008 14.754885093922985 0.7809890604341843 0.03686406072256382 -0.6234557951524495 -165.09002802580395
-0.6258817922374047 -0.03874246163257401 -0.7789550717546825 505.578944899666 -0.043664822571162096 0.9989395565622246 -0.014599507015453126 16.654282818333236 0.7786946548009193 0.024875369382460693 -0.6269097627111601 -163.00186543479177
-0.6305606913928098 -0.042796916439859174 -0.7749591204789201 506.4997597297477 -0.04422837054123011 0.9988374429509227 -0.019173257379221945 18.24312348338566 0.7748787425845991 0.02218527670555298 -0.6317204664944842 -159.96133850847744
-0.6361863374078949 -0.047295825927926305 -0.7700844427368491 507.60129223369285 -0.04461943240569395 0.9987041864658041 -0.024475583496005166 19.965062342362334 0.7702441498299885 0.018789698919128687 -0.6374722714496739 -156.23529296616073
-0.645999569016282 -0.04990714004138838 -0.761704558345076 509.57190645270975 -0.04240881771744022 0.998665730048448 -0.029466112852036756 20.43768680923428 0.762158808261498 0.013267893566398773 -0.647254134007442 -149.64355341675727
-0.6574912712348715 -0.050012501886116535 -0.7518004907587145 511.75645080440336 -0.033869487391613266 0.9987478038950522 -0.036819587703295076 18.78846153118489 0.7527005288119454 0.001254539717377618 -0.6583618610280486 -142.24402946474646
-0.6680064635327493 -0.03103455865822615 -0.7435080502908886 514.2052915345264 -0.02626547916408107 0.9994907440230969 -0.018121181430485862 9.997784011914447 0.7436917972404635 0.007423528880827691 -0.6684814148023898 -134.08526261544455
-0.6687498953340999 -0.028311089275487086 -0.7429482214223722 514.3519632585674 -0.024322576024971364 0.9995729490838173 -0.016196658772370896 8.572275463714545 0.743089489756207 0.007238900739377739 -0.6691529036998535 -133.6383803087655
-0.6682359792333101 -0.02467632064104627 -0.7435400159088408 514.2715991921992 -0.021499085402855982 0.9996728599190954 -0.013855052075610552 6.6331959958216045 0.7436386658753966 0.006726986011390941 -0.6685478907858904 -134.07372901322648
-0.6690414133856216 -0.031179143396197113 -0.7425708371543076 514.3906400045231 -0.02682240715463494 0.9994817268036799 -0.017799894942551325 10.151097180356665 0.7427409680698924 0.008008670464830833 -0.669530966832741 -133.41479193155644
-0.6708955637636446 -0.010293648715127477 -0.741480399820785 514.7489585546082 -0.014536300184979357 0.9998940769727794 -0.0007285682442660577 -0.3011619902357381 0.7414093595977823 0.010289588470096277 -0.6709741320423034 -132.43560114329168
-0.6715250472549261 -0.0007868446223748575 -0.7409814382188056 514.8279615551276 -0.009440457118247605 0.9999273582403558 0.007493731504516765 -4.969814063664028 0.7409217156209338 0.012027431895608422 -0.6714836946667646 -132.11948785025325
-0.6719606565059405 -0.06309920430857519 -0.7378938721277809 514.5368147541097 -0.051406550639840926 0.9979345493421363 -0.03852274367979784 27.137954585989714 0.73880054321814 0.012046810570878062 -0.6738164673675248 -130.49065870474274
-0.6716934494359635 -0.019218503121650663 -0.7405798803117595 514.900644726897 -0.01826513342758645 0.9997891876312732 -0.009378976301890015 3.88840039019864 0.7406040067982952 0.007226993383285628 -0.671902876672625 -131.84032322965464
-0.6722721153612553 -0.04717977673436344 -0.738799209240913 514.830315219853 -0.033072009919939915 0.9988848257871717 -0.03369491017922614 17.584712929868132 0.7395650377536502 0.0017814262337633897 -0.6730827448783806 -131.0126387902413
-0.6714523130739317 0.011110015312558199 -0.7409644787892478 514.6958337123516 0.0026887966919898745 0.9999175526679331 0.012556203204797039 -11.832833224373214 0.7410428878546882 0.006438588845836753 -0.6714268261945291 -132.20562846049836
-0.6744460452423452 -0.020337604588746908 -0.738043978294351 515.3956079658444 -0.02151850892503094 0.9997373588493677 -0.007884611248134249 4.896048371866095 0.7380104916805749 0.010563861059414873 -0.6747065428828399 -129.96322376126486
-0.6733160782872394 -0.04164232556643729 -0.7381811264461527 515.0738713384083 -0.036300027466269626 0.9990704560381146 -0.023249341447491356 15.955759190740439 0.7384631112830485 0.011141839758891346 -0.6742018189540481 -130.31662917024218
-0.6743577270654028 -0.043160803980368916 -0.7371423206864139 515.2379202910257 -0.03896680247234082 0.9989793519598208 -0.022843875831792104 17.023061606906822 0.7373759178684 0.013319135020898796 -0.6753512836961441 -129.51265106294096
-0.676756801956745 -0.08520675956880008 -0.7312592147310445 514.8789487223768 -0.06471306863861573 0.9963200089025961 -0.05620194487475573 38.231067359947836 0.7333569729351818 0.00928697927832135 -0.6797803338308863 -126.4319580264597
-0.6765924802685667 -0.08222548860397519 -0.731752406670362 514.9306388270941 -0.06392326776315402 0.9965530373894651 -0.052875887777995574 36.906831205590514 0.7335778291923152 0.011000576969805519 -0.6795164132115 -126.64151884841267
-0.6779339053887887 -0.055975623573636786 -0.7329886421288172 515.7067670824595 -0.04728645988919946 0.9983523280867636 -0.03250568742368863 23.547922913084548 0.7336004434536909 0.012623730402774624 -0.6794637818127365 -126.69364658593146
-0.678220836562277 -0.05123067577774938 -0.7330701976701277 515.8265605265567 -0.04508491466197655 0.9985885804500357 -0.02807485466934137 21.273563421160926 0.7334738218387125 0.014009455882990927 -0.6795733130598752 -126.63395390860899
-0.6814959039727919 -0.04662533206996338 -0.7303351362748973 516.4513007246599 -0.04300177724950798 0.9987953215130092 -0.023637954165033913 19.04906279972087 0.7305574447103327 0.015296539905814978 -0.6826798926621604 -124.46107136821887
-0.681897042785417 -0.04832041914639005 -0.7298503683180687 516.5000215664909 -0.04751070648723744 0.9986344156790202 -0.021726403073372043 20.491424131073337 0.7299035250014806 0.0198605366226655 -0.6832615921266707 -124.04885083264956
-0.6851006590187491 -0.05526221744732843 -0.7263492096332728 516.9484915618317 -0.053480987859289786 0.9982431055647548 -0.025504629580303383 24.250489390726823 0.7264825331346035 0.021372634728506867 -0.6868524874637142 -121.50852326726881
-0.6876776212507942 -0.05493931448627927 -0.7239345004588653 517.3860705655752 -0.05456055421278584 0.998223742267043 -0.02392710384423839 24.26916927940612 0.7239631448871156 0.023044133703765377 -0.6894536480047082 -119.65883561518278
-0.6913457193141084 -0.058628849643521656 -0.7201414821932808 517.9322625836095 -0.05859919075559878 0.9979687153612503 -0.02499155863495825 26.376484823141904 0.7201438961963413 0.02492190100479777 -0.6933770025184424 -116.8457683246571
-0.6929940135453803 -0.05140576253434239 -0.7191082983588274 518.3122523732001 -0.05196510118293637 0.9984218385912463 -0.021294611598303627 22.34671102907512 0.7190680951407263 0.02261149712730722 -0.6945716627881886 -116.01687615922526
-0.6958866854710326 -0.051711694208414614 -0.7162873876219207 518.7757557936491 -0.05005946570600229 0.9984709057042583 -0.023449954271765803 22.132928434843564 0.716404753527899 0.019538452963675113 -0.6974112688926216 -114.00000327318024
-0.6983369405815949 -0.05229524602613685 -0.7138562352898543 519.1579042758423 -0.04664258351484785 0.9985324465105039 -0.027521312992089476 21.806843137293498 0.7142478469146396 0.014076949556417643 -0.6997512791478038 -112.33550445410259
-0.7014296083041467 -0.05288424415238126 -0.7107740578515246 519.6354049199707 -0.04603711507341374 0.9985226948425344 -0.028861945882434015 21.929793754220867 0.7112503698628271 0.012477363697296698 -0.7028280207598135 -110.1093549592863
-0.7028496128480098 -0.05155170595418623 -0.709468000217498 519.8761538454573 -0.0466366039877177 0.9985641474935862 -0.026356602757187302 21.462136521943233 0.7098080366464552 0.014562450124223584 -0.7042446209652468 -109.08385196566347
-0.7045375302972153 -0.05007555733419273 -0.7078978082748739 520.1578931274186 -0.04619756416028043 0.9986278178033058 -0.024663060942715694 20.77300724608298 0.7081614600275541 0.015327102370549763 -0.7058841452140469 -107.89342673884774
-0.7076764487041202 -0.045444448201481594 -0.7050736458535289 520.6959224865973 -0.0408055721307511 0.998892453273147 -0.023425884765268704 18.01532596343653 0.7053573202516628 0.012192986574930531 -0.7087470506787147 -105.80392554550691
-0.7091356332014845 -0.0448840389278966 -0.7036420089601307 520.9231903687638 -0.038738264584892 0.9989445618151233 -0.0246801393217706 17.46396665168275 0.7040071026494552 0.009756304090697837 -0.7101259141515744 -104.79727411420603
-0.7111724259419703 -0.04363703597422412 -0.7016620195444506 521.240835733421 -0.0373743974138767 0.9990070957546522 -0.02424823807629092 16.73215437591619 0.7020234575836924 0.008979516871143355 -0.7120972077455426 -103.35116378972845
-0.7145087617011598 -0.03921108038662112 -0.6985268216949077 521.7767028970026 -0.034630773607955245 0.9991864987852676 -0.020665192100564916 14.4649085529955 0.6987688737855957 0.009425063403109633 -0.7152854180033713 -100.99205854585695
-0.7167933066597076 -0.036096144610116274 -0.6963507908174786 522.1349053971667 -0.032183869877425705 0.9993075456260199 -0.01867157665045202 12.794866701830523 0.696542571597426 0.009027602072884524 -0.71745867362048 -99.37972838364186
-0.7205715798848855 -0.03264648704847099 -0.6926115831731331 522.696916013409 -0.028835992477390455 0.9994377296409812 -0.017108772835139747 10.850533572092157 0.6927806895403795 0.007644046930425699 -0.721107817698908 -96.64776289141977
-0.7242346902389012 -0.029121887731905896 -0.6889383347655239 523.2269449843959 -0.026303947854092194 0.9995473692549538 -0.01459996379417515 8.992288020301528 0.6890516786002717 0.007547997776383833 -0.7246728999677825 -93.96389882705589
-0.7281888461407223 -0.025968432310896298 -0.6848844025670009 523.7774758898951 -0.022042403137013455 0.9996523555954524 -0.01446721868254075 7.059725057586661 0.6850219973257712 0.0045616308243296025 -0.7285081020167405 -91.04731354666217
-0.7318668647060393 -0.021588966080523853 -0.6811055783716105 524.277251150366 -0.018419756077447558 0.9997595606497877 -0.011896784245797449 4.699388462809634 0.6811986530604706 0.0038389364305379267 -0.7320885586018149 -88.31283383458859
-0.7358193896782896 -0.01776476741865145 -0.676944782690605 524.7905288428367 -0.016714657954625126 0.9998277352804578 -0.00806969475325351 2.824694707394134 0.6769715252379003 0.005377062628612404 -0.7359895659685393 -85.32291463685509
-0.7389104512213531 -0.01409877953664834 -0.6736561210969831 525.1778051124284 -0.014513315648954899 0.999882139262085 -0.0050071202852109906 0.9529220320192633 0.6736473177744642 0.0060771704150662555 -0.7390279827279994 -82.97945156551057
-0.7431297129101998 0.00019962833980236992 -0.6691473604061591 525.6363264248477 -0.003974466987400347 0.9999809991205408 0.004712219227902692 -6.567573227433298 0.6691355867103246 0.006161294215641612 -0.7431147993758557 -79.79195025344961
-0.7480708354110326 -0.004815301205027474 -0.6636014150691245 526.2460920540499 -0.0026479941434758656 0.9999873725452235 -0.004271168120792085 -4.5299954645267055 0.6636136024332653 -0.001437923643596566 -0.748074140069779 -75.85978347099753
-0.7526913855919682 -5.8945710070891326e-05 -0.6583735068948676 526.7396697493252 0.00663486660447979 0.9999485359174398 -0.007674898156305449 -7.6542509241929 0.6583400767086748 -0.010145050121717793 -0.7526522579234345 -72.13517318739677
-0.7560572906215727 0.00809210504928017 -0.6544554156960106 527.0360878128906 0.017412001927957332 0.9998183419486639 -0.0077527602752088184 -12.41437001359819 0.6542737924499403 -0.017256909888373993 -0.7560608464761794 -69.30044892361195
-0.7567741890212033 0.00989565584462641 -0.6536014862488493 527.0947458413115 0.021408476390535825 0.9997242215561102 -0.009651837786931176 -13.633372902738571 0.6533257257830398 -0.021296873700946663 -0.7567773379274977 -68.66177607615141
-0.7589620973283234 0.00519291660938816 -0.6511140978631014 527.3764659761367 0.014547413656208378 0.9998538310330864 -0.008982723661308634 -10.782443961315558 0.6509722786531755 -0.01628957290871104 -0.7589267041286293 -67.04184869451896
-0.7607443853217813 0.0023534141121848745 -0.6490473339005419 527.588027216951 0.009493658168255663 0.9999267942538376 -0.007501772312436785 -8.971302589745468 0.6489821651293427 -0.01186876468971812 -0.7607110369705244 -65.68821619400686
-0.7610096396107422 0.006367612125588185 -0.648709320062034 527.5830697415798 0.007572595638751417 0.9999708931456344 0.0009320176044448933 -10.583482747177158 0.6486963729009283 -0.004203138986649679 -0.7610357083658025 -65.54124186178278
-0.7629236240896594 0.0003761750571385032 -0.6464885167566602 527.8294533970414 -0.002247646472924034 0.9999922435796799 0.0032343261758959146 -6.895601645209704 0.6464847189928257 0.0039206214820765575 -0.7629168610248179 -64.08923095746141
-0.7489440925037713 -0.007612074140208207 -0.6625894676426622 526.3798828493304 -0.01604758269084996 0.9998490988800612 0.0066524099775754535 -1.7653540928311338 0.662438843511975 0.015615242425700157 -0.7489532313906548 -75.33502203480009
-0.7473362401635789 -0.007102952876087188 -0.6644080765603362 526.1958308376036 -0.018611920305142728 0.9997742749541801 0.01024673423085264 -1.6759141152274988 0.6641853209464361 0.020023666005075 -0.7472997472493864 -76.63862738361178
-0.7435505532411548 -0.0053896983185411146 -0.668658003711021 525.7456164776645 -0.01695280952255124 0.9997980389651666 0.010792753619849748 -2.5717987012299477 0.6684647911626047 0.01936058969767706 -0.7434917555309497 -79.65914453426964
-0.7420725638281063 -0.012485080988427329 -0.6702032771975186 525.5910638912668 -0.021987384907822323 0.9997418779907078 0.005721214602561036 1.147731761666281 0.6699588531533087 0.018981573810559045 -0.742155532848188 -80.72039170749014
-0.7452925314709947 -0.011135707489455 -0.6666446118827224 525.9734278600768 -0.01417839669117336 0.9998991190683791 -0.0008513245837866029 -0.40172918132446317 0.6665868402547593 0.00881746590515273 -0.7453752321443122 -78.22567198717358
-0.750218433301338 -0.008205232534499469 -0.6611391506286257 526.5340230893695 -0.010206583606647803 0.9999475683935201 -0.0008283205702112862 -2.1731745390226815 0.6611112826037431 0.0061265506560640014 -0.7502628455355446 -74.35989677151241
-0.7524031159061433 -0.004368172212009662 -0.6586884470265535 526.7618126474863 -0.005395109910209127 0.9999853363878362 -0.000468826579732882 -4.416033321812716 0.6586808361898677 0.003200949988882579 -0.7524156497278517 -72.64369039948008
-0.754553081780125 -0.0006639051734877469 -0.6562386806688832 526.9760060710042 -0.0018013267840202287 0.9999978163253691 0.0010595122977694524 -6.459165560589302 0.656236544241429 0.001981558581664839 -0.7545526299918742 -70.93763312540479
-0.7575901873548194 0.007071329580755111 -0.6526921972274909 527.2363678776226 0.008973008432425041 0.9999596541559281 0.00041854513306214224 -11.058605140510473 0.6526688234804549 -0.005539526903727309 -0.7576230728392065 -68.41771211502768
-0.7603572593554899 0.008487106701157956 -0.6494496186504779 527.5095740412385 0.012869325551129566 0.9999151866363942 -0.001999998440861582 -12.081709786120143 0.6493775624436582 -0.009878691904678716 -0.7604019942379066 -66.12631853441846
-0.7639884662060673 0.00814481165153376 -0.6451784912311181 527.8800106147932 0.014836881097073994 0.9998776919527469 -0.00494652348223852 -12.093986432046085 0.6450592922076329 -0.013351523449033394 -0.7640158678706731 -63.13047515990368
-0.7656680863526791 0.010341082010496324 -0.6431527373523949 528.0189843686331 0.01574910161235093 0.9998724036461342 -0.002672494210693375 -13.164087893637989 0.6430430369263245 -0.012175321340914725 -0.7657332526479539 -61.76484394103762
-0.7695050948557871 0.010304989130271697 -0.6385575277060094 528.3835057655984 0.01520125650248863 0.9998820722300702 -0.002182529185736728 -13.065219440940005 0.6384597331012596 -0.011386344098349904 -0.7695709976190256 -58.625729586351596
-0.7713382909992818 0.008693093710697701 -0.6363659882175069 528.5695970946646 0.011834383886433354 0.9999297366843308 -0.0006848740268183681 -12.007546234553043 0.6363153213591007 -0.008059268958231381 -0.771386971621587 -57.18399232891331
-0.7734561134845509 0.011471405984566141 -0.6337460432682093 528.7290061858313 0.012786919331388015 0.9999151347160349 0.002493603782982719 -13.358975828295737 0.6337208653716447 -0.006174966441300743 -0.7735371578547877 -55.41080869080716
-0.7729418879257296 0.013773900349332631 -0.6343272952971325 528.816678657976 0.016613378492127306 0.9998609115313415 0.0014673945595545836 -14.764857341866158 0.6342592794314373 -0.0094041087234646 -0.7730632116419919 -54.2305591174854
-0.77636413222235 0.01763597884211727 -0.6300378611233757 528.8937690586113 0.021851953165130993 0.9997606575705469 0.0010581668004781882 -16.96619771988444 0.6299057281383513 -0.012946035083727558 -0.7765636959284824 -52.84193354535711
-0.7778211274593566 0.01639084274436032 -0.6282719426744958 529.0352892849883 0.02408565376167101 0.9997029109224137 -0.0037378036499503154 -16.556913894729337 0.6280240241907376 -0.018039683128656378 -0.7779848294612752 -51.57046783148663
-0.779357979566324 0.018939350630358447 -0.6262926158625836 529.1226361311695 0.027792142220841053 0.999604232438419 -0.0043560672602783335 -18.021986121443884 0.6259622484759556 -0.02080094923074103 -0.7795759000854415 -50.194750370797856
-0.7826352486602396 0.011848012527244593 -0.6223678109877464 529.482882510052 0.02201854555088635 0.9997200814406351 -0.008656928794497365 -14.201747742432971 0.6220910312858952 -0.02047885161535456 -0.7826770505324452 -47.58838681097189
-0.7829849908418914 0.012538568316424645 -0.6219142130719456 529.5011335932659 0.018010175401103484 0.9998346361049987 -0.002516749253618834 -14.214676959043045 0.6217798144828638 -0.013171360953161067 -0.7830813352087361 -47.40300234212644
-0.7848407970669644 0.012785257425780117 -0.6195655416917961 529.6392404658294 0.016250645565425433 0.9998679484147067 4.7451789793145384e-05 -14.182151293897263 0.6194843337631705 -0.010031097922060684 -0.7849449262823979 -45.88001631649779
-0.7861496447008932 0.011296187991777583 -0.617932951276685 529.755021888251 0.01378378149788477 0.9999047232736242 0.0007427938578449854 -13.289101712714691 0.617882467387025 -0.00793350565331006 -0.7862304471233424 -44.82643672653407
-0.7881475383468595 0.010659067668612847 -0.6153940543052244 529.9069098796573 0.012547506556004746 0.9999204962561825 0.001249498305909843 -12.887387101740797 0.6153584466609788 -0.006736871916949733 -0.7882186223883333 -43.15169379162858
-0.7890529939387706 0.007979529633655526 -0.6142733103945573 530.062290131424 0.010985966724083585 0.9999390225056672 -0.0011224105969612976 -11.499819060566232 0.6142268972386343 -0.007634027589448188 -0.7890925423113335 -41.64721727267144
-0.7913543526212206 0.0025075172705534762 -0.6113525995238647 530.2100861480116 0.007620369113614106 0.9999543598935186 -0.005762647353073155 -8.648269192722491 0.6113102473883627 -0.009219028532414948 -0.7913373433314628 -40.46309412060269
-0.7938395272286094 0.006922132435039877 -0.6080878958604666 530.3326771160084 0.014433085969759955 0.9998680085079018 -0.007459999452568882 -11.180073583444168 0.6079559943275891 -0.014698627316677518 -0.7938346548974528 -38.224390882498746
-0.7959139650745526 0.0026989214873353517 -0.6054037297722149 530.5014097037546 0.012402117269382704 0.9998529018217671 -0.011847455668948839 -8.995618552340709 0.605282700633795 -0.016937843469474745 -0.795830359921047 -36.45606159308985
-0.7977219002024752 -0.001755878136677218 -0.6030229571329115 530.6412990947441 0.010272362878617412 0.9998110921556984 -0.016500259492493147 -6.6897476211456075 0.6029380138109075 -0.019357088995991784 -0.7975531672605652 -34.91419243508903
-0.7998226520856564 0.002947478945409667 -0.6002291542223962 530.7276744028671 0.011644104491829085 0.9998759547819407 -0.010606124621393046 -9.01979334187003 0.6001234373370615 -0.015472149713841345 -0.7997577586631981 -33.06821390617057
-0.8021270305686214 0.005033540737886209 -0.5971322217891158 530.8345711711889 0.00973566803065239 0.9999418006582556 -0.004648877748688654 -9.909702856055167 0.59707406877134 -0.009542471585776894 -0.8021293521850899 -31.078122806649088
-0.8047826539196475 0.0015306477797318687 -0.5935676347876654 530.9998486032713 0.004695167873656426 0.9999818060256326 -0.003787217494764933 -7.923757820030794 0.593551038537283 -0.005834786636105118 -0.804775198372952 -28.78575702070711
-0.8059118080452554 0.0003953426372648996 -0.5920354730566629 531.0634008125477 0.007539891000497334 0.9999255306151873 -0.009596002690516662 -7.489486959494641 0.5919875908301863 -0.012197414813596532 -0.8058547731290899 -27.73541497372925
-0.8083395138315488 -0.002688335989811982 -0.5887104578892591 531.1938460527077 0.00952170795879058 0.9997990720583692 -0.01763951781573977 -6.023882251119272 0.5886395904593257 -0.019864248307705435 -0.8081514982867055 -25.556178131876457
-0.8094977367005061 -0.007533926611791638 -0.587074658136907 531.2647964035481 0.005700385234484566 0.9997696859159663 -0.020690111929833097 -3.4340372920641267 0.5870953243596276 -0.02009515049206373 -0.8092683516867348 -24.560130953173484
-0.8123293760878114 -0.00931266077882372 -0.5831245656752985 531.3838937997656 0.004344484237846481 0.9997481261371591 -0.02201839553520474 -2.4435867757669167 0.5831827416869381 -0.02041956499184493 -0.8120843128419916 -22.014271518676278
-0.8129912093210879 -0.009704783011516274 -0.5821950796368297 531.4091984792815 0.005693267574526498 0.999680813171594 -0.024614192672237 -2.2858126724226313 0.5822481260347344 -0.023325714636009454 -0.8126764613090253 -21.42703247168512
-0.8138078541844808 -0.007946755171595021 -0.5810797067097538 531.4336506379119 0.004670822382891224 0.9997847568995258 -0.020214432705938375 -3.1144345564541833 0.5811152724597061 -0.01916478420432008 -0.8135955697768292 -20.733511567330574
-0.8146173509021535 -0.006450764955113249 -0.5799628947102148 531.4585638011887 0.004600747154906735 0.9998348201479528 -0.01758310397307131 -3.8524390347059754 0.5799805209959853 -0.016991764216969973 -0.814453114190142 -19.980991038503493
-0.815357634499674 -0.006298884621652099 -0.5789233558214932 531.4831458969974 0.004080273373190748 0.9998534626613249 -0.016625419494230225 -3.8993089527526394 0.5789432435328148 -0.015917828265256995 -0.8152124529906433 -19.324068906445785
-0.8158953821722242 -0.008473149789458016 -0.5781374672884344 531.5076924776732 0.00415314204124026 0.9997809427691995 -0.02051384621949321 -2.7962673044238127 0.5781846389876036 -0.019138239422087415 -0.81568146419457 -18.84520322852147
-0.8160945862311191 -0.007634995832943612 -0.5778679201711144 531.510899118088 0.005266312836282002 0.9997729638691468 -0.020646710764956226 -3.2512299587404825 0.5778943608250292 -0.019892902124433263 -0.8158690949972911 -18.674618133691485
-0.8164682171509683 -0.01006040999245389 -0.5773027269406434 531.5282875737387 0.002903024332001972 0.9997640276348848 -0.021528155912707663 -1.9424235820623494 0.5773830815256429 -0.01925297893983628 -0.8162463475997275 -18.35984803174257
-0.817089528025602 -0.014625884970752182 -0.576325243833481 531.5508410658354 -0.0010821818389958665 0.9997152884867333 -0.0238363346249943 0.5042381259199831 0.576509784889525 -0.01885273069636545 -0.8168727210966982 -17.809587774985467
-0.8168094374815307 -0.01354707693947468 -0.5767484889858849 531.5406331417182 -0.002612685387428866 0.9998008664897906 -0.019783863154859364 0.002264237928864003 0.5769016525510842 -0.014652783785337156 -0.8166821776010349 -18.085585290238626
-0.8167304784297832 -0.015067043772916799 -0.57682259820139 531.5364026922744 -0.008135334727239561 0.999860344890817 -0.014598186315108463 0.9453147766563227 0.5769619934906743 -0.0072301387787413254 -0.8167389932900884 -18.16543072354926
-0.8170022619216301 -0.013531839760487977 -0.5764756658590515 531.5430009881434 -0.008980482887035497 0.9999019579209105 -0.01074362476289113 0.19732258515518059 0.5765645279949643 -0.003600535880479684 -0.8170436837766494 -17.9643394633994
-0.8185415145125409 -0.01827101295723615 -0.5741567374028039 531.5824858853439 -0.008454089163256975 0.9997689594280211 -0.019762493279731466 2.594534966847393 0.5743851646725701 -0.01132244892804728 -0.818506862985483 -16.552074652105567
-0.8187007237651337 -0.022549295501319296 -0.5737775302143162 531.572742114705 -0.011537866172437449 0.9996729193417796 -0.02282393434251944 4.863058794246589 0.5741045223220536 -0.012065803209024091 -0.8186931133472957 -16.34277354577362
-0.819196674477798 -0.02508432769377646 -0.5729638601418661 531.5717754129615 -0.010651012848085676 0.9995361521336011 -0.028531324947573385 6.135008860145725 0.5734137811823383 -0.017270121079637768 -0.8190838653447325 -15.903045555782676
-0.8179354828134543 -0.02912180130949321 -0.574572420712317 531.5039525760149 -0.014415276198355441 0.9994418828361875 -0.030135073336246068 8.279821886119432 0.5751293296006094 -0.016365925618375545 -0.817898777790875 -17.035126015497514
-0.8260921810547563 -0.02577169859561035 -0.5629454040594813 531.7296589623427 -0.011623396349192967 0.9995204470588452 -0.028701438441221132 6.618783723198809 0.5634151267560229 -0.017166696326977253 -0.8259955807870355 -9.486919846598383
-0.8289119808206792 -0.024480978981813575 -0.5588430993758712 531.7806023175548 -0.009715472083214301 0.999521246390916 -0.02937494877184796 5.966624204355694 0.5592946787286092 -0.01891982244209523 -0.8287529804861165 -6.858526886678311
-0.8329827759340724 -0.026214033779369945 -0.5526775908521899 531.8080789394929 -0.011820317639609886 0.9994921804282056 -0.02959157572297936 6.966208102509683 0.5531726449202503 -0.018116448213823418 -0.8328696291833737 -2.962888992708815
-0.8395375783051121 -0.032743684221246745 -0.5423140287298559 531.7526283059565 -0.014851826450246845 0.9991923463761612 -0.037337356553367056 10.575759586864354 0.5430985894519332 -0.023291760064898283 -0.8393458262530408 3.4179385613572184
-0.8455523447484851 -0.03475094997396958 -0.5327603624203341 531.6609446498662 -0.015431187036784018 0.9990532521491912 -0.040675273038548246 11.810235803556209 0.5336694770707566 -0.026171947692736286 -0.8452880682921022 9.342386617098496
-0.8473171512272262 -0.033207202256502644 -0.5300480421192723 531.6448751231302 -0.006590316900147388 0.9986238730631174 -0.05202814499455489 11.187319161932287 0.5310463378645348 -0.04059115503055464 -0.8463699812575773 10.902610530103912
-0.853339356723136 -0.037478793476355535 -0.5200070021710297 531.4306479986087 -0.013137244844005138 0.998641830676086 -0.05041732660330236 13.633130032557608 0.5211903251838557 -0.03619162974324435 -0.852672745472303 17.071567252622202
-0.8585207613776082 -0.04037973838908685 -0.5111864425150972 531.1872937042026 -0.014499986327810908 0.998407710329726 -0.054514166513368364 15.433835940429011 0.5125737534054051 -0.039389347313491516 -0.8577392532921133 22.38179630333515
-0.8619758835950604 -0.04385929144013618 -0.505048451789414 530.960415845075 -0.01920008904065073 0.998360101603333 -0.053930178076979265 17.356357259183373 0.5065855630407818 -0.03678953765614362 -0.8614044330264973 26.07476990481646
-0.8681109940024452 -0.044745335552657924 -0.494349225789185 530.5807252882144 -0.021738025925706568 0.9984002717384876 -0.05219536015171389 17.980839665320183 0.49589390026591357 -0.03456518969706168 -0.867694927575508 32.63327417062113
-0.8730963437452915 -0.039624458723780946 -0.4859348483176022 530.3105607403864 -0.017881551088536125 0.9986238292710771 -0.049302106878290564 15.42131985900507 0.48721968830217827 -0.034356220438483825 -0.8726033608965247 37.936940885594886
-0.878875687664007 -0.041755164800055034 -0.47521998258242376 529.7809489178522 -0.02310383918940433 0.9987187092174333 -0.04502391002317489 16.49846341364778 0.47649106838200966 -0.028591013825764372 -0.8787142969592483 44.373488219041306
-0.8804190945655294 -0.03459388975836726 -0.47293285011278247 529.7493894431699 -0.011639954296614536 0.9986114994516571 -0.05137688806151769 13.245351794034288 0.4740535089927996 -0.03972827650803551 -0.879599303465683 45.78497907094754
-0.8835543650158364 -0.03488697689258656 -0.46702738988710113 529.4259316316809 -0.013920715100912348 0.9987373333275532 -0.04826958368214437 13.35500519696671 0.4681216698173045 -0.0361474461209148 -0.8829243820318896 49.345812116806144
-0.8827658219933933 -0.038801665883209845 -0.4682082167636708 529.4423904571523 -0.019312893986312966 0.9987383017370244 -0.04635533161696033 15.197553054036968 0.46941614335917575 -0.0318784467647449 -0.8824014103488645 48.565568578496816
-0.8868684071324809 -0.04486380400519473 -0.45983874077819875 528.8741546651473 -0.025360863638715994 0.9985008882266269 -0.048505698697532636 18.514077417556756 0.4613255412675462 -0.03135626414005405 -0.8866766770776058 53.39156905462196
-0.888598674417947 -0.04281990555794116 -0.4566824405543489 528.7101212161693 -0.02354562606269955 0.9985786377510594 -0.04781535026071075 17.505156536313308 0.45808077815597437 -0.03173578288380369 -0.8883438752919779 55.3038634572522
-0.891024556058639 -0.042846879490052295 -0.45192851804070766 528.404945074283 -0.022294472576691923 0.998464673492518 -0.05070751699704806 17.792865574707992 0.4534073190774851 -0.03510613486904707 -0.8906117910186928 58.04730412923906
-0.8940132432245247 -0.042309123126035554 -0.4460384053413705 528.0160157652797 -0.021140006945181887 0.9984059426031835 -0.05233234067960566 17.753936591964017 0.44754152996735896 -0.037356550629770564 -0.8934825499580397 61.48923584175114
-0.8955180613781735 -0.04105511093993198 -0.44312738530944784 527.8281522502947 -0.01992864283089328 0.9984362264018146 -0.052229790382717085 17.183555854516275 0.44457873424219996 -0.03794179323929956 -0.894935846519397 63.21533279420512
-0.8974562806754247 -0.039523845644567956 -0.43932913618572783 527.5733327734989 -0.020341814444716944 0.9986263689308307 -0.048286497710236284 16.21763893674957 0.4406341281168881 -0.034398268873423204 -0.8970274935793114 65.5346331108775
-0.8993657392390532 -0.03616971601528399 -0.4356983115945771 527.3421799225205 -0.015547115677560145 0.998587521759295 -0.0508059896147908 14.818987746004856 0.4369205354261803 -0.03891931435679945 -0.8986577394608565 67.67280485962426
-0.9019914947083421 -0.03540592144470282 -0.43029962142728234 526.9335861088789 -0.010555603418487202 0.9981424095245927 -0.06000257948548444 15.280085462580239 0.4316247475646902 -0.049579744201556634 -0.9006896947643098 70.6742322243694
-0.9042705881181029 -0.035160176163122524 -0.4255096537996741 526.5510847004148 -0.008304299217081888 0.9978633068197994 -0.06480632312643879 15.67984931133211 0.42687907196190056 -0.055068892442407195 -0.9026304199427987 73.3685641087889
-0.9065723975408723 -0.03521290250590066 -0.42057881486601817 526.1397567840849 -0.009761113187864684 0.9979961857404649 -0.06251666911165156 15.660718262446396 0.42193744641395386 -0.05257056918649416 -0.9050995119704129 76.24932958167247
-0.908654636805484 -0.03610281531373018 -0.4159847806570772 525.7345083009536 -0.01341941157676986 0.9982653427491799 -0.05732560386769611 15.774421788148077 0.41733280533026307 -0.0465069047807468 -0.9075629109890329 78.95315566576322
-0.9106844579498081 -0.03622784195397176 -0.4115110709519518 525.3362582301113 -0.014420162628392571 0.9983279337884856 -0.055976740950010165 15.826867620815477 0.4128509137187842 -0.0450430914233457 -0.9096841446109706 81.53148434423969
-0.9128191048656016 -0.036020251713441975 -0.406772446533516 524.9047901592514 -0.012796706066485822 0.998136141665318 -0.05966981661878822 16.181355841773314 0.4081636021330293 -0.04926240115922214 -0.9115786799425588 84.17743917520382
-0.9153339230456904 -0.03619172325599929 -0.4010660400601719 524.3642606340885 -0.011418031666445916 0.9978852724368074 -0.06398915225710007 16.827622568278194 0.40253377234047116 -0.053992057022116284 -0.9138114794113008 87.34396379940063
-0.9170603076357651 -0.03693279287632721 -0.3970344581637091 523.9578392898137 -0.01087947622953855 0.997648186919363 -0.06767371818866355 17.66324369184094 0.39860008674856895 -0.05774135387105208 -0.9153053626507228 89.56808970422898
-0.919277511401146 -0.036672845134126615 -0.39189789417893556 523.453798812968 -0.010065981707352997 0.9975148933214769 -0.06973316007546772 17.901430548123393 0.39348129948497307 -0.060159288822358395 -0.9173621569064232 92.40294025981171
-0.9216389418123235 -0.036716648401626716 -0.386307582976586 522.8776311720094 -0.010543641193704717 0.9975154667908418 -0.06965432609268751 18.09120289354032 0.3879052623585287 -0.060123050847402604 -0.91973622642112 95.55511580216472
-0.9237830265203091 -0.036793984943854996 -0.3811444904297179 522.3296753448121 -0.01302344679194836 0.9978159035694285 -0.06475965115395471 17.76790091982085 0.38269479973816634 -0.05486005154824401 -0.9222445798146437 98.54526788127951
-0.9257933685905715 -0.03526826615489019 -0.37638117391302955 521.8274999409622 -0.01365563633183715 0.9981087340913887 -0.05993728828416128 16.643544360782553 0.3777832212659728 -0.05034981959167159 -0.924524057770803 101.34100321816992
-0.9279068947329783 -0.03508376296622733 -0.3711575464450793 521.2442681698268 -0.014395996117287075 0.9981915746549193 -0.05836382084583028 16.515918737125638 0.37253395818742846 -0.048813009168281074 -0.9267339101021095 104.29890745697897
-0.9291922356468433 -0.03244552197734845 -0.36816990278570955 520.9311347750049 -0.011536307315581515 0.998200035717041 -0.05885237725036026 15.384112544362214 0.3694167062101305 -0.050437850847509944 -0.9278940243232212 105.99887266352597
-0.9306476067855008 -0.02838601448669499 -0.3648140158573694 520.5736320193424 -0.007971005576214532 0.9983226091555131 -0.05734484387487108 13.357789601962203 0.36582987173619896 -0.050459907158956645 -0.9293128120901948 107.9881040644103
-0.9316528887595326 -0.027514454477083644 -0.36230629260454017 520.2852786362572 -0.00607763097742599 0.9981693300843054 -0.060175168306803896 13.3401888204168 0.36329871630343047 -0.0538604054373752 -0.930114562545067 109.34834018050233
-0.9324077542652156 -0.0307099225446045 -0.36010093091160117 520.0006945209426 -0.006886430629011363 0.9977120331146989 -0.06725530500507895 15.762353640004289 0.361342437113729 -0.060229557822042624 -0.9304859179510843 110.3603560314947
-0.9327564348929613 -0.03284682934493779 -0.3590076865023327 519.851044624626 -0.007588799077235794 0.997408900451377 -0.07153946763109233 17.326605836944758 0.3604273065325906 -0.06400446158166863 -0.9305888381037581 110.80447424414467
-0.933386527827572 -0.03419843329437621 -0.3572394950592658 519.590693446467 -0.009525280713524077 0.9974592925208438 -0.07059907075270747 17.90982810399936 0.35874623161410024 -0.0624934150453256 -0.9313408153724688 111.90927295358217
-0.9339640463171671 -0.034435431009034 -0.35570403607224754 519.4408842384 -0.011009337265208188 0.9976467137425987 -0.06767443425381664 17.7206635442399 0.35719736096427923 -0.05928942274820453 -0.9321452728359133 112.61172007461184
-0.9345901376194646 -0.03433593814767957 -0.35406541488254534 519.2425937060094 -0.011093128772914008 0.997659773100829 -0.0674679155631012 17.69741815303177 0.3555533956502986 -0.05912715524968987 -0.9327838776231188 113.50568621443134
-0.9345513934466574 -0.0338313909131312 -0.3542162192726271 519.2641765600287 -0.009676841677687259 0.9975180924667465 -0.06974248301178 17.729477839010798 0.35569657257563775 -0.06175024040751866 -0.9325593043166519 113.37772280437922
-0.9334129720553177 -0.03240239504540284 -0.3573378071155923 519.6544091601651 -0.008845671300382996 0.9976894121049974 -0.06736164392910268 16.667061956974642 0.3586948253015427 -0.059715339477451605 -0.9315428602769646 111.70475928851613
-0.9317332074737487 -0.03300206666882854 -0.36164083520292145 520.1588214515481 -0.008466121494385857 0.9975653464805456 -0.06922213726829488 17.040846122882293 0.3630448386598034 -0.061434868737017395 -0.9297441594469646 109.23181771454142
-0.9314335816076744 -0.03434925627796451 -0.3622866429316024 520.2214232455129 -0.00955465677021229 0.9975004948799303 -0.07001050812768954 17.75540017951807 0.3637859144984906 -0.061748613809903145 -0.9294336539554893 108.7920391221087
-0.9307462982170698 -0.03410218945372946 -0.3640719283736158 520.4315007641601 -0.00995389357059532 0.9976356426878804 -0.06800032677512828 17.34596858570677 0.3655300922742293 -0.05966711919642937 -0.9288851309654992 107.81812117440793
-0.929098319679186 -0.035756919296096784 -0.3681001970819433 520.8772422166335 -0.012789852551357892 0.9978263019501885 -0.06464588778975074 17.63263397849815 0.3696115961939338 -0.05535443847482278 -0.9275360661991044 105.55639973705121
-0.9276666365577966 -0.03642834801873981 -0.37162829127795227 521.2677926220745 -0.013314689047672641 0.9978240975261566 -0.06457390689491921 17.845493082135622 0.3731719851129084 -0.05495494387892216 -0.926133156554799 103.5380600342473
-0.9261824518857404 -0.03588723616478924 -0.37536405275328466 521.6872501541405 -0.011299358855029664 0.997655154179564 -0.06750198388503328 17.799065151453547 0.3769063415603182 -0.05827777980845422 -0.9244161995942164 101.37353876731066
-0.9249131957809731 -0.04065664192042802 -0.3779981716066646 521.9184005941448 -0.01450205098804211 0.9973147478444387 -0.07178428970968664 20.47434070937313 0.3799016593637985 -0.06091248804422695 -0.9230191753224276 99.6285575945455
-0.923245378548802 -0.04512055521238239 -0.3815522329715892 522.237441481755 -0.01766232824431068 0.9970147117904449 -0.07516453042763858 22.866729377861112 0.3838046549343425 -0.06265620456701422 -0.9212861590624201 97.37507597969417
-0.9217666814015383 -0.04789806350394316 -0.3847752078429266 522.53273662675 -0.01898524137388779 0.9967258602283569 -0.0785946573376152 24.45400317044339 0.38727993192001364 -0.06514088627439882 -0.9196580447467502 95.34875124153844
-0.9200206638863471 -0.053021311881007664 -0.38826629844546395 522.8025207130526 -0.02305393794234207 0.9964114698297711 -0.08144138221461122 27.095558276149774 0.39119112204583045 -0.06597668738344376 -0.9179414920104829 93.09090145156516
-0.9177035921002772 -0.055813895746657224 -0.39332547093702114 523.25712349538 -0.026144823948932246 0.996420241879897 -0.08039371712197643 28.168503686267275 0.3964045474347229 -0.06349417779285205 -0.9158776796928082 90.12906552262453
-0.9156676568458794 -0.060142225562881596 -0.3974111912248075 523.5644937368052 -0.02933008271493774 0.9961039496409689 -0.08316650622454433 30.39501563213748 0.40086467598718645 -0.06449677677222118 -0.9138641459930914 87.54127637883654
-0.9136342719081245 -0.06707918268099147 -0.40096483691935064 523.7366059939689 -0.03449370398379975 0.9955275581408289 -0.08794922039243507 34.08934493935852 0.40507110682001163 -0.06652265954552096 -0.9118619052173423 85.07646220028936
-0.9104648326552861 -0.06730320704596829 -0.4080736046589015 524.3876430351586 -0.034766890326544675 0.995632902207635 -0.08663941007777051 33.830792472023 0.4121226174756779 -0.06469468573947626 -0.908828666912563 81.01965274142509
-0.9086111729158451 -0.07534586669444657 -0.41079038063780765 524.4043360613142 -0.040773694173804755 0.9948965445099811 -0.09229502470621481 38.15381387893892 0.4156479788425697 -0.06711084930294395 -0.9070462455629946 78.92487159661961
-0.9051735497448576 -0.07825042018150259 -0.4177771135231226 524.9183968132833 -0.04271319987261432 0.9946780854107402 -0.09376080716518011 39.44562842157819 0.42289056196483726 -0.06702520529653215 -0.903698619261987 74.70373180905966
-0.9025935746997461 -0.08322984373450518 -0.4223714384551395 525.1360253060628 -0.044659493124753424 0.9939419177273069 -0.10042407011470618 42.25471971368849 0.4281709571941726 -0.07177922607895108 -0.9008425911994463 71.53049160502565
-0.899325027277466 -0.08536764697137245 -0.42886694925460994 525.5775959011896 -0.043532325110440195 0.9933649940124433 -0.10644681930962523 43.50675072642319 0.4351085289704903 -0.07706071321515386 -0.8970742524985922 67.360102318951
-0.8969444170784673 -0.08750090972799059 -0.433398550376605 525.8446758733735 -0.04585666601515999 0.9933456737286981 -0.1056481834507927 44.310073283475916 0.43975888717994394 -0.07488633574459576 -0.8949883562734239 64.64981023841135
-0.8928810258098702 -0.09024832106404448 -0.44115611102401725 526.2452383379093 -0.052486214310001326 0.9938904476360597 -0.09709261251607924 44.778171125323794 0.4472232899303417 -0.06353753727454377 -0.8921627151484013 60.89620620748982
-0.8899649007780881 -0.10331142999676163 -0.4441725158258581 525.9653087353414 -0.06795957019526214 0.9931703493807498 -0.09483751330457331 51.01650866903365 0.45093677184492637 -0.054216284850071614 -0.8909077518212156 58.297636771888335
-0.8881816023352049 -0.1035417942668925 -0.4476745895326877 526.1869589553525 -0.06636128955174986 0.9929711619720375 -0.09800229967164299 51.22709432415291 0.4546752913039114 -0.05733557649395536 -0.8888098847030276 56.02771769111936
-0.9013462071646646 -0.08037814303230995 -0.42557533875043924 525.4945160251856 -0.05311566116860694 0.9957251315973191 -0.07556579149405532 38.79590239088207 0.42982989817891376 -0.04550622405977918 -0.9017624089544461 70.8221819205934
-0.9053217522918184 -0.0931195919845805 -0.41439264763735456 524.1142663815488 -0.05983224073601289 0.9939015023097832 -0.09262778565238099 46.75123290623788 0.42049093663928033 -0.059063908565052545 -0.9053722035214247 76.11937315673543
-0.9028957333694234 -0.09390490402465229 -0.41947725047183665 524.5124117215211 -0.05902845749200877 0.993687889199182 -0.09539402531075286 47.201075169622044 0.42578743037976735 -0.061369763393672026 -0.90273961709432 72.99243026236773
-0.9021789759074416 -0.09696093471376477 -0.42032329529783763 524.4589624741852 -0.0631876532140957 0.9936045127356893 -0.09358094225091165 48.52893161639961 0.42670881864791044 -0.0578675160232952 -0.9025358356749046 72.48916940938469
-0.9018493741690348 -0.0995013115181792 -0.42043691003179356 524.3628593492093 -0.06800916795245801 0.9936815347220138 -0.08928471664801702 49.42912829300792 0.4266643404191807 -0.05192780140410902 -0.9029180716189042 72.57109397760112
-0.9015415673839416 -0.09801264346463845 -0.42144551723796947 524.5085472677677 -0.06922167325829401 0.9941323458387136 -0.08312183172030878 48.179592327316165 0.4271196111515227 -0.045764622562531984 -0.9030362324355989 72.34887892518941
-0.8996777480516349 -0.09922543329513105 -0.4251285253286733 524.7544327136293 -0.07156782786975134 0.9941749955166286 -0.0805861297216671 48.4896269782334 0.43064834340183467 -0.04207602258894266 -0.9015384698660119 70.30740276975746
-0.8978052973119497 -0.10312761105666327 -0.4281475726386256 524.8222907253399 -0.07357619960538317 0.9936559376748846 -0.08505539591981275 50.684045142820835 0.4342029375421479 -0.04486171375675328 -0.8996973022459147 68.19821605559923
