1.0 0.0 0.0 0.0 0.0 1.0 0.0 0.0 0.0 0.0 1.0 0.0
0.9999870710455728 -0.004729811717173668 -0.0018672500679605963 0.03637918735892472 0.0047265331855559055 0.9999872875082806 -0.0017563330770167494 0.02756366251080033 0.0018755334553264974 0.0017474847500544982 0.9999967143302554 -0.9989578565866005
0.9999711709776641 -0.0066786291652911455 -0.003612911019095655 0.07121965062763376 0.006671260767193628 0.9999756503376628 -0.0020476844348030505 0.04970793880023673 0.0036264987709198784 0.0020235227305256806 0.9999913768940328 -1.9889049371480294
0.9999520871977524 -0.008404783000139728 -0.005018259815823268 0.08434909054256814 0.008396447899073477 0.9999633384315028 -0.0016797189057017343 0.0681712120468935 0.0050321935114509405 0.0016375028685744236 0.9999859977083773 -2.9806939049859023
0.9999237860070189 -0.010534512979442879 -0.006437873381439727 0.11344854716326187 0.010521589883608065 0.9999425698276069 -0.0020379383902902537 0.1010074266818277 0.006458972341685406 0.0019700464074259667 0.9999772000368018 -3.895718192575201
0.9999185246017851 -0.010584248613455326 -0.007135673722773259 0.10159163282452904 0.010557430531523412 0.9999371031118134 -0.003785562167844124 0.1866899237858258 0.007175292242227147 0.0037099193580352133 0.9999673753076125 -4.819375763578365
0.9998983558742693 -0.011378276625913519 -0.008591434161838349 0.11697242044940977 0.011340018549839376 0.9999256249618758 -0.004488710715945444 0.2006685550338017 0.008641868965814732 0.004390827442104125 0.9999530182639339 -5.723541455542462
0.9998708767806299 -0.012527856948871659 -0.010063923996287574 0.13773383325519725 0.0124418257904205 0.999885905160085 -0.008566074550124888 0.27528125766871875 0.010170090311067649 0.008439754881871752 0.9999126660866932 -6.590253222967437
0.9998668691039484 -0.012333327701714311 -0.010683309228409913 0.07294073371804856 0.012182402155872593 0.9998266712287578 -0.014078940916635606 0.37015413238622585 0.010855097695566486 0.013946918205239887 0.9998438129661033 -7.4367279202109104
0.9998367443817088 -0.01192873481799581 -0.013571656856386128 0.11596920978543215 0.011698706454286618 0.9997886725963087 -0.016904153791524667 0.39265551983232494 0.013770433961280621 0.01674262326378455 0.9997650022454101 -8.263171991679394
0.9998114804368519 -0.011153257599490613 -0.01589366010678485 0.14633303197961878 0.010846750352185013 0.999756010913508 -0.0192423140268327 0.4367494245354235 0.016104396712325914 0.019066291910837647 0.9996885139478711 -9.054604282631523
0.9997661441574693 -0.012258366011993708 -0.017815427562149197 0.17068164829322788 0.011918138721340985 0.9997469303609793 -0.019079654169250032 0.4511810500535245 0.01804480440251599 0.018862865543583372 0.9996592306068901 -9.770281551488681
0.999772569936887 -0.01250639336116231 -0.017274215666367488 0.07217268981403209 0.012133797867220051 0.9996950329555524 -0.02150841773153934 0.6301517430181486 0.017537940332597406 0.02129392422952672 0.999619422300206 -10.495360929266742
0.9997344786474827 -0.012518679700438799 -0.01934566778386594 0.09791632104810458 0.012175076341865258 0.9997678260426434 -0.017778119305383047 0.5797309823787882 0.01956373480487915 0.017537863852946915 0.9996547822183215 -11.172151021944273
0.9997144218574866 -0.010546994653850651 -0.02144377844324647 0.10950648200154736 0.01019047132355903 0.9998091511461682 -0.01666780065222418 0.5886006901539856 0.021615481127079207 0.016444518483379487 0.9996311063524858 -11.815428625891688
0.999668042273697 -0.008129000855284896 -0.02444840693723569 0.14268447351074257 0.007844926073855084 0.999900861558707 -0.011692911914961353 0.47832135709675005 0.024541034851237334 0.01149723441746205 0.9996327081529397 -12.415947637789772
0.9996535710510117 -0.005938778818745133 -0.025641154246675745 0.11002125525530905 0.005630597802485999 0.9999112472734372 -0.012074516324299496 0.5331892737074205 0.025710586406117484 0.01192595833554517 0.999598287945929 -12.99902798055127
0.9995417754251992 -0.010222120283519782 -0.028491181736633914 0.14523134573660895 0.009956985810858576 0.9999059412624084 -0.009432235244064023 0.5073534845538973 0.02858491933525455 0.009144226869793638 0.9995495412942526 -13.522270453547993
0.9993715701830274 -0.014477675889768313 -0.03235524085432192 0.20869983323937188 0.014169323434031437 0.9998521774224246 -0.009739280109847518 0.5414860745379858 0.0324914601600508 0.009274707783379766 0.9994289793738226 -14.00163445220287
0.9992501608293962 -0.015602210928824285 -0.03543567547766246 0.22427532684169785 0.015257013045769598 0.9998336863565837 -0.009991155064648856 0.5308795350668719 0.03558566615010809 0.009443020742173463 0.9993220150301483 -14.448872272437674
0.9991976278109959 -0.011349884278952135 -0.03840938301682132 0.2311185974946364 0.010937128011072795 0.9998803477133446 -0.010939354986038999 0.571556512973493 0.03852894765949225 0.010510489212951248 0.9992022066672774 -14.865429874623558
0.9990758054703415 -0.006840036519067338 -0.04243523093145958 0.3025566633471259 0.006416420908974462 0.9999282978116145 -0.010110824807407864 0.5606206907201008 0.04250134664345771 0.009829198135404744 0.9990480581020653 -15.223513326049599
0.9989660725128635 -0.0030166289183144587 -0.045361723051419056 0.33888992038758115 0.002492259346902513 0.9999294742755717 -0.011611852493321875 0.6051409983355948 0.045393552533066095 0.011486793501585955 0.9989031379285379 -15.55596503465494
0.998871657627464 -0.002150814628581201 -0.04744244497278692 0.3409898092217623 0.0014634792998892703 0.9998935408827151 -0.014517752214617213 0.6988624132491674 0.04746861928581059 0.014431940183485674 0.9987684663051989 -15.847174283136576
0.998730441120399 -0.003023731282977886 -0.05028283035571483 0.3881670732429481 0.002384647370553078 0.9999156815570989 -0.012764921978627865 0.6606169240291034 0.05031718827966612 0.012628809339390763 0.9986534402575791 -16.117822512132136
0.9986012638737509 -0.004057758247563011 -0.05271669932527607 0.4231144005774475 0.0034686904419308252 0.9999305776616427 -0.011260907772983986 0.6421002911535638 0.05275873365012929 0.011062298823387832 0.9985460137461752 -16.358507891990335
0.9983796152631909 -0.006224771616956244 -0.05656320398668767 0.5066806726290901 0.005597626302771314 0.9999211704214022 -0.011239195828342501 0.6629236873091504 0.056628706560342926 0.010904364328563341 0.9983357573641708 -16.570953926672498
0.998277276251352 -0.009158947560644677 -0.057953372634931985 0.5173398585633424 0.00856467582210604 0.9999082527166367 -0.010494402185199226 0.6554203149961925 0.05804417324972555 0.009979971379911015 0.9982641304399412 -16.778407203550433
0.9981468811024042 -0.010040607341218269 -0.06001658062371169 0.5574936865790975 0.009451946599240906 0.9999044805740137 -0.010084167466724827 0.671397680932964 0.060112099040277325 0.009498206790301365 0.9981464419696844 -16.980579360079407
0.997985054127623 -0.009274012991298054 -0.06276802068667374 0.6066791714831233 0.008825535334424204 0.9999335357208794 -0.00741849491485237 0.6176563451604306 0.06283264807364318 0.006849585664702323 0.9980005718997738 -17.171753149800534
0.9978895162509122 -0.007947317187420477 -0.0644465166323451 0.6280098431572857 0.007569655852745521 0.9999527310155908 -0.006102134440711852 0.6026724685981348 0.06449196590887579 0.005601418033324896 0.9979025054829878 -17.355888054386096
0.997760403735363 -0.007185884413727455 -0.06650217893451373 0.671533522680203 0.006875286800472922 0.9999643685124704 -0.004898176892234927 0.5850600650122507 0.06653500709593992 0.0044299854005324015 0.9977742570642392 -17.53128185075794
0.997622684415718 -0.00790077543456132 -0.06845843473750661 0.7065684836103345 0.007711325263376793 0.9999656730550952 -0.0030312001175785523 0.5504508642573566 0.06848003360001532 0.002496088741017391 0.9976493645260031 -17.698664859865044
0.9974772398670916 -0.00910945087951652 -0.07040009837921012 0.7460593752699842 0.009110303364888769 0.9999584525892008 -0.00030897898097218034 0.49187993133393415 0.07039998806625243 -0.00033316675203553126 0.9975187871314439 -17.859391188121208
0.9974231810560745 -0.009074673826501818 -0.07116634167163413 0.7536552446571243 0.009180562265955391 0.9999571838229097 0.0011609467845569604 0.47937138176981525 0.07115275938754648 -0.0018113022658463177 0.9974637858166279 -18.01812138293439
0.9972555541241505 -0.008154704235795108 -0.07358573616782123 0.8191799152267236 0.008407750319920509 0.9999597566160991 0.003129677751713344 0.4510311366158743 0.07355725323237243 -0.0037397790173215096 0.997283983903186 -18.163687007959883
0.9972393734738358 -0.007348072462456825 -0.07388936205298959 0.8327912265583597 0.0078401664782807 0.9999489632062707 0.006372030468950485 0.3802976999767392 0.07383876883524086 -0.006933744572081771 0.9972460876850332 -18.3335757032823
0.9973257927818857 -0.006641562333059039 -0.0727815409410877 0.824625924751749 0.007104082036682743 0.9999561729875117 0.006097878531558943 0.4047510215630209 0.07273785170321719 -0.006598617578376342 0.9973292651755763 -18.49170691765182
0.9975518663633428 -0.007413124454868359 -0.06953646166456894 0.7560120492410061 0.007998421451686473 0.9999348605819847 0.008142471809480203 0.3517823282711397 0.06947157094303132 -0.00867871987701014 0.9975461797089916 -18.65364981907193
0.9977465923080426 -0.007583041811279279 -0.06666509592415734 0.7231886063824753 0.008173184195271022 0.999929753973007 0.008584065446619164 0.3595155294532827 0.06659531963883708 -0.009109588155897023 0.9977384821714712 -18.805769927514497
0.9980801192275035 -0.008783430403374853 -0.061310088510468604 0.6304263989151043 0.009485351737784548 0.9998926566761902 0.01116705992823683 0.27974004118251294 0.061205422188094834 -0.011727168259191787 0.9980562959169176 -18.978948464347845
0.9984305150406833 -0.008876633332972849 -0.05529658231995692 0.527511340397585 0.009475206557102898 0.9998992213428293 0.010572020559193868 0.31086468560228253 0.05519716565455196 -0.011079374471320071 0.9984140024884608 -19.131251323453334
0.9987919766372475 -0.008421207390471119 -0.04841147251578485 0.4086451743699253 0.008913903563866418 0.9999105628490859 0.009970387458792897 0.3403140414520077 0.04832318003105763 -0.010389878195197464 0.9987777133590712 -19.28570431075118
0.9991148982297906 -0.008802819142064475 -0.04113308291907296 0.2829228872780637 0.009338389203327573 0.9998738733968522 0.012846469766549929 0.26363744460356453 0.04101480979307845 -0.013219216070849646 0.9990710874127575 -19.455311800952742
0.9994790419361074 -0.007445143090965532 -0.031404053477790066 0.10733018484701533 0.007895622017771156 0.9998673596680234 0.014245077165390993 0.23866410942742328 0.03129383139587317 -0.014485610613657428 0.9994052547398958 -19.616033885767077
0.9998047102658013 -0.005560463525114837 -0.018963717349269087 -0.126857485582851 0.005885261218686407 0.9998362112634437 0.017114740627605877 0.17592188128479846 0.01886544541496245 -0.0172230047247356 0.9996736782958462 -19.809855126935908
0.9999786623004038 -0.0057159192559946455 -0.003162785315830736 -0.4133728329146965 0.0057756103488966325 0.9997990351421878 0.01919717827827985 0.12443234390482638 0.003052420186147875 -0.0192150356702581 0.9998107146531277 -20.00044274737575
0.9998667526395796 -0.005692345532565629 0.015299482616075513 -0.7531645735712152 0.005394211416288965 0.9997961298750434 0.019457676379307443 0.13367093605729324 -0.01540712332585465 -0.019372555051499044 0.9996936153950362 -20.19337393389917
0.9993294410842135 -0.0068423346768467265 0.035970135369267964 -1.13456589359921 0.006161444057966424 0.9998003801495038 0.01900622161367613 0.14469295055760248 -0.03609300194544632 -0.018771848845482438 0.9991721137529251 -20.40757842103798
0.9982305335336212 -0.00798655664638521 0.058923822297232475 -1.5689509277806089 0.00692938337406637 0.9998117357527022 0.018123926098503246 0.1565672696988008 -0.059057476810620374 -0.017683550664469923 0.9980979443264374 -20.64083078503951
0.9964431549468279 -0.008862046635020993 0.08380037642547172 -2.0351853748594664 0.00750086139975537 0.9998350011855294 0.01654410718637199 0.1949988258409955 -0.08393316411212973 -0.015856687351752212 0.9963452159911017 -20.856191415275774
0.9934822319707366 -0.009891230644324766 0.11355711476954725 -2.6176491440363323 0.008242508636287395 0.9998538310669853 0.014979237365535459 0.22965225541009401 -0.11368867933890375 -0.013945610671931747 0.9934185442869298 -21.076847895675023
0.9892364316886748 -0.00964578612075302 0.14600767455846494 -3.2648596650957735 0.007981228148234041 0.9998963603983438 0.011982005649771697 0.29439660551834784 -0.1461081182450303 -0.010687715951409478 0.9892108928386496 -21.30058639251967
0.9833697724133262 -0.01052288579168298 0.18130956835859033 -3.966606440115941 0.00910735697107399 0.9999212171530419 0.008638028489222576 0.36893144613875584 -0.1813861812618717 -0.006843125148233614 0.9833881354203137 -21.497076057487238
0.9755793848632381 -0.00929096467308632 0.2194505452381224 -4.770912881613872 0.00878197851448251 0.9999560097090774 0.003294768591355374 0.47425419013772585 -0.21947150312338254 -0.001287098342348527 0.9756180618944178 -21.66064097305366
0.9652161569255097 -0.01408062743800267 0.26107375651509307 -5.612047780700408 0.014441786988348238 0.9998955687542785 0.0005351393658764314 0.5560555040457843 -0.26105402735551336 0.0032538464176880616 0.9653187076219735 -21.820047571547953
0.9530518976322823 -0.016321136773423152 0.3023668317027 -6.488200116477277 0.017824795011807074 0.9998386743514031 -0.0022140356853693082 0.6259671045269823 -0.3022819165982192 0.007499717704837009 0.9531890668340961 -21.923514104946584
0.9385970909295456 -0.016590449343070555 0.3446161021908137 -7.402866692445277 0.02013925232668749 0.9997745984394708 -0.006720329673231245 0.7467924289995955 -0.3444269318945839 0.013247992519242666 0.9387196489260752 -21.989923416005993
0.9218056442303926 -0.016677293132723828 0.3872934574179584 -8.335499162857559 0.023637285457110677 0.9996332634540533 -0.013214285164858794 0.9220739120438328 -0.3869310442458834 0.02133556865809641 0.9218617903508235 -22.036273221869845
0.9027624657874653 -0.017362572234251018 0.42978886845839304 -9.274855461440273 0.02772661951413948 0.9994559214338937 -0.017863249453685545 1.0566174960934112 -0.4292448775881357 0.02804286355094416 0.9027526975136709 -22.03159715677617
0.8811075547794534 -0.01994352670975944 0.4724952197143902 -10.229074063625003 0.03305873283299362 0.9992637496791589 -0.019469945059605837 1.119246456279531 -0.47175904558794574 0.032775208916564234 0.881118146780797 -21.99294566198113
0.8563440151258966 -0.020795968725361137 0.5159868752621833 -11.243553791089258 0.036615140427291824 0.9991191617633547 -0.02049956313635151 1.1730791308489774 -0.515106066018978 0.036447610100874425 0.856351161888852 -21.87416984719335
0.8293751620664372 -0.02315221843584783 0.5582121597822549 -12.232083253352117 0.04052390575198854 0.9990021593380866 -0.0187749487467805 1.152999418270305 -0.5572204712767423 0.03819241311228021 0.82948579612359 -21.73233255223434
0.7999262201844842 -0.023376065009427207 0.5996428952685415 -13.215088602622249 0.04353016921701024 0.9988689399425793 -0.01913021656768126 1.1835990915526884 -0.5985174739548567 0.041405318531113434 0.8000390196534382 -21.555317670942156
0.7677314576566016 -0.024277825304853524 0.6403116398465178 -14.212582475231336 0.04748431315325219 0.9986899760113791 -0.01906755932873991 1.1988358623105548 -0.6390098973637526 0.04504352353955171 0.7678785268897081 -21.334370908595265
0.7341062403850709 -0.02155304256321569 0.6786924886750735 -15.17347631947878 0.04846937830124792 0.9986098537653791 -0.020714230127585272 1.257774593915553 -0.6773025521838724 0.04810224858524034 0.7341303879327273 -21.082849508777258
0.6996193132604017 -0.01895011854956282 0.714264453490443 -16.069964636234182 0.04904416431901116 0.9985641953990155 -0.021545709859888244 1.305378614901303 -0.7128306155457225 0.05010429796009688 0.6995441893594944 -20.849423021425473
0.6624378430397868 -0.01285511736078689 0.7490065754493982 -17.011304207433497 0.047487232941765475 0.9985624249819738 -0.02486053341452113 1.4080548879342594 -0.7476102372334994 0.05203680785521354 0.6620959928982431 -20.558232909514746
0.6212698961760424 -0.008705257187114339 0.7835482975558785 -18.03928844729123 0.048898867745744666 0.9984201368456711 -0.02767907285758947 1.5087179128695491 -0.7820694450230066 0.05551079929507202 0.6207140519780655 -20.246038292318353
0.5791294820629556 -0.005444162908021202 0.8152173968308845 -19.000134719686415 0.04955605164769395 0.9983635707149532 -0.02853731617338659 1.540676803894609 -0.8137279894108251 0.056925756556410106 0.5784515688369221 -19.9032206947564
0.5327829577112907 -0.005069697755979451 0.8462367388249412 -20.012234341790545 0.04867513564285585 0.9985101122141692 -0.024663474536174214 1.4129573261807502 -0.844850904682334 0.054330966959092 0.5322359391160385 -19.511155507269017
0.4839315568304862 0.0008917785744222591 0.8751053953865191 -21.030922169593715 0.04779630428984005 0.9984798839039093 -0.027448765645621022 1.4977806777339953 -0.8737996118103135 0.055110127655535406 0.4831533009614399 -19.037523314913933
0.43351525301866994 0.0073651860069288075 0.9011161298274724 -22.022143500222782 0.046121364798642914 0.9984747058032883 -0.030349325859854368 1.572003195224523 -0.8999651910542259 0.05471760142879495 0.43251432228841913 -18.538738443903725
0.38281706720707315 0.009750773400069655 0.9237727076900875 -22.951281761859416 0.04534845654608749 0.9985404913666898 -0.0293326539893209 1.5380934237691053 -0.9227104695102699 0.05312070706673719 0.3818161598686821 -18.0282884469437
0.3324584866079915 0.01085809628139621 0.9430553835419572 -23.826198163844218 0.05118782126029373 0.9982520986971714 -0.029539031827686895 1.589915309295395 -0.9417277534600689 0.05809345222860153 0.33132157969443377 -17.546405344704237
0.28336233722331944 0.013337435703943135 0.9589201732428935 -24.642854064556722 0.056377625615495544 0.9979423231397619 -0.030539859468792722 1.6714874202903667 -0.9573543488036688 0.06271548847978281 0.28202733614216446 -17.10432029755111
0.23732015889691976 0.019741802790451585 0.9712308702897183 -25.384512834096313 0.05798357855346377 0.9977230076797311 -0.03444857855769055 1.8207778423945868 -0.9696994621011579 0.064490783598077 0.23563508234477934 -16.73644202394314
0.19529902958728917 0.02148782497587771 0.9805083183839235 -26.028432991483246 0.06019889603231572 0.997612177497595 -0.03385315679516032 1.850402768307646 -0.9788944692655862 0.06563700698777568 0.1935391468280593 -16.489830110898886
0.15715346357128923 0.0208423847566063 0.987354234246861 -26.58932266866153 0.05893249042456117 0.9977976705251477 -0.030442901749806097 1.7556243002981633 -0.9858142575860357 0.06297145140654553 0.15557906622629727 -16.375857368248724
0.12299644637602639 0.01950451118462086 0.9922154243017582 -27.101314759594636 0.05597801447164963 0.9980786980976917 -0.026558883625419805 1.6162052167182586 -0.9908270969622708 0.058808897686198874 0.1216683092602718 -16.39067365585615
0.09633305092477669 0.017616412782916743 0.9951932502284099 -27.483438873484033 0.056406061209514136 0.9981399825229162 -0.023128587245679566 1.523391746185959 -0.9937496161299147 0.05836297876063519 0.09516019730871053 -16.617514980551324
0.07706602226103854 0.017187439854888933 0.9968778361083647 -27.77099532518212 0.06067802480918433 0.9979171974071502 -0.02189621940689069 1.5580698541683966 -0.9951778763206692 0.062176032603353366 0.07586260904813132 -17.077895729570944
0.0663256588060092 0.013961743901376954 0.9977003441370467 -27.91143501084835 0.06681901044572458 0.9975953964422118 -0.018402305300172454 1.532625843353894 -0.9955581986137241 0.06788589473917958 0.06523326197928497 -17.78450337996909
0.05961514075821251 0.010559730721621686 0.9981655809931864 -28.01144441099668 0.06828751001981859 0.9975583830669893 -0.014631758201490996 1.4146069185201169 -0.9958829504352766 0.06903451643823227 0.058748485703614114 -18.61640431691885
0.0573286347261899 0.010253932348028474 0.9983027018454039 -28.042781981527124 0.0645047706764404 0.9978198444213984 -0.01395323040864685 1.319220942931763 -0.996269322121489 0.06519520649755631 0.05654222182873666 -19.61088079118385
0.05968168596312063 0.01570790947655281 0.9980938622897527 -27.9956233278414 0.05846705605974901 0.9981046056326169 -0.01920415503646212 1.3066676779508326 -0.9965037379339355 0.059501746149459585 0.05865017040776313 -20.740818819465225
0.06534334754424775 0.026511137212182664 0.9975106047232923 -27.868920973759487 0.05561682931232455 0.9979963436487513 -0.03016730616025933 1.5811996818447585 -0.9963117058576373 0.05744960981103255 0.06373795653772331 -21.92739229202185
0.07128094725715 0.023837103545777755 0.9971714090629912 -27.76664128501179 0.05367658721726884 0.9981741542850482 -0.027698045094115865 1.3563592365771933 -0.9960109690876052 0.05549910100061634 0.06987130487756082 -23.122417445953882
0.07856166237166982 0.022164036711082625 0.9966628420293744 -27.58598614137768 0.05323296700726668 0.9982332159807136 -0.026395032419108067 1.3598398509487484 -0.9954869745149875 0.05512895781231757 0.07724300344707405 -24.42273794473436
0.08323810330261452 0.02267007538351727 0.9962717931572133 -27.4362265730862 0.0441486476252123 0.9986757383400149 -0.026413378502028424 1.0782773842496196 -0.9955512619003847 0.0461826518633591 0.08212702110401707 -25.688216747392637
0.0862581141554205 0.021886850708150926 0.9960323807529701 -27.36859069924967 0.03491109061612998 0.9990782542765694 -0.024977141223019937 0.8559504960319316 -0.9956609631266773 0.03692705779995793 0.08541451227921261 -26.89553977671549
0.08775632713416928 0.013252187827829262 0.9960538171031206 -27.287413759864812 0.027292777229466395 0.999504141883609 -0.01570269622114673 0.3874692794466667 -0.9957680108132736 0.028563085885226564 0.08735112343690712 -28.076773879064714
0.08774973610002218 0.008331663696106256 0.9961077086311658 -27.284251908238524 0.026823870141028678 0.9995826538870329 -0.0107237138535788 0.2773072894891066 -0.9957813333282732 0.027660466883463714 0.08748962662370387 -29.251104481052973
0.08621358960167622 -0.007088225210987852 0.9962514612442745 -27.271273585495056 0.029453067049097722 0.9995557495949515 0.0045629259336871664 -0.2701971158633873 -0.9958412191757255 0.028949274861959445 0.08638405915197331 -30.406379340784813
0.08298241162777262 -0.013945163769953414 0.9964534368287703 -27.358686549139847 0.03649739264856221 0.9992738076420462 0.010945213128271819 -0.29967528809666605 -0.9958824527474595 0.03545969215878495 0.08343111255226446 -31.574198104401802
0.07799924715865705 -0.018822227296273204 0.9967757226188297 -27.545592985808117 0.045864246152873024 0.9988309337740311 0.015272087641365499 -0.17954626068504634 -0.9958978804915247 0.04452515576283035 0.07877132813901448 -32.66578341972385
0.07527600696957337 -0.02281087130485176 0.9969017940223751 -27.714304307144623 0.054115563958502165 0.998358475427844 0.01875793908840156 -0.07807062190321978 -0.9956932401659507 0.05253588004121004 0.0763868627194859 -33.91182639231529
0.07537210321410334 -0.025341153702758783 0.9968334223861556 -27.718525602742712 0.0604172243986414 0.9979564409844819 0.0208014637357627 -0.0059507165450731515 -0.995323467548639 0.05865805849667372 0.07674911804284165 -35.086494754547076
0.07415976393022813 -0.025787162983823917 0.99691291075954 -27.826782999703696 0.06021983343364701 0.9979571196519883 0.021334455632410255 -0.034798212260979365 -0.9954264920500342 0.058451771240512235 0.07556116306549406 -36.28957017854486
0.07260648897985497 -0.02980212435390138 0.9969153079083564 -27.927589434334347 0.0560221490325427 0.9980972299016895 0.025757299554693996 -0.36470463584544305 -0.9957860295142698 0.053979190866196416 0.0741379145757214 -37.46169628840941
0.07149868142006062 -0.02993184528100446 0.9969914860184447 -27.919459627332994 0.05170167053305113 0.9983171567269415 0.02626388868250687 -0.483948900677488 -0.9960998322554243 0.04966829192462019 0.07292588674816507 -38.469788473011725
0.06778796761363995 -0.030430160217864696 0.9972355773817575 -28.045099017650408 0.046522574039084955 0.9985439105232832 0.027307670381185256 -0.6879930618870714 -0.9966144899366004 0.04454283450774871 0.06910495164910653 -39.62414377752616
0.06305298697160283 -0.03230368149096218 0.9974872395154182 -28.210293068918418 0.04083945651458513 0.998722360593275 0.029762144455489734 -0.9968756657248703 -0.9971742373454862 0.03886024463544453 0.06429169278624736 -40.65583404743204
0.057490550174032276 -0.034551302740659456 0.9977479862769006 -28.412838154670244 0.038662504313163745 0.9987282927117589 0.03235750449724931 -1.1714567421823088 -0.9975971368247413 0.03671518508707552 0.058753278913607154 -41.62981919070854
0.05209634780736348 -0.03540208567344387 0.9980143600545558 -28.61027977946398 0.040487279796621714 0.9986246563095388 0.03331029848749632 -1.124004250378583 -0.9978210013423271 0.03867154174100346 0.053458031572155236 -42.66964937035871
0.047869254123275175 -0.037192387839922715 0.998160939326142 -28.741108738285146 0.046054999151341515 0.9983259222855124 0.03498985490039986 -0.9267365071825935 -0.9977912965960624 0.04429536295760395 0.049502012662142256 -43.66750197483145
0.04297398259636432 -0.04047321206822304 0.9982560572942637 -28.900235633538284 0.049525734508916654 0.9980369917248378 0.03833229408982447 -0.8566585294395431 -0.9978479034608231 0.04779207312637876 0.04489408986852487 -44.692093894703035
0.03949449609738984 -0.045347830216646234 0.9981902419241814 -29.00238906271303 0.05141517190019164 0.9977385405270617 0.04329301150766937 -0.9508819014460766 -0.9978961192812043 0.04961228720359177 0.04173674738095103 -45.78325879428125
0.03839583538807657 -0.050707349662967624 0.9979752123750417 -28.992941724259925 0.05368020054023959 0.9973742299985092 0.048611535717777106 -0.9741707903233258 -0.9978197211394509 0.05170502901109906 0.041016997454104524 -46.86889620577768
0.03789971065986768 -0.05633837743322396 0.9976921364629922 -28.97394915762485 0.054753281702042626 0.9970266675889903 0.054220865533943195 -1.1066281251392946 -0.9977803816846446 0.05257196348420693 0.04087173327203211 -48.04924456561013
0.038310740334301735 -0.05723280527340948 0.9976255275280268 -28.895694188469577 0.05509099762493277 0.9969610206103917 0.055079082818942804 -1.0842535321395053 -0.9977460945329364 0.05285006512789081 0.0413473271234108 -49.2121915345716
0.038166555726433425 -0.05889050733407355 0.9975345719171423 -28.871602266315385 0.05392525850183503 0.996928678955481 0.05679150967873322 -1.1881801430213659 -0.9978153038110266 0.051624773336207595 0.04122501981192815 -50.35761278939257
0.03914458106445455 -0.062451704054928864 0.9972800441370137 -28.74790241070396 0.05217682546391417 0.9968111751548363 0.06037433205380123 -1.4209045883551665 -0.9978703726726216 0.04967157886628927 0.042278287514200735 -51.545472138367266
0.03980517517279295 -0.06500459028374012 0.9970907437497886 -28.675076607945375 0.05205219479037976 0.9966615938300255 0.0628986200301532 -1.464352059544689 -0.9978507488833025 0.04939707102892143 0.04305592092611725 -52.749883448042716
0.04121914811983521 -0.07093407776279298 0.9966289873569889 -28.5595467530983 0.04965193544298792 0.996389733713409 0.06886351615541664 -1.778754630601104 -0.9979156613336824 0.046646062668396854 0.04459235026880225 -53.93430466933935
0.04225112737622714 -0.07736134621156433 0.9961074562253673 -28.403410448117263 0.04543285750230072 0.9961151731303219 0.07543485480017426 -2.20280045882681 -0.9980734931329522 0.04206880045689698 0.045601736079937956 -55.127041379376905
0.04516760851739024 -0.07930285579037454 0.99582676415344 -28.189574847483655 0.04394320095520654 0.9960369534136444 0.0773264671653628 -2.3491142193554877 -0.998012465969554 0.04026716401680973 0.04847342850895974 -56.39127035696196
0.048574153919952255 -0.0805222257336124 0.995568542458964 -27.961487406070997 0.048984382054489996 0.9957377873016412 0.0781459484194266 -2.0647570753357973 -0.997617703274005 0.04497143651849577 0.052311452013515745 -57.68498443484157
0.05210982562009414 -0.0816022685831336 0.995301781288434 -27.73032511466778 0.052390656412645294 0.995506793793213 0.07887612206625018 -1.8753520725715025 -0.9972661556447685 0.04803429268391464 0.056150881844014684 -58.9773161429275
0.05601865636046871 -0.07950643036993037 0.9952590806766846 -27.467671179959726 0.052079981619174695 0.995700023267954 0.07661030726177 -1.7927753772839041 -0.997070501847344 0.047541468151791416 0.059918470873830364 -60.25183291192012
0.060916312541915596 -0.08009608221996259 0.9949240274911992 -27.130271050833947 0.05119875156779082 0.9957137397775633 0.0770249067255425 -1.843073502289426 -0.9968289174698912 0.046246794820742745 0.06475602878970288 -61.55102714435431
0.06787745344303102 -0.08552886083195244 0.9940208575673236 -26.60862961803733 0.05282947036397914 0.9952290661104743 0.08202531944426884 -1.876187375111124 -0.9962939819025057 0.04694592563430196 0.07207205901865149 -62.885258660103666
0.07543989360319935 -0.09119763655205843 0.9929712047891707 -26.061041793264287 0.05399868104113618 0.9947213444192159 0.08725588463046949 -1.9593205984494793 -0.9956871822510099 0.047036560717667486 0.07996622447569711 -64.2856440516541
0.08445493000009616 -0.09451944742595242 0.9919341907893748 -25.414112117928756 0.05465734879036999 0.9944314364217179 0.09010378726472741 -1.979707971976884 -0.9949271023657398 0.04660678399688216 0.08915081975832456 -65.69596781392102
0.09320702646197312 -0.09693337508953723 0.9909169344661882 -24.764944197361473 0.0540424081606811 0.9942748778853503 0.09217855133525307 -2.0666763286505936 -0.9941789921026852 0.044959848752221365 0.09791191787451611 -67.06485673114427
0.102381239590078 -0.09640323878776524 0.9900628754433873 -24.091822524143648 0.05279025761029754 0.9944169333640684 0.09136821843638994 -2.107581086830761 -0.993343480615561 0.042911282782393714 0.1068987901172505 -68.4547811985837
0.1110616568380572 -0.096568276773935 0.9891106491698988 -23.445598330097486 0.052636155497909745 0.9944425046522558 0.09117861632723112 -2.1044690678962126 -0.992418633196085 0.04193653373684142 0.11552741502930494 -69.82952130724243
0.12068869869057502 -0.09308684567213762 0.9883162839755234 -22.714050279634797 0.055348379585514806 0.9946759581193326 0.08692695333810756 -1.7075080099358542 -0.9911462025784256 0.04421060395651018 0.12519835307290286 -71.1927225872504
0.13111545283775902 -0.09363781897811216 0.9869350013471868 -21.883178789149245 0.05733541633524353 0.9945791978430939 0.08674600423911163 -1.545403439329318 -0.9897077286051744 0.04521258757038779 0.13577346524404663 -72.56980215386723
0.1409865556217383 -0.09417296361063641 0.9855223204264368 -21.089135255246426 0.059693937687709406 0.9944629332280172 0.08648761899176316 -1.3307454406830672 -0.9882102129290379 0.04663611647980858 0.14582745867094912 -73.95958443889268
0.15291067431047412 -0.09420855244993943 0.9837393325099911 -20.05805034558853 0.059104763609767144 0.9945356239036185 0.08605532932522736 -1.3391577780920874 -0.986470958822686 0.0449849022665027 0.15764328709946243 -75.30912013544483
0.16042597884768087 -0.09291401720559833 0.9826649941447398 -19.51296147326494 0.05769277622961385 0.9947402219903567 0.08463707417849298 -1.3151055079769187 -0.9853603649841429 0.043114686143978766 0.1649426414151994 -76.67612954811686
0.17066674301943058 -0.09329462447149833 0.9809021234923806 -18.64092398739307 0.05313773898723628 0.9949301733468249 0.08538343433817339 -1.6559476495568215 -0.9838949352052097 0.03755080836385448 0.1747589576209388 -78.0135523459812
0.18169329339671572 -0.09675055320477458 0.9785841188110632 -17.514916853742168 0.04781706976027228 0.9948401544388908 0.08947957842739901 -2.2634752404641327 -0.9821919746028248 0.030535185779259337 0.18538211201523702 -79.31719556013756
0.1912208794055569 -0.09672090596428291 0.9767700044682033 -16.775170720656963 0.051697863100894845 0.9947443486046195 0.08837992911273747 -1.9024805109295073 -0.9801846286440972 0.03359683420531917 0.1952161532794192 -80.65816863826994
0.201121969092447 -0.10346549771076427 0.9740866718787607 -15.807968724695385 0.048790896903384035 0.9942299813784472 0.09553110753872618 -2.417482271587796 -0.9783503472313689 0.02831315792482616 0.20500966601744347 -81.94915374416217
0.2075399408807512 -0.09965551586321944 0.9731371697233899 -15.2650740011259 0.055493747281010954 0.99439475234838 0.08999733615344067 -1.655620208375522 -0.9766512258487805 0.0353249863416779 0.21190688612698427 -83.24363528162361
0.21605249244797212 -0.1029967227630748 0.9709340840690913 -14.471722596540419 0.05576106122424594 0.9940991528301594 0.09304610896488466 -1.6929586916950377 -0.9747881947162497 0.03403747115203482 0.22052080627326198 -84.54615724924594
0.23946931006355737 -0.08695496246517792 0.9670022151165755 -11.246057395308263 0.05706317327121819 0.9955201735878719 0.07538818366158194 -1.1447237246843074 -0.9692255897333205 0.03712705862646516 0.24335845521338326 -86.49404917005248
0.2646071884981831 -0.08981989500060981 0.9601642683713899 -8.785295218423984 0.03605604995692889 0.9958783446216186 0.08322429918724414 -3.4404049430301336 -0.9636819999650251 0.0125979830045886 0.2667551194778193 -87.65856726629649
0.27464818764132665 -0.0788402953353928 0.9583071432775415 -8.613524219198224 0.04528892044250171 0.9965874474336294 0.06900995075259929 -1.9417460749820261 -0.9604776346747942 0.02444723806795907 0.2772815281268501 -89.38222328122303
0.2836310094339337 -0.0828820066662508 0.9553449761517895 -5.799957097537856 0.06281419907046688 0.9957239419977776 0.06773631025928281 0.01806999590483744 -0.9568739869400898 0.040797111458798434 0.28762435365245903 -90.90731609007571
0.3038129365794046 -0.08399090447423861 0.9490222481757727 -3.1453967682046784 0.06444825567786099 0.9956366188377423 0.06748440982500714 0.22020290556002176 -0.9505493789946317 0.0406601917721472 0.30790035222125434 -92.26864423089228
0.3222205556939036 -0.08226740400607367 0.943083234781752 -0.8433211486448293 0.0661230536455275 0.9957395644827569 0.06426866655128446 0.4519442941085897 -0.9443525058286776 0.041650857875810327 0.3262875277624114 -93.67981036149153
0.36614204211332335 -0.08859948051975719 0.9263315481234107 0.7621003733475661 0.07047663464879814 0.9952382855748105 0.0673334901419192 0.8189112043763801 -0.9278863340763595 0.04063110849756957 0.3706427714883882 -94.95663769242726
0.35306038687383895 -0.09000593819768321 0.9312611311064423 3.210573031247872 0.07054053902966848 0.995089590168448 0.06943154824569278 0.7611085240601149 -0.9329375089328862 0.04117813288075328 0.3576757830753377 -96.25066355262531
0.3709285365268688 -0.0913014791569165 0.9241623562414748 5.555069881637131 0.06818720999505018 0.9951467949024336 0.07094618374870361 0.45812948495402234 -0.9261546982999797 0.036700088544484866 0.3753539373946951 -97.45428062104963
0.38788093366511833 -0.09597643741654555 0.9166989171805017 7.87311530222344 0.06933857182527059 0.9947840083881578 0.07481269352470579 0.62385983358303 -0.9190976791159403 0.03454417629670275 0.3925126190680682 -98.64611995547656
0.404799643831973 -0.09321501213683489 0.9096418030553771 10.093334783083986 0.06548523440612258 0.9951914422085493 0.07284008120288507 0.28668967221563535 -0.9120575269292409 0.030082467771069484 0.4089573482705985 -99.7775596605195
0.4208405817705359 -0.08857603807359134 0.9027998062772403 12.227033919835264 0.059602096566306675 0.9957708599392876 0.06991412289854207 -0.3043051618923567 -0.9051744554614528 0.02438606107917985 0.42434010558171964 -100.8667336457972
0.43792836895299053 -0.0859006866210931 0.8948965391061685 14.528504266931208 0.057445525349824444 0.9960641314161724 0.0675000572105568 -0.4748647405604797 -0.8971726451934745 0.021847611864240894 0.44113935051452097 -101.86580352949613
0.454712770924607 -0.08679299337442448 0.886399047979618 16.81658461796711 0.05802476647905024 0.9960129105747721 0.06775993243372294 -0.4313191960884597 -0.8887459830756579 0.02062179113166749 0.45793593361670615 -102.82186749435535
0.4698963454894085 -0.08983519843537495 0.8781384068686299 18.930488998366304 0.06078666217234062 0.9957394833917317 0.0693387547963847 -0.15170129008322472 -0.8806261443982027 0.020797075199273426 0.4733551261637626 -103.72951578931621
0.4861704911751358 -0.08551350000203467 0.8696698769233813 21.159220898123174 0.05187540513765133 0.9962696316196289 0.06896204357683518 -1.1034758868094336 -0.872322873626693 0.011587166603220695 0.4887929436047307 -104.59614364180601
0.5043598360343571 -0.08543256715679214 0.8592569070216407 23.70225341854367 0.05748212393446152 0.996208101128172 0.0653086875889006 -0.24873856539760272 -0.8615781805636558 0.01645283305700308 0.5073581999544491 -105.32943549344274
0.5208588774097374 -0.0831149836024033 0.8495869168744541 26.002705918850598 0.05490388443042937 0.9964498260441524 0.06382246979731043 -0.4788136961078298 -0.8518753390596059 0.013403121925535846 0.5235730732426287 -106.11092350065388
0.5378061704796545 -0.08218898054293991 0.8390527364065508 28.405163921010505 0.048055158429578006 0.9966071182663024 0.06682030806008152 -1.4354572266068777 -0.8416978227026115 0.0043844381907245135 0.5399310622287209 -106.80114246949645
0.5578423972454651 -0.0870366555601477 0.825370510997538 31.321635791320038 0.043625439756940665 0.9961861518396917 0.07556435594140933 -2.393708724916667 -0.8287995420132943 -0.006145849959986974 0.5595118834187734 -107.33648657671341
0.5756542931972132 -0.09154931814335959 0.8125520642217966 33.92680413309755 0.040571125849808404 0.9956865579650339 0.08344017039185585 -3.1080766328302682 -0.8166860586975241 -0.015066540254114691 0.5768855006791861 -107.87189129591518
0.5944815024434693 -0.09412770988571889 0.7985810650674264 36.71037410091604 0.037454343888214565 0.9952884892886462 0.08943151130014197 -3.710025798489582 -0.8032365251757781 -0.02325504936984646 0.5952060880924751 -108.27176060535388
0.6135817357943258 -0.09597485488417246 0.7837769330170316 39.548388182648885 0.028567818630877144 0.9946343499436465 0.0994303256097104 -5.172894483057071 -0.7891142713436982 -0.038617834508705415 0.6130312631665393 -108.55586199828184
0.6289849220020353 -0.08168527931917671 0.7731141461884149 41.75862190921802 0.010114642244993248 0.9952402375262409 0.09692555710939868 -7.098497513352061 -0.7773516976931031 -0.05314494097521971 0.6268173205507255 -108.7851082907645
0.6421919895819307 -0.08689953926646193 0.7616022049548428 43.752175852682456 -0.003783773885575395 0.9931818973556517 0.1165135263401238 -9.60478314757584 -0.766534494704566 -0.07770578382787555 0.6374846504722378 -109.04138728570064
0.620294318108984 -0.04568587339436484 0.7830375213831741 40.10169692260207 -0.04517633976853585 0.9945642084812799 0.09381435675376651 -13.50045498817966 -0.7830670834908261 -0.09356728156892899 0.6148586069764108 -109.73018070975894
0.6331418553394713 -0.0716098326057071 0.7707161753145414 42.24913041764407 -0.01787546084728479 0.9940930238940768 0.10704918376441576 -10.860076894219166 -0.7738293474124572 -0.08155422563738236 0.6281218427692973 -109.88274089981161
0.636109027319453 -0.07474497091262919 0.7679703735730757 42.73827612513103 -0.011372531196978418 0.9942806981537489 0.10619114281835075 -10.064605785197859 -0.7715153730787695 -0.07628291159993718 0.6316208882715667 -110.22505242806955
0.6342072261710962 -0.07515285325205975 0.7695019447151766 42.45662417080542 -0.011050397297409129 0.9942819600735561 0.10621333528261422 -10.037359494323901 -0.7730841370717251 -0.07586456696219902 0.6297503350437413 -110.61218920074874
0.6348703858996397 -0.07398894460265347 0.7690677663146649 42.55949210254675 -0.014018963051542835 0.9941370504932779 0.10721470753346009 -10.408708104959352 -0.7724914638897974 -0.07884897534598266 0.6301109246031896 -110.88458408943268
0.6342264458565314 -0.0777144179846431 0.7692316196136899 42.49629808501357 -0.011576799502397324 0.9938692278146654 0.10995424373966706 -10.241124189361964 -0.7730606658532522 -0.07864112944502386 0.6294384637676168 -111.2581629156106
0.6345473818478811 -0.08179496093344565 0.7685435606105195 42.583263064317606 -0.00880503449589494 0.9935545602458569 0.11301242047752083 -10.03552338028752 -0.7728338059101227 -0.07847878809307626 0.629737237474422 -111.56293992387825
0.6353219905858486 -0.08502862825103644 0.767552018208396 42.73705957881472 -0.009209972036195661 0.993014960031577 0.11762850661543736 -10.249453051158312 -0.7721924272440953 -0.08180110959658521 0.6301011298003203 -111.81558316834402
0.6322336093389672 -0.08390419275391026 0.7702212342311375 42.641690534150136 -0.013553598634273294 0.9927689937106973 0.11927290174515978 -10.79415330630966 -0.7746592561806017 -0.08584760663503782 0.6265247203812094 -112.12320243925173
0.6341597491536065 -0.08048670016441506 0.7690014978204389 42.531002038444406 -0.016751464475799595 0.9929037111848709 0.11773533349520335 -11.111764599504763 -0.773020569578424 -0.08754491082841012 0.628311298320104 -112.46458221147657
0.6332279703997934 -0.07625415584391836 0.7701997411190749 42.355661708197026 -0.02017264583275592 0.9931705184932611 0.11491468816445209 -11.387921878749774 -0.7737023987706544 -0.08830416135357654 0.627365103607283 -112.84171963859428
0.6331007401244113 -0.0754054559708118 0.7703878698835779 42.33470273596837 -0.019193800967849464 0.9934086647080298 0.11300806558567318 -11.19563969854169 -0.7738314098421756 -0.08633216140490861 0.6274804435588632 -113.20319176378005
0.6330159401456025 -0.07488394141828844 0.7705084132176894 42.272187215183884 -0.016382953086063374 0.9937917037872892 0.11004384731431706 -10.752629352697557 -0.7739653857697766 -0.08228271265107408 0.6278591695826555 -113.60350116034469
0.6318354270475621 -0.07311548160355505 0.7716463694449064 42.187514419550176 -0.017493882680237435 0.9939422011305047 0.10850283351423198 -10.814130338225391 -0.7749051278681763 -0.08205502520703564 0.6267288214546047 -113.96983676790616
0.6322479085510313 -0.07288777678913125 0.7713299904240627 42.19811475803818 -0.020880472629929963 0.9936002589629874 0.11100689731469363 -11.297418917461087 -0.7744847241847947 -0.08628961341564792 0.62667975443681 -114.25386085228541
0.6317595876947695 -0.07324316896418016 0.7716963532088379 42.140777855592766 -0.023687400481631884 0.9932370566092399 0.11366202724145212 -11.724447441287856 -0.7748023815232874 -0.09008655603528405 0.6257520930908215 -114.57459993048663
0.6312590559456082 -0.07253293171487166 0.7721728939191698 41.98833384863623 -0.025279941862651496 0.9931638828899239 0.1139580021869042 -11.91583598874242 -0.7751599375780979 -0.09145750674414467 0.6251100668154883 -114.95589139943822
0.6315661189415547 -0.0743538811307594 0.7717484938539855 41.99890913115944 -0.023212371748070382 0.9931313712212708 0.11467896622305124 -11.694501779146293 -0.7749744661619061 -0.09034146255707423 0.6255021957916034 -115.32512012611434
0.6307944041966767 -0.07904218527937447 0.7719136950335969 42.04945516616359 -0.01627759180999791 0.9932313802374283 0.11500637076492876 -10.901865503972257 -0.7757792596087026 -0.08511027116578943 0.6252381802985635 -115.73014602133075
0.630999491459088 -0.08456417714223076 0.7711605161849443 42.12445013037849 -0.010388395087684951 0.9930310350747602 0.11739439776178667 -10.308454444379818 -0.7757136862437549 -0.08208692540598556 0.625723592052847 -116.10891890346771
0.6313498607574457 -0.09163144368031927 0.7700656023032156 42.244157295088804 -0.005735546519467269 0.9924158958905753 0.12279166539236223 -9.978529705477818 -0.7754769221760741 -0.08194124793269443 0.6260360812761161 -116.44660764705847
0.6316098675627977 -0.09517310352441341 0.7694225468251086 42.40564565179115 -0.005126885806141075 0.9919021205993985 0.12690113550456172 -10.076010373113899 -0.7752694307395565 -0.08409675092384744 0.6260072253934585 -116.75922907306098
0.6323068615006209 -0.09737661064119418 0.7685738927385369 42.46084566305059 -0.004751167888039677 0.9915631220039656 0.12953764505134616 -10.131160083616567 -0.7747034654001067 -0.0855591653873631 0.6265095130285601 -117.09278685941865
0.6319676651795609 -0.09767786973203105 0.7688146095985082 42.41665927621411 -0.004959646493072241 0.9914955159476169 0.13004631391328475 -10.170880485220504 -0.7749788849214914 -0.08599811405130477 0.6261086585453524 -117.46646698500685
0.6318360226173771 -0.09560281587473597 0.7691835555443671 42.38222424347709 -0.007022372502177271 0.9916174071207007 0.12901784442339476 -10.364257363443551 -0.7750702721737519 -0.08691961511672701 0.6258682398879705 -117.82305582997292
0.6311868745067545 -0.0960292540313889 0.769663245725408 42.274917378469816 -0.006130734348081111 0.9916575203916578 0.1287547138827248 -10.236143673138857 -0.7756065649198363 -0.08598688633067285 0.6253324810310177 -118.20409197931815
0.6313902556087921 -0.09615525251202493 0.7694806771690976 42.32119148677236 -0.002236122264259982 0.992052728017887 0.12580295938286928 -9.649446665105842 -0.775462020268874 -0.08115141555522801 0.6261574106196455 -118.60637672910028
0.6308933037964181 -0.09484457280902953 0.7700507426355183 42.232282882492584 0.000171871592629963 0.9925172695679321 0.1221042180662588 -9.194822740178424 -0.7758695829100379 -0.07690238369575765 0.6261888003604937 -119.02612432131959
0.6312592010408299 -0.09498383220536438 0.7697336505057295 42.294631754072824 -0.000708272054676766 0.9924012740734842 0.12304149530959801 -9.333539680078063 -0.7755716082039039 -0.07821625685820341 0.6263951609895321 -119.34788753922186
0.6321815516301136 -0.09436239867176038 0.7690528093021012 42.43475456148006 -0.0019071943485557546 0.9923638424921962 0.12333031551018048 -9.481656549781226 -0.774817945318937 -0.07943388339389923 0.6271741462948752 -119.63806947878138
0.6332313082482316 -0.09352114499259065 0.7682915499297828 42.5924647374492 -0.002975654332683618 0.9923711867050895 0.12325004372747558 -9.601585572796846 -0.7739568823490915 -0.08033195651051389 0.6281222182248192 -119.92473481665101
0.6340479009572344 -0.0933965606501523 0.7676329472804352 42.719625463740705 -0.0034033123387525177 0.9923329506961518 0.12354647881584324 -9.65681603468601 -0.7732862838282145 -0.08094688024495528 0.628868766772336 -120.223807334988
0.6349488332249766 -0.09391502906808544 0.7668245865263981 42.86904928357749 -0.00165483000119631 0.9924159417464666 0.1229140354277769 -9.414655659076278 -0.7725524194020157 -0.07931308771327925 0.6299779308781204 -120.54487086316216
0.6372572879709453 -0.09474970811551406 0.7648043159788918 43.09547299230647 0.0020466232562142625 0.992617736384646 0.12126764097593543 -8.89392506546609 -0.770648402490502 -0.07571342170742346 0.6327468036364869 -120.84972160746551
0.6377099878306652 -0.09607653938080715 0.7642612576872002 43.33635786461451 0.0036522273596228116 0.9925567193132299 0.12172846906731341 -8.709552439295727 -0.7702678966803215 -0.07483620465233701 0.6333142267602293 -121.12373675275404
0.6389190553930378 -0.09830127324760571 0.7629674307161269 43.554413942189434 0.0030269788235673875 0.99211553824237 0.1252900481971906 -8.937723565780272 -0.769268014449366 -0.07774071298844787 0.6341790784070205 -121.37850743667231
0.6394631170286256 -0.09691799884691366 0.7626885494482947 43.632041611816845 -0.00031570914892065094 0.9919893792781698 0.12632090771936644 -9.383336790998994 -0.7688217103384682 -0.08101834914894927 0.6343100226335789 -121.66121659860003
0.6395802521109079 -0.09459092538054642 0.762882466665344 43.630338220812824 -0.003178424739586301 0.9920666886611462 0.12567252231527493 -9.698354775725363 -0.7687177627230442 -0.08280242801126297 0.6342056127073595 -121.98535415650684
0.6397006650243912 -0.09320301324608338 0.7629523297619597 43.640672358462595 -0.004418502652418374 0.9921585171165408 0.124907780972272 -9.808137626968197 -0.7686114336917337 -0.08327469744740541 0.6342726454478238 -122.31154684537722
0.6400200023678967 -0.09099588663280117 0.7629509454643253 43.673647488180734 -0.005763184960610394 0.9923660665230842 0.12319243366624122 -9.892126710844787 -0.7683366334284127 -0.08324264910135815 0.6346097061206052 -122.63970945113131
0.6396207785943026 -0.08844089217988457 0.7635859271757464 43.73042435796641 -0.008327344364523127 0.9925037321225453 0.1219302959016077 -10.140593022879854 -0.7686455066714779 -0.08434779376631613 0.6340895321328859 -122.9431503517551
0.6411595973382067 -0.08829438619944557 0.7623112698279962 43.841573403037806 -0.008471476499013982 0.9924842075529781 0.12207920315870355 -10.158996045650191 -0.7673608048545583 -0.08473015474788487 0.635592791061513 -123.24320684837113
0.641399621181093 -0.08598870706629111 0.762372919381203 43.86536438538009 -0.00811161147908309 0.9928835543974597 0.11881266416623784 -9.962041740001352 -0.767164081346333 -0.08239047071193603 0.6361376286841572 -123.59579240787991
0.6416439560257478 -0.08353748727036511 0.762439848064214 43.8878832675345 -0.008717982105218534 0.9931926144117793 0.11615690881694297 -9.909226201557146 -0.766953082322277 -0.08117831544475472 0.6365477598875913 -123.93227678851562
0.64219215638076 -0.0816440414706144 0.7621833668976082 43.96617397000811 -0.011280938385883968 0.9931974162704107 0.11589492112648594 -10.20899894924251 -0.7664606804736714 -0.0830249529125136 0.6369025690650898 -124.21802890990581
0.642095735875595 -0.08278555640977703 0.7621414682460873 43.96246904531647 -0.010276921247036871 0.9931334578721418 0.11653462895038944 -10.10871897892379 -0.7665555758456527 -0.0826588561791558 0.6368359778114716 -124.56629002718863
0.6427861658718579 -0.08354781553576483 0.7614760058484826 44.08645970277272 -0.0062174638126236415 0.9934330240745811 0.11424609324511503 -9.493059069441829 -0.7660204227744161 -0.07817025775341038 0.6380455490756677 -124.91103853922479
0.6440790164322681 -0.0887439037184958 0.7597938800388199 44.349958523286425 0.002205137207707583 0.9934591594784249 0.11416670188070044 -8.438369245420674 -0.7649557882397763 -0.07185692730157539 0.6400618907865384 -125.23418166864528
0.6462327474093472 -0.09407036579970893 0.7573202773292658 44.76364457518791 0.004960907249512196 0.9928703562933816 0.1190959486847284 -8.331815366435062 -0.7631242530381463 -0.07320670646984932 0.6420920125284294 -125.43066413977124
0.6480365114259607 -0.09778560642984585 0.755305669933715 45.10248968939563 0.004516920625696863 0.9921993341842127 0.1245796077713619 -8.64184555908399 -0.7615958753085076 -0.07732047865573849 0.6434230849864774 -125.6253504654359
0.6499763301471543 -0.09981084952898503 0.7533714651914684 45.448747926280376 0.0011335727914256258 0.9914638878068622 0.13037666274156634 -9.34048279564976 -0.759953607308475 -0.083887743390819 0.6445412021334493 -125.78664612226599
0.6515702951694147 -0.10224447567740703 0.7516662940735697 45.746189668701184 0.0016081029849353973 0.9910591389827381 0.13341363140093143 -9.41977755770038 -0.7585865569977046 -0.08571960238035335 0.6459091153638585 -126.00441903975246
0.6527723396563563 -0.09836908562037447 0.751140330147289 45.908323901431146 -0.003909540198970267 0.9910828873365979 0.13318943623270338 -10.100097570526223 -0.7575440502538446 -0.08987899322291147 0.6465669172655191 -126.22714162393112
0.6534448953394614 -0.09622216783631724 0.7508335788786221 46.00334611759539 -0.009024692645780936 0.990827320636652 0.13483239819361786 -10.8230035970422 -0.7569202888530929 -0.0948815846035085 0.6465826793424625 -126.46353184696133
0.6539839301854872 -0.09025741706374685 0.751104931234062 46.04370631523302 -0.015498865330490781 0.9910503814125923 0.13258554474535655 -11.526455315438918 -0.7563496573891016 -0.09835008981661629 0.6467321358958841 -126.71431061262348
0.6541266196460879 -0.0885189833402165 0.7511875631683452 46.05711161342083 -0.014891512891746617 0.9914288763985566 0.129796093496262 -11.314074352415995 -0.7562384599543831 -0.09608939916301858 0.6472018379565319 -127.05996310901817
0.6554048479546492 -0.08964024238181438 0.7499394057010694 46.28693487669178 -0.00949351884137034 0.991875751751089 0.12685569040536052 -10.4856759492425 -0.755218086632962 -0.09026139836021652 0.649229174936329 -127.37696636111124
0.6579455656706641 -0.09123860435010836 0.7475179928874984 46.743804628530675 -0.005748559745980084 0.991996022802121 0.12613819725055772 -9.969753007331413 -0.7530435489898022 -0.08728921938600491 0.6521548937973441 -127.57293236655255
0.6612396567285215 -0.09252119195548755 0.7444474094311047 47.33914961596998 -0.0071280531396800476 0.9915456593767367 0.12956232565676817 -10.306985730889556 -0.7501408582579574 -0.09097820843635238 0.6549898154641236 -127.6351043819466
0.6632992704929066 -0.09496646255052348 0.7423041484150671 47.72571343877073 -0.005671048946960633 0.991249116329801 0.13188263183312013 -10.236533708706625 -0.7483327581814251 -0.09168729664478695 0.6569562562808514 -127.8202884056282
0.6652551352566978 -0.09318627249558 0.740777917889682 48.055298952455104 -0.0060819200348819075 0.9914711803008216 0.13018413452331626 -10.19896292937594 -0.7465913308251592 -0.09111101608079628 0.6590145426964741 -128.02407384436916
0.6671633189357479 -0.09405713026028882 0.7389494990280705 48.40648558098741 -0.0069500300825321715 0.9911672578539097 0.1324355089853662 -10.416553517741487 -0.7448790525638973 -0.09349183496733915 0.660616737485473 -128.17869713806783
0.6695142121484332 -0.09440411919172714 0.7367758017272941 48.824357144868664 -0.007196774354961112 0.9910199145989524 0.13352054264108204 -10.493455109115677 -0.7427643813283904 -0.09469631010720223 0.6628225122021235 -128.31805450113484
0.6723046950353028 -0.09524131254324239 0.7341222578144113 49.329174837652275 -0.004964004589555322 0.9910868766773753 0.13312460905602608 -10.17986310560192 -0.7402578980949297 -0.093144485950191 0.6658395820654937 -128.4490281042484
0.6752005595442296 -0.09519926011867055 0.7314651770686126 49.85278962312699 -0.0038037124073704368 0.9911742110129442 0.1325111889418753 -9.999658993021084 -0.7376243869091376 -0.09225391208900063 0.6688792712748645 -128.54947998997895
0.6769449600421018 -0.09657059831568233 0.7296709125452023 50.18291493570905 -0.0016981289952820028 0.9911478299074965 0.1327520079982822 -9.731593628634029 -0.7360316823558022 -0.09110487808351281 0.6707885387794544 -128.71911698292152
0.6787361183863444 -0.09750088652082695 0.7278810745757106 50.517344601046084 -0.00022537208809318005 0.9911197287542461 0.13297229967753219 -9.549400189524533 -0.7343822103001 -0.0904171466136946 0.6726867835723974 -128.88057198111372
0.6802069107876477 -0.09663030870556519 0.72662310860321 50.777132567402504 -7.047638745927287e-05 0.9912643921729856 0.1318897260706853 -9.469884293364336 -0.7330201590337089 -0.0897635129069087 0.6742580798187051 -129.0511439726968
0.6828050021866573 -0.09711100467316439 0.7241179335993878 51.26767951237758 -0.0005720480143252202 0.9910554838041461 0.1334492442196622 -9.611125287151639 -0.7306004391936457 -0.09153404171726703 0.6766420896285963 -129.10126734491087
0.6855716191817992 -0.0984983806301892 0.7213110452403155 51.78634561985698 0.0004062544886402203 0.9908564210867005 0.1349199308795619 -9.559447677299387 -0.7280050754835001 -0.09220423962316301 0.6793430563903466 -129.14437206867498
0.6879072588021891 -0.09830332412587935 0.7191106032823187 52.208457511982125 0.0017317804759806044 0.991004820756467 0.13381496991676883 -9.317017384722009 -0.7257965308704919 -0.09080694743930691 0.6818896494837812 -129.23300596300848
0.6896746734568171 -0.09701598894305843 0.7175909299047982 52.53160437038607 -0.0004427207983705578 0.9909276417379637 0.13439573221621504 -9.62636745292944 -0.7241192227737967 -0.09300702515959886 0.6833747467388843 -129.31153998364636
0.688793853423738 -0.09547076112919699 0.7186434173184153 52.36873712916979 -0.0033964259199761176 0.9908548914700501 0.13488902231406852 -10.028850617320186 -0.7249493029010017 -0.09535154859406832 0.6821704995117165 -129.5805117040949
0.6870265068724303 -0.09574297976944897 0.7202970641891674 52.062024832696814 -0.005723504665179971 0.9905375084735553 0.13712288576801898 -10.44173136764171 -0.7266098130007702 -0.0983296808286715 0.6799775389813383 -129.90166452648023
0.6853572276655 -0.09859636641370353 0.7215013700726247 51.807914124901174 -0.0065794675749192635 0.989912698094733 0.141525830706752 -10.779833579049729 -0.7281773005890051 -0.10174284584588911 0.6777951108012575 -130.20691099446185
0.6840099131955157 -0.10111158642565271 0.7224312325341083 51.59652247422155 -0.005237680111988656 0.989640891400758 0.14346941407337546 -10.702439931695721 -0.7294539090013211 -0.1019183651654644 0.6763945900764521 -130.52652964176178
0.6844292046314759 -0.10356277041872951 0.7216865084167242 51.71619129844057 -0.0035201455673075227 0.9893791260926355 0.1453153585391369 -10.573675354568671 -0.729070828124888 -0.10199851682926803 0.6767954123233397 -130.72097706446664
0.6852201835326976 -0.10259312947212498 0.7210741639141787 51.86215401351495 -0.002932309016079042 0.9896329626516425 0.1435896959992841 -10.40180174334003 -0.7283300773984624 -0.10050497011814093 0.677815645539627 -130.9073720571434
0.6853545003126817 -0.09988625207206683 0.7213265179848513 51.86555627506831 -0.003500479861429616 0.9900846126679563 0.1404286523430408 -10.30347035512232 -0.7282011779322347 -0.09876839780586916 0.6782092951685104 -131.14045690006344
0.6866428000662684 -0.0987141374990369 0.7202618858269371 52.10234908126822 -0.004173555212443489 0.9901869197960085 0.13968695465855732 -10.350778005346918 -0.7269829754224256 -0.09892109442739905 0.6794927302946239 -131.2692118503842
0.6880607282976051 -0.09947543812045237 0.718802526000927 52.3786012767788 -0.004289358837802182 0.9899845783731624 0.1411103680955884 -10.439110798433795 -0.7256404313262388 -0.10017570460973031 0.6807428241491894 -131.37830110458893
0.6897676336904328 -0.10169519011107067 0.7168533321547542 52.722459961954975 -0.004020274950410081 0.9895335637830498 0.14424688397376245 -10.570464943924122 -0.7240196467654895 -0.10237877932018027 0.6821393821225145 -131.45921756939038
0.6925637273785413 -0.10511945192926177 0.713656348914261 53.284098434513794 -0.0019487873707369346 0.9890489261206609 0.1475751468484834 -10.47163262569946 -0.7213540640679342 -0.10359595824963161 0.6847745553735298 -131.46345845494557
0.6957609304347989 -0.10830209012126735 0.7100615360346367 53.918300491845336 -0.0011635853410516886 0.9883959235743086 0.15189517546928114 -10.597533463303963 -0.7182724926862067 -0.10650894580763862 0.6875612486995529 -131.42474430152717
0.6994021607916454 -0.10771903678186336 0.7065643824838361 54.599779426613466 -0.0033904906848257615 0.9880663631817725 0.15399144950828236 -11.002351577202132 -0.714720310368254 -0.11009755248657134 0.690690529024087 -131.3361637619025
0.702650870519857 -0.1080615359715437 0.7032812087644301 55.215125441845764 -0.005078257837587766 0.9876135310120951 0.15682386508167764 -11.378162527241427 -0.7115166656200135 -0.11376386862836556 0.6933987429608491 -131.2752571217999
0.7057742417293985 -0.10849542487589017 0.7000796115387826 55.81324200042334 -0.005702898693884954 0.9873011973328385 0.15875711855419547 -11.56462883872363 -0.7084138597301579 -0.11603916806899153 0.6961930154892941 -131.24043332096426
0.7093553647827489 -0.10523385421917891 0.6969510760305274 56.460199647025114 -0.005558642876006804 0.9879260770082143 0.15482625054084592 -11.330637577613945 -0.7048291054882102 -0.11370093356404938 0.7002057053204818 -131.21509337638463
0.7128981222655615 -0.1034140201080821 0.693600611097858 57.117959478875 -0.005295298010353375 0.9882449044551609 0.15278733140346343 -11.18099496313535 -0.7012476218064617 -0.11259462359942149 0.7039703286696724 -131.17555056056466
0.7162454574801327 -0.1004916670652613 0.6905750281392459 57.7243021469197 -0.011577816293629618 0.9877299928709259 0.1557415017041759 -12.178235144546745 -0.6977523907583166 -0.11954449394951461 0.7062936465503622 -131.0542097336495
0.7199771132886363 -0.09959507150015656 0.6868142238432754 58.43186104055408 -0.015397193949029962 0.9871130306200513 0.15928211198560085 -12.88020976249289 -0.6938269833027958 -0.1252544869973776 0.7091653056431665 -130.91145082776788
0.7247512817985112 -0.10444599039099323 0.6810481734963096 59.39686414023077 -0.01138088519929379 0.9864941581263558 0.16340058578430233 -12.571224126546696 -0.6889165805694442 -0.12617571507155095 0.713774217762653 -130.74480034875262
0.7294055663334276 -0.10960642530881813 0.6752436236891349 60.349274038425655 -0.007246589551982693 0.9857872541518697 0.16784211775231497 -12.264665190077563 -0.6840431322231638 -0.1273181883421978 0.718244437622446 -130.57272180925784
0.734863800130117 -0.09890682363990586 0.6709639599082712 61.29206808619699 -0.012968766020499012 0.9870789141618113 0.1597091992499034 -12.58516158905295 -0.6780907065918461 -0.1260660836807599 0.7240858624356414 -130.3459937443142
0.7411340084037367 -0.09497599126333778 0.6646051028023756 62.46956313731287 -0.014988204235126645 0.9873552636271862 0.15781298147331133 -12.761968139924667 -0.6711897908350632 -0.1269218045539692 0.7303390446960561 -130.01454089330917
0.7551255544258451 -0.09358741292462963 0.6488657744057201 65.26295910991956 -0.012350052314404496 0.9875516653557321 0.1568093889438753 -12.358964394167721 -0.6554638611402549 -0.12642430302435903 0.7445696893803249 -128.89280805240412
0.7717590703559766 -0.09219009098121432 0.6291970473930677 68.58203997741562 -0.007828314333111083 0.9879834101800287 0.1543615842874877 -11.59601376512283 -0.635866853058076 -0.12405550505284556 0.7617634651570674 -127.44890336157954
0.7831850191649135 -0.10826515659265412 0.61229068392686 71.18734941938341 -0.012504214441117469 0.9817831451439714 0.18959298650641584 -14.268912514880858 -0.621662987781052 -0.1561426007826804 0.7675640806108347 -125.96127842212277
0.8004789501580125 -0.1038446596496972 0.5902963128939267 74.76802893554706 -0.006845146155605317 0.9832281204800443 0.18225149401688845 -13.082701160261585 -0.5993217786198284 -0.14992914913224203 0.7863425817749204 -124.23398567940708
0.8143904281245294 -0.0984186017536978 0.5719108404358084 77.69029383715385 -0.012026500421190543 0.9824399654523641 0.18619097069830406 -14.022529600244424 -0.580192721314879 -0.15851023030329828 0.7989060727159548 -122.53202774912846
0.8070276080215739 -0.07974052575135632 0.5851050234307292 75.88183639997678 -0.023751137299299986 0.9856557197025865 0.16708885568632653 -14.49508925041106 -0.5900358661708344 -0.14874222927761144 0.7935574496289225 -123.62813992813595
0.8126838835621006 -0.06665940896146132 0.5788794594691805 76.99233440707664 -0.0359151423969491 0.98581627522491 0.16394015386198513 -15.951851587228292 -0.5815969462996077 -0.1540220591298309 0.7987629168635573 -122.83201520087081
0.8146932107894479 -0.06617506957281674 0.576104011842144 77.43321338167345 -0.03786816354480813 0.9852757879097797 0.1667261945481468 -16.36023945104844 -0.5786544517095881 -0.15764669969839423 0.800191566808149 -122.72889895446757
0.8167867622821011 -0.07758770195759088 0.5716988135947655 77.9743933658261 -0.024266377700745106 0.985419170863764 0.16840487109183275 -14.61517915998655 -0.576429117822831 -0.15142392875339114 0.8029945615798906 -122.71517881595074
0.8184739103398224 -0.07717663239091818 0.5693366539279177 78.34787819037491 -0.023896103001765014 0.9855069384151846 0.16794359349751523 -14.539410934431825 -0.574046543717815 -0.15106237701137462 0.8047674967947599 -122.59631001090031
0.8184487106071496 -0.07583492915477502 0.5695531332769442 78.33066652217092 -0.021474944847152108 0.9865220434211837 0.16221308389863018 -13.878700226263856 -0.574178138602739 -0.14499421148508831 0.8057891435025117 -122.80523485676517
0.8180863552675539 -0.0708657627189852 0.5707125011766485 78.15247735752062 -0.026947353134458042 0.98656521990176 0.161130093524576 -14.556162731962045 -0.5744637111986242 -0.14719752224289742 0.8051859002500326 -122.95077485350711
0.8184104753883448 -0.0686227749979673 0.5705218738367547 78.25558780912823 -0.02833754479994667 0.986816170707168 0.15934499924865086 -14.624340256952859 -0.5739349068747558 -0.14657680574504234 0.8056760904285577 -122.98552227037221
0.8208874890007709 -0.06503426068041654 0.5673748984047152 78.77474174012802 -0.031943064468566755 0.986710789589847 0.1593155935222214 -15.109771828427668 -0.5701959058379552 -0.14890387048271214 0.8079011488547974 -122.7130832771956
0.8208361046517882 -0.0629475130158808 0.5676845073675993 78.75552343123147 -0.031585199838137054 0.9873849143578991 0.1551560699735243 -14.811640323118075 -0.5702898074236145 -0.14528813270036797 0.8084929771155571 -122.8705753500481
0.8233432886994851 -0.05844480232598658 0.5645263802822617 79.27778669482957 -0.03647474505410795 0.9871782176028998 0.15539871191100524 -15.480626996015454 -0.5663703928762115 -0.14853744232158478 0.8106548009490895 -122.60732765905198
0.8233166813056423 -0.06005015712666721 0.5643966875460256 79.27910585913034 -0.036187289053628044 0.9868106541984282 0.1577821690541086 -15.582573080500918 -0.5664275085082049 -0.15032867786797274 0.8102846204980412 -122.71592795752618
0.8245043488000946 -0.06121498556061104 0.5625347139088804 79.56107193819497 -0.03465755510516383 0.9868017000526156 0.15818109446896672 -15.393165011247138 -0.5647932654377744 -0.14991707813348626 0.8115007313613795 -122.68689551768013
0.8132718157886518 -0.06361274998054012 0.5783963793833278 79.41345177055298 -0.03147524960543785 0.9877418770905881 0.15288980640918143 -14.837692103110733 -0.5810320665041686 -0.1425461408859422 0.8013004027282281 -122.96975255952744
0.8119650462669709 -0.0625027288751416 0.5803500430979875 79.12465078449561 -0.031625720604527285 0.9880793531123169 0.15066189216052647 -14.734320069435574 -0.5828486745604898 -0.14068617855463353 0.8003092038248552 -123.29079853722497
0.8111731706909913 -0.06300012555640903 0.5814026757170976 79.01267870320073 -0.030173613946753438 0.9883473971414767 0.14919442209767955 -14.454121252982391 -0.5840270885605532 -0.138565532307082 0.7998199504163038 -123.51898824015508
0.8116981059749512 -0.06621176398315669 0.580312146234176 79.00757647495384 -0.02679065166767654 0.9882875242846655 0.15023325306505164 -14.034716379473316 -0.5834624630084597 -0.13749098753563954 0.8004172553153615 -123.69432769815009
0.8111601205178364 -0.07041939753978238 0.5805690030751066 79.06264658906221 -0.023693662966222762 0.9879519031929391 0.1529367428471407 -13.768843691928256 -0.5843439648158711 -0.13781199304698954 0.7997186913882183 -123.81323543671023
0.8105899970433835 -0.06824836246076559 0.5816236048464946 78.88190808107275 -0.028562032874412 0.9873963893612585 0.15566817450728626 -14.584110556346072 -0.5849171453900871 -0.1427954176357697 0.7984243243607609 -123.96026592263796
0.8099687641274481 -0.0649478473192407 0.5828656605654952 78.72297836023832 -0.035038334717877616 0.9867148156337893 0.15863854420970683 -15.632205429782854 -0.585425414752428 -0.14891490770696444 0.796932515351566 -124.05849313480594
0.8085097851576163 -0.06024180506152645 0.585391195891529 78.37165613684769 -0.041514410406610726 0.9864296149657447 0.1588495150988016 -16.527764983435638 -0.5870165934903178 -0.15273355767958116 0.7950370930501051 -124.29037914229674
0.8084167092065169 -0.05532623340543384 0.5860046349414597 78.3190740813654 -0.04593819478719152 0.9866056323743815 0.15652159092866705 -17.005555614850053 -0.5868152235034466 -0.15345466452445947 0.7950468913216916 -124.38782825699356
0.8074017260678301 -0.051510285410801666 0.5877492179829645 78.07676910140658 -0.047009313156296466 0.9873980861051698 0.15111301741551242 -16.851315827648154 -0.58812632760255 -0.14963859813813235 0.7948054558997394 -124.68975450473782
0.8066738394016758 -0.049743204043836003 0.5888997626730825 77.9099932124695 -0.047379045518908355 0.9878012221986998 0.14833735695526026 -16.746793361631294 -0.5890946807353439 -0.14756137392355897 0.7944766189480437 -124.93724666615095
0.8061720104461273 -0.048062769674762425 0.5897259191730001 77.79389779677271 -0.04978224044679167 0.9876514405283451 0.14854750269991948 -17.088189077647474 -0.5895832579961434 -0.14911271640432114 0.7938242750742619 -125.0952175763365
0.80561153960375 -0.04844889832343716 0.5904597797551674 77.6783019574585 -0.04945787969884249 0.9876717803673547 0.14852061271646705 -17.041637826292494 -0.590376121970537 -0.14885280822754138 0.7932836038200993 -125.30338920857172
0.8051615143544044 -0.04674209682041957 0.591210717246696 77.57166608825727 -0.05068274748318504 0.9878188936851149 0.14712271200012428 -17.130825809053544 -0.5908859406942071 -0.14842172908151396 0.7929847384574156 -125.48878595311292
0.8046952875167247 -0.045980250852593614 0.591904815641762 77.4336078625465 -0.05225531966968792 0.9876413767889561 0.14776296024590777 -17.3844884592535 -0.5913838650272717 -0.14983433313479108 0.7923476489518083 -125.67453023338754
0.8043387641663255 -0.047234430761775255 0.5922905207835081 77.46652969467816 -0.052726289198346786 0.9872283665186596 0.15033326567420555 -17.59219270854377 -0.5918269095662687 -0.15214815441374904 0.7915755480190944 -125.75775489165156
0.8042024357169039 -0.05031577092914734 0.5922218888075691 77.39346516308304 -0.051535152799413744 0.9867544519075327 0.15381735814467054 -17.628259221171696 -0.5921170242552906 -0.15422053960633889 0.7909573027354824 -125.93300548189048
0.8046342247595969 -0.05087983857570707 0.5915868544618218 77.49937093705076 -0.050112907792465335 0.9869480680141159 0.15304315572997007 -17.38528850038334 -0.5916523141323006 -0.1527898984544266 0.7915824569254801 -126.01565228696954
0.8048368287671371 -0.053994598993988514 0.5910349078857664 77.57095851412018 -0.0475457757323299 0.9867863332687946 0.15489393688565833 -17.133859432861943 -0.5915886055951964 -0.15276555813862525 0.7916347680442828 -126.10429701532925
0.8033398566867057 -0.0623837454167992 0.5922443270866804 77.30354063086996 -0.04191821718688146 0.9861078028305809 0.16073040864913432 -16.69927116315227 -0.594043717016228 -0.15394696977990915 0.7895646856142486 -126.48850025656459
0.803462920912489 -0.06798286262553754 0.59146062008219 77.36685250214391 -0.037135875534254015 0.985801737938224 0.1637554891485519 -16.213362841912364 -0.5941954741220062 -0.15353587159753382 0.7895305406795292 -126.61837436294802
0.8034911083048699 -0.07140168364829569 0.5910193215515044 77.40255089279488 -0.03514824031904246 0.9853596040044644 0.16682641277279758 -16.11928525725345 -0.594278251391961 -0.15481682844043054 0.7892180367643403 -126.73104175253235
0.8029498432505039 -0.07429520378822718 0.5913981500800091 77.29713005396431 -0.03355515807192831 0.984993271926311 0.16929945548249203 -16.039920230037694 -0.5951013364047834 -0.15578342965144332 0.7884072059889322 -126.93459296226679
0.8034414631261898 -0.07653790995560442 0.5904437006771053 77.42027147814012 -0.031530041553331785 0.9848414754510652 0.17056706807298447 -15.835032407597863 -0.5945482922431891 -0.1556573691509552 0.788849232502454 -127.00515185598388
0.8050769422166609 -0.08152626165847057 0.5875411353863369 77.81061380896462 -0.029461543136556557 0.9837915709812016 0.17687894827353598 -15.908590110030685 -0.5924382960166266 -0.15971103132324324 0.7896260202694577 -126.87547884161998
0.8054246637899415 -0.08050900922429895 0.5872047431625373 77.92032268099587 -0.03209607929087219 0.9833532502528806 0.1788469371033507 -16.392499255496496 -0.5918284824617803 -0.16289470418284807 0.7894329374279798 -126.86781105039202
0.8048729757169422 -0.07906772909461905 0.5881562608494227 77.73557594952862 -0.03323186743953782 0.9835243288883245 0.17769506878709845 -16.47556826390144 -0.5925159372937029 -0.16256748967918094 0.7889845849903367 -127.08833528737085
0.805122728020687 -0.08299398950055711 0.5872728416428845 77.82170491602746 -0.031731570239846595 0.9827157968730975 0.1823808378810302 -16.545111980369718 -0.5922588119012167 -0.16547404715801917 0.7885732936401695 -127.1424506815322
0.8057022182006264 -0.08811919587638266 0.5857294109951198 78.00162027872258 -0.029066605573389876 0.9817985446318519 0.1876879063744342 -16.490292344078664 -0.5916071906485173 -0.16824572825744225 0.7884759393260468 -127.15363163621672
0.8047265925842072 -0.08907325906899108 0.5869250937782775 77.78406351612364 -0.027048574563736463 0.9821508894173625 0.18613974597262598 -16.102245151907532 -0.5930290766917601 -0.16566709068343097 0.78795363395482 -127.47109311505099
0.8037262717930878 -0.08770636627188685 0.5884995100634879 77.51204904968706 -0.027784164894643318 0.9824648729732517 0.18436597721586184 -16.11713563066945 -0.5943501663251142 -0.16453074694121478 0.787195981379653 -127.7493615154739
0.8019354466700165 -0.09445270926305546 0.5898967918941667 77.16985890821807 -0.02288747077818712 0.9818402222926433 0.18832403343628318 -15.660657605464904 -0.596972112460489 -0.16452496345904893 0.7852106935996604 -128.12741208364673
0.8075288335526111 -0.09247454813449485 0.5825338109745051 78.42057326578444 -0.022960237163124023 0.9819562347729306 0.18770929785171075 -15.655219185939666 -0.5893810401519313 -0.1649557847966847 0.7908347353091778 -127.42797762252683
0.8084165095143614 -0.08872829948827124 0.5818848992838156 78.57639442499534 -0.023905219835797804 0.9828083571499846 0.18307450281442936 -15.51637888139044 -0.588125231229896 -0.16191053698282878 0.7923974321038108 -127.47551203559223
0.8084010658591176 -0.08646589798080287 0.5822468249842294 78.53090589002198 -0.025932038676487162 0.9829606146146609 0.18197790933640648 -15.720651097503401 -0.5880605802873746 -0.16220998305511777 0.7923841715413898 -127.56911480323764
0.8101541415451712 -0.087765802868004 0.5796097228171223 78.93823461366688 -0.025267700067341338 0.9825821382403459 0.18410291943458335 -15.748758755298203 -0.585672101325062 -0.16379714728274258 0.7938253487206881 -127.3994674077302
0.8111102397920045 -0.09371438417606184 0.5773368107985656 79.23825027081533 -0.01815036460279116 0.9825722677172535 0.18499271060709335 -14.810080946825702 -0.5846116173745975 -0.160528355474899 0.7952734774397935 -127.4249719066005
0.8125691965907201 -0.10078221404902934 0.5740855738331064 79.64744746941109 -0.00901970324617924 0.9826457625365753 0.1852726378132055 -13.557390879248224 -0.5827949431019991 -0.15572491997200702 0.7975586521344055 -127.41371295438046
0.8141445189147447 -0.10166352057108469 0.5716933014354563 80.01744232125615 -0.007439591846223677 0.9826467563413803 0.1853375426753181 -13.334496740444374 -0.5806146353600127 -0.15514470934213775 0.7992601356059884 -127.29678948585433
0.8146481572593737 -0.10021067539926232 0.5712321773236609 80.11824335991639 -0.01170170598453233 0.9819179579217666 0.18894494962236832 -14.132077509492477 -0.5798374340717908 -0.16060804602127324 0.7987450191408207 -127.2344618444898
0.8144949164867369 -0.098028824783943 0.5718289783919162 80.05859581617547 -0.017599273444067476 0.9809936825921564 0.19323990345816403 -15.20718240048965 -0.5799036959629629 -0.16745669358302348 0.7972891314841416 -127.22847904294484
0.8133867912309368 -0.0924878616084164 0.5743238836285174 79.74775860080328 -0.022819028448828875 0.9814476293985738 0.19036765137115955 -15.764250654590203 -0.5812755110889258 -0.16794804614231815 0.7961860548925017 -127.43736737948548
0.8137154660324695 -0.08868254721767153 0.5744584807960855 79.78118973400264 -0.025346687265600035 0.9819392172418566 0.18749111735522198 -15.947583773072195 -0.5807105008386029 -0.16712504139546294 0.7967713189832726 -127.47909344470207
0.814674735676526 -0.08761159828548676 0.5732619670763489 79.98500938395263 -0.02477028942201167 0.9823629550843973 0.1853360656747635 -15.739789867046982 -0.5793889089483265 -0.1651884751540281 0.7981361161255358 -127.45929768202508
0.8149203186028594 -0.08812433216971144 0.5728341613485151 80.0447473963726 -0.022887378422693262 0.982708592843382 0.18373891656564373 -15.382603724727892 -0.5791209219473517 -0.16284324865164818 0.7988122646350811 -127.54931168119236
0.8154753008734631 -0.08879526322143627 0.5719400623271383 80.17803830044451 -0.0216193511256351 0.9827992556716778 0.18340727005247806 -15.185678899680214 -0.5783879643649593 -0.16192907175869306 0.7995288227431996 -127.57316981615041
0.8156627131490161 -0.08927446897913757 0.5715981171827625 80.22426481118644 -0.020324077015741786 0.9829902886512268 0.18252951627294708 -14.950905010912047 -0.5781706238402676 -0.16049972462864495 0.7999741046573227 -127.65583204238523
0.8158334895710383 -0.08897073730714102 0.5714017196310894 80.26028377803647 -0.020833149914777097 0.9829306010482509 0.1827933625369166 -15.035846974939654 -0.577911495956752 -0.16103304451555248 0.8000541615510046 -127.70633397373363
0.8162614735319547 -0.08948583908561722 0.5707096384595104 80.36414415933022 -0.021133096147583137 0.9826425078597005 0.18430163861022905 -15.164932151004354 -0.5772959371714469 -0.1624991887682566 0.800202108579451 -127.70948337634336
0.8162967953214183 -0.08900656808655838 0.5707340648545832 80.36775425459962 -0.02205409584600595 0.9825342551336818 0.18477027451761924 -15.3190640389703 -0.577211537310541 -0.16341440672827484 0.8000766043756361 -127.77238680786765
0.8162478341093429 -0.0888481305784061 0.5708287685501926 80.3569553314227 -0.022299522092728993 0.9825205245619736 0.18481382558915915 -15.354424732114177 -0.577271344019641 -0.16358309358606332 0.7999989792909555 -127.85984422391614
0.8166644176752531 -0.0904171845205266 0.5699859310952514 80.46866899575595 -0.02122245050219801 0.9822776363276666 0.18622634820350759 -15.287595765241765 -0.5767224952243682 -0.16418093042102466 0.800272319643923 -127.88376267275795
0.8162811971795473 -0.08914111008385378 0.5707353761807161 80.36914296172638 -0.021760389269609347 0.9825752149387996 0.18458719469889256 -15.262005906877862 -0.5772447423666676 -0.16309448022845552 0.8001179275138446 -128.0330481820709
0.816533279147486 -0.08869944655318171 0.5704435223804484 80.42311956649596 -0.022015920445627286 0.9826227467366513 0.18430365390477416 -15.27988138955012 -0.5768784129186891 -0.16304890608918 0.8003913735989014 -128.08229251797357
0.8166368668577362 -0.08878762300558632 0.5702814968853521 80.44885845089817 -0.023011157740016143 0.9823016161300822 0.18588712049976153 -15.512112359035434 -0.5766929116160907 -0.1649251131551731 0.8001406081074183 -128.12449639854657
0.816619837874726 -0.08882118436224562 0.5703006554423239 80.44707590371009 -0.024543077862889125 0.9818505872962171 0.1880613239214529 -15.85419456751395 -0.5766538630048986 -0.16757154124302084 0.7996187221713648 -128.16899215396668
0.8167334370979574 -0.0896798471973084 0.5700035243161434 80.48431231969558 -0.025322408717012676 0.9813260810668469 0.19067747175466926 -16.117246316527723 -0.5764592512423801 -0.17016652909621077 0.7992109133591853 -128.19877124256317
0.8172694313491687 -0.09056210007092043 0.5690950558676037 80.62087930430138 -0.02517445018358294 0.9810199272072438 0.19226583024616817 -16.18996218659627 -0.575705587640211 -0.17145964088682397 0.799477746974111 -128.19084411955382
0.8169539078903231 -0.0928755389549345 0.5691752336904337 80.57228104107848 -0.023110366069894972 0.980881862844844 0.1932270222358765 -15.954989225678036 -0.5762397273382363 -0.1710114189341136 0.799188883325648 -128.33927158252138
0.8170509931490286 -0.09572764699585568 0.5685630063544609 80.62795217482585 -0.020080304026094793 0.980797777528061 0.19399098171367649 -15.574823200102685 -0.5762156332349944 -0.16991744229670244 0.7994395579522827 -128.43880422984864
0.8164217416042177 -0.09941174756581275 0.5688346370271832 80.52688712184225 -0.01619243693246937 0.980741398728819 0.194638418113248 -15.065190667389212 -0.577229022851523 -0.1681178552841746 0.7990888823607328 -128.65065708527524
0.8164795799993304 -0.10028757842967781 0.56859783419991 80.55156032336106 -0.015271669926044285 0.9807036318769071 0.1949029566761719 -14.94945927129359 -0.5771723066310329 -0.16781772265215322 0.7991929306632147 -128.73783136426644
0.8161391051370742 -0.09963762667190368 0.569200583640992 80.46776135928131 -0.016879363108760467 0.9804914566089066 0.19583562142262895 -15.228369644177947 -0.5776089058931643 -0.1694368521548219 0.7985356003114492 -128.84566705596575
0.8155870183892654 -0.09747940539490896 0.5703644282024984 80.3181657357365 -0.020275246045661742 0.9802880179746236 0.19653070043423704 -15.745435897351278 -0.5782791106660312 -0.1718521671066121 0.7975337628138793 -128.96588657165896
0.8149033512437298 -0.09443818145210933 0.5718513425845538 80.12991147132985 -0.02307866319602085 0.9805668510603328 0.19482306307700742 -16.03487765870864 -0.5791372060546817 -0.17195953153472315 0.7968877060649986 -129.13586923008103
0.8140999237057641 -0.09232416655526027 0.5733389595101189 79.92544998957095 -0.023778484024896684 0.9811541538594849 0.19175794654135186 -15.947461465197321 -0.5802377942876066 -0.16974326093885078 0.796562193081054 -129.36175634970238
0.8138079039982954 -0.09089209770375908 0.5739819874916909 79.84496746267477 -0.024132179346584105 0.9815555169535249 0.18964810850119912 -15.868075319619988 -0.5806327008616425 -0.16818856594046044 0.7966042135069371 -129.50971295086336
0.8134616431552327 -0.09209855478010634 0.5742804291655814 79.7803875790138 -0.023406887862759053 0.9813994326124242 0.19054467000835268 -15.81827388609118 -0.5811473760723427 -0.16844289796672207 0.7961750545004557 -129.6448399237379
0.8132776925280656 -0.09333192407055202 0.5743418379201659 79.75255325516655 -0.0229059786773525 0.9811520642330012 0.19187481072864543 -15.825551907623325 -0.5814247251167239 -0.16920336521656282 0.7958112277558872 -129.74872944743652
0.8145627358986139 -0.09282914171977595 0.5725995980900919 80.04137797373222 -0.02339492838931863 0.9810518256920252 0.1923278259431092 -15.920645620623175 -0.5796035081079337 -0.17005900668272178 0.79695652807105 -129.64964117573638
0.8146834199592303 -0.0909309735134344 0.5727324709665339 80.048193707944 -0.024921673206785594 0.9812275871133691 0.1912363262883122 -16.06755413349854 -0.5793702058684987 -0.1700705157973442 0.7971236944215865 -129.7153701081969
0.8150832497717838 -0.08801396514890399 0.5726192782994959 80.11012279630243 -0.02646161931383767 0.9817053993236854 0.18855845682973996 -16.120253447453365 -0.578739214711391 -0.1688432731188628 0.7978426351591845 -129.76139820260693
0.8150429819090087 -0.0848433103147581 0.5731549095451464 80.06919677525987 -0.028667910180814788 0.9821037647946667 0.1861460343440244 -16.283250698934914 -0.5786908402305465 -0.1681481723688237 0.7980245006027624 -129.85549578348116
0.8149369189312003 -0.08280115236290891 0.573604207908464 80.02452331763224 -0.02981217674816544 0.9824416427428537 0.1841728881303087 -16.32322937452864 -0.5787823876729994 -0.16718967603323298 0.7981594827773735 -129.9648837673472
0.8152970410892575 -0.08186619018490215 0.5732265361056752 80.09834607491132 -0.030242355749715306 0.9825837671542874 0.18334268581974253 -16.33105149121225 -0.5782526564658472 -0.16681447008427833 0.7986218115357808 -130.0079733150392
0.8156609077839508 -0.0817970592914578 0.5727185387293927 80.18132317847392 -0.03035046662642481 0.982541020690737 0.18355378458523547 -16.35733142235235 -0.5777336174125749 -0.1670999214580141 0.7989377219534111 -130.04276752880122
0.8160803840205783 -0.08311721694753271 0.5719303585784918 80.29045731715635 -0.028518944989124273 0.982607204252242 0.18349319313887366 -16.09392592171921 -0.5772343342123134 -0.1660560459558443 0.7995160492497807 -130.0981260888108
0.8166945260477639 -0.08484501061378971 0.5707988921656768 80.4485045628772 -0.025583692415996385 0.9828364791287991 0.1826962779480449 -15.629457495111723 -0.5765028411083346 -0.16381019341802724 0.8005065238499726 -130.1465378618706
0.8182734782400539 -0.08707864036296728 0.5681952351097828 80.83410755512939 -0.022746728131336408 0.9827800304331202 0.18337392982971779 -15.268353434870253 -0.5743788829407321 -0.16297460591887375 0.8022020796889925 -130.04058968438414
0.8192980282668769 -0.08964508143874061 0.5663166077838874 81.09720658122478 -0.019861784633194803 0.9826718929727997 0.18428635400495355 -14.915364404302409 -0.5730237782057498 -0.16223350497075514 0.8033206330449328 -130.00820137190343
0.8202690304995147 -0.0925486486791544 0.5644408429862678 81.35332348690945 -0.015705000714988884 0.9828065316798488 0.18396922090384757 -14.30743323392103 -0.571762250026992 -0.15976879831521837 0.8047122843159428 -130.0078129038649
0.8210514194833973 -0.09518569751683906 0.562862549431503 81.56513997815097 -0.010805298244792226 0.9832324542680777 0.18203622277946133 -13.495033162484548 -0.5707519707317176 -0.15554299682790415 0.8062558924086417 -130.05394834564973
0.821539578410118 -0.09803363548176874 0.5616601529572426 81.71296431799209 -0.007311328395525653 0.9832144557868459 0.18230709917298749 -13.01636309868134 -0.5701046093330752 -0.15387897922069926 0.8070328333910445 -130.10163300197743
0.8213501422280917 -0.10149440405538726 0.5613223938231356 81.709020191914 -0.0029204639382990755 0.9832824160027756 0.18206361874391494 -12.378655753402219 -0.5704168780394553 -0.15117730095879575 0.8073227414872785 -130.2609995273862
0.8206722226232832 -0.10589301563940377 0.5615013555222761 81.60495154552221 0.0025385681164451918 0.983343786178455 0.18173759615483884 -11.582439492079804 -0.5713936109955016 -0.14772158753213463 0.8072717472391235 -130.48407996045356
0.8203991280843799 -0.1095254821900206 0.5612035632365787 81.58776258084502 0.005406103737571638 0.9829251394793092 0.183926464169676 -11.309895168848433 -0.5717657253462888 -0.14785918615569332 0.8069830335196695 -130.61020235048326
0.8204043200062046 -0.11087136560509317 0.5609316286358071 81.60747296372634 0.0029166990680251914 0.9818191536618767 0.18979631811292572 -12.021589054885292 -0.5717763938653849 -0.15407365054264818 0.8058120535377702 -130.6222035665356
0.8205936237732209 -0.11201814306129187 0.5604266591159218 81.6679442919888 -5.112693218820713e-05 0.9805888850539869 0.19607507718885575 -12.8281575911535 -0.5715121188643076 -0.16092661101781425 0.8046592594741893 -130.59831128346121
0.8207703506185813 -0.11391877439385667 0.5597843731170535 81.73377870541657 0.0016455426006148147 0.9803820758162411 0.19709966414935207 -12.648511557977288 -0.5712559178993253 -0.16085241141754578 0.8048559983041438 -130.6753578619835
0.820581409416533 -0.11177891647664218 0.5604923053452955 81.66150676571118 0.001321184076441044 0.9810564224507885 0.19371770812369232 -12.483789462887692 -0.5715281314096554 -0.15822063645229006 0.8051843423763405 -130.8287345741048
0.8207381434650128 -0.11253219464873193 0.5601119575845029 81.70971509563216 0.002228317889713574 0.9810317924035868 0.1938340963112217 -12.361482805306313 -0.5713002139514621 -0.15783892885136255 0.8054209694799783 -130.8985471030085
0.8212569409261612 -0.11352078955058026 0.5591512025565328 81.84432522568571 0.0041257950040643684 0.9811626882423488 0.1931392166718916 -12.048727255921774 -0.5705436134040835 -0.1563099790188084 0.8062550314031853 -130.93817480183532
0.8208952399863254 -0.11258859101001908 0.5598703547627538 81.74681108991238 0.005286406865051399 0.9818293224771262 0.1896924759355643 -11.667991797114214 -0.5710543396825299 -0.1527579480697687 0.8065742064009135 -131.12521094286257
0.8212523571471536 -0.11187840445241032 0.5594888636044751 81.82337049956136 0.005909624042347739 0.9822025130056637 0.18773198925339568 -11.45574722330496 -0.5705345232533455 -0.1508689698464925 0.8072972883105306 -131.18561380001194
0.8207709926985661 -0.11229596404190419 0.5601112335996393 81.71466506830708 0.006202997110102221 0.9821825781783693 0.18782679774127944 -11.418288444767526 -0.5712236868088213 -0.15068841887414838 0.8068435412431253 -131.34525748812857
0.8208921435966758 -0.11426719089038878 0.5595347153370146 81.77023553741623 0.006705970078145086 0.9816390022018393 0.1906302686392916 -11.51999140395487 -0.5710438849568092 -0.1527346667989848 0.8065860171185945 -131.38995383986946
0.8211140669274626 -0.11656121373848766 0.5587353331816889 81.85375047711783 0.007364810833863145 0.9810073503469733 0.1938306944903004 -11.624359060907535 -0.5707166097593654 -0.15504212981322643 0.8063773864188869 -131.41707961502675
0.8211583059301996 -0.11645115147056727 0.5586932664020784 81.8638698814259 0.007258018132127134 0.9810123434263116 0.19380945079642103 -11.636623419654176 -0.570654324240725 -0.15509323443140782 0.8064116385934456 -131.4941993284131
0.8211703522395202 -0.11900135004548312 0.5581379142202891 81.90141196749298 0.010542926754583105 0.9810136729140083 0.19365180156976242 -11.15990216630965 -0.5705857510473513 -0.1531367109582792 0.8068339658558076 -131.59793038718314
0.8211111070602523 -0.11600069078191205 0.5588563228598262 81.84244535462538 0.009581931861776062 0.9817933281232291 0.18971043048422415 -11.047133870632853 -0.5706879501479625 -0.15041841838961273 0.8072729172746254 -131.72580805616755
0.8212074258841237 -0.11457124461161675 0.5590096542823895 81.85272260227636 0.00957546383080727 0.982265162098195 0.1872524013748066 -10.893283764986844 -0.5705494493601728 -0.14842028579797256 0.8077405181111392 -131.814547725443
0.8208104115361817 -0.11407663804373884 0.5596934776879592 81.75247035752001 0.010760890021300248 0.9827686230819821 0.18452652040152534 -10.551657683128518 -0.5710993534926772 -0.14543848919107644 0.8078942841127567 -131.9849209494792
0.8202157785501523 -0.11427468080360814 0.5605241956816859 81.61557749028563 0.012166536876936286 0.9831075651019093 0.18262390538978515 -10.229839389245832 -0.5719248656928545 -0.1429713704439757 0.8077506640267044 -132.17305859057575
0.8197214900225881 -0.11403293684361845 0.5612959719345644 81.4970417964093 0.009019204013924885 0.9824290032099203 0.1864186353638434 -10.914359072925937 -0.5726913066863363 -0.14774891866535517 0.8063466526743415 -132.26953237931394
0.8195815339744783 -0.11487618962165327 0.5613283978439458 81.47720052310275 0.002887874964211924 0.980510484693406 0.19644553846930027 -12.417169352891882 -0.5729552943696674 -0.15938208953427677 0.8039400351950733 -132.22595356247908
0.8188833446411866 -0.11683324362572506 0.5619431119367472 81.33954900620844 -0.0020056652356111107 0.9784747550383153 0.2063568052177381 -13.73710020076528 -0.5739564836956076 -0.17010922061017394 0.8010223516776376 -132.25566682941462
0.8188227457565714 -0.11715032410858615 0.5619654015977515 81.33101882336693 -0.004428469977728375 0.9776363538630193 0.21025591135346852 -14.326918074205539 -0.5740293543759982 -0.1746509695554951 0.7999920869283645 -132.2740338899023
0.8183904141480978 -0.11777147537920127 0.5624651185784867 81.23862687856823 -0.002196182192616865 0.9781263696185305 0.2079999563477134 -13.864838925384092 -0.5746584262101112 -0.1714604462955816 0.8002305971042585 -132.45630541733863
0.8181779417039954 -0.11786599393642214 0.5627543542100699 81.19056392940561 0.0017213438530662636 0.9792603961311123 0.20259840459509199 -12.964122319344611 -0.5749625141557952 -0.16479285191571985 0.8014121432029405 -132.65307269055896
0.8177438201167988 -0.11853169030058971 0.5632453133895297 81.09851968809127 0.005426052134642652 0.9801100300680085 0.19838066165410262 -12.167210937447553 -0.575556776190687 -0.1591683616632793 0.8021220792537822 -132.8589490859654
0.817841840089846 -0.11942493956169953 0.5629142105233614 81.13457606654133 0.007680471330493377 0.9804057364857737 0.19683902617603324 -11.746320985566868 -0.5753918099509207 -0.1566597449138484 0.8027340713866153 -132.94992300306347
0.8181449977378262 -0.12345480435014322 0.5616027723929433 81.26360155693943 0.012625060300988457 0.9803014207928227 0.19710335421795738 -11.055218863564034 -0.5748733517297255 -0.1541688544241055 0.8035873280462991 -133.00257282108572
0.8191211459664148 -0.12641556820196317 0.5595173387365597 81.53752747787388 0.01612040478261933 0.980101540468246 0.19784110523704512 -10.600946262968236 -0.573394001346641 -0.1530361868577032 0.8048597671220387 -132.94366707709696
0.8203298970978112 -0.1287048568146333 0.5572198127847028 81.85740075530487 0.017798292034563512 0.979620492893446 0.20006726544803444 -10.500786266726525 -0.5716135764029289 -0.15420359832223962 0.8059027047580412 -132.82487844716653
0.8223043483658578 -0.13001399922129803 0.5539963164724893 82.34559797551172 0.017810830633019144 0.9789529078793423 0.20330759569367268 -10.70268815169282 -0.5687691385533888 -0.15731358543070678 0.8073128903146362 -132.57305069472858
0.824736810986934 -0.130622657699016 0.5502244213943507 82.93448458688233 0.017484285304442508 0.9783832063613775 0.20605970318677752 -10.922669117569294 -0.5652463996970659 -0.16032474171404643 0.809192489352088 -132.2533272137465
0.8279523969061019 -0.12914783135417632 0.5457248996646148 83.68064923789592 0.015349335357911907 0.9779755848094352 0.20815415782711025 -11.359045886492376 -0.5605882859652983 -0.16396521940081196 0.811699562932821 -131.80979129715212
0.8327035823501951 -0.12806875805924328 0.5387050558054145 84.80737527127246 0.014169944682888083 0.9774952259372958 0.2104811058919046 -11.674229542824612 -0.5535376740645894 -0.16763495005206486 0.8157785035855052 -131.12180446767675
0.8397517310650349 -0.12465215840892983 0.5284684187132402 86.46702194069464 0.011558521326621787 0.9771744885184935 0.21212359504157613 -12.150881677875416 -0.5428475207256818 -0.1720228426477589 0.822024762917374 -130.04906571584434
0.8492950404750799 -0.12065928787681061 0.5139448126730081 88.75859585572948 0.010212159994529166 0.9771033902011683 0.2125198264765657 -12.367357201449709 -0.5278197097614664 -0.17524354797379676 0.8310812552818629 -128.53227483486552
0.8607067011835082 -0.11380312231197595 0.4962185243316179 91.52064004917598 0.007675357953180022 0.9774852659247599 0.21086404098445005 -12.622959083609446 -0.5090432824604344 -0.17768343831670613 0.8422015983895184 -126.61053548712108
0.8735102322969606 -0.10439653633400206 0.4754800072284569 94.67490468375892 0.004314374542672077 0.9783563410843779 0.20688222744424947 -12.848351485184178 -0.4867866681050495 -0.178662343714203 0.8550546805285217 -124.2988535860004
0.8870936432386961 -0.09523870991083162 0.45165745456044143 98.13932924983153 0.0016933538098342499 0.9791478176249835 0.20314202862309552 -12.983351175278461 -0.4615863956816442 -0.17944118639474135 0.8687570776384363 -121.61871796446407
0.9013272207769605 -0.08494291022855247 0.4247280813513329 101.89689717719166 -0.0007635485215972265 0.9802687573924902 0.1976678534153651 -12.983510269372868 -0.4331381512636996 -0.17848771745441525 0.8834780566815326 -118.53752741549077
0.9154598627867041 -0.07411749921106545 0.3955247602075583 105.78568819429684 -0.003138930206011782 0.9815465687758946 0.19119749067764885 -12.908570295845308 -0.4023970511120957 -0.1762751531979636 0.8983338375132731 -115.13620969644195
0.9293937018844048 -0.061777844184234876 0.3638830098610685 109.80403476195971 -0.006746560271269814 0.9828844514619244 0.1840995355749114 -12.969463890600965 -0.36902822496674725 -0.17355590754088537 0.9130698309196025 -111.34964684579698
0.9429874002227815 -0.049676989195631335 0.3291002275379595 113.97672594176359 -0.010413374732654544 0.9839106987004392 0.17835722191571243 -13.12529033689347 -0.33266548460541695 -0.17161565699921003 0.9272980867148236 -107.10067776899507
0.9557448827015644 -0.03781936395635643 0.29175574527283876 118.19420312402086 -0.01479136097311493 0.9842715071043735 0.17604208571545663 -13.602735726890382 -0.29382466681736563 -0.17256678710696857 0.9401530562399094 -102.40722083418603
0.9682501344934392 -0.026305029645274387 0.2485954996953848 122.75408659681709 -0.018179138146006597 0.9844059036063371 0.17497009996356352 -14.017253243268048 -0.24932147117668235 -0.17393407475348885 0.9526729457951152 -96.88084781679444
0.9791327401061396 -0.01570427154698112 0.20261404962988516 127.26262162224954 -0.020266835268784644 0.984493578556173 0.1742459444860866 -14.269214446635662 -0.2022086364140534 -0.1747162546440345 0.9636316193041458 -90.881900546013
0.98817949598181 -0.003589481005103595 0.1532592553396042 131.72843410888757 -0.023188797957103144 0.9847226757625387 0.1725790586611561 -14.579554034488035 -0.1515373332563321 -0.17409298511192264 0.9729995216670866 -84.27223052221527
0.9947431381313023 0.008045999699291614 0.10208501863411602 135.96222620596515 -0.02557718742040556 0.9848329622878235 0.171609568133749 -14.857738071595715 -0.09915592077304443 -0.17331848799314342 0.9798616254836293 -77.26057617037026
0.998254038382642 0.025290313961261 0.0533785993867163 139.59773848444124 -0.03423139179598453 0.9841711959946958 0.17388291690122912 -16.24334179771273 -0.04813612643801436 -0.1754065477515329 0.9833185935074311 -70.22285619787937
0.9994100941565748 0.03428931414631737 0.0019252618838879465 143.07978824829667 -0.03409029790512661 0.983694576800767 0.1765866109349735 -16.396526455154994 0.004161164102281018 -0.1765480742124794 0.9842832225559769 -62.83976040239317
0.9976818337026742 0.04628052789151431 -0.04989059468228864 146.175814912816 -0.036830454468554444 0.9836997655058081 0.1760065026283347 -16.74911722341034 0.057223040143891166 -0.17376099700997635 0.9831239187380143 -55.210667556224266
0.9933035485475535 0.055680536231620975 -0.10123111343750577 148.86444434620086 -0.037642446607559193 0.9843640420163476 0.17207695661719252 -16.608995301238505 0.10922960521870922 -0.1671140648485257 0.9798682476096303 -47.59917456668268
0.9862893109844417 0.06875631305869308 -0.15001988019062754 151.0126665409128 -0.04338545820458356 0.9851262349968372 0.16626485839567715 -17.051008691068347 0.15922027840138195 -0.15747657138613105 0.974602499694237 -40.14858028036764
0.9769985540699301 0.08122963858426996 -0.1971688899414277 152.72529419283114 -0.04911316387412749 0.9854641830684447 0.16262915182560556 -17.63439466695861 0.20751318627870144 -0.14920485818066265 0.9667865264968009 -32.77654172234827
0.9679185415702715 0.0873883214215834 -0.23557796620990815 153.8910991238379 -0.05015165070820318 0.985896773476458 0.15966328313031777 -17.587173175294446 0.246208263093912 -0.14272642827391027 0.958650435694081 -26.72154418006003
0.9556376648484775 0.09141512307104752 -0.2799998728514968 155.00066368575165 -0.048032973805509534 0.9862604232221944 0.1580607826533108 -17.177626967010116 0.2906019389996363 -0.13759961068071075 0.946898547992428 -19.64584290885435
0.9410438460183543 0.09754733978366863 -0.3239151067364925 155.74867721752324 -0.048772519910432396 0.9866416452681003 0.15543328190655523 -17.10870228416483 0.33475023700151474 -0.1304713774120044 0.9332306780767786 -12.477010785918413
0.9225779896431133 0.1126080263798283 -0.3690112266868198 156.02939297524682 -0.05563519987778183 0.9852905761018753 0.1615772421456496 -18.49411261007764 0.3817781784762336 -0.12853759387694524 0.9152723689698573 -4.609862268828238
0.9046619896947652 0.12378897242145714 -0.4077535710552984 155.97082026768118 -0.059433101217815 0.9841770474674495 0.16692287356107488 -19.384015140934157 0.42196491664727476 -0.12677471966087467 0.897704728501396 2.245870176336393
0.8850290079250236 0.1322364761139332 -0.4463599102923756 155.66288122556492 -0.06006689249480791 0.9832309402696665 0.1721885202980868 -19.816390891173555 0.46164447744694787 -0.12558038254996934 0.878130937822679 9.156616555406742
0.8647671305248462 0.1370409309799867 -0.4831124022419236 155.14843115958564 -0.05807849448080578 0.9828812419541104 0.17484665479667777 -19.70425131686802 0.4988032662710487 -0.123143198963175 0.8579225222049187 15.75088852814815
0.844183324573896 0.14295445325819417 -0.5166415960847665 154.3779089806248 -0.05746543937442222 0.9823651784410301 0.17792239730856768 -19.816756400715228 0.5329655127575036 -0.12051008455799038 0.8375112427489897 21.92782757450191
0.8224987671910765 0.14667954337907946 -0.5495278787498082 153.40923487011355 -0.05663394702087359 0.9824934411029317 0.17748023618013625 -19.669501146924386 0.5659402565766073 -0.11485534268733348 0.8164066855692567 27.981544001838017
0.8000776489206164 0.1458487983022903 -0.5818967981793995 152.30476380678553 -0.053489749224532 0.9834759266987518 0.1729564925983646 -18.925664890659508 0.597506989436572 -0.10725311015448132 0.7946585228490506 33.87500896827046
0.7766445934504208 0.14641262366158048 -0.6126879459372143 150.96473972877044 -0.05083705511332959 0.9840097894618279 0.1707053838362849 -18.403134958518255 0.6278843598081056 -0.10143016255444662 0.7716690695061865 39.63904120642217
0.7554993391360769 0.14636708807015902 -0.6385901847780102 149.6112807033131 -0.04643693903798119 0.9842364925644385 0.17065209461719105 -17.766351033338882 0.6535016138141769 -0.0992733712246855 0.7503868592319244 44.682072191612846
0.734749307934518 0.1476679188110187 -0.6620707214820553 148.16916588704927 -0.04306216637112738 0.9842029988322071 0.17172683808046957 -17.352397660608926 0.6769705343049816 -0.09766597587549546 0.7295013727465596 49.35662510337265
0.7154171382956602 0.14450652222076146 -0.6835906547551017 146.8079627638858 -0.036160765388419475 0.9847250853648819 0.17032000851235857 -16.27508370397501 0.6977612179530844 -0.09713069179608874 0.7097146690268149 53.5741281281143
0.7004714995327072 0.14215843905979153 -0.6993787647237255 145.6975900981533 -0.0328770725187852 0.9853479902148914 0.1673572116225308 -15.610445489239071 0.7129227001891545 -0.09423543061692642 0.6948819375774904 56.660432503694274
0.6867745729587371 0.1379596983412493 -0.7136580466658634 144.6697108917787 -0.02975993974694105 0.9863364450628912 0.16203321612236332 -14.817602128476796 0.7262609943564383 -0.09004187233887108 0.6814964631618478 59.39305683089751
0.6741088268056498 0.13395109978858852 -0.726384466028933 143.68874022108426 -0.0271027648371956 0.9872420522927539 0.15690306027280404 -14.103285806839384 0.7381346284797173 -0.08608271051854202 0.669139026801524 61.84780208246123
0.661510663383649 0.13018031918120565 -0.7385504226033616 142.68203430603657 -0.024360295038442198 0.988028612235851 0.1523352796595006 -13.412602100918486 0.7495400044396326 -0.0827801057089059 0.6567626937056167 64.23521659152459
0.6475244972965077 0.12810673962786107 -0.7511994999085291 141.51021777310345 -0.022516913648028374 0.9885543947338384 0.14917505573044493 -12.942994604946689 0.7617118969798699 -0.07967980869915246 0.6429977558942134 66.82311017976494
0.6341912538042559 0.12734095519683994 -0.7626176858215014 140.35139291335855 -0.022198583793360288 0.9889362098025565 0.14667104628699973 -12.733245562931705 0.7728574748786189 -0.07608846214052731 0.6300014836913755 69.21258693189421
0.6215447443558257 0.1276058350360733 -0.7729158308822491 139.21890625951062 -0.022401397172547563 0.9891356545783114 0.14528879601212608 -12.67141654209716 0.7830583044501661 -0.07298909306657976 0.6176506165502866 71.42345734385192
0.6121462702395811 0.1295770177845624 -0.7800556007707584 138.34351505550842 -0.023644085925703662 0.9890407246151712 0.14573744286707832 -12.87743148653173 0.7903909798526978 -0.07076893043388585 0.6085013208307244 73.01634601774884
0.6057264357746117 0.13190074249182326 -0.784664054952112 137.7280986766381 -0.024483704362890414 0.9887868325815026 0.14731309491728908 -13.099725256618795 0.7952961921350157 -0.07001995318154225 0.6021637426248767 74.07808282769722
0.6002614037839732 0.1329591737246186 -0.7886749046658963 137.21119323130583 -0.02416034941890246 0.9886497168999836 0.14828356210159915 -13.116710708243948 0.7994388811180317 -0.06995423787054625 0.5966606070126472 74.9730295966645
0.5955229862246133 0.13331749181269864 -0.7921987245981214 136.7660097829831 -0.023178883958063987 0.9885744182767597 0.14894078980327988 -13.019239051517793 0.8030038058543544 -0.07033538160511552 0.5918089403497425 75.74540177254246
0.5909289136034601 0.13275018937367308 -0.7957263388179936 136.3427082030083 -0.021889037288612967 0.9886432402002867 0.14867889444321217 -12.817825483782924 0.8064266173149373 -0.07044097406717234 0.5871236497182308 76.48419007755443
0.5868602441348499 0.13339922395711695 -0.798623629065421 135.95259183163108 -0.02243355789620944 0.9886349335073379 0.1486529640776093 -12.893125781927989 0.8093774084653595 -0.06932254537003485 0.5831831576523089 77.10603910194867
0.5839116094643422 0.13663277590947656 -0.8002366630441475 135.63805698330552 -0.025596686317521954 0.9883435155250317 0.15007299880119643 -13.436406377339438 0.81141360722034 -0.06714595942342533 0.5806025991595144 77.50855849106868
0.58233200306735 0.138402783562723 -0.8010830841464934 135.46924542331178 -0.028588056445746975 0.9882782304871605 0.14996286931711375 -13.854594169057403 0.812448251418035 -0.06442676964784907 0.5794627081361841 77.67149725236045
0.5812594459012304 0.14024329217608805 -0.8015418114797301 135.34658090246757 -0.0318001720955253 0.9881985300129965 0.14984129716085542 -14.303040774498681 0.8130966766659975 -0.06160750181402591 0.5788594908222073 77.7451153210631
0.5800634142046721 0.14184896186199858 -0.8021254936229696 135.21501579654512 -0.034949681438723804 0.9881481881475678 0.14947132844800318 -14.726078086238177 0.8138212059589938 -0.05866881862925477 0.5781461877865294 77.83637635653832
0.5787837921289873 0.14296341690154635 -0.8028516571550586 135.08076199947678 -0.03613821507593762 0.9880423405110488 0.14988783395784305 -14.921717041815764 0.8146799073132431 -0.057739023071777945 0.5770293353329641 77.97334457069118
0.5775728484737103 0.14298646182128943 -0.803719152715545 134.96606272089667 -0.03590103163695826 0.9880372483811679 0.14997837090318175 -14.893067915899447 0.8155493367254778 -0.05776908816312725 0.5757968494351408 78.11905504865045
0.5762600784189728 0.1439670528563099 -0.8044860531497285 134.83043976450855 -0.03635005567106416 0.9879029887439588 0.15075263939136882 -15.006935114724437 0.8164575895129335 -0.05762961497895003 0.5745222641500571 78.27354463047139
0.5750915794855984 0.14539750875181714 -0.8050647425229382 134.70247079642374 -0.036681111930874255 0.9876727594663273 0.15217429558136636 -15.146584096548212 0.8172662792702721 -0.05798348607091195 0.5733356295493854 78.40844107997451
0.5727630375196986 0.14614223545769264 -0.806588463757471 134.4725220056574 -0.03669378431510722 0.987563931028139 0.152875924608441 -15.193604379906683 0.8188993033602148 -0.057964895822192775 0.571002628547783 78.73538053001114
0.5702079658244504 0.1470103753604014 -0.8082393366118332 134.2188707090938 -0.03705042796638998 0.9874585235643807 0.15346963878096745 -15.28244463473457 0.8206644512209906 -0.057563997224369105 0.5685035133802632 79.09252768924742
0.5676213914112422 0.14828885591303304 -0.8098249015832799 133.956880019455 -0.03860789737373634 0.9873573828630992 0.15373623114318338 -15.520173353579285 0.8223839652332385 -0.055998336740790716 0.5661702924116742 79.43188621020707
0.5660640613944045 0.14946985093492124 -0.8106973800741953 133.79260669138125 -0.040717723803493366 0.9872940718932203 0.15359844586703078 -15.80938117437014 0.8233550542541986 -0.053936808081283254 0.5649577642338128 79.59400683118697
0.5644940046692516 0.1510936844270825 -0.8114907376050082 133.6229299638812 -0.042298873387431615 0.9871075451069924 0.1543680656839403 -16.083805416807145 0.8243526696764105 -0.05281470362594579 0.5636073838039017 79.76607153814467
0.5636543914303493 0.15076494528342954 -0.8121352463075141 133.54578088800082 -0.04218264713372824 0.9871727387935714 0.15398249271780962 -16.04011134266556 0.8249329374573872 -0.052534893703931836 0.5627839138083486 79.84701827140569
0.5624458805947501 0.15163722552859035 -0.8128104226915323 133.41932746312784 -0.04153679508770374 0.986979925878762 0.15538764611832998 -16.040134128496565 0.8257901222803758 -0.05363560148208147 0.5614213179046705 80.00133621577854
0.561320678214235 0.15149440604181427 -0.8136144917263638 133.3134883927906 -0.04103228867281302 0.9869883885316184 0.15546791369935545 -15.973129098131881 0.8265805753194194 -0.053882890065374174 0.560233153841167 80.1348953281711
0.5603590156639162 0.15165000090917286 -0.8142481506201993 133.2189389447286 -0.04189907041017123 0.9870264199041021 0.15499456219511276 -16.063892261701515 0.8271893625179971 -0.05273635971072557 0.5594431471575378 80.21694918381677
0.5591731704440484 0.15123197357193707 -0.815140635488802 133.11033895623686 -0.0430409802920905 0.9871910969176301 0.15362686022327599 -16.133759971998256 0.8279328713555507 -0.05081956646905829 0.5585199478916129 80.32709061393759
0.5577347084570022 0.1519391717836603 -0.8159941685208774 132.96341420118472 -0.04398141619263642 0.9871314531522873 0.15374371280525112 -16.273426634704677 0.828853201726381 -0.0498596257020528 0.5572399731828096 80.48707502682679
0.5566375004370101 0.15194657406879056 -0.8167416554431364 132.85793357499188 -0.04381978446780855 0.9871327649929895 0.1537814383028397 -16.251921659452584 0.8295990113280223 -0.04981107212310158 0.5561333810314886 80.61085685222713
0.5556027340753666 0.15250733691314539 -0.8173414917130034 132.75135962533514 -0.04466597526636547 0.9870891481661682 0.15381795807412327 -16.372967722175456 0.8302472839711562 -0.04895432320284571 0.5552413184357495 80.70808788224467
0.5544266046669943 0.15348400426289377 -0.8179570896280906 132.6263690859003 -0.045301354252114984 0.9869553469722236 0.15448925653864037 -16.50608867156603 0.8309987529114304 -0.04859839007997556 0.5541473352288918 80.83235773747812
0.5534823897141679 0.15370399235386972 -0.8185550238137786 132.5324138099493 -0.04546267712854852 0.9869336040546949 0.15458074322475046 -16.533892500144734 0.8316191371442816 -0.04834401640422988 0.5532381646391618 80.92831061008512
0.5524010223030801 0.152938736181886 -0.819428369983368 132.4380881005451 -0.04422654477268384 0.9870175479428787 0.15440327972649087 -16.346201974464623 0.8324044229195215 -0.04905204407478524 0.5519934543779513 81.06892104878284
0.5514182274687921 0.1518896619715057 -0.8202849925491488 132.35592010311464 -0.04239741240951231 0.9871169735845668 0.15428071779137933 -16.078442221812367 0.8331508853960087 -0.05029523881469534 0.5507540205177076 81.20512699393255
0.5497809576373699 0.1517283926210663 -0.82141304682356 132.1998435839751 -0.040791999687671596 0.9870680090635949 0.1550250245757499 -15.900060433557714 0.8343122385419127 -0.051722725719536546 0.5488604998206048 81.44400146467841
0.5476660279521411 0.15113382245401208 -0.8229340736277504 132.0030966976021 -0.040003576170893174 0.9871558120958022 0.15467099449805416 -15.764719603237703 0.835740172374563 -0.05178774329816567 0.5466775959589154 81.73931352280574
0.545590303497844 0.15038180068162765 -0.8244492311554918 131.8103785717392 -0.04058757103488746 0.9873555949191024 0.15323700029507664 -15.75079945567139 0.837068617143552 -0.05014222976390818 0.5447952707097272 82.002790978489
0.5427040213819877 0.15081379084958355 -0.8262732875177541 131.52470260195057 -0.04192878574080052 0.9873856430382314 0.15268126554453387 -15.902068549575162 0.8388768217695142 -0.04821610116503086 0.542181598254978 82.38302157411474
0.5388657017595424 0.15022483644084467 -0.8288885654800151 131.15770167335148 -0.04197164586177295 0.987536353225219 0.1516915686592023 -15.840981118371896 0.841345432275501 -0.046951566267346666 0.5384546536285049 82.93022123658234
0.5346593668165066 0.15035149324805602 -0.8315851068612593 130.74332897973775 -0.04174108611581798 0.9875430119131732 0.15171183655644813 -15.809131154440307 0.844036162261573 -0.04640288891371235 0.5342749560808719 83.54138088780219
0.5285070020460151 0.1485937456892656 -0.8358230958344999 130.15808146347547 -0.04165503585860428 0.9879151189463503 0.14929358909490154 -15.634872757520172 0.8479063667504521 -0.044086466168800305 0.5283097355953186 84.43663374592317
0.5199528737192171 0.14744397448072774 -0.8413734506748204 129.32182414792757 -0.04175005248776234 0.9881993938445566 0.1473733053253543 -15.519308315597781 0.8531740398232924 -0.041499787885934086 0.5199729083106402 85.68863399704213
0.5100155960180612 0.14637746339974628 -0.847618858937788 128.33697409727432 -0.04126508126335558 0.988443165560452 0.14586741077143153 -15.350093529513279 0.8591747696986163 -0.03941759334978248 0.5101617081356076 87.14279895259808
0.49754399765114576 0.1456454860502815 -0.8551241797508091 127.08019203773547 -0.04063580651133659 0.9886347086914986 0.14474164569898046 -15.185201387796237 0.8664864116825435 -0.03726667631615721 0.4978076869694329 88.95114514284869
0.4831335703782245 0.14562903238537203 -0.8633505302599225 125.59848956459956 -0.04019013937421948 0.9887195817058244 0.14428562453876154 -15.090937664393788 0.8746237510327912 -0.035011050797711246 0.48353647272090045 91.00453886439121
0.4663161173467482 0.1445529321846046 -0.8727277516496694 123.85501720689497 -0.04060288893880745 0.9890164377246446 0.14211928553253178 -15.002930044949432 0.8836858514837027 -0.03083724545557743 0.46706357188313863 93.33646078799592
0.44751558797223223 0.14668313568176541 -0.8821643022863893 121.83732772914486 -0.04410667433110129 0.9888760741195635 0.14205179095431908 -15.490676864652258 0.8931877740997788 -0.024661057163961775 0.44900716303666954 95.83660369666819
0.42587201423514603 0.1512380200287507 -0.8920538598028052 119.45087231225475 -0.05036566194157728 0.9883647351248311 0.14352160276003495 -16.468362811890625 0.9033804998938633 -0.016192950917165327 0.4285340835360799 98.59703348896001
0.402601518914906 0.16054441027140942 -0.9011867227706007 116.78617334945483 -0.056432545119672974 0.9869801391670827 0.15061730558286318 -17.793459594951223 0.9136341635571243 -0.00978249560852916 0.4064196328438655 101.47565391522072
0.3772361528499795 0.16780695510005278 -0.9107874125189674 113.8583904278834 -0.058788434304941836 0.9858028866374187 0.1572786975063893 -18.568623597498558 0.9242493197048729 -0.0057874448059266476 0.38174559657931606 104.57618092355071
0.35000986774799087 0.17681079236462308 -0.9199081672549865 110.63640712544033 -0.06014312721159664 0.9842406524504934 0.1662923399108832 -19.359080794167447 0.934813295117396 -0.0028778059735087846 0.35512789457396216 107.79855201919342
0.32063066259656164 0.18862054400287437 -0.9282339514276288 107.06026064418407 -0.06356137340108449 0.9820478931602472 0.17760035853254225 -20.591776869734357 0.9450692726008278 0.002055704156579713 0.3268636475140098 111.08711967506748
0.2888636601236331 0.1968752165218633 -0.9369087121910264 103.17216944163478 -0.06622460006816029 0.9803922691364789 0.18559445294307297 -21.498782836923347 0.9550770064271208 0.008434911789446428 0.2962376816971701 114.49927741123727
0.2541183984430584 0.20313524256653315 -0.9456002923012296 98.86902020841798 -0.06803903079777024 0.9790273809319049 0.1920314496995601 -22.183565138199704 0.9647769326952397 0.015539002961912962 0.26260999509941463 118.06981678287453
0.21970058710971388 0.20984167066579906 -0.9527319272890109 94.5070647908771 -0.07206286640425606 0.9774154363736599 0.1986605346416095 -23.189404043573322 0.9729021509428628 0.025010757499006164 0.22986053750062568 121.36074130325093
0.1838480500934092 0.21381719201009786 -0.9594175852452196 89.91461932037558 -0.07263093675085726 0.9763415709309198 0.2036710187995252 -23.602958182970283 0.9802676376906176 0.03223887828477494 0.19502823698991692 124.68404245919076
0.1444469297282008 0.21278692076094258 -0.9663626704530616 84.84370910407137 -0.0725107317416263 0.9762553392923182 0.20412669175180015 -23.615185291385153 0.986852206905568 0.04058619046322118 0.15644642172096174 128.14970561456553
0.10334338050845757 0.21081939252151938 -0.9720469790303048 79.44992671395751 -0.07254868895078576 0.9762741607289618 0.20402316247054786 -23.612696214321975 0.9919963878142937 0.04943629061548786 0.11618614260562546 131.5241687735954
0.06015983467553373 0.20492504047437604 -0.9769270812493569 73.71202072184961 -0.06964860009510411 0.9771761791314284 0.2006882842691483 -22.98167716913745 0.9957559273218535 0.05596822960106525 0.07305949957888931 134.89688969988993
0.013394525231276874 0.1999390074056643 -0.9797167856127945 67.33316572817701 -0.06434200420270333 0.9779464173772391 0.19869804033810196 -22.10252219989239 0.9978380094930278 0.060375475622643435 0.02596360441717584 138.29839287660155
-0.038296168361547145 0.19756373175538042 -0.979541717020624 60.06731666191002 -0.0608342531626587 0.9779816322442098 0.1996274546125668 -21.671948005109005 0.9974129521572124 0.06723465540804797 -0.025434307169558548 141.6353026704039
-0.09235539676833687 0.19599138038344543 -0.9762468230438216 52.26276749720985 -0.06001511995228008 0.9775589485231155 0.20193238358295593 -21.710442686123194 0.9939158244362932 0.0772391155941872 -0.07852039835196511 144.65442649972155
-0.14414530388838945 0.19520161706349598 -0.9701126017441067 44.587542328046275 -0.05712471674450144 0.9770745568566663 0.2050904119655747 -21.5157162486398 0.9879063205100896 0.08498022734227619 -0.12968987183689681 147.19387509584337
-0.19685549760345536 0.18933745579072853 -0.9619767361521743 36.65279583549315 -0.05768061902391185 0.9772398464382686 0.20414511682214515 -21.530210344728335 0.9787343149457437 0.09567450218319862 -0.18145393459410794 149.32873570747444
-0.24831169869988784 0.18428159080576895 -0.9509897978311183 28.704324586232634 -0.05779102145485736 0.9771707068723711 0.20444463179490655 -21.564428928956485 0.966954754953912 0.10572466562087499 -0.23199309677525717 151.01670463393447
-0.2969583566895745 0.1757869518372805 -0.938570552465815 21.055024149243174 -0.05654736810097645 0.9779468543921669 0.20105309036500507 -21.16388819911144 0.9532146293217914 0.11277808984117373 -0.2804692013371451 152.2922462921302
-0.3455297403303006 0.17037040339306678 -0.9228126159708475 13.195986031431199 -0.05280844916310095 0.978292694587777 0.20038630545317962 -20.595518743105714 0.9369207363722202 0.11797173120655016 -0.3290322239414648 153.21516693154135
-0.3927994178181654 0.16050380988457902 -0.9055093287063614 5.417927711529339 -0.05255057613434706 0.9791250270745889 0.19634820677595607 -20.288920979157396 0.918121481237455 0.12471049822978145 -0.37616517292490165 153.69084504527072
-0.4370081879893252 0.15356058421233504 -0.8862522161363845 -2.059774540507711 -0.04932606588060453 0.9797443238307006 0.19408245450391828 -19.685852947149908 0.8981039933409877 0.12853095696325303 -0.42058175215655935 153.8145990924536
-0.4778095979868423 0.14609540960088122 -0.8662298305676173 -9.109737640457222 -0.0478215661844087 0.9802858747967969 0.19170994100867184 -19.316614265061908 0.8771608095892807 0.13302531701683318 -0.4614034884493708 153.5688597111522
-0.5148514374752136 0.13701337903068672 -0.8462596122327354 -15.628271233734917 -0.049411462913146895 0.9807618318692706 0.18885109605510697 -19.34851215352738 0.8558542543345152 0.13904518371747332 -0.49817660746213793 153.00240179311456
-0.5481743409040919 0.12751501709435026 -0.8265862401406111 -21.606113531862828 -0.0541286726339344 0.9808281379235686 0.1872064386079553 -19.897185232401288 0.8346106749696248 0.14736378209320408 -0.5307625994302292 152.17290631756222
-0.5793331419392921 0.11666165430814998 -0.8066989333480202 -27.29328832606076 -0.06247889909207888 0.9804365401979699 0.18665630933047983 -21.027713389750854 0.8126927450266735 0.1585378474015579 -0.5607104895775452 151.06864906447677
-0.6083694289960729 0.11357813389797 -0.785484974626025 -32.77007947014739 -0.06306276286600856 0.9796599197081881 0.19049810932671377 -21.364974734973583 0.7911445669425391 0.1654280786855781 -0.5888325950384374 149.89290540801693
-0.6349217553713854 0.11011905123874488 -0.764688275776736 -37.87093512840725 -0.061533902720913775 0.9794373127397422 0.19213570524263912 -21.259115049060153 0.7701220314807594 0.1690453932156445 -0.6150900028943053 148.66597186926225
-0.6594161163860613 0.10394056056763487 -0.7445580872700331 -42.63878219584955 -0.06162210049759062 0.9795901465044357 0.19132658362518173 -21.216848255807843 0.7492483581434058 0.17204506601557817 -0.6395524943889329 147.33988183231733
-0.6827503116352511 0.08992002324740243 -0.7250975116363 -47.19829040499004 -0.06524646358126208 0.9809301100298444 0.18308199864262162 -21.17438736667599 0.7277327194458875 0.1723093400138961 -0.6638633747932394 145.91216043322197
-0.7038944609466385 0.08139847677915582 -0.7056251666619285 -51.45036917318778 -0.06771683326070027 0.9811972840106419 0.18073826474568963 -21.363251419458866 0.7070693165042475 0.1750033651909977 -0.6851472862312472 144.40091326304025
-0.7234999080450499 0.07856806263615604 -0.685838860514921 -55.50671061474129 -0.06845182159152693 0.9804406696422364 0.18452761699075312 -21.717425738095216 0.6869222890397473 0.18045263324508562 -0.7039706073234228 142.79607801136063
-0.7403877309303512 0.07695406103781055 -0.6677604962691303 -59.069829657654836 -0.06739773316990388 0.9799197786710029 0.18765599626159477 -21.777570051776667 0.6687926086997108 0.183943741016546 -0.7203340521518287 141.31164324888414
-0.7544183150134773 0.07600391084201025 -0.6519788428384355 -62.07982577650008 -0.06529367255684285 0.9796578919532059 0.1897555033664122 -21.622329218431304 0.6531383791328339 0.185725120192505 -0.7341092816694352 139.99940844581175
-0.7659754471812472 0.07493110605446279 -0.6384880137175193 -64.59049960154981 -0.06339640798376786 0.9795385814577479 0.1910106355428886 -21.440307380211593 0.6397362814240286 0.18678730358671974 -0.7455521399932795 138.84473883687042
-0.7751905201820476 0.07352820791644792 -0.6274338690734523 -66.61179761009531 -0.062138906768021036 0.979511875941801 0.19156001971875405 -21.300422462144535 0.628663991083919 0.1874835660253182 -0.7547393581792781 137.86696838973674
-0.7826237891521669 0.0713477376166741 -0.6183926786355793 -68.25069196860176 -0.0627633937225987 0.9793034479792767 0.19242014755300985 -21.44425236224686 0.6193228245927376 0.18940500815153294 -0.7619481490400715 136.99784081976424
-0.7892303635288911 0.06903859390705845 -0.6102041509490006 -69.71670711296582 -0.06437571055392462 0.9788842591591962 0.19401385275548988 -21.77430807767777 0.6107136818303089 0.1924039493401522 -0.7681207711705109 136.16108200671133
-0.7953439320089232 0.06702382446929335 -0.6024415629503785 -71.08474778482835 -0.06574327936901823 0.9784671508469671 0.195652385447319 -22.072766658465277 0.6025826507910701 0.1952174215251508 -0.7738115450797299 135.35597625650055
-0.8013781121430991 0.06595509682102137 -0.5945107623763359 -72.45183895581815 -0.06584304697904862 0.9781359037866036 0.1972684639978693 -22.193248570507365 0.5945231825105537 0.1972310293206765 -0.7795140194573983 134.56280430266236
-0.8067384188747667 0.065558791249529 -0.5872607328958254 -73.68062206769699 -0.06486488797832489 0.977995634102921 0.19828536502521976 -22.123313103273745 0.587337781705724 0.19805702351980847 -0.7847341878722204 133.85924171677593
-0.8122898472247762 0.06310121718484141 -0.5798305273830806 -74.94666206737963 -0.06512422919319796 0.9781015517948125 0.19767698183797547 -22.11862834986007 0.5796067967747978 0.1983320215355325 -0.7903925419474094 133.1077549845935
-0.8171466878956943 0.06081792050486889 -0.5732124135140133 -76.06195099416374 -0.06531278188125052 0.9782458732366666 0.1968990909536229 -22.092962104140373 0.5727176712692117 0.19833353735789194 -0.7953981876865679 132.4295725392065
-0.8218962975904183 0.06089202870463023 -0.5663732310476874 -77.17634357659406 -0.06359630991389165 0.9782455976939322 0.19746154045225522 -21.8900555805208 0.5660759537133677 0.19831215654285006 -0.8001439265499835 131.7673881572747
-0.826691473764073 0.061360336792503994 -0.5592996658987877 -78.31186196673521 -0.061469279884557235 0.9782366217874039 0.19817830210303658 -21.64066090574243 0.5592877030976624 0.19821206033609293 -0.8049280988393076 131.08666463060342
-0.8304366612728774 0.06105468808730145 -0.553757416814004 -79.19935525850421 -0.06097890850791788 0.9780433090402985 0.19928085296557319 -21.643845811226672 0.5537657666659608 0.1992576490478239 -0.8084799719008473 130.50086893909838
-0.8340965092888963 0.06017230557140025 -0.5483268248356084 -80.06849871933453 -0.06076295995388344 0.9779610203359157 0.1997501073871473 -21.644226878291754 0.5482616855934042 0.19992882820082788 -0.8120576258890271 129.91974299155498
-0.8377924059068912 0.05958474438231961 -0.5427278718120496 -80.95216823523846 -0.06019531983207738 0.9778874384569778 0.20028150483348348 -21.59924089930321 0.5426604906155015 0.2004640016186058 -0.815679947025792 129.32587769160878
-0.8415704178913636 0.0593115556904269 -0.5368811517382008 -81.86344824962237 -0.0595753544178836 0.9776965511738731 0.20139570742371138 -21.58576963727424 0.5368519431613703 0.20147355455318444 -0.8192669881910083 128.7004835126029
-0.8456260425378141 0.05884838226190989 -0.530521878989916 -82.84621981734617 -0.05823593725885215 0.9777994060245465 0.20128809500223144 -21.392422990187697 0.530589456918829 0.20110989404601765 -0.8234255514151729 128.04965897535735
-0.8480523477004157 0.06131875994989941 -0.5263527574146636 -83.4599399812321 -0.05554342753777057 0.9775252243535061 0.2033700160052706 -21.153214117888293 0.5269934944732899 0.201703855765908 -0.8255867073493832 127.639589126717
-0.8509934846499297 0.06370607434623902 -0.5212980195384989 -84.19868896490644 -0.05189622246026966 0.9775564062452289 0.20418191571064057 -20.69826593294182 0.5226058468652297 0.20081087794316418 -0.8285880279861468 127.17315475087867
-0.8521405935361397 0.06738171558978133 -0.5189567547031769 -84.51600558059532 -0.047877412549444054 0.9774784691598722 0.20553246871587597 -20.226968510405964 0.5211181844989156 0.19998886652273926 -0.8297230206831098 126.98572536456894
-0.852996013638828 0.06926870928284491 -0.5173003447036904 -84.74429452751706 -0.04612373819091216 0.9772709026330759 0.20691588542697414 -20.072814921093848 0.5198753711146205 0.20035825109293903 -0.830413252379449 126.8052109065854
-0.853681404731264 0.07130318180705991 -0.5158913795366669 -84.93226284638314 -0.04314581299653371 0.9774949723156124 0.2064994380587217 -19.63012674350498 0.5190052967330141 0.198543283346199 -0.8313928473358349 126.69444710565801
-0.8541659054541384 0.07351055089492224 -0.5147784036523259 -85.07316800377743 -0.038579632652206985 0.9782704031078259 0.20371212616747578 -18.8115385585845 0.5185674670707107 0.1938639144100259 -0.8327692145999932 126.67013892168617
-0.8545149472587651 0.07491690919590052 -0.5139957797763355 -85.17268446775745 -0.03472625564829321 0.9790906444066193 0.2004385122776554 -18.0607122697019 0.5182646930671617 0.1891268535982229 -0.8340460066255561 126.65761963409696
-0.8539209220182531 0.0781533435409739 -0.5145008394870342 -85.05759311535888 -0.032019112962045335 0.978895428704416 0.2018378459722581 -17.77489318636986 0.5194168223542824 0.1888274200294113 -0.8333968863035283 126.72092400713996
-0.8530471143707665 0.07981093177305491 -0.5156945179398604 -84.85824385587887 -0.03174988597112037 0.9784661019955948 0.20395105291801463 -17.87500114008039 0.520867128358595 0.19035309930511435 -0.8321436968339111 126.7854676724375
-0.8521319519055597 0.08250787381147462 -0.5167819533427331 -84.66011843192722 -0.030616336740243895 0.9779422921255768 0.2066192469175641 -17.89061566040605 0.5224306427328216 0.1918888324819428 -0.830809785391631 126.86049541496882
-0.8504396295219219 0.08436039447921517 -0.519264634249173 -84.26213939023492 -0.029686626866651453 0.9777901682191319 0.20747310938837796 -17.816016985124527 0.5252343674245777 0.19185856972601675 -0.8290471328572283 127.08145893704325
-0.8489652330741245 0.0855866757232915 -0.5214719110077106 -83.91361150660724 -0.028957525532168214 0.977780480764641 0.20762175500347058 -17.723702352446164 0.527654711668958 0.1913641878050945 -0.8276232554002124 127.26961999669564
-0.8467111600700287 0.08915269395896522 -0.5245302742194442 -83.40184590287316 -0.026534304086391673 0.977558823079814 0.2089848753509696 -17.475014875701 0.5313907621699094 0.19086787204416694 -0.8253443604349728 127.58553834991201
-0.8435089086875968 0.09242782184148551 -0.5291028432302157 -82.65995811246603 -0.025374073158740747 0.9771255821982332 0.21114391543470895 -17.453307837140084 0.5365154959327777 0.19152726793697883 -0.821868863177455 128.01576609080973
-0.840007957641483 0.09395876197098398 -0.5343766294925935 -81.83075323901458 -0.025551466532431455 0.9769483874548043 0.2119409606647567 -17.52852059541878 0.5419720967513241 0.1916862000727697 -0.8182436355051199 128.48291718662517
-0.8359640885514025 0.09634925832648959 -0.5402599958097566 -80.88758755688956 -0.02455545063211001 0.9769139828651864 0.21221710564120944 -17.407511996213813 0.5482345050219631 0.19067220694798076 -0.8142991078227395 129.0406385197894
-0.8321602089110919 0.09736484970992525 -0.5459207568374843 -79.99178400391499 -0.024685159517022146 0.9769853342882034 0.21187330998827275 -17.4029260521303 0.5539855860982911 0.18978867886871237 -0.8106048530379039 129.54432115152616
-0.8287363918066335 0.09805562697197967 -0.5509819297531036 -79.18728763865226 -0.025829294115226165 0.9767798276987039 0.2126828995627029 -17.612913926589357 0.5590427894721754 0.1904895330983348 -0.8069602823678171 129.95602188391325
-0.8254156039076036 0.09647346282208362 -0.5562211356978106 -78.38572388096318 -0.02781814668622995 0.9771417046982565 0.21076109615944047 -17.763285817323602 0.5638397214996382 0.18943853860949614 -0.8038642973467033 130.3661070082798
-0.8226367261016888 0.09632966812006968 -0.5603475813355246 -77.73218624160243 -0.027767525874741697 0.9775602401658458 0.20881796223910065 -17.629684953878048 0.5678888811867079 0.18734079077118293 -0.8015021189851823 130.72157753359994
-0.820751423819806 0.0964399419645863 -0.5630865278903663 -77.29302262740406 -0.027571686829373436 0.977812737013778 0.20765850191843063 -17.526344492056523 0.5706197528855306 0.18596125652267229 -0.7998821842555094 130.94237316686178
-0.819484821040532 0.0963874371509047 -0.5649372443410399 -76.99766683909544 -0.028031821185550282 0.9778340200959389 0.20749661718697032 -17.57842254285183 0.5724149238840552 0.18587654801640568 -0.7986182215629168 131.056367064554
-0.8186297230211369 0.09616484297330384 -0.5662134752566884 -76.7953559221149 -0.02850813126115312 0.9778628582847555 0.2072957231569545 -17.630827742668558 0.5736136879802761 0.18584012850589526 -0.7977661208641157 131.11500339403273
-0.8174112695644458 0.09649126913742706 -0.5679157079790006 -76.51736384457253 -0.02823843555508134 0.9779743604115997 0.20680604714302847 -17.560531338306685 0.5753619792325891 0.18508264466927093 -0.7966825010603571 131.2346776172246
-0.8168187074804666 0.09624698348590244 -0.5688090341053 -76.37739547217048 -0.028401606746188766 0.9780798845200518 0.20628399897102107 -17.548748295642984 0.5761948870340441 0.1846517199137495 -0.7961803781108395 131.26516494487853
-0.8162635565051852 0.0941066701378835 -0.5699629294586324 -76.22613110925565 -0.030299922631506507 0.9783091277423314 0.2049223395937204 -17.72315753127251 0.576884495380168 0.18454047038955693 -0.7957066631481542 131.27725050461174
-0.8161450912598907 0.09346539185391665 -0.5702380297191503 -76.19100859966372 -0.031066438404829293 0.9783078069215814 0.20481384553082602 -17.820836257233662 0.5770113226074716 0.18487307927840638 -0.7955374775212645 131.2317665301509
-0.8159265861672909 0.0922077990607182 -0.5707552257997893 -76.12708226551987 -0.03241582247492379 0.9783512453384877 0.2043968081891319 -17.98020457425441 0.5772460657628292 0.18527429000541 -0.7952738000363941 131.19477151972688
-0.8159406281190211 0.09136931119720265 -0.5708699855099111 -76.12203395034925 -0.03384818207783793 0.9781889217378701 0.2049408059887753 -18.211546439561978 0.5771439958578473 0.18654244117801194 -0.795051398140136 131.1139937006889
-0.8170499831427773 0.08903281109618506 -0.5696511946750381 -76.3530819131044 -0.03517511806959754 0.9784678576094805 0.20337984829845632 -18.293697072341175 0.5754928636526929 0.18620904965501614 -0.7963254069231991 130.91534098302665
-0.8189355972272334 0.08706933225163402 -0.5672419404234219 -76.7686388110787 -0.035935639922710545 0.9787037554410923 0.20210786444086506 -18.316237536273743 0.5727592141357656 0.18589752679031626 -0.7983664522985818 130.61639543621942
-0.8211376461469685 0.0861883524740006 -0.5641848402589646 -77.27084564830209 -0.03640380160163452 0.9786091290887773 0.20248193917743346 -18.404022372446036 0.56956801991436 0.18680401591486856 -0.8004352130740581 130.2544993535377
-0.8226477999833117 0.08621372339507588 -0.561976681972637 -77.62184200014983 -0.036390667552020126 0.9784250183615347 0.203372079596359 -18.457746517398636 0.5673855095944339 0.1877543004636293 -0.8017618138572563 129.98744902123724
-0.8246549568271461 0.08615239825023938 -0.559036641425363 -78.08900780780165 -0.035506899182476605 0.9784989142505471 0.2031726726726466 -18.32203825446404 0.5645205596706494 0.18739700927771796 -0.8038649753676942 129.67405975017928
-0.8261727265563878 0.08636687622885136 -0.5567579263781112 -78.44547355795721 -0.034258439685313294 0.9786519780985332 0.2026491181183751 -18.115228783102694 0.5623744172743917 0.18649683229025005 -0.8055767786753728 129.43636704093055
-0.8275619473911068 0.08651929206807615 -0.5546671392198008 -78.77041654011883 -0.03416446815015372 0.9784584399537316 0.2035973241457934 -18.162064468862894 0.5603338400866542 0.18743930586552293 -0.8067790864111407 129.18155175520758
-0.828523246038928 0.08517732151559215 -0.5534383928429137 -78.98259010702235 -0.035449897963755146 0.9784013931543073 0.20365170907230104 -18.34232176419799 0.5588314016834391 0.1883495096174642 -0.8076087708286627 128.9743252651154
-0.829302092632641 0.08554382752682015 -0.5522139917886764 -79.16948988724839 -0.035344751614112574 0.9782043648088852 0.20461419599378464 -18.388394023945253 0.5576816185678521 0.18920484729759932 -0.8082034014223356 128.80128045505614
-0.8289806068915432 0.0879209058751619 -0.552323336197032 -79.11952892433868 -0.03296766279134057 0.9781668874438845 0.20518936014915404 -18.09618939823069 0.5583048330507315 0.18830680980366513 -0.8079828332172417 128.82289347005087
-0.8291261955111504 0.08970171110140826 -0.5518182263596276 -79.17256327477077 -0.031307517870970435 0.9780450693858861 0.2060283513857173 -17.91941682689472 0.5581841911429994 0.1880995621351555 -0.8081144494949947 128.76353776894933
-0.8281537812293869 0.0918904747080153 -0.552917222822191 -78.96929350769156 -0.029722461569328246 0.9778820903894682 0.20703427874094532 -17.76393927273461 0.5597123278200407 0.18789028168976502 -0.807105539649439 128.85860623876948
-0.8259221753172644 0.09506023381223405 -0.555712256718134 -78.48542806044019 -0.026929423068661362 0.9779057821453041 0.20730433526573808 -17.394865989111462 0.5631406276343297 0.18618225800098107 -0.8051141535914451 129.1528586797819
-0.8244821855667545 0.09666441634269043 -0.5575707276177568 -78.16790291817549 -0.025389824814803987 0.9779912048826882 0.207095533433199 -17.168245400062144 0.5653180365767054 0.1849032011221944 -0.8038820334699762 129.32525377955716
-0.8216000364308543 0.10098703228830794 -0.5610481257846059 -77.55135336102644 -0.02304644099149966 0.97749508735155 0.20969553109498887 -17.009499634808545 0.5695983160916508 0.1852160185113166 -0.8007826076984761 129.6669414840679
-0.8195927967140548 0.1005364812556373 -0.5640567910336413 -77.08150160820398 -0.02451453180785579 0.9774292959096099 0.2098356719623367 -17.220455459653984 0.5724217722140515 0.1858073933792158 -0.7986294054572157 129.86778693029476
-0.8169966200734564 0.09975870872633417 -0.5679478169883239 -76.47492247739555 -0.026325832888044867 0.9774423295531252 0.20955534572162612 -17.452339201595134 0.5760412079975694 0.18615770849205768 -0.7959408484665723 130.14417522645823
-0.8146275206211518 0.10041414267486465 -0.571225877037715 -75.93978747025503 -0.02739077968873685 0.9771388052178812 0.21083050188578828 -17.679748049880097 0.5793373350947424 0.18739465117297832 -0.7932537405377171 130.37576164367866
-0.8130928465872185 0.10094974165987422 -0.5733142004934979 -75.5945854994724 -0.029594498159786313 0.9764074544706282 0.2138986875435627 -18.17733923117048 0.5813812763646284 0.1908864387875496 -0.7909223596407189 130.4565476313709
-0.8111946673475915 0.10106356375814673 -0.5759768812611609 -75.16471783112239 -0.031764557952947 0.9758832698683458 0.21596957297063735 -18.60692172557527 0.5839128569614512 0.19348901692749537 -0.7884210650430056 130.5939956411004
-0.8095080092901521 0.10041075588421079 -0.5784586960171457 -74.77438204051428 -0.03322362486714654 0.9758532477486405 0.21588568643872214 -18.80109501330835 0.5861680421566687 0.19397968698086032 -0.7866250106582077 130.73921837310667
-0.8078223027668405 0.10073544077337754 -0.5807542493384551 -74.39757054870952 -0.0328897772290919 0.9760488273667657 0.21505103847641016 -18.70132684260946 0.5885077652047591 0.19282390300000435 -0.7851608451301842 130.91734292501667
-0.8079105678595722 0.09875005653691782 -0.5809724095641542 -74.39402929891251 -0.03315504643909318 0.9766818474892005 0.21211626925039023 -18.550999541730835 0.5883716998942465 0.19063314276126808 -0.7857975233127913 130.8912373082522
-0.8077674495129101 0.09841935125400454 -0.581227475955971 -74.357955637027 -0.032757282662632906 0.9769475043565105 0.21095149718394068 -18.421586009161693 0.588590441597524 0.18943918557238004 -0.7859224433935608 130.88111180291995
-0.8077742230118939 0.09732117705277085 -0.5814029524646347 -74.34720389460999 -0.03313227627927604 0.9772235409041754 0.2096101223015228 -18.387103443266884 0.5885601557241917 0.1885808569281857 -0.7861515143368651 130.8424083937654
-0.8073499033011061 0.0993136937735572 -0.5816553308177849 -74.2719152518067 -0.03167231435287956 0.9770199999800406 0.21078136573837356 -18.260182793955043 0.5892223673140956 0.18859668572924002 -0.7856515079783908 130.85403111445572
-0.8079054884253299 0.09985622097063866 -0.5807903726007276 -74.23016395862332 -0.031257501430215315 0.9768912374221725 0.21143906652299904 -18.237483364260736 0.5884825319213555 0.18897683821368189 -0.7861145363381794 130.83234677072093
-0.806327156842304 0.10043974354351617 -0.5828793820813352 -74.05779370039845 -0.03165974606732119 0.9767341300783419 0.21210398303439895 -18.33999415264094 0.590621855858348 0.18947901481962734 -0.7843873573212563 130.8670580665262
-0.8053496014776013 0.09984667161981989 -0.5843309520864974 -73.83056078987701 -0.032680606854346546 0.976736081000492 0.21194010004581754 -18.46850415817109 0.5918986377205986 0.18978216522698693 -0.7833509637616183 130.9293308341351
-0.804148578812963 0.10005510538518203 -0.5859471299353312 -73.5633133435836 -0.03296409346318499 0.9767091202106437 0.21202043071246618 -18.511519176927038 0.5935136323078369 0.18981114399241522 -0.7821210250856631 131.024895984834
-0.8034037818353852 0.10017955541707022 -0.5869466926468188 -73.39800070168087 -0.03231304633452897 0.9769570511699888 0.2109757976778935 -18.35556933029449 0.5945571716573466 0.18846478940555192 -0.7816538829847501 131.09042998522125
-0.8036723520309488 0.09885116703498045 -0.5868042240448389 -73.4417008603403 -0.03320742052644027 0.9771195494331344 0.21008249174447802 -18.42108445580776 0.5941447784867112 0.18832374489535542 -0.782001374235088 131.00946223818985
-0.8027173473064244 0.09883178447411095 -0.5881132022927219 -73.2304933926441 -0.03318106604218888 0.9772426082328531 0.20951348765784608 -18.38011645471622 0.5954358716013347 0.1876943340431815 -0.7811702501877843 131.08511824056416
-0.8013659321400428 0.10053437871734942 -0.5896655675052064 -72.94578177336356 -0.03196383899997422 0.9771699542607564 0.2100409328831312 -18.245544320243344 0.5973198103208232 0.18716762323101943 -0.7798572465601299 131.21404963473404
-0.7988112744808936 0.10126148179921582 -0.5929980270338491 -72.38455311437674 -0.031450911749791276 0.9773538139677638 0.20926146915467633 -18.125168621450644 0.6007590098469746 0.18581074949123313 -0.777536479826631 131.49361559069467
-0.796703787584268 0.10098747026260271 -0.5958729778223222 -71.9127767508543 -0.031522752881106904 0.977655135963445 0.20783828130326495 -18.045047279303585 0.6035473394023689 0.1843691025477381 -0.7757181467041128 131.71402977999838
-0.7948124755279143 0.09860470547117656 -0.5987906485610235 -71.46640319586172 -0.033523976766395215 0.9780700915793763 0.20556030487347526 -18.175717646726927 0.6059284377935688 0.1834557385770541 -0.7740766888727453 131.88957374104393
-0.7926511075610657 0.09647676375262777 -0.6019937339690798 -70.9656447137568 -0.03503431106007586 0.9785608672517424 0.20295621727866084 -18.21870075313021 0.6086680694194181 0.18196390614442412 -0.7722773582916319 132.10515124747062
-0.7917917514244351 0.09435054778760904 -0.603459854926907 -70.75204528387907 -0.03568640734832729 0.9791631147596027 0.19991516957160355 -18.117352477878992 0.6097477369427415 0.179826496452697 -0.7719262454838243 132.18417135735703
-0.7906207212507006 0.09183119299419915 -0.6053807951383031 -70.46691172036432 -0.03849820881728333 0.9792782510918863 0.19882654464703178 -18.433666021226728 0.6110947251015041 0.18050246239782833 -0.7707023407395606 132.24232219480112
-0.789966566197718 0.09198901860393861 -0.6062102314759052 -70.32278530229152 -0.038534907995376164 0.979278979389089 0.19881584794088328 -18.437466707100914 0.6119378115099394 0.18041812819932693 -0.7700528643291167 132.26824284275096
-0.789105326100118 0.0885539569472489 -0.6078412465680585 -70.09738903719625 -0.04133303152041963 0.979656082847646 0.19638110867631406 -18.667560525117917 0.6128656988490697 0.18008930020573424 -0.7693916292276972 132.30451200649057
-0.78890057001125 0.08617739749329306 -0.608448310702896 -70.02731991878315 -0.041526230140742 0.9803790957591695 0.19269769279555807 -18.462567328190516 0.6131161903311826 0.17728588426526268 -0.769843005030286 132.31952972628034
-0.7876776237049908 0.08966886025686034 -0.6095272402564913 -69.79496574259399 -0.03665077970086343 0.9807792640843982 0.19164747712762692 -17.729439869982127 0.6149964889832931 0.17329607797726165 -0.7692514464698271 132.49851891513015
-0.7874561954453878 0.089832234019145 -0.6097892340684646 -69.74657970687592 -0.0355228210751371 0.9810637117227871 0.19039990211019608 -17.49729548039957 0.6153461379073887 0.17159301638422825 -0.7693536035469146 132.5051157373359
-0.7881474698191586 0.08385653417778643 -0.6097471996601118 -69.83776849422375 -0.04166421949671798 0.9811339108281822 0.18878649802548234 -18.236843418864968 0.6140746360430365 0.17419624191895153 -0.7697843923267906 132.3081476201097
-0.7895332143855803 0.08246313603271427 -0.6081423637419311 -70.12639726383277 -0.042987362202232676 0.9810664802536722 0.18884027116472107 -18.421772084166577 0.6122004492589558 0.1752381023588232 -0.771039698983659 132.08144169773536
-0.7912924243326136 0.08142992819828347 -0.6059913085081645 -70.4996797763372 -0.043203713322946646 0.9811687006058469 0.1882589177344379 -18.415230161810943 0.6099096149011947 0.1751489301853015 -0.7728732845078944 131.83289212661413
-0.7936435178042021 0.07915710695820054 -0.603211504420613 -70.9905053932329 -0.043573052829088466 0.9815575279133575 0.1861349200547075 -18.332797666623087 0.6068206948634207 0.17400853948765527 -0.7755576525770655 131.53028652383577
-0.7957810485239406 0.0797348341265772 -0.6003123179120557 -71.46581248492285 -0.04085058297840494 0.9819682935351668 0.18457925225213617 -17.863587907003193 0.6042050584697733 0.1714077790487949 -0.7781745437889223 131.2898617603958
-0.7992501157851432 0.07691186080837051 -0.596056891650813 -72.20258857259995 -0.04212537151296787 0.9821690894823975 0.18321935689280433 -17.952891509392924 0.5995203962271255 0.1715472102143087 -0.7817588177790885 130.8248189958222
-0.8031434174582652 0.073976976405983 -0.5911751499811939 -73.03787398968433 -0.04361274589070589 0.9822992157077538 0.18217074193131166 -18.09139485009909 0.5941873268501536 0.17209200382865114 -0.7857008099963422 130.2934842595992
-0.807245161860312 0.0721355417512698 -0.585791526286758 -73.93281273885093 -0.04507686327670008 0.9820693063409173 0.1830517793964454 -18.345379072017877 0.5884924171561198 0.17417330782677937 -0.7895190522023048 129.70260868878722
-0.8111987339460377 0.07293281579546132 -0.5802046349560567 -74.82272480713128 -0.043243607634856254 0.9819935649388705 0.183898419833807 -18.147797100608614 0.5831694474533694 0.17426830692582584 -0.7934380585516037 129.17218060797504
-0.8155741590387803 0.07129400375940446 -0.5742438124491551 -75.7901784149576 -0.04424941658679231 0.981791197412468 0.18473774334207124 -18.3362682153898 0.5769582135994902 0.17607728334838227 -0.7975688121088604 128.53144364835504
-0.8190607818044462 0.07132660124465216 -0.5692556118869411 -76.57650404851086 -0.043556147474819604 0.9816466723050293 0.18566817920584242 -18.298333479365564 0.5720509572818152 0.17686810539876155 -0.8009215789112011 128.0189411930875
-0.8220215999030337 0.06823682556592901 -0.5653531860081288 -77.21993239771423 -0.046608238120363785 0.981401730984272 0.18622114423553246 -18.748575671902366 0.5675457351017382 0.17942791883583917 -0.803553022836743 127.51738531711739
-0.8244014121805543 0.06899695147382413 -0.5617844179772402 -77.76588056673558 -0.04597222123542724 0.9811003660937182 0.18795910865253007 -18.769116770965205 0.5641355036419784 0.18078023215520944 -0.8056485841807952 127.13203838130049
-0.825420486610999 0.07093267837679633 -0.560044262019669 -78.01397296971983 -0.045755951028549915 0.9804038285727603 0.19161087094772752 -18.9641174418686 0.5626610109367226 0.18378489616442292 -0.8059998130976815 126.90015073289871
-0.8267264350248557 0.06736894183355212 -0.5585560198469987 -78.28093775029117 -0.04863872633066757 0.9805290786276029 0.19025509261681775 -19.273125192974604 0.5604977037705182 0.18445636785411054 -0.807352570086976 126.63907478429361
-0.82792397022389 0.07205364071669165 -0.5561925677210918 -78.59297540691037 -0.04398217997797075 0.980317094227459 0.1924680820547042 -18.772167374669927 0.5591131078530504 0.1838115002520269 -0.8084589445370756 126.46966383568083
-0.8295006598512662 0.06932261650451738 -0.5541868188140906 -78.93623093429778 -0.04556571451656664 0.9805592700665424 0.19085932921176424 -18.88967617324865 0.5566438906221003 0.18356985789485558 -0.8102158269902865 126.18836847211843
-0.8305469610918285 0.06847972947866111 -0.5527225995665983 -79.16001518110488 -0.04660880470177418 0.9803849908410516 0.19150166855111966 -19.069254084675467 0.5549949231708347 0.1848128685566035 -0.8110640165057743 125.97099177833529
-0.83224070565561 0.06786841071529015 -0.5502447516122557 -79.52624444660985 -0.04697079722248395 0.980279484256266 0.1919527987671789 -19.144996494317592 0.5524211727098596 0.1855963673492816 -0.8126406563596323 125.67782118873193
-0.8333331437619098 0.06828093054952566 -0.5485376796822468 -79.79728275844809 -0.04613542406676345 0.9802878008698098 0.19211285774776327 -19.041092772591817 0.5508424404074836 0.18540103017276705 -0.8137561452037119 125.47365075265799
-0.8345608879576549 0.06892071526267403 -0.5465876501522989 -80.08453410131631 -0.04526206872253069 0.980212037690767 0.1927062694908264 -18.956698497425293 0.5490532482613025 0.18556480316535115 -0.8149271344113639 125.25794585166618
-0.8370107824403343 0.06580460372505992 -0.5432151546185059 -80.62223290013337 -0.04713150005386243 0.9803827694218595 0.19138507549805855 -19.13002637256879 0.5451527967288549 0.18579391687919344 -0.8174894792408005 124.8369486355905
-0.8375175627186324 0.07041244483005005 -0.5418546112666172 -80.78179298684157 -0.04217498908011532 0.9803736434770608 0.19258449956215376 -18.528264745382508 0.5447803249328429 0.18414561300386226 -0.8181105003466818 124.78874402442212
-0.8395008832927 0.07053841894357292 -0.5387602420406665 -81.24349493727755 -0.04036718584443217 0.9807009786216715 0.19130102152758563 -18.20234336472864 0.5418567682125763 0.1823456113632508 -0.8204519003322405 124.49394974757861
-0.8417884808390255 0.07315590568754513 -0.5348274179487813 -81.79985040769115 -0.03646101600114719 0.980806098603694 0.1915463162108955 -17.684483590822484 0.5385747374681527 0.18074183357716408 -0.8229639370934033 124.16047560178791
-0.8442297516575413 0.07763991397008502 -0.5303283607115159 -82.41277340525882 -0.029843598068478524 0.9811085990710273 0.1911420322252872 -16.75703125406265 0.5351499659633485 0.17719469683826156 -0.8259640145562175 123.84088934696366
-0.8459970645987569 0.0811371913179891 -0.5269779149787158 -82.86361417546152 -0.025167464120268337 0.9811753890770597 0.19147181155260493 -16.139796897988894 0.5325932457702046 0.17524728829431077 -0.8280294816644206 123.57966874156212
-0.8446111270265393 0.10038270196104579 -0.5258853080757809 -82.76055894701014 -0.009587216579335027 0.9792716389612949 0.2023243495091973 -14.681658536163209 0.5352944324212797 0.17592717320828744 -0.8261413319437064 123.78729644807058
-0.8449055588824835 0.10610907269198785 -0.5242856676106307 -82.82013816008296 -0.00632260472996149 0.9780785313118792 0.20814036431270436 -14.586672068189953 0.5348781368114675 0.17917380187751517 -0.8257131024041281 123.72094069765532
-0.8441626811428804 0.1170047549387632 -0.5231627424495974 -82.88064317199611 0.003263359104898285 0.9769948109047923 0.21323810623915618 -13.595798842912956 0.5360771569960953 0.17830038358576 -0.8251243875684167 123.74921502686941
-0.8452876560187254 0.11143520932296072 -0.5225619319329688 -83.06102726116086 0.0005861298243519733 0.9782026924124614 0.207651508563843 -13.618510912215775 0.5343111780921281 0.17521896780930624 -0.8269279764802031 123.58189663977944
-0.8435974173497235 0.1095997423425057 -0.5256722305004639 -82.63780697063588 0.0013077881168302719 0.9793653579791739 0.20209350628005243 -13.182297961195715 0.536974568421185 0.1697980920646062 -0.8263334198736619 123.86782604979673
-0.8418587264838686 0.12078614910984686 -0.5260081661211857 -82.38573314601764 0.00918455858620909 0.9776995710303741 0.20980751342742454 -12.577955146023909 0.5396197999763681 0.1717971332421943 -0.8241942832143574 124.07162644617834
-0.8383393929630666 0.12362292874764236 -0.5309467333868554 -81.60512141091802 0.010626553653922781 0.9774692638106744 0.2108101388995746 -12.442675643078159 0.5450450793867949 0.1710883099258186 -0.8207646749482885 124.5609156933339
-0.835356814572059 0.12422736269703552 -0.5354872124573674 -80.9171493600058 0.010339153947730294 0.9775084650025488 0.21064259479983052 -12.471526292308287 0.5496108571013384 0.1704252422785417 -0.8178527633691975 124.96827601986044
-0.831536813966367 0.12821726944948353 -0.540469109971682 -80.09314977927949 0.011603622941511432 0.9767921374446796 0.2138749077402157 -12.495615085530334 0.5553484338262734 0.17157345960600398 -0.8137264067274285 125.45810779310771
-0.827721781492904 0.12727213341783733 -0.5465148273354397 -79.20006008728453 0.008283766951102028 0.976604222887761 0.21488501819087036 -13.009814175788105 0.5610775629512492 0.17333780860811376 -0.8094108798747542 125.93268598262982
-0.8238684566864555 0.12893141886514936 -0.5519216025002984 -78.34367446213345 0.007593750444232793 0.9762062964124546 0.21671087143673373 -13.214841839366878 0.5667301836246845 0.17435009628359038 -0.8052446478522127 126.40667168245052
-0.8191962982651881 0.13057779066044625 -0.5584504145354803 -77.30789455913344 0.00863351835437104 0.9764332993636266 0.21564664211317539 -13.007878931520626 0.5734482428863461 0.1718355390485329 -0.801017890093887 127.02560413034256
-0.8155332373479938 0.12946613159657644 -0.5640426043749877 -76.46300539263034 0.007967285980397663 0.9770740494914544 0.212750614956757 -12.920897285378388 0.5786553906556194 0.16901130902927675 -0.797867856405685 127.50564089256315
-0.8106920138530335 0.13016891861151447 -0.5708191581424206 -75.3885114280622 0.008736214283290064 0.9775521451837603 0.210512427202352 -12.679919815311395 0.5854076675573264 0.16567394506722546 -0.7936309007913896 128.12951154190677
-0.8063265901141394 0.13001004453239107 -0.5770050419152246 -74.41381012544603 0.007316752066254817 0.977660977779694 0.21006065235082153 -12.844617296107268 0.5914253082292855 0.16515568669451694 -0.7892652937627227 128.64263293555004
-0.8025123047436621 0.12910766234930027 -0.5824991092334089 -73.55524994466283 0.0054891649076043575 0.9778627435685575 0.2091753422590501 -13.038954883772947 0.5966103165414027 0.1646683523427398 -0.7854555773136342 129.07549436813514
-0.7981324660161304 0.1267188161679131 -0.5890050155304394 -72.55700914140338 0.002505132101884154 0.9783204379903295 0.2070817348864025 -13.3167538241869 0.6024767970670428 0.16380312035920688 -0.7811467511014973 129.57159347765418
-0.7950817556427954 0.12224689543611528 -0.5940544574365231 -71.82573052633165 -0.0019225146994919437 0.978963158227976 0.20402803427356958 -13.731688989100977 0.6064992215833426 0.16336104611729857 -0.7781207251000717 129.89442042042367
-0.7923082098548118 0.11892431784489607 -0.5984185050796722 -71.17625887990661 -0.004630493099614927 0.9796189643615302 0.20081146181654327 -13.903337467137314 0.6101034823128926 0.1618755425886466 -0.7756094697599516 130.193849674491
-0.7916576979629287 0.11566393438727268 -0.5999166138206984 -70.99024969371578 -0.006869518319123517 0.98016950259688 0.19804180340788488 -14.038199219619194 0.6109262631235455 0.16090245635490089 -0.7751641765231799 130.2397168890414
-0.791690051007325 0.11123173932137714 -0.6007115475030925 -70.93911358604802 -0.010226102850252335 0.9807347090852127 0.1950765419419745 -14.312967100766542 0.6108373678455788 0.16058309550847522 -0.7753004446538133 130.19704237330416
-0.7919509118206017 0.108379431167615 -0.6008890514615003 -70.95797801449082 -0.012435442135205227 0.9810535343769036 0.19333732817406576 -14.50677202008984 0.6104581173556621 0.16058599436553814 -0.775598494949682 130.12382679943218
-0.7922204533577702 0.1058938720782012 -0.60097690566102 -70.98388485279892 -0.01454470594405563 0.9812722375047845 0.1920761500846874 -14.716134483530134 0.610061640173032 0.16090768707131417 -0.7758437416327789 130.04471086162067
-0.7905520958861366 0.11035141257869796 -0.6023702760195947 -70.67789602798621 -0.010182556216029072 0.9811259886989439 0.19310129426916894 -14.186968468558234 0.6123101332159578 0.1587903021012516 -0.7745075472322068 130.23535396529067
-0.7902609529107941 0.1053560643691128 -0.603645364436086 -70.55454473352276 -0.014778422848134805 0.9815450439504769 0.1906591852347465 -14.661243968966946 0.6125922171580744 0.1595914358507593 -0.7741197252883094 130.2136508141073
-0.790413051111997 0.10108358452736044 -0.6041765615868623 -70.53855409439353 -0.018620923430801968 0.9818705944140196 0.18863561974251944 -15.05902542969393 0.6122911642694248 0.16035038124108145 -0.7742010626403403 130.1418404105934
-0.7930035758717795 0.09583092914788616 -0.6016325802956682 -71.0383972082467 -0.021990411286310768 0.9824043398211196 0.18546734190171746 -15.323319264392588 0.608819965561273 0.16030641321944197 -0.7769427928841915 129.8002064279729
-0.7955499837598449 0.0931985513616871 -0.5986770860520666 -71.56190056905038 -0.022913986254596785 0.9827637964173614 0.18344009835709119 -15.324621034513955 0.6054545173451386 0.15965384578962732 -0.7797021719547452 129.47826682992454
-0.7988580499514712 0.09284459303919324 -0.5943111117681708 -72.2767701909597 -0.022182942084753306 0.9827969239649876 0.18335245655682628 -15.219467393440636 0.6011104167357251 0.1596561548714768 -0.7830556679467034 129.0562240396342
-0.8032528336823558 0.08961129501049891 -0.5888588124396262 -73.20133377984467 -0.023353878259027003 0.9831199167516457 0.18146576993058217 -15.263073522308654 0.5951802093076753 0.1595150309305608 -0.7876010877060124 128.49471044645213
-0.8077518416689456 0.08610641232395579 -0.5832003498259613 -74.15262045898848 -0.024730024419166705 0.9834555106274866 0.17945385063758734 -15.326776562516221 0.589003725092341 0.15937673723955764 -0.7922585862294071 127.90598546488864
-0.8122708233292925 0.0854679952625293 -0.5769846890115522 -75.14336327204626 -0.02332960424942477 0.9836541309301864 0.17855049781376903 -15.081810038741539 0.5828137259309518 0.15849218431766215 -0.7969996162964558 127.32131266569027
-0.8172323219308971 0.08411924994717365 -0.5701361975701591 -76.23100223436958 -0.022736866245276807 0.9838138398182367 0.17774522073867843 -14.951788389660443 0.5758596764010995 0.15822224992213346 -0.8020918605277073 126.65392611688613
-0.8225206702714658 0.07986968983306772 -0.5630990850837427 -77.37149439616822 -0.02438621158638874 0.9842266667818823 0.17522323213515362 -15.021346034176617 0.5682121607820818 0.1578565837758933 -0.8075990585048759 125.9175279256896
-0.8281613707226569 0.08000485121662247 -0.5547503653217148 -78.6442722921795 -0.02201285498832868 0.9843537273373232 0.17482326416235963 -14.67507517670082 0.5600572990846854 0.1569935134294582 -0.8134425969194395 125.13379450620273
-0.8337052500323932 0.07914772955523046 -0.5465081819832863 -79.89561219210964 -0.021211694703788486 0.9843546125614567 0.1749172968484745 -14.571609726497602 0.551802156643319 0.15742183341339971 -0.8189827509102654 124.31655623928336
-0.8392243868171394 0.07831008795371057 -0.5381170492523708 -81.15342751026768 -0.02136438848588022 0.9840640869121925 0.1765260200488791 -14.68934138065404 0.5433654308805638 0.1596414826238938 -0.8241775327862464 123.45131505902955
-0.8445051979135707 0.08077423427415448 -0.5294209041720821 -82.40028329813869 -0.018945412194635594 0.9834357127157972 0.1802644455014578 -14.587022797986744 0.5352121467733484 0.16226435847898543 -0.8289862700392976 122.60122886494906
-0.84975265766259 0.08179297930209518 -0.5207977816122606 -83.63657124437856 -0.016514768237094066 0.9832757453730427 0.18137274048534108 -14.324526389758935 0.5269228437119045 0.16272282291668505 -0.8341903857493115 121.75871064180845
-0.8553829988235329 0.07675688065512087 -0.5122775679216841 -84.90990563164041 -0.01808828148659441 0.9839310849261744 0.17763004866537616 -14.312263483926854 0.5176801516346959 0.16120794455639495 -0.8402495219965201 120.84257934341687
-0.8600484511790825 0.07941084783872322 -0.503994621866143 -86.04737317364385 -0.014105273389216536 0.9837351642092211 0.17907028776676684 -13.859373163022186 0.5100173554763375 0.16111810557411718 -0.8449397926297061 120.05625015201069
-0.8638302812289478 0.08431955651344605 -0.49667641137997764 -87.00932849982597 -0.008879584398064987 0.983192154761214 0.1823577248073691 -13.349458762133523 0.5037046736063054 0.1619364048179973 -0.8485624329310055 119.3866100705969
-0.866434580676811 0.08996186589276792 -0.49111910988322405 -87.70551051669112 -0.0038813235629516565 0.9823904736727499 0.18679907003095717 -12.939456549021632 0.49927552787493834 0.16375536608649624 -0.8508279070076858 118.88947501387769
-0.8683399301364468 0.0918294338989409 -0.48739421498457564 -88.19133562057576 -0.0019599216960308613 0.9820670096406602 0.18852200742193817 -12.78337059197055 0.49596564844510765 0.1646564412504167 -0.8525880200408471 118.5151760431498
-0.8695388763052216 0.09337830237794233 -0.4849563230218429 -88.50331519945998 -0.00112941160729281 0.9815837553473312 0.19102893934598333 -12.821644370923957 0.4938632067924009 0.1666548045609356 -0.8534197730856032 118.2465917544853
-0.8705961009316412 0.09755301092981439 -0.48223006864063467 -88.8161956075549 0.0021126074632286454 0.9808777833910681 0.1946132342353215 -12.597572982191707 0.49199386777919296 0.16841076007296363 -0.8541544649296852 118.00552068714451
-0.8707634128893073 0.10157389041322057 -0.4810964805106029 -88.91288683164164 0.005888729248822146 0.9805146491564156 0.19635769823845914 -12.191034645987601 0.4916669621209055 0.1681480525489212 -0.854394423426795 117.94606634328693
-0.8706483951590772 0.10659943211557954 -0.48021654811091136 -88.9568948438446 0.010208486294366985 0.9799420185361399 0.19902117252918883 -11.765680602419536 0.4917999174608522 0.1683751804154976 -0.8542731646291762 117.92661288942067
-0.8707856961291912 0.10668718114660905 -0.47994803551612786 -88.99148140615812 0.010557181801273956 0.9800054813672199 0.19869021717894952 -11.69812856387107 0.4915494047694642 0.16794970041412371 -0.8545010712700081 117.87920527321286
-0.8697383669350515 0.11130086763587746 -0.4807985960302409 -88.80861370692024 0.01378207706237547 0.9793345655009403 0.2017767656766502 -11.4472896957304 0.49332061322531073 0.16886659136307552 -0.8532988028167036 118.01438161117605
-0.8694272440185519 0.11214197416165907 -0.4811657146861478 -88.7273115492226 0.014524658550725864 0.979280046316977 0.2019891709458837 -11.35707771360747 0.4938474477531401 0.16862612050493953 -0.853041575675631 118.0577057820555
-0.8684331428019678 0.11558047546476599 -0.48214627466613863 -88.55214297097721 0.01686480693134504 0.9787723335268553 0.20425547094157076 -11.17740683341841 0.4955193788039631 0.1692509167293726 -0.8519475760960891 118.1803303773332
-0.8679704463290474 0.1180907638961872 -0.4823710975812804 -88.4792831441287 0.01865509247489234 0.9783839353663443 0.2059535446206693 -11.036392636807832 0.4962653441699384 0.16976291261485763 -0.8514113351820098 118.22327990132919
-0.8678560857915077 0.11876032964491866 -0.4824124775099348 -88.46158190620307 0.019212228535123485 0.9783051010118399 0.206276560978044 -10.979860631014434 0.4964440599195012 0.16975015003482255 -0.8513096862680454 118.21866317243064
-0.8671499750330124 0.12099778225179689 -0.48312571603092364 -88.3259372632553 0.020331625483795572 0.9778316698775659 0.20840309592143133 -10.95554289815943 0.49763193808821454 0.17089400830514037 -0.8503867897139337 118.299894605736
-0.8666784067396407 0.12317713459835676 -0.48342107194802364 -88.24705535405775 0.0219395909184769 0.9775111421444432 0.20973941292421772 -10.817475498455172 0.4983845840729505 0.17117055966375738 -0.8498902551875908 118.34956537522666
-0.8661544124780093 0.12381675138991431 -0.48419618525977937 -88.13029132443359 0.022317969540656055 0.9774414701520431 0.2100240002061539 -10.782794173210718 0.49927792058177056 0.1711069387905129 -0.8493785807973279 118.41906942282309
-0.8650179113109278 0.1256682490503204 -0.48574839607754394 -87.88583760977902 0.024021808918817833 0.9773884368734143 0.2100828316698238 -10.555468002957126 0.5011656071674788 0.17005685710011922 -0.8484772828695427 118.60065094550379
-0.8640330460667525 0.12956520262650953 -0.4864768787650247 -87.71321371372737 0.028155122185766185 0.9772388665473369 0.21026527721899047 -10.0068096343538 0.5026471768540172 0.16797933199541504 -0.8480145987086899 118.75677521906304
-0.8621420984563831 0.13157788652481425 -0.48928341668902625 -87.29119449739758 0.030477909370694833 0.9774103894810235 0.20914116661945187 -9.624962394538402 0.5057490475617487 0.16539706863247827 -0.8466768631409314 119.08031012931401
-0.8590678989106879 0.13309886062683685 -0.4942540220989748 -86.57881242893616 0.0314959819251825 0.9775163176612622 0.2084942489099743 -9.448194083384415 0.5108917186486238 0.16354370059957557 -0.8439449684727386 119.59560949333532
-0.8558052667805759 0.1358250433879699 -0.499148177337435 -85.84631250001571 0.03215782591883534 0.9770165256715535 0.21072394927217084 -9.491709508576196 0.5162976075702862 0.1642871454294055 -0.8405037265020638 120.10195935501892
-0.8508724651488496 0.13819622600421783 -0.5068706454014781 -84.71839433244791 0.031044404403845302 0.9763233389245599 0.2140770488081553 -9.842580108521318 0.5244542811406255 0.16641676895490415 -0.8350168657002562 120.85608409669838
-0.8444132457463304 0.1440993545680702 -0.5159473291153015 -83.30698910660043 0.03368528337466949 0.9755183149341423 0.21732307496448752 -9.67951504837607 0.534632183928461 0.16613065111868316 -0.8285946141912622 121.83023501408653
-0.8352247817841417 0.1505026631593378 -0.5289125752670093 -81.29404798867238 0.037152939333888885 0.9750652223335908 0.21878635993680517 -9.297414277580701 0.5486521876311853 0.16308513291373866 -0.8199902538628266 123.19659027033995
-0.8237995542490413 0.15368286578737933 -0.5456517856494738 -78.74798846995267 0.038164484041911306 0.9754023174393054 0.2171031812107964 -9.059577018478215 0.5655950552974236 0.15802498504164317 -0.809401221598839 124.84159426326198
-0.8091451467430468 0.15406879082225128 -0.5670510904642919 -75.4822291331253 0.036489955034145746 0.9763267161171068 0.2132009066059348 -9.052284928401223 0.5864747349066107 0.15181881006830442 -0.7956119872310025 126.82819032225387
-0.7902039327821738 0.1571736932628304 -0.592346330082079 -71.40709547978278 0.036521707041101144 0.9769126974018757 0.2104940535259719 -8.885943710258168 0.6117547789191267 0.1446997297893553 -0.7777005070517171 129.16303905591826
-0.7680409642509912 0.15988035959396477 -0.6201220427049116 -66.74774214233818 0.035383843915798435 0.9774496867814791 0.2081828364696061 -8.901771253232559 0.6394224431642591 0.137950644894806 -0.7563785816315511 131.61522055814714
-0.7432655213643521 0.16195661126293753 -0.6490966190169255 -61.66309882435963 0.031933426257558864 0.9777370608393692 0.20738972045076093 -9.320676447071623 0.6682339568133536 0.1334177496790343 -0.7318900757847121 134.02918023306384
-0.7161569388257348 0.16425368564700604 -0.6783361745647415 -56.24792102186692 0.027234813588704707 0.9777493985436154 0.20800091003740165 -9.991794744043661 0.6974077027826272 0.13048693574060685 -0.7046954347095528 136.32792781553644
-0.6874794011209512 0.16439161387596332 -0.7073524371355729 -50.6321207142441 0.0206588669140024 0.9780740999009001 0.20722998412602983 -10.833922739673126 0.7259099697980514 0.12785324552118815 -0.6758019409246254 138.43396274321753
-0.6569925274921985 0.1656739393369283 -0.7354678542560488 -44.82773658912269 0.014769103946867174 0.9781959162594176 0.20715844897566904 -11.625010430341012 0.7537524078820707 0.1252393517948015 -0.6451142630371758 140.3426972857784
-0.6242068297585615 0.1648654408950428 -0.7636656467861113 -38.70608702247806 0.008816370220055408 0.9789048340546765 0.20412642523820984 -12.247524578583205 0.7812093863356414 0.12068434970148656 -0.6124925978640233 142.08610982299558
-0.5902896258183701 0.1651170709126726 -0.7901230983488764 -32.53785239897547 0.006476571399357839 0.9797918765553741 0.19991481350567447 -12.311791779529075 0.8071655416791018 0.11289035179907553 -0.5794303726907689 143.6045609294635
-0.5544319160939899 0.16683239085356116 -0.8153356387270407 -26.184837595872676 0.005867918903184763 0.980460271603063 0.19662966036636842 -12.197609742245504 0.8322083981456163 0.10423343595090945 -0.5445774259788732 144.8934900581163
-0.5177705104658995 0.17032185726950605 -0.8383937997314553 -19.854955307523284 0.005168468982868754 0.980586908768707 0.19601683927612784 -12.255259368474674 0.8555039365311271 0.09715852658257135 -0.5085992875457542 145.87778455399143
-0.4802632396920312 0.1746738523360668 -0.8595558538632568 -13.526655183272883 0.004097603522540891 0.9804063947099187 0.19694291268606454 -12.454959869811457 0.877114832987042 0.09106232218638347 -0.47156889553079795 146.57006382751854
-0.4423747786187932 0.17496154789412122 -0.879598210548695 -7.209234430271066 0.0009979425445966889 0.9808810074317356 0.19460589243489024 -12.73356336019648 0.8968297270678816 0.08521095010733959 -0.43409162008630514 146.9790749591194
-0.40338574847475467 0.17575807554673883 -0.8979916685624477 -0.8431672329830151 0.00043322945359151876 0.9814160361040769 0.19189157456752035 -12.64752211828613 0.9150299176746642 0.07701728999301735 -0.39596538586400326 147.14748275317766
-0.3626339011211683 0.17603757224914734 -0.915154318633895 5.687109494502219 0.0012257892784241081 0.982086470834872 0.18842680606471632 -12.333348859488972 0.9319308725427479 0.06720816140716493 -0.356353633125833 147.05305659288052
-0.32078609207064795 0.17921760124217428 -0.9300415767797926 12.22465836833873 0.0035084433621448835 0.9821533168372101 0.18804933674661528 -12.002752472740166 0.9471451704776922 0.05706061365485221 -0.3156898991258911 146.66810372650212
-0.276249582139409 0.18573873761208007 -0.9429672792404161 19.002503441228907 0.006336673708750712 0.981478401612774 0.19146799663114353 -11.82492822103135 0.9610650419894123 0.046917678095848236 -0.27230996409970676 145.9448320834505
-0.22943711063780003 0.19244826825973327 -0.9541081051463757 25.97955356379117 0.008542271030597987 0.9806183563951841 0.19574133111442543 -11.782154591917175 0.9732860020917887 0.036760075416640045 -0.22663418759654338 144.85470015293348
-0.1821461624225624 0.19536494297878282 -0.9636676369836389 32.93060419359128 0.010305986017453042 0.9803881362215914 0.19680673008858826 -11.607689052933612 0.9832174541610527 0.025916045432343965 -0.18058736506801107 143.43357518035896
-0.13301548211567232 0.19207054001826523 -0.9723249401175654 40.08303843917982 0.01022744747977282 0.9812562897494226 0.19243568573745776 -11.357379601428818 0.9910611892489706 0.015652523256302286 -0.13248666982050372 141.6060206218289
-0.0818274797967907 0.18661757879528101 -0.9790189695990027 47.39732439617313 0.008232017145421336 0.982406193318347 0.18657519991540206 -11.276693875936338 0.9966125111816645 0.0072076774582280345 -0.08192406204427886 139.31854808170226
-0.030905181428490337 0.18593395259479067 -0.9820760841367383 54.450910416482785 0.005887579710962057 0.9825622442276809 0.18584071842147343 -11.548700107343425 0.9995049805608868 -3.8610107967948504e-05 -0.031460965389517204 136.67585781072736
0.018241815652641588 0.19244728388659232 -0.9811377472538545 61.01543544367048 0.004820378183984272 0.9812726989542583 0.19256337720654218 -12.093699387800829 0.9998219842131191 -0.008242160620797773 0.01697252699047969 133.80800542788745
0.06589163730267396 0.19673868166363612 -0.9782393282171942 67.26273411966397 0.0013019617614519752 0.9803520970793164 0.19725128807629727 -12.847396352831781 0.9978259352357728 -0.014270840530295911 0.0643408585691416 130.68857660313765
0.1115020554050713 0.19663780943829534 -0.974115426189193 73.16625179530362 -0.004710941114857384 0.9803215044229261 0.19735134912075808 -13.663767545294451 0.9937530370641675 -0.017416080652076824 0.11023421184216631 127.37272001813723
0.15427782655402855 0.19177602570061827 -0.969236972159152 78.64630055069841 -0.007104170965578832 0.9811717265518214 0.19300666768329483 -13.726651795699958 0.988001965073277 -0.022891024044235778 0.15273545112235506 124.03633636426281
0.193224240745122 0.19025883316342124 -0.9625310224568165 83.49867703225118 -0.008624642427740803 0.9813101495140342 0.19223944965520914 -13.885690825088846 0.9811167149383732 -0.028843835806590085 0.19125382298008511 120.78337064657525
0.23050020206344685 0.19071093364197372 -0.954200710876971 88.02304094080652 -0.012053419986657626 0.9810905554082235 0.19317359331805262 -14.40337854236288 0.9729976217418701 -0.03302517037336586 0.22844029024336915 117.44211761219601
0.265543094172117 0.19958625375584396 -0.9432137575593382 92.07593496418136 -0.019805102269301295 0.9792598684341001 0.20163796269187934 -15.952865035047196 0.9638955457214236 -0.03486312358548889 0.26398852162975234 114.06151016587812
0.29977315599620763 0.20391091434377212 -0.9319637299571053 96.01210696776324 -0.022447244933317803 0.9781275790889549 0.20679110285620106 -16.616937777930275 0.9537463898432208 -0.04107040341982417 0.29779362958927763 110.64647223549044
0.33330018757781243 0.20560821611668179 -0.9201283858385798 99.8142457698423 -0.02053852738733758 0.9772831981589095 0.21094008506932138 -16.60666727397899 0.942597026227727 -0.05140828786887214 0.3299515632407832 107.20533908921938
0.36572181384220964 0.206268561542237 -0.907579657880927 103.42802585071001 -0.018424082215349927 0.9765461293859254 0.2145185548522306 -16.535533510933337 0.9305418357465107 -0.06173279274958998 0.36094453067590593 103.70883746932375
0.3959780125807171 0.20382903158878063 -0.8953519639975138 106.77243410395863 -0.01370726435369217 0.9762562141936336 0.2161849096312045 -16.000232720234173 0.9181576795172839 -0.07333164480559488 0.3893699338849144 100.32239384735152
0.423320973444861 0.19918972972391563 -0.8838115212047242 109.76831979952554 -0.011436742529129282 0.9766283538483858 0.21463051828599466 -15.601885833656903 0.9059075859942987 -0.08074967511950576 0.41570534709825013 97.07279326166031
0.447999731506211 0.19593707801746385 -0.8722986312200319 112.4038075898327 -0.013941796955710378 0.9771012334726328 0.21231770026049526 -15.800742630988143 0.8939249783220115 -0.0829568623095043 0.44047280520794163 93.94633613272369
0.4694582024690922 0.19424612270914146 -0.8613230752435196 114.6360541228479 -0.020293659143158616 0.9776169180340395 0.2094118644494798 -16.48130951960682 0.8827214529697746 -0.08083072055902481 0.46289224564777354 91.05865219014919
0.48772530700769745 0.19073246378327824 -0.8519067743382533 116.53363861474563 -0.024423172157083686 0.9784405576184283 0.20507945745277423 -16.777126838803003 0.8726554495137429 -0.07921617553567734 0.48186851315215445 88.53097252629317
0.5036848858659847 0.18754368110737532 -0.8432845921910733 118.16772705498175 -0.026246458084302843 0.9790225012492275 0.20205461015709436 -16.840761801255436 0.8634886560854166 -0.07963861955359065 0.49804119416710857 86.2936320584712
0.5177590108726053 0.18620322309196852 -0.8350173449518182 119.56605510882483 -0.02513413390207729 0.9789167803230323 0.20270720883821725 -16.729925708863515 0.8551572264637736 -0.08396604618624592 0.5115230406488406 84.33459519588546
0.5293977828083608 0.18688264397218873 -0.8275342077156421 120.6815046133559 -0.022589742413384226 0.9781952497351453 0.20645521774296122 -16.61192809493687 0.8480729279344367 -0.0906031499317807 0.5220760271523207 82.72125341068391
0.5399478562752548 0.1855175037170999 -0.8209991280862194 121.70924414139942 -0.02012234953520435 0.9779740038358925 0.20775451588443689 -16.358407456254568 0.841457903613092 -0.09565617405985616 0.531788014918812 81.21859743410968
0.5470749763207658 0.1828909666855338 -0.8168597582134063 122.42289684952763 -0.018712655368779196 0.9782682502314672 0.20649713585934468 -16.09419833079963 0.8368744271470379 -0.09768380057048517 0.5386084554603863 80.15922000142483
0.5519586564387139 0.17765713042291947 -0.8147266938012179 122.95901706954946 -0.021353090305735067 0.9797319804417078 0.19917151411324857 -16.009298132797365 0.8335980368959399 -0.09253750866358267 0.5445650763440237 79.3155765353797
0.553919269608171 0.1730664031591299 -0.8143841003201818 123.2089951900334 -0.022772432662161488 0.9809398918574902 0.1929723940704021 -15.828282757842674 0.8322588894493094 -0.08834562049234099 0.547302651439243 78.92599157273659
0.5536858118658771 0.16927577045529565 -0.8153390308792966 123.24100557563747 -0.02151330656666159 0.9817017960528986 0.1892056058024753 -15.433486000633417 0.8324477157029103 -0.08721982093124758 0.5471960375018515 78.91623606119327
0.5501580859517146 0.1656493770946676 -0.8184658602104883 122.96037270322012 -0.015473699415175443 0.9819815598832136 0.18834219037629185 -14.569092312547255 0.8349171486371295 -0.09095328425889408 0.5428083040947017 79.47890283350924
0.5449731126653472 0.16317508448926393 -0.8224221533213733 122.50765455879869 -0.007598514372682594 0.9818007259353273 0.18976194858873174 -13.596898917494892 0.838419089150033 -0.0971659732354177 0.5362948858548281 80.30830498365015
0.5390453389684295 0.15882321660672621 -0.8271670377880781 122.00537381387385 -0.002680442816201209 0.9823793693118708 0.18687854338237953 -12.76267850895087 0.8422724842725898 -0.09851883381924366 0.5299727366763088 81.16604693439841
0.5336409069704788 0.16251088213806786 -0.8299503573072499 121.4447624731775 -0.00521375303411116 0.9819773622946939 0.1889266437537455 -13.226672062617975 0.8456950982399177 -0.09649182933006498 0.5248705818442424 81.8888410618682
0.5284931343507373 0.15483460970963742 -0.8346982991358002 121.05019519674204 0.0006099587856138872 0.9831574358101985 0.18275963548167606 -12.07179923784923 0.8489373562839683 -0.09709634414940406 0.5194975120810562 82.60516027068087
0.5202489397850191 0.15351679227943035 -0.8401033478928636 120.27415397872629 0.005062337865915839 0.9831390489809824 0.18278945019913173 -11.475772680591291 0.8539996565502207 -0.09934890465930551 0.510699894022998 83.77473252263674
0.5127780793786261 0.15218643057025644 -0.8449248082871352 119.56644239347486 0.004393401281550316 0.983684967687978 0.17984599625757966 -11.386023345415559 0.8585099529614941 -0.0959331782804396 0.5037434723855652 84.75266980560791
0.507178242598931 0.15113688954458807 -0.848485633851892 119.0296789945822 -0.000132488815105275 0.9845171258325134 0.17528836638294382 -11.716118741556388 0.8618411760185132 -0.08879003075387609 0.49934568963569914 85.4137834289734
0.5008594894268728 0.14810249504830936 -0.852763403771244 118.44417955386524 -0.007215688813633964 0.9859317974314965 0.16699228918858422 -12.162697008533529 0.8654985301466417 -0.07748639734795033 0.49488195818804953 86.11610562513238
0.4966405132207045 0.1505536592359183 -0.8547992725304288 117.9977286313445 -0.010507250693563078 0.9858120261730391 0.16752386915144296 -12.633730165739866 0.8678927343345708 -0.07421755010293822 0.4911760956581458 86.61232904634547
0.49321940430031835 0.1487758998399722 -0.8570882981632905 117.67464990569293 -0.004533351259609367 0.9856928202132675 0.16849069085967988 -11.886493285561544 0.8698931359356711 -0.0792173958598854 0.4868372790216276 87.10586106174812
0.48987851574017094 0.14535475784824503 -0.8595877117473734 117.3834425246405 0.006057904736698705 0.9854110074963525 0.1700836502878073 -10.56480144811934 0.8717696608659931 -0.08852762662526374 0.4818511364702689 87.61922667175804
0.4860631077661421 0.13854415907329357 -0.8628720480206747 117.07400440936651 0.012167839874779096 0.9861853935807465 0.16519780010874804 -9.450652548909705 0.8738390005839184 -0.09079584502972624 0.47766255409424385 88.1104817070031
0.4834045945735883 0.1349377767039035 -0.8649345607404945 116.84809351068371 0.010314766200836753 0.9871017011560774 0.15976181387615748 -9.366810661791146 0.8753362802622583 -0.08615119263820664 0.4757776460318915 88.36896095783631
0.481475686279534 0.12985840801952123 -0.8667859928426898 116.70436062331817 0.0099227867107127 0.9880920160268141 0.15354382490989463 -9.0410173087221 0.8764032757957638 -0.08252855100328746 0.4744537242384681 88.54220300087816
0.48026139912672583 0.12108923037355865 -0.868726876985154 116.61469044419117 0.014491882281931066 0.9891943115891407 0.1458924236127866 -7.970590271777599 0.8770056863309191 -0.08265598712268432 0.47331703321981583 88.7127771633709
0.4791014936481844 0.11419482496492422 -0.870299546555845 116.61482887242434 0.02240963627511388 0.9895866231697859 0.14218341480439173 -6.6797736389501114 0.877473399588897 -0.08762338269349647 0.4715533647629431 88.76684711622562
0.4811302339859054 0.11800640101448755 -0.8686703559258113 116.77783537544047 0.02115613384279201 0.9890469846173531 0.14607696676802676 -7.081043591717762 0.8763938132743143 -0.08865975151628427 0.4733638479178326 88.46667047899304
0.48376836004210505 0.11838158745809627 -0.8671527971315515 117.02524111883596 0.020530250660980902 0.9890021054292575 0.14646960184384067 -7.185016561184644 0.8749552460726032 -0.08866022336649634 0.4760175229575414 88.07503812740599
0.48576704868407755 0.11615018729390233 -0.8663368331107435 117.25250813016739 0.01741157886918255 0.9896494653519212 0.14244568315655795 -7.355008693566007 0.873914876480566 -0.08427971120173393 0.47871674186903995 87.70776160134434
0.48927676097223893 0.11622912873274704 -0.8643489114972847 117.59427254215662 0.015306357551964911 0.9897826269712808 0.14176059665619753 -7.591596049577906 0.8719942468795341 -0.08259019905446546 0.4824985931887655 87.1734955583792
0.49232799348461864 0.1145762238589546 -0.8628356945314862 117.90741461167914 0.016784942885501523 0.9898641986803148 0.14102174961086192 -7.346679264353335 0.8702479029125781 -0.083911602875889 0.48541469938503035 86.7142176059418
0.4956655656967207 0.11890837675275984 -0.8603350771185455 118.1918585116109 0.013744623822032877 0.9893854657234383 0.14466335241244002 -7.96582618126475 0.8684047053641181 -0.0835296244049902 0.4887699556521663 86.21882044537742
0.49730795183332915 0.11657872370846813 -0.8597058812302285 118.36860453318482 0.013380668150282146 0.9897822839509633 0.1419576982648924 -7.851400424232226 0.8674708979344443 -0.08210013127467497 0.4906666991772418 85.93535095954776
0.4993867131599978 0.1140942448537724 -0.8588337522538931 118.60533309269792 0.011963201236997706 0.9902882251659306 0.13851394483543486 -7.831956053946499 0.8662965961698206 -0.07944642464553223 0.49317184943549297 85.5570661892136
0.5011727009834269 0.11621036733588747 -0.8575086438705062 118.86009961218227 0.011272720987799106 0.9899807810263571 0.14075147942375266 -8.051664961730856 0.86527385812268 -0.08020725479719357 0.4948413349017949 85.12858478705083
0.5024576700751198 0.11585807543309393 -0.8568040593622451 118.88845944843727 0.014885026601690506 0.9896750779310184 0.14255411640952215 -7.684013739550645 0.8644736697932153 -0.0843809604067893 0.49554528325378977 85.08547378979976
0.5041188281781686 0.11509705258190672 -0.8559304151408734 119.05715104970598 0.018186883204356845 0.9894451094590929 0.14376234780635175 -7.315498018103805 0.8634427858031944 -0.08804001280350408 0.4967046524746648 84.83494534216038
0.5052198500217194 0.1139189989212466 -0.8554386972944421 119.18638633269723 0.016494641769981333 0.9897932875611204 0.14155272760292875 -7.4028814463660515 0.8628330255251657 -0.08562540267776832 0.49818416321613307 84.6012081240796
0.5059246706387649 0.11341537028640714 -0.8550889903523811 119.2504378319718 0.01685264955610715 0.9898293824889725 0.1412578555848789 -7.341317888311506 0.8624130192906392 -0.08587634915561225 0.49886775483459245 84.476080090307
0.5074167297653289 0.1137629002334927 -0.8541582200533595 119.38564931935223 0.015882617204546985 0.9898437447501678 0.14126961261962429 -7.470741445121124 0.8615544119932257 -0.08524883289188931 0.5004564233433094 84.23314244141946
0.5102695076754353 0.11261821374206826 -0.8526090355316526 119.67948232209747 0.017258113729069775 0.9898485666505776 0.14107435135527413 -7.275206557817088 0.8598413731887896 -0.08670036351332484 0.5031459628373003 83.79303551006792
0.5168388592121814 0.11047628950540517 -0.8489243682833992 120.32425338820664 0.014366440851541394 0.9903793359633293 0.1376313055743277 -7.445576697299851 0.8559621481032381 -0.0833292286892943 0.5102793751079278 82.79847549108267
0.5194813022693593 0.10938765461134925 -0.84745118892545 120.58938754325501 0.013799171013732146 0.9905687687628504 0.1363198343271591 -7.439536726772623 0.8543703877545524 -0.08250972894318885 0.5130724950315083 82.37904608168252
0.5240023955284686 0.10828936052613522 -0.8448046542705994 121.0490213468588 0.011984590388016692 0.990848810207392 0.13444331483501548 -7.563266017368674 0.8516324671321882 -0.08057325677565942 0.5179093465259205 81.65284066243318
0.5306704845783511 0.10720248982887345 -0.8407713499946751 121.66897064401932 0.009847076023780425 0.9911222999549537 0.13258816548163305 -7.733359407984657 0.8475210156044274 -0.07863976542750686 0.5249037201262216 80.6696645003002
0.5385436086816939 0.10472646579763596 -0.836064081820069 122.43081734720116 0.010482422895007185 0.9913364280837826 0.1309282443338233 -7.546404241323876 0.8425324328228253 -0.0792745464548596 0.5327801102950706 79.48809964216335
0.5473769633397398 0.10447577370537894 -0.8303392515795142 123.25528591870517 0.009854124118522663 0.9913036553645678 0.13122484177434932 -7.647149316012726 0.8368281521571929 -0.08001172145072691 0.5415872673795696 78.15977109754463
0.5579870857682889 0.10374458150676327 -0.8233392216600632 124.25858108349833 0.0096665729514833 0.9912748210757383 0.13145640520201732 -7.684934498775657 0.8297933293797835 -0.08130984509424347 0.5521156940420769 76.51958492181275
0.5718601862131946 0.10338251159144243 -0.8138107788185506 125.5000400557202 0.01022160217955858 0.991052443004441 0.13308108078841382 -7.708797953938448 0.820287416868681 -0.08442222167163548 0.5656866996977497 74.4316381618604
0.5872709887625804 0.0993629500244092 -0.8032681930216505 126.90674246941067 0.012691389285214752 0.9911835787503644 0.1318864733535279 -7.3061749960063205 0.8092908713162603 -0.08764768894880484 0.5808323064586725 72.0213099478497
0.6026666403796127 0.09461988406966243 -0.7923635517312706 128.29300747415482 0.01680924364969113 0.9912198527105043 0.13115125969845426 -6.715166179035027 0.7978160000285002 -0.0923595210642071 0.5957846498251818 69.55932074781036
0.6232265457582344 0.0893118588685756 -0.7769247483042994 130.08316023409128 0.020561043029690765 0.9912426690922674 0.1304423799245044 -6.173742609746816 0.7817710126192903 -0.0972695370415485 0.6159323996932881 66.17259147052008
0.6448092508385799 0.08812063164522752 -0.759246853343124 131.8691553240648 0.018507078779633437 0.9912407456698614 0.1307641853066096 -6.464189618333155 0.7641194396611264 -0.09836939769208218 0.6375303471440894 62.48230842198328
0.6665695201779925 0.08342503691451444 -0.7407599732609024 133.63247239652028 0.01907071589756352 0.991484273643632 0.12882252486469076 -6.271136937949828 0.7451988879251198 -0.09999599158551983 0.6593022213689207 58.61233970235092
0.6903756723197202 0.07803852649510493 -0.7192297403831178 135.4795987808751 0.018065490180519696 0.9919953900347609 0.12497513438408568 -6.167344804196483 0.7232254621718126 -0.09927303023608948 0.6834396800992115 54.19113292210399
0.7150713141290178 0.06902902079665359 -0.6956349689295779 137.32217832330952 0.020925269656048448 0.992553022633138 0.12000262643643743 -5.4847054035062675 0.6987382548562954 -0.10036678509186524 0.7083017433627438 49.39337474983099
0.7424701691682308 0.0605271385070634 -0.6671390510226827 139.21947068294037 0.023140345750352925 0.9929977828373162 0.11584441151271978 -4.93649480059362 0.6694793292506147 -0.10144884811727041 0.7358706128945673 43.80100785661891
0.7701272892642803 0.051595116435923835 -0.6358002062679872 140.97742428513158 0.026307064945156874 0.9933066216666159 0.11247174617309771 -4.309421098316009 0.6373475477825444 -0.103343598317544 0.7636152198734382 37.815837558794854
0.7970284068010034 0.04048535447221799 -0.6025833177457812 142.5215873861217 0.030423982646265262 0.9937922869270557 0.10701061500726163 -3.42935047608888 0.6031750160875317 -0.10362348439205986 0.7908489574187061 31.5890039859456
0.821879719986233 0.029178194621123303 -0.5689133139890497 143.7650767083604 0.03366517626857184 0.9944541336575261 0.09963750277011783 -2.54791100465549 0.5686654392366017 -0.10104260987381068 0.8163393958444806 25.422433912202518
0.8452945289549225 0.02106437871750385 -0.5338852416653989 144.730524661969 0.03541623111385584 0.9948160311713026 0.09532447061624823 -2.050917679618047 0.5331255479646101 -0.09948545659453743 0.8401665275608228 19.22173456442128
0.8677672236596918 0.01542034586590741 -0.49673157587909206 145.4365887421619 0.036240748636805126 0.9948938218418497 0.09419602645102228 -1.8718243823413598 0.49564771126294355 -0.09974214853457676 0.862777404737463 12.841297609251736
0.8886480590581527 0.010785481961912584 -0.4584629761616823 145.86154014799973 0.036711650590346076 0.9948417533445811 0.09456289184036194 -1.831520356537433 0.4571180174124734 -0.10086406288232151 0.8836682403344372 6.425835827817686
0.9080729689312598 0.0046027153697816015 -0.41878669762492715 146.00711053142476 0.0384513759688363 0.9948001141751038 0.09430919638775243 -1.5850569401665384 0.41704313300001783 -0.10174255672247101 0.9031741124329817 -0.10959412636531296
0.9259268960313429 -0.004055539151262853 -0.37768099741442546 145.85784832334582 0.041362038418257356 0.9950171961722408 0.09071913303939297 -0.9782599616665986 0.37543117209902704 -0.09962094119072079 0.9214809293157541 -6.783965773018083
0.9422696705665273 -0.009821145484480279 -0.33471093951620523 145.3900734699738 0.041585253227044296 0.9952638534936867 0.08786653881279186 -0.7739809195560464 0.33226274940849254 -0.09671301375859367 0.9382153581802204 -13.559391924936467
0.9570450335853503 -0.012448334555357179 -0.2896719569727342 144.5832284609192 0.03903619596036505 0.9955136407563692 0.08619029221984702 -1.0082569683516645 0.28729945891797226 -0.09379568238888474 0.9532373213794368 -20.472987598353615
0.9701304678529373 -0.014254107380214145 -0.2421646046932424 143.3981690163274 0.03611295055555529 0.995634631510551 0.0860670397946936 -1.387057713653269 0.23988065813152393 -0.09224153597833612 0.9664102487529529 -27.5973747084748
0.9810154566930916 -0.01810820878862901 -0.193082279103268 141.825113307343 0.03605451464508301 0.9953032232073028 0.08984189360683274 -1.6260917190941002 0.19054853896829635 -0.09509777414651395 0.9770607287417841 -34.81690230991681
0.9895173629925658 -0.022546016574752758 -0.14264314029370584 139.8525328729596 0.03638053759191427 0.994799333168889 0.09513539410365171 -1.9082628055113815 0.1397563766729883 -0.09932755842838778 0.9851914490675876 -42.0737709194299
0.9955945464797895 -0.025164532684527122 -0.09032300545526346 137.4393562946577 0.03420429896365425 0.9944019628760834 0.09997400742491755 -2.4936898783633508 0.08730157474013368 -0.1026230116638655 0.990881906447449 -49.40312791094114
0.9991246454298368 -0.02933141618605048 -0.029826346058872973 134.59221245119556 0.03234102681911448 0.9938385065769397 0.10601453121720411 -3.0861321079661708 0.02653301488689646 -0.10688634557060561 0.9939171536157191 -56.71173945835665
0.9991962953767441 -0.037142761263022316 0.015072444763487479 131.4348806244736 0.03531790897137769 0.993609259115218 0.10720674188873089 -2.7931423437959517 -0.018958075094263435 -0.10658825210249775 0.9941224954211904 -63.74207856138722
0.9966749351635058 -0.0466032678000219 0.06683718311823847 127.91822342079273 0.039372861297798226 0.9936194296004573 0.10568919960755781 -2.1603462556079354 -0.0713361858389264 -0.10270620502589557 0.9921504845733499 -70.5985416158127
0.9916874349977215 -0.05289975417248384 0.11729299755795597 124.15056130978064 0.04080388936753662 0.9938202232558381 0.10322987193733259 -1.819628290886929 -0.12202898786813615 -0.09758575642073507 0.9877175437662689 -77.08171745388833
0.9844680925086121 -0.05931191809541077 0.16524125152121683 120.24014931945503 0.04285861288090795 0.9939203159943889 0.10141767476894095 -1.4343107107480775 -0.17025191374659854 -0.09276045399553354 0.9810248641294284 -83.09937279507578
0.9755340572880632 -0.0651593980729886 0.20997036913301786 116.29937257429381 0.04512811281164489 0.9940813002621208 0.09882217313553984 -0.9727976759847559 -0.2151668108820443 -0.08692882900359908 0.9727006847858768 -88.57958635741527
0.9650325009086358 -0.07136126497378284 0.2522297406162991 112.3019466790337 0.04763915214982637 0.9939521152196984 0.09894293220201736 -0.6470328774055445 -0.25776497700903755 -0.0834671343202153 0.9625956856935842 -93.6415069622438
0.953449091376258 -0.0781064040663095 0.291263145278661 108.35964189314117 0.050112475947530155 0.993482946676397 0.10237369983346055 -0.530662550592431 -0.297361009394635 -0.08301219372485984 0.9511495181015391 -98.22141293808225
0.941595380902063 -0.08323362130238526 0.32629787456983234 104.62561315761982 0.051026777231434145 0.9930491768091217 0.1060641336366786 -0.6372290095161646 -0.332857937669019 -0.0832195693549104 0.9392976613444274 -102.2346029472562
0.9302104679584002 -0.08573534407435493 0.3568724367012197 101.22596530044265 0.050630171370191955 0.9930130016133818 0.10659157740556602 -0.722170453100885 -0.3635176351260542 -0.08108408847137488 0.9280518840825265 -105.64704871524289
0.919887475376852 -0.08814888813364427 0.38214762352473663 98.29358815693246 0.05126298135796184 0.9930787304942726 0.10567280531043517 -0.5810414999428055 -0.3888176171254266 -0.07761706359226782 0.9180394610539457 -108.42785165066623
0.9111379720821892 -0.08950771943049839 0.4022635504147835 95.92187595994969 0.05270252199358934 0.9934208238829724 0.10167355040123117 -0.13928241683288917 -0.40871755529395987 -0.07143832891401959 0.9098607174488309 -110.58062165796424
0.904205085072878 -0.09015085586422598 0.41747573260645576 94.02523029163163 0.05378693695529223 0.9937228749994107 0.09809084114163277 0.22442939063144987 -0.4236981585295324 -0.06623949644927238 0.9033782151285419 -112.24604396865458
0.8991529168693342 -0.09056226590207575 0.4281617779298498 92.6930171312336 0.05432524774778566 0.9938846245147188 0.09613594858520963 0.41763084468259515 -0.4342496972278852 -0.06318092392422012 0.8985740766957235 -113.39683910621756
0.8952066863063143 -0.09126942777246247 0.4362050897760771 91.66998371223119 0.054532484925985086 0.9938825278121064 0.09604024675944277 0.4531289239433349 -0.4423021556360147 -0.0621885235707096 0.8947074329946242 -114.27566266778332
0.8927515683332651 -0.09130286943650884 0.44120111431313863 91.03325246384492 0.05410653431598808 0.9938908305440048 0.0961951137265356 0.3879108898849074 -0.4472886318506298 -0.06200647541352543 0.8922376795585264 -114.83422855616142
0.8911595384550146 -0.09074260149103477 0.44452272978474855 90.61451192414144 0.05284301780953209 0.9938855241378142 0.09694937017889202 0.17316336035897925 -0.45060214434623674 -0.0629074334553685 0.8905056778744488 -115.21653816542691
0.8906672984450681 -0.09063000552824288 0.44553110506283927 90.48747091558961 0.05269487513740784 0.9939043317256936 0.0968371287841368 0.16100572476349506 -0.4515916447575365 -0.06277245793222663 0.8900138228759876 -115.36728330797786
0.891014774173383 -0.08994837223582847 0.4449741144570998 90.56621561843376 0.052473358322572605 0.9940107905225201 0.09585976732261381 0.19320123812223622 -0.45093150130713444 -0.06206318278109496 0.8903981932101919 -115.35843785352507
0.8912146695796633 -0.08766322298929803 0.4450298552469711 90.58622379073063 0.05086213394520141 0.9942722816759123 0.0939982618005022 0.09705870002354412 -0.45072104017513076 -0.06113746172441224 0.8905687815757659 -115.39458837739842
0.89166006810741 -0.0844112875862806 0.44476629534027756 90.65816846981083 0.04774763747613729 0.99451833092451 0.09302393547132914 -0.25515499419662785 -0.45018050386276853 -0.06170918880647248 0.8908027222447802 -115.39090540982247
0.8920190523955515 -0.08274032211127022 0.44436026966895403 90.74080784167114 0.04606382197825643 0.9946251348949712 0.09273060627385053 -0.4602700386469573 -0.44964445339412096 -0.062248535180224406 0.8910359057859669 -115.38025604279058
0.8923200527444776 -0.08282305875464799 0.4437400865468625 90.79709960253683 0.045916509292526685 0.9945785144491095 0.09330194408795446 -0.5164400183675062 -0.44906190847641725 -0.06288019986233022 0.8912852982186968 -115.39031038944337
0.8926207258673831 -0.08082762259608711 0.4435032527247694 90.86004411130251 0.04468250412785524 0.9948138409762471 0.0913722913521942 -0.5601569169272747 -0.44858857940974195 -0.06174396511036988 0.8916030334154316 -115.39454255063416
0.892957067833033 -0.07925505014628677 0.443109819382669 90.92783497683544 0.04341846273880806 0.9949530712288399 0.09046116927001158 -0.6699936929417515 -0.44804298019322963 -0.061538793282030824 0.8918915095576146 -115.39598717062285
0.8933326998418056 -0.0793307672972108 0.44233846402204996 91.02602093473452 0.04279279696343902 0.9948394812915955 0.09199555962933798 -0.850105656485541 -0.44735384643634896 -0.06325374157711927 0.8921174251493458 -115.37338579784952
0.8937182415167888 -0.0761023794316847 0.4421268286645528 91.08962923963904 0.04029647256612724 0.9951410384367819 0.0898360056864208 -1.045135739972239 -0.4468152851893792 -0.06247192540493025 0.8924423563778977 -115.37612521092669
0.8942316254060959 -0.07561329311827347 0.44117165596554564 91.21877799568257 0.03967390650954246 0.9951383963912765 0.09014185026984224 -1.14728653194151 -0.44584277639751413 -0.06310469025047687 0.89288410043104 -115.32988744552046
0.894557799800183 -0.07241052273356026 0.44104768337914246 91.26743036679602 0.03727335475049742 0.9954379291290606 0.08782952964061126 -1.319887050328559 -0.44539537474282254 -0.06212926402831433 0.8931757468208599 -115.34737802109055
0.8946606991716908 -0.0694861105941684 0.4413093175904135 91.2628424584565 0.0343099644755442 0.9955993406530796 0.0872053853201734 -1.6740923737096256 -0.4454268286658408 -0.06287792399282928 0.8931076681895882 -115.4044394991402
0.8943408186232322 -0.06794515829256922 0.44219673857789193 91.1636625410628 0.03234446028578773 0.9956334621450585 0.0875662317669627 -1.957401232464212 -0.44621557125804995 -0.06401144055277962 0.8926332950575001 -115.535904540577
0.8931863698829905 -0.0655726069424222 0.4448801432678473 90.83831815151765 0.028947447481726292 0.9956435461457296 0.08863393426137105 -2.476287929093296 -0.4487540015861011 -0.06628847740845274 0.8911934042750376 -115.84053080375215
0.8922669409338967 -0.06418921251636317 0.4469221980535262 90.58640812895958 0.027426875556823875 0.9957203924454608 0.08825342240076528 -2.6539789271698635 -0.4506744641242242 -0.06648793172288162 0.8902088981365872 -116.09414331423112
0.8905738599307678 -0.061365259610390896 0.45068004717422605 90.12109742473281 0.02570921394362261 0.996064348030955 0.08482246695345295 -2.6657786710231255 -0.45411148006454793 -0.0639540420506625 0.8886465237533807 -116.51676133509156
0.8881423837882964 -0.06013363369566581 0.45561722115982173 89.48412590353986 0.0261190884020065 0.9964047453639171 0.0805938995043407 -2.343488182105804 -0.4588255652640669 -0.05967855154762961 0.8865199214599108 -117.07516511987139
0.8852019760417383 -0.05952854615601992 0.4613825027071922 88.72709480508613 0.02586751066367801 0.9965431417451496 0.07894706158414733 -2.2723953891387616 -0.46448717259345934 -0.05794927810816328 0.8836818135861327 -117.71333759022431
0.8817281886234329 -0.061815551362292304 0.4676903238218809 87.86657075463798 0.026587409176843515 0.9963137451002237 0.08155998404628062 -2.341468255457686 -0.47100797345703516 -0.05947906298978031 0.8801214291254104 -118.41866726453252
0.8782224002074231 -0.06305016622743645 0.47407815000546627 86.99583076864644 0.027333743530347877 0.996268637987579 0.08186371251654365 -2.261385838585752 -0.47747071348778025 -0.058936215530578234 0.8766688315780387 -119.12490656012925
0.8743606889162009 -0.06552591673674873 0.48083234075277764 86.05418024136426 0.031124330090254 0.9963739782284176 0.07918441504304889 -1.5848214766024822 -0.4842774636036861 -0.054270155196807675 0.873229688283956 -119.8824130595468
0.870753191929501 -0.06791389519419963 0.4870077839050799 85.18336457069843 0.03487116545565822 0.9964513085155122 0.07660803859574672 -0.9205105453964547 -0.49048229383368147 -0.04972416512395739 0.8700313941682654 -120.57437423381513
0.8669431257943818 -0.0691671893889563 0.49358435606276957 84.25840363527003 0.034681045697337654 0.9962950088768612 0.07869866807255568 -1.0784875016495676 -0.49719899608426993 -0.051109247686572046 0.8661298996650022 -121.28523244811005
0.8628312734994026 -0.07006454557062679 0.500612777429203 83.26246742898263 0.031434427800164325 0.9958678449416114 0.08520042347445787 -1.9231188602570974 -0.5045136967618177 -0.05777711368121687 0.8614683597871673 -122.02400786236616
0.8592730283548041 -0.0716164534881468 0.5064789692887003 82.4160166584102 0.029715131814602426 0.9954670214302108 0.09034611328720771 -2.4784134920252936 -0.5106533791949338 -0.06258188903064749 0.8575060544871685 -122.65339197290582
0.8549747668541835 -0.07187407753674183 0.5136655186216778 81.38380426037673 0.029539509213748857 0.9954922128012433 0.09012586558527391 -2.487901361370531 -0.5178277372235341 -0.06188191359619091 0.8532438475205245 -123.40416825934368
0.8512997037700596 -0.07338141326618615 0.5195228412188112 80.52118612084928 0.03170382274943051 0.9955564122503578 0.08866959822999299 -2.1043769112517365 -0.5237209963177737 -0.059013542634321486 0.8498433501544067 -124.04164169119277
0.8472780399327517 -0.07216542137219654 0.5262243580507155 79.5547925270787 0.029910591090356792 0.9956375985512464 0.08838059114835344 -2.3250709657557493 -0.5303067787501305 -0.05914325244083436 0.8457403833933792 -124.72436969559159
0.8436848722042674 -0.075614710983072 0.5314868313482618 78.74127216682929 0.03251561863147459 0.9954106771038215 0.09000176916441222 -2.0794422868680518 -0.5358531244274701 -0.058651507999864155 0.8422715890083555 -125.30944311754567
0.8398610003876865 -0.07830276413111625 0.5371239867639699 77.87158279764172 0.03449623462291322 0.9952396620656105 0.09114836722821852 -1.8864438101452536 -0.5417042641743144 -0.05802320381499139 0.8385641287310164 -125.92048628956692
0.8360270189291965 -0.08052873521002024 0.5427466687376675 77.00006249310205 0.03602759239500729 0.9950932495416687 0.09214899512648907 -1.7452298077683015 -0.5475041883004915 -0.05748519393789099 0.8348260994191203 -126.52205603885456
0.8328962514240956 -0.08249864287527336 0.5472456562526814 76.2940324655333 0.03786156138898353 0.9950042141107394 0.09237486709629517 -1.5140054658282829 -0.5521325352964431 -0.056219105521237815 0.8318588075157429 -127.01670733804964
0.829798631676639 -0.08484564341847223 0.5515754233651848 75.60195125323337 0.040694819715356545 0.994943317603862 0.0918244324989545 -1.0992703467836271 -0.5565771846886216 -0.05374952602884869 0.8290553817060485 -127.49812675989575
0.8281516708362892 -0.08750922233863875 0.5536306946844164 75.25096059402183 0.043155012990597624 0.9947600864767066 0.09268233492223095 -0.8243385237242271 -0.5588402767740029 -0.05286309070175456 0.8275886893237571 -127.77257815251188
0.8269321910588583 -0.09202197262742808 0.5547207477139762 75.01996446551357 0.04464044177071287 0.9941479935902039 0.09837173272382443 -0.9908586906810645 -0.5605268792387315 -0.05658377324223646 0.8262008800870159 -127.96699999476006
0.8259839834377362 -0.0955451800090378 0.5555371973876909 74.84101102185362 0.04760446163140198 0.9938331706288996 0.10014711274167047 -0.7055430369669328 -0.56167986819639 -0.056273861914294135 0.8254386580044194 -128.13424982275987
0.8253711167231966 -0.09723880726740528 0.5561538762252007 74.71928315757229 0.04931716788828756 0.993708819104762 0.10055147828300548 -0.5033751004670644 -0.5624325174014941 -0.055564351833092385 0.8249741003054499 -128.26541103292283
0.8243258899401361 -0.10013230545726173 0.5571896881477764 74.51236986396147 0.054202313324962496 0.993671378683024 0.09838343568101784 0.2900187472910172 -0.5635148058433116 -0.050899043114699255 0.8245364461352711 -128.44465413381607
0.8233589018342093 -0.1027993995238883 0.5581329610656343 74.32230289408567 0.0568091659595024 0.9934472958741674 0.09917252131155291 0.5896496084611551 -0.564670556548994 -0.0499475102265638 0.823803622709209 -128.60975904538853
0.8220653912802913 -0.10569214054172321 0.5594976889021885 74.0608789460596 0.05733170561480688 0.9929919341575468 0.10334454136214064 0.39157192763238746 -0.566499398049529 -0.0528790140392453 0.8223638135787339 -128.8160719229441
0.8212429789091681 -0.10935633976944774 0.5600010361995992 73.91854084401231 0.05923870754249967 0.9924991383079163 0.10694033844503098 0.41674112369018235 -0.5674951498656969 -0.054650264503227054 0.8215610771382962 -128.9519410356365
0.8217824271830603 -0.1120899527866462 0.5586675978230755 74.07800640326451 0.06200560586414329 0.9922294238785507 0.10787064119147463 0.7283950618103349 -0.5664176438058217 -0.054005674460437685 0.8223469097111842 -128.90944619582157
0.8223602835553294 -0.11331814270657317 0.5575684375611042 74.22419693937205 0.06583265980065248 0.9923349997415594 0.10458159107362458 1.4584649147384072 -0.5651456670048615 -0.04929753362443192 0.8235169265073902 -128.8702878466771
0.8242684842105427 -0.11701484058175887 0.5539756249338773 74.71338506733156 0.06791361349987363 0.9917803063825681 0.10844152789908966 1.4880783149702397 -0.5621113831249499 -0.051762447346747606 0.8254401504688459 -128.63585068043793
0.8262347252647696 -0.11732253417628 0.5509733221682391 75.17059082771185 0.06674779662497923 0.991571054221157 0.11104762976513168 1.1650057836941465 -0.5593575872484087 -0.05497515261642265 0.8271014582156411 -128.42069876914047
0.8280516396674585 -0.11629744998561045 0.5484572774345124 75.57491174732706 0.06512526595254031 0.9915792769878946 0.11193407516379875 0.8916594958628036 -0.5568565181253105 -0.056968768417515296 0.8286527485300144 -128.2334541727585
0.8292334598617602 -0.11808416254339593 0.5462856392054611 75.87238621499093 0.06595525539837183 0.9912711976530575 0.11415479398084291 0.859495322782279 -0.5549970930834052 -0.058630565918281814 0.8297835159902082 -128.1059778604719
0.8301896161472974 -0.11965567351280622 0.544488494862288 76.11665486428696 0.06823107582937323 0.9911599748676432 0.11378235588850893 1.1903001540946239 -0.5532899073111396 -0.05730989457824634 0.8310149544088006 -128.0056930699791
0.8319306856016326 -0.12098007064936706 0.5415303840599083 76.54259812742949 0.06963594722863717 0.990989739811274 0.11441228274251802 1.33862059731736 -0.5504926604487729 -0.05747310757613149 0.8328593354808328 -127.79639503562306
0.8319754453201808 -0.12295004154930939 0.541017694412401 76.57977016998389 0.07123044421129546 0.9907369227461726 0.11561389935862385 1.4769362526363756 -0.5502209394431918 -0.05765099470492743 0.833026578572247 -127.81997215986037
0.8326163988191249 -0.12541778212213867 0.5394629851482267 76.76530557961662 0.07204195096929476 0.9902731016677799 0.11903420270582957 1.365146339672588 -0.5491446892377361 -0.06024586326743562 0.8335529654683929 -127.75527411135357
0.8341051025321793 -0.12849796723184748 0.5364298186595016 77.16183137165373 0.07436192472282457 0.9898052140782233 0.12147403975779962 1.5196701842045612 -0.5465701986765283 -0.06143216259294117 0.8351569357419327 -127.55983422138246
0.8348894307189173 -0.12932669111188366 0.5350086405282567 77.35533689537677 0.07641481485238635 0.9898259502877582 0.12002234878559848 1.8901508754148397 -0.5450875292509613 -0.05932280424076195 0.8362776993033442 -127.48211400837269
0.8388900365158921 -0.12427073245834416 0.5299247981446347 78.22401327419378 0.07414734618639865 0.990603079879486 0.11492479796280222 1.9150270721004643 -0.5392269259670548 -0.057116750498809016 0.8402213988732835 -127.00715934841831
0.8409035487724249 -0.12392835934359064 0.5268045020805611 78.69425331548646 0.07708617198806963 0.9909306581704135 0.11006431204607975 2.626837328915288 -0.5356668215879791 -0.05194412814127252 0.8428302698654547 -126.75186784205535
0.8425428219727299 -0.12257776952993275 0.5244962188226864 79.06179151109411 0.07640015440182864 0.9911123455580104 0.108900573413898 2.611412380896202 -0.5331834670632666 -0.051681804337365515 0.8444195530367761 -126.57220979010566
0.8440981892962135 -0.12197642522775504 0.5221302505271185 79.42348416750087 0.07551442319897639 0.9911187781028546 0.10945839200733015 2.457460720343446 -0.5308444392812074 -0.0529652657933701 0.8458125453690422 -126.39846919320178
0.8457570048446913 -0.11894978157629517 0.5201404024098575 79.77286856830376 0.0718592966914443 0.9913455939933926 0.10986425601121827 1.9397434275456344 -0.5287072254425391 -0.05554154060556115 0.8469851279875066 -126.23687972536995
0.8472397970795824 -0.1195371253301883 0.5175863231503925 80.13849573826461 0.07190577185999032 0.9911917247307972 0.1112138696314742 1.8591881682311977 -0.5263214666131022 -0.05700737226870198 0.8483724849906735 -126.05810767211608
0.8480985885080653 -0.1198055504358701 0.5161156985167041 80.34816875464172 0.07150250184564011 0.9910688504026948 0.11256076577251584 1.717425341056853 -0.524991596504593 -0.05855906288730314 0.8490904897319952 -125.97666355169623
0.8491124582896455 -0.11947557262591438 0.5145227115716319 80.58745364016342 0.07073843848702482 0.9910297686450359 0.11338461526937404 1.561567656812603 -0.5234540156477284 -0.05987975622091676 0.8499472385373055 -125.87724815410668
0.849394136664415 -0.11793942402152405 0.5144121818751811 80.62996213043819 0.06915904617487992 0.9911791262097778 0.11305293493847172 1.3707035133544203 -0.5232080149732935 -0.0604502442302151 0.8500583162584867 -125.9031280235593
0.8506146451678981 -0.11599209957862008 0.5128358004870901 80.89662556148045 0.06814176907286881 0.9914566605848274 0.11122225267275608 1.3548995040817113 -0.5213553727866538 -0.059661738302919584 0.8512514624064755 -125.78303714064764
0.8503981671029471 -0.11658278680969306 0.513060826031021 80.85223120548636 0.06930344070431846 0.9914657799812663 0.11042028904455173 1.564538001165217 -0.5215553570758247 -0.05834433087991489 0.8512202702941725 -125.86220744340861
0.850598506703493 -0.11624829973727814 0.5128045565339485 80.89424351347384 0.06972258037352462 0.9915790138857236 0.1091321263765781 1.7069317829179127 -0.5211726606220295 -0.057073566820446335 0.8515407599114366 -125.88595110792237
0.8498001803578886 -0.11540289220494136 0.5143168536363888 80.68840219084208 0.06903453408644282 0.9917015602610656 0.108453900249073 1.6592298240251222 -0.522564719979418 -0.056658519628585396 0.8507149496666493 -126.07104361669197
0.8488674043402473 -0.11466112344548107 0.516020306401668 80.44993197391821 0.06946531704996495 0.9919222864884564 0.10613551382388706 1.8703085054152235 -0.5240216594529266 -0.054249463939589515 0.8499754679321446 -126.2727362676658
0.8476536709034976 -0.11507367995204035 0.5179201698969835 80.16141317488162 0.06976373360622215 0.9918939688911976 0.10620440645560805 1.9059968587542089 -0.5259432247658915 -0.05389251023624078 0.8488105334309252 -126.50789436284339
0.846249735352918 -0.11513118573619706 0.5201982271077956 79.82259186404431 0.0702646679920964 0.9919616840110383 0.10523732173494962 2.0379045883525615 -0.5281328070164519 -0.052505499949644624 0.8475369671158665 -126.77189165590791
0.8448939753196669 -0.11517845246433323 0.5223869203535358 79.49501858588692 0.06956816373496885 0.9919099312896686 0.10618360892091269 1.8824876838901516 -0.5303908380270861 -0.05337239264681787 0.8460714784461649 -127.0315979565004
0.8429868879600085 -0.11663385666304671 0.5251377440323672 79.05655762659048 0.06970575502810747 0.9916655351281715 0.10835393003910326 1.7589007494605697 -0.5333987386969168 -0.054735819340366976 0.8440910943954315 -127.35851822456456
0.8413149071044124 -0.11616887065271335 0.5279147853348749 78.64629187969754 0.06812762882697708 0.9916339302015126 0.10963929342856672 1.4618988420984842 -0.5362348862898678 -0.05627558941828038 0.8421907175701461 -127.66642697428453
0.8390347246819755 -0.11738245141825836 0.531264614741921 78.11631413527024 0.06767398194565717 0.9913823274309665 0.1121664523160943 1.234558962120019 -0.5398527233843137 -0.05815875649117684 0.8397479360486333 -128.04386890493393
0.8377916847841362 -0.11743720580264344 0.5332106484306423 77.82046074479501 0.06690899679015111 0.9913163089541323 0.1132040712611121 1.0653419856181494 -0.541874781711692 -0.05916484002195029 0.8383741662587673 -128.27996862323747
0.8362530689961244 -0.12004528807400962 0.5350419921892031 77.49141356658059 0.06769592287800462 0.9908793704878036 0.1165132403093713 0.9548985934984757 -0.5441489379023527 -0.061214393347660455 0.8367524911386995 -128.53134193964434
0.8357957570475667 -0.12010511544549037 0.5357426749336944 77.38299665989082 0.06754042266693987 0.9908600454930614 0.11676755350464223 0.9172036011600236 -0.5448703917513373 -0.06140953907426601 0.8362685721127097 -128.64759701363752
0.8351017869820797 -0.11803619854562383 0.537282478043194 77.18470794784093 0.06737176022659122 0.991300991015915 0.1130636596561223 1.1398549597413068 -0.5459542575191696 -0.05822199793688659 0.8357895355009712 -128.81758745561612
0.8344759266772291 -0.11907481040192903 0.5380252013836567 77.05085102272426 0.07059595302154521 0.99142937555694 0.10992727004595296 1.7815177250456427 -0.5465035582804191 -0.05374925869740657 0.8357301466240881 -128.94356836718327
0.8340295617525948 -0.11927162916332695 0.5386733412741905 76.92121157893958 0.07145998419784069 0.9914819830253807 0.10888961380454563 1.9671033140828496 -0.5470723542468757 -0.05232356842556281 0.8354484325235139 -129.0704379762636
0.8325211822069281 -0.12057887806338909 0.5407117673416709 76.60694841070443 0.07066573936001426 0.9911665937333771 0.11222805686492633 1.6402563297597303 -0.5494677738116053 -0.055222437758115625 0.8336879799484754 -129.31409773173343
0.8319541900629597 -0.11985761696858475 0.5417438299522171 76.49145805691364 0.06857545777754849 0.9911149676768775 0.11396722089031466 1.2441195716754998 -0.5505902580206848 -0.05766517581239247 0.8327815411446399 -129.4406113701251
0.8311411077354569 -0.12081906575195014 0.5427773138065956 76.28159621119586 0.0681069139112242 0.9908793581604204 0.11627358190527386 1.0274106971108066 -0.5518749018661445 -0.05967286588072736 0.831789181083653 -129.61982254463325
0.8303880744445525 -0.1215022961701836 0.5437764594441737 76.11265137407881 0.06843048825106951 0.9907852323303074 0.11688409504247797 1.0311293290772436 -0.5529673716395828 -0.05984826999631464 0.8310507027134143 -129.77419034493218
0.8295164000515723 -0.12181235148032192 0.5450360474980664 75.911025805353 0.07011473631224487 0.990916575136061 0.11475306040574125 1.402443898558751 -0.5540635936400662 -0.05697448681167601 0.8305223910619158 -129.94384558775394
0.8285808268521015 -0.12301714524890695 0.5461873262424688 75.70688756773211 0.07080522966683694 0.9907535152419814 0.11573284532699993 1.4293983183223042 -0.5553741376990058 -0.0572210975992784 0.8296296240881347 -130.1179493611289
0.8282799712543829 -0.12375032355144423 0.5464779470754071 75.6461058388082 0.07075758242995268 0.9905990107497944 0.11707674589856483 1.3337999467289434 -0.5558287989547743 -0.05830486534108052 0.8292495938678845 -130.21038967753347
0.8277700435429991 -0.12377965171244865 0.5472434127833483 75.52392006859316 0.06960047664317975 0.9904811360367469 0.1187556011579973 1.066673481665338 -0.5567338041325167 -0.060213926771969024 0.8285057358635705 -130.33932773107793
0.82787107550035 -0.12545589462701653 0.5467086068951437 75.5735233978785 0.07013965040961553 0.9901704332621809 0.12100802673294835 0.9897895438979197 -0.5565158684083598 -0.06183309467202773 0.8285328941043737 -130.3673498167005
0.8268319925114946 -0.12389518523300422 0.5486336111063113 75.30231451432175 0.06843076313124957 0.9903500604741443 0.12051551093586879 0.793091695904007 -0.5582706214881332 -0.06210266334818712 0.827331355859498 -130.58115319017685
0.8262807831522886 -0.12253199753446287 0.5497690214748873 75.15198651606875 0.06632038412888261 0.9904261988734637 0.1210683742108545 0.47149446385845306 -0.5593403919280621 -0.06357557837154476 0.8264965044042748 -130.7257191331379
0.8255866329532341 -0.12135381816212629 0.5510716489771684 74.96712628805987 0.06398987015507807 0.9904353908451141 0.12224169942790486 0.07895371272772705 -0.5606353610025666 -0.06565810977297148 0.8254556345525557 -130.88899311139346
0.8254845204949357 -0.12137696360394991 0.5512195017681537 74.94273842424325 0.06339385154205339 0.9903625763428406 0.12313889298769631 -0.0609113348640971 -0.560853390833924 -0.06670532277005073 0.8252235296598329 -130.95872544991272
0.8254714544798486 -0.12004955398849487 0.5515296750185675 74.91884362747433 0.0628934563809716 0.9905983657426243 0.12148782215718981 -0.017270389395826827 -0.5609289535969578 -0.06559712169909293 0.8252610051622555 -131.0276553837656
0.8255175181589292 -0.1164788885571265 0.5522259462694763 74.8757310561085 0.06031097300180886 0.991074613888712 0.11888522297121526 -0.19152105400043035 -0.5611447351159031 -0.06483655007661179 0.825174410670778 -131.10723169115118
0.8249755781576734 -0.1152806425135489 0.553286244998984 74.74129826432755 0.05902707219831173 0.9911968523123248 0.11850993508493146 -0.3408298836864045 -0.5620774859315286 -0.06510893508423188 0.8245178751131412 -131.2390809272312
0.8251157464333543 -0.11506692014852274 0.5531216944536367 74.75745931678665 0.05837778544389207 0.9911635132697898 0.11910887510741677 -0.467665949306478 -0.5619395333613711 -0.06598858878791691 0.8245419740652283 -131.28590531909737
0.8245235690347961 -0.11317043416412773 0.5543945679182153 74.58864098824931 0.056117274458443334 0.9913190390186264 0.11890085948613982 -0.7599740463859269 -0.5630379521963661 -0.06692544889868018 0.8237167284183516 -131.4362068068263
0.8247129889092111 -0.11192681572835642 0.5543652891779447 74.61455187980624 0.056096339610495566 0.9915761680740482 0.11674717808105996 -0.617217622836575 -0.5627625490442125 -0.06518505065195034 0.8240444299701097 -131.47673460823717
0.8253036935378787 -0.11212236536396039 0.5534459220356815 74.75484997051547 0.05721881731468414 0.9916496228206602 0.11557262870053242 -0.38542623114527064 -0.5617827163395506 -0.06371499623191468 0.8248276055499859 -131.45236145580003
0.8253246717549944 -0.11052385272537743 0.5537360961426029 74.73627736368165 0.056066023837521545 0.9918507777600507 0.11440557516062344 -0.4625292787354327 -0.5618681225728698 -0.06337596260035558 0.8247955505462654 -131.51565080858293
0.8257119814842052 -0.10985584667568433 0.5532914391029343 74.818581320316 0.055788490764670254 0.9919482090920702 0.11369430406680468 -0.45154687166475194 -0.5613264361595914 -0.06301145475390386 0.8251922131468333 -131.52059476819264
0.825759594562444 -0.10967497606389216 0.5532562621547565 74.82593765515607 0.055425083046983056 0.9919433883637339 0.1139138905081804 -0.5135854392935404 -0.561292394530073 -0.0634012137648749 0.825185514860651 -131.56862140339115
0.8252895880071595 -0.11101464871007122 0.5536902055290056 74.73238682072962 0.05556933929288993 0.9916927726013463 0.11600643646283706 -0.6333585667135181 -0.5619689888752979 -0.06497070526040225 0.8246027304104936 -131.67298906559282
0.8251330078494116 -0.11015910661137471 0.5540942975595099 74.68329056918004 0.05316082103627254 0.9915927954984634 0.11797311143770056 -1.0913342333090943 -0.562431726046933 -0.06788740049616346 0.8240520944635364 -131.75013267641748
0.8245360378608415 -0.10962347944128174 0.5550882947999641 74.53383691686923 0.053792094416342015 0.9917956599214568 0.11596456156630441 -0.8698680311361829 -0.5632466003865876 -0.0657575981628643 0.82366814035557 -131.88792716851574
0.8243750437093577 -0.1085050302202003 0.5555469788650713 74.48136123879789 0.054465955133225 0.9921068941362707 0.11294852959958378 -0.5743332862874752 -0.5634174713661444 -0.06285355220030088 0.8237779943256459 -131.97127981138655
0.8238066797943225 -0.10949888501656857 0.5561947037741214 74.35876595119791 0.05588231101643854 0.9920744149956786 0.11254120323883207 -0.3529623601021542 -0.5641096716434814 -0.06163074955823896 0.823396580674934 -132.0928184241045
0.8235144982857341 -0.10786830287472915 0.5569455093167743 74.2668958947856 0.05363006879321902 0.9921623297952415 0.11286153931482948 -0.6792656831496693 -0.5647545367984486 -0.06307408794587444 0.822845047743113 -132.1949005181755
0.8226149758974789 -0.10757005399579146 0.5583308024034969 74.04938448602336 0.05344804663898094 0.9922225383026791 0.11241770676661975 -0.6736894001734618 -0.5660811847603376 -0.06263479837543101 0.8219665286937186 -132.36841089942448
0.8226682419115653 -0.10724616506044939 0.5583146279921035 74.05796557851947 0.05424225442824006 0.9923726837802965 0.11069884516666628 -0.4489554779059529 -0.5659282123950672 -0.06078418023234605 0.8222107648582603 -132.41533275714744
0.8220993094989956 -0.10786276525083778 0.5590334061518303 73.93149506619777 0.05476152315029377 0.9923181135896619 0.11093212800678902 -0.39310688720638054 -0.5667044211081598 -0.060583705022864406 0.8216907653017455 -132.53615638252745
0.8215554517814656 -0.10775892657063012 0.5598523496355958 73.80192005951797 0.053573341279665135 0.9922218560892719 0.11236407523266835 -0.6503649050716162 -0.5676059696235447 -0.06232015759853125 0.8209382809959649 -132.6579878108013
0.8206590917467119 -0.10858341575530371 0.5610065034884826 73.60112570033385 0.05402756618244621 0.9921257236349764 0.11299367501845352 -0.6308504970965613 -0.568858222429687 -0.06241947071776045 0.8200634929378647 -132.81965721168987
0.8203218191034707 -0.10790482310224678 0.5616303608727411 73.5123142060974 0.05465605211109595 0.9923359777271245 0.1108242900991521 -0.39722337038745736 -0.5692844886964703 -0.06021508498395305 0.819932506045451 -132.9193487944873
0.8201072382369577 -0.10801945561541323 0.5619216270974979 73.46706929602993 0.05570039517741355 0.9924267466391101 0.10948341670039001 -0.16329271182608474 -0.5694923913174167 -0.058488885814837036 0.8199130847033174 -132.99579314159172
0.819285653113524 -0.10752135294483456 0.5632141486710528 73.26374362221044 0.056090271135026015 0.9925784608880391 0.10789754614971807 -0.0016487098467259746 -0.5706355229797263 -0.05680807726057614 0.8192361944345542 -133.15566562137295
0.8186322105516787 -0.10743477148024662 0.5641800011736142 73.10908299351547 0.05575108163610866 0.9925737194624613 0.10811673473084102 -0.06135391468020586 -0.5716057389002285 -0.057054196247447786 0.8185424228144084 -133.28881256581613
0.8176455719804002 -0.10687061122644352 0.5657158218371928 72.86990623076015 0.05333325688122369 0.9924549377750036 0.11040271824758192 -0.5448795335170773 -0.5732462667399462 -0.06009882646191951 0.8171761430234087 -133.46647300083282
0.8170494687072403 -0.10582938514152782 0.5667718296861468 72.71632587398791 0.051104108423656786 0.9924338810475913 0.11163942785162623 -0.9308355138522932 -0.5742982986109566 -0.0622505661771963 0.8162758916096805 -133.59459846855168
0.8160809954981879 -0.10541912534482432 0.568241688718998 72.4843716681267 0.05000287676538352 0.9924155207170474 0.11229936132987325 -1.1244788462216004 -0.5757703718513765 -0.06323165545392417 0.8151627056279525 -133.76638738889517
0.8150692098367605 -0.10378778574170008 0.5699914724861364 72.22728613120897 0.04999610257688697 0.9927535055504418 0.10927427393687013 -0.918949116450683 -0.5772023673749098 -0.06056874398684271 0.8143518001138427 -133.95464251155315
0.8138869271657351 -0.10337921068512833 0.5717524014701095 71.94699590629052 0.05263391720513853 0.9931161327123271 0.10464233228552414 -0.242860865847474 -0.5786343755329094 -0.05507345771450414 0.8137254903878879 -134.15554269352685
0.8125711249633198 -0.10249475122137611 0.5737795681687462 71.62953065524457 0.05431429639655868 0.9934491487713691 0.10054225983330994 0.26725067393498686 -0.5803258774884948 -0.050533303647300326 0.8128150227079333 -134.3723850534355
0.8110893453564048 -0.10211741663724423 0.5759393258570334 71.28171114659752 0.055278154431863555 0.9936177362906458 0.09832659747626663 0.5517487217282246 -0.5823043873198327 -0.047914792580039334 0.8115576215895492 -134.6034573316775
0.8100041264517637 -0.10114738915689764 0.5776352835465113 71.01913546427753 0.054929488786375574 0.9937685749791927 0.09698850780114242 0.5961070519909638 -0.5838459269300273 -0.04683188070714146 0.8105126208496999 -134.78928995109572
0.8082242088341323 -0.09937273617737503 0.5804297438614452 70.58600612351536 0.053776557603691946 0.993995367240117 0.09529581185698469 0.5556167722872085 -0.5864142819771172 -0.04580686858765659 0.8087150429437153 -135.0643240324446
0.8045278586964996 -0.09655180308338138 0.5860142267066331 69.70045849813104 0.048029350044628945 0.994042509689977 0.09784002485456715 -0.4049258399991994 -0.591969683442924 -0.050569143265431785 0.8043722121219035 -135.5682938911892
0.8041034719892393 -0.0932933172194601 0.5871234651221496 69.5718645390615 0.04190008583053734 0.9940474881126499 0.10056825634525503 -1.4289370560471226 -0.5930109519580936 -0.056266760517382844 0.8032260345124747 -135.67887402930285
0.800404181552684 -0.09350914175197504 0.5921226110880982 68.72756681997853 0.039029997723058193 0.9937920540576708 0.10418259244985899 -2.0674352797360935 -0.5981887707327147 -0.060277638479326476 0.7990849772512554 -136.14699477921738
0.7970688436766826 -0.09262947140648713 0.5967420208656927 67.95976967788746 0.03663763076121297 0.9937632107455516 0.10532029709841048 -2.4725578201781637 -0.6027760300908797 -0.062084313603737395 0.7954914176483815 -136.5729975358699
0.800666744248873 -0.09642974465470602 0.5912986292895818 68.8349700680219 0.04088588103272972 0.9934555201001602 0.10665118055932435 -1.984328523612895 -0.5977132334038519 -0.06121628809678292 0.7993694119026349 -136.2008485399663
0.8006019930817433 -0.09569797644766606 0.5915051529592639 68.8190257782699 0.041404632185664536 0.9936397699780973 0.1047170661900126 -1.7803602246217975 -0.5977642554612228 -0.05934563860719337 0.7994723197654777 -136.26524522322754
0.7987116021159426 -0.09047150179684903 0.5948736706293253 68.32236101311638 0.03801294266518028 0.9942437827785394 0.10017143602921032 -1.9272443926883072 -0.6005121088165649 -0.05739518942248735 0.7975531326474988 -136.5787843814745
0.7985951455152043 -0.09212210150509437 0.594776690846098 68.31502787304129 0.037149622771297575 0.9938773005765705 0.10405679663808354 -2.312993950675796 -0.6007209827261738 -0.06100352295494313 0.7971278887980182 -136.6353772854641
0.7988151791414763 -0.0938674736258513 0.5942080502385266 68.36526110019462 0.03652508516439554 0.9934969255959419 0.10784144372709878 -2.6582812423386035 -0.6004666749511623 -0.06444188254940628 0.7970489420647792 -136.66406318746962
0.7979144204303285 -0.09289690836135173 0.5955692588492421 68.166704959282 0.03593669039014704 0.9936266071436797 0.10683969234297876 -2.6684558179118985 -0.6016985390983891 -0.06384614313364793 0.7961674057971866 -136.82389072302234
0.7971900877768974 -0.09092651720219935 0.5968419660343438 67.97701073776655 0.035226903751397746 0.9939147709863619 0.10436710816736036 -2.594412666844351 -0.6026997836421981 -0.06217552962867212 0.7955420631953044 -136.98167451561827
0.7980985417703658 -0.09366358901092076 0.5952023603091717 68.21838173169137 0.03824184460559821 0.993726195384837 0.10509904817427268 -2.2314904135106364 -0.6013121310477422 -0.06111776091751182 0.7966732958718101 -136.92629124573168
0.797656661400046 -0.09647799852415478 0.5953451489051588 68.14642574420581 0.04021156716439503 0.9934333157444492 0.10711338401513183 -2.0995329069323296 -0.6017697901941538 -0.06149994284357456 0.7962982334778355 -137.02341790774065
0.7975778176039343 -0.09771492560585561 0.5952490387896378 68.13589390909394 0.04124466718151874 0.9933170099437862 0.10779700916733129 -2.0050841495459872 -0.6018043721137553 -0.06142565482091386 0.796277832565111 -137.08946775228347
0.7972972410501983 -0.09946741897353631 0.5953346470486032 68.09756354812899 0.04189122794092897 0.9930685900667999 0.10981757802983744 -2.0550608958647962 -0.6021314096070252 -0.06261795258135872 0.7959376593547862 -137.1669701562368
0.7971321831107585 -0.10461557101342897 0.5946729058487619 68.12029903887716 0.045677340713151666 0.9925018804931458 0.11337370842900044 -1.7777724378075845 -0.6020746325784294 -0.06321075477403784 0.7959337518201157 -137.22039043544984
0.796897378339914 -0.10215694460051891 0.595414584188915 68.03537263448317 0.04225360135115308 0.9926101315755582 0.11375306530555976 -2.273092228161247 -0.6026352143443244 -0.06549110904114863 0.7953249103786015 -137.31642405110077
0.7967688739731941 -0.10428227170380604 0.5952180854743764 68.03219310271405 0.0447182348446299 0.9924714597933931 0.11402052871282359 -1.9538081034852472 -0.6026272819412252 -0.06423090614233054 0.7954336865862963 -137.3815789681946
0.7964750942025343 -0.10730905574500361 0.595073265128068 68.00875164910703 0.048336396574787346 0.9922765142826517 0.11424058809913029 -1.4724540523614875 -0.6027362749007471 -0.062226085833723854 0.795510463262794 -137.45775008983358
0.7960807457762519 -0.10684776925846498 0.5956836412130323 67.90396611207497 0.04931855900167475 0.9924712311968751 0.11210947767498303 -1.18889541620156 -0.6031775244008394 -0.05986993779058914 0.795356815905054 -137.57057863266863
0.7954958267800876 -0.10480928464553023 0.5968261081986589 67.74317746427857 0.04923822242321017 0.992851442615154 0.10872722910848928 -0.9651515947034703 -0.603955285619778 -0.05710540034970122 0.7949698020823388 -137.7096334325724
0.7949248688906546 -0.10404024678857171 0.5977207373576298 67.59997752384425 0.04950925362667599 0.9930251759719657 0.10700389568224199 -0.808073535571747 -0.6046844521107725 -0.05546735016223282 0.7945313627802714 -137.83834450850367
0.7936324272337814 -0.10592150035332606 0.5991061727322771 67.32316862748978 0.04969472777834788 0.9927236250965187 0.1096824425615262 -0.9681840391547092 -0.6063645804910216 -0.05727512495077547 0.7931214002836012 -138.03003961793826
0.7933053782956362 -0.10716418885204748 0.5993182905559451 67.2626223149489 0.04871523787972274 0.9924036229601109 0.11296846787474787 -1.328332132405154 -0.6068718170796363 -0.06042256005275364 0.7924996604864457 -138.11318104425666
0.7928933898919689 -0.10938387459637083 0.5994624594116862 67.19309508970083 0.04918310072788875 0.9920350405760405 0.11596336004136813 -1.471139641555867 -0.607372286878824 -0.06246315912263038 0.7919578643362338 -138.2019252911028
0.7933025910852282 -0.11030408526574093 0.5987520419599013 67.29409175946 0.04963301517507804 0.9918944446603288 0.11696997245707288 -1.4803939895879747 -0.6068010899644904 -0.06307471304465895 0.79234715736995 -138.20838176923206
0.7943516277089492 -0.1134739878876708 0.5967655700767359 67.5715828817899 0.053195461921763776 0.9916178964840678 0.1177462959223885 -1.0445923311840313 -0.6051245610509236 -0.06178674166341225 0.7937295913392329 -138.13258402622668
0.7966858130962826 -0.11783811919358066 0.592794983848577 68.16721264221731 0.05699067349881483 0.9910858810319089 0.12041943179303147 -0.7050503406995923 -0.6017007381957137 -0.06215266755437415 0.7962997347548276 -137.90279329800595
0.7980422317631494 -0.12049330395833349 0.5904320113473662 68.50961080738183 0.05747712799033524 0.9905581990781553 0.12446217898230846 -0.9176219669891255 -0.5998541290017718 -0.06538973879934235 0.7974328849372087 -137.78739367785727
0.7997491416617527 -0.11938636142865627 0.5883436131344644 68.8874909257425 0.056023403238267405 0.9905918671472237 0.12485644168956511 -1.1440761272475792 -0.5977145545332592 -0.06689282059087909 0.7989134257555722 -137.6545016991719
0.801347694312242 -0.12027763034926682 0.58598222196413 69.26686895333253 0.05618129668263551 0.9903802452934743 0.12645406927218802 -1.2331316958288798 -0.5955548125265309 -0.06841243578475165 0.8003962792932547 -137.5207730175905
0.8023283897627539 -0.12036646746753318 0.5846204482312379 69.48923932605787 0.05569270536945789 0.9902795695582294 0.1274546848264062 -1.368967931032956 -0.5942789560041118 -0.06970141766818705 0.8012329466676391 -137.46135032522258
0.8034809854579232 -0.12222017005523446 0.5826495825444606 69.7754548104073 0.05659631788072923 0.989948448733717 0.1296106695147073 -1.394097031971613 -0.5926340884642969 -0.07116388748077775 0.8023219667369922 -137.36996305982126
0.8047424403983799 -0.12122376854654396 0.5811147929291025 70.05034981304289 0.056424682896378336 0.9901153236869658 0.12840522170183774 -1.3321267290524672 -0.5909364261760337 -0.07054391355481276 0.8036278345594234 -137.28275916563769
0.8075574157927983 -0.11600679175379365 0.5782676235663289 70.63612646743526 0.05474381470579649 0.9909760517017886 0.12235023377579408 -1.1403695781828571 -0.5872428245193932 -0.06714826297474864 0.8066207137372304 -137.03467715788776
0.8103655973381291 -0.11539129044034131 0.5744496920891594 71.28560520431287 0.0566791205796177 0.991255942541442 0.11916011776848137 -0.6464232058895722 -0.5831767107328091 -0.06400395664949149 0.8098199908572716 -136.75195098915793
0.8150172070975364 -0.1179820288363966 0.5672981517743373 72.42271347162227 0.058583775989284534 0.9908124683989988 0.12189583116710893 -0.5725226969891776 -0.5764675995455154 -0.06611273203196703 0.8144410435000808 -136.2023635964008
0.8204972180701445 -0.12127376050767812 0.5586385147405073 73.77973144194904 0.06032822091135033 0.9901504544057445 0.12634311774595772 -0.6415241067209403 -0.5684582842221801 -0.06996250890601306 0.8197319235254603 -135.51920419945156
0.8278896089034404 -0.11714550329748917 0.5485214002451375 75.50158847626065 0.0553718266241849 0.9902391091600609 0.12790804316457305 -1.4330332741300849 -0.558151194826285 -0.07552110795709387 0.8262952293018055 -134.60747030926845
0.8370919696491476 -0.11581032552503882 0.53466344820896 77.73481245330514 0.05521033000175156 0.9902300022733868 0.12804828018660117 -1.4634599103123866 -0.5442691005467869 -0.07766924165609682 0.8353075092985568 -133.37443248598547
0.8474813795437723 -0.11278902226729094 0.5187041042661731 80.28165581725777 0.05461653696306444 0.9905072013505192 0.12614482931505416 -1.4110531851809638 -0.5280079026082343 -0.07857557208668912 0.8455965552522685 -131.90122923505183
0.8563858740976861 -0.1112195174891523 0.5042156816040357 82.51999664688447 0.054766611473287305 0.990582901087029 0.12548360188382943 -1.3427736588641777 -0.5134236583112197 -0.07984819975106235 0.8544123197162119 -130.5549701278032
0.8659326338414866 -0.1062157564717485 0.48875237771849267 84.91606956235638 0.053044219269855454 0.9911823380767553 0.12142439411727932 -1.2938183209771033 -0.49733990836287956 -0.07921985711821941 0.8639312645041684 -129.0499805319374
0.8755762677347476 -0.09941684754625167 0.47273934657869876 87.36453176544079 0.04983434709613026 0.9919620416082723 0.11630926815112709 -1.3759437119184796 -0.4805025881607633 -0.07827897822732312 0.8734927958137344 -127.44341011985394
0.8852091294318635 -0.09216212089121728 0.45597252180730713 89.86530394637762 0.045751998219190536 0.9926746739089085 0.11182015220340771 -1.6220524778066914 -0.4629379567819361 -0.07812256557918928 0.8829412850908557 -125.72658019241861
0.8948916334973341 -0.08703939007809794 0.4377135009013381 92.47854949462207 0.04310545170814648 0.9930688706638481 0.10934412719239224 -1.8114067088512185 -0.4441968981538589 -0.07898330642143382 0.8924408960694419 -123.85077233979649
0.9051549849059681 -0.08325504924367674 0.4168489535494957 95.35592286146418 0.040919171430966086 0.9931438958867579 0.10950261856355664 -2.121683570860079 -0.42310763962528475 -0.08205972726194946 0.9023558757233282 -121.6794426763237
0.9155830324842199 -0.08088800307497362 0.39390968709279417 98.40071316932855 0.03924605176114555 0.9928583924283377 0.11265859934234207 -2.573075676193715 -0.40020926781892674 -0.08768890205242583 0.9122188325224811 -119.25568520316396
0.9264911335966457 -0.07678147629286562 0.36840030437703297 101.69718761491671 0.036531309279864255 0.9926909274655762 0.11502254548493136 -3.11258119727907 -0.3745392406799337 -0.09310922309751228 0.9225242705561065 -116.47650912854436
0.937831858705892 -0.07130756542726789 0.3396860843618527 105.2767857424577 0.03281697290756967 0.9925015611691427 0.11774420310995475 -3.8146199790222957 -0.3455350215035165 -0.09927679582687159 0.9331396823224881 -113.2608539827571
0.9500989874799463 -0.062321951674319295 0.30565975909348075 109.35857312346924 0.026748546712474692 0.992507300459073 0.11922153238494268 -4.7545588816584035 -0.3107996609366739 -0.10509630286050595 0.9446472028681933 -109.31859735554173
0.9619893485948905 -0.052409806914633435 0.2680106440594274 113.6450374824126 0.021211145494063506 0.9927863260903593 0.11800592372773686 -5.431131179911481 -0.27226197034622357 -0.10783562893208173 0.9561615431693613 -104.85265366217476
0.9723956654471262 -0.04551246322342425 0.22885647360513328 117.8345913415132 0.01892639089382516 0.9929457572661604 0.11704919843751743 -5.67788124082115 -0.23256926182833093 -0.10948670612666936 0.9663975370592361 -100.13814739046592
0.9813784591717579 -0.04230553593511288 0.18736745048943032 121.99509117838502 0.020084833057733925 0.9926980776008771 0.11894169247394255 -5.650760254560008 -0.1910311999509745 -0.1129635709278254 0.9750622094453897 -95.0589639762655
0.9887677733524631 -0.03608771323143389 0.14503781346027603 125.99558173200589 0.018209372303006285 0.9922701065279144 0.12275363314954062 -6.177358147772958 -0.14834658452402114 -0.11873378897688426 0.9817818384016126 -89.6836873158415
0.9943316755444467 -0.028720232199990897 0.102370246025649 129.7693099082611 0.015828428103430034 0.9920822740517372 0.1245882112244502 -6.633684038153607 -0.1051379088281094 -0.12226164474074556 0.9869134259663002 -84.12462259862093
0.9980247258955307 -0.016566999885799093 0.06059852321579046 133.22309072772228 0.00882732691023463 0.9920132145395332 0.125824721253663 -7.685793811771354 -0.06219907395428497 -0.12504125996536536 0.9901999588494756 -78.47252226873245
0.9997868984298091 -0.007097526945922125 0.019385119018325278 136.37338970534273 0.004562083839052218 0.9917848797053722 0.12783559668122885 -8.415217145652539 -0.02013318452575711 -0.12771991817665818 0.9916059083031926 -72.80780563350406
0.9997163376294728 -0.006532114772214271 -0.022903618782120643 139.34936513458902 0.009418501146147683 0.9916938579289583 0.12827542236195977 -7.777066438481396 0.021875468289252787 -0.12845475321132255 0.9914740744288496 -67.04296178552617
0.9977719207143446 -0.010538032363788618 -0.06587977009604137 142.11800652733928 0.01900291339304542 0.9914341995329932 0.12921732576922335 -6.522806423943619 0.0639537607696681 -0.13018132688781797 0.9894254588462655 -61.13390523820117
0.9942666489664355 -0.00895863814249714 -0.1065531489712376 144.50948013225272 0.023145498143733307 0.990890788239638 0.13266398040729582 -6.1948750395821826 0.10439404517851292 -0.13436959694983358 0.9854170156572323 -55.31287787566539
0.9894197196370061 0.0042865437916397315 -0.14501808140970027 146.56031639559853 0.015872795886168224 0.9903648928642657 0.13756973988747562 -7.543255327951755 0.14421051537313131 -0.1384160558760219 0.9798185152014335 -49.46573198611697
0.982856704195007 0.02052219207547562 -0.18322537665767186 148.35689978515086 0.00573744558301597 0.9899000735374621 0.14165071877229946 -9.22820750677552 0.18428179708563286 -0.14027360422739704 0.9728121787991478 -43.486198602120545
0.9740042455827088 0.030241038469567674 -0.22450213624627352 150.0576841298206 0.00226773127482683 0.9896978962497933 0.14315352441906057 -9.81272501834512 0.22651840318553235 -0.13994125106992408 0.9639013742428533 -37.07481653512928
0.9624499052107512 0.025894880202655617 -0.2702214557341921 151.7042490546448 0.013159152313190281 0.9898190584127972 0.1417217990049588 -8.211725369561623 0.27114021588509163 -0.13995601731291796 0.9523105042724731 -30.147473932360263
0.9482676259075656 0.021001373531966325 -0.3167766594391071 153.04954560601425 0.02402469189089927 0.9902013162240186 0.13756513921691202 -6.420141502012025 0.3165617219993229 -0.13805902961411778 0.9384712997779056 -22.950757346833186
0.931401770704323 0.023262356174504235 -0.3632486810906027 154.02149920219205 0.027302721872689444 0.9906794646800127 0.1334494647410251 -5.676053913095094 0.36296735790866164 -0.13421274546977285 0.9220854819626386 -15.440347848883231
0.9126066907411134 0.03123533255317509 -0.40764369492836044 154.58101760064733 0.025763199394244662 0.9907019375225212 0.13358865425662025 -5.897226495557882 0.40802608442540295 -0.13241610547593896 0.9033164946125245 -7.946400815402375
0.8910241510086248 0.03837215972798909 -0.4523312278377088 154.7807390891156 0.025995378464237107 0.990473058206137 0.13523077041222384 -5.981714462621889 0.45321099128094916 -0.13225240385562828 0.88153791697042 -0.2243547110263584
0.8669915652190355 0.04479522394551561 -0.4963053634111946 154.5942453274792 0.027481774154907733 0.9901378098475337 0.13737492347451075 -5.929520944200091 0.4975644460050833 -0.13274225183414717 0.8572100773145719 7.564017529998651
0.8413559754971339 0.05095939294327263 -0.5380736592383234 154.03320806251946 0.027951961600489576 0.9901104221706274 0.1374774154244499 -5.87228194345385 0.5397581035407907 -0.13070765922452732 0.8316109051005126 15.141794834532433
0.8160217251936788 0.058113807050216765 -0.5750924529517513 153.17772131189955 0.02635405006269324 0.9901578408318064 0.13745149793504632 -6.089256294619071 0.5774201313231339 -0.1273194237711794 0.8064587753092837 22.064366926448905
0.7908553806777434 0.06331076869083228 -0.6087195687842125 152.10658650912438 0.026598128460027754 0.9901393740704085 0.13753748390123915 -6.0612408743749615 0.6114248166499995 -0.12496306047482869 0.7813731036459336 28.477264922668112
0.7665518969735166 0.06739564663055705 -0.638636059161673 150.89209905591537 0.026991543968187762 0.9902176118353363 0.13689608382030682 -5.96144163125956 0.641614873425263 -0.1221757260112342 0.7572340762096693 34.29552154451766
0.743841260187619 0.07179294549169482 -0.6644892419145112 149.60985477843272 0.025990611105783604 0.9903548629294736 0.13609457596205535 -6.041267883079125 0.6678507825681146 -0.1185032423588919 0.734800866747983 39.447707728651324
0.7227592797436695 0.0749615401018935 -0.6870224094234221 148.31694198562968 0.024887341100875968 0.9906321432002367 0.13427053701923758 -6.062147188002472 0.6906516081189855 -0.11414343767408623 0.7141229808923679 44.00137360479019
0.703070220172353 0.07796456959227094 -0.7068336377076936 147.02218180356118 0.023545866332765186 0.990874508949553 0.13271510725091468 -6.134966173996066 0.7107305098878467 -0.10995105002806556 0.6948186158360231 48.080184805210656
0.6842616603499602 0.08056915750606608 -0.7247720959266288 145.71784603778008 0.021691554593198718 0.9911893176871213 0.13066450536495927 -6.242416769146819 0.7289138883533817 -0.10513014487625282 0.6764851779631628 51.82907298909887
0.6672950007203773 0.0820518496591043 -0.7402600056609242 144.49320993121057 0.021232864112120522 0.9914133236856686 0.12903017902852032 -6.188113705492094 0.7444907974550042 -0.10181903351562283 0.6598229587690599 55.09932561720521
0.6530151453280502 0.08480744308570354 -0.7525815022769633 143.41147549492067 0.02063176996339959 0.9913495830834811 0.1296161031214313 -6.311704331707216 0.7570637688070689 -0.100168366850385 0.645616564411233 57.78030032809798
0.6406534854218052 0.08579786343439416 -0.7630215188623358 142.46097793978578 0.021626764770932734 0.991326814915197 0.1296280412396701 -6.174652083919723 0.7675255009851044 -0.09954834333219169 0.6332414489571735 60.03868455064382
0.6306769793655821 0.08949642009092847 -0.7708676530307995 141.6520229316852 0.021176083499303278 0.9909734361772475 0.13237530841773 -6.4323638549278215 0.7757564831736411 -0.09981001744297342 0.6230889496950637 61.83050300203546
0.6218094759767301 0.09275105826636645 -0.7776568759909561 140.91805388153213 0.020497514203550858 0.990694814622919 0.13454975358853494 -6.679500174653837 0.7829002666349141 -0.09960434463279867 0.6141222573993318 63.396850230738664
0.6149962118903712 0.09476053076309016 -0.7828154962505475 140.35812728292612 0.019165773668056205 0.9906632561498743 0.1349777242148994 -6.892422816405433 0.7882971092679448 -0.09801405370673145 0.607437990905883 64.54066804025355
0.6108265723666547 0.09720259722969754 -0.7857751291448495 139.99838142216745 0.017993441898008174 0.9904750128060131 0.13651184950615508 -7.163303351356446 0.7915599374270194 -0.09752386425244502 0.6032594478015273 65.2205120618346
0.6084853238003639 0.09989051678674409 -0.787253132972898 139.78438721820967 0.018284975719099136 0.9900178158767116 0.139751149940376 -7.353535681484285 0.7933544418370129 -0.09943142814413707 0.600584815587856 65.58848690349899
0.6081794794075124 0.10330414598112839 -0.7870489020707144 139.72771930578403 0.01803502678949872 0.9894416194200717 0.14380549213464747 -7.677085842441836 0.7935946437800027 -0.10165399737588192 0.5998949959627893 65.5998428462384
0.6078392609162416 0.10442496556829725 -0.7871638072566962 139.68873672612511 0.01969161576265594 0.989028002457782 0.14640987201355443 -7.636925317541151 0.793815893742027 -0.10449419563032869 0.5991137537414055 65.61797849292847
0.6069382705420945 0.1048067492999456 -0.7878080229678736 139.61289878039958 0.02123364289690638 0.9887741805608963 0.14790115707949994 -7.532206852370402 0.7944652718405619 -0.106494906720024 0.5978994620184864 65.72314863184143
0.6067776171176644 0.10590476980558117 -0.787784934545867 139.58967300352057 0.021675778649703333 0.9885113192566679 0.14958453236003677 -7.590996284464352 0.7945760404045279 -0.10784039796787052 0.5975109744441462 65.69317732437185
0.6066003339739244 0.1073207911143822 -0.7877298284420278 139.56310355910222 0.02017907321662827 0.9884487677699056 0.15020598689224482 -7.839106698006289 0.7947508036025137 -0.10701065969677233 0.5974277185437752 65.64943884806793
0.6077114698696863 0.10881017214287812 -0.7866683645775153 139.63549614369097 0.017802924529985872 0.988453709934423 0.1504736495040076 -8.182347373303298 0.7939583271601885 -0.10544956024143737 0.5987575176796384 65.37648153148787
0.6079836504948897 0.1111934298894911 -0.7861246096391582 139.63393574521567 0.013405836610444498 0.9885653981539766 0.15019566277840354 -8.762227465977686 0.7938363586254299 -0.10185516541678521 0.5995409585693353 65.23109863213368
0.6084181111769894 0.11396214635574554 -0.7853916419149215 139.64092381547366 0.009843591241029695 0.9884762393810402 0.15105571121475764 -9.309489477675653 0.7935556097106896 -0.09963610478691126 0.6002850497218697 65.06713194643672
0.6086574267848992 0.11507741695060059 -0.7850435178558974 139.64943122579785 0.007197636390067645 0.9885846577668642 0.15049441337926284 -9.629044770949482 0.793400485788849 -0.09725000018483136 0.6008811085514911 64.92977303097176
0.6091466278684473 0.11758995622251484 -0.784291392246585 139.6627548804284 0.005234940902464701 0.9883285447263837 0.15224744028316747 -10.021523954402305 0.7930403401783842 -0.09684673393881688 0.6014214237746581 64.76890000048286
0.6096925649006881 0.11926614309386685 -0.7836137846007646 139.6888884829203 0.006010503205535679 0.9878909070900722 0.15503364002683573 -10.116095007304066 0.7926151967733374 -0.0992327707980963 0.6015928914504359 64.62475313827755
0.6099393353544712 0.11866933201612184 -0.7835123463138237 139.71506282837535 0.008631144517152613 0.9876703651587634 0.15630979857794905 -9.84971348633089 0.7924011045749936 -0.10210210294603347 0.601394753919859 64.53678989393217
0.60959479506005 0.11876457274616542 -0.7837660123379404 139.68708666140085 0.00894937712903477 0.9876191532613088 0.15661518687668155 -9.828433697428283 0.792662661215159 -0.10248602037271407 0.6009846263786335 64.52933152945214
0.6096418526623594 0.11708614949272428 -0.7839819162961434 139.70862610022743 0.009397354595174177 0.9878936797687802 0.1548475611674631 -9.638425714199021 0.7926212848574143 -0.10176891013401926 0.6011610331027081 64.43925016958016
0.6093493919285351 0.11733400935734478 -0.7841722060902535 139.6831053913639 0.009657316129648645 0.9878186532273494 0.1553095122047508 -9.635048642112316 0.7928430202767106 -0.10221075571697989 0.6007935640586268 64.42361356828864
0.6093985903673649 0.11769894967669858 -0.7840792787105589 139.6827049179032 0.009444528784952062 0.9877724776092669 0.1556159803930189 -9.68482980146469 0.7928077692191838 -0.10223741840760756 0.6008355443405866 64.34558222940849
0.6092082734499157 0.11816235747132375 -0.784157469413505 139.66212740889318 0.008399902614614298 0.9878194662811399 0.15537742330245097 -9.808406462840098 0.792965775551655 -0.1012440581607787 0.600795239237878 64.29935037123799
0.6090053657044837 0.11762375707145833 -0.7843960200788518 139.65230575648636 0.006801921972850004 0.9881320830870373 0.1534559227646417 -9.884931316643588 0.793136935466142 -0.09879088088719007 0.6009776730070009 64.23847141224016
0.6089217519595221 0.11825508303186866 -0.7843660085238727 139.63879856488214 0.003881941048421454 0.9883689835704985 0.1520252704306628 -10.176509790093167 0.7932207955697094 -0.09561635661823466 0.6013803137971943 64.15111690898894
0.6090989059967974 0.11978084522734707 -0.7839968570282198 139.63647804981824 0.001065349772242985 0.9884047516485852 0.15183844028559149 -10.544010547682497 0.7930935554796593 -0.09331985873928805 0.6019086444150075 64.02537469098293
0.6095127045185366 0.11947175710608642 -0.7837223757712186 139.6722707960083 0.0002497022203737098 0.9885504902767217 0.15089024429184894 -10.584506325621634 0.7927762614251892 -0.09216521810117419 0.6025042505186687 63.86977388482296
0.6100823841187767 0.11796610637421429 -0.7835071680175346 139.73364082915398 0.0013798427732636606 0.9886950526163827 0.1499339486767737 -10.360331897950996 0.7923367848471196 -0.09255317757265766 0.6030226601872716 63.70246626640645
0.6105663520640624 0.11752480339544485 -0.7831964314998155 139.77671514400618 0.000621937645159186 0.9888564944110562 0.14887057014280047 -10.384492901956836 0.791964862175557 -0.09138246028609087 0.6036894094079439 63.53487116366683
0.6108883377714975 0.1169455496958671 -0.7830320409671039 139.80834804090003 -0.0007292530525390903 0.9891132105791673 0.14715476495090843 -10.44148052409538 0.7917164309048803 -0.08932410124990471 0.6043230079776334 63.3871756822139
0.6110645472512795 0.1154092883660886 -0.7831224778100944 139.83831592308758 -0.0026470381287882414 0.9896070663509504 0.14377359777584414 -10.454210032857068 0.7915763464642772 -0.08578199337330934 0.6050192867431318 63.25147013879185
0.6116467036365587 0.113741336627112 -0.7829120118332646 139.90093773958148 -0.0038645946192741934 0.9900288055892112 0.1408120343295586 -10.402024867534998 0.7911215929545601 -0.08310157908173647 0.6059874196013986 63.054130724072245
0.6116469982306395 0.11284032063763534 -0.7830421518627487 139.9096251022209 -0.0030632443249547503 0.9901062074118229 0.14028654453931882 -10.25344732301194 0.7911248738913813 -0.08340719443172935 0.6059411471647836 62.99385553386384
0.61026001998977 0.11179015728979017 -0.7842739755565078 139.81111340419702 0.0014422424864988306 0.989835027684598 0.14221300188534652 -9.782241172656807 0.7921998661567016 -0.0879180226219597 0.6038955152669614 63.225444919490556
0.6084234440923386 0.11095111013940004 -0.7858185311111284 139.6741382796541 0.008767757963136037 0.989178863344895 0.14645239066673293 -9.098355652944884 0.7935641367269041 -0.09599493460873977 0.6008668183802023 63.567373999522935
0.6065092648401548 0.11091365127159236 -0.7873021488759311 139.52252879634204 0.013024584093803714 0.9887030925548133 0.14932031001083568 -8.73050536401062 0.7949697301609908 -0.10081843449564287 0.5982129816324695 63.89077895147892
0.6042789567460916 0.11087756397391166 -0.7890203471654368 139.34593390243256 0.012141371353723167 0.9888737829302525 0.1482606776419925 -8.771675869162761 0.7966803182804921 -0.09917059665255094 0.5962094122236505 64.20865040120817
0.60107715003769 0.1098795643758359 -0.7916013776106916 139.10044243795411 0.008093891630903238 0.9896156086056636 0.14351110104207696 -8.970557139824345 0.7991500163428862 -0.09266837937839724 0.5939459763669975 64.65596713286966
0.5960420536256636 0.10861504162334663 -0.7955731537972233 138.70916841025902 0.005793870171247162 0.9902012797211104 0.13952726151943914 -8.988733879861412 0.8029323143192957 -0.08777356305764232 0.5895723028179206 65.43277629955553
0.5887799255516494 0.10947827569781417 -0.800844995250409 138.11189607364346 0.004801230996438588 0.9902938689616468 0.13890644793490178 -9.075852118445882 0.8082791271883204 -0.08563036988829449 0.5825395199507762 66.6159018747212
0.577327642062629 0.10969801722129452 -0.809110090610741 137.16748016133877 0.004438011224591837 0.9904977951995135 0.1374569814933849 -9.017692405326368 0.8165005191466662 -0.08294855467468334 0.5713549155390244 68.49327936848645
0.5624026869770389 0.111499847631564 -0.8193112971631386 135.8977319490414 0.0017183468296380483 0.9907067244353571 0.13600453464035112 -9.277877374147437 0.8268616963949774 -0.07789717669276214 0.5569845284189828 70.8941487404254
0.5449716495525346 0.11365512464239255 -0.8307156034567497 134.37836685629904 -0.0016161435530340981 0.9909106302086752 0.1345121222026567 -9.617320543565064 0.8384529141603633 -0.07196273745466247 0.5402018837009234 73.63951895699842
0.5237380093200458 0.11650880740247593 -0.8438745140073425 132.47460721876854 -0.00372294307085886 0.9909068560914536 0.13449811242483037 -9.899116385171405 0.8518712562872202 -0.06730007688408635 0.5194093398881361 76.92353731762289
0.4968177240122366 0.1193055854476063 -0.8596152199608293 129.99376671810722 -0.00334399922659271 0.9907614926589976 0.13557463750011553 -9.925427816706463 0.8678484699395821 -0.06448133020587507 0.4926268276072744 80.99123116714614
0.4648635537074619 0.1219081797775392 -0.8769494125306184 126.95185962562967 -0.0008971455045838558 0.9905397394563353 0.1372232476212357 -9.71486910088255 0.8853818789451325 -0.06300333531728736 0.4605751927475949 85.65465095619837
0.4280633915651991 0.1242716816943674 -0.8951638296594389 123.3222415648699 0.0027945386262858 0.9903140639796258 0.13881730885600582 -9.333033622552186 0.9037443904974267 -0.061924177935692826 0.4235699149271859 90.79173071969574
0.38689764816452654 0.1261076914163311 -0.9134588441798577 119.11167285503285 0.005971576700915408 0.9902410601819738 0.13923714662899941 -8.934739892158547 0.922103329414043 -0.05932531411904876 0.3823688755484851 96.23764364217439
0.34053888895082607 0.13019828064365185 -0.9311722036388187 114.16271488165567 0.006967107113945645 0.9899893321962123 0.1409701442013879 -8.9267078854744 0.9402046184371781 -0.05449339276585883 0.3362227618919726 102.00891883296914
0.2921182887523258 0.13378255237960665 -0.9469789512207811 108.79731023749369 0.008561971352223169 0.989762398962979 0.14246784284747374 -8.820886445600987 0.956343870175878 -0.04972546910634998 0.2879822558755607 107.67142481798373
0.24269646839979475 0.13975068444884897 -0.9599834219518303 103.09571064412513 0.009678410354906589 0.9891712351320647 0.14644656349777413 -8.961568851029115 0.9700539946823937 -0.04483317726175333 0.23871580093774006 113.0821163454792
0.19300794282696365 0.14259647105311324 -0.9707801916236763 97.19764985289552 0.008728702592552831 0.989094696175107 0.1470220791218888 -9.130814457636875 0.9811583683365056 -0.036850080616883385 0.1896584503832479 118.12693927530286
0.14296296018336566 0.14471081513810913 -0.9790916055189491 91.07164833773268 0.007604088552141466 0.9890633796557345 0.14729497228781407 -9.301331760361032 0.9896988278526457 -0.028502824527417127 0.14029903471178506 122.84907806175197
0.09308241996583075 0.1462348583931695 -0.984860918751493 84.78341410086769 0.006242713911306597 0.989050268279666 0.14744692380291677 -9.494739844948937 0.99563883593215 -0.01987292144228503 0.09115029005451641 127.20672546567417
0.04233629205430876 0.14779985428794562 -0.9881107435138807 78.19672872857213 0.007571736471404453 0.9889215963734046 0.14824555653740412 -9.374166129365179 0.9990747255245225 -0.013757881331771707 0.040748171975697405 131.3175475912374
-0.008913330318921962 0.14599950288672345 -0.989244508551579 71.38795308523461 0.013724800892426225 0.9892084818833632 0.14587052207514173 -8.371224990422586 0.999866082224559 -0.012276991766747139 -0.010820956060819242 135.15675917592876
-0.06146632316317345 0.14777974406120753 -0.987108422799646 64.16845076547125 0.020509451926758418 0.9889566168518715 0.14677933221869122 -7.525912633990624 0.9978984184266776 -0.011223066876078783 -0.06381840856234783 138.7284643876135
-0.11425816828286214 0.1455114127692268 -0.9827367397907483 56.75365810887193 0.02531234523133962 0.989320278593593 0.14354327411058135 -6.642795863220392 0.9931285698032932 -0.00847438005990478 -0.11672115799230941 141.91697158463228
-0.16721419372898275 0.14695727142208953 -0.9749066487575826 49.0682575786882 0.027399827037313793 0.9891395128812381 0.14440316317654872 -6.425211589024162 0.9855397825018997 -0.0025660150510036367 -0.16942476995075573 144.71301050578668
-0.21946318763837314 0.14753701222558874 -0.9644007151050596 41.283581940246364 0.024497534823979643 0.9890212314458445 0.14572877045008162 -6.91113215722487 0.975313170247973 0.008356660391038578 -0.22066804518995659 147.04807054737554
-0.2696796248823788 0.14635113049538984 -0.951763755627425 33.61814376112538 0.021146396981801055 0.9890449683292317 0.146092027562483 -7.386553172027471 0.9627178869315702 0.019271668981969137 -0.26982007515502227 148.9120445805551
-0.3180761356768757 0.1438025049608423 -0.9370957322919856 26.050152696133765 0.020121984974078702 0.9892309830977544 0.14497298989864638 -7.441373490565263 0.9478516116109993 0.027256222160031547 -0.31754436023962745 150.36477062068653
-0.36348991630423605 0.1433194259972963 -0.9205078070700675 18.74396474080536 0.02013428299701571 0.9890731591993793 0.14604415907373564 -7.517272329390677 0.9313805298551904 0.03455181446992361 -0.36240375373814826 151.3925896090294
-0.40489896857669705 0.14062159974044802 -0.903483475738192 11.944266150629426 0.021331389454625385 0.9892870161703663 0.14441665922139693 -7.236697817257138 0.9141125735211513 0.039201598477246004 -0.40356094658349534 152.03958043271209
-0.4438453806199708 0.1420951708638792 -0.8847656415794402 5.3552117201804075 0.024245752096174307 0.9888905338393758 0.14665488600167867 -7.009512537693555 0.8957753187086616 0.04364028528824577 -0.44235969967025296 152.3697492104683
-0.47934017265955936 0.14117217999536266 -0.8662005624969663 -0.7599680698355401 0.024572265602902953 0.9887497272695954 0.14754721477358151 -7.030458567120899 0.8772851318914759 0.049440797117946265 -0.4774163852890869 152.4052052736337
-0.5131463689204662 0.13738623854816018 -0.8472342211698775 -6.675560349311054 0.02394959874943696 0.9890136305326729 0.145871365731328 -6.990409582398162 0.8579669112404521 0.054562442010690014 -0.5107990986076114 152.20600671187384
-0.5444798544049902 0.13476921317889085 -0.8278761666615746 -12.287625212948766 0.024434875516271312 0.9891371658653877 0.14495034999023926 -6.857243381774633 0.8384179297973207 0.058693494383374414 -0.541858329004403 151.8039978233109
-0.5733697577898733 0.1347110309737203 -0.8081460629032227 -17.596035252651838 0.026810654988202648 0.9889467321605817 0.14582712274474413 -6.602490902301736 0.8188579300654575 0.06194593677477546 -0.5706438392605407 151.233233885004
-0.5991509660936135 0.13636851265414054 -0.7889371005255026 -22.44746880368111 0.031478409743142 0.9886382941573394 0.14698106356163246 -6.062304080156924 0.800017018287194 0.06322936091851072 -0.5966362529789019 150.55249205015636
-0.6222697074256358 0.1373105693257013 -0.770666087726627 -26.872727942751958 0.03208608321657677 0.9881422971479643 0.15015087029705482 -6.212169372590583 0.7821450597454621 0.06870668190646266 -0.6192967764950594 149.758928006087
-0.6415225576879144 0.13593524133397697 -0.75496385220819 -30.593314536206446 0.029942605597543408 0.9878611676670715 0.15242622407407333 -6.664072792454714 0.7665195681439491 0.0751792762596388 -0.6378054782404197 148.96072951785902
-0.6583287235688968 0.13723125968022876 -0.7401154457858075 -33.9220165203112 0.030326798765878057 0.9872780627106448 0.1560843110851634 -6.878701266778119 0.752119390124175 0.08030945309796192 -0.6541152916285824 148.16453137962992
-0.6729812109924743 0.13714687654488528 -0.7268335599744171 -36.847077790672124 0.032022756912749466 0.9871405689499801 0.15661430385765018 -6.69010983905861 0.738966056521414 0.08212326946177571 -0.6687188766006975 147.4076372836177
-0.685839346328556 0.13646976492380467 -0.7148429158138594 -39.438217391697215 0.03474181836859131 0.9872801258313976 0.1551481846325724 -6.219104517884385 0.7269232401595527 0.08157178678918628 -0.6818567639291677 146.6893183242862
-0.6972395086682409 0.13609498915178636 -0.7038005551858034 -41.76367589118465 0.03676429653463953 0.9873091707827942 0.15449591511915212 -5.9006112572279745 0.715894862429102 0.08184592363683306 -0.6933943976782987 145.9908269317444
-0.7063427120865485 0.13534626386208332 -0.6948103064439923 -43.63367872161687 0.0365796297363979 0.9872182668056849 0.15511938748437323 -5.969801200641639 0.7069242560349498 0.08415154510616199 -0.7022653442151894 145.3716267697044
-0.7145939451240155 0.1354189386464997 -0.6863069318081749 -45.351792418376 0.03673612328365225 0.9869946880166353 0.156499019399587 -6.048985006321073 0.6985742271499742 0.08662099562346047 -0.7102751947513137 144.76898006149045
-0.7214428161824803 0.13349883898825515 -0.6794838651266707 -46.76024991644763 0.03472013094062006 0.9869803343665784 0.15704882069312892 -6.356331203847677 0.6916030476264242 0.08970997470975167 -0.7166849691122437 144.23502683957486
-0.7266012439460775 0.133292240805645 -0.6740057943645759 -47.845466636221516 0.033661689647532425 0.9867289900346163 0.15884832663689055 -6.627361408567662 0.686234306156495 0.09273121786257862 -0.7214453536392323 143.79328467869325
-0.7303748344575981 0.13406531162930851 -0.6697604746540158 -48.65736822011699 0.033469480737798846 0.9863953387631845 0.16094728803370678 -6.804119660770618 0.68222605861267 0.09513531354864635 -0.7249254286240913 143.43793436047125
-0.7329645998676632 0.13663843984188295 -0.6664029052295708 -49.244571732550405 0.035396961255325855 0.9859534761976141 0.16322621697426423 -6.711996118174135 0.6793452365879407 0.09605040099560627 -0.7275055807303872 143.1663844647194
-0.7353615307453081 0.13793022363164154 -0.6634897682020745 -49.772964740464346 0.03746492054592328 0.9858449454437026 0.16342008221632273 -6.4501704727592575 0.6766386028216279 0.09531525036439539 -0.7301199930282471 142.9182315874746
-0.7372302302966363 0.13915133405288257 -0.6611569358087926 -50.194081603113766 0.03871937021806331 0.9856547403267383 0.16427277084577058 -6.344655462075846 0.6745312430915898 0.09550727251227303 -0.7320423232235833 142.7000100305713
-0.7398028128454952 0.13838672579504882 -0.6584382372171435 -50.72962108337068 0.03758709150021098 0.9855914743372188 0.1649140875314862 -6.539986503506942 0.6717730335898041 0.09725512756412333 -0.7343448995560861 142.42010002522034
-0.7427920046050799 0.13728827758275503 -0.655295327873721 -51.35407090293767 0.03637823748047527 0.9855806591655996 0.165249472363806 -6.724482926650889 0.6685332166262057 0.09890749777980706 -0.7370757390868026 142.10644850591203
-0.7471556236878 0.13539089985967873 -0.6507132841942609 -52.261517303586324 0.03547256007224252 0.9857602844290265 0.16437262279444764 -6.780271659237257 0.6637018694215164 0.09972946343779787 -0.7413190019477399 141.69202801799972
-0.74961951883594 0.13230288279169958 -0.6485110054464608 -52.74911451754361 0.034330621080357455 0.9862710846829599 0.16152633213979206 -6.725232776959482 0.6609780521593819 0.0988195057835411 -0.743870096078802 141.4360674304635
-0.7535599773756582 0.12861372507108892 -0.644675011320383 -53.54752101533148 0.03354286558932422 0.9869197861736126 0.15768389843952826 -6.552213457674781 0.6565228378858226 0.09720002768708083 -0.7480173246335787 141.05908079926706
-0.75627923536642 0.12573768910112226 -0.6420527639478648 -54.09817365208541 0.03255182528236231 0.9873746675031468 0.1550214328531268 -6.490197278273165 0.6534386710505964 0.09633950130948088 -0.750823949846481 140.7694807058076
-0.7595835021127167 0.1247026840149362 -0.6383432806238752 -54.803550458810726 0.033445391533733854 0.9876382036248514 0.15314106087471235 -6.236189437281916 0.6495493122953296 0.09497378238307712 -0.7543644156218638 140.4231331786647
-0.7638816913385673 0.12034185142774989 -0.6340367500647506 -55.68084403807727 0.03027456628182377 0.9880605880341627 0.15106199061984965 -6.506379297646688 0.6446458037358012 0.09619830127671411 -0.7584046904900427 139.98073133985972
-0.7674189859558403 0.11879310897845535 -0.6300446787758327 -56.43535263774603 0.028975569535986727 0.988107267431359 0.15101140493153686 -6.673373742419645 0.6404908401878786 0.09763311583967924 -0.7617343751773717 139.5860243366921
-0.7710953285293592 0.11581265312464976 -0.6260985734662147 -57.20503937646775 0.026219032869102113 0.9882603606853176 0.15051253042034396 -7.000835259921324 0.6361796575147688 0.09964381001525169 -0.7650794432541211 139.1727852234587
-0.7750093158688013 0.11289672456615395 -0.621783635920733 -58.03068280596657 0.024578727640935397 0.9885535009436683 0.14885517095341638 -7.099381164657817 0.6314716513542992 0.10008149356525448 -0.7689130303107254 138.73661971168892
-0.7786446392849563 0.11144576147994263 -0.6174887593802466 -58.818382238330926 0.022876458390526475 0.9884883208310916 0.14955770535828208 -7.373680226521238 0.6270479992507009 0.1023263496304053 -0.7722306163362141 138.30497847198782
-0.7822682521958849 0.11067276670525775 -0.6130317449498021 -59.614078255832375 0.021561556717872125 0.9883124030515364 0.15090955319793178 -7.643561834440701 0.6225684547728848 0.10483383368121671 -0.7755116932950795 137.86065222566106
-0.7849931091969359 0.11072714493342001 -0.6095287670719249 -60.22489762029562 0.02040524780501221 0.9879847746958791 0.15319827293787708 -7.958438277483804 0.619168348977355 0.10782200306071871 -0.7778206549588605 137.4940130567231
-0.7881456282166446 0.10895786855164745 -0.6057678198812418 -60.90876428192221 0.01932585200048946 0.9881016857027066 0.15258299432087627 -8.055266290133503 0.6151853218075395 0.1085506406805197 -0.7808737274620032 137.1002347872156
-0.7907315129689246 0.10702375392637407 -0.6027350914733456 -61.4655088743501 0.020631089541085182 0.9886985679949065 0.14849073974214352 -7.590323085035759 0.6118153582104842 0.10498122565643922 -0.7840031311910997 136.79343585916507
-0.7932973973213392 0.10409748119100626 -0.5998691139014221 -62.00757700119353 0.021574981697449612 0.9894624594371041 0.14317318718751731 -7.084974916506637 0.6084519369415664 0.1006367516087699 -0.7871838950700725 136.49152113144044
-0.7956885848654737 0.10016843765290745 -0.5973658510602657 -62.50143377200428 0.021206193005344605 0.9902331329893012 0.13779927325067443 -6.749807238329723 0.605334596147453 0.09697745319593394 -0.7900413914970724 136.1981079502208
-0.7986217015323427 0.09619556182607258 -0.5940957765601032 -63.11941473998811 0.018208455216125984 0.990553472223251 0.13591273238774798 -7.008983216093451 0.6015578359561349 0.097725291257829 -0.7928290720252029 135.81314406233045
-0.8010858417071274 0.08956099248626667 -0.5918110364307665 -63.608505042179424 0.011562159469615932 0.9908730202905942 0.1343018024026308 -7.768248415370148 0.5984377918253345 0.1007446588414046 -0.7948098659617573 135.463277409133
-0.8037560167682822 0.08969087330034602 -0.5881596830414393 -64.21897358925553 0.010525715294353963 0.990560626421709 0.1366706065713287 -8.074219875873874 0.594865930127392 0.10365902097576452 -0.7971131240570681 135.07060984474447
-0.8061742301413659 0.09056973591153977 -0.58470525360466 -64.7844883105487 0.011706807417348704 0.9904631189933764 0.13727986223042904 -7.961612239332707 0.5915623900452673 0.10382645544766712 -0.799546124894058 134.72560863492424
-0.8089519237881354 0.08619359300183019 -0.5815216672875652 -65.37798546963889 0.010348319813546544 0.9911276188880886 0.13251020849075995 -7.800083046503027 0.5877837164097959 0.10117661588856863 -0.8026665528853346 134.36612539932392
-0.8132135172715838 0.08253077173582023 -0.5760837153083478 -66.32224863977216 0.009281225396374881 0.9916066580349433 0.128957724064568 -7.687490417544411 0.5818914281736081 0.09952340155692788 -0.8071539248251335 133.8219426800737
-0.8170222446139893 0.07934781120332515 -0.5711204572269847 -67.18793862577013 0.00599044443243444 0.9916008562688091 0.12919696754361637 -8.136079874673406 0.5765750310076049 0.10213553105656138 -0.8106352860037451 133.27966669527825
-0.8206988340018948 0.07900847517298248 -0.5658719684864858 -68.03359899318066 0.006454777012821815 0.9916118957521476 0.1290898294078462 -8.067764145031983 0.5713245660057381 0.10229129510213608 -0.8143247087155606 132.77133202370374
-0.8249131513385374 0.07738828912097756 -0.5599369120317497 -69.00789433653186 0.007979497951635203 0.9920794004507147 0.12535864873949062 -7.610854445386436 0.5652031673311493 0.0989419825366317 -0.8189968642983669 132.21398548894058
-0.829250270335472 0.07515547907813726 -0.5538010862332091 -70.00719543518831 0.00471690510953858 0.991822761916969 0.1275357195047049 -8.189365804552855 0.5588575309993901 0.10314680270338404 -0.8228237947077947 131.5863816855584
-0.8332345051463986 0.07678527863683787 -0.547562124711068 -70.96866768707007 0.004547032708434352 0.9912283877306599 0.13208182255868806 -8.52799561688289 0.5529010616077568 0.10756534916756184 -0.826274840311307 130.97815693317972
-0.8367412668636139 0.07794568412444437 -0.5420226219023029 -71.81821337238753 0.0052303392446374775 0.9909101331502833 0.1344237760646298 -8.60377237327254 0.5475734616276252 0.10964295849009217 -0.8295430825307867 130.43882367733246
-0.840122065125116 0.08151126502045006 -0.5362376612703331 -72.66700110070329 0.010516413036303497 0.9909055836195761 0.13414741670415153 -7.890793908733353 0.5422954183346568 0.10706090802115102 -0.8333388513845531 129.94520396370854
-0.8430784142318646 0.08509255470712385 -0.5310160492769496 -73.4184193648082 0.016205026009297907 0.9909741261691282 0.1330702010044748 -7.063985188143376 0.537546448772869 0.1035834851544805 -0.8368478218977026 129.50382622980965
-0.8445910087711525 0.08691115752389339 -0.5283109677082088 -73.79782273419174 0.019447132851422924 0.9910658005584448 0.1319484292718488 -6.557702378219339 0.5350587228770186 0.10116832340859451 -0.8387354370788848 129.24425268861984
-0.8453381842736295 0.08872094538531072 -0.5268130105254615 -74.00846143582882 0.0174657597952756 0.9901761807402187 0.13873023581572802 -7.2921303128408415 0.5339459724014565 0.10807277614945628 -0.8385833134588433 129.01530480438274
-0.8459496745103411 0.09174615319546504 -0.5253111378694367 -74.19122749638666 0.017113800399995355 0.9892522100024167 0.14521426528135542 -7.791348347076158 0.5329880543048945 0.11385389048762898 -0.8384277104134344 128.81110697722062
-0.8457850378570868 0.09446419242837396 -0.5250944544421902 -74.19900582258688 0.017252266635281593 0.9885283363282111 0.1500469512256876 -8.110340028372 0.5332448115387821 0.11784839678601425 -0.8377121977994201 128.71746551915032
-0.8449628620715031 0.09732917309796982 -0.525894280044953 -74.01592067442851 0.023176682691140406 0.9890415111480052 0.14580716925275997 -7.035701331666961 0.5343225646548798 0.11101315818466848 -0.8379591133286262 128.81613696827566
-0.843771872057466 0.09960422728166404 -0.5273784464995342 -73.74045836099035 0.026909031434073603 0.9892434098440457 0.14378240541667672 -6.399448307895441 0.5360269880816818 0.10712830619284598 -0.8373760171275103 128.93809105692603
-0.841147962106564 0.11065761208783605 -0.5293628233366907 -73.26585653836273 0.03811812156085849 0.9885389550724057 0.14607444373684086 -5.089158569578013 0.5394600213664087 0.1026919042153464 -0.8357255878313048 129.19934392951583
-0.8375361305117485 0.11542041493056238 -0.534051830728689 -72.46161727694644 0.041954480851002875 0.9881327645352486 0.14776150103612917 -4.703712853397121 0.5447688056634028 0.10134972851065753 -0.8324392956287477 129.59349085232355
-0.8354846458879907 0.11438017370969017 -0.5374779831282019 -71.94980289886361 0.04023580987029877 0.9882053129193349 0.1477543201469273 -4.927170482209732 0.5480387633092205 0.10182060390775839 -0.8302325448513563 129.80049086710113
-0.8336042985936282 0.11547692757751987 -0.5401564149054248 -71.51115912168291 0.03847371553544279 0.9876663995360787 0.1517723836550528 -5.43510222311553 0.5510205500515593 0.10573628717093742 -0.8277657826922916 129.95186108287683
-0.8300073116699868 0.11758602115723688 -0.5452168286129577 -70.6836303440311 0.039193949375959124 0.987404410628099 0.1532852380514527 -5.4437602091460695 0.5563737025657092 0.10585866757420295 -0.8241615409570737 130.33049848695276
-0.8274459589630452 0.11954223607421965 -0.5486737088562765 -70.10067271095686 0.04150314924585455 0.9874247107946794 0.15254484296337473 -5.0858064167638535 0.5600095299174854 0.10345092704475815 -0.8220019659922823 130.5892156158839
-0.8224645674575221 0.12373013226921978 -0.5551962622762807 -68.99142534872826 0.045445216472682785 0.9872287112994582 0.15268989451094242 -4.579714326586546 0.5669980313693006 0.10035101372010699 -0.8175835776657239 131.1252883283653
-0.8190425173744765 0.12486753226812783 -0.5599798693865239 -68.20831554421869 0.04449427492692858 0.9869136938744129 0.15498909749362763 -4.862938361428674 0.572004907524059 0.10202676231474941 -0.8138801665724276 131.44964772621555
-0.816287114460548 0.1264545443854611 -0.5636351612257148 -67.58614972206874 0.04283540465204354 0.98630902198329 0.15924710754880628 -5.371217814464543 0.5760559650537157 0.10584782169998032 -0.8105280770999863 131.67813347349363
-0.8129550916573679 0.12576106621920852 -0.5685843588877277 -66.80206833450501 0.043012566736482134 0.9867024057218088 0.15674272437831005 -5.173521429257525 0.5807356869102329 0.10296852318161631 -0.8075540509357233 132.01206785016893
-0.8100453979056839 0.12524121070574692 -0.5728360083590948 -66.12008661326018 0.04383764150092245 0.9871247180152792 0.15382799573189934 -4.8621382917459846 0.5847261876463709 0.09949588043841485 -0.8051061142832824 132.29075311609293
-0.8067706782375135 0.12671254666578674 -0.5771178417391489 -65.37752065329475 0.04433280091014833 0.9869625153495114 0.1547242581446965 -4.857665420189729 0.5891991815164408 0.09924174430367673 -0.8018699400076799 132.58395508171748
-0.804262656724017 0.12630881988096312 -0.5806958420890445 -64.80739916774131 0.042628509331250834 0.9868964082796932 0.1556222654919158 -5.14427798618166 0.5927431055621157 0.1004069785668271 -0.7991082839413313 132.77704083403884
-0.8021457891247659 0.12440010070279907 -0.5840263246931081 -64.29445441545704 0.03967286095443258 0.9870001953040548 0.15574555715476246 -5.537199403769106 0.5958088595288733 0.10176064767330528 -0.7966533584263689 132.93280299259266
-0.8009735263815866 0.12213108087439165 -0.5861104069373778 -63.98948665531692 0.037815097110805385 0.9873377159666128 0.15405925178427882 -5.663753597792018 0.5975043334289268 0.10123356021737194 -0.7954497707708322 132.9983607101022
-0.7990744241451041 0.12138514432374477 -0.5888511793438764 -63.55246767360679 0.03699812145301855 0.9874788903351664 0.15335116612330033 -5.719406812457287 0.6000926625831364 0.10075260731083845 -0.7935601479623016 133.13030838239322
-0.7996969740833516 0.11732523990086137 -0.5888289545565305 -63.63010438861681 0.0354651320043889 0.9882397403647593 0.1487428652934481 -5.6018136338263025 0.5993554655242935 0.09806632269030435 -0.7944532851591455 133.02016572887578
-0.7985482715170639 0.11674487113423179 -0.5905008832516352 -63.367914597128994 0.035146747654651984 0.988380915484714 0.1478778956940474 -5.581416073146209 0.6009037894591862 0.09733345246856788 -0.7933730741865009 133.07999687691685
-0.7985566777420137 0.11566640290771024 -0.5907017146344076 -63.34857552774188 0.032565890645005 0.9882280581233748 0.14948166410701344 -6.0268725364738565 0.6010380147712251 0.1001328536300432 -0.7929228943748371 132.99727962852728
-0.7982754475229105 0.11449843493214587 -0.5913090717046257 -63.267695769085655 0.028140331153118044 0.987782065887655 0.15327984888206656 -6.863700329018586 0.6016347992301392 0.10571990687096479 -0.7917441945770772 132.92137856118123
-0.7983124995879362 0.11267190734872105 -0.5916098328257086 -63.25053080798668 0.024261029966493583 0.9875625724741877 0.15534338696297836 -7.5091124088893135 0.60175456410951 0.1096595036582145 -0.7911170822519304 132.8222153417937
-0.7990970134601811 0.11110138413094894 -0.5908472268896642 -63.40124536427005 0.021817145004370563 0.9874879662507734 0.1561778751736928 -7.882382109181418 0.6008061045486116 0.11191067399537286 -0.7915225996666324 132.65644427967226
-0.8003923878737514 0.10749432175596894 -0.5897601175257433 -63.6402813981568 0.019260813200097995 0.987895291634847 0.15392177831798518 -8.059356187913425 0.5991669604614603 0.11183856023717517 -0.7927742994922644 132.45721910689235
-0.8003369937679565 0.10533640781049815 -0.5902244806817574 -63.60091090804978 0.018349780872612756 0.9882875322615978 0.15149600363774704 -8.009989096618895 0.5992695403142037 0.11041736623313196 -0.7928959725498304 132.40596787251746
-0.8008034885620285 0.1043562386193416 -0.5897656722530638 -63.69078832612667 0.018243157109176504 0.9884966267341618 0.15013862312500967 -7.929503368389817 0.5986492795665714 0.10947234534989567 -0.7934953343769693 132.2960076254418
-0.8023707210516947 0.10074516298543765 -0.5882615388872716 -63.993870511345186 0.015451830543586488 0.9888262414145985 0.14826970433210587 -8.162977378272238 0.5966259019954092 0.10987755196087785 -0.7949619215052057 132.06189383913912
-0.8032933362129049 0.09787305509358143 -0.5874867497081017 -64.1659798626877 0.01372232038009194 0.9891847856132053 0.14603135907996856 -8.23373595889785 0.5954254898132317 0.10924433622849916 -0.7959485919848515 131.90248018870557
-0.8054933705500098 0.094188559550173 -0.5850717436775152 -64.61468775506636 0.010929112908148485 0.9894814425480332 0.14424641882592376 -8.473522594001274 0.5925039953376057 0.10979521894384285 -0.798050139656681 131.59634640675483
-0.8078318391423847 0.09080567975831924 -0.58237620846963 -65.10144606913364 0.008410693792648576 0.9897366383515194 0.1426556936633121 -8.690169764108232 0.5893530180611266 0.11034362341460434 -0.8003045075931894 131.27006161953815
-0.809871832121757 0.08923244486823914 -0.5797802914195908 -65.54307625891944 0.006394546468216827 0.9896468151097637 0.14338162754888537 -9.000090398947512 0.5865720120421828 0.11241330938077629 -0.8020576803215884 130.957641890906
-0.8118314564471275 0.08816838981455444 -0.5771966920906983 -65.97255538316897 0.005884285250318103 0.9897187752564904 0.14290598690007777 -9.032444002217845 0.5838621939379434 0.11261918549830258 -0.8040036427452741 130.66856015156455
-0.8136967474979738 0.08903260335615376 -0.5744308475794492 -66.40209009898432 0.006892517631602604 0.9896090849494507 0.14361877379440843 -8.948653007488526 0.5812487387615707 0.11290285437107962 -0.8058553525062337 130.38547690746017
-0.8139846354704716 0.08722590121235269 -0.5743001439802156 -66.44817080064666 0.005036222770303071 0.98968425401661 0.14317721121670698 -9.156932291028243 0.5808645708581401 0.11365174661780844 -0.806027065806422 130.27755116427238
-0.8154967338076036 0.08858432199539505 -0.571942213030081 -66.80327465902549 0.006802539098143198 0.9896159561012217 0.14357571135704614 -8.953441981792443 0.578721697027983 0.1131948643997587 -0.8076311782382919 130.03927833672134
-0.8156741204912892 0.0853138677699002 -0.5721863971879285 -66.81014300523017 0.00414257870354065 0.9899023328017712 0.1416905450455193 -9.166962555037799 0.5784968177980297 0.113202983528489 -0.8077911340921005 129.9528245034494
-0.8167007820512479 0.08399980149831122 -0.5709149375740002 -67.02807627735174 0.0032089443408589158 0.9899945166292141 0.1410693436587355 -9.245489999522807 0.5770524545248009 0.1133794090315056 -0.8087988466451773 129.76466628377
-0.8176920792224399 0.08008619752750773 -0.5700577729866229 -67.21439505725344 -0.0008837930460717583 0.9900994785574693 0.14036467315560713 -9.722801549055676 0.5756551767219112 0.11527889453761132 -0.809525721634249 129.5655697780631
-0.8189284462515168 0.07922590042168023 -0.5684007887243389 -67.48715680413018 0.000519084709001881 0.9905272062347434 0.13731563734644225 -9.33504942535313 0.5738954002874926 0.11215663338014732 -0.8112120309251397 129.3840193778573
-0.819993262413078 0.08078478742966294 -0.5666435102576408 -67.74567396698593 0.0024721486647204527 0.9904802718042657 0.13763255300809565 -9.09747824668696 0.5723678345942724 0.11145693915809331 -0.8123868614369465 129.1999848798189
-0.820993512784032 0.07520189471533836 -0.5659631851964921 -67.92379775371586 0.0006418414894454813 0.9914083682571638 0.13080151141775911 -8.874726442333207 0.5709371594195267 0.10702393368256888 -0.8139881065550474 129.0556472048618
-0.8243949102651466 0.07016821910445283 -0.561648869808024 -68.65152712933006 -0.0034310755403281074 0.9916483696923836 0.1289253218226557 -9.273299552143122 0.5660046463144606 0.10821243881434463 -0.8172691162868534 128.57925326402258
-0.8273797552237032 0.07033423334223976 -0.5572215324860701 -69.33532407313459 -0.0030130410508921665 0.991557681203436 0.12963134817663302 -9.264874690259433 0.5616348121596371 0.10893328447552285 -0.8201828316319382 128.14609854400715
-0.8297002764857834 0.07045165895378502 -0.5537454423740877 -69.87092081371478 -0.0018875334971241095 0.9916437665806513 0.1289925479205522 -9.07623678806259 0.5582059551963878 0.10807036574564874 -0.8226341274411668 127.80426335543545
-0.8322834319709987 0.06518331917374467 -0.5505046991335037 -70.42323106660889 -0.003856412717377942 0.9923579794625577 0.12333194508294454 -8.951375460167004 0.5543369164574276 0.10477010784800658 -0.8256717311098811 127.44638082650484
-0.8346905219568401 0.06238258503634574 -0.5471746938954696 -70.95867917139263 -0.005545655870571382 0.9925612306704846 0.12162010142595285 -9.056064290226365 0.5506913638839663 0.10454958849310193 -0.8281354993535418 127.07987959856489
-0.8377637945976554 0.06159218780125063 -0.5425479028281217 -71.66551964819051 -0.005672338331848544 0.9925824786512304 0.12144071661690972 -9.05945842241505 0.5460033416007513 0.10481615083771681 -0.8312002920381937 126.62406928434054
-0.840120616892374 0.058539167669714155 -0.5392314112891734 -72.19437869563511 -0.006160674399547671 0.9930649126966123 0.11740581442932195 -8.851985584826519 0.5423646330314316 0.10195707439607472 -0.833933666317216 126.27836099214508
-0.8427756516961907 0.05973251071170704 -0.5349403967472796 -72.82585265932413 -0.002093486132855652 0.9934522336764313 0.11422905374343809 -8.113787695919997 0.5382609202086591 0.09738935551375996 -0.837132304482835 125.90799813059441
-0.8453972725703227 0.05999077582475943 -0.5307584745876441 -73.44631436429049 0.0016427182003309199 0.9939601645167143 0.10972917948667578 -7.329294603410828 0.5341355193277955 0.0918928624532301 -0.8403897600652794 125.53843657860803
-0.8487866015686593 0.06044470627320188 -0.5252692095307627 -74.25252599384864 0.0040158138046001435 0.9941523746432441 0.10791167328276134 -6.900959450120376 0.5287203213770137 0.08948459909249744 -0.8440659502007187 125.03037280030728
-0.8516374700288428 0.056595435705699915 -0.5210667676029183 -74.9010215409096 0.0018429019667596247 0.9944703144995592 0.1050018918471864 -6.986176826211121 0.5241280600723573 0.0884632705501515 -0.8470324824989641 124.58168287750972
-0.8535462055846845 0.05659482905128849 -0.5179342624857355 -75.35853051179916 0.002021007628504875 0.9944350973822899 0.10533163163285916 -6.986931225932464 0.521013234438582 0.08885866541272294 -0.8489106826521368 124.25221677950628
-0.8552036396883752 0.05720013922586316 -0.5151260804272072 -75.76116688323197 0.0007399130946839083 0.994025102989508 0.10914919676896714 -7.407003730394625 0.5182916044008122 0.09296364181356206 -0.85013620915027 123.93029664889161
-0.8592672338883942 0.051660534494051454 -0.5089115934438678 -76.69127722800046 0.0010786970860525782 0.9950679447491357 0.09918982682376143 -6.698770543981238 0.5115258128172852 0.08468160667181607 -0.8550850064836218 123.35889765981857
-0.8627418016221693 0.05075113604809442 -0.5030913494819418 -77.52494023761163 0.001689819449424007 0.995234094883966 0.09749995328573367 -6.506516616287939 0.5056418972395007 0.08326715180861964 -0.8587158163127767 122.80060392953628
-0.8631832394676269 0.05239444832338431 -0.5021648303964165 -77.63336007240059 0.005454966517725722 0.9955106685418817 0.09449207458610602 -5.818222795535756 0.5048613061450283 0.07882468270905975 -0.8595939337578832 122.72381155770798
-0.8660161424656198 0.05918667658575762 -0.49650073343722295 -78.38537984910245 0.014334997710630504 0.9955003237162812 0.09366756814082128 -4.622673706437513 0.49981051292425177 0.07400028915830067 -0.8629677910414062 122.25375583740923
-0.873171409238287 0.05210494609209643 -0.4846202272724114 -80.08757030687666 0.004428427136824335 0.9950767089561644 0.09900874873495653 -6.248778231967751 0.48739314636330067 0.08430550329431434 -0.8691032752166882 121.03802503560259
-0.8757324462263447 0.05150381006036758 -0.48004170670441537 -80.71742704806006 0.004439592899791008 0.9951106408877898 0.09866662255685343 -6.224056697134898 0.4827763173989653 0.08427437297991622 -0.8716793317599859 120.58527322838016
-0.8748830442267047 0.048740221513088045 -0.48187555419575806 -80.48607268389401 -0.00091850132040271 0.9947548155450995 0.10228398361992116 -7.155336601302897 0.4843333720485697 0.08992912629782962 -0.870249353325454 120.66992407828242
-0.8762324793319126 0.04344021439173712 -0.4799266505805333 -80.78728573685102 -0.009033785111160722 0.9942727947224067 0.10648943798077556 -8.47690235485517 0.48180393615081096 0.09764505849502059 -0.870821686489886 120.35483679104328
-0.8775867444835407 0.04055769746713056 -0.47769925589532314 -81.10522190740872 -0.01379159226330587 0.9938670534345023 0.10971814836326427 -9.303115966363784 0.4792194673525101 0.10287542599467212 -0.8716451966464287 120.0529153378827
-0.877969988766698 0.04512816568884771 -0.47658383049214353 -81.23121620873866 -0.010742379779916381 0.9934387924031536 0.11385941781525384 -9.185141363074658 0.47859513171538665 0.10508479628435509 -0.8717246615119979 119.95252732453065
-0.8785964406289769 0.04818776301459159 -0.47512759760904477 -81.40705126450536 -0.00602840722293875 0.9936979064291007 0.11192912518543408 -8.45065039284306 0.4775269131896622 0.10120479363188145 -0.8727689481904596 119.86219082133063
-0.8786861115363686 0.04464475625116781 -0.47530786142496134 -81.40515741421494 -0.009515181244880329 0.9937821728749036 0.1109344590373623 -8.831011552651791 0.47730512119499985 0.10199920889550541 -0.872797790250249 119.81371788368051
-0.8794008424193142 0.044346713152598256 -0.47401215953260284 -81.59172327511108 -0.00903126934428563 0.9939190511750627 0.10974222471452391 -8.687743940493744 0.47599642280823024 0.10078833634812742 -0.8736527437889412 119.67381235724531
-0.8790754655228372 0.04609380755529671 -0.4744488242380439 -81.51069366537818 -0.007180661657423537 0.9939204402629767 0.10986626654989039 -8.45870100350269 0.476628538816098 0.0999875958932168 -0.8734000896802828 119.72628341011819
-0.8795966103381755 0.047325314053769815 -0.47336045222568374 -81.64926418712128 -0.006134620781733456 0.9938282906145284 0.11075962803326883 -8.382847780574613 0.4756807432611248 0.10032768024785485 -0.8738776728276264 119.6153412877603
-0.8790727116834611 0.050417318151142136 -0.4740139888272633 -81.53881405598908 -0.0033218424533664748 0.9937189977190676 0.11185490125571775 -8.094129470590362 0.4766761300256196 0.09990319115352557 -0.8733837755884527 119.69210328901856
-0.8798909964056265 0.048985986918569605 -0.4726438485053282 -81.73331715116078 -0.004630201520888836 0.9937409016951773 0.11161353650848699 -8.245930382575647 0.47515302343370375 0.1003961821169965 -0.8741568571704629 119.52483847725118
-0.877718573081361 0.05376382876143816 -0.47615077148412815 -81.22431947380385 4.3841014776741655e-05 0.9936945970613025 0.11212067538657225 -7.678179812219448 0.4791764858024495 0.09838952428021208 -0.8721865608721155 119.89764378408194
-0.8773023956855164 0.05223655779380787 -0.47708683544435365 -81.1065179261622 -0.0022150412469281976 0.993607978238574 0.11286398527842144 -8.01790385103739 0.4799329120999392 0.10007261169024968 -0.8715789535508327 119.93800497943751
-0.8772184002274761 0.05214024148490788 -0.4772517925793918 -81.08432233212784 -0.0018536169204360353 0.9937097617212508 0.11197086033521014 -7.911308416370761 0.4800879527822581 0.09910754097338079 -0.8716038394336901 119.9411995027195
-0.8766316640048956 0.05275677179154085 -0.4782610675082628 -80.9420516678873 -0.0011653076033234372 0.993735167846176 0.11175445514127035 -7.807977212458763 0.48116064648119083 0.09852481522879324 -0.8710782359018819 120.02801483934809
-0.8754808270010391 0.053891165341576605 -0.4802385489022131 -80.66289658267239 -7.168291631206788e-05 0.9937479736812294 0.11164658376327916 -7.659907432012383 0.48325284936059715 0.09777886838462721 -0.8700034347531541 120.20963580723881
-0.8748711767099449 0.054390809209714376 -0.4812920776780655 -80.51468107517424 -4.3318015004442656e-05 0.9936661022067038 0.11237293023182024 -7.704076130212855 0.4843556774579051 0.09833268631969949 -0.8693274759924741 120.29045410540913
-0.8744292493653159 0.05467325764714982 -0.48206257140817155 -80.40630955558865 0.0002980780366800377 0.9936902334631601 0.1121589544771799 -7.645755572685769 0.4851529645420032 0.09793137810823678 -0.8689281018461351 120.35082658686348
-0.8732368041153178 0.056185089754575535 -0.4840461957579425 -80.12379861332649 0.0014935689313560797 0.9936346827886572 0.11264051851501804 -7.523663501917968 0.48729380581976767 0.09763889004262145 -0.8677622911609673 120.53195988828762
-0.8729939380277765 0.05631691590744595 -0.4844687700455299 -80.06224353044908 0.0014453656427402505 0.993605659297223 0.11289687653203745 -7.54652066317862 0.48772891557187137 0.0978580543195346 -0.8674931158919253 120.55591645374356
-0.8721710883115333 0.05676120946643083 -0.4858968592339156 -79.85375758172295 0.0014432654124217834 0.9935401282506402 0.11347215755704633 -7.584225722861174 0.4891988447435511 0.09826585701865019 -0.8666188964279312 120.6767670222402
-0.8719402847404207 0.057136299323692186 -0.4862669875144595 -79.80856145793851 0.0016498698638628163 0.9935048017483857 0.11377823531912058 -7.578467421346122 0.4896094543370526 0.09840554965292513 -0.8663711271858495 120.69199913297624
-0.8713902364578565 0.056652599487444145 -0.4873084636831543 -79.66691677633673 0.0006474190250370104 0.9934419229141369 0.11433602514197976 -7.744119802415144 0.49059009025308176 0.09931580321367113 -0.8657122700860237 120.76073716902162
-0.8708894050627484 0.057394980305307076 -0.4881162365515059 -79.55089355963858 0.0010107075304615007 0.9933648413768794 0.11500117558779707 -7.7411550680835814 0.4914779981034147 0.0996599626331501 -0.865168925255767 120.82291849971232
-0.8706257413480134 0.05765967394407011 -0.48855519698687633 -79.48707233005068 0.0012542183556517594 0.9933644001110988 0.11500258922403894 -7.709865808147736 0.49194435197341 0.09951145960430996 -0.8649209350968916 120.85257241529747
-0.870346129305238 0.058255578107191536 -0.4889825179112099 -79.42288051357575 0.0017845867084899276 0.9933445404761938 0.11516700550252618 -7.65231408299842 0.4924372350398269 0.09936252576065044 -0.8646575380003313 120.88434753582148
-0.8696088069253605 0.05927888655879973 -0.4901699057737021 -79.24985447399601 0.002580907718312323 0.9932987553205076 0.1155461881417158 -7.574795196920714 0.4937346066797431 0.09921489952159496 -0.8639343388705644 120.98858731381698
-0.8695300895445838 0.05950273055970666 -0.4902824170134262 -79.2322563974551 0.0030191027685231263 0.9933375961285223 0.11520115075849692 -7.495161461192642 0.4938707405739495 0.09869065393211147 -0.863916573768203 120.99132207459442
-0.8694775853315655 0.058876447725758896 -0.4904511112324922 -79.21390240150058 0.002611542050874046 0.9934055057709894 0.11462408539221702 -7.508659373608633 0.49396549318156524 0.09838223928678247 -0.8638975787318839 120.98831603686207
-0.8688383761002368 0.05979703372119619 -0.4914714548919901 -79.06422857690542 0.004592546276539357 0.9936101531792451 0.11277309970828156 -7.130779596290136 0.49507452442455696 0.09572449141814385 -0.8635612526095277 121.09554671898184
-0.8687754634761584 0.06075171625126363 -0.49146558682608904 -79.05654678872885 0.006119876628124205 0.9936876899089334 0.11201482952495359 -6.883610161243618 0.4951683967821883 0.0943080266784001 -0.8636632763595912 121.10105405834126
-0.8691280236177392 0.06037215946639666 -0.49088866448889046 -79.1398547819872 0.006442293396462191 0.9938197085015993 0.11081914929104002 -6.762410379628305 0.4945452208020177 0.09315357940068587 -0.8641454942466134 121.0394688453066
-0.8688750301058767 0.060029539632240746 -0.49137830276687317 -79.06351901662829 0.005849272597161247 0.9937959544145419 0.11106478739624871 -6.854518124282737 0.49499693743355194 0.09362721485140453 -0.8638356189522247 121.07016984482257
-0.8681486524958286 0.060279368962612635 -0.4926299979164344 -78.89826645324095 0.004915437176510044 0.9935923828654367 0.11291596516501204 -7.097742647086797 0.4962799166267367 0.09560635119724861 -0.8628821877659242 121.15019333348172
-0.8682900840617123 0.06006997481886012 -0.4924062632068831 -78.93099239521786 0.004544495518958542 0.9935625351254874 0.11319379998698022 -7.163643504635167 0.4960359638983678 0.0960473160493089 -0.8629734848760657 121.11129581192738
-0.8671730612639786 0.06223183853782974 -0.49410330912701 -78.67551200465905 0.005421759200700427 0.9932824986184279 0.11558755324645238 -7.209179240903437 0.49797739541592617 0.09755550323038333 -0.8616852310700451 121.26096910217788
-0.8682771016956539 0.06030590471841016 -0.4924003173507194 -78.92828004390273 0.004191278722330865 0.9934398350298633 0.11427916414862915 -7.280178671599335 0.4960617984219979 0.09716219445819257 -0.8628338195240156 121.07849606501544
-0.8677733202862296 0.05975064795008108 -0.4933551709153947 -78.80761933257881 0.004033072117160898 0.9935598221364165 0.11323698232269289 -7.231642339707092 0.49694385893047377 0.09627429514568026 -0.8624256844305438 121.14645877595748
-0.8670294422437974 0.05928107754358441 -0.4947177984747276 -78.61427468064308 0.004632291890545696 0.9938131532727105 0.11096827588997249 -7.00362199336139 0.49823537425021364 0.09392108510565558 -0.8619398712313555 121.27198844552791
-0.8674153581556955 0.05875016695625471 -0.49410425450327666 -78.70431842404118 0.004357635460117786 0.993864033061155 0.11052282479475661 -7.009251771288698 0.4975656815424706 0.09371606943330446 -0.862348938006622 121.19942448588789
-0.8671474906733017 0.06014665320217728 -0.49440632027470405 -78.65020449381264 0.005315100137575458 0.9937422763846334 0.11157077501036786 -6.955541889361253 0.4980230708807813 0.09412049848180573 -0.8620408068276192 121.22419649574276
-0.865366661147906 0.0617877168753894 -0.4973156138882551 -78.22863403738712 0.006184938997936616 0.9936113465660579 0.11268646105356797 -6.917403450691137 0.5011010759351022 0.09443923982387939 -0.8602202867162403 121.485700287682
-0.865093286805232 0.059044891051547845 -0.49812378578545263 -78.13944826111207 0.005009746197349556 0.9940154377966376 0.10912475367668228 -6.831888500008247 0.5015859921963121 0.09190761808832437 -0.8602118821370535 121.53490812271917
-0.8644788906782117 0.05441739109464108 -0.49971491384410505 -77.9534251744282 0.0030102794524434033 0.9946655746662268 0.10310835461553261 -6.689417400684436 0.5026601096062693 0.08763071448046686 -0.8600312041375336 121.64919981925195
-0.8640409583169403 0.05255891289908288 -0.5006703336783698 -77.83304902380455 0.0035513462527639525 0.9951466570928968 0.09833879609099097 -6.303345521740669 0.5034089890839619 0.08319069390081527 -0.8600341261588196 121.73348317070737
-0.8630596095603584 0.0532277828865787 -0.5022896708817542 -77.59991196275494 0.005862813977436519 0.9954206767434784 0.09541123478826963 -5.811921073612499 0.5050680526006249 0.07940075214086814 -0.8594194452080293 121.89393916408518
-0.8624197455510365 0.05478838690009437 -0.5032200464454601 -77.45629053980227 0.009147222119827006 0.9956496987809638 0.09272543148924625 -5.21193663401395 0.5061111644798759 0.07536517749107954 -0.859169121425207 121.99922438653624
-0.8619079084554666 0.05349543062561153 -0.5042350605066085 -77.32301744206272 0.008430712771736047 0.9957936972098389 0.09123505729334623 -5.205061983763206 0.5069947538427625 0.07438515644495257 -0.8587334674254734 122.07115530555336
-0.8611107257646885 0.050506709324964996 -0.5059025501874596 -77.109861322888 0.005161004853268505 0.9958705408839497 0.09063790503103264 -5.585180513599147 0.5083912686129809 0.07543830666626503 -0.8578154696001994 122.1762638251832
-0.8607365650763376 0.0482138662418609 -0.5067622604758563 -77.00393420481898 0.00257695994751192 0.9959045290951803 0.09037437803456906 -5.899704032449842 0.509044128556667 0.07648262567222851 -0.8573356887195733 122.21510403615599
0.9923791100255417 -0.11585556024754629 0.04196654792380546 -76.52633316567368 0.11963617842238958 0.9874636010446501 -0.10297000254646045 -6.3971721751795725 -0.029510791202542373 0.10720599690156833 0.9937987660643078 123.25045079692144
-0.8380829403152794 0.41418581674286153 -0.3550592828832172 -77.11340864611402 0.20798165659320406 0.8442604435177272 0.493931102515317 -6.212629358446556 0.5043417647520798 0.340109412866358 -0.7937033271988085 122.45246899453475
-0.8399434906688675 0.2747225817585175 -0.4679983285813451 -77.00411348633057 0.12304943895529744 0.9363466188669728 0.3288066983946254 -6.156015102320462 0.5285392776850029 0.21859211424093572 -0.8202827070808534 122.49802265572079
-0.821570254374244 0.37667752572441354 -0.4279443407051596 -77.00163526580714 0.1789314270591587 0.8830769621131406 0.4337725479967583 -5.982849393715802 0.5413001584500164 0.2798019310139957 -0.7929092116143097 122.66336735640158
-0.8222251029932657 0.3752006984399511 -0.42798401360084265 -77.0830192106895 0.17874801553406944 0.8841338486994363 0.43169026457236015 -5.866818512651769 0.5403656419040218 0.2784452791377422 -0.7940234250798647 122.60452346730166
-0.8233907045535419 0.3728060521393558 -0.42783571045798613 -77.24290891456052 0.17747990778002343 0.8852858326671523 0.42984866733912336 -5.906325911324614 0.539007077865603 0.2780011546146776 -0.7951017092446033 122.48870932302808
-0.8233093986126568 0.3752437430467959 -0.4258565104120112 -77.36528682345498 0.18098083373639856 0.8846767617852342 0.42964283419751104 -5.442468048955697 0.5379661438939659 0.2766571171349512 -0.79627461818297 122.42015276402917
-0.8243036170757139 0.37404477765557165 -0.4249871188453703 -77.55120380918687 0.1806114979254149 0.8851796700348966 0.4287615171328337 -5.430776896309996 0.5365659639718428 0.27667210930179686 -0.7972135913552038 122.28966357333661
-0.825170512908992 0.37307195849119884 -0.4241590956387144 -77.71813690179165 0.1795626435683953 0.8851668032610592 0.42922836280857174 -5.5965933243476185 0.5355846167135874 0.2780234597873687 -0.7974033321648594 122.16274944795028
-0.825640169296624 0.3729209846885446 -0.4233771959172675 -77.83098195297751 0.17904527478994217 0.8848025814281494 0.4301943531399229 -5.7274674722195895 0.5350337376458013 0.27938205217409523 -0.7972982933029237 122.07154979530655
-0.8263581982611731 0.37287626929961204 -0.42201352580190005 -78.01446815748876 0.1790784279057194 0.8844824789630896 0.4308383235810429 -5.765989962647052 0.5339129562254168 0.28045326206074084 -0.7976734438190389 121.9389135808516
-0.8268666609552057 0.37235863855847373 -0.4214742807001029 -78.11615125528621 0.17841099355095016 0.8843865499452169 0.4313118913920178 -5.883273285008489 0.5333488936718178 0.2814417782897147 -0.7977026282093919 121.85479461081692
-0.8275825559108112 0.371995616505019 -0.4203883614625645 -78.28043235752146 0.17750835167640622 0.8838913292228279 0.4326972419715986 -6.091604499684694 0.5325391048901988 0.2834702443392492 -0.7975253741022865 121.725574652267
-0.82791401950139 0.37282082731338617 -0.4190023950222891 -78.4157340050946 0.17786137799868718 0.8830446984638028 0.4342780108771112 -6.151546330735883 0.5319057308672847 0.2850205102029229 -0.7973955117971291 121.6218389520956
-0.8282278201905731 0.3744527742082317 -0.416921812514206 -78.59510983933636 0.17931993251866302 0.8819542945239812 0.43589102327555324 -6.071638052002213 0.5309265859456219 0.28625468076254373 -0.7976059290637578 121.4963283804937
-0.8283346250608807 0.3756516169673639 -0.41562917558209883 -78.69538271459335 0.179275328309838 0.8806101073147696 0.4386185079935298 -6.259294126635932 0.5307750046720833 0.28881084045595534 -0.7967849100293471 121.4080984951651
-0.8287933086281921 0.37556069113949503 -0.4147961171997144 -78.80997890137904 0.17783862339400097 0.8796545836718326 0.441113633267508 -6.610315848840943 0.5305422467650065 0.29182525712480706 -0.7958410291644803 121.30128033605833
-0.829307096862802 0.3751989601779861 -0.4140959784571073 -78.9225717006424 0.1764422090246362 0.8789659050473315 0.4430429828344341 -6.918122303315026 0.5302055129546445 0.29435468069267057 -0.7951335963137379 121.19707630538251
-0.8297547172581379 0.37525081043012753 -0.4131512295266712 -79.04348093680841 0.1752570459503877 0.8779805759941576 0.4454605212829861 -7.231646285892363 0.5298981760985891 0.29721530486921177 -0.794273873118643 121.08609692986634
-0.829713142673901 0.37624484356411564 -0.412329866206188 -79.09313629424265 0.17469710872490346 0.8766141573113364 0.44836206285154734 -7.496897651067415 0.5301481123962982 0.2999790607571632 -0.7930671737185269 121.02371529802443
-0.829749270291315 0.37783753411433807 -0.4107979384873136 -79.20018902219823 0.17541416579639155 0.8752592583403719 0.4507228651038445 -7.561982552186421 0.5298547148879458 0.3019271907328963 -0.7925237867768733 120.93584468725336
-0.8299999095114762 0.3794624458010821 -0.40878894608049526 -79.3665667341369 0.1767419119822633 0.8740695713084676 0.4525093159941409 -7.510257702794911 0.5290202706511302 0.3033325514007559 -0.7925445832891123 120.81631892301534
-0.830390113060975 0.3798710098314285 -0.40761535302320506 -79.49506688617303 0.1774751284172038 0.8737890814512205 0.452763978171774 -7.43283094791612 0.5281617545069677 0.30362914390137913 -0.7930034703895296 120.72294230518354
-0.8309090899583114 0.37887736052279053 -0.4074825516607235 -79.57073868306726 0.1766317814320676 0.8740755348629048 0.45254079721309265 -7.526047755393516 0.5276279920671241 0.30404589297902146 -0.7931990903611806 120.65368315109106
-0.8320359237973598 0.37686010708163503 -0.4070536588720125 -79.74421344019785 0.17529186397481128 0.8748190487254077 0.4516241738563271 -7.636872403484889 0.5262974291547607 0.3044143421023265 -0.7939413859898584 120.51856527957283
-0.8333483736390884 0.37560298576424594 -0.40552790932076416 -80.0146529123578 0.17470807116699855 0.8750308663137517 0.4514399991884991 -7.69927081217537 0.5244116493959619 0.30535779027755083 -0.7948264224940047 120.32201884065486
-0.8351115201604953 0.37535149627294134 -0.4021193891630826 -80.46847565356329 0.1755252422931049 0.8746361245757871 0.4518877503373986 -7.623996471052691 0.5213248873909372 0.3067945629125659 -0.7963023659101575 120.01036688466787
-0.8378705198781586 0.37496139980764603 -0.3967076260590345 -81.1835095225469 0.17651847573652607 0.8738116012543274 0.45309437564044164 -7.576272828989065 0.5165406272915593 0.30960819460672995 -0.7983285953726095 119.51692280838188
-0.8409122814627621 0.37372140360032613 -0.3914062434045917 -81.92788863451577 0.17769051372272862 0.8738333845741725 0.4525939652012593 -7.392328070189099 0.5111678943537485 0.3110426473888236 -0.801223973235516 119.00642352412308
-0.8444808618985676 0.3712787983795133 -0.3860105280441416 -82.74607326434642 0.17752572368550823 0.8740234423202088 0.45229154281798023 -7.392832033028317 0.5053085110276581 0.3134247535670994 -0.8040076072615321 118.42632795496374
-0.848707123368327 0.36830455287010344 -0.3795365266730102 -83.70548168306824 0.17781025756170435 0.874586210993227 0.45109031451179626 -7.276456082017921 0.4980760293867792 0.31535807564681784 -0.8077558746766477 117.7441396997272
-0.8532824272668941 0.3654254035770691 -0.37198571711566275 -84.81091277875203 0.178004022431865 0.8746436323490407 0.45090252204811626 -7.2388597303504305 0.4901261748933572 0.3185322445401911 -0.8113652333398285 116.94006706369811
-0.8592647191824204 0.3624530333522067 -0.3609597498089507 -86.3125666485201 0.18039886547063108 0.8750257416242307 0.44920618966335824 -6.8181174928136805 0.478665218817145 0.32087030106999304 -0.8172648641572613 115.84808947237588
-0.8652239415432869 0.3604366500172712 -0.34852970074962936 -87.90795640602798 0.18426822145713462 0.8750787972897094 0.4475291287670787 -6.20912355212661 0.46629685130968174 0.32298996866516344 -0.8235561465986113 114.6642541321767
-0.8722784750964248 0.35648710812910933 -0.3347345270825829 -89.72991456175369 0.18668691918670796 0.8754303835886162 0.44583588650361466 -5.785928149512496 0.451971521324111 0.32640248961616863 -0.8301705599961586 113.25440946058309
-0.880262000506385 0.35104360753472197 -0.3192290652078926 -91.78644068046997 0.18925670424810084 0.8767126272138991 0.4422181239850409 -5.2148107385992954 0.43510999800239447 0.3288515696978048 -0.838174167309901 111.61043386793727
-0.8887198249358628 0.3449624860616967 -0.3019568776764377 -94.02159696546806 0.19226084304274732 0.878370489836615 0.4376083303785213 -4.5225862668949075 0.4161884681228704 0.330856714899847 -0.8469480463447684 109.75324556909365
-0.8959088668115374 0.3413720296677975 -0.2842752886357788 -96.12188123350892 0.1959316761078816 0.8779581247673829 0.4368069475780991 -3.9980075967691255 0.3986954735961058 0.33564068364164146 -0.8534560626174896 107.92887034243381
-0.9034074825002532 0.3366509946149055 -0.2655579567389193 -98.32992726701161 0.19763888362880916 0.8765500518561264 0.4388608871487407 -3.915069385376518 0.3805177949065101 0.343985631118244 -0.8584172023810279 105.9134651943926
-0.9106399422677378 0.3318790050295167 -0.24615284188330838 -100.54930424112602 0.1998559569887304 0.8751737573701399 0.4406001485096774 -3.746243899693633 0.36165244642160205 0.35203298202192507 -0.8632961760404254 103.80491632002318
-0.9171267492297482 0.32730532781803023 -0.2274857099450563 -102.62374810745882 0.20184742605990838 0.8734951974996127 0.44301665492180153 -3.650667858313668 0.3437093866048239 0.3603850195652485 -0.8671715489063806 101.74826545260245
-0.9232079398580945 0.32149113049481354 -0.21054821964609396 -104.5307899511323 0.20219443031768763 0.8722571269662861 0.44529194558741647 -3.757027804876805 0.32680959614350186 0.3685253823954161 -0.8702784211956732 99.7748132476047
-0.9289527103302573 0.3151805454829391 -0.19418569905929278 -106.35583926315006 0.20213109617664832 0.8712876243991055 0.44721459672889785 -3.8926352720328183 0.31014493697059736 0.3761902435178791 -0.8730927893147802 97.81243817965178
-0.9344048931830419 0.30846997157626244 -0.178139754775087 -108.12239288345685 0.2021597223987759 0.8709783646443451 0.4478036790392788 -3.927897557818154 0.2932898604371419 0.3824172655061529 -0.8762066496024545 95.84622240185773
-0.9396549253123684 0.30193119448724703 -0.16089181188522833 -109.9426410483917 0.20309787604726456 0.8707279274854779 0.44786619546683165 -3.8112831420684574 0.2753177692799676 0.3881628911840343 -0.8795053699815335 93.74937611626835
-0.945301351929166 0.2931889992480271 -0.1429879881697462 -111.85679076108904 0.20225471822952693 0.870724127669567 0.4482549748167508 -3.9450536771925404 0.2559265187408014 0.39481603844576985 -0.8823955534742922 91.44331682096342
-0.9507355646609019 0.2842271564831129 -0.12376109892223752 -113.83151817374869 0.20175067027786125 0.8704050870849044 0.44910093678276086 -4.06595490951952 0.2353689723208 0.40200734806001204 -0.8848680912850269 88.95953504509345
-0.9560317395120809 0.2748484369393082 -0.10228220645607851 -115.93774638842093 0.20189305309481542 0.8698026539598499 0.45020277462100944 -4.120569527226722 0.2127028635386905 0.40975807481539706 -0.8870489343694747 86.1862704233154
-0.9609978487365114 0.26522526166113275 -0.07834982642342643 -118.164827147365 0.20306441247999996 0.8690410878350716 0.4511456882633241 -4.032354717750684 0.18774445160363545 0.41763997441722417 -0.8890044278072133 83.10315482619714
-0.9657319997382936 0.25419347760978206 -0.05241546167040492 -120.49459730048113 0.20408653719716632 0.8685092809909865 0.45170821795423444 -3.9383845091623795 0.1603445977148782 0.42553179055526 -0.8906246713461784 79.68479331415115
-0.9699228362930623 0.2419715139900851 -0.02644764742973537 -122.76285120729192 0.20429992729688629 0.8683205139471887 0.45197458420245007 -3.929173759177182 0.1323300092333879 0.4329772181949493 -0.8916386584151984 76.13714068976729
-0.9733562531562063 0.22929424453671138 0.0013243353238224231 -125.04035996744643 0.20535752309757105 0.8691461329817742 0.44990364216136003 -3.6542892650667924 0.1020092748182326 0.4381884856373628 -0.8930761215629343 72.34292489933713
-0.9761137538396438 0.2152599116978653 0.02941275201178233 -127.25869074165016 0.20557376655005266 0.8713035317191294 0.4456114699154374 -3.3421977616740297 0.07029485096010815 0.4410139748688238 -0.8947431519150604 68.3742401082915
-0.9778874151568322 0.20085060512066885 0.05826866825790977 -129.40054912273266 0.20574872733525648 0.874056066558846 0.44010618458685574 -2.9546495848567895 0.037465510510487854 0.4423630035777612 -0.8960531840174722 64.24063821170806
-0.9785887417100346 0.18556744916439769 0.08904378927802753 -131.5327705010589 0.20581151939084755 0.87719894388105 0.43377832050484155 -2.5265794826234083 0.0023860185250474675 0.44281681840755427 -0.8966089293839367 59.76630479258993
-0.9782371975228559 0.16814761773451295 0.12156629480590928 -133.64481267106217 0.204466974865983 0.8808477582832479 0.42696660632481653 -2.247350827625486 -0.03528798055687809 0.44253090895166347 -0.8960586772363917 54.886816090243215
-0.9762545086077757 0.14983672325513547 0.15644836460364192 -135.70358796482887 0.2031134348965803 0.8842176434081981 0.4205996809915159 -1.9988883809040034 -0.07531312626297479 0.44238909960555794 -0.893655312501795 49.58201656998942
-0.9726569407659722 0.13004967226711275 0.1924202648449392 -137.62695177925048 0.20087531550064183 0.8869194891645118 0.41596024733461884 -1.9787361260117662 -0.11656578915915936 0.4432391030621918 -0.8887921659838851 43.955725008237906
-0.9667211260170423 0.11014419999642865 0.230908033033692 -139.41693005644157 0.19994649237877637 0.8883479965988677 0.4133512273166768 -1.9250620603926016 -0.1595984482937281 0.4457646151792735 -0.8808077220121928 37.89349890461013
-0.9580445644297623 0.09095115818845718 0.27180599586978427 -141.0147209224899 0.20125705584030318 0.888674220740431 0.41201180427978196 -1.6679953410523374 -0.20407403078559516 0.44942854405963856 -0.8696940690514989 31.43736583367843
-0.9464478719352559 0.07327086091613892 0.3144325152553934 -142.35269387453107 0.20524096808730047 0.8883359580833664 0.4107741113978528 -1.0744491480049685 -0.2492239369077799 0.4533107174077353 -0.855801859518587 24.710315962183472
-0.9327238979518728 0.05274668601281096 0.3567126536921982 -143.39355109671112 0.20771867506724595 0.8872165704175227 0.41194624552831793 -0.8338656255728915 -0.29475257796628695 0.4583279876804768 -0.838484569620093 17.706668243426822
-0.9181327425500458 0.024089662192786285 0.39554008043808747 -144.0918794418513 0.20391016561049796 0.8845826999446642 0.41944498008595515 -1.8185218442877964 -0.3397836244115225 0.4657608132228875 -0.8170764673197509 10.494971879824579
-0.8999398445315624 0.0012132815489356436 0.4360123899299083 -144.43761804464222 0.20497887176583562 0.8837764605456756 0.42062195605432123 -1.7599525308364192 -0.3848271538679573 0.4679077855018457 -0.7955943475871647 3.2768473646390732
-0.8794888942802009 -0.02451607566056202 0.47528754125475986 -144.41314247327475 0.20438593648226938 0.8824327455459758 0.42372023618946525 -2.0409122720801443 -0.42979724732256624 0.4697993312281277 -0.7710790585741183 -4.133184992267497
-0.8559809503930548 -0.0464727448837695 0.5149144555624467 -144.01974969107746 0.207403685836682 0.8814326752300532 0.42433495040846075 -1.6938071327504645 -0.473582435976633 0.47001779010986383 -0.7448509604710719 -11.504516915629917
-0.8322681795379228 -0.07102097619801181 0.5498051457275691 -143.28500660642788 0.2070641292770847 0.8801578032913184 0.4271377853481513 -1.9228795663661233 -0.514251031788323 0.46933811079570564 -0.7178214360545129 -18.52963205102292
-0.8080302932097738 -0.09796219508493978 0.580939285631009 -142.23225943543488 0.20292369234930843 0.8794602057439261 0.43054816408408253 -2.6801450136118548 -0.5530904269092444 0.46578230413680494 -0.6907516375763134 -25.322192329041798
-0.7833976672971442 -0.12360028138141227 0.6091067766129588 -140.93186600848284 0.19758390486838723 0.8796584947642425 0.43262169747490403 -3.502973051122187 -0.5892781138056573 0.4592645240289554 -0.6647009865782538 -31.70664806985278
-0.7572653566875689 -0.14152836281361456 0.6375883484507437 -139.46115627240619 0.19662370041406022 0.8815426682958835 0.4292104896309691 -3.4003901073514533 -0.622806791867535 0.4503912149377164 -0.6397338927324367 -37.678135873535034
-0.7313687269503432 -0.15612839819403918 0.6638702497599949 -137.875042273357 0.1969749940042445 0.8835955880278156 0.42480547142757835 -3.0636580483222753 -0.6529170215089068 0.44145527530559964 -0.6154807900566801 -43.16385759381865
-0.7067388722404184 -0.17226665021955134 0.6861810021317087 -136.18751571635366 0.19427082487644876 0.8853634806541699 0.42236282237639783 -3.2494088534742382 -0.6802786289941538 0.4318051740612509 -0.5922544036035249 -48.228820160090535
-0.6830130923824931 -0.19049811911615902 0.7051266427013728 -134.3918369244197 0.1885710145833556 0.8866716394622757 0.42220181931427514 -3.971362397127959 -0.7056444487793464 0.4213358166433109 -0.569685914799029 -52.99451547102469
-0.6601786107300058 -0.2072946140562953 0.7219370782262475 -132.56872574235328 0.18640636418958534 0.8858749406607607 0.42482732597952483 -4.422995397383249 -0.7276103829139735 0.415035579791113 -0.5461946522836301 -57.38642322825677
-0.6382891316607312 -0.2195554349314343 0.7378227398202487 -130.8066872597248 0.18911823581263748 0.8843658765642605 0.42676842579066526 -4.202638996929326 -0.7462045813896517 0.411937382815393 -0.5229591909052741 -61.32995159826212
-0.6155722372317347 -0.22901918913117258 0.7540696464911031 -128.9625802328177 0.1919222835528422 0.8844710671309332 0.4252960950727507 -3.7445998348341436 -0.7643537517572471 0.40652323724231065 -0.5005019478050536 -65.16450448273567
-0.5927902598058957 -0.23973182661024398 0.7688487232150253 -127.0121069048972 0.19216728371694783 0.8849883005651915 0.4241078199368458 -3.634731276272737 -0.7820942673029311 0.39915455549554973 -0.47854383067702516 -68.91395283408913
-0.5721471293446838 -0.25181563592947215 0.7805360644352528 -125.13059194388366 0.1905672066209173 0.8848328100222599 0.42515295843826795 -3.9094361026661644 -0.7977040818143895 0.39199462216916514 -0.4582667498816767 -72.27894437684637
-0.5529200771784608 -0.2598665987601065 0.791674642199571 -123.39576945576997 0.19076431621083273 0.8854068973211247 0.42386743427254775 -3.7990221999451586 -0.8111031771073137 0.38538808625207005 -0.43998597598263134 -75.22834205830657
-0.5369877062699858 -0.26319473911186814 0.801481585951128 -121.99691070970475 0.19448600461949 0.8858654944398481 0.4212095912583088 -3.144459411546067 -0.8208650299056766 0.38206132369644474 -0.4245111866762445 -77.52665413898299
-0.5244104590897274 -0.26357613282392495 0.8096426944046898 -120.92093727899757 0.19871350395836498 0.8867383907864158 0.41738228238643016 -2.3479120616106623 -0.8279532678490314 0.3797665710816337 -0.41263874969155306 -79.24333197656539
-0.5152465011159432 -0.26429927501829176 0.8152710814892083 -120.1152414879371 0.2006850381110503 0.8876078165917876 0.41458157147119495 -1.9092355150239393 -0.8332145933468427 0.37722441218718156 -0.4042959117823116 -80.49189373842536
-0.5103099781822229 -0.2642243828169678 0.8183942825390776 -119.68791158854404 0.20200443910093382 0.8881783969500738 0.4127146008741561 -1.616123622194339 -0.835929382634189 0.37593165697529296 -0.3998718001217819 -81.15534435091384
-0.5093252358610301 -0.266710742618253 0.8182011879037614 -119.54766511687075 0.20108270538520462 0.8875594777857192 0.4144923630028774 -1.851999988237623 -0.8367517850056092 0.37563752896211267 -0.39842552268292863 -81.37893596800654
-0.5093192739418188 -0.2655290027140097 0.8185891679646649 -119.57366592264927 0.20101369183822293 0.8881893485183084 0.4131745114018906 -1.7739237353071189 -0.8367719957580719 0.37498537290983297 -0.39899698898453717 -81.36653218639911
-0.5098459558712005 -0.2642732198037118 0.8186676777400955 -119.64695935284007 0.20095898343466778 0.8887278794251217 0.41204155531867265 -1.7063034457487796 -0.8364643377088391 0.37459634491957455 -0.4000062375941259 -81.28267530329057
-0.5115495214730356 -0.258469174075717 0.8194576091130796 -119.92138331936812 0.20359937641029177 0.8900650868207359 0.40783751071736296 -1.088794552073814 -0.8347840325533595 0.37547014165631265 -0.4026882065799045 -80.91334030367572
-0.5132320524195585 -0.25657737190386354 0.8189999466398726 -120.10805306812188 0.2039378295268886 0.8904765894251162 0.4067687369669338 -0.974959003362956 -0.8336679327268558 0.37579182523402416 -0.4046952952904338 -80.66158756012852
-0.5158910518042582 -0.2576804095028887 0.8169805562109296 -120.31545750056243 0.2040159771360001 0.8892908715949835 0.4093155589164401 -1.1330749865874488 -0.832005951746464 0.3778393206857358 -0.40620628257352503 -80.37265229313167
-0.521013856410009 -0.2579885153408456 0.8136255203599484 -120.75380572388478 0.20350560183088498 0.8881910693804934 0.41194914042413544 -1.3723058069785052 -0.8289330681377235 0.3802085614829853 -0.41025774620696565 -79.73660825509549
-0.5247560675338808 -0.2572111647768782 0.8114637923533612 -121.09283652696733 0.2030745467760616 0.8879102366497401 0.4127664474061571 -1.4818713562468213 -0.8266751466193201 0.3813893396081284 -0.41370324339458764 -79.24480834058193
-0.5276632046887166 -0.25221187380130655 0.8111477751502912 -121.4484118955154 0.20365963436431825 0.8894923222644303 0.40905520649812377 -1.1616491784170113 -0.8246782983371309 0.3810414404579432 -0.4179869913113444 -78.73051076710063
-0.5313186283937932 -0.2524574669708361 0.8086814839554618 -121.75599788087811 0.20335669765964653 0.8886501825306541 0.4110315153430438 -1.331063889857723 -0.8224029235348703 0.38283949699437353 -0.42081747932137237 -78.27891148773466
-0.534509588332343 -0.24929056683996167 0.8075603465162217 -122.09422571147492 0.20207896071325024 0.8900977098307983 0.4085219217998238 -1.330161787251559 -0.8206482764362831 0.38154983978319174 -0.4253893817945845 -77.77730632013397
-0.5400182005886965 -0.24621166616318257 0.8048354853497053 -122.62584642601229 0.19830669775406395 0.8921122258136658 0.40596826252758345 -1.6481364810968484 -0.8179576985754364 0.37883451796125456 -0.43293141644172606 -76.95946731994007
-0.5438723888483902 -0.24271060966615068 0.8033021751519356 -123.02335094164215 0.19862223610191296 0.892828149673121 0.4042364437765936 -1.4930799892146938 -0.8153232683875895 0.37940671463056186 -0.4373768545762589 -76.35443965812908
-0.5461866322822246 -0.2357179314801818 0.8038141697525033 -123.35856335307665 0.20271044021477078 0.8938755008465203 0.3998688115048685 -0.6782997609866747 -0.8127660426864153 0.3813445237119403 -0.44044036383008506 -75.85223367918006
-0.5498636513907382 -0.23105476273210368 0.8026603649726678 -123.76119727778108 0.20835254245636992 0.8926559054335482 0.3996931980239083 0.06209440339464214 -0.8088505318853487 0.3870130890724807 -0.4426981883353091 -75.22709613296367
-0.5516722974481386 -0.22370655140278423 0.803500500987875 -124.05220835244828 0.21427736384072438 0.8930112486769278 0.3957475471584693 1.0861139692003887 -0.8060663047006508 0.3904949277467616 -0.4447143170961434 -74.76958028671068
-0.5540996454745342 -0.2234735684284533 0.8018934761543137 -124.25972819833252 0.21691120887245344 0.891256378533217 0.3982607125857953 1.2607257290080554 -0.8036934181331128 0.3946158029497906 -0.44537092149331614 -74.45069808825878
-0.5548922533650283 -0.22059796031924991 0.8021415879123011 -124.38046025253686 0.21824888257082817 0.8918303133871569 0.39623997448560216 1.5661217150841278 -0.8027839138971744 0.39493699754106665 -0.44672447387755865 -74.27374357494698
-0.5576722760422054 -0.21977180667148846 0.8004386207113298 -124.62802597518233 0.22155902984104522 0.8899152621300737 0.3987009186393434 1.832927464799127 -0.7999457661803085 0.39968885300982737 -0.4475886414442255 -73.88257072079965
-0.5585919810250102 -0.21380379407184877 0.8014130872247077 -124.81494587350497 0.22343505633390728 0.8917028225849013 0.3936278087167915 2.409227995229786 -0.79878143089059 0.3989411157484295 -0.45032678338044674 -73.58175976793106
-0.5579689346019076 -0.21580139530181067 0.8013116907951636 -124.72427819684383 0.21990735637803668 0.8926271724373023 0.3935193586564832 1.95997119486549 -0.8001946154717834 0.39578591285236303 -0.4506019180580419 -73.77308686945703
-0.5561107623475754 -0.21490895564897253 0.8028418030864277 -124.5828242719643 0.2227851430897381 0.8920903326027689 0.3931178175752979 2.359733330788017 -0.8006919507648889 0.39747827520324713 -0.4482225125111057 -74.02495162621787
-0.554655972314774 -0.20816023648698317 0.8056215416194107 -124.57975078780794 0.2294877112403393 0.8923812276399653 0.3885757776103135 3.5266876045289437 -0.799807566084007 0.40040611946057014 -0.44719436124945094 -74.0111470748497
-0.5559408238864542 -0.20577799188881013 0.8053478865624838 -124.735953241538 0.22989858133927304 0.8930124099290617 0.38687915168806747 3.692761644488333 -0.7987968719484574 0.4002302509392535 -0.4491539865107087 -73.79088070396251
-0.5516783844210247 -0.1861241884319094 0.813024444062521 -124.69590940468049 0.234855101022687 0.9006750525597699 0.3655509967433801 5.737382444539011 -0.8003087164877261 0.3926095212511005 -0.45317074280755376 -73.74735771223139
-0.5525052699515001 -0.18519902749922693 0.8126741332718548 -124.77994529019506 0.2264898305331415 0.9049587125283214 0.36021116762831096 5.007318566875262 -0.8021472952898916 0.3830809951334351 -0.45804876140721984 -73.69220487180175
-0.553745260949595 -0.1923941292742828 0.8101547290466529 -124.76735403677772 0.22067211015574567 0.9042470212110502 0.36556961639385827 3.904222709220992 -0.8029134484957114 0.3812109962366416 -0.4582664842348737 -73.8088519240942
-0.553072050689705 -0.18589715547114974 0.8121290256687168 -124.81481516892289 0.22543926413913148 0.9050303558589615 0.36068988502341914 4.84375279566624 -0.8020526447374206 0.3825732643057217 -0.45863847691637594 -73.70272455321816
-0.5539491597672311 -0.18576384410554167 0.8115615334750107 -124.88992637047609 0.22809249512586457 0.9036302025566777 0.3625276136994744 5.067878705258582 -0.8006960359964549 0.38593296211973127 -0.45819385274035934 -73.58857779045961
-0.55549111888061 -0.17698992621177226 0.8124679580539281 -125.15078813905383 0.23438503865608137 0.9041373657283164 0.3572104107498093 6.233986468714077 -0.7978052835742285 0.3888575444985113 -0.46075648621330656 -73.09638571711317
-0.5557994432383215 -0.18654134659411173 0.810116846452922 -125.0182849829868 0.23551162811035845 0.8992426193381448 0.3686420819584777 5.63842660208669 -0.7972585853540743 0.3956830013744945 -0.45586589091803276 -73.3892537187023
-0.5563450859033979 -0.1735210756126021 0.8126318857326399 -125.26832285463148 0.24234635003012855 0.9015544212698096 0.35842415113372694 7.191052075765398 -0.7948260136773425 0.3963458865777516 -0.4595231726199245 -72.87039520630864
-0.5571847169866164 -0.17167143388124367 0.812449450701828 -125.36256542541415 0.24431503026966656 0.9012003040647405 0.35797790146592956 7.480779341313774 -0.7936342716521737 0.39795342785654786 -0.4601931248034321 -72.7137935359498
-0.5582138379459939 -0.16559578001436281 0.8130039045213979 -125.54120709515739 0.24427729854972324 0.9036475262327834 0.3517808262919113 7.885200994263963 -0.7929223874622615 0.394967322667085 -0.46397726397566263 -72.39624662377868
-0.5617387628593311 -0.17010589266720327 0.8096379114030926 -125.75963362979795 0.2361907513903725 0.904929984279268 0.35399950919453943 6.6891533430609265 -0.792883024953189 0.3900842329961793 -0.4681568112383533 -72.14963446792208
-0.5640620381112135 -0.16647015119945646 0.80877790889802 -126.0064904144108 0.23482488409520158 0.9066864710314888 0.35039537248391356 6.75149440506028 -0.7916383587039597 0.3875659066637512 -0.47233608481716227 -71.75281427604784
-0.5656332310705844 -0.16700933526403125 0.8075685295028017 -126.1274476090728 0.234637577496057 0.9062093575039956 0.3517524805868144 6.633919411348308 -0.7905721062214583 0.3884488155560032 -0.47339546106580427 -71.57989644596431
-0.5658153258885537 -0.1683487728372654 0.8071627516640103 -126.1171480240027 0.23668051345028746 0.904575702061631 0.35457740169477286 6.714629246885246 -0.789832483215611 0.3916650225944293 -0.471977921659019 -71.61780898008827
-0.5687817272770406 -0.1686998342198761 0.8050016848739712 -126.36242755148496 0.23921616431364162 0.9024980296958647 0.3581521089232206 6.816473623309838 -0.7869326359014568 0.39627979046283446 -0.472968660932114 -71.21186771626711
-0.5703095394030347 -0.1642401573544155 0.8048429660362916 -126.55456520188748 0.2410291835043767 0.9032183695055387 0.35510774377218257 7.250005096657276 -0.7852719032062155 0.39651197674213245 -0.4755273812672986 -70.86209112706314
-0.5713174316379246 -0.1628338748883484 0.8044137750532937 -126.6458525415935 0.23872000835241228 0.9047755195625249 0.35269535978318156 7.1045361196963475 -0.7852446433557313 0.3935306702014588 -0.4780423220719282 -70.74361879221259
-0.5729546586563024 -0.1643915135401296 0.8029311236961895 -126.76276507555862 0.23671660298102243 0.9047335143827039 0.35415041694998367 6.749581925815661 -0.7846580204121826 0.3929792592856622 -0.4794570812639305 -70.60141239493377
-0.5752262068989644 -0.1663591533121642 0.8008991465883137 -126.91973091571003 0.23683878190808913 0.9032915935817596 0.3577313074764597 6.534236861393057 -0.7829573438450668 0.39546040139789546 -0.4801966978700427 -70.36794266686245
-0.574047391627254 -0.16236142091225964 0.8025636181420747 -126.8763624559696 0.23886468819844042 0.9043072705622244 0.3537965815834882 7.054870054425344 -0.7832070306743982 0.39480011323155934 -0.4803328197141437 -70.4193010574851
-0.5772978153287585 -0.1626048057886012 0.8001792983769913 -127.14240676930025 0.23840128814309391 0.9037063762568195 0.3556397212411481 6.8760683943309475 -0.7809558618951242 0.3960738095951553 -0.4829425215534706 -69.98655827680734
-0.5795571811430335 -0.16777575596839928 0.7974739929895979 -127.24065335211247 0.23562703899087417 0.9022813654039282 0.36106541809098225 6.1628392562224255 -0.7801239467430378 0.3971644915574086 -0.48339114013809864 -69.90220059854623
-0.5826550033940686 -0.17062648168722444 0.7946066641848009 -127.46141594900773 0.23274634629659874 0.9017313147184532 0.36429352772415835 5.57739866376205 -0.7786798349164061 0.3971992444644975 -0.4856855720436738 -69.57717159517318
-0.5855874658365691 -0.1699548657543822 0.7925923690406783 -127.71055652009247 0.23064734962539532 0.902423614833537 0.3639140276240422 5.330764673332507 -0.7771030304701466 0.39591282247128773 -0.4892483183792591 -69.16753374655357
-0.5855560147703367 -0.1710811021766403 0.7923732769625104 -127.6929030933646 0.22852428357334936 0.902992579581634 0.3638420715609906 5.0589767730138915 -0.7777536919768163 0.39412644886956205 -0.48965654995915225 -69.24669235768376
-0.5840681755243355 -0.17708391966495804 0.7921525432236952 -127.47464520781614 0.22718835611260715 0.901242809946824 0.36898082384590497 4.552929219286609 -0.7792623545292848 0.39547779067255623 -0.4861558391074086 -69.70793553888686
-0.5826526906748654 -0.18367654577833242 0.7916936077677273 -127.25099279034059 0.2255216848949726 0.8993315813248521 0.3746233795078386 3.9700443473103553 -0.7808045925143324 0.3968193964043108 -0.4825749215881883 -70.17630018135496
-0.5798358308368513 -0.18576834626436645 0.7932720408560615 -126.98957474382159 0.22610789845021395 0.8987208230227169 0.37573408219616966 3.9730552802240515 -0.7827296005238119 0.39722915778121415 -0.47910684473534837 -70.67357026502818
-0.5762299708763514 -0.18544598206736795 0.7959703564825192 -126.69702577857002 0.22916973186153705 0.8981835082344158 0.37516345708801285 4.411036515500465 -0.7845000029715427 0.3985927411165279 -0.4750616508063582 -71.19404400858802
-0.5745853895581929 -0.18340820705002125 0.7976296507107519 -126.59236041447346 0.22944182500829452 0.8993918570787692 0.3720896885930409 4.646812741178923 -0.7856259154604834 0.3968069014106226 -0.4746959068180151 -71.38854330416397
-0.5713055165667851 -0.1833414539189984 0.7999974487554485 -126.32136582634571 0.22914705769114965 0.9003373154485895 0.36997884312797646 4.7464313942609895 -0.7881000143965534 0.3946880156347474 -0.47235552036835304 -71.8793892958898
-0.5699897322564005 -0.18628939124825136 0.8002549392728748 -126.1640342376104 0.22528180854585492 0.9012017842462499 0.3702478235043171 4.226231900356659 -0.7901644207761986 0.39132033780488734 -0.4717081527381981 -72.20858223755555
-0.5692665607986036 -0.18628155927415208 0.8007713552762239 -126.10286815739357 0.2232952454065305 0.9023498339357503 0.36865161138256397 4.072534504554041 -0.7912488964512792 0.38866947123553997 -0.4720818001089627 -72.34510959583561
-0.5710145745320934 -0.18380944644618002 0.8000977709437024 -126.29028805136218 0.22391240231156373 0.9027875473411168 0.367202778389373 4.247968204669572 -0.7898136436926099 0.38882995224514205 -0.4743476325165371 -72.03346659957377
-0.571932888482788 -0.18539197216474854 0.7990760838171793 -126.33994879430038 0.2240092095368951 0.9018018960981175 0.3695581337712581 4.1080688954564195 -0.7891214387623682 0.3903628528058283 -0.4742406541355402 -71.97502676869807
-0.5729471496006364 -0.18652265131155016 0.7980857499744094 -126.40719505223827 0.2231248839356672 0.9014826992422225 0.3708695581139698 3.907646048449207 -0.788636069383845 0.39056144652879665 -0.47488409801985676 -71.89176222762987
-0.5757195318094234 -0.1828376492584478 0.7969425416595498 -126.69813839749956 0.22205429645763125 0.9030834695869759 0.3676032322810226 3.9803839385060495 -0.7869173464334388 0.3886008761858288 -0.4793229067233918 -71.39722551010779
-0.5785379209810642 -0.1821551730443684 0.7950555747368131 -126.94120279382163 0.2206244128179305 0.9034620631079129 0.36753390182884715 3.799409929426022 -0.7852507513244742 0.3880409687880514 -0.48249918558105276 -70.99557803273184
-0.5820822451558144 -0.18203053754396548 0.7924929925720613 -127.23457577739443 0.21627386212714172 0.9048552094153414 0.36669151415669266 3.2879718756160163 -0.7838404661887369 0.3848401400521687 -0.48733170445770374 -70.51489368243065
-0.5868538531600488 -0.1797763786319069 0.7894827475741325 -127.66145290144777 0.21287988607841893 0.9064794826567029 0.36466025506720234 2.9784930146770217 -0.7812072126743604 0.38206727314497235 -0.49370020220486227 -69.77491528284645
-0.5902296409915907 -0.1763337227080653 0.7877406864767447 -127.99040792886768 0.21008024408063658 0.9086706241494892 0.36081018258191905 2.863010144922481 -0.7794198239344172 0.37844962021871914 -0.4992801047652001 -69.19582491526127
-0.5931118540858907 -0.17182476084063636 0.7865714081409616 -128.29394151423747 0.2109499304300349 0.9096664483559992 0.357780770286701 3.1726278217001744 -0.7769932145098568 0.37813119984661386 -0.5032875324386644 -68.63941278594068
-0.5970128094604373 -0.16618873496660758 0.7848292869856185 -128.69464476517436 0.21380520844258805 0.909962131758858 0.355325557211547 3.703694203905492 -0.7732160359065098 0.379934498479769 -0.5077270316636189 -67.88222996783719
-0.600381233849524 -0.1634184571302576 0.782838924626573 -129.0060167478835 0.21749382669939105 0.9086352066745379 0.3564807099117359 4.110137287317252 -0.769570535681414 0.38428696186663186 -0.5099850209078061 -67.28691222294444
-0.6044043394560159 -0.16251068210711958 0.7799267097925394 -129.34067261880713 0.22100878249473802 0.9063477556510602 0.36012340091485334 4.332626908291235 -0.7654087225181921 0.3900307988189719 -0.5118842285768375 -66.65000317938791
-0.6090790930051814 -0.16104017319695912 0.7765878708045081 -129.7329969255318 0.2260692058635339 0.9032959468788313 0.364621922698715 4.701972871832411 -0.7602074536757825 0.39764619320316646 -0.5137724519734522 -65.88120521104483
-0.6132749698283558 -0.1571884518195068 0.7740707990853394 -130.11916929223747 0.23096648732312253 0.9014779872103952 0.3660490681708019 5.248748990561675 -0.7553464722335353 0.40327314464228964 -0.5165486208428707 -65.0969279638898
-0.617369471386125 -0.1514273471633229 0.7719615886373461 -130.52144876630922 0.2343534575109278 0.9013412670647718 0.36422846846278456 5.809009475097355 -0.7509549871683991 0.4057754044014378 -0.5209730592168459 -64.26342971776296
-0.6213081777605869 -0.14737424564593607 0.7695823412527799 -130.88370018126577 0.2344672183725616 0.9021848296566803 0.36206029421351915 5.964246428609289 -0.7476638761879916 0.40539285249944634 -0.5259803830808804 -63.5322625064483
-0.6261328971345039 -0.1459319894800449 0.7659382805241873 -131.27627650343578 0.23280960373614887 0.9025292357796452 0.36227153762230124 5.734511954057061 -0.7441486971930878 0.4051479149760062 -0.5311288765040221 -62.76385967353595
-0.6306256638934379 -0.14653887776388916 0.7621270427839842 -131.6124415865278 0.23124791570876183 0.9019257934937057 0.3647660407865619 5.369424119331701 -0.7408344440691957 0.40627111678588507 -0.5348907422513831 -62.11416980062353
-0.6340259607233958 -0.14704003353545203 0.7592037339651776 -131.8645090825605 0.23092302561376654 0.9009623439093716 0.3673437233691569 5.160494260471034 -0.7380282090612518 0.40822308042934696 -0.5372785862423853 -61.621391810678226
-0.6364087823739812 -0.14683430296419808 0.7572473500714841 -132.04781434937524 0.2315781802734982 0.9000556848258142 0.3691494421422714 5.1295070395081 -0.7357685832777056 0.41029191033428025 -0.5387997217665996 -61.2574408189597
-0.6383904741652076 -0.14625292554484548 0.7556902038962099 -132.20540691024598 0.23207994567546436 0.8995175503161559 0.37014466832374504 5.131113437078231 -0.7338913416238093 0.41167737178863206 -0.5403010644509313 -60.944463328224295
-0.6397126207559594 -0.14717973404800083 0.7543910714815638 -132.29243430311104 0.23121824142179076 0.8991816235622306 0.37149768866280336 4.932144113756864 -0.7330115194724818 0.41208073691153096 -0.5411871936650876 -60.8008351911971
-0.6395145391121035 -0.14791183525952512 0.7544158291382765 -132.2675360790476 0.22935609000828755 0.8999199820726859 0.37086360005048663 4.730066987211768 -0.7337689951478901 0.4102025290712578 -0.5415874323719114 -60.90053930541117
-0.6385728386376621 -0.14727039190182772 0.7553384416427649 -132.2060221287104 0.22787410514945705 0.9013156051053839 0.3683796576846369 4.697397427917066 -0.7350497411444838 0.4073593151783793 -0.5419965556909281 -61.06805444870297
-0.6375142999053064 -0.14843210842114662 0.7560049117604329 -132.10990266426637 0.22658464507065051 0.9017473822843731 0.3681182651831981 4.546348584905415 -0.7363660204235759 0.40597976271352865 -0.5412444145047712 -61.31728350238653
-0.6354620654488433 -0.1469128901908653 0.7580267581499063 -131.97567918821545 0.2284472897080273 0.9020066791797366 0.3663274307777117 4.905631399855743 -0.7375634204599266 0.40595634421808124 -0.5396291758129318 -61.610185236535806
-0.6328478062481866 -0.14622491371024465 0.7603432966346774 -131.7857038389418 0.23202478774790047 0.9010613097415919 0.36640553210521754 5.369525966696685 -0.7386935440339243 0.40829742920718637 -0.5363068685980099 -62.008625690454416
-0.6310571830634618 -0.1487178707071759 0.7613473757992026 -131.59741713320022 0.2319339365729704 0.9003857387297868 0.36811977746079116 5.248874170991505 -0.7402523088581177 0.408886923762965 -0.5337021667614676 -62.44892923456245
-0.6280011041343908 -0.1510907692507894 0.7634043441408955 -131.34603238497075 0.2290118024006198 0.901653085250728 0.36684507386506227 4.946816682631581 -0.7437527865945819 0.40520771624569074 -0.5316375636914177 -63.033173195569304
-0.6216645940917837 -0.15518521027553892 0.7677569165852136 -130.79286522925398 0.22438497182423525 0.9038156019239999 0.3643744531909386 4.497769648951278 -0.750456205832249 0.39879181063619534 -0.5270489302686895 -64.23529683640672
-0.6140655799269815 -0.15923822383476344 0.7730243538329757 -130.13577570904778 0.2237508304556567 0.9041294825657611 0.3639855005707963 4.445108538555815 -0.756874513654241 0.39647580862559445 -0.5195651102175137 -65.59304004608099
-0.6045698864194748 -0.1626502136064751 0.779769299503713 -129.32943981526404 0.22648297985286628 0.9034269167373603 0.3640401982630387 4.803388786334292 -0.7636757900259176 0.3966922158653915 -0.5093472033889027 -67.17836564603
-0.5904655095428494 -0.16861058686842284 0.789253414332931 -128.08741501729926 0.22672455598625324 0.9038964330875334 0.3627219513132205 4.918204366830644 -0.7745621070986751 0.39311793172980547 -0.4954915074946698 -69.53606594184177
-0.57803525160083 -0.16682372872343967 0.79877724769899 -127.08283701098273 0.23117815976841496 0.9052969321340467 0.35636234805991074 5.915617034080951 -0.7825802874803675 0.3906498537098049 -0.484727537327573 -71.31682631076231
-0.5641580540085532 -0.17163425797825385 0.8076307148601621 -125.82972983201411 0.23329311953607687 0.9051622833248669 0.35532458572865355 6.265866604250497 -0.7920227335590867 0.3888739157289516 -0.47061350085948894 -73.50255732505926
-0.5499347923477033 -0.17594299248796688 0.8164654233706824 -124.53066259042434 0.23381088386736518 0.9060426954548888 0.35273092379036125 6.501532457214184 -0.801813067211211 0.3848775096147076 -0.4571270149992568 -75.69154199353298
-0.5370848307305139 -0.17058682236118106 0.8260992801327757 -123.48197076215675 0.24115594748281127 0.9074111468908309 0.3441639427539358 8.01854069295936 -0.8083215285966611 0.38406398755283166 -0.44621873545625085 -77.29566680521255
-0.5249092729652094 -0.17717291998554738 0.8325142710962558 -122.27951426712418 0.24249697968986747 0.9064309985864333 0.3458006067705668 8.08828590563234 -0.8158832453215515 0.38339614138042 -0.43283013848180396 -79.20075089727004
-0.5148938558769309 -0.17985189808483626 0.8381751678112802 -121.32843651442676 0.2455304332574602 0.9058424315577118 0.34520181855548765 8.52640723420426 -0.8213398343710051 0.3835398075101118 -0.4222535879427388 -80.63432757328833
-0.5067973653404216 -0.1799679670616656 0.843070555360403 -120.57643816274714 0.2457685962722592 0.907217344483371 0.3414007717549902 8.80055026693887 -0.8262894332922153 0.38022127860001587 -0.4155448853365886 -81.75642812949881
-0.5004837070474787 -0.17945413099518512 0.8469428988124149 -119.9923704545374 0.24746482408376433 0.9078111219322517 0.3385854806947551 9.207299421370966 -0.8296247463891161 0.3790450919941712 -0.40993609064575565 -82.5997871865663
-0.4945607729477871 -0.1773598028955907 0.8508543601452158 -119.46413107071623 0.2498091673538627 0.9086434380548659 0.3346079532614277 9.768605781857973 -0.8324692317240662 0.37803518724672863 -0.40507329637495676 -83.32802207445378
-0.4899817730699552 -0.17715465411725562 0.8535420848346135 -119.02901678754344 0.2550488176759643 0.9071546785359277 0.33469462172624 10.45481727615042 -0.8335874055318467 0.38168916376414685 -0.3993061727593385 -83.89855557628032
-0.48441641072523006 -0.1726245152302765 0.8576371713968544 -118.5543019325735 0.2631060568456859 0.9062051960512122 0.33100958521000373 11.756589419193023 -0.8343356302299453 0.3859960095535912 -0.39356211293454557 -84.43434264584721
-0.4794159410208992 -0.1722844029392128 0.8605105693708387 -118.07812113236427 0.25922161868162535 0.9089886909904683 0.326410343064544 11.53513764894157 -0.8384297871039196 0.3795492644641987 -0.39112382686505054 -85.15616887319081
-0.4755837632958955 -0.16901628261571514 0.8632807077075674 -117.74881443029537 0.25688015284125537 0.9119093592612557 0.32005297618984796 11.63725976096463 -0.8413279213039152 0.3739716790112465 -0.3902723563512311 -85.63511481974272
-0.47100671961623125 -0.16479158827607798 0.8666004861006048 -117.35561338402748 0.2564453539731932 0.9143873730115113 0.31325949706700146 12.018212364544475 -0.8440310720002674 0.36978299651356966 -0.3884225598333917 -86.15633001871818
-0.46872478110643434 -0.1644380627778472 0.8679039135103573 -117.13117909066128 0.2597143200795867 0.9134406302586989 0.31332840110368015 12.443491389400702 -0.8443018130516616 0.37227186101350646 -0.3854453398021791 -86.43576044297782
-0.4665089368440578 -0.15731880311053992 0.8704138130983987 -117.00742524806074 0.2681647995993252 0.9125854731042812 0.30866712577611627 13.856407879486113 -0.8428861442095728 0.37741031844254364 -0.38354191352786615 -86.44293960610258
-0.46274542988313133 -0.15630268170756306 0.8726030820558108 -116.64299575270175 0.26976175059296487 0.9128240224563082 0.30656304725733685 14.198136951881725 -0.8444496817687215 0.3772555840775711 -0.3802406596393863 -86.91604617066395
-0.464891459974458 -0.15331576179930548 0.8719920914932173 -116.89150945372553 0.2732585979942869 0.9119630840041919 0.30602789421188226 14.696251848176965 -0.8421434967183523 0.3805490909166135 -0.382068999445814 -86.56957244228845
-0.4667109174028001 -0.15896681359452153 0.8700060182278289 -116.98876487624818 0.27106214239559806 0.910660626059066 0.3118052903746484 14.03674288567334 -0.8418469187072821 0.3813486283196977 -0.3819253711679022 -86.60927930562546
-0.4645202522729021 -0.15288680057117673 0.8722651898588116 -116.85036738528106 0.27614000917070514 0.9108655394743728 0.3067094135061116 15.031872308153723 -0.8414081236614741 0.38334005166323193 -0.3808973276715241 -86.68362755451655
-0.46483608948956917 -0.1486012480358409 0.8728373725902413 -116.93155505947203 0.2766101900237902 0.9120977724687618 0.3025961933543205 15.355553545090748 -0.8410791952503925 0.3820933427053043 -0.38287134232955977 -86.57882776213188
-0.46936089208551557 -0.14702962735507571 0.8706794138260743 -117.39421984576478 0.27142392242489605 0.9142772131794147 0.30070954723182014 14.789137064553806 -0.840255560717198 0.37746452302264094 -0.3892186102219639 -86.12887148479105
-0.471385701302814 -0.14200308912125997 0.8704198086482602 -117.6512675552718 0.268301582206127 0.917081250440481 0.294917346177217 14.743884231923838 -0.8401248607159195 0.37255483189799465 -0.39419933490115605 -85.85357692341395
-0.4738414436997088 -0.13429024088953717 0.8703105293137651 -117.98081591629835 0.2718769344348966 0.9177136736409569 0.2896282889061468 15.55669353163338 -0.8375901257505719 0.37385524526780356 -0.3983403530034232 -85.3246863894142
-0.4784628455822688 -0.1297488369295298 0.86846908103441 -118.47561140998066 0.27439000021225013 0.9174062762140652 0.28822881907707265 15.977620798001029 -0.8341363396836512 0.3762060122837976 -0.4033430340797816 -84.62692096110929
-0.4844376174445222 -0.12735085046792516 0.8655067623593539 -119.0755503972617 0.275680598954335 0.9167170350965121 0.28918866665904963 16.087943321202335 -0.8302532156907637 0.3786972913145221 -0.4089840576186193 -83.83039215248299
-0.4890411679055105 -0.1255375323236259 0.8631796244535137 -119.53462623806568 0.27621363961433354 0.9163745272463971 0.2897649928906977 16.121623489422827 -0.8273722024485821 0.3801289962526373 -0.41346969033212716 -83.23859617642536
-0.4953863599542736 -0.12827389109579107 0.8591496745238281 -120.10426219879751 0.2708266252160016 0.9169343871369229 0.293060179417038 15.201464064560755 -0.8253758498074475 0.37785862243566737 -0.41949680333186506 -82.65629316415145
-0.5018800367049967 -0.12980368696696037 0.8551417611172865 -120.6570897513004 0.2646753512134823 0.9182001160653386 0.29471258086077323 14.288313122686873 -0.8234460439014877 0.37424530686086277 -0.42647047151661943 -82.08354985744761
-0.5058876104188498 -0.1282332878124597 0.8530146244476193 -121.09254328951643 0.26560373366329726 0.9176871719162176 0.29547404482379036 14.35832750998874 -0.8206901865435108 0.37604052759938245 -0.43018733048981783 -81.49815375322169
-0.5100673115533635 -0.12940988068227718 0.8503437072540272 -121.46555787498453 0.2689538595605978 0.9150477148937107 0.3005852639356378 14.47850941262445 -0.8170037693378056 0.3820219394872467 -0.4319306410041086 -80.990023469788
-0.5122802401517331 -0.1278304594843918 0.8492516288933993 -121.69639021944514 0.27529340788143186 0.9122384138978087 0.30337207482930634 15.145723265907314 -0.8135001506620083 0.3892048944158076 -0.4321308309246979 -80.59041231355516
-0.5167574644275615 -0.12954572984931054 0.8462739667721126 -122.09397883458224 0.27349786957074185 0.9117100419657035 0.30656763482005106 14.707712334082673 -0.8112710017612259 0.38987524063051776 -0.43570248845356946 -80.13905800071772
-0.5181832483402335 -0.13117602019344832 0.8451502664412831 -122.2066446948565 0.2706790425696453 0.9122214977897684 0.30754641094275703 14.2705962667104 -0.8113069561227391 0.38812986318550535 -0.4371912993764364 -80.10967686278141
-0.520234924987893 -0.13547370173044498 0.8432096411701491 -122.34348606599316 0.2653352391899345 0.9128369482444366 0.3103641679765951 13.383022517694416 -0.8117590982963243 0.3851955114733742 -0.4389437142435282 -80.12044285451928
-0.5210584406039355 -0.13302469562231445 0.8430910578519889 -122.47833269820293 0.26529004772909753 0.9136133950558738 0.3081099721696347 13.518701521646353 -0.811245518971469 0.38420696861076126 -0.44075584309188837 -79.96380432362189
-0.5213538250507265 -0.12941335785121574 0.8434704333375589 -122.52324129390858 0.26630906479650573 0.9143928046773603 0.30490208389166573 13.858635936215578 -0.8107216976942129 0.3835856899884862 -0.442258236015871 -79.89642909568147
-0.5208654727134304 -0.12517669925994745 0.844411009696936 -122.52779268664328 0.26703784750077625 0.9156508917030713 0.3004567065743783 14.235997136550171 -0.8107958727923857 0.3819872229352109 -0.44350401821976604 -79.8862389330208
-0.5201284510264247 -0.12055814245892016 0.8455365921825658 -122.51203594418297 0.2708409157641942 0.9156109463436385 0.29715617658685695 14.951042847329896 -0.8100071560059606 0.3835652867799188 -0.44358322555815144 -79.84030333413097
-0.5264377706837142 -0.11502540781096794 0.8423968359125534 -123.17517138984498 0.27398548491479086 0.9149979020703001 0.2961600804682432 15.435716016576665 -0.8048572716038341 0.38671435810539784 -0.4501741636095547 -78.8086338519759
-0.5240104381811994 -0.12013963141031933 0.8431960208882272 -122.88182417150206 0.27062433957079024 0.9152110660132773 0.2985819342805478 14.832527167882414 -0.8075738526655136 0.38464941649693474 -0.44706744332320447 -79.41539924426348
-0.525183514988176 -0.12174294415486395 0.8422356743413153 -122.974826710416 0.267550698764045 0.9159044260702982 0.29922517590555375 14.381997199277324 -0.8078359358035119 0.3824888728490595 -0.448445496098601 -79.41432944370914
-0.5247531976874663 -0.12422162261672853 0.8421419535869507 -122.90520116598447 0.26541436195728385 0.9161034446770516 0.300515715259032 14.016481048671167 -0.8088196943593712 0.38121315182625426 -0.4477580092986684 -79.63606463804737
-0.5264867004605684 -0.1272103195774977 0.8406124486534414 -123.0362751289136 0.26428866648527494 0.9152671784815796 0.30403534788212316 13.648414350857335 -0.8080614178424674 0.3822349102153798 -0.4482557511143185 -79.55487750175233
-0.5258924427932933 -0.13069343415690018 0.8404500966037061 -122.94139748311574 0.2624673281216876 0.9149646248224249 0.3065136815742852 13.251668726257083 -0.8090414329819984 0.3817839200278555 -0.44687022515110464 -79.81696509243868
-0.5288648334420257 -0.13250610444772704 0.8382983479838346 -123.19201796919934 0.26064834893179123 0.9146444205223456 0.30901136258473316 12.852504831833885 -0.8076907986027013 0.38192632311930297 -0.44918577177054503 -79.5464938922403
-0.5287962413672685 -0.13425954049631145 0.8380625936656334 -123.16897581323889 0.2608545821709939 0.9139102462501533 0.3110031330378842 12.75473166178514 -0.807669129084581 0.383069755507666 -0.44825008682548106 -79.640831805887
-0.5289100942081868 -0.13498283620559431 0.8378745408320869 -123.17091624312769 0.2603068837053318 0.9138812043973392 0.31154689943070685 12.647479741014905 -0.8077712786057112 0.38288481058819995 -0.4482240324665026 -79.69653539590327
-0.5298094564608801 -0.1346956774706548 0.8373523835968631 -123.26069033719298 0.26202812935653813 0.913010025911505 0.31265628413800767 12.80825216022372 -0.806624571452259 0.3850581346443606 -0.44842728917146113 -79.57635493398249
-0.5309400773326167 -0.13761945975388545 0.8361599838422571 -123.33012088839702 0.2634693909952552 0.9110134531587766 0.31723550900287084 12.716377756852244 -0.8054107736370455 0.38873560740015817 -0.4474350380207229 -79.52394734022536
-0.5321323382129508 -0.140311894409214 0.8349537393863897 -123.40722753048475 0.261854370243845 0.9105472074224122 0.31990009665432384 12.334521188024985 -0.8051505843084366 0.38886547203698085 -0.4477903317907154 -79.50161537258809
-0.5329969254064715 -0.1449512936655336 0.8336086611665792 -123.42544183287784 0.2597675640912528 0.9096033065679281 0.32425705439787883 11.784567641564678 -0.8052546740959317 0.3893725043520411 -0.4471621212728941 -79.58895960698779
-0.5333132498044735 -0.1444756213715932 0.8334889155905333 -123.46325537747417 0.2587825871071359 0.910204261249363 0.3233570401485621 11.710607736089578 -0.8053623719749569 0.3881430118304247 -0.4480362174803259 -79.57658142875304
-0.5329097198331735 -0.14005533991291302 0.8345008881176861 -123.4839704906074 0.25640698302481485 0.9131118020416689 0.3169894257358257 11.791477050726963 -0.8063886715247435 0.38289860111274193 -0.45069498743880493 -79.5653736869883
-0.5330763840725709 -0.13416758711620153 0.8353613752810991 -123.5869837602469 0.2575344161648491 0.9147630227815732 0.31126297023923233 12.3050258661003 -0.8059190984427302 0.38106124274050146 -0.4530857932514783 -79.35955682522956
-0.5343351618469995 -0.1321316510798881 0.834881525485409 -123.7212226621321 0.2544741270561945 0.9167375234753717 0.3079532946913047 12.103291971890195 -0.8060575993518879 0.3770060209534385 -0.45622100641238217 -79.212275413147
-0.5382137823829977 -0.13867153224287107 0.8313219175496348 -123.99579586446836 0.246990306008083 0.9171131715720657 0.31288850932410517 10.791772517646672 -0.8058050094104782 0.37372936287431513 -0.459352424761792 -79.00143011019179
-0.539386695240355 -0.1414553466386034 0.8300917888432825 -124.06317168431683 0.24425818321873224 0.917121109592229 0.3150028734329294 10.294777616472311 -0.8058535431009609 0.3726650711398513 -0.46013129846159884 -78.98755318971097
-0.5421186952417113 -0.13614897241552587 0.8291988769768208 -124.3868864974759 0.24887642355161405 0.9164984772714001 0.3131949344407752 11.026748668613255 -0.8026006765942713 0.3761568801303523 -0.46296668936438345 -78.40878686889113
-0.5426746431617616 -0.12814033651832554 0.8301110081345896 -124.53874061631315 0.2542364443340338 0.9168758575637207 0.307737700305273 12.085119487442268 -0.8005423549329805 0.37804591781126345 -0.46498733529484115 -78.04007520333323
-0.5426416239038074 -0.12272287111424525 0.830950759619675 -124.6017674314359 0.25737946523981425 0.91738908756103 0.3035672460869377 12.76762178330722 -0.7995598031916724 0.37859788553215207 -0.4662271572856706 -77.85962223665008
-0.5453066268460021 -0.11936386231774945 0.8296944926238962 -124.88756851913492 0.2573777509736107 0.9181536264815112 0.3012484215437744 12.913247573202067 -0.7977451823869582 0.3778176631014475 -0.4699536545521909 -77.40707809494567
-0.5464914376743961 -0.11991295064722338 0.8288353230984116 -124.98870715379758 0.2561871701551065 0.9183136566248774 0.30177501868803835 12.721612638532804 -0.7973175292168675 0.3772544397662193 -0.4711303909536997 -77.3015532683215
-0.5488155224890372 -0.11936943405662216 0.8273768551803263 -125.20746219621162 0.2568824995797287 0.9177793879808986 0.3028074906720075 12.751327917689059 -0.7954953825665839 0.3787240858598895 -0.47302765575052297 -76.96885509996706
-0.5518728714060049 -0.1132595989522716 0.8262013054039928 -125.55584603266715 0.26158627677171176 0.9172197872973048 0.3004671056788086 13.528077808043058 -0.7918389694949376 0.381942567718574 -0.47656156092758667 -76.29300675992812
-0.5555298298540088 -0.1066074914110836 0.8246341315501148 -125.9610173454582 0.26501372340299617 0.9173256432981701 0.297121844628899 14.196139600728026 -0.7881334497091571 0.38359940943989357 -0.48134931030064704 -75.52743455834435
-0.5616761860473961 -0.1053629617530805 0.8206208066566858 -126.53004015232199 0.2643868315016143 0.9169948879033978 0.2986971357204026 14.014180690191324 -0.7839766994980066 0.3847324029109772 -0.4871976116470171 -74.63427440227427
-0.5679921521951112 -0.10537308287289344 0.8162606375727227 -127.09518676892709 0.2632612588036359 0.9164044358893223 0.30149033068325415 13.69044376405176 -0.7797938347139522 0.3861339447500507 -0.49276987738078526 -73.7555761244156
-0.5736292283946675 -0.1014929473574543 0.8128029834886407 -127.63796993619016 0.2641784292626692 0.9163463370073271 0.300864002774614 13.853916034353919 -0.7753446110237997 0.38730940124137325 -0.49883079482566184 -72.81039930697995
-0.5780971162297075 -0.09389646063389234 0.8105474562832974 -128.1167666513507 0.2674363686956499 0.9166837620756778 0.2969320950077069 14.536626471307864 -0.7708965643364746 0.388425456203902 -0.5048209108852467 -71.86068923541754
-0.5824747692712378 -0.08821731922113576 0.8080475529025841 -128.55195971491787 0.26862285874529424 0.9173506061231597 0.2937849982639995 14.892556978934163 -0.7671798374057572 0.3881823927420056 -0.5106363941623896 -71.03625437541085
-0.5876110447938112 -0.08572560243860262 0.8045895730885808 -129.02518926283068 0.26609581907785335 0.9185899483781431 0.29220801119738055 14.652220008036052 -0.7641376022063122 0.3858025762293206 -0.5169623749067308 -70.25439806961323
-0.5937635474079356 -0.08676076770067849 0.7999483851834024 -129.54893288364897 0.2606870195255931 0.9198061160865043 0.29325583823808654 13.86164568664833 -0.7612405189034588 0.38266078711810625 -0.5235299364713961 -69.47758600986407
-0.6008535178526588 -0.08745089077408266 0.7945611315606271 -130.15421034568791 0.25751095875209873 0.9198313604868021 0.2959702255085363 13.266175483880541 -0.7567451064966721 0.38244294995177824 -0.530164346052733 -68.48769942489206
-0.6065677620266204 -0.08514170956806252 0.7904596380346341 -130.6637422989636 0.25883019874031854 0.9189360098849662 0.29759626670498446 13.342040523582924 -0.7517196806589969 0.3851071266914243 -0.5353597133530043 -67.5288096406187
-0.6112057238730887 -0.07776943739440834 0.7876417191287742 -131.12519032441 0.26258784709152155 0.9188696044759754 0.2944932470023789 14.040833740166436 -0.7466426090604618 0.386821101515315 -0.5411970526138007 -66.52067725928455
-0.6160241607303886 -0.07249772725021601 0.7843840340929777 -131.578033079594 0.26355921127238874 0.9193979914068038 0.29196553829281163 14.328417956081374 -0.7423279433982644 0.3865894630492251 -0.5472639322204735 -65.59647658696267
-0.6189629825015324 -0.06921587538841037 0.782364358139495 -131.85131318626458 0.2649339598277626 0.9193298107343942 0.29093417816586165 14.578662553200138 -0.7393881411158751 0.3873523740591761 -0.5506934856051331 -65.0234678220129
-0.6231414697272345 -0.06897363842102959 0.7790618370252436 -132.20164393918074 0.2639124035909836 0.9191368098306003 0.2924684052085895 14.346174372359812 -0.7362370215745822 0.38785327382580004 -0.5545492638581329 -64.39925934272239
-0.6261912633364832 -0.07188007259056471 0.7763489916818559 -132.4302448711233 0.25840595485304646 0.9203280225223797 0.29363700968463147 13.534148603409122 -0.7356023818732133 0.3844861325515163 -0.5577271283145849 -64.14123572912823
-0.6286854744693593 -0.07517616205913895 0.7740175184382422 -132.60575748990354 0.2527655099799048 0.9215194177718421 0.29480766549403636 12.704684817283646 -0.7354346817738712 0.38098622983974506 -0.5603439314534081 -63.98497788257297
-0.6299364316994662 -0.07657927183573741 0.7728620233540086 -132.69515022365138 0.2492386745643051 0.9225590031319644 0.2945589395037671 12.246470062113394 -0.7355679269239329 0.37818051359802207 -0.5620670102537276 -63.92716533174334
-0.6300410471804061 -0.07761688187553047 0.772673215865373 -132.6932245240017 0.24891809492735667 0.9223071399984489 0.2956168491910032 12.138925664160528 -0.7355868819422712 0.37858309412307467 -0.5617711099359297 -63.99080678611927
-0.629052022905732 -0.07601940189549523 0.7736372554457662 -132.62736864736334 0.2523018373378202 0.9213655029933441 0.2956846170665329 12.590469538092373 -0.7352804467372749 0.38119110748976454 -0.5604069987219648 -64.08798324624894
-0.6283568252701819 -0.07754972661168413 0.7740502180342248 -132.55551106506175 0.25715380486235334 0.9183761234600429 0.30076106214621245 12.929094910857101 -0.7341931767465513 0.38803522489711706 -0.5571256980770596 -64.21370747219325
-0.6275972192955053 -0.08043314177919471 0.7743721586137232 -132.46487331104763 0.26240759246219986 0.9145940770293745 0.3076685386596723 13.209076046212806 -0.7329829368755737 0.39629305313910584 -0.5528904324393255 -64.38707524854745
-0.625462917453996 -0.08495177046965115 0.7756154559986589 -132.24122695165826 0.2637427085331678 0.9125246794016343 0.31263156139221254 13.084441792758115 -0.7343268499690886 0.4001023696218456 -0.5483449381889649 -64.91028339061513
-0.6234544457931345 -0.08923264551365595 0.7767509826163143 -132.0629097848113 0.2598832537840776 0.913328120712424 0.313516248890728 12.50789479640282 -0.7374043995145244 0.3973276719416185 -0.5462284070661991 -65.43030828914321
-0.6197245561307626 -0.09114187044465459 0.7795092263600086 -131.69651490627237 0.2570802945426445 0.9148607467446797 0.31135114617363174 12.269000085401055 -0.7415195187494369 0.3933484123745981 -0.5435308912987252 -66.25132537586781
-0.6127019117174736 -0.09355358327614156 0.7847573474864363 -131.0682919663074 0.2534526541582286 0.9172617361239864 0.30723388410616326 12.03751581736627 -0.7485707177534416 0.38714162072683944 -0.5382966152811044 -67.56833577850688
-0.6026165849967099 -0.09354191711463432 0.7925295964375223 -130.20654602613627 0.25176265924110974 0.9201064510483205 0.30003280179192104 12.253024424406684 -0.7572772378057775 0.3803341011292364 -0.5309210455608893 -69.21653177379743
-0.591068292760251 -0.09404578559913204 0.8011202553328209 -129.19406512832973 0.2509982703930531 0.9224278658886776 0.2934735090118962 12.55353360947854 -0.7665755941544043 0.37454268440740085 -0.5216125343621644 -71.0757003393165
-0.5780815586211865 -0.09451284085887168 0.8104869119824732 -128.03704564486563 0.25492485185099867 0.9226329713128056 0.2894161712054988 13.341728616376004 -0.7751354923436587 0.3739194073049563 -0.509263434137838 -73.0480765846429
-0.56479728975031 -0.09905947587145951 0.8192626207332885 -126.7906984018842 0.25468495359284427 0.9233827157075555 0.2872280187341591 13.442221707477646 -0.7849456006017965 0.37087946906321384 -0.49629509721865417 -75.21090588115513
-0.5498620563662718 -0.10448041067947804 0.828695096373149 -125.35706669156924 0.2585272727463198 0.922135627730426 0.2878012045085349 13.928027733542363 -0.7942388609322797 0.3724912453393518 -0.4800363568840739 -77.53033582666727
-0.5331268406736301 -0.11064469541213488 0.8387690523204284 -123.71939539533163 0.26080475360561245 0.921636404860413 0.2873451195560641 14.26201176888945 -0.8048333071202195 0.3719463517943534 -0.46249244224830477 -80.09746686965843
-0.5161644220193639 -0.11784568541106205 0.8483434940349415 -122.01477738714135 0.2630215464080287 0.9208186230559257 0.2879457059213023 14.522012856936716 -0.8151036471311761 0.37175994655608735 -0.44429785793999704 -82.66423961750257
-0.4992702853095559 -0.11213797163729124 0.8591590408789218 -120.45466195065873 0.27372371459166966 0.9203940802798141 0.2791953886725466 16.519130290988105 -0.8220732998200666 0.37456616545404936 -0.42883059291519415 -84.65333023462073
-0.4820646134786486 -0.11210437114528715 0.8689340126855437 -118.75689237879236 0.27434208956445993 0.9225904626024464 0.27122547116450774 17.096785363437423 -0.8320757936180375 0.3691333746562658 -0.41399326732422825 -86.97210471457639
-0.4683909505578219 -0.11712071705669362 0.8757240747356819 -117.32791441826308 0.2678109867343474 0.9257223880900391 0.2670493129990236 16.472645058578884 -0.8419543888001982 0.3596120101234123 -0.40223377450816283 -89.06570910127496
-0.4521717481674107 -0.10725818751638266 0.8854582945401371 -115.78538745532035 0.2693406634190913 0.9299778395792626 0.2501935748984185 17.72398863719739 -0.850291901165824 0.3516203906234496 -0.39162071409671534 -90.89021357818116
-0.443427706413726 -0.10185233457103396 0.8905043352657486 -114.94079891080654 0.27395029587391984 0.930577923858847 0.24284967164307672 18.804357381857972 -0.8534184815055591 0.3516401990230761 -0.38474155722479114 -91.80553313781796
-0.4372524398941502 -0.09131656612210486 0.8946907781788519 -114.40451601615055 0.2816649639685532 0.9308769374999195 0.2326649421450604 20.4800630512769 -0.8540931751742348 0.3537363594295021 -0.3813075348565195 -92.19132698775148
-0.4381733986404001 -0.09466845086054465 0.8938914683201679 -114.46158008097277 0.28021339840239146 0.9305001609783861 0.23590231405177173 20.078552071016784 -0.8540986617948209 0.3538464848360977 -0.3811930496342157 -92.25563344431197
-0.4389573727576619 -0.08945788615286279 0.8940434617549378 -114.5890799366991 0.2846043252672553 0.9299522009030772 0.23278591468276977 20.866958384161386 -0.8522422208156915 0.35663172971650303 -0.38274927357024957 -91.98683186722073
-0.4432264865170369 -0.08307030954458634 0.892552298367961 -115.09403527902145 0.29259084493188997 0.9277566230387125 0.23164249582027657 22.025941724313224 -0.8473139200507718 0.3638227206758406 -0.38690069631395546 -91.16372628090265
-0.4494400079189461 -0.0759858380404845 0.8900729361682125 -115.80474258954331 0.2979148322836156 0.9265855495650304 0.22953425026059981 22.878191484836833 -0.8421700730774293 0.36832780475353166 -0.39380730853832746 -90.13766867759588
-0.45730077687058207 -0.07247406770620571 0.8863540539669676 -116.64488374169497 0.2979851919716894 0.9265705860374118 0.22950332123061312 22.889102911962453 -0.8379026344624758 0.3690724300193702 -0.40212524984193615 -89.12529589170701
-0.46408502011494585 -0.06596682491331275 0.8833308961627951 -117.39283693121814 0.2950952613871865 0.9287439869810725 0.22439561794591598 22.809687814432717 -0.835190924766151 0.3648054065626738 -0.41154967443906926 -88.23642140446036
-0.4715036173536544 -0.057384126224283294 0.8799951141227399 -118.21608075244704 0.29376691065444316 0.9306653689168483 0.21808936999177825 23.01802637978567 -0.8314958454658464 0.36134337292434443 -0.421954530508555 -87.15768100387893
-0.48030326981548244 -0.05412385380340001 0.875430966698131 -119.13173712511299 0.289735226760386 0.9322754726752445 0.216600880474336 22.55985043967775 -0.8278660926615269 0.35767730078608295 -0.4320933708398202 -86.10659885453285
-0.48970450578072616 -0.05252047848937133 0.8703051742677979 -120.08816316782992 0.28736921935614446 0.9326857238368658 0.21798227523709562 22.15344816844459 -0.8231697448185853 0.3568458208948904 -0.44164763253656963 -84.95768072898822
-0.4980160822702378 -0.04780416833184972 0.8658491458044547 -120.95159821684969 0.28879774637600464 0.932337255854771 0.21758470312348804 22.373275842918773 -0.8176648723580734 0.3584159634214075 -0.45051321143375994 -83.75043964041578
-0.5050063933480595 -0.043439359764432764 0.8620217889942464 -121.67447217095946 0.2925186310690589 0.9310126404934427 0.21828493699499987 22.837709113414142 -0.8120353398436971 0.36239272242235143 -0.4574605136842389 -82.65598677230236
-0.5125745862917134 -0.04297222023154558 0.8575667214720091 -122.42313582215796 0.29209732955314516 0.9304535158003228 0.22121348286833797 22.601183351335116 -0.8074320055309923 0.36388135871900706 -0.4643747551504164 -81.69396686472427
-0.5209813174486706 -0.042612837063232684 0.8525037319489398 -123.24818734110202 0.289111653315381 0.9309082387713503 0.22321358136294045 22.072249879079447 -0.8031145116275104 0.3627588690921911 -0.4726659328831095 -80.67589313490747
-0.5280942538290079 -0.03991517373154059 0.8482471561866649 -123.95828325361411 0.28948357922228757 0.930600209507651 0.22401452503123354 22.07375320446611 -0.7983205599465899 0.3638544062812714 -0.4798898358959757 -79.67083861183794
-0.5329760333934331 -0.03587006582100913 0.8453696742882362 -124.45521556517193 0.2903801864711578 0.93066891229448 0.22256397505792486 22.285361078098656 -0.794742659691285 0.3640998682595277 -0.48560826887545566 -78.9195615491138
-0.537145593102953 -0.03243028403217438 0.8428658781132794 -124.87710399556829 0.29291606661728553 0.9299011590889135 0.22245002189829843 22.64128735880436 -0.7909960744071585 0.36637700665119255 -0.4899929583879519 -78.23516345080652
-0.5408388241798083 -0.03121722177351116 0.840546757369598 -125.24024210378253 0.2942283505753458 0.9291565112028953 0.22382550213721392 22.737406289486874 -0.7879867029192268 0.36836620739965814 -0.49333892332602164 -77.7121721317005
-0.5428158668584148 -0.028788592058360735 0.8393581784042167 -125.43982288737924 0.2921084667430873 0.9305426194998666 0.22082363313587777 22.63103579485462 -0.7874157595220902 0.3650502023854026 -0.4967039071666603 -77.49765574833621
-0.546415170095917 -0.027105306597329154 0.837075721929214 -125.79323737512382 0.28935958232655135 0.9318180415583696 0.21905745717077985 22.365758034939315 -0.785939879383184 0.3619121989938845 -0.5013163334807246 -77.09032795584265
-0.5472513772014486 -0.019232144907711385 0.8367473063914617 -125.9124447966435 0.29359813373126975 0.9317966456515596 0.2134365175456573 23.29435483296007 -0.783783175387577 0.3624708757331422 -0.5042804757519527 -76.70764506293351
-0.5491540596938765 -0.0160854333312897 0.8355663214588528 -126.11521784559406 0.298518784364407 0.9300797525489379 0.2140985503923436 23.932597832107028 -0.7805871854593379 0.3670053306602655 -0.5059552679472941 -76.27091484659991
-0.5493369782624737 -0.011725711661375593 0.8355186365363066 -126.15398268216327 0.30171303697266394 0.9296622912566971 0.21141728296447299 24.536621531997945 -0.7792291881302872 0.3682261966527944 -0.5071600738075023 -76.10516693782094
-0.5486888300893671 -0.008346223021123506 0.8359849928655677 -126.10486801350697 0.30224177669651386 0.9303369358014565 0.20766100814281707 24.8372254052165 -0.779480901725306 0.3666108651483725 -0.5079429076192181 -76.17064945591014
-0.5490278006463641 0.00018730796232718783 0.8358040673705432 -126.17488529829787 0.3045626759388957 0.9312893655318047 0.19985418202356503 25.634513927614325 -0.7783380053308174 0.3642802253253617 -0.5113607991375055 -75.88754845031865
-0.5479663809223475 0.006427365057412315 0.8364756627405746 -126.09215891240197 0.30599733945017343 0.9322036039606078 0.19329270294625833 26.235785717195302 -0.7785232646673316 0.3618772302055959 -0.5127829917523066 -75.89655292017876
-0.545487620917307 0.013486635631789923 0.8380103615620226 -125.86769957138239 0.3119586204205802 0.9312944121085253 0.18807588128392477 27.37932589832787 -0.7778978561297524 0.36401762132453414 -0.5122168454804696 -75.94150897427983
-0.5475174857799224 0.01643262213464819 0.8366328774886942 -126.07659764725041 0.3178864832686672 0.9289394053146771 0.1897887378341844 28.094704743520065 -0.774062521066814 0.3698669357801442 -0.5138342761010546 -75.427934382706
-0.5501315427655915 0.019853483594198362 0.8348419759712165 -126.20100384432418 0.331039283547354 0.9229957473029046 0.1961933821748513 29.525175897143136 -0.7666604713970877 0.38429765761701906 -0.5143413574147695 -74.76309366057545
-0.5477878582986807 0.021992008916263073 0.8363281735325981 -126.10959657326941 0.3396251583149192 0.9194248091494168 0.19827448691176866 30.605326146371493 -0.764580417052458 0.3926504448799034 -0.5111187865804812 -74.56957113226576
-0.5471296822288542 0.01967597666540391 0.836816566976548 -126.03342097920753 0.340213299069432 0.9186504146685441 0.2008390568729223 30.538561046846592 -0.7647901816579802 0.39458113433307246 -0.509314938390756 -74.80381505332063
-0.5429440897076111 0.017891588660129687 0.8395782313202207 -125.60836972668969 0.333405735034103 0.9221938534052261 0.19595691513184582 29.887259219333664 -0.7707479038556919 0.38631384624012205 -0.5066648605392131 -75.83541592697783
-0.5370837824410952 0.0236558991416308 0.8431971353571875 -125.03530093451057 0.33184062832418965 0.9249329745029476 0.18542057617895624 30.316213605602165 -0.7755145440494159 0.37939345159468696 -0.5046164888852688 -76.67706612208974
-0.5346934838982984 0.031086632175031603 0.844474096450989 -124.81439225282301 0.334581433516954 0.9254458350087311 0.1777787130416128 31.16389731939366 -0.7759884938724543 0.3776024731976822 -0.5052308676363247 -76.79331047549753
-0.5303284781549614 0.03953368131082971 0.8468699978744412 -124.38059909381175 0.3404241613900808 0.9247744488020972 0.1700106149175289 32.44657046437203 -0.7764425900217622 0.3784564795122285 -0.5038924463767118 -77.04413779508121
-0.5295224019911744 0.04824936019938303 0.8469226794872406 -124.32139390050956 0.3439360475070077 0.9248515013343269 0.1623505334296728 33.40029590859886 -0.775444402271855 0.37725548335311465 -0.5063242827134141 -76.89041167939632
-0.5294672230861407 0.043092070535167254 0.8472352289266796 -124.29683355204085 0.33871164562431133 0.9263887451840813 0.1645548963560023 32.53342076693913 -0.7777781694004544 0.374094862639486 -0.5050882625351952 -77.34114340422632
-0.5288725028340654 0.04654500205148346 0.8474240016249591 -124.24214845476848 0.34112845696320937 0.9259454056672086 0.1620385187962666 33.01192229551548 -0.7771262777669606 0.37477815905921685 -0.5055848889120926 -77.30791549408048
-0.5277995908440577 0.04966604709130415 0.847915606455719 -124.131467341669 0.34465247934348875 0.9249324916922496 0.16035758259076185 33.60745389171469 -0.7763003673754325 0.37687288251914774 -0.5052965169427525 -77.31537048480263
-0.5281452320099009 0.04902753807175292 0.8477375268417877 -124.15898437762482 0.34745258627559245 0.9234109795342471 0.1630609185734103 33.825712538117045 -0.7748156646555424 0.38066844285575496 -0.5047298509283604 -77.25137848831619
-0.528556823885156 0.04867494954824003 0.8475012880290581 -124.19291106596705 0.34889862083288686 0.9225908542228827 0.16460822605568984 33.93488079982013 -0.773884640179236 0.3826968316967988 -0.5046243144200312 -77.22063978183303
-0.5283102507206244 0.05129475884930004 0.8475005172258617 -124.15750839567008 0.3495291531853424 0.9228077113934235 0.1620348692916705 34.17821350705253 -0.7737684731604463 0.38183082053106115 -0.5054577869966276 -77.24528208818789
-0.5284090623859143 0.05161042869701901 0.847419746311206 -124.17092007584219 0.34442489075709304 0.9253528574952968 0.1584095443849672 33.68478204928236 -0.7759866992516066 0.375577492370081 -0.506740752071114 -77.50766344295342
-0.5281973954632927 0.052150015920647275 0.847518664847725 -124.14513039924415 0.34177607404476035 0.9267467675703666 0.15597930634679358 33.46466849639247 -0.7773008597939054 0.37204946530985983 -0.5073288565874238 -77.7130062426954
-0.5294356088259039 0.051096174454477644 0.8468099651416853 -124.26111110199716 0.33940892274128487 0.9275736177133964 0.15623305311515287 33.12104036342278 -0.7774956715447007 0.3701301996300751 -0.5084330005527333 -77.74064491092685
-0.531916104261609 0.05231935807905361 0.8451792370836786 -124.5092115036841 0.3417428993322157 0.9264633604576229 0.15772581426506985 33.360430646222426 -0.7747754828227105 0.37273090360173255 -0.5106805505568739 -77.30975918350833
-0.5342280974594356 0.0531176204415999 0.8436698751783744 -124.7344170549087 0.34392697863988875 0.9253470830497056 0.15952118748003102 33.559285136319296 -0.7722140721642603 0.3753815316315173 -0.5126149943783022 -76.91762026698015
-0.5377782667040738 0.05517813046614936 0.8412787348905373 -125.08581958819133 0.3468597476459919 0.9239736232479818 0.16112435881937898 33.874652918754414 -0.7684288199460774 0.37845490809376187 -0.5160320059996486 -76.2667973457556
-0.5419470243341303 0.055841837540890754 0.8385553720509089 -125.49527664747093 0.3455768391034637 0.9243384271696442 0.16178726875995791 33.65515507345319 -0.7660744553179151 0.37746544376618757 -0.5202401057893891 -75.7408453926004
-0.5469318204905131 0.05602053785561606 0.8353007141582609 -125.98462707350107 0.3457386624993436 0.9238125985683877 0.16442341676138436 33.52493458525802 -0.7624502350895421 0.3787241503583979 -0.5246309721577744 -75.03869771990392
-0.5515729543529729 0.05676394517203617 0.8321929647352467 -126.43665977192533 0.3454903791844365 0.9236255699229159 0.1659885673037857 33.3981497871196 -0.7592125354058162 0.37906946739756714 -0.5290582812598223 -74.37905015641915
-0.556302183000862 0.05903424541270744 0.8288804733235231 -126.89855655433627 0.34537866217682023 0.9236624714531612 0.16601571775584414 33.38274257537276 -0.7558051739049061 0.37863253518099904 -0.534224617928624 -73.64723185296651
-0.561236911809156 0.06084450908203212 0.8254156980197845 -127.37612089488113 0.3437844859083077 0.9243282345731174 0.16561866446661333 33.18480634787305 -0.7528780486052719 0.3767164191875775 -0.5396845221449353 -72.95418483754597
-0.5671021624424037 0.06258663579262888 0.8212661264007606 -127.94069389004338 0.3423731709816148 0.9247943389511092 0.16593987596709464 32.97001642240354 -0.749116645887103 0.3752843504119798 -0.5458808543910612 -72.10062825973131
-0.5736549155760429 0.06350763439312732 0.8166313845360292 -128.56750997149422 0.3416978357171737 0.9246498407247364 0.16812275608590033 32.747130946474755 -0.7444210011153921 0.37548562212354897 -0.5521303475419992 -71.12078751175244
-0.5808156843286797 0.06517574204371368 0.8114217543835381 -129.24735828574973 0.3409595483579069 0.9246175652010232 0.16979088463549563 32.546774681283964 -0.7391885599908726 0.3752792037547289 -0.5592546754456658 -70.01104786039083
-0.5881646378752717 0.06830245211416541 0.8058518063442202 -129.938937955295 0.33949848141245853 0.9252325813299618 0.16936779966726045 32.368216794222796 -0.7340321109268211 0.37320161505637517 -0.5673776649178465 -68.84133991165268
-0.5956834170348899 0.07214618144603202 0.7999726215142579 -130.63856161491955 0.3382930884760295 0.9258497070804194 0.16840459075824393 32.2577779329779 -0.7285046691401414 0.370941030895557 -0.5759198717175461 -67.5938674709068
-0.6045450535798071 0.07476002385656619 0.7930549899125242 -131.45685731780856 0.336027299425244 0.9266017789555065 0.16880402032377084 31.9181968137548 -0.7222263718759968 0.3685377620671405 -0.58529393102729 -66.18951703282723
-0.6139355830142469 0.07677059535225811 0.7856140118392851 -132.31327098959 0.3326394465383837 0.9277348564093836 0.16928979535015776 31.417022550400645 -0.7158450240908254 0.36525923929768067 -0.5951063683007308 -64.74001754143845
-0.623119284712981 0.07943178191572971 0.7780828677207042 -133.13840351121738 0.32910557535615065 0.9290994251727863 0.1687121169717679 30.958168388236384 -0.7095152410542568 0.3611991835058468 -0.6050812115298488 -63.283700206596386
-0.6336433334772055 0.08302676438616047 0.7691571246081387 -134.0710917113976 0.3262829347679397 0.9301525579567772 0.1683914053795017 30.583529541525984 -0.7014524733858419 0.35766293534839233 -0.6164751838142849 -61.50327234549825
-0.6444934886492587 0.08688869524999558 0.7596568289210998 -135.0153089227087 0.32448865847660796 0.9306979782148974 0.168844259205794 30.30636969255082 -0.6923404174311644 0.3553190509731437 -0.6280231830169849 -59.573069754204546
-0.6553310695348987 0.09119228259045337 0.7498167488781432 -135.93930595432332 0.32406265977988963 0.9306278765955578 0.17004454663301272 30.175963579718566 -0.6822936184947278 0.3544230846025499 -0.6394213753560203 -57.529871866884285
-0.6673904629442304 0.09650144160036013 0.7384290363603926 -136.94432764138557 0.32372208147515297 0.9305774079197536 0.1709669612373888 30.073837417473037 -0.6706668203634948 0.3531475040806669 -0.6522981346172279 -55.17659791461549
-0.6809533305745684 0.10422528136893512 0.7248721627314492 -138.0399922333935 0.3247773542673949 0.9301372333380664 0.17136043100225268 30.19852115403791 -0.6563704988300993 0.35211051941368215 -0.6672300580637487 -52.332021981880295
-0.6956249789272312 0.11236504766393243 0.7095632352059762 -139.18538489115065 0.3259283753978991 0.9295565538217285 0.17232326412170518 30.302973931421555 -0.6402160438500237 0.351139159466094 -0.6832457156005222 -49.16542491483066
-0.7122164108894102 0.11917832238766406 0.691768972658263 -140.4406410498521 0.32611648704198487 0.9288519921473323 0.17573279023371421 30.128620554947254 -0.6216074492307839 0.3507570443437932 -0.700409647923274 -45.59312993880234
-0.7300893752210591 0.12459588449667801 0.6718968445794443 -141.74245114686858 0.32521182985486174 0.9281044844249225 0.18127143104416799 29.676360611247425 -0.601004800240211 0.35085314813585267 -0.7181192787632047 -41.71575914314989
-0.7481281717136058 0.1300102851537568 0.6506931415365436 -142.98822340128632 0.3237436468815628 0.9275003740227789 0.18690400555213343 29.139995082836748 -0.5792186890909887 0.3504859226015287 -0.735979162929136 -37.660444953163825
-0.7645794597798875 0.13699874731359973 0.6298012328641472 -144.04118501902875 0.32353431429426005 0.9266997141948455 0.19118887829927536 28.859568324344803 -0.5574439856674734 0.3499413993023641 -0.752859362628549 -33.666145044031154
-0.7802731739269648 0.14558426800739968 0.6082589867471668 -144.959551577193 0.3240603108937401 0.9259124124266923 0.1940904928574192 28.763284501206115 -0.5349380234694419 0.34855620124010556 -0.7696426999742634 -29.57304328453905
-0.7961311099518107 0.15410939210059926 0.5851713860342811 -145.8085336183637 0.32337287904660683 0.9257172329236587 0.19615704362900838 28.54611682929998 -0.5114735935158397 0.34539528070682707 -0.7868270859607247 -25.313956934393644
-0.811233715215528 0.16371870522386223 0.5613341650545008 -146.51396988463878 0.32295326611292485 0.9257429374370674 0.1967262099781933 28.454639737813178 -0.4874433784601098 0.34087563618600253 -0.8038673730474338 -20.978278418091115
-0.8259990437815589 0.17421531915123373 0.5360733179752413 -147.0927385886295 0.3224623590876991 0.9260900910056853 0.19589581494426223 28.43510235546364 -0.46232413590850535 0.33467322258303633 -0.8211274124289965 -16.47195885103261
-0.8405192081731888 0.18408656670399282 0.5095484242454803 -147.56086770486738 0.32135040455343156 0.9265972234500093 0.19532409730516842 28.313473763853544 -0.43618961265172446 0.3279172478749317 -0.8379790572328577 -11.84725847316925
-0.8551782490944263 0.1919238292029513 0.48149289305229376 -147.94584139973895 0.3181613694999525 0.9277016707470583 0.19530220953954955 27.868821498280237 -0.40919861343082037 0.32021063985631676 -0.8544130388103298 -7.1258988914176795
-0.8694669429453862 0.20041519032762395 0.4515096749917401 -148.16871415297177 0.31551661976885864 0.9285818892820789 0.19540966595068646 27.4930434149834 -0.3801006416396031 0.3123610513224523 -0.8706055799510444 -2.1282702672983462
-0.8830799518736713 0.20916952493611252 0.42002131902654116 -148.2109222758284 0.31290854149506064 0.9295580718224935 0.19496162640140807 27.154534660047087 -0.34965417666349763 0.3035949619931947 -0.8863250283017637 3.0298052259049784
-0.8948078976626 0.22217333928983973 0.3872438941925872 -147.93849060965783 0.31402941155319575 0.929754626343369 0.1922026625014759 27.473700684063093 -0.317339494800429 0.29359043257896605 -0.9017207455403831 8.43251018106771
-0.9055944201045532 0.2348086668854605 0.353218963577794 -147.46047616910374 0.31510113265338047 0.9299072121705937 0.18969410363443537 27.77135587413207 -0.28391904211597857 0.2830856172760955 -0.916107259449109 13.926844861621852
-0.9154276717689029 0.24657657729578306 0.31810716635885855 -146.78246019903546 0.3159081912694135 0.929919873786618 0.18828447367100892 27.967085638829253 -0.24938763491531296 0.2728534769171504 -0.929169945535029 19.493130684684065
-0.9238430687732985 0.25925844151436195 0.28160086076409413 -145.83181691850928 0.31793284909960273 0.9294162178409788 0.18736114185598954 28.304828358718957 -0.21314944931419322 0.2626224562327356 -0.9410615058216657 25.223202082188813
-0.9313322642899562 0.2711998038540609 0.24304501616380073 -144.62881774746566 0.31918618424128437 0.9292102577198039 0.18624842747734743 28.545212500368024 -0.17532938510709525 0.2510357809911065 -0.951966723882801 31.119190782902105
-0.9379533583926315 0.2809928493163675 0.203190836685745 -143.2199918673434 0.31870193647609035 0.929464394213069 0.185809083676021 28.50382737211583 -0.13664762407877418 0.2390375671797253 -0.9613472152715815 37.04504235192075
-0.9437627917473229 0.287605501893902 0.1630793309823658 -141.66848562360838 0.3157920255459288 0.930216596176065 0.18700930672085694 28.026075657602103 -0.09791419465480347 0.22799157764920355 -0.9687273357380437 42.85143707583164
-0.9472625716981362 0.29620614884696256 0.12229283562451398 -139.7692019089169 0.3152136143169159 0.9300041701343866 0.18903074057390065 27.82686044215849 -0.057740779429272714 0.21761011216830392 -0.9743263526524356 48.745279306363116
-0.94837816201887 0.30647615341261103 0.08155506848209623 -137.55455272089392 0.31668538697195237 0.9289552831539768 0.19170927880188554 27.87766084208446 -0.017006689393719993 0.20764019189387206 -0.978057423276436 54.600781942249654
-0.9477648320379667 0.3161635345266698 0.04221898373537736 -135.1822989238081 0.3182348927932005 0.9282806139200338 0.19241012143113972 28.054403910802904 0.02164199992941886 0.19579510018345458 -0.9804059886512352 60.09314931131191
-0.9455789020668357 0.32538164323626434 0.0027066974241446162 -132.58316120498918 0.31969474492877864 0.9274382574211212 0.19404522343154362 28.16412109239251 0.060628458919888814 0.18435038626632416 -0.9809888506259673 65.5222673409884
-0.9425239398311673 0.33235085753069876 -0.03451855071904439 -129.9893286901732 0.31961125769604953 0.9268520934783451 0.1969615210358559 27.984046624800097 0.09745392141460221 0.1746084313926956 -0.9798033623577227 70.53829730084361
-0.9377563433895626 0.3404404048434448 -0.0686539961157996 -127.3482810162197 0.32149104459879346 0.9257269337203734 0.19918120500552228 28.118196492746495 0.13136418338121475 0.1647117935507555 -0.9775548457196046 75.0874073940945
-0.9327409928010558 0.3467567889084231 -0.09876218757409129 -124.906820160717 0.3226794083703809 0.9250512079363781 0.200395264687537 28.215144356395214 0.1608484994093562 0.15504835388151122 -0.9747244575757766 78.98255431161394
-0.9279543676559816 0.35146120370035283 -0.12399884613046444 -122.77744262755415 0.3232815836958012 0.9246171537133021 0.20142526331681287 28.240984433263023 0.18544462567387124 0.14682690949758415 -0.9716234607377829 82.17763956461816
-0.9237613154805873 0.3545107441990495 -0.14486947321299606 -120.98071298037172 0.3231623815883762 0.9245643889975818 0.2018582812857982 28.20042190906779 0.20550208550694468 0.13965250747825408 -0.9686413526209443 84.74263387993422
-0.9189829556072091 0.3593619684070187 -0.1622630671658569 -119.31938747054187 0.32541843869224213 0.9236267824774372 0.2025250761004211 28.478001744767457 0.22265032464054915 0.13331369904481233 -0.9657402811234743 86.90420805728048
-0.9133334426373999 0.3669625266437053 -0.17652344490005623 -117.73637870797981 0.3307623232043785 0.9213903862844675 0.20404911568297196 29.139444363754215 0.23752538413516472 0.12797757655866315 -0.9629140313598167 88.74966910948305
-0.90659803933404 0.3759140270996376 -0.191751504049922 -115.95614196602449 0.3373102945890393 0.918577520854242 0.2060026780057229 29.943994512051272 0.2535779174926908 0.1220818676585794 -0.9595802506039103 90.7286315836123
-0.899482058427987 0.38326666383701447 -0.20985397531949782 -113.94643820096123 0.34132317685534075 0.9161403320541676 0.21020318961675327 30.266024095556112 0.27281956584440425 0.11744597215283242 -0.9548695869685802 93.05644941170611
-0.8910393676340423 0.3914836147802937 -0.229759493133321 -111.65362923733176 0.34551166846232606 0.9132047221914527 0.2160528229938491 30.518971322946076 0.2943985942267824 0.11312698495843691 -0.9489635151002951 95.63760121358818
-0.8818716704743985 0.3981615395595335 -0.25252672181429836 -109.08678213646274 0.34765955196451437 0.9109203984395741 0.2221640466738944 30.47175713612175 0.3184889209101741 0.1081268519946329 -0.9417395558938807 98.49058050484865
-0.8716730769135087 0.40386574874971914 -0.277630156811116 -106.23779239182925 0.3486406523997152 0.9091315988250342 0.2278803008426499 30.284691563437573 0.34443539666886314 0.10184396400702592 -0.9332695561931175 101.53047639325996
-0.8609560286223911 0.4087049326569843 -0.30284483617953695 -103.30814001345783 0.3491214915316672 0.9077619101654504 0.23255644175872073 30.08669262796744 0.36995797184202517 0.09449122961747922 -0.9242307647962776 104.48824302880706
-0.8499699187784322 0.4121401005672413 -0.3281640971773264 -100.3290187999475 0.348830934746821 0.9070668732819507 0.23568340280589362 29.8690646412415 0.3948013628844822 0.08585001397163657 -0.9147467731375855 107.33307693218386
-0.8392578987976562 0.41346240802887346 -0.3531218153169081 -97.40183342774887 0.3470880684273806 0.9072867189962818 0.2374040485929268 29.529661340191183 0.4185403828319235 0.07667885419024056 -0.9049554139619138 110.00798507682474
-0.8282582643881639 0.41447584694938155 -0.3770915270438985 -94.4926356472784 0.3462488394507318 0.9076747501428352 0.23714613455032796 29.428449152523118 0.44056780255907 0.06585074220336247 -0.8953008941688478 112.46840680382022
-0.8173178370529357 0.4139297049979121 -0.40081635764456064 -91.60004101113047 0.3452572837331706 0.9087505936134014 0.23445632138307376 29.444169781456317 0.4612905388844473 0.0532405665600177 -0.8856503151967284 114.75883506564881
-0.806913673918644 0.4123934431961363 -0.422873469080234 -88.87330593186825 0.3439918497633559 0.9100810215650706 0.23113230298567672 29.457230942181837 0.4801665649954204 0.041038788918692615 -0.8762168040300219 116.80415698300337
-0.7972736166935946 0.4113628054828422 -0.44174135236538653 -86.44226656808303 0.343653336459936 0.9109764330057425 0.2280884101573089 29.583763567959323 0.4962430497893842 0.030042982099320395 -0.8676636760648164 118.50718466037654
-0.7899165362816275 0.4088967700519075 -0.4569850075767845 -84.53069102804484 0.34219879794085484 0.9123340434424947 0.22482565659573212 29.566498048095426 0.5088534645619212 0.021213783655575205 -0.8605917307215682 119.81014114769809
-0.7846983845772352 0.4051114370032346 -0.469183512978719 -83.08414655149912 0.33919820146654645 0.9141432442727594 0.2220061014304195 29.307551656883298 0.5188381494876197 0.015061625398602382 -0.8547397978780528 120.80307879397454
-0.7812177369209161 0.40125284475010736 -0.4782206625608186 -82.06000217730681 0.33571663318479206 0.9158967611180762 0.22006241200278803 28.932208653905104 0.5263014247778832 0.011370028731857731 -0.8502220490691869 121.51507402136073
-0.7775426526371272 0.3998158531055281 -0.48536038871700127 -81.13199790272002 0.3343836230837696 0.9165583873076205 0.2193360783579057 28.787663535850218 0.5325551764309415 0.008246590904893117 -0.8463551132917294 122.09532859257713
-0.7730459865577785 0.400501574474931 -0.49193332018680375 -80.13526306194684 0.33390648913827287 0.9162709799673476 0.22125539039994047 28.614093635185284 0.539357357582395 0.006780863719238972 -0.8420496782903949 122.71711157372908
-0.76861663763829 0.3997898008687032 -0.4993962149105381 -79.09038559056815 0.33212020565637945 0.9165918550651315 0.22261073698953765 28.289832464774825 0.5467400052496377 0.0052427425669747535 -0.837286020610641 123.39255589165026
-0.7640659851734664 0.4002522008930782 -0.5059657557396028 -78.08687931285264 0.3319626665040687 0.9164004157867298 0.2236315406945477 28.212205785998187 0.5531762452857217 0.0029075120215748262 -0.8330591743840503 123.97400117887597
-0.7600764006993587 0.40011788386692665 -0.5120444747380452 -77.18536419643802 0.33229959686642724 0.9164633722656018 0.2228718582907479 28.303693056396682 0.5584450223811811 -0.000752532666324704 -0.8295411928724626 124.44498904975993
-0.7563600235385675 0.39899183302973845 -0.5183869519657173 -76.30327031868099 0.33252559132339427 0.9169377123704386 0.22057189927072052 28.46476845178624 0.5633349322630051 -0.005545160812383473 -0.8262100249233243 124.87317677840804
-0.7542905314921757 0.39762675073401893 -0.5224354134263464 -75.75973749784109 0.33231757403579215 0.9175051535937254 0.21851618502051687 28.54775733549705 0.5662250648710431 -0.00878977984146126 -0.8242038071266851 125.10857316874714
-0.7524223512754096 0.3975151704645129 -0.5252069064204635 -75.36156732972863 0.3334441523418864 0.9175165634855739 0.21674490305108526 28.809158420425298 0.5680454229814594 -0.012043462134817606 -0.8229090790905288 125.20943643756074
-0.7513192718518975 0.3973247011918499 -0.5269273513177519 -75.10666575366793 0.3338405956470859 0.9175756326097615 0.21588287365790348 28.912501265989942 0.5692712959933368 -0.013712777384708386 -0.822035371072598 125.25967160534485
-0.7485525147742081 0.39977509458848853 -0.5290075674052064 -74.62133269683444 0.33536939390434145 0.9165034807823316 0.21805673423699962 29.006179560375546 0.5720109284423189 -0.014186030474936842 -0.8201233165091214 125.44342831748325
-0.7475245319805319 0.3994478238421962 -0.5307056718323448 -74.37709787545506 0.3349816396590885 0.9166372834301306 0.21809032926092553 28.95094305861557 0.5735803127536678 -0.0147487848165236 -0.8190165432809282 125.50618466579944
-0.7462651350163938 0.39811957910701207 -0.5334689765962207 -74.03869794602811 0.3330955827399586 0.9172172227039462 0.2185403833033766 28.664900631061805 0.5763121385309274 -0.01460709098057865 -0.8170991077433595 125.68334445116712
-0.745214744180657 0.39687972525926923 -0.5358558283100829 -73.75007970615313 0.3317766978560491 0.9177466361019425 0.21832392146374116 28.4959284195466 0.5784282218352541 -0.015086271961517489 -0.8155937693379034 125.80179963213482
-0.7428491896030152 0.3977092238693446 -0.538518759891786 -73.27761489922786 0.33194170848431137 0.917378621675204 0.21961595265785927 28.448456898712365 0.5813688877766507 -0.015615304753547193 -0.8134902449217162 125.99470350493763
-0.7418574442841073 0.39641424583600077 -0.5408357218772883 -73.00151018987609 0.3309357218441659 0.9179213902870453 0.21886495667643863 28.351820854927226 0.5832058644833176 -0.016615262615236284 -0.8121544512471093 126.08240422430227
-0.7399096340383452 0.39598390557063007 -0.5438110701211151 -72.56294630299219 0.33110099918827357 0.9180659810331498 0.2180068411912042 28.42370619724785 0.5855816440034377 -0.018751026603105958 -0.8103965308462029 126.22564500147504
-0.7388917454673449 0.3946365334493539 -0.5461693830189471 -72.28132591648438 0.3306575985999971 0.9186042470432367 0.21640653826123396 28.452337204680706 0.5871154409213775 -0.020694051831498167 -0.8092386639616842 126.28227499468801
-0.7383050044108518 0.39289424678383883 -0.5482151323212924 -72.07564484334658 0.33105209105786854 0.9192639337389483 0.21297495893415866 28.697923405406492 0.5876310351471447 -0.024247287909244963 -0.8087656246162676 126.24447559583258
-0.7397409626815675 0.38958393801996494 -0.5486416529646687 -72.22938143935798 0.33123087913064064 0.9205483176288722 0.20706737942272768 29.04963902078827 0.5857212757287298 -0.028550834445057058 -0.8100095289632093 125.97448615567076
-0.7406125189196413 0.3886847812965437 -0.5481033092474099 -72.37031671582375 0.331804140335918 0.9208735243337667 0.20468992314486267 29.262487550928203 0.5842936840968302 -0.03026702776232415 -0.8109776801829927 125.73904648567301
-0.7412058502256238 0.38846864993814717 -0.5474541036530312 -72.48821730120275 0.3311751820500752 0.9209977265432351 0.20514918107634067 29.15026772531828 0.5838980102598483 -0.029245439258573716 -0.8113000788223573 125.59129341115934
-0.7415649322331955 0.38906443149508796 -0.5465439775785477 -72.58991034050435 0.32979612225416266 0.9208443092719598 0.2080391209065371 28.80100019430134 0.584222533824307 -0.025973567849861323 -0.8111777886166849 125.50355015112643
-0.7414861523751026 0.38910008008171304 -0.5466254782905481 -72.57410509093835 0.32851919580005917 0.9208839226577029 0.20987600858946143 28.525214790108013 0.5850413864222329 -0.023956808446989858 -0.810649521989735 125.46360490439947
-0.7407312323745591 0.3892618699116619 -0.5475330474206497 -72.42234314592758 0.33002799756191215 0.9207445537739659 0.20811292011995547 28.831320448417948 0.585148495862496 -0.02654549544568567 -0.8104915634733045 125.36870904838108
-0.7388063980442653 0.3891542457505888 -0.5502036706740048 -72.12704459428917 0.33093894191543166 0.9207072045727647 0.20682760979061487 29.026675739471713 0.5870643260604012 -0.029278259205332835 -0.8090106677944069 125.37504539729403
-0.7372063089982158 0.3901166623216238 -0.5516664279727954 -71.70791564251677 0.3306763796872584 0.9203273385153088 0.20892755179309697 28.87958107596806 0.5892198145770011 -0.028400347891623032 -0.8074734858492131 125.5336446768804
-0.7347596096894911 0.39097121965421033 -0.5543192413862663 -71.23064210329578 0.3286037103773858 0.9200528238308461 0.2133597967919465 28.35497584173085 0.5934205233181287 -0.02538319843882518 -0.8044922471608122 125.80425300667852
-0.7326050096507958 0.3908067806597804 -0.5572790683534559 -70.76459753482075 0.3273110345940638 0.9201357271903313 0.21498309277913927 28.090235695356032 0.5967892311926557 -0.02490589766016635 -0.8020114150024426 126.0023686191046
-0.7283776556053787 0.3930530640242492 -0.561226584968996 -69.98170073302519 0.32952678959860515 0.919101611525845 0.21601926448220055 28.337958398390032 0.6007312924691445 -0.027595589353078598 -0.7989745913961266 126.25571810593688
-0.7257365771557966 0.3922042212838492 -0.5652276261695971 -69.39319585011484 0.33065554435336336 0.9193193606502792 0.2133514099366196 28.641655613411725 0.6033020235061121 -0.03205872643590191 -0.7968681863976869 126.38818674277647
-0.7233069089375941 0.3916274328770247 -0.56873110456638 -68.86234350294035 0.3325021239588904 0.9193772879085818 0.21020880105430484 29.06903371231826 0.6052019935905447 -0.03705882210774018 -0.7952088974967628 126.4533070763736
-0.7227460781098729 0.38897261715213544 -0.5712603694311514 -68.63304504506672 0.3321477005019507 0.9203571719881688 0.20644752607189615 29.22624814892966 0.6060660125993403 -0.040533678290503125 -0.7943808968600504 126.41376966064726
-0.7246607777808824 0.38317397162765926 -0.5727516605066215 -68.77627731097513 0.3286990813972485 0.9227069343320131 0.20141704799798477 29.024280816917738 0.6056596990345416 -0.04230391001672633 -0.7945984571861975 126.24136018879528
-0.7264313484897693 0.3781570020811239 -0.5738421191480739 -68.93088766696115 0.3227843083753713 0.9249071642173633 0.20089058675315985 28.242144317306312 0.6067188691626201 -0.03929401171186951 -0.793944704904327 126.20149407008194
-0.728939530115197 0.37359328292619215 -0.5736507826089545 -69.25648186045818 0.31881596342265944 0.9268049299079547 0.19846663035682544 27.82843536499968 0.605808173353841 -0.03821885464978558 -0.7946922525399006 125.97775901850946
-0.7313667538006964 0.36954114162779733 -0.5731858477661986 -69.5872641222556 0.31621768165727165 0.9284132002073094 0.1950776960293593 27.65530546180721 0.6042425417349659 -0.03857815865547368 -0.7958659915038594 125.68862992971025
-0.7336522479524454 0.3668100943454454 -0.5720181236294956 -69.94499413215597 0.31462206682970784 0.9294893147562482 0.19251641181406262 27.575831797954418 0.602301696941098 -0.038729426025237546 -0.7973284752356643 125.36629159712253
-0.7362548479736016 0.36380654989449923 -0.57059056519472 -70.35830997287808 0.31132260922107635 0.9307603110364717 0.1917380410535986 27.16549634385163 0.6008386071343533 -0.03646968128667551 -0.7985379956668929 125.08212097454447
-0.73979472596879 0.3597406124034728 -0.5685863656616621 -70.92483510972178 0.3035708417345762 0.9326235718491944 0.19508464132219855 25.928086218343026 0.6004569155878912 -0.02828365285503877 -0.7991567602816433 124.88035746152761
-0.743567686873487 0.35743733776065706 -0.5651067550580031 -71.61158478690467 0.2991941798194448 0.9336615010338799 0.1968731679262885 25.235571720852572 0.5979882421919194 -0.022688126007601186 -0.8011836937547353 124.4861995533746
-0.7478411766412718 0.35618941822383 -0.5602344802537306 -72.4465075330297 0.29882888303917277 0.9341649637394781 0.19503107235304878 25.285530439846873 0.5928194271288337 -0.021561977344140767 -0.8050467116581821 123.845421408657
-0.7530780577240362 0.3546415088671316 -0.5541686017477329 -73.47470240790445 0.2994426026831422 0.9347458381838054 0.19127034714351526 25.570676749834526 0.5858391986483483 -0.021900186905578226 -0.810131356719737 123.03278327696061
-0.7597791360129108 0.3532519207769405 -0.5458468145431253 -74.82122706270988 0.2986851387405907 0.9353351191572375 0.18956635452165854 25.56161969218576 0.5775143741717509 -0.019007770477339966 -0.8161592076834592 122.07505615108671
-0.7663612952894451 0.35557694946963375 -0.535028408673926 -76.30368927963144 0.29992442558859894 0.9345463415144654 0.1914901420368101 25.629348100165327 0.5680983224914794 -0.013717454858619749 -0.8228463571132638 120.98901371892732
-0.7754877939189802 0.35296088863430003 -0.5234857138233656 -78.14191885010375 0.2953765350100713 0.9356260687570953 0.19327845722580356 24.9187441146217 0.5580066164913436 -0.004740311870317093 -0.8298229602724033 119.8113566626391
-0.7835956543494739 0.3541411111442437 -0.5104526656626844 -79.93846825473481 0.29389515947668293 0.9351793834276849 0.1976490729752886 24.490937441431587 0.5473604714635456 0.004857387089405682 -0.8368828592281411 118.55537184631741
-0.7913499028808809 0.3542973016053227 -0.49823564032052886 -81.63806481589278 0.29398284677143394 0.935077024885532 0.19800263466778978 24.4885619588323 0.5360404994164004 0.010216633810096687 -0.8441304421586787 117.24208485560958
-0.7992112711717484 0.3529669201655426 -0.4864932654219268 -83.31473495328422 0.2945081608490879 0.9355518367553276 0.19495564607628077 24.723304737966608 0.5239525619990092 0.01253451285785498 -0.8516552111988105 115.85310643969103
-0.8048141235809846 0.35430520367055673 -0.47617438941687823 -84.62648394691465 0.29707647401485604 0.9350196111088515 0.1936075810208686 25.145811120913464 0.513828565838327 0.014357907013801643 -0.857772729477168 114.65644152144624
-0.8093512330901954 0.3576700592773894 -0.46585696323215886 -85.80056737400149 0.300007707531589 0.9336634432047259 0.19562195747087316 25.442434889388917 0.504921733456801 0.01856619292166123 -0.8629654335854796 113.5601301908641
-0.812982193804604 0.36063574104528884 -0.45716716290364606 -86.76213096697393 0.30192050092739553 0.932411882915032 0.19862550621356634 25.549250827372106 0.49789955179373685 0.023450860955630107 -0.8669175816904602 112.64481870041648
-0.8157022540955771 0.3635596316623352 -0.4499491381133449 -87.52127204966784 0.3049174592251629 0.9312175805004016 0.19964759158739942 25.905677453390364 0.49158435260193745 0.025655642508521856 -0.8704519586309224 111.81824731493923
-0.8170311064741402 0.3661161037070891 -0.44544266708520647 -87.94722101525883 0.30742636106008686 0.930177608866666 0.20064557928956295 26.19897655095174 0.4878003726720544 0.026992861453191686 -0.8725377824779702 111.25905524047755
-0.8171299770853927 0.3683767043057554 -0.44339283290695586 -88.07731300139062 0.30900704254767686 0.929239602540053 0.20255470551715746 26.318082399486883 0.4866346146796011 0.028502013894358635 -0.8731405310713746 110.9683663763495
-0.8169956221098124 0.3696832466341882 -0.44255220100165205 -88.03783106652507 0.30918271509761636 0.9286530438837107 0.20496236915684182 26.218457660385944 0.48674860260535613 0.030623867220278184 -0.8730051412324029 110.86447504632692
-0.8156494946055131 0.3712055302958313 -0.4437593449467423 -87.86773966578578 0.30986834405671065 0.9280289143494475 0.2067460845649539 26.224935977604915 0.4885667930808675 0.03112536600873568 -0.8719711579458916 110.83659393051407
-0.8145129123981919 0.372320452934415 -0.4449114472154288 -87.65711470394372 0.3111923263740652 0.9276257587326845 0.2065666665788765 26.417355850975845 0.48962031365386843 0.029798188910125575 -0.8714264262662476 110.7967193174344
-0.8131592412540894 0.37394327638029634 -0.4460251948186816 -87.42367226798768 0.3127012883002228 0.9270003044018273 0.2070950021953714 26.598763420935533 0.4909072750107239 0.028928561818542642 -0.8707314084450246 110.77613173518225
-0.811332697444328 0.376387620373281 -0.44729365442341057 -87.12219142924364 0.31371646146422527 0.9259708361839678 0.21014279036676153 26.5857712730952 0.49327602401097487 0.030172334455628183 -0.8693494086783644 110.85182508351414
-0.809583550469529 0.37833897815428785 -0.4488140956101098 -86.81704207252756 0.3152861623319235 0.9251976947631216 0.2111962628623288 26.74815765192286 0.49514554491700663 0.029476146528595565 -0.8683098790953984 110.88822338045676
-0.8086255126431335 0.37894752904423595 -0.4500261664991242 -86.62327684505998 0.31637843790184933 0.9250012901790156 0.2104217127530867 26.936439965487043 0.4960135727310445 0.027773789774260413 -0.8678704697523473 110.82794294836928
-0.8073783609607358 0.3803252901809131 -0.45110182431593004 -86.40622043586463 0.3168385642474162 0.9244141430395542 0.21230123964330172 26.907696796127325 0.49774843692169624 0.02848097254749185 -0.8668536945441008 110.83305143066767
-0.8080184652262116 0.3799564916650802 -0.4502657263161846 -86.52727000480354 0.31389769064268364 0.924386824071401 0.216742333872224 26.29005268443101 0.4985723615110123 0.03379443629878062 -0.8661890881398703 110.71923532442675
-0.8085799536228346 0.3791278611634898 -0.4499561350719557 -86.61294499308725 0.31054854959129713 0.9245259145410282 0.22093309324050503 25.631808147072302 0.4997579983812526 0.03890884515985539 -0.8652907284966656 110.63878643668991
-0.8078510734110964 0.3841739580863316 -0.4469754054943301 -86.68511259597463 0.3127216124380544 0.9222138150373881 0.22743542483159723 25.613736576335167 0.4995816612954108 0.04395508255557444 -0.8651509200219636 110.43946299944602
-0.8086306375720895 0.38549111255107005 -0.4444244526619729 -86.92227059986622 0.3144973998944742 0.9216635659362916 0.22721720156100417 25.868427784808155 0.49720003765021087 0.04396445575390544 -0.8665213495297688 110.03158150783058
-0.8139590416863953 0.3794638361145611 -0.43986120031003695 -87.82119835659627 0.3110016352039469 0.9241733132152359 0.2217694073609901 25.666915298559722 0.4906614528954114 0.043713661731719075 -0.8702530979092052 109.18537084528845
-0.8180781964153742 0.37320720318151446 -0.4375665069943086 -88.44647894459105 0.3064562166495536 0.9267135086929169 0.21745496104459205 25.268281437285456 0.48665455081259684 0.0438001860668991 -0.8724957832986328 108.61664734025376
-0.8206835019126779 0.3715282586727173 -0.4341029171705276 -88.95236955899723 0.30352249416591404 0.9271521718683476 0.21968829221218905 24.77209573915099 0.48409987112541797 0.04853455683761726 -0.8736656749403228 108.15502006133747
-0.8243857386063864 0.36434825188937936 -0.43317260454414247 -89.45043969467116 0.2952315922500024 0.9297195101608957 0.22013618367663274 23.643927790516102 0.4829352554120801 0.05359089261560422 -0.8740146196195643 107.8437587972105
-0.8271423912945209 0.36231376611629995 -0.4296093567489012 -89.97958709801276 0.29110138997428736 0.9301115616907663 0.22394745715055936 22.909718797219924 0.48072387633507396 0.06017655433627633 -0.8748047422308556 107.40643702363016
-0.8295402094153446 0.3607630697412036 -0.42627813511139623 -90.45153214302445 0.288902774216037 0.9304786536645606 0.22526575888240194 22.554650164752864 0.4779102719270887 0.06371406897609319 -0.8760949089003348 106.92865344792003
-0.8315970822872625 0.3597564613136002 -0.4231094199783645 -90.87338872858182 0.2864175890322198 0.9305188714892465 0.2282533559344726 22.08427161224958 0.47582691960867696 0.0686288448503593 -0.8768573568318982 106.51485538498771
-0.8340904972703826 0.36189633147622813 -0.41632209601136216 -91.5452611133712 0.29084798810142165 0.9298047537020198 0.22554504607834017 22.80866251783294 0.4687221887009416 0.06703853561328246 -0.8807981292908299 105.6194200957426
-0.8368105523411405 0.35927932901757553 -0.41311797737595 -92.03286655662923 0.2930183044931687 0.9312975222042473 0.21639130843954374 23.525397638959966 0.4624806728096471 0.06002740105076863 -0.8845950137778452 104.87769762462099
-0.8380330098397298 0.3611180583106093 -0.40901640844951265 -92.41460765698139 0.29730653391009054 0.9308006954443225 0.2126473377560445 24.28782879359248 0.4575035511483287 0.05660223778562512 -0.8874044666127887 104.2099877213234
-0.8362195481762057 0.3734685028887828 -0.4015696011876318 -92.60811189904567 0.30998257490801934 0.92595941098578 0.21566170837740478 25.834278346204126 0.45238000674364093 0.055860957357333485 -0.8900740884565428 103.51788358261928
-0.8373967478774353 0.3765995779764585 -0.3961558336213773 -93.0423034265646 0.3119353029810812 0.9244204599708697 0.21941554170419952 25.913620364215348 0.44884635834369435 0.06016287106845537 -0.8915813903096028 102.95446247365763
-0.8418058990106349 0.3713609926473555 -0.3917318490126474 -93.80835646295111 0.30636828466511784 0.9262162701397277 0.21968590095817397 25.149956487620955 0.4444111863378893 0.06491867272535723 -0.8934675502721561 102.30298009830325
-0.8453235489168277 0.3676130521645232 -0.38767091911174256 -94.45999711204867 0.302912312482828 0.927510713429299 0.21901599809187208 24.72577242253865 0.44008207029253676 0.06770908618610119 -0.8954011676644598 101.66384646270498
-0.8484295568900906 0.36474487040002945 -0.38357328701585874 -95.06145144496001 0.3026410811141841 0.9288138513746373 0.2138064674341056 24.931158740971778 0.43425299425256986 0.06531469215635308 -0.8984199062638797 100.89905394968798
-0.8522855697149339 0.3577178778599894 -0.3816375604091352 -95.6314749365676 0.2971891744178881 0.931556669574131 0.2094773638863332 24.409121651280337 0.43045081282825415 0.06511598291739822 -0.900262187645464 100.36685046561345
-0.8530557205543755 0.35796520923285047 -0.3796799265280386 -95.83674389260158 0.3015184839676943 0.9319821987221243 0.20123564567664984 25.366426186056323 0.42589029274600576 0.05718470288421976 -0.9029658732758205 99.80787189421665
-0.8560134204936635 0.3511101004778771 -0.3794241970106197 -96.21104278788691 0.29502739360349534 0.9345022706666836 0.1991590900319154 24.595997173809668 0.42449954176449556 0.058542321966483124 -0.9035335829843326 99.53031399146957
-0.8589070870833408 0.3447738330871474 -0.37869462601997145 -96.60260802556196 0.28827128996374607 0.9366557431973812 0.19893637706060466 23.70940942360051 0.42329455363924545 0.06170107579092152 -0.9038886535993219 99.25097615364272
-0.8594679468157627 0.3434297602874487 -0.37864343140374557 -96.70500502054917 0.2845870726258632 0.936764450704433 0.20367268346703743 22.99135427504447 0.42464696689195736 0.0672931173696676 -0.9028546892297415 99.22233217648784
-0.8578809928535892 0.3395995409809951 -0.38563240769680845 -96.15705425603944 0.28295045169957156 0.9386532520794888 0.19715251518458404 23.05725857943599 0.42892801725178603 0.060018531522327945 -0.9013426273567421 99.66683886439286
-0.8494550191163581 0.35612496825677364 -0.3893599587555707 -95.01803595173449 0.2948562033354808 0.9323047550814868 0.20944608615831162 24.128359441887298 0.4375911217707843 0.06310982995192803 -0.8969566096031766 100.44368497023301
-0.844694639769971 0.3622997139790107 -0.39399223697251456 -94.30027308511286 0.29875100521075076 0.9298921989281071 0.21458875846189018 24.431500958277947 0.44411575341282933 0.0635563971868806 -0.8937123597372806 100.97698798659535
-0.8434857002858362 0.35587221490067644 -0.4023516373459903 -93.71241540943964 0.29202286338576944 0.9324884953818119 0.2125743475599557 23.637572374894354 0.45083757682039854 0.06180754518868521 -0.8904635347303448 101.63797543911058
-0.845097646361213 0.35129394442263145 -0.4029919760078693 -93.86588082876195 0.2908733124938439 0.9346012519803901 0.204727174247938 23.815848154692443 0.44855622188706357 0.055794842133265715 -0.89201135160811 101.11334975465074
-0.8454908322371391 0.34880718719907916 -0.40432511517492503 -93.81096140854889 0.2891076813032433 0.9356147734350737 0.20258762139256542 23.611800683935403 0.44895656940779044 0.05439248007125318 -0.8918965505580152 101.01319645397463
-0.8434459086940175 0.3530472406779592 -0.4049156022642279 -93.55014694561461 0.29063678822049693 0.9337811256642785 0.20876557830740922 23.614513889434352 0.45180665825128924 0.058399102757081475 -0.8902023861779808 101.07267805539387
-0.8416826419217417 0.3567859592968576 -0.40530742595745534 -93.31191351335546 0.2922503081530308 0.9321667865808788 0.2136699309213554 23.612185220357674 0.45404855210879774 0.0613910518243444 -0.8888594101902758 101.07280449523536
-0.8394430406544682 0.36044679423079196 -0.406710572797814 -92.97676486580173 0.2947061553261793 0.9307204421081399 0.21658194905136763 23.796546993172626 0.4566001133482587 0.06194810062279921 -0.8875126868499317 101.12422645743713
-0.8381691368115751 0.36282472596122056 -0.4072231775423696 -92.78293688910324 0.29567984787859153 0.9296733683523012 0.2197290507306201 23.79870691577617 0.45830767575399833 0.06376242159494612 -0.8865034844473632 101.0936355708303
-0.8376225932190461 0.3628335810706007 -0.40833832024007277 -92.6526216703308 0.2959409966514236 0.9297451086962201 0.21907295441568278 23.870432389265414 0.45913758050279707 0.06265640671900677 -0.8861528405794905 100.97433937467534
-0.8373803140837467 0.3623646791467811 -0.40925059424740745 -92.5660738281907 0.2966265506005595 0.9301037879416086 0.21660940223241587 24.077114281126377 0.45913712446699345 0.05998985717203535 -0.8863375869118151 100.78710704699364
-0.8363623723886089 0.3631714855891207 -0.41061472709522834 -92.36742953202909 0.29830988066016606 0.9299622206072488 0.2148987746446036 24.367727872702226 0.45990129066248037 0.05724281874808147 -0.8861230515841233 100.68701645811913
-0.8353190864894257 0.36420579454688434 -0.41182054704075194 -92.17724191469718 0.2985100049261748 0.9295130519463296 0.2165577595478761 24.320673798616784 0.46166416441548347 0.05796227635189373 -0.8851590669561377 100.66998519455807
-0.834162941002529 0.36573568111812316 -0.41280697597675614 -91.98202369057346 0.29887339652647293 0.9288284645476712 0.21898031029009363 24.26053307455352 0.46351578258646303 0.059288236633235666 -0.8841029489206448 100.65177733947611
-0.8324868077917094 0.3694357219816855 -0.4128958248476731 -91.76827276962226 0.30235012047033116 0.9274149231914584 0.22019528808164318 24.66281172593761 0.4642737549165857 0.05847057008147223 -0.8837596239532568 100.53405881798216
-0.831218156846186 0.3713885246108838 -0.4136990929607898 -91.56952680339204 0.30492043709898 0.926776917094941 0.2193355260311541 25.03793495090833 0.46486546738663675 0.05617036342544898 -0.8835977520931437 100.42294385184734
-0.8302495246906646 0.3719628827172734 -0.4151256925698303 -91.37420575958417 0.3067729179509555 0.9267510846754718 0.21684742070103719 25.393597786075965 0.46537737757950987 0.052688147941374594 -0.8835427864589954 100.31240221093448
-0.8313441216231667 0.36902100701105167 -0.4155604021404767 -91.47227229937981 0.30466441073166395 0.9279783008683714 0.21455971185424838 25.221201014065375 0.4648080768189526 0.051766490145648214 -0.8838968730694023 100.0643392620135
-0.831013943143072 0.36931988615255124 -0.4159551033393744 -91.4061607383167 0.30536483304376777 0.9279202324542504 0.21381384646977725 25.341940598599894 0.46493886161726133 0.0506642269685057 -0.8838919566687599 99.88596961340858
-0.8318685845637699 0.36765458323681 -0.41572198094500307 -91.51306460513366 0.30210998242940834 0.928364009721813 0.21649439708624985 24.801737117968678 0.4655364824934481 0.05450112731131167 -0.8833489744089952 99.72631277033365
-0.8319507132594027 0.369987384763537 -0.4134819776278159 -91.62393919265806 0.30345655243898406 0.9272944124903201 0.2191784509163217 24.870472371126333 0.46451278937077434 0.05687185314433464 -0.8837383440990393 99.3975667898571
-0.829651516670116 0.37480980348145054 -0.413758349886951 -91.3447525533018 0.30864857467909423 0.9255044732569818 0.2194937979303287 25.535733101214525 0.4652036309354643 0.054397437398399764 -0.8835307015429331 99.31258265952685
-0.828066998409374 0.37830612526843355 -0.413750554959959 -91.15592304658034 0.31321408542549445 0.9242679940781222 0.21823293017754075 26.18741385527992 0.46497524970299314 0.051118985780124374 -0.8838466306189388 99.12609263695562
-0.8278222547265714 0.37731748700337 -0.41514073346381847 -91.05380397532264 0.31329417817934024 0.9248080166254667 0.21581679801211526 26.305926406761703 0.46535693021416075 0.048596773418942724 -0.8837880295155172 99.02512388848457
-0.8276118623109914 0.37732671768748915 -0.415551625530834 -91.00698522349063 0.31483853339626877 0.9249701829474308 0.21285407806072926 26.637739293646646 0.46468839371240933 0.04532889561176605 -0.8843132860992186 98.78261881409216
-0.827982167809826 0.3753109127588884 -0.41663803061294236 -90.99966697975199 0.31182413500252515 0.9256852729126338 0.21417862718438746 26.19044851665251 0.46605926513574214 0.04741829052962532 -0.8834818997038819 98.7425284004694
-0.8277547439431873 0.3753370721869206 -0.41706614118350455 -90.94264821513255 0.3120835530569047 0.9257098282425973 0.2136941033497165 26.24621693739884 0.4662895450156766 0.04672682460013282 -0.883397228924713 98.5837633738216
-0.8263873568091727 0.3765835825090721 -0.4186510980405783 -90.70255608789155 0.3136008223252663 0.9252905173628748 0.21328849644380832 26.464634378039214 0.46769483719928506 0.04496958820110036 -0.8827453060731377 98.57138197511823
-0.8249335050204814 0.378910548581099 -0.4194180593019263 -90.49405069674539 0.3151062901430192 0.9243175548216448 0.21527908342623264 26.582984112029415 0.46924699062106623 0.04542966016278384 -0.8818976175104268 98.56428448488128
-0.8239613809510775 0.37794855839159697 -0.42218778986477934 -90.2394580176923 0.31360488760483424 0.9247134364764386 0.2157707924402539 26.36703143828896 0.47195298195005897 0.045386645719302426 -0.8804546752779485 98.68733195647121
-0.8226223000273882 0.3795404120483691 -0.4233693743290885 -90.03168189676042 0.31732005144053244 0.924305885403496 0.21205333093879222 27.017009350436734 0.47180561299271073 0.04009620718488574 -0.8807904164544248 98.52690696669436
-0.8218487335215103 0.3803400796343803 -0.4241533720634586 -89.89870668526628 0.32025655251917173 0.9241746672086975 0.20817522681200312 27.564472201991933 0.471169183815776 0.03525064982957313 -0.8813381824867049 98.32684945664782
-0.8219256399365785 0.37888998023284187 -0.425300629312963 -89.77893863440784 0.31960618335950847 0.9248318891776638 0.20624709529697832 27.556495147059156 0.47147654233611025 0.03359106487191617 -0.8812386228414848 98.26895338462077
-0.8204956017040035 0.38049912388050217 -0.42662323461170704 -89.61802559330002 0.31962590619984516 0.924099108292676 0.2094758175508778 27.43464471151614 0.4739475157338765 0.03551414899516954 -0.8798366311712851 98.2822836997616
-0.8201773690159054 0.38151772576494614 -0.42632535495943785 -89.59013132697814 0.32000971233321807 0.9236381666035911 0.21091780675316937 27.423539482056917 0.4742392511871601 0.036561757620492796 -0.8796364990796721 98.1415696164009
-0.8192252842377089 0.3832982926565738 -0.42655873278154866 -89.46246949958699 0.3206685644787999 0.9228412926806026 0.21339076896318754 27.411338184855996 0.4754383297765872 0.03803113685061542 -0.8789266335759197 98.09140115764731
-0.8193628905012896 0.38279860560087475 -0.4267431091645155 -89.46277637649372 0.3205372319064864 0.9230748677182679 0.21257627230862186 27.430882561067826 0.47528973966528987 0.0373900539840203 -0.8790344971797028 97.91685218681582
-0.8193774261568038 0.3838988840443921 -0.42572559276383914 -89.50366604613681 0.32254712587307277 0.9226822008606345 0.2112366156848688 27.752672592973255 0.4739029279247723 0.03576594811335522 -0.8798504485762799 97.63091137652538
-0.8197546905532643 0.3819565442023106 -0.42674517648937776 -89.49670224920008 0.3218888202316915 0.9235765323035343 0.2083122089269564 27.785490739762484 0.4736980417162094 0.03340040896765331 -0.8800537358337966 97.46242794576794
-0.8201797502651536 0.3814185690358197 -0.42640948916465016 -89.55573557447849 0.3216118121000121 0.9238047924517654 0.2077270992453715 27.775141061159626 0.4731501025813444 0.03323523187548988 -0.8803547011230448 97.24506173831404
-0.8215585356107242 0.37943507592095427 -0.4255239073495427 -89.74622193397593 0.3198986991447952 0.9246008712127025 0.20682855518080895 27.584527564681316 0.4719177839948716 0.03379722050069825 -0.8809945249749268 96.95115113698323
-0.8217238446541097 0.3794955167083518 -0.42515065085817483 -89.77435947238845 0.31931741694697924 0.9245229969806389 0.2080711784179775 27.459833060899104 0.4720236332655152 0.0352190410459723 -0.8808821196883408 96.79687335615563
-0.820685574114533 0.3813077846175764 -0.4255344425899451 -89.64596662112307 0.32094166717193695 0.9237929688387169 0.20881330656125896 27.650955358239894 0.47272786538683853 0.03479833493408287 -0.8805211190951745 96.70975342361633
-0.81920316340592 0.38442776970725434 -0.4255836779572728 -89.4554388751123 0.3243634981598903 0.9225596029633171 0.20897870714894898 28.07822557066687 0.47296352726950563 0.03315220743892516 -0.8804580813501084 96.61152065065596
-0.8200795227650977 0.38227906317935734 -0.4258312978118008 -89.53644739597965 0.3224050800671696 0.9234442357511248 0.20810023499483146 27.862763498396802 0.472783820247956 0.03336856773574573 -0.8805464201273056 96.4458750091789
-0.8204506864169866 0.382352205691422 -0.42504995231243126 -89.60999883935108 0.3232003815312357 0.9234512962993923 0.20683137271950713 28.01319480996149 0.4715953610203977 0.03231863496307591 -0.8812226286802696 96.17306501730978
-0.821879369369808 0.37923830874401476 -0.42507953065898885 -89.79162240936101 0.3211266201092041 0.9247700328133031 0.20415210081633295 27.858579350497244 0.4705231089559001 0.03128404691632129 -0.88183292768359 95.89847176988681
-0.8209248111237499 0.3817956160529489 -0.4246346218152552 -89.67342901319354 0.32336629111404097 0.9237169900037027 0.20538053498238018 28.10519337303067 0.47065560259343026 0.03128945415389266 -0.8817620278772309 95.78897030316833
-0.8220120134715948 0.3793763740526236 -0.42469967803032105 -89.78221121781294 0.32138038813790826 0.9247163446532989 0.20399590204552698 27.90080245924284 0.47011795948325774 0.031196934812968632 -0.8820520707019361 95.59731989308088
-0.823389281640623 0.37782072328914057 -0.4234165702149708 -89.99889824463446 0.31988333814071307 0.9253181860099329 0.20361950942687462 27.72639165277596 0.46872672300530605 0.032214215690553855 -0.8827556306521921 95.293591358557
-0.8228238418674639 0.37901627198752685 -0.42344727041645175 -89.92739647289078 0.3213300923523281 0.9248600097792542 0.2034230421067425 27.917516650939824 0.4687300897140175 0.03131497852137706 -0.8827862001169337 95.15946767830029
-0.8231042796171687 0.3789419047287917 -0.42296853040908017 -89.97593350688057 0.320806480770592 0.9248510148934109 0.20428852671213554 27.816715397684163 0.4685963580433478 0.03245971489619888 -0.8828158472395974 95.0033158084596
-0.8243313201922019 0.3756324976902018 -0.4235305198320448 -90.0884312348571 0.31748580819611516 0.9261708831031906 0.2034951028548727 27.42302824550433 0.4687010093270988 0.03328245740440759 -0.88272965390593 94.87633819317567
-0.8247974177984394 0.3749678889035322 -0.4232118876925065 -90.15241820157708 0.3165872215733066 0.9264098287328587 0.20380716465239468 27.297285435637274 0.46848879466804805 0.03411614747275157 -0.8828104766891345 94.72138230714988
-0.826713189935906 0.37059308644063393 -0.4233273743433127 -90.36121933441189 0.3135736579274542 0.9282169179907754 0.20021217298081684 27.050256286993058 0.4671368778420243 0.032773730915313215 -0.8835773989424448 94.46019078299717
-0.8243140742613656 0.3755494119568789 -0.423637753456264 -90.07130984440707 0.3183484820091403 0.9262707399369086 0.20168480443307465 27.606335897306742 0.46814586506462263 0.03138718712427041 -0.8830935927223807 94.45566885679861
-0.8242461889369426 0.3748492196983248 -0.4243893053724173 -90.02820960616928 0.3162813768621257 0.9264639829378226 0.20403572963866856 27.25390115123127 0.46966404021717895 0.03394923873289167 -0.8821922344457206 94.48039948842901
-0.8237084842525927 0.3769665430405591 -0.4235570308687445 -89.99893447088039 0.316775717635414 0.9254929306285669 0.20764387800538506 27.1770448724186 0.4702738326622743 0.03686544160317426 -0.8817502262707609 94.4076220070994
-0.8234965754391226 0.37708381886209885 -0.4238645819037177 -89.96169546763458 0.317313769788777 0.9254851760112415 0.20685540961231114 27.28131975933272 0.4702822149969873 0.035846653062982695 -0.8817877611544116 94.30106851554072
-0.823733357552165 0.37614563224940734 -0.4242379273421114 -89.96965843077646 0.3204046157190741 0.9261368881880345 0.19902599469239304 27.979381958320356 0.467765152487602 0.028016560764618614 -0.8834086452153234 93.97298928171831
-0.82547762511033 0.3746684668424434 -0.42214953558678975 -90.26161799860489 0.3230724877994427 0.9269160826593623 0.19092077763957846 28.635702053985938 0.4628291888691641 0.021215929424733077 -0.8861935602730119 93.38425022598615
-0.8245516006835312 0.3801010577971836 -0.41909168886019277 -90.29480291882143 0.3284457212312578 0.9247054128862974 0.19246638039839742 29.26682771720352 0.4606930279645063 0.021049590025552053 -0.8873098944250823 93.05128294479958
-0.8264973175620219 0.37887552381467493 -0.4163598461870907 -90.63952918731248 0.32485063468882724 0.9250391728105891 0.19691265553073783 28.638708089755752 0.4597545532183975 0.02749302129735036 -0.8876203493470027 92.80556782235647
-0.8286836559205578 0.3776397360804893 -0.4131242284630581 -91.0362755374551 0.32246188463628733 0.92540737303981 0.1990967776745054 28.25026783074236 0.45749506157657294 0.031771428306201804 -0.8886443861165341 92.43219913059004
-0.8283391357346672 0.38257955481812034 -0.40925195228063777 -91.16940964186568 0.3267302023950953 0.9233162196063128 0.20182797986098844 28.699345244450885 0.45508422413131905 0.03346704120588431 -0.8898192547364431 92.06346078447878
-0.8288222422479413 0.3848603919462629 -0.4061233426756749 -91.36540728176203 0.32859870778343875 0.9223056962004933 0.20340868221189018 28.881154993788712 0.4528538174711007 0.03513803447964031 -0.8908921026335112 91.7149181429814
-0.8306370832412706 0.3861452362499573 -0.4011656671076169 -91.79237996523871 0.3284570564058917 0.9215637797275911 0.20696898799427277 28.732774158913625 0.449619837242099 0.04015042235968659 -0.8923171776575454 91.23962839032598
-0.831949040034211 0.3861537126386926 -0.3984295483539202 -92.06465612395027 0.32746568521427266 0.9214031241423846 0.20924270077543933 28.521381261803384 0.4479140763509244 0.043607258982962735 -0.8930125347220447 90.93757675290064
-0.8335044875472273 0.385973263230139 -0.3953415097230646 -92.37874518901167 0.3269169357942275 0.9213609469125039 0.21028390950190812 28.415140168834167 0.44541619450750447 0.04602874727788735 -0.8941396804160306 90.56263714484582
-0.8351231713802337 0.38545160138683043 -0.39242368890288565 -92.69240606923783 0.3256979420436211 0.9214170167580668 0.21192341016795496 28.199878622147455 0.4432720825546887 0.0491705625043406 -0.8950374945278192 90.22115200196835
-0.835388737607216 0.38818002408223856 -0.3891554008137814 -92.86654599121483 0.3293698032745414 0.9203290936359612 0.21097367631555314 28.70901424837422 0.4400468040673765 0.04806899531634283 -0.8966873378828126 89.79744775151991
-0.8356751266976917 0.39072469574378355 -0.38598095128480703 -93.03821703722883 0.3324138302850358 0.9192602286748481 0.2108593782877502 29.107089792873566 0.43720490396841183 0.0479045312323676 -0.8980852007651495 89.4098838629484
-0.8351636923084838 0.39565810017769115 -0.38204224218460514 -93.15040812563741 0.3385587306950542 0.9172500602608329 0.20983401254718437 29.93547293971029 0.4334507964230936 0.04590201210489879 -0.9000074512829922 88.93958289857484
-0.835242295661613 0.398063519591066 -0.37936228319205884 -93.27562547318226 0.34155374841952946 0.9162371366889592 0.20940522030882242 30.33828907019685 0.4309423911365505 0.045331487101027954 -0.9012400966439087 88.5951046051187
-0.836558027181905 0.39729880755696384 -0.37725896234726325 -93.51753728824383 0.341748371343715 0.9166029427111917 0.20747794123015095 30.43673320767036 0.428227413696785 0.04463970124226119 -0.9025677698829957 88.23066600167446
-0.8376842974216557 0.39702848788402306 -0.3750378616376129 -93.74257350298538 0.34182492829023553 0.9166946794122565 0.2069458459033082 30.467922460956085 0.4259586086142202 0.04515799536944268 -0.9036149728737628 87.90743922692232
-0.8379517066661072 0.3977892603908007 -0.3736316924634446 -93.83390478813892 0.3433912569803684 0.9164242289208697 0.2055458033534907 30.721532461695638 0.42416904875862976 0.043935600195388905 -0.9045166007933022 87.65278610989341
-0.8389811221100283 0.39694490675480365 -0.37221689610282077 -94.01303415896162 0.3436116471797871 0.9168518449327925 0.20325779287822787 30.83488138627232 0.421949893548264 0.04263139036854542 -0.9056162829200087 87.35392758337949
-0.8409078389441098 0.3944012055475336 -0.3705694205746059 -94.30388589802786 0.3414946113398913 0.9179161712216165 0.20201815026295045 30.610479385395156 0.41982786571184577 0.04333118591153033 -0.9065687902742608 87.0528242021438
-0.8421686677335704 0.3923719501988207 -0.369859686617827 -94.4784749779018 0.3391641664416108 0.9187066685411686 0.20235050130887772 30.301431903063364 0.41918922134261793 0.04497009979042692 -0.9067844765075154 86.91053903060775
-0.8428091614117103 0.3907920705728015 -0.3700733373507366 -94.54253017284513 0.337833246390127 0.9193889551494062 0.20147616926770778 30.164471347917143 0.4189766283147514 0.044782884305332574 -0.9068919881657891 86.82787666656873
-0.8426182314092352 0.39084381429392434 -0.37045327495508645 -94.50370061796706 0.3383218042031241 0.9194233374450531 0.20049709065755097 30.26367053999572 0.41896643409408757 0.04361008357680182 -0.9069538509278787 86.77794711935098
-0.842227983310155 0.38913197107437697 -0.373133130688069 -94.34370201798387 0.33683003157255526 0.9202128898868283 0.19938346751163916 30.114959227767123 0.42094839821543545 0.04224389155728506 -0.9061003805682656 86.94850835172062
-0.8400451417070529 0.3897661242058137 -0.377367895184468 -93.91202978708878 0.33740011529780456 0.9200442869017024 0.19919757111111014 30.196008320217008 0.4248356412677796 0.040010980506803934 -0.9043858686133252 87.33457304943403
-0.8374101504831485 0.38939455337749646 -0.3835571947802969 -93.34499336516289 0.33676173722899133 0.9203059236339751 0.19906918210191904 30.12000433845694 0.43050641366453807 0.037535166499633926 -0.9018067082637733 87.91738483325612
-0.8344964212010971 0.3882396468976817 -0.39100600964604704 -92.69138742896432 0.3355450483528743 0.9209213885941672 0.19827585974005793 29.994252491603874 0.43706434712571607 0.03426036495070178 -0.8987774940801624 88.59883181458943
-0.8319796909105552 0.38515588816186597 -0.3993303591346657 -92.04361156953878 0.33239970892850146 0.9223237814164037 0.19705145454422207 29.636988654237552 0.44420741486002274 0.031205513102500373 -0.8953803596993768 89.3449861398084
-0.8283882047915759 0.3829222463756955 -0.4088319158196693 -91.22208824434205 0.33013012311612033 0.9233757940020763 0.19593683896187086 29.3879502068991 0.4525340694064098 0.027344035576813516 -0.8913277846812859 90.22293652171027
-0.8234205646953378 0.38166378585758287 -0.4198944250661924 -90.1743245656782 0.32882557573670423 0.9240261996061686 0.19506235716510517 29.25304410580976 0.4624416875436687 0.022546330216671476 -0.8863629891954676 91.27118443019113
-0.816864658201045 0.3810172864765729 -0.43307962037957753 -88.85077252817084 0.32739390939684737 0.9243905738858905 0.1957429309087893 29.04647218297953 0.47491615920279945 0.018107852355906506 -0.8798447291489095 92.5835469546323
-0.8074390064568896 0.38188744156433657 -0.44967124972290173 -87.04678588851469 0.3275368008713893 0.9241368017983395 0.19669981097314732 29.031043797663333 0.49067493814830887 0.011539217364337231 -0.8712662919772415 94.24844440458145
-0.7946108462825103 0.38369049840225344 -0.4705052650141368 -84.66162438816546 0.32855188171624383 0.9234571922948736 0.1981930246491671 29.108288677160886 0.5105362513973989 0.0029009368659705242 -0.8598513363218037 96.33594738942159
-0.779138071876039 0.384230142361583 -0.495288867888312 -81.78978412019929 0.32818872749239364 0.923212470513394 0.19992722034650143 28.99972449060826 0.5340749236766424 -0.006777314317104266 -0.8454099856935897 98.77889468167682
-0.7624728113314242 0.3810356737120816 -0.5229216263830887 -78.64244006477965 0.32451289575491205 0.9244061113556616 0.20041138135611453 28.512816358904306 0.5597558329031651 -0.016886581865033487 -0.8284855163995322 101.40373378121136
-0.7457017865122458 0.37574740252967637 -0.5502206240088118 -75.48221226806972 0.3196700799082894 0.9263218021964695 0.19934632875203098 27.93305848010364 0.5845852252699112 -0.027236157359038726 -0.8108750249751443 103.89730802280219
-0.7266001039654053 0.3692644562726544 -0.5793928289607346 -71.95413608435264 0.31457168693048293 0.928508877915112 0.1972711773537341 27.356872242154736 0.6108166195341875 -0.038923321627002044 -0.7908147901590793 106.4830924074518
-0.7056627052143565 0.36306756188213984 -0.6084587841247053 -68.1991350550708 0.3100536640082575 0.9303854344112107 0.19557522560518145 26.842883616857872 0.6371082105142036 -0.05064473264241384 -0.7691087303827513 109.01880527475846
-0.6821151161424456 0.3574709085103859 -0.6379134094050205 -64.10778620210822 0.3071391387077219 0.9317425462527698 0.19370435456200782 26.53892656479666 0.6636147359755182 -0.06379950682540295 -0.7453489821050128 111.51181748760132
-0.6581880132475023 0.35124815586309255 -0.6658928383907445 -60.01979538215472 0.30473682801125734 0.9330925496565283 0.19098104468537136 26.329497334735613 0.6884213861225863 -0.07722063699721127 -0.7211885802969996 113.77334017379862
-0.6321929627581767 0.34585930368375084 -0.6933349838962616 -55.69812113848532 0.3034634360909635 0.9338803569422093 0.18914920532044666 26.23455564492951 0.7129109346860266 -0.0908230200603446 -0.6953482424168583 115.93714282466567
-0.603799088149674 0.33929637808599444 -0.7213214463520048 -51.04984117549209 0.30318539207369277 0.9346335522530953 0.18584601431260714 26.318328165628568 0.7372281052583003 -0.10648047154519227 -0.6672005920236956 118.00421705976976
-0.5730466690882362 0.3333333546742954 -0.7486697467565108 -46.13359102010531 0.3023165426656494 0.9350951432662837 0.1849372354894947 26.241960379716343 0.7617231932123153 -0.12035758265015394 -0.6366253444696066 119.99498734355396
-0.5408452937104409 0.3265657603879314 -0.7751394535266022 -41.06415872130096 0.3016162227689918 0.9355644237293975 0.18370319326143209 26.197442884164538 0.785184069141646 -0.13443962657688902 -0.6044931466708566 121.79455375493659
-0.5056167045025087 0.3212754631470077 -0.8007083269878603 -35.65708655735829 0.3022965041797884 0.9352162649451182 0.18435661458917504 26.261122377929034 0.8080647076123928 -0.1488375441942593 -0.5699814152667786 123.43224914175364
-0.46763772934275727 0.31535811370136496 -0.825750697376555 -29.922205283192856 0.30216092151227186 0.9349463364466852 0.18594118821760733 26.187488141622563 0.8306706517062009 -0.1625564766093249 -0.5325050800756339 124.92080107012369
-0.4283423499938458 0.3071685276728952 -0.8498060524666882 -24.047293606976126 0.3013320519283896 0.9351742760483639 0.1861399148437676 26.076485866075853 0.8518930834807712 -0.1763421929791181 -0.4931344697878454 126.16389016472709
-0.3873826903070785 0.2946984859940309 -0.8735487700198975 -17.953580116166297 0.3003382613074709 0.9361832827696794 0.1826411505039081 26.076068389960472 0.8716258257103532 -0.1916080985120719 -0.4511704295932223 127.12986067790783
-0.3441249734077077 0.2809092535268093 -0.895917403536819 -11.61648039787197 0.2999834668001412 0.9370781398570005 0.17859025574961376 26.176644957927728 0.8897122694015819 -0.20730304166884453 -0.40674012168844653 127.79965678669193
-0.299252599033581 0.266677723650538 -0.9161500279322236 -5.157236717015189 0.29970787809305144 0.9378264977654909 0.17509039921673086 26.26617378858793 0.9058824812196157 -0.22218112385502253 -0.3605724315888719 128.15494491886164
-0.25496398421911526 0.2550194221143907 -0.9327156378530151 1.0772901421552605 0.2991766349512645 0.9380686859068621 0.1747011208327249 26.21245096596975 0.9195035116030567 -0.23450423208423074 -0.31546958218540294 128.21514727620246
-0.2120413882983891 0.24307907917377225 -0.9465468878595096 7.038779708994348 0.29654396727932875 0.9389069561621599 0.1746865854624922 25.880540175256225 0.9311821116831704 -0.2436519832431888 -0.27117076896843556 128.03831693223384
-0.17088878316634026 0.2305916372982171 -0.9579272000502205 12.688731700684864 0.29483253431011547 0.9396480914713269 0.1735950486234196 25.703425662835457 0.9401440317845996 -0.25276265745244153 -0.2285612357714613 127.58325184283518
-0.13123288014934023 0.21796745844449306 -0.9670926109876744 18.067302631829012 0.2972019455718605 0.9393089956458968 0.17137565243347208 26.08501234006774 0.9457531045235908 -0.2649316850773904 -0.18804857756985205 126.79498452857061
-0.09300268992848423 0.20792393382586613 -0.9737135807866926 23.155676247269998 0.30018634060558996 0.9383019554359897 0.17169042296768416 26.45275949233124 0.9493359050304011 -0.27632784544336897 -0.1496805306402094 125.8233657466254
-0.05747782721046413 0.1978760608575361 -0.9785404252858787 27.837013399298375 0.3023700943685332 0.937574681221552 0.1718314382290661 26.725223595982545 0.9514560554280624 -0.28600486302126 -0.11372155871892516 124.74654698051178
-0.02435166737304692 0.1902766380641032 -0.9814284473680059 32.132249485968195 0.3042014091944165 0.9365757373862329 0.17403272905854655 26.877692691859504 0.9522964343838969 -0.29431392958277836 -0.08068960226237183 123.60668133736851
0.009888752851080672 0.183070821279534 -0.9830499920975979 36.51536328024402 0.3036726167828014 0.9361182110132327 0.177385559800314 26.68940405575486 0.9527251200547491 -0.3002794854888057 -0.04633655372642702 122.35179410337403
0.04627270328044252 0.17521759236706586 -0.9834417279413197 41.1215022957618 0.30094250056631344 0.9363117498089745 0.1809804368503697 26.214865353204637 0.9525190015343601 -0.304333866821859 -0.00940474461325119 120.90805945896632
0.08307560173049393 0.17109429621075078 -0.9817459886351785 45.679641165413166 0.2953832437621539 0.9366524585634228 0.18823100480963112 25.250720429580927 0.9517600452328645 -0.30562871866243735 0.027274578403568527 119.38518022197762
0.11641792320232056 0.16103332199402473 -0.9800587412828005 49.834181643316256 0.28884566454928273 0.9386277484763522 0.18853681831752805 24.413876229557975 0.9502710398766984 -0.3050347832588639 0.06275931623174434 117.80368986084915
0.14761144928280795 0.15155634970354806 -0.9773645854568115 53.67676119773965 0.2869660112704354 0.9391178487440913 0.1889660671808739 24.162238565228986 0.94649953429263 -0.30836397168736507 0.09513302554333368 116.06492349997964
0.17716338092244668 0.1463897245785361 -0.9732333661552858 57.23683605345018 0.28870331716691855 0.937642290972139 0.19359062177010675 24.21855064391676 0.9408844408942821 -0.3152728702542279 0.12385267927951768 114.24921800727279
0.2067368327452299 0.14532156806283025 -0.9675440681654921 60.718942016400874 0.29224774201806647 0.9345889760577168 0.20281692019338377 24.333581799386 0.9337296928296819 -0.3246922969322616 0.15074406469589302 112.31675313848373
0.23201210087560847 0.13780896712098745 -0.9629013831272302 63.735059557883226 0.29380902464523195 0.9337476021995471 0.2044301162344081 24.47173550819045 0.927279160816366 -0.3303393769559462 0.17615122465669472 110.49956848260013
0.2578402030339652 0.13625349993875624 -0.9565319719977178 66.72392287780545 0.288238009452227 0.9340784454080099 0.21075176803807144 23.544552243544665 0.9221915634001546 -0.33004915024673903 0.20156953841040567 108.8158990378697
0.2857230963622468 0.13282714424236297 -0.949062306678328 69.93330437252814 0.28073566919125376 0.9352979912362342 0.21541854988186165 22.435160697476903 0.9162694997919058 -0.327985696855646 0.22994692085176346 106.90855815857769
0.3129375922007198 0.1282760047285952 -0.9410713734879439 73.04425516108527 0.27641435415556426 0.9356469551265314 0.21945359459168767 21.75029597967585 0.9086611954982882 -0.3288009154082755 0.2573417762865209 104.83687976843228
0.33991519034090967 0.12400133303852477 -0.9322453179180746 76.07994603849417 0.27162191254069457 0.9360805694933729 0.2235502271184226 21.000292707478238 0.900377254268031 -0.32920637421172744 0.28450652571624724 102.68920504188142
0.363388344163732 0.11729310961979078 -0.9242246684446705 78.73363499921193 0.2665949236210157 0.9374664977229528 0.22379390596387166 20.362457594507397 0.8926791461804439 -0.3277177018148107 0.30939465071615724 100.67434552125829
0.3811106231049267 0.10244007361519974 -0.9188366145699066 80.80502015838037 0.266630893265002 0.9394368214421069 0.21532864480941288 20.675088892515095 0.8852472308419167 -0.32705426130301934 0.3307156640533598 98.83139754500891
0.3969618323634667 0.08706565373487528 -0.9136962709710253 82.65222163115278 0.27138396583899843 0.9398458438224386 0.20746212409783438 21.55426577705894 0.8767964682479829 -0.3303170625163143 0.3494547059040084 96.969564121734
0.41233349756198956 0.07751371946008198 -0.9077294255909965 84.37856547501897 0.27633010966361304 0.9387938455972857 0.20568856546233916 22.238022193110787 0.8681144839717814 -0.33564525732404304 0.3656767752459603 95.1818227523195
0.42441315314546924 0.06967352482229787 -0.90278406907519 85.7287511352098 0.28151262585677206 0.9374705238099316 0.20469406066312218 22.92333278715181 0.8605952108397688 -0.34101996558320385 0.3782608440656856 93.66699884390404
0.43349028819744917 0.06201688043903976 -0.8990217330960928 86.74712045180554 0.28560742561022073 0.9367441758070681 0.20233325858058768 23.520205213609053 0.854701449907975 -0.34447678533124193 0.38835702117131693 92.43335806085283
0.4410210748213124 0.05361823321426856 -0.8958936860088003 87.59864201177031 0.28609726382597905 0.937739449192716 0.19695959245243672 23.777668575559524 0.8506754770150264 -0.3431760634058298 0.39822282997153163 91.41579398017142
0.4480913000542965 0.050530136253180286 -0.8925586211257417 88.36433015942487 0.2808787509657952 0.9398862065261219 0.19421906713253115 23.231593077058918 0.8487174524372318 -0.3377286249522994 0.4069619906284663 90.66587043668007
0.45269241726163845 0.04603527415733298 -0.8904775847190508 88.8752786422025 0.28076650012140103 0.940507004521063 0.19135502830183784 23.32303785879814 0.8463094869865245 -0.3366412452152544 0.412835226520859 89.9922963666867
0.45675180476166405 0.043644010455505186 -0.8885229255333383 89.31332775395306 0.2800656963462289 0.9409523271852406 0.19018917870052898 23.280534854197235 0.8443583330417629 -0.33571404247668823 0.4175584834569833 89.4152520089187
0.4585724453171806 0.0421203799483412 -0.8876582596860284 89.51288679912412 0.2766269320277879 0.9424821358513256 0.18762985923891995 22.95137268936969 0.8445050934557558 -0.33159206443178135 0.42054470622414725 89.14408400096752
0.4580053373819988 0.040686397732196095 -0.8880178646678111 89.46868365092816 0.2761130381525275 0.9430315524454018 0.18561541222268138 22.967956481456163 0.8449808880038544 -0.3302061600454973 0.4206794394503076 89.03633718569581
0.45768543360376873 0.04078357273404215 -0.8881783289756496 89.43741102427383 0.27863293516667403 0.9420482391316232 0.18683897502772834 23.23546902046169 0.8443267917739755 -0.33298921205356663 0.41979811022515406 88.84088571371443
0.4561225977229718 0.04043217724800893 -0.8889979836250664 89.27766196748455 0.28088849066428234 0.9413600004013061 0.18693048295233822 23.51611352894712 0.8444251486418376 -0.3349725193018654 0.4180186355340776 88.77498717924898
0.45391995126572504 0.03948396196627925 -0.8901672284410201 89.06654883422785 0.28170065151841445 0.9414192074426205 0.18540393413358058 23.678867450236034 0.8453410085740681 -0.3349192329585652 0.41620630295254263 88.7878890389043
0.45246639978460834 0.039840843139863275 -0.8908910507373278 88.91272568885337 0.2796476311517988 0.9422738259569009 0.18416633597846252 23.470075959472027 0.8468006609923864 -0.3324646509547282 0.4152058482348343 88.84304924045271
0.45194064119776123 0.042091011203847895 -0.8910544335839389 88.84867938332218 0.2772798005242797 0.9427767654909669 0.18516987517305822 23.14575074692294 0.8478594040611759 -0.3307571877166509 0.4144081487118708 88.83473756532887
0.4500127750761781 0.04158864346555778 -0.892053186196278 88.65762640874128 0.2779503845672869 0.9427750413514795 0.18417058702087324 23.268162688368673 0.8486648843843688 -0.330825643110401 0.4127012331862544 88.83884419602522
0.4486171825739004 0.0416270247103339 -0.8927540614935454 88.51599352277029 0.27819613039027563 0.9427834738115399 0.18375591022800442 23.3152147434497 0.8493229871699768 -0.3307967840254964 0.4113683886044923 88.8084631863104
0.44691508981909916 0.04070263497132441 -0.8936499303409462 88.34744580203413 0.2792999031314994 0.9426790243566309 0.1826138580414038 23.496929202800374 0.8498579096547387 -0.3312092277464836 0.40992923883623666 88.77170037379136
0.44516877346330797 0.0397851853460551 -0.8945624081975244 88.17648368117693 0.28300895702904905 0.9415532524853888 0.1827112557439079 23.950010077895975 0.8495473461641229 -0.33450651975883205 0.40789054274931436 88.66573991485474
0.4443258318210826 0.040829206697718876 -0.8949343724860153 88.08594363463907 0.2845546280910249 0.9407970029185985 0.18420006224581265 24.08589188944738 0.8494723178588468 -0.33650256340749873 0.4064022711694667 88.56089595317056
0.443860556322108 0.04262175047495384 -0.8950816683006527 88.02970997570499 0.2839489376845403 0.9407046315016864 0.18560117741840337 23.960701194378945 0.8499181180144649 -0.3365385307178472 0.4054392803035034 88.49306895257463
0.4415343313432408 0.042923714220914 -0.8962170434681315 87.79340109166331 0.28149083307571865 0.9417988712745724 0.1837873688812139 23.7313639851922 0.8519450364545914 -0.33342531521080215 0.4037539028132881 88.6365424199687
0.4399534833323171 0.04507146882707258 -0.8968887864175417 87.62288581696866 0.27817103915679925 0.9427765262021338 0.18382952596539986 23.32755101992636 0.8538511611974227 -0.33036492601365447 0.4022402393866203 88.75730375651301
0.43777266608627596 0.04619661006536188 -0.8978980822154498 87.39837433122183 0.277878284402547 0.9428317968133675 0.18398875502370746 23.287306155492427 0.855066518982711 -0.3300516264709894 0.39990895461172576 88.83829940223178
0.4365161618688753 0.04855019585727964 -0.8983855068451881 87.25945606900336 0.27929234033424094 0.9418989472135845 0.18660697165048168 23.360126989339143 0.85524816811139 -0.33236914977199816 0.39759441548134294 88.79716334892876
0.4342161656269627 0.04774841069543874 -0.899542334070097 87.03115662089097 0.283758439598726 0.9405058875226548 0.18689522062299954 23.88885607322198 0.8549488110201187 -0.33640565514165066 0.3948338457174138 88.72280332512841
0.4323240953176654 0.04889989824477642 -0.9003914018688832 86.83166718694194 0.28447752618532324 0.9401381398521367 0.18765077961693416 23.947711529696356 0.8556684017206906 -0.33726707213574075 0.3925334487018197 88.74825560933598
0.43004131986328464 0.04894949322631434 -0.9014812312650391 86.60347034720952 0.2813539657276125 0.9415352517902182 0.18534107911004383 23.664858858666964 0.8578487099597396 -0.33333964173079844 0.3911269283380951 88.89396532940289
0.42691400839822224 0.047912034129196715 -0.9030220741593006 86.3378341512245 0.27871898081576846 0.9430079877113235 0.18180116843865318 23.487430437556096 0.8602674927988282 -0.3293028577134473 0.3892293266640826 89.04426790438546
0.42566120873000096 0.04821069702561047 -0.9035974015427553 86.16047045581492 0.27865077573935026 0.9430703946107861 0.18158187131020015 23.485191560685525 0.8609101466252869 -0.3290804757213052 0.38799453596238515 89.06938275151738
0.42364411588038914 0.047573475931835404 -0.9045785910951499 85.9602569329702 0.28176659756756667 0.9421579128258288 0.18151047296196107 23.863534339788195 0.8608909614899672 -0.3317758756863448 0.3857350395510352 89.01095233422048
0.4212669059826232 0.04812489722990686 -0.9056589800749721 85.71750702815802 0.28230998941642116 0.9420216129919308 0.18137351110837835 23.936942611291325 0.8618789148131702 -0.3320832349316836 0.3832563910462294 89.08031756020897
0.4199714206579565 0.044505580942520995 -0.9064453977463325 85.59645574231521 0.28377689216187363 0.9422727844339291 0.17774328451471527 24.255738070986773 0.862029397007716 -0.3318753575969439 0.3830979844823182 88.95944727207714
0.4152204910319329 0.03957843580770744 -0.9088594452643465 85.14407677616003 0.2865917888768561 0.9424912426041312 0.17197501028604184 24.827909088501336 0.8633985698248313 -0.33187920247212815 0.3799988218283053 89.09605640492799
0.415837031540672 0.03927684576476251 -0.9085906078021131 85.19654145712477 0.28890283485596135 0.9416110362193597 0.17292717681756387 25.07100311797453 0.8623309777641248 -0.33440392619805603 0.3802095460817544 88.8319958373056
0.41722587407704237 0.04085312863823824 -0.9078841291052044 85.32102157461108 0.28762613927996333 0.9417013583790999 0.17455588110934894 24.87147600224359 0.8620868714947183 -0.3339604370392182 0.3811517447015339 88.62850706684674
0.4112791488745973 0.03419959559959823 -0.91086763547829 84.75578776888531 0.2917218040250332 0.9417974873250368 0.1670804654189945 25.66263994334132 0.863566934729073 -0.3344366614608387 0.377364901274034 88.81020797442274
0.4133693421866105 0.03786696164590364 -0.9097757306918647 84.94076676170972 0.28472008179406927 0.9436597519052723 0.16864384856038478 24.76646023289603 0.8649047704593767 -0.3287436172000715 0.379298526475948 88.74469123374469
0.41318467605844483 0.03760803527704254 -0.9098703529366581 84.91405384730297 0.2780663580731976 0.9462173030421223 0.16538414655462197 24.102049725293867 0.8671548442915984 -0.32133853037924526 0.3805049604345791 88.81071164253042
0.41336125398255624 0.03849521029559176 -0.9097530392860838 84.91966609948265 0.2743712496306295 0.9474052447514849 0.16475351162723584 23.691988403953513 0.8682470219252671 -0.31771279640844985 0.38105864104652903 88.77922250193588
0.41329885980660386 0.03821929291401098 -0.9097930193905174 84.90508144119849 0.27473492496008217 0.9473261826135652 0.1646020192524631 23.74988571899793 0.8681617208157356 -0.31798174379036803 0.38102865656837087 88.64520686928765
0.4134763028712375 0.03947988548506223 -0.9096585544071023 84.90794980328413 0.27587960826730573 0.9466643622151146 0.16648431473904104 23.823311297530168 0.8677141169222791 -0.31979356459118513 0.38053158520660657 88.49299419085534
0.4140771241460258 0.04012256885796399 -0.909357088677047 84.95400401781042 0.27682347488335124 0.9461567096249826 0.1677982258104457 23.887234465307493 0.867126806766152 -0.32121279597778274 0.38067498038047104 88.30136952526105
0.4129021857418257 0.03849051315087318 -0.9099616834828846 84.83423946192276 0.2782767328663551 0.945997542340384 0.16628502587780053 24.128822105168876 0.86722191217407 -0.32188061495426534 0.3798934386927654 88.22155114289596
0.40886914767960025 0.03533349395974457 -0.9119087477814618 84.43381703064105 0.28099488495151803 0.9458283537289909 0.16263640402256047 24.60223615374626 0.8682556620643715 -0.32273870156351414 0.37679150177021853 88.35260602687136
0.4000344165415692 0.03355785194987443 -0.9158855475193158 83.56323415858917 0.28296378572990405 0.9459851386453919 0.15825174067750264 25.01233878463015 0.8717247051378362 -0.32246858456998395 0.36893095616630467 88.93632062936696
0.3891662414054935 0.03518259829866961 -0.9204954216764336 82.45933159197031 0.28348485575399207 0.946200386466925 0.15601655427543565 25.164926068106595 0.876462191488292 -0.3216628878605614 0.3582555142140096 89.7929325912812
0.3747330353026982 0.039567546331910994 -0.9262880553748379 80.9753426667745 0.2826717009219359 0.946644528741284 0.1547929123121987 25.120386591679186 0.8829902953887582 -0.3198414380305724 0.3435543519849649 91.02785841526067
0.3565026506543475 0.045022252621160025 -0.9332089031108419 79.09048524793437 0.2824767744993192 0.9468979799551712 0.153593904258199 25.146895558569817 0.8905687687904202 -0.31836647487719627 0.32485389905214695 92.54861087217044
0.33424114357720125 0.05143174025838697 -0.9410832237555818 76.76772998861188 0.2827441765937809 0.9470466294596867 0.15217888234361537 25.23675194172006 0.8990765198482883 -0.31695024486982326 0.30199992340139675 94.35150459021084
0.30701398206519537 0.05854507784912032 -0.9499025679911136 73.90182047028401 0.284173998675134 0.946933193375384 0.1502087406274442 25.48670175984628 0.9082882545169549 -0.31605379469884287 0.27408474157275675 96.44382929004699
0.2748680855574717 0.06752776186508436 -0.9591076774374516 70.47101767420536 0.28623204795443247 0.9465553959938648 0.14867446666697434 25.794220745215497 0.9178882013980689 -0.31539322074577036 0.24084925999850584 98.80316831405233
0.2390453671668808 0.08073855303316045 -0.9676459055306145 66.57625157143738 0.28685181787661884 0.9461884323541012 0.14981149842441172 25.824330719306886 0.9276709260383934 -0.3133827317090078 0.20302196051085158 101.36391325275783
0.2013566185244581 0.09704365030382116 -0.974698949477276 62.395998126977126 0.2864323707676946 0.945751168378097 0.15333370303968463 25.636989525617842 0.9367027325426107 -0.3100600868334619 0.1626368144056944 103.94443282758023
0.16337762023307711 0.11347386888863645 -0.9800160377700053 58.116941545845705 0.2862258291757175 0.945185865392671 0.15715741972487363 25.462770888243107 0.9441305671990761 -0.3061819082528418 0.12194306515336957 106.35128350543974
0.12259084062603076 0.12847302652711484 -0.9841067865072197 53.46636127242117 0.28710810501338613 0.944596421718322 0.15908028197285984 25.4927177711894 0.9500212744092764 -0.3020468200989797 0.07891322219925531 108.67227683893772
0.07718647487793831 0.1411750907809654 -0.9869710440731801 48.23480712008238 0.2890574401564856 0.9442385433280015 0.15766854341939407 25.7796213786412 0.9541949718931121 -0.2974612025740496 0.03207473424836253 110.94647067209952
0.030930651821039174 0.1546289560467749 -0.9874883192877828 42.81369107360719 0.2896953029940697 0.9441678392946126 0.1569194782839819 25.886697786525943 0.956619007861071 -0.29092434960591984 -0.015591555575782609 113.05063280611904
-0.013684323782324571 0.1691864926042536 -0.9854890511836705 37.48440640264154 0.288975193502427 0.9441941810671995 0.15808442674430329 25.757258237452355 0.9572387773292801 -0.2826186107798122 -0.06181135832542147 114.88169222200652
-0.05740309125628778 0.184577727501009 -0.9811401263962174 32.16717854670515 0.28898889844324116 0.9437589562523928 0.16063763279492238 25.659653758619054 0.9556099108374632 -0.2743175076511843 -0.10751559563736833 116.43157661686361
-0.10012456498109587 0.19965072156000266 -0.9747382524903373 26.88791622754476 0.2898490340040626 0.9430238392313641 0.1633816884728825 25.655435364700114 0.9518206811024111 -0.266168420406908 -0.15228842045222407 117.69485737612096
-0.14187663967207595 0.21068221557119626 -0.967204230324378 21.68606285764911 0.29156999931466554 0.9426350972910931 0.1625607851071662 25.891575916256123 0.9459693201235473 -0.25894415883936117 -0.1951665134903265 118.6471269508574
-0.18355564033752148 0.22211929251171053 -0.9575856863980265 16.41274781391454 0.29442882232042417 0.9418377783621834 0.16202860190964669 26.247711794353744 0.9378800538913761 -0.2521995621405474 -0.23827795821020795 119.35123174448809
-0.22369705907749354 0.23463167361821435 -0.9459955620906455 11.240451736039319 0.2965128247320702 0.9409693076088277 0.16326943041357264 26.445054160707034 0.9284609687700873 -0.24397692487872605 -0.28006336711042995 119.84904141552435
-0.26031988693223995 0.24880842192110655 -0.932913675346607 6.417241423402832 0.2996535614055694 0.9393349816915779 0.1669057677476766 26.670868744717083 0.917846010834358 -0.23610201471315603 -0.3190839059618084 120.09973994236525
-0.29285374769491235 0.26367764243297487 -0.9190814889562473 2.041949241940071 0.30402465679542623 0.9370177566833626 0.17194979418568973 26.98449092089835 0.906534991338706 -0.22906729260430442 -0.35457366644671473 120.13392706215973
-0.32229463328479135 0.2791667503971376 -0.9045397143456577 -2.000844300234373 0.30873399869983503 0.9342793199632317 0.17834088240179538 27.28459826215829 0.8948795938016645 -0.2217838536993688 -0.3873014779672612 120.02151106967646
-0.34952470737461033 0.2905458835292464 -0.8907387768021008 -5.747303011287939 0.3114354795233628 0.9326723467018799 0.1820171304895818 27.45726065897126 0.8836517532539311 -0.21378817381187853 -0.4164783256178356 119.8195103567734
-0.3752512667099799 0.296188258576381 -0.8783273890264647 -9.250059342369427 0.313640657353921 0.9322523589080218 0.1803748246431003 27.78095231666255 0.8722476855155055 -0.20779329823629958 -0.4427255586940112 119.4875875241569
-0.40150630456003117 0.2975720493852864 -0.8661660134311367 -12.79491003049032 0.3152591950271392 0.9328532292073304 0.1743458996027633 28.2083536790288 0.8598862293055912 -0.20306582228946668 -0.4683587775077083 119.02475408602241
-0.4283140625226266 0.2970772726620907 -0.8534003503122185 -16.423637754724886 0.31479237688627904 0.9343087944202539 0.16725081800475047 28.434225145543977 0.8470258693213863 -0.19700804739051933 -0.4936952561689493 118.49191362707295
-0.45418130644957166 0.2979823423232419 -0.8395986329999081 -19.985898745833424 0.31335006360169443 0.935621511373242 0.16255499099216789 28.451447434346175 0.8339850589264619 -0.18925884687169583 -0.5183145862969917 117.90561102488857
-0.47962733232176846 0.29808476506816467 -0.8252897036339184 -23.516857250928688 0.3095638643690552 0.9375382377956151 0.15872071871053448 28.160548980069674 0.8210528825640897 -0.17935307498158068 -0.541945235727606 117.28851357923647
-0.5043142792731028 0.29861280712433497 -0.8102453326879309 -26.988226828565445 0.30570721502588133 0.9392773549711761 0.1558882584400475 27.821464643880248 0.8075953234153666 -0.16908116944141427 -0.564979071946876 116.58521481004306
-0.5285568437156968 0.298036175155747 -0.7948597997507694 -30.419038374203687 0.3013959360715853 0.9412252354434489 0.15249769140533345 27.452403589550872 0.7935919308314778 -0.15896381494842268 -0.5873179316658144 115.79149356678604
-0.5511339715330696 0.30230874566347793 -0.7777279522542315 -33.73371491660134 0.3012406169773327 0.9412886721322509 0.15241301256329753 27.43848519533948 0.7781422981083226 -0.15028325925025243 -0.6098438372926465 114.84025297068636
-0.5716351374777116 0.31037067759134235 -0.7595415143968951 -36.85649525465648 0.3051098448558947 0.939722178533497 0.15437036549891914 27.812839861473616 0.7616700415356046 -0.14350006851478875 -0.6318753660045636 113.75442140324019
-0.5920169043716905 0.3182226649061324 -0.740439275348222 -39.99975144017378 0.3075770741591296 0.9384167731283686 0.15738584232086814 27.983404374943735 0.7449243776316291 -0.1345670667413809 -0.6534365892408772 112.61365698962149
-0.6121343825571801 0.3251048677950038 -0.7208316881403958 -43.12870100696962 0.30766585628019305 0.9376662112291692 0.16162857791402638 27.827816192015696 0.728445755407165 -0.12283688882061436 -0.6740013947865068 111.45901474310249
-0.6307665891820711 0.3303604031941924 -0.7021363927136857 -46.04568250428685 0.3058150232134154 0.9374466822226564 0.166345692961111 27.42668006888943 0.7131694620134787 -0.10979855186251147 -0.692339220657259 110.35292872140027
-0.6487074955424281 0.333425262832397 -0.6841097714053042 -48.85053608852879 0.30364199777597906 0.9376646482643901 0.1690755587949635 27.066963414121258 0.6978396108087321 -0.09804387538425763 -0.7095119985496745 109.19666085730661
-0.6652047088773461 0.3376875873295987 -0.6659352736196813 -51.494684143397926 0.30497702511399605 0.9369756695638494 0.17048638889363885 27.168512150551155 0.6815362862240149 -0.08968660997546238 -0.7262675832990806 107.91617464392375
-0.6802624369249735 0.341293879040732 -0.6486613176675687 -53.93479290600502 0.30750921075111187 0.9362176554467233 0.17010169585594473 27.479546521894942 0.6653428456157958 -0.08375553569269475 -0.7418247151643743 106.60635533039544
-0.6950621882786558 0.3446159397381274 -0.6309741741970855 -56.35973287674706 0.309092115496774 0.9356207303221308 0.1705166066083092 27.64843512644688 0.6491152583039591 -0.07650949659938497 -0.7568326620641405 105.26694693210769
-0.7098654513538691 0.34447450089974846 -0.6143519831530104 -58.7343386552085 0.3070216442870049 0.9363476296223596 0.17026692702898044 27.417078162562518 0.6338996378871591 -0.06775274703255606 -0.7704419604071879 103.98681248548786
-0.7248787114884444 0.3407659774067358 -0.598689737905106 -61.089184581004645 0.3015037332465718 0.9383593511949322 0.16904800165457748 26.822320619453315 0.619391921540177 -0.05796789341573457 -0.782938931758863 102.7432077762609
-0.7387937012011712 0.3393307786934118 -0.5822701174685141 -63.35007123548226 0.29832364048178767 0.9393954261501162 0.16893560565474156 26.456733552934047 0.6043069357496798 -0.04889637982063726 -0.7952498170042344 101.42559032655659
-0.7495198352439673 0.3440181255422216 -0.5655718750736041 -65.26233798854935 0.2999636004492499 0.9381144441652616 0.17309860789164355 26.487027967112397 0.59012020384103 -0.03991013589200691 -0.8063282991881797 100.16480833223227
-0.7588674853075279 0.35017973294942867 -0.5490849609800796 -67.0086866197537 0.30342305140900844 0.9361435712463098 0.17767854650421866 26.712653205648866 0.5762417822552224 -0.031770562564619034 -0.8166615209116029 98.9119015337634
-0.766741338341457 0.3556281852968677 -0.5344495428951253 -68.50997411988193 0.30638360522734165 0.9343172386135575 0.18215483544894873 26.88485176570072 0.5641248146698106 -0.0240809354468184 -0.8253382955017646 97.79839847086228
-0.7752461426928109 0.3565538900290857 -0.5214045854660702 -70.01169137357029 0.3056181156523317 0.9341306710678604 0.1843839926767702 26.710195639358737 0.5528028451672765 -0.016407707805659935 -0.8331505275156034 96.7424286646373
-0.7839319074601958 0.35460559078243353 -0.50961322535003 -71.47840727492587 0.30279511698202927 0.9349683079333972 0.18479550939349174 26.36686157888287 0.5420017357884183 -0.009441300016533039 -0.840324330396508 95.72172552462995
-0.7915384123064865 0.35103200148144736 -0.5002434165276498 -72.72258420510175 0.29963742139974486 0.9363496377787524 0.18293925638995764 26.07320356982168 0.532620275186965 -0.0050881988491071894 -0.8463390294038398 94.8257686419442
-0.7979744331709725 0.35048427139341903 -0.4903035585341894 -73.85753433888644 0.3001871039837956 0.9365644106168801 0.18092763019416924 26.215923593759715 0.5226131519654734 -0.002807182160168162 -0.8525653131115719 93.86837697236818
-0.8019401331606354 0.355722727319143 -0.4799514184737171 -74.73453939145085 0.307563324736137 0.9345818902025459 0.17877777205986703 27.157203272791175 0.5121492205437357 -0.004246383645749974 -0.8588859901770299 92.8687479678174
-0.8054558752787092 0.36316091685558616 -0.46835347916677045 -75.61178536483752 0.31651983028429265 0.9317141640118112 0.1781120816131655 28.225231638935668 0.5010549171655848 -0.004781741145479038 -0.8654022792527222 91.8015594850312
-0.8110533732243663 0.366322621958587 -0.456070348107354 -76.74668708477562 0.32014163999427336 0.9304865375776323 0.17805654643558255 28.64964153985247 0.4895934600494107 -0.0015937465845871773 -0.871949370003024 90.68535085919065
-0.8183439747341172 0.3629903124547992 -0.44559081238321524 -77.9941772324216 0.3167459294129895 0.9317843833690851 0.17734113766916904 28.284232201723885 0.47956767532504513 0.003986975477847543 -0.8774958397678425 89.69343449055373
-0.8255336880240248 0.3579634031675528 -0.43629844364856074 -79.1812606177597 0.3122718733137282 0.9336979369615753 0.1751982866663786 27.847123707075035 0.47008553165842826 0.00838835540518576 -0.882581003885201 88.74627860090187
-0.8314063551755493 0.35610102371807345 -0.42656246140588655 -80.23735197786694 0.31135251472104214 0.934380648231794 0.17318318563536964 27.818076890059537 0.4602424188952943 0.011174306102472914 -0.887722958322323 87.7646178930389
-0.8353635592790362 0.35673679214979637 -0.4182183460291207 -81.02270320902734 0.31250767430130566 0.9341078979062476 0.17257285004299217 27.976972524417196 0.4522241450115743 0.013464627579142102 -0.8918026835980624 86.95275218855122
-0.837732898640078 0.3588826416995925 -0.41159062188394757 -81.5587884314386 0.3159169676471796 0.9332916982599468 0.17077199861709108 28.442927388380355 0.44542121647795774 0.013032860230461574 -0.8952262755669707 86.25659616045769
-0.8392257420105145 0.3613927892504823 -0.40631933971281486 -81.93963513870904 0.3207479131432201 0.932363756984105 0.16678909100044528 29.15873918992862 0.4391138009231442 0.009647618371491445 -0.898379648755796 85.60989836718328
-0.8396863622704415 0.3612811996524414 -0.4054660377821129 -82.02686301795501 0.32275986576120114 0.9324406064692278 0.1624210099128523 29.561106891833816 0.43675265548230435 0.005514543044733408 -0.8995647323812574 85.34194948627999
-0.8406435329346077 0.3579389338287252 -0.4064457776687769 -82.09343416070435 0.32102847011036106 0.9337413298059919 0.158328299399505 29.517111736425313 0.4361870836164482 0.002616994782904794 -0.8998521986551369 85.24127822204098
-0.841686181159227 0.3559641850758131 -0.40602200850312165 -82.22537919139657 0.31933561209611444 0.9344955854772438 0.15729833937693627 29.359204528817084 0.4354183497428612 0.0027385519630233612 -0.9002240615759773 85.1116927603636
-0.8417189578734116 0.35559637411819506 -0.4062762787445149 -82.21908995032818 0.31790297668919604 0.9346261254178198 0.15941048616268227 29.11268936512718 0.43640221512802446 0.005022389915856004 -0.8997376741200107 85.14395682107097
-0.8415743448396973 0.3563645635503923 -0.40590259909635057 -82.21721543811174 0.3182245611274774 0.9343282745030979 0.16051107176543422 29.107917559919063 0.43644673306471055 0.00591382360257435 -0.899710662317358 85.08600349901198
-0.8427049824236306 0.3548183392652842 -0.40491018599118256 -82.38097226302155 0.31671370061827525 0.934911403643075 0.16010340152168145 28.94899409912702 0.4353627733730411 0.006679330741990494 -0.9002303272506282 84.91461527300474
-0.843549088656234 0.35311392475174924 -0.404642423843142 -82.48520680233962 0.31448284943117494 0.9355426228918637 0.1608121207069309 28.66392245123537 0.43534523362601074 0.008399815416279363 -0.9002244001692503 84.84503708114707
-0.8446719416182064 0.3496203508292848 -0.40533309922696553 -82.58220999801492 0.3103541127395608 0.9368330020953529 0.16132033625878373 28.16521797852083 0.4361302967561061 0.010465967275647484 -0.8998226646292122 84.8504171839933
-0.8450046074117737 0.3497195458123051 -0.4045533991078423 -82.64216097788892 0.3095538920554762 0.9367684657046711 0.16322141273320728 28.002719106769273 0.43605458530576274 0.012691766549713948 -0.8998307161325773 84.78105062960609
-0.8456462443150036 0.3499119489915402 -0.40304349322234545 -82.78298334719867 0.30924172657832016 0.9366726510041012 0.1643590563486157 27.923196347099765 0.43503101500788255 0.014351752990129307 -0.9003010847307258 84.60032822879202
-0.8465029560646093 0.34963304909428905 -0.40148409228126164 -82.94201382833293 0.3085679728435293 0.9367511691098757 0.16517582543010545 27.815499544364375 0.43384162030528267 0.015936692012842826 -0.9008481949466152 84.41080518714935
-0.8471345768298614 0.34913139079648253 -0.4005874195476007 -83.04866348346071 0.3080532569284527 0.9369287787856111 0.16512920510641432 27.75820719609338 0.4329736708335328 0.016484400013870804 -0.9012558265670843 84.2542929905022
-0.8482701496287267 0.3480448347274396 -0.3991272306776461 -83.23301322232456 0.3067248092398636 0.9373063803087022 0.1654588795724423 27.59277496398789 0.4316916082640788 0.017931604840281057 -0.9018430090111167 84.05327238789958
-0.849594614334253 0.3478869199496328 -0.396438749647647 -83.48655664924053 0.30547442821626075 0.9372899241110593 0.1678480618471147 27.359673675870788 0.4299701908274346 0.02150090900036694 -0.902587029550047 83.8029460645703
-0.8493667591939026 0.351383786535815 -0.39383441055372487 -83.5666921511785 0.30799882117361116 0.9359296961315912 0.17079909266355175 27.541641210200726 0.4286173521127125 0.023770537620748725 -0.9031733648691749 83.58831828756058
-0.8494367191343781 0.3546293687689022 -0.39076242269797834 -83.697491579669 0.31065339694284183 0.934658976837431 0.17293658949187024 27.769339195115894 0.4265579997539569 0.025507015187521423 -0.9041004728580374 83.30699892163959
-0.8498611847212781 0.35752667064533034 -0.3871829625402066 -83.8885000205081 0.31256915193165075 0.9334692825846892 0.17588525728881838 27.882489614728097 0.4243070727254899 0.028456602890905527 -0.9050711186349032 83.00251658060054
-0.8530284920955247 0.35617288394508867 -0.38142268995888756 -84.4682095094223 0.31133149558597856 0.9338985545146027 0.17580156350764475 27.744057198887358 0.4188258486882503 0.031214846111634345 -0.9075299123735778 82.38064346420231
-0.8578483177153766 0.35119250462849466 -0.37518007474499876 -85.24912474434406 0.307361355374731 0.9357150254689885 0.17310802504152606 27.3873575051507 0.4118558740810994 0.033184571781688696 -0.9106445646796336 81.613997898273
-0.8621871886330487 0.3471980189123495 -0.3688994272432251 -85.97742402359074 0.30416436799684815 0.9371264213576619 0.17110846745400782 27.09352082191629 0.40511392101249455 0.03532146736364562 -0.9135836606163451 80.86391432671316
-0.8649285139672281 0.3478220103623338 -0.3618266364351125 -86.56024423959886 0.30509524867868226 0.9368019756515629 0.17122776541502233 27.198226909066904 0.39851669345227625 0.0377081890686026 -0.916385583429285 80.13065146798836
-0.8665928592517179 0.3506327250482614 -0.3550683151439489 -87.0123498221986 0.30878970243197146 0.9357404698046456 0.1704074318853371 27.657124665722222 0.39200221423597437 0.038032424258935216 -0.9191777840761175 79.40389991168288
-0.8681091162502763 0.35439953163854376 -0.34754501040519203 -87.47583209344653 0.3139218044379877 0.934349565907485 0.16865345945723328 28.317116048071945 0.38449923664626706 0.03730764885215354 -0.9223711163927253 78.58210722188669
-0.8693702635789616 0.3593602225775547 -0.3391984304705096 -87.94380463863077 0.3202314767738294 0.9324774050703802 0.16714571581845056 29.102534273374296 0.3763603938884897 0.03668950070824417 -0.925746582197245 77.69335712299944
-0.8711057798753425 0.36220397157471934 -0.331636854470777 -88.43201954302671 0.32321909177165303 0.9312719862841378 0.16811277844561529 29.41357034212573 0.36973522821348676 0.039252650074825965 -0.9283076486165694 76.93939054062052
-0.8743514639668581 0.36075088675692213 -0.3246048600423388 -89.06355636736468 0.3217000516359354 0.9316596946248065 0.16887655310625388 29.212123375061935 0.36334363106630685 0.043232061201233976 -0.9306515968115266 76.19891125771291
-0.8769299476554814 0.35883129399321995 -0.3197404718769678 -89.53714502498448 0.3203155557118876 0.9323297010012923 0.1678072507367455 29.09056452458175 0.3583180314663767 0.04473735667193234 -0.9325270812389681 75.60267691728419
-0.8786088173100701 0.35828750662997894 -0.3157160254688898 -89.87891123025635 0.32002970390917346 0.9324671766665663 0.16758864238154703 29.0675847365982 0.354439747715753 0.04620635272726146 -0.9339365279326199 75.11707344318047
-0.8790215623725264 0.3610037552445669 -0.311444026405201 -90.08890152137673 0.3220513188147755 0.9312470173463749 0.17047563090701315 29.197110224979316 0.35157366359530756 0.049550795985546105 -0.934847943616165 74.7241393622939
-0.8776096109657825 0.36632898538547665 -0.309199685004586 -90.01980979214773 0.326689973348151 0.9290736812413484 0.1734812846921384 29.625062756787603 0.350820512590516 0.051236405915106885 -0.9350399984250033 74.54801421614201
-0.8744234990558444 0.37357136036161503 -0.3095609520215784 -89.65471107565776 0.3338240793604022 0.9262768448131964 0.17485048127497232 30.399756229670572 0.35205827406569146 0.049554469833526626 -0.9346653551840918 74.58305136118689
-0.8708798172485748 0.3788192694825801 -0.31315220736532157 -89.12614313249348 0.3392661109805068 0.9243334047913514 0.17466042118061775 31.036256638072167 0.3556217792110763 0.045866304140541644 -0.9335038469632763 74.85928492455211
-0.8664264039794378 0.38063397996335785 -0.32314557057851545 -88.25210933880221 0.34096828110628635 0.9238360704806626 0.1739757056553379 31.258579749610675 0.36475459937701227 0.04055475528347302 -0.9302200782918056 75.695109904915
-0.8597031663816384 0.3821972185563096 -0.3388742419264195 -86.90742798833062 0.34168259052885797 0.9234411387125627 0.1746696042897385 31.316574078478318 0.37968865277075864 0.034376583033594005 -0.9244754066475 77.1079547310482
-0.8523553416346656 0.38144925066278224 -0.35775248532421744 -85.35727461348134 0.340154942648936 0.923987517554726 0.17476178756969293 31.138319565765606 0.3972215837267048 0.027267867020677017 -0.9173175441742031 78.78294457365129
-0.844429026830841 0.38032244099013174 -0.3772193785117976 -83.75415719511467 0.3375513449814696 0.9245976261289697 0.17657383514517383 30.773844258628472 0.4159311338992549 0.021773163205697152 -0.9091354251250461 80.5148923818517
-0.8373387920280948 0.37796384845515896 -0.3949773115330761 -82.29264994125631 0.3332166914603021 0.9256341486742959 0.17935456319888254 30.17604110556948 0.4333940284512246 0.018567500342742307 -0.9010132429847196 82.1167365572894
-0.8319274038144069 0.37305260095424014 -0.41076581126463935 -81.09153638174429 0.32703976892649284 0.9276801062949378 0.18015163037041698 29.43856787933587 0.4482653057321379 0.015536322148102674 -0.8937655388137223 83.4510405755236
-0.8281699278987484 0.3661028732932564 -0.42438574044211674 -80.15574955954953 0.32097757225823786 0.9305224181348902 0.1763559680181103 28.8787314019487 0.45946487203200803 0.009834404649947115 -0.8881414954013755 84.42591958781675
-0.826839441051626 0.35847251822834725 -0.43339819150114356 -79.65932115236473 0.3156550333278353 0.9335329262690008 0.16993579818990262 28.496581098664237 0.46550879546603396 0.0037052998074839916 -0.8850354976480315 84.90098771066556
-0.8262868064867673 0.35540385615466386 -0.4369647725575764 -79.4652331365899 0.3159663320631263 0.9347059804724275 0.1627575100314927 28.787763263964052 0.46627823284866476 -0.0035817732301555577 -0.8846308724389252 84.86054662642111
-0.8276343451238213 0.35289509793069423 -0.43644752333808606 -79.63219581774139 0.3159363772352241 0.9356319148778097 0.15740751380275994 28.973336508669668 0.4639025720029429 -0.0076137847730047 -0.8858535059311358 84.51405098515018
-0.8300081065408518 0.35273994818114307 -0.4320429053157044 -80.05831577413205 0.3161932670998888 0.9356973179784374 0.15650030980371293 29.03464559726903 0.4594652989260109 -0.00671253194586395 -0.8881703558426769 83.95958720249193
-0.8336320822199006 0.3505548381908826 -0.4268124376288453 -80.6554796437691 0.31269959648871226 0.9365412095134029 0.1584598537137048 28.565486560701537 0.45527630495064136 -0.0013668592232870397 -0.8903491550208572 83.41894739986317
-0.8383258793180556 0.3499084574751022 -0.41805955491174157 -81.49789746743771 0.3087952173139554 0.9367399564008668 0.16481434356915062 27.898013420874666 0.4492830219690434 0.009073338387689672 -0.8933434058081284 82.68662866924942
-0.842460704859009 0.3494860089966733 -0.41002376795015044 -82.25449710975421 0.30632750169427775 0.9367902272388666 0.16907847839241857 27.46853640531899 0.4431968213719542 0.016840417611521857 -0.8962661311577413 81.94533723928323
-0.8463420479407643 0.3509792008388095 -0.400647898367112 -83.027861136385 0.30696557636459887 0.936118481433816 0.17162261985296695 27.456765993267844 0.43528987217092785 0.02226632651779356 -0.9000149653693655 81.02946419313125
-0.8502932312685555 0.34991659186341845 -0.39314094113634185 -83.73961159357741 0.3073710462267623 0.9365070065749075 0.16875327130924586 27.605063731553468 0.4272288155079715 0.022649621957026522 -0.9038597976593823 80.10944438366519
-0.8540903402780411 0.3495105979904267 -0.3851909040152873 -84.44847392311854 0.3095537478341265 0.9367089889157301 0.1635626708216668 28.034894692471255 0.4179786691274878 0.020460009209315164 -0.9082264146002189 79.07271069817811
-0.8572344321702914 0.3496361161323301 -0.3780260766105663 -85.05510631643698 0.3116659137661592 0.9366930556811772 0.15959472934581279 28.41382334179604 0.40989448215117874 0.018992254593860863 -0.9119351993247431 78.14273708164029
-0.8602412089320891 0.3482016386933316 -0.37247910178469923 -85.58590082908707 0.3106019466760174 0.9371869731126348 0.1587671507240906 28.322617850335337 0.4043655440021148 0.0208853115671329 -0.9143589615597463 77.45218248251787
-0.8631372181756611 0.344914612422419 -0.36881981066297626 -86.03440660253274 0.30653546549698624 0.9382974103275887 0.16010614655623578 27.81481150570312 0.4012856227084733 0.025137221605288307 -0.9156079778472005 76.99372317844873
-0.8651779387610792 0.3430078448176814 -0.3658042545879692 -86.36518350132918 0.30375354832537166 0.938884596023553 0.16195523217678257 27.436823116938953 0.39899989493842786 0.02900575362266744 -0.9164920894889953 76.6124845600843
-0.8663211197954993 0.3427167240743394 -0.36336340547174717 -86.57665103004051 0.30307195623521244 0.938924426355232 0.1629978862969094 27.325875701039966 0.39703287866376213 0.031083253260426907 -0.9172778884431448 76.26879939247492
-0.8674248184613026 0.34208697275805056 -0.36131798652517844 -86.76968658538779 0.30198598859711434 0.9390800992986167 0.1641128568769779 27.167145977055746 0.39544740106416143 0.03324259572495343 -0.9178868573092588 75.96003415573759
-0.8683154966218676 0.34231305406419343 -0.35895678199967784 -86.95107010621501 0.3013937696674861 0.9388883552297079 0.16628425066637192 27.02853483592376 0.3939416123386079 0.03619985402317298 -0.9184223302145691 75.65759081249087
-0.8690805160338004 0.3414840385263446 -0.3578934311805139 -87.0896733673931 0.2994178394886446 0.9390513196392468 0.16891292573317784 26.716972524419198 0.39376136687894553 0.039639254729721865 -0.9183576184897126 75.46075692507416
-0.8694410770740348 0.34205247173061387 -0.3564720467011681 -87.16169931779874 0.30017749850534 0.9388421155012096 0.16872744753682173 26.8148851064381 0.3923846109207378 0.03969368645253167 -0.9189443554255009 75.19921683776926
-0.8699400578405401 0.3417100410981353 -0.3555819787012674 -87.24613525214104 0.30148403144891334 0.939106623282075 0.16488216667987451 27.094218855519557 0.3902712832706353 0.036235313168923866 -0.9199865909532821 74.85566524494575
-0.8696233887419949 0.34222581805739366 -0.3558604378233649 -87.21716213733839 0.3042005645016194 0.9391169587852611 0.15975404307502677 27.57488287343852 0.38886653019999723 0.03067290623447834 -0.9207833591640031 74.57155327865716
-0.870103302851207 0.3414668573343452 -0.3554161331589028 -87.26781222608976 0.3051521603405289 0.9395082767578044 0.15558392250836722 27.82045105289775 0.3870431518667254 0.026918083991760322 -0.9216686038632778 74.27617529399969
-0.8700646549959543 0.3418910308461747 -0.3551028289857895 -87.27427545622841 0.3050326786625686 0.9393143730686558 0.15698271718432993 27.76352595681235 0.38722417418687716 0.028267146541120114 -0.9215521728864372 74.14712636861788
-0.8701162083576389 0.34156083440765617 -0.3552942166037488 -87.27098488817043 0.3038911039509594 0.9393732921538223 0.15883329288142742 27.57506578263922 0.38800512998257264 0.030232670851841503 -0.9211612262358696 74.07066764087966
-0.8707451086506919 0.33947726180423987 -0.35575011521964456 -87.32043338376305 0.30160503867624355 0.9401016673066599 0.15888126312545572 27.316656485196436 0.3883778526203528 0.031049055462835123 -0.9209769811178069 73.9630685769614
-0.8702152789640507 0.33876704310939726 -0.3577181275256192 -87.19579260472374 0.3016724710833328 0.9404389531396741 0.15674276891783184 27.395723623892927 0.38951134572435137 0.028486240897472453 -0.9205810369715074 73.94084864673925
-0.8708075705457177 0.33524701157212083 -0.3595881203713872 -87.22654480999579 0.2977788797920053 0.9416693771252811 0.15680090221138435 26.954002004378417 0.39118015520995364 0.02946566504336781 -0.9198423021113286 73.92211200914898
-0.8712192121025598 0.3340634344737697 -0.35969251620096915 -87.23281932329729 0.2953503190216528 0.9419826764153811 0.15948926731013585 26.595448261469475 0.3921036514969007 0.03271481439509388 -0.9193391471061654 73.90182937265585
-0.8707535634628071 0.333553017194872 -0.3612902108236823 -87.12872748901545 0.2931234665901629 0.9420342737858749 0.16324846200465382 26.226786829635632 0.39479977843330794 0.036246540978646394 -0.9180519174949173 74.01595579989493
-0.8711855726520533 0.33087129036858276 -0.3627118514919839 -87.12552772788113 0.29006670478364394 0.9429424815627288 0.16346492969527626 25.876130049820187 0.39610226555634886 0.03719765683685268 -0.917452630682901 74.0003614457201
-0.8724565873387703 0.32540853694066185 -0.3645940033726895 -87.19662380249366 0.28547434406583583 0.9448993348498023 0.16021749555083656 25.461977574491403 0.3966407720965755 0.03570057543709181 -0.9172794376982911 73.91804817995282
-0.8719268683624327 0.32427303740625335 -0.3668658248447294 -87.06121048748153 0.2856434137798992 0.9454253551993017 0.15677607569536936 25.592702858981774 0.39768250702268304 0.03190446610738804 -0.9169682266308665 73.89060283894675
-0.8708696313943859 0.3245516415492708 -0.3691237151453154 -86.87050617769917 0.28803726858910456 0.9455144435912209 0.15177934267913723 26.023030286774738 0.3982720389617307 0.02585863353034308 -0.916902783316317 73.82623414277488
-0.8702449940333402 0.3226114671238227 -0.3722841544306261 -86.69575303161422 0.2878325439403876 0.946299617253461 0.14720550612921512 26.145115144862245 0.3997825371482808 0.020949359564630413 -0.9163705840570807 73.84747737074315
-0.8703704285726707 0.317355589726949 -0.37648472311009634 -86.5667883429102 0.2835766544211761 0.9481308540971091 0.1436390078508618 25.777333460180078 0.40254142412119326 0.018256866602663874 -0.9152196942201004 73.98525466080105
-0.8691028701045532 0.31726043344864996 -0.37948124926536575 -86.32827982780523 0.28320474940095897 0.9481720016554434 0.14410039969913352 25.723207143061597 0.4055308509753208 0.017767178861169478 -0.9139086695411895 74.14237348053352
-0.8672225393936257 0.319329578575805 -0.3820388558959286 -86.04045770886107 0.28541025230656725 0.9475097633750024 0.1441049485179085 25.97478454547046 0.40800251843091967 0.01593325314071907 -0.912841758684593 74.2505716958233
-0.8660946499788014 0.32150141401732046 -0.3827752579033301 -85.89472283190949 0.2890059417552323 0.9468356734073807 0.141342750763391 26.467852273312424 0.4078671633121115 0.011791876358506204 -0.9129651300809232 74.10741773960618
-0.8662300114305379 0.3202759148377266 -0.38349563970390504 -85.88517972533629 0.28989478332993285 0.9472990391889642 0.136328811884198 26.724512999651076 0.40694788596961823 0.006918722896822924 -0.9134251744824726 73.89094954541726
-0.8668081701999863 0.3195898754505673 -0.3827609013261965 -85.9693744278406 0.2899397429317384 0.9475390967254589 0.13455335612826091 26.786210937704876 0.4056828090309335 0.0056543510849670214 -0.9139964369572668 73.63011158962222
-0.8661290844719663 0.32255407261933217 -0.3818105279696148 -85.92681823555749 0.29243795889753593 0.9465297672527055 0.1362403754412846 27.017754787433606 0.40533991812748527 0.006345860164052072 -0.9141440153669343 73.45628914408134
-0.8655451553237996 0.32574172701489446 -0.3804259604402065 -85.90965754267067 0.29413483410935226 0.9454106889706496 0.1402972863012861 27.088314153556784 0.4053594496973808 0.00953710969818311 -0.9141076304679013 73.3108368192134
-0.8651990452216437 0.32816489811138105 -0.3791284898225179 -85.91413356538081 0.29523800955713875 0.9445377996509623 0.14381537728371663 27.10777673182754 0.40529634819511395 0.012495786412457965 -0.91409995375869 73.16187209156173
-0.8655914598272103 0.3283316509232348 -0.37808696311327905 -85.99001511337156 0.2943679167556297 0.9444389566819011 0.14622785879083894 26.940195440502237 0.40509129126549936 0.015276914074050935 -0.9141485993191831 72.99632695978602
-0.865555115519259 0.3293568280164776 -0.3772776455574418 -86.01180496449038 0.2955937559428712 0.9440884979559886 0.14601794230433424 27.087214383930526 0.40427549201754565 0.014865660635504985 -0.9145164507475202 72.77724615935006
-0.8647214935109585 0.33274632318087505 -0.3762135338737642 -85.95576823182496 0.29982201633053107 0.9429340609757682 0.14485204580965308 27.60065809092026 0.40294354093802276 0.01245957709377446 -0.9151400230319796 72.51885587988868
-0.8629943723942836 0.33841808792419076 -0.37511852924313316 -85.80699904037806 0.30606885238391396 0.9409416415566721 0.14474351379260159 28.30724121727331 0.4019484678614792 0.010100740090202107 -0.9156065772117628 72.28630632433733
-0.8625899175109007 0.3399960819584428 -0.3746215403062738 -85.77960847013763 0.30769616676151035 0.9403760046692456 0.14496909602594168 28.484937334228263 0.4015740319901302 0.009779268644113742 -0.9157743514294207 72.11438081880135
-0.8628593547012996 0.33986371171659124 -0.3741208246845912 -85.82325347653409 0.307140803862161 0.9404103499448848 0.14592087006129373 28.397542925888395 0.401420304179251 0.011001416943340142 -0.9158278813280781 71.95868567952637
-0.8624913351959198 0.3405726200454129 -0.3743247082245068 -85.7760699820187 0.30634346085132524 0.9401100628435941 0.14948830634482524 28.205618171651768 0.40281804913085995 0.014260442335867027 -0.9151689784290076 71.95349694054607
-0.8613484290441171 0.34321039143666754 -0.3745470744687789 -85.64638209008113 0.3093096223664056 0.9391723304821988 0.1492745496331749 28.546576577415493 0.40299682541526693 0.012726384660423362 -0.9151128880300462 71.83718672888966
-0.8624423250262285 0.3389416238673327 -0.3759146334123331 -85.71921650423087 0.30479905452778805 0.9407056469867797 0.14889735419459424 28.05340097397784 0.4040925294562121 0.013836955494600539 -0.9146134518474571 71.80355763707072
-0.863117408891358 0.3367871293697465 -0.3763014323113242 -85.77939412331898 0.30285042212781915 0.9414803212288954 0.1479744118276466 27.865157270493366 0.4041162707509687 0.013756243296113552 -0.9146041796781316 71.66983751881213
-0.8636431677221931 0.33638714400724745 -0.375451951910525 -85.85977009416943 0.30291971639050264 0.9416326371325245 0.1468591914343299 27.907369976348125 0.4029393555718693 0.013102138508467795 -0.9151328918238223 71.41812006630717
-0.8634946046303776 0.3378307870192751 -0.3744962311107617 -85.87336528393897 0.30473022237449715 0.9411270758992905 0.1463534030381272 28.126852026658234 0.4018912282518957 0.01225505410792449 -0.9156054031639365 71.17994596644613
-0.8646367059332024 0.3368266331416892 -0.37276156717051045 -86.0482362155551 0.3047031451505629 0.941503602058701 0.14396860993233107 28.193899029843664 0.39944882036167795 0.010898922741565523 -0.9166907075970266 70.80716551347113
-0.8663593134874459 0.3326637303843362 -0.3725001777453793 -86.2375267179335 0.30020037065817246 0.942957920682892 0.1439100318883049 27.694249511158198 0.39912564110848275 0.012853105001310317 -0.9168061519762877 70.6338893800819
-0.8648897598158243 0.3370364261013913 -0.37198407337751327 -86.09615005155109 0.30368694594772694 0.9413868783192887 0.14685021004141152 28.00288842124646 0.39967479558594654 0.014042535706407552 -0.9165494339992066 70.5495943257191
-0.8633481734276951 0.34254670147855004 -0.37052893105023227 -85.97675302653661 0.3089331517429389 0.9393987203233864 0.1486282342253961 28.54088589902832 0.39898651505187105 0.013849244056989007 -0.9168522014184255 70.34431190912348
-0.8632801596895336 0.3438933577444731 -0.36943839051409544 -86.00207595212014 0.31056591572781883 0.9389148804792526 0.1482823630873652 28.734955540761057 0.39786452201038824 0.013274250030180498 -0.9173481435156348 70.099619786135
-0.8648949626371751 0.33917940627027365 -0.37001896433424064 -86.1546827506759 0.30593314234336144 0.9406168731594405 0.14712175346859035 28.251348358114956 0.3979467502326862 0.014043798983921676 -0.9173010169455517 69.96999637212393
-0.8653594133628064 0.33790125529582904 -0.3701024552389277 -86.20182289016137 0.3047393072727159 0.941075429717962 0.14666625441491027 28.132391595605434 0.3978530385799821 0.014134258051164722 -0.9173402762563183 69.82341445546608
-0.8642762232621598 0.34009144064080055 -0.37062706580410754 -86.07043962403947 0.3067749266189972 0.9402920780998363 0.14744474307549837 28.340513892603564 0.3986423889924481 0.013733894770081898 -0.9170036127697851 69.76656502832591
-0.8621204359965148 0.34616717348154247 -0.3700224882908861 -85.8596472357506 0.3130330799747567 0.9380960539481171 0.14827705287227716 29.01773470965191 0.39844528442271315 0.01200339830090641 -0.9171135555374443 69.6156093628848
-0.8614754104070386 0.3477038580579584 -0.3700839693307934 -85.78865880909747 0.31684048944059257 0.937583683461768 0.1433490172875556 29.578905028420955 0.3968276975150175 0.006234067522356779 -0.9178719490686358 69.33165245442495
-0.8617401031055864 0.34650564112260557 -0.3705911971023941 -85.80024886093449 0.3177616147259745 0.9380469580566307 0.13818632597852648 29.823448183881272 0.3955142866020326 0.0013210416020289634 -0.9184588743883805 69.07623086444123
-0.8623734614565559 0.3440172614552634 -0.37143523903401937 -85.8426070515453 0.3153586583970321 0.9389622537764385 0.13747291572195558 29.577141176990114 0.39605672516631024 0.0014176755245189354 -0.9182249510041889 68.99230042110584
-0.8626639310635479 0.34307744801757817 -0.3716299324647198 -85.8655737869649 0.31300920391684034 0.9392942585759221 0.1405401510944644 29.234580991439227 0.3972860182605627 0.00491532990296456 -0.9176816764143287 68.97191511286957
-0.862531388812585 0.3438242032951382 -0.37124724987735164 -85.86221139857534 0.3113312607976314 0.9389742355782803 0.14628817782152329 28.89535129136038 0.3988890188551078 0.010597270811291692 -0.9169379741771859 68.98231276092238
-0.8623812588301246 0.34431839372987644 -0.37113799072292136 -85.8491705262117 0.31030126162683885 0.9387470883685811 0.14989006342083366 28.687800847728262 0.4000146140472391 0.01409779482001318 -0.9164003277661195 68.95002289666489
-0.8628883098947299 0.3430121204313435 -0.3711690314185845 -85.90178600378555 0.30915286171155126 0.9392259166436745 0.1492621371963025 28.579810343848884 0.39981029594368267 0.014048585054832682 -0.9164902424550859 68.79416344036107
-0.8645259273754391 0.3395048341461422 -0.37058249889469613 -86.08908963531866 0.30726934561667407 0.9405358657247657 0.14483726913217593 28.49099310009603 0.39771908445526966 0.011346932482655309 -0.9174370697673472 68.46105031778335
-0.8644072747551418 0.34085522743546576 -0.3696184211863711 -86.10337105426089 0.3099170568340415 0.9400790448776024 0.1421365796174219 28.85794686662469 0.39591852853044673 0.008312840184387604 -0.9182480141303626 68.1535109153573
-0.8634886559899401 0.34352883477809465 -0.36929023904334596 -86.01566106377074 0.3132051130197436 0.9391209106129663 0.14126030025368969 29.24688513536757 0.3953351719174209 0.006313075754134603 -0.9185152404394529 67.96585214200296
-0.8632918445744634 0.34560910948916324 -0.36780638184964676 -86.03658683565615 0.31390112847090745 0.9383288147196047 0.14493142175385143 29.22993500065024 0.39521294593663225 0.009663276101276291 -0.918538702755131 67.81192103104793
-0.8649519835344697 0.3415651241441246 -0.36768373930348786 -86.2142605405673 0.3080359637590588 0.9397375342821352 0.1483482783599499 28.492604258817757 0.39619680868327845 0.015054322626477934 -0.9180421864813423 67.76089964154832
-0.8657315835193566 0.34022616791419324 -0.36708987995243136 -86.31166977936569 0.30522701450308487 0.9401491648237678 0.15151243347892301 28.102655234673374 0.3966677386864237 0.019123350846402723 -0.9177630426955558 67.66442723667404
-0.8648904230070763 0.3429194571045795 -0.3665662315731514 -86.23763050695182 0.30870411538543285 0.9392146269542476 0.15025862257884165 28.523040884783118 0.39581097172102 0.016796739394713572 -0.9181783836548146 67.4499167722778
-0.8651250930958863 0.3432219304516864 -0.3657284234959759 -86.2852551498022 0.3103665430350268 0.9391525310314609 0.14719080277546925 28.78816875677107 0.39399388606972185 0.01382859046388972 -0.9190090248879283 67.14274900819235
-0.86648374617969 0.34060541234894204 -0.36495735461149115 -86.44872729770624 0.3091848267035734 0.9401376922853965 0.14333827988562647 28.75679524849133 0.39193195907286227 0.011361013286502075 -0.9199240549275859 66.80980650135399
-0.866179721747212 0.3429285405504957 -0.3635006268355383 -86.45566067366124 0.3108345923639113 0.9392717927444089 0.14543161810509075 28.88642092935669 0.39129853797820835 0.012981349337063491 -0.9201722331963217 66.60876854508892
-0.8655075943198456 0.3456457343943074 -0.3625267306967771 -86.41127049859249 0.31127250230280773 0.9381893503247714 0.15136106582385492 28.78759707813767 0.39243602470316385 0.018159549339250597 -0.9196000202712988 66.5736534943723
-0.8656378364442605 0.3463465511528082 -0.3615455747490971 -86.45081170778234 0.3123707912788096 0.9379444963047939 0.15061411158120902 28.930789188558325 0.3912743601003651 0.017440996419404706 -0.9201087907263729 66.32532159951775
-0.8665914536481782 0.3444583173785241 -0.36106470341573604 -86.56254646875846 0.31201215986924663 0.9386906257505915 0.14665715537160565 28.99222853019893 0.38944532935659293 0.014435259496093727 -0.9209364574853226 66.01534087502964
-0.8646960136923195 0.3493382805212548 -0.36092044783728305 -86.3678139225218 0.3177793071882373 0.9369304210017885 0.14552559267831694 29.658124749197423 0.3889950074584194 0.011142350015352714 -0.9211724769056876 65.84387361872521
-0.8629961961006448 0.35434650081202274 -0.3601057106990842 -86.21111923275117 0.3231111895076662 0.9350664680126864 0.14577331584765582 30.242491982898265 0.3883770393969736 0.00944763253702019 -0.9214521243714656 65.65020929820098
-0.8633403213708066 0.35439109307650984 -0.3592359150243596 -86.26988226242341 0.3234990176532807 0.9350543469900396 0.14498880561061595 30.306808735727596 0.3872878452426757 0.008962216414880805 -0.9219152909048738 65.40821755756089
-0.8640513903450732 0.352976493450612 -0.3589189183005766 -86.35097047753548 0.32393648663274555 0.9356190782690682 0.14029288295196107 30.472172298147274 0.3853314773941768 0.004953327189846382 -0.9227649305641017 65.08797706993455
-0.8636433644020495 0.35315331180947873 -0.3597261145403625 -86.28638860826891 0.32571322057184404 0.9355651962885047 0.1364868544526175 30.76233370382594 0.38474801762845534 0.0007084148853739453 -0.9230213762851455 64.90319589603853
-0.8633009684128956 0.3533440519224969 -0.36036012391543615 -86.2337841898079 0.32437038356499676 0.9354843029567699 0.1401890622958286 30.52596656923547 0.38664621064127036 0.0041352016249048 -0.9222188503301523 64.94813621184345
-0.8640799304356803 0.35104861120211944 -0.36073639460322415 -86.30316528552525 0.3196422455786602 0.9362992101767404 0.14550815737903838 29.878069780000356 0.38883763791549475 0.010424087272979249 -0.921247322788416 65.01899305459263
-0.8640548422132016 0.3501408586015216 -0.3616774927828776 -86.27504020707704 0.31606425997807425 0.9365487163768644 0.15159117856049417 29.342531337855267 0.3918068570257947 0.016669762764855572 -0.9198964647159658 65.16393677737946
-0.8631116769022176 0.35196116550283424 -0.3621623547152969 -86.16247324758552 0.3173610540535135 0.9358555792167134 0.15315448481514515 29.45149399545226 0.39283609122009766 0.017253197582946064 -0.9194466447859163 65.1285068691837
-0.8622520920686343 0.35310710920775873 -0.36309323754402745 -86.04889188921284 0.3203280235740898 0.9355029135313782 0.14907802013516558 29.877258271127697 0.3923152903423227 0.012233895587400706 -0.9197494467312147 64.95548122324169
-0.861766783280312 0.35409785580020375 -0.3632804973466122 -85.99260420725383 0.3226844383992092 0.9351683861766948 0.1460645155767234 30.20897335064967 0.39144956820731164 0.008648584472272972 -0.920158919718184 64.74344012260086
-0.8614657405066826 0.35409579880772213 -0.36399580107467483 -85.94179902078767 0.32185755969265395 0.9351521572896936 0.1479802486317755 30.0742884314603 0.39279064296640614 0.010325114195667937 -0.919569955367662 64.73685438857373
-0.8610316624780684 0.3547195998176382 -0.3644152599925919 -85.88354241881214 0.32033254187312593 0.9348508940942977 0.1531041097691181 29.78853601674858 0.3949829601734178 0.015093419635945418 -0.9185644505729239 64.80856419716771
-0.8578705245254615 0.36310736214631795 -0.3636085899776739 -85.57398122810295 0.32556108756019647 0.9315171432811974 0.1621289302988788 30.155657252124055 0.3975778432169373 0.020708822476890043 -0.91733472803257 64.91661360465525
-0.8574524279653295 0.3644202233005369 -0.3632812059905497 -85.53633938260525 0.32838922209658117 0.931080269724441 0.15890264359243345 30.541719377269146 0.3961513001205016 0.016953824920896934 -0.9180287115517618 64.65048732675939
-0.8591163469197685 0.3614651107242476 -0.36230108498918334 -85.7325474564214 0.3297119472741187 0.9323512733947468 0.1483615004773891 30.933176856862016 0.3914193841392386 0.008004794082360392 -0.9201775855734361 64.06768460192204
-0.8604103121747706 0.3584060623239349 -0.36226949801600133 -85.86679157222547 0.329829770005591 0.9335650486430599 0.14024486717930673 31.135483328152286 0.3884667521440835 0.0011808647399979694 -0.9214619840433423 63.65473046370271
-0.8588302293488612 0.3621878176323037 -0.3622576733698425 -85.70104794900784 0.33495716613978854 0.9321003652322077 0.1378136640017502 31.750948771427126 0.3875749398609054 -0.002982263022325557 -0.9218333754530051 63.44388838170449
-0.8574372323803315 0.36666789212161466 -0.3610485416326302 -85.56049454848764 0.3367640748056082 0.9303477048330104 0.14506242115817736 31.78407144942937 0.3890904142333499 0.002793742837430793 -0.9211953346346682 63.48474746095676
-0.8588767523210185 0.3636623755592519 -0.36066660633485537 -85.74370582861648 0.331694349802169 0.9314907786874939 0.14934452627894257 31.137996137827344 0.39026860318480183 0.008637466223784404 -0.9206605300247299 63.419292754137174
-0.8600257245093039 0.3600534518511596 -0.3615484268978523 -85.84137234890486 0.32821371803915017 0.93288944073008 0.14830052820282114 30.783775588655395 0.3906808268563537 0.008877115769393665 -0.9204833992758656 63.330554175626006
-0.8597512379176048 0.3610740184566553 -0.3611832804750367 -85.81971023630348 0.33193665780267134 0.9325343303952991 0.14211888629237213 31.331239113902754 0.38813124597993703 0.0022969174462497133 -0.921601247863905 62.95986947471104
-0.858427184848938 0.3654459481089817 -0.3599333651150653 -85.71062204809562 0.3382296268541092 0.9308279915999629 0.13841954187220312 32.10225202012884 0.3856209120761703 -0.0029170301177773167 -0.9226526990719935 62.588203578184476
-0.8575020575929814 0.3680613566369256 -0.3594733077356219 -85.62542430775972 0.3412672094268268 0.9297910956839122 0.13793190405753664 32.446349566166774 0.385002484399555 -0.004399561057311249 -0.9229050497579225 62.397159015171546
-0.8582392671181045 0.3658660705609581 -0.3599546899109149 -85.69128245182426 0.3368855912910631 0.930666712558863 0.1427149905067734 31.866129604501534 0.3872124207163939 0.0012200603106705538 -0.9219897248320009 62.475009445349244
-0.8595382948822964 0.3632880140190819 -0.3594659072859426 -85.84657421685749 0.33180649110039845 0.9316419748406305 0.1481475048007601 31.19860105142043 0.3887137405527051 0.008065332300742398 -0.9213232756857948 62.46380088721
-0.8615387830208217 0.3584940663823196 -0.3594898186592639 -86.04286443469414 0.32601204210358814 0.9334591947490994 0.14956630684017985 30.538007473672852 0.38918771017909815 0.011659164079452153 -0.9210846813070548 62.38994949230991
-0.8611505316959751 0.359863499077256 -0.35905156146661327 -86.01416200336581 0.32729412528800805 0.9329315144833686 0.150057804981031 30.670307545916714 0.3889708437809923 0.011706891801037136 -0.9211756788868569 62.23560156367428
-0.8615420270691105 0.35977415084561015 -0.35820091565623935 -86.07263182970256 0.328039457151562 0.9329849997207319 0.1480847893870731 30.796251295075187 0.38747316054838776 0.010077235703576035 -0.9218259050250313 61.964530359580266
-0.861327830484685 0.3613406658542967 -0.3571376368188029 -86.07577476875207 0.3297997938561227 0.9323838405214735 0.14796104185523115 30.992424910072547 0.38645370279634356 0.009659044176315856 -0.9222582276459209 61.736564003835305
-0.861503910238745 0.36328172451306884 -0.35473567804516537 -86.14861466820084 0.33079421193593006 0.9315959334971347 0.15067914932494594 31.0440421302137 0.3852092963481534 0.012466167270380385 -0.9227450312413215 61.48109229106665
-0.8624727967473151 0.3611685007008343 -0.3545391219208058 -86.25298049982466 0.3280282016221844 0.9323853576389681 0.15183887447215044 30.7216868940528 0.3854065046303449 0.0146580681525698 -0.9226304608166016 61.37301673750066
-0.86370409405979 0.35853607317163105 -0.354213385036512 -86.38740865731057 0.325629617393269 0.9333971387518968 0.15078174175305742 30.485817807119453 0.38468245369482434 0.014888438616567592 -0.9229288944522703 61.18021832316083
-0.8637668188775709 0.35848275602788976 -0.3541143829848911 -86.3962358823229 0.3259626051315256 0.933431279871237 0.1498480090418749 30.544653091024152 0.3842593689970237 0.014005691292939923 -0.9231189403047778 61.022261521494904
-0.8609049758184181 0.3666966384941865 -0.35267009786506287 -86.13282022123909 0.33433223379999816 0.9302607022740431 0.1511191028523758 31.429362019328348 0.3834899999392324 0.012190205973135151 -0.9234645736707717 60.83639421930185
-0.8581491449862778 0.3742136781198612 -0.35148850346394717 -85.87583660600343 0.3420524303003077 0.9272850823970414 0.1521266278123738 32.24830491412047 0.38285791082981874 0.010319838754372992 -0.9237495986700672 60.66676830324744
-0.8590737418820595 0.37375834376758 -0.34970988901212374 -86.01009813977997 0.34178522801545674 0.9274639248992204 0.15163616297228 32.23015556917409 0.3810185873670452 0.010740971773965616 -0.9245049851710764 60.37546239923734
-0.8614914948033534 0.3681994197958775 -0.34965925076202825 -86.26051290734055 0.3351288954713236 0.9296286423070415 0.15322927534429492 31.478199426589494 0.3814721848335138 0.014824798964782199 -0.9242614335424796 60.30896390658795
-0.8627205821241996 0.36582612730057606 -0.34911952360695186 -86.39872714862753 0.33227512442418994 0.9305311264873353 0.15396449047459088 31.157196888689686 0.38119081687282463 0.016824601703280997 -0.9243432770942593 60.178312349810064
-0.8616696367481441 0.36928439710272487 -0.3480725084846524 -86.31267546371626 0.3354263434645691 0.9291578694801093 0.15541821544842405 31.47135000944231 0.3808078323988496 0.01716646846794119 -0.9244948388952904 60.044831388530035
-0.860176906153766 0.37372306352544105 -0.3470255925848904 -86.18167418397852 0.33964269935764657 0.9273835027153926 0.1568524008881605 31.901605106841476 0.38044516936450445 0.017056103907049036 -0.9246461822917593 59.91825798725456
-0.8599888827980766 0.3753639673984126 -0.3457181126910181 -86.19054273551822 0.3414946476216103 0.9267268585830304 0.15671226890904483 32.107030000804095 0.37921039952710717 0.016709923990013878 -0.9251595815483616 59.710310610096336
-0.8607810101051917 0.3747606424833718 -0.34439877103110633 -86.30111512708062 0.341332733515061 0.9269771319314173 0.15558072472944826 32.11412420831529 0.3775553173687564 0.016366359450237122 -0.9258423864810486 59.46302374685254
-0.8622598804072786 0.37215346485997464 -0.34352539532433574 -86.47234615737779 0.33904163542985105 0.9280223215134449 0.15435459247410732 31.89180639022049 0.37624283127400243 0.016624360604589092 -0.9263719353204798 59.25275573344939
-0.8631639414812103 0.37182083656237686 -0.34160982951998903 -86.60511453537056 0.33833465916298555 0.9281205163265018 0.15531247722863273 31.795372768961695 0.3748035065680257 0.018481684768506257 -0.926920039049987 59.02866913287409
-0.8621238803104397 0.3760067106216962 -0.3396488901290897 -86.53998714542986 0.34103210153448815 0.9263555591489115 0.15988271875620896 32.00030724312431 0.37475261269461624 0.02200753510410565 -0.9268636079149944 58.94342775749039
-0.8610947977272266 0.38041036113408677 -0.33734804945180935 -86.48163018969176 0.3446943762165794 0.9245115145708216 0.1626783526798466 32.34222319595561 0.3737666870278435 0.023799507721779717 -0.9272173677732913 58.77143694452377
-0.8608902273837987 0.38206927469228946 -0.3359926870203861 -86.49014832086867 0.3464408854438751 0.9238271773878343 0.1628559461993666 32.52895671611674 0.3726214289167158 0.023799488560367052 -0.9276782066300414 58.59179652285335
-0.8615742480521287 0.3808740850865026 -0.33559610606043794 -86.56908925356633 0.3451280868877586 0.9243001983467815 0.1629593414852196 32.38608224140356 0.3722585374905522 0.024577930051577823 -0.9278035926960915 58.49133231273369
-0.8626189644772457 0.3784708477112365 -0.3356312553337997 -86.67568023236015 0.3421770547457037 0.9252330457181535 0.1638861626760025 32.050959053223444 0.37256326352682706 0.026525997508999893 -0.9276276117744623 58.460539337237115
-0.8637790277268937 0.3762147058043547 -0.33518395903701137 -86.80408463417368 0.33971626510514275 0.9261149602798614 0.16402420421645875 31.782639650478234 0.372127196644097 0.027813224954561497 -0.9277649346873552 58.361707905341596
-0.8648196074755381 0.3734748429563323 -0.3355645812725162 -86.90377615370734 0.33700942932151673 0.9272103888386657 0.16341829572614225 31.503609061408376 0.3721715882146861 0.02823891832903938 -0.9277342682133521 58.315805216035564
-0.8648966922091936 0.3727743848611438 -0.336144269320468 -86.89881239878531 0.3368397358322056 0.9275343403088369 0.16192294436657256 31.514767598452675 0.3721460790739107 0.02681987209600563 -0.9277866081651904 58.27231896283018
-0.8641895188952615 0.37270543716698085 -0.3380342179983355 -86.78914393818611 0.3375966046103392 0.9276417152394523 0.15971656364691128 31.640184135261915 0.3731018734704327 0.02390617605927943 -0.927482337707342 58.32620023076042
-0.8618441019040867 0.37432383535630015 -0.3422081388530786 -86.45124789852674 0.3398896043884803 0.9270838264992135 0.15808426699775635 31.92094854425523 0.3764303399591759 0.01993100418255611 -0.9262305081514505 58.63683361849245
-0.8585275157987307 0.37492010961456845 -0.34980768433963844 -85.94549673399666 0.3411569054914799 0.9269397384876755 0.15618798624694805 32.095065196015305 0.38280866036694833 0.01475237672374713 -0.9237098553815819 59.24670352898178
-0.8527134942261532 0.37644810370265586 -0.3621691897211838 -85.07902600212176 0.34275679375056306 0.9263957929803355 0.1559122031342329 32.27526210174613 0.3942048669187867 0.008812489263017198 -0.9189803387072712 60.35523549099206
-0.8461307583304054 0.375735703235966 -0.37800187978499156 -84.0548650042126 0.3422284908012811 0.9267249490159007 0.15511456719262057 32.23307498200753 0.40858585375792267 0.0018841935279197142 -0.9127179465331329 61.75713328505872
-0.8378195243292361 0.37626821397135246 -0.3955763842894834 -82.81595770838715 0.341664937725518 0.9265056783037411 0.1576461176177238 32.124059019227154 0.42582098936260815 -0.003075585429119815 -0.9048022025793913 63.428194358842546
-0.8277828301513462 0.3775327468922364 -0.41502362719564534 -81.35551906800299 0.34130820447168403 0.9259624260800239 0.1615620470540995 32.01008579912112 0.44529124813647813 -0.007912680455983853 -0.895350821645381 65.30823097199988
-0.8149882309077942 0.37707950682605235 -0.44000594202079263 -79.48827267907072 0.3393281974423055 0.9260635847030887 0.16511393492803905 31.728812343428142 0.46973456111120854 -0.014740509444591973 -0.8826846319490185 67.66415860718452
-0.8012171101460455 0.3738306358808854 -0.467227779660106 -77.46875845211108 0.335402326211225 0.92720820170545 0.1667040199342672 31.275347330287314 0.49553649914140396 -0.023143171067042875 -0.8682787407576227 70.13494650728745
-0.7866383844843277 0.36841207502028334 -0.4954519099116849 -75.33898903523158 0.3305772257583461 0.9290689362417686 0.16598075045168298 30.76958064049872 0.5214582915879301 -0.0332182884844706 -0.8526299287758786 72.59604587282318
-0.7688686479598614 0.3612356468498725 -0.5275886746598422 -72.78035081442096 0.3245718945869811 0.931407718707854 0.16472020755101277 30.143943995870266 0.5509029746049592 -0.044592252425564416 -0.8333771316727034 75.37649109132133
-0.7484877932136692 0.35318238070806446 -0.56127375617208 -69.92515702787709 0.3187917096771065 0.9337966158960643 0.16246761517978126 29.566989108667777 0.5814962332219178 -0.0573243935723867 -0.8115269833161921 78.21497412119861
-0.7280542683332256 0.34357192147032045 -0.593207650944392 -67.08997902946622 0.31291245586947014 0.9364888128374688 0.15834929236344947 29.012729762394603 0.609936699439793 -0.07033518470481387 -0.7893226111477051 80.82477088183235
-0.7068933223403528 0.3330602048398824 -0.6239973804293042 -64.19847242438907 0.3070364746660188 0.9392378655077415 0.1534953915305774 28.47310970153116 0.6372051742219937 -0.08308508860486102 -0.7662026063622083 83.29041561491093
-0.6814535742076171 0.3256435835753644 -0.6554214542383079 -60.84250421382247 0.3044720071783459 0.940519907498759 0.15072856545232233 28.250385104741923 0.6655207157139835 -0.09684296605701619 -0.7400700080943874 85.8095398019726
-0.6530911874342377 0.31758450399215793 -0.6874678055878634 -57.16214801919883 0.30181892879378064 0.9417556527305534 0.1483294467454903 28.012115921734832 0.6945338257547375 -0.11061814215626425 -0.7109053323111203 88.34226722441548
-0.6232805628741739 0.309071109943121 -0.7183288863339552 -53.34904721221223 0.2994180687580879 0.9429012999116225 0.14589708265126672 27.800961408734675 0.7224058139608442 -0.12414583208267949 -0.6802335277917939 90.72196826886145
-0.5918346059990519 0.29746406137591325 -0.7491641551300315 -49.35711559799146 0.2943898362254462 0.9449793485272923 0.14264871252166608 27.323659600805353 0.7503775206315165 -0.1361218683631725 -0.646841876724302 93.05347578532307
-0.5575289671337929 0.2847366653669341 -0.7797990011550698 -45.06181890600179 0.2889593619356863 0.9471597586043041 0.13925113583147974 26.806026291460324 0.778244137759127 -0.14769367987952214 -0.6103463270694746 95.3143041841942
-0.5187982905987232 0.2751105177591916 -0.8094211120857375 -40.32054301611983 0.28753649922642643 0.947798047136471 0.1378463762922404 26.681218307069397 0.8050907372988798 -0.16122364858345134 -0.5708203218640572 97.40558635443931
-0.47771669360932545 0.26726819688212594 -0.8368718370111108 -35.372679248887614 0.28912167463909716 0.9473639340647503 0.13751448537242916 26.858985026751807 0.8295754443695027 -0.17626482169944507 -0.5298445948864675 99.21950528681718
-0.43466241097514313 0.25814964420178416 -0.8628020338894479 -30.245274323448797 0.2909917248036728 0.9469065681355929 0.13671783832937787 27.07545472256568 0.8522865742114324 -0.19164214677405014 -0.48670410209774695 100.7997082531425
-0.3923117949353448 0.24608334741258636 -0.886303808905741 -25.2370542747663 0.2912269101503063 0.9472105437449745 0.13408606423732197 27.15259717421567 0.8725126602857481 -0.20551197518530676 -0.4432679615046868 102.10252473777778
-0.35224067541826665 0.23170131835275964 -0.9067750579137457 -20.528668992256723 0.29132120759856195 0.9478821655016487 0.12904012681031232 27.258490788537888 0.8894146730205204 -0.21870962346796505 -0.40138216205793453 103.076602452006
-0.3143712143499887 0.2168142356111066 -0.9242090276687871 -16.115628272735762 0.289945195329697 0.9489762860750707 0.1239991619826093 27.208284755295587 0.9039372341558551 -0.22898819992204195 -0.36119507333728357 103.82167294352733
-0.27695370394796837 0.20422670533276907 -0.9389292298668858 -11.811169304878845 0.29091890837245893 0.9491125255899722 0.12063002329271297 27.377081425053532 0.9157853649304938 -0.23974333483362145 -0.3222736396014668 104.30172532836164
-0.23890090311117818 0.19404628546258457 -0.9514580377456678 -7.486704152650263 0.2934078650350631 0.9484559963079295 0.11976246408244519 27.660729648567393 0.9256555424282997 -0.2505539106972907 -0.283521700414738 104.57406089989357
-0.20005010065119563 0.18345950748016449 -0.9624565269894437 -3.108948239234099 0.2937490678106561 0.9483563724086065 0.11971497847954805 27.7007345307912 0.9347146315265514 -0.2587717141171414 -0.24360984705684496 104.72572338962051
-0.16445270240987178 0.17232912547846257 -0.9712146936604278 0.875400294417553 0.2944494424556262 0.948303551564663 0.11840565834206576 27.80146773028896 0.9414110868837593 -0.26650149455805205 -0.20669329667568692 104.68388220039107
-0.13097269987647095 0.1597616934015182 -0.9784285120582633 4.608234441270165 0.2947022534274657 0.948590546167062 0.11544071009504654 27.885848449429254 0.9465710399710322 -0.2732255058444473 -0.17132159596561158 104.50396990884536
-0.0954826033240272 0.14735021574618667 -0.9844648223182069 8.529974872058082 0.2950788194378725 0.9487219124288797 0.1133808766787434 27.967065061807837 0.9506900455887912 -0.2796688162753245 -0.1340663657355598 104.17169361830182
-0.06139493710686015 0.13498156557037563 -0.9889442040144708 12.26906588556383 0.2979651804685034 0.9481116336514754 0.11091024011831872 28.321580765188056 0.9526003427072746 -0.2878616110058812 -0.09842906066341284 103.63731236711396
-0.02812439443042035 0.12546011764541787 -0.9916999431876157 15.881811351201732 0.29903870475595573 0.947714402811593 0.11141482738552279 28.427981940379233 0.9538264367775735 -0.29342319196659183 -0.06417132475127911 103.05133550845954
0.007744954393538422 0.11622755269225764 -0.993192414226272 19.742556848571155 0.2999575679557562 0.9472140075525622 0.1131860473834258 28.494114611555585 0.9539211042363567 -0.298792201858388 -0.027527204745603738 102.29207928075195
0.0441269001867017 0.10877652182079763 -0.9930863431648241 23.621800662244414 0.30261165935841994 0.9458987819880668 0.11705416632412459 28.7050241370576 0.9520919074859616 -0.30568474370511484 0.008822537372081184 101.33390374954892
0.07869068185658878 0.09607517320453039 -0.9922587050173278 27.301368714839946 0.30619792521498235 0.9449018456515762 0.11577276311069427 29.111652795026924 0.948709970002943 -0.3129377944224129 0.044936951821974463 100.21516147790946
0.11472010879342914 0.07872552173325621 -0.9902734919537383 31.118164819894638 0.3099164389102146 0.9442654726812477 0.110970797939239 29.600624682207524 0.9438173009283285 -0.3196326161859687 0.08392790440895205 98.87616069489687
0.15126689223163037 0.06364912001495993 -0.9864416439079939 34.94669288250294 0.3138873410768012 0.9431837724674582 0.1089913228921925 30.061695195644482 0.9373329528114971 -0.3261183234278251 0.12269382502108357 97.36814854984313
0.18574007026533457 0.05111632565666979 -0.981268438068396 38.52289259276646 0.31817852238086475 0.9417111010080453 0.10928234136283922 30.51411109460487 0.9296574929474606 -0.33251665144707543 0.15864936910390168 95.7852793967452
0.2182388182040887 0.03906531017174111 -0.9751131830562381 41.866772982194554 0.324146562772468 0.9395677668158786 0.11018810009895685 31.13174690603945 0.920489448104473 -0.3401269073475501 0.19238727303674186 94.08139081080697
0.24612168821360733 0.022208822611356926 -0.9689844595188828 44.72896706800467 0.3325552887345421 0.9371137364865516 0.10594727378700985 32.10456010873613 0.9104016116668343 -0.34831682860067437 0.22325835345625755 92.33449563730684
0.2731216969316179 0.007397094523179798 -0.9619510495122965 47.47116036352401 0.3365300234392805 0.936050517611913 0.10274712551904827 32.588742054975526 0.9011948080127574 -0.351787878516422 0.2531663613906167 90.68745410921345
0.2932114168445116 0.0004392330860215621 -0.9560475260709218 49.491660291787724 0.33648054635355845 0.9359714559539238 0.1036256510961566 32.56735993513035 0.8948787107522698 -0.35207561789165087 0.27428972333750934 89.5046195571937
0.3046380036710277 -0.0050525659801697875 -0.9524548064324873 50.63774999501718 0.3365129169498288 0.9360655267829752 0.10266638346814635 32.59134457205857 0.8910413814437849 -0.35178942727934126 0.2868613871005029 88.74527165067525
0.31263805529124444 -0.008166886385555183 -0.949837222028319 51.43536480618434 0.33753527749804524 0.9356546955265503 0.10305448647893103 32.6924411413832 0.887878022494096 -0.35282232455711193 0.2952778766959855 88.13311145818233
0.32048031435016927 -0.008725792439685742 -0.947214985449616 52.21409142163212 0.33645916569866496 0.935801610953183 0.10521679882407649 32.5396704871966 0.8854872093550393 -0.35241907650370946 0.3028418672919872 87.61152951791978
0.32667772459475175 -0.0121403898586466 -0.9450578157910107 52.82993313460762 0.33723694131435533 0.9355959426741878 0.10455370612530376 32.63725859314152 0.8829229352930718 -0.3528637739775484 0.3097325416351792 87.08289199761519
0.3329124543632152 -0.014888498126812671 -0.942840193433324 53.420749014103336 0.3399553399999239 0.9345301612522156 0.10527936414817474 32.903167952218766 0.8795451463884024 -0.35557237003658726 0.31617815410171524 86.49178333092317
0.3370283858497052 -0.02018258273078563 -0.9412781366237384 53.8548559783747 0.3423286076255131 0.9339675491240873 0.10254628995884346 33.213923288983665 0.8770535853257313 -0.3567874444784467 0.3216826509618129 85.96516276956957
0.34131036875283355 -0.023544475316397112 -0.9396557294370532 54.28005343113439 0.3424375445255148 0.9340984726399357 0.10097807440764331 33.257767065873196 0.8753535058941279 -0.3562382644997798 0.3268800064626836 85.543678236434
0.34393068680943556 -0.02543026977232818 -0.9386506187342002 54.53731254338641 0.34265821984984723 0.934096355679371 0.10024640979033642 33.29732251256048 0.8742408289711273 -0.3561141666457891 0.3299782921254842 85.21761837831896
0.3443591714470758 -0.026300541412339923 -0.9384695213813291 54.582458018448854 0.3428153039963746 0.9341064439940584 0.09961334566536678 33.32887210289412 0.8740105424914258 -0.35602448344206944 0.3306843491967089 85.02522625535313
0.34368138823250366 -0.02665936581528966 -0.9387078254690888 54.52234913014091 0.3427836610358894 0.9341864794807857 0.09896960787094014 33.34016595436861 0.874289691755205 -0.3557877172832443 0.33020090115105183 84.91360027492163
0.34319969503595393 -0.026657355918936365 -0.9388841007827534 54.47721750195432 0.3431455244578677 0.9340596125157454 0.09891303913777233 33.38239879969677 0.8743369592850133 -0.3561208020354143 0.3297163265382686 84.76154381118437
0.34270106743441014 -0.026343587342874092 -0.9390750735618663 54.434205377745066 0.3431837110424145 0.9340323931304252 0.09903751338865185 33.3848444965925 0.8745175349039449 -0.3562155302467303 0.32913458821061087 84.61983737759405
0.3438309259729415 -0.024897569977053446 -0.9387014463362816 54.46172848855809 0.34115168614311 0.9346560335346863 0.10016798899309046 33.1166834201309 0.8748690309905262 -0.35468043361094037 0.32985749745496584 84.53781028601296
0.3421625740259189 -0.026999515734392382 -0.939252787638166 54.386158435894316 0.3391779352911355 0.9357429790343189 0.0966612921474794 33.02158424166207 0.8762893934925835 -0.35164769775740934 0.32933386633371575 84.4509889244472
0.34111505815968096 -0.026130910015345316 -0.9396582850368997 54.29199428948975 0.33768909798353075 0.9362927092354756 0.09655068997973398 32.871034660867764 0.8772722440609797 -0.35024725291465636 0.32820766539791524 84.38465593709017
0.34125833422183194 -0.026475454645018964 -0.9395966153757047 54.34759826095994 0.33834788327419363 0.9360589343086576 0.09651104281279349 32.94820206291951 0.8769626327318703 -0.35084572364827216 0.32839582669349976 84.13532353019738
0.3422670876468443 -0.028964013867769672 -0.9391561779674428 54.41184945879588 0.3415361036457899 0.9349904712827806 0.09563424343223759 33.28957596947264 0.8753321258929091 -0.35348819571673373 0.32990872202584837 83.7609516206714
0.34319827008962595 -0.030660339009069254 -0.9387624252276702 54.41960711964535 0.34054384047938824 0.9355236609702835 0.09394345361070561 33.21270391876706 0.8753541226949452 -0.3519309923502145 0.3315112916694635 83.59664328505451
0.34079057229141957 -0.033646197118056415 -0.9395369706705424 54.27455746428423 0.34059037613031173 0.935892030780271 0.09002389910125916 33.31060582609795 0.8762762016195006 -0.3506765463236369 0.3304027517043807 83.44867094382187
0.3388588896047106 -0.036287569474066 -0.940137152354659 54.1007254498663 0.3393174327486236 0.9367189919814756 0.08614644446575617 33.25954875292715 0.8775182805894962 -0.3481964134836445 0.329728562409114 83.3619519642443
0.3359342362124032 -0.041469894658626855 -0.940972070136724 53.82973461153431 0.3413234121518115 0.9364853026234927 0.08058291560392858 33.588835488578276 0.8778647488408645 -0.34824635792379466 0.328752120807423 83.20052786184242
0.3442012109663309 -0.043286707851370315 -0.9378975356043439 54.57338427926997 0.34391135722087696 0.9353226782786952 0.08304496295419028 33.77836983732823 0.8736420919025168 -0.35113779121729205 0.33682598895458715 82.43218294356811
0.34792490242107577 -0.04805233782519555 -0.9362901447226806 54.8895372346605 0.3465794250482147 0.9345318393323386 0.08082662560916792 34.06568382342001 0.871109042777386 -0.3526204958643909 0.3418008506247713 81.88358734591746
0.35052262930369915 -0.055271524920630366 -0.9349218923947443 55.130852274622825 0.3493813083261641 0.9339112695253017 0.07577890238013049 34.47030214387602 0.8689456759420117 -0.35320645405568063 0.3466678714203164 81.33043582706648
0.3557514880850244 -0.06005864571403097 -0.9326488287669088 55.60866329317799 0.3528717575069035 0.9326980015309662 0.07453831695262872 34.88902306841615 0.8654030283511143 -0.3556225485189852 0.3530017018451642 80.59136643868304
0.3604775568999063 -0.06783282787676692 -0.9302981449157662 55.95458400902333 0.35706745712786375 0.9314185172194587 0.07044413986235248 35.32710845999615 0.8617184934952459 -0.35757272441133764 0.3599763668983529 79.92301015598588
0.3671111147648312 -0.06643902624383571 -0.9278013177442108 56.595489942773455 0.35355491443714415 0.9325519474432789 0.07311489449552855 34.950916161397224 0.8603652433086002 -0.3548700059338905 0.36584002924094283 79.43497822617901
0.3701031643023897 -0.07493686543303757 -0.9259633437520239 56.828267783654795 0.35583985202604423 0.9321572717948028 0.06678937303308707 35.307819885938486 0.8581384780345426 -0.3542136175235796 0.37165987902572695 78.86323746299921
0.3728533195409999 -0.08067480817688277 -0.9243765344451796 57.031736876885034 0.3576932686865983 0.9317141305283577 0.06296272317874832 35.56842765659337 0.8561751734566673 -0.35411912444742355 0.37624954226820806 78.37063434979603
0.3721610336563336 -0.07962309050730093 -0.9247466293455281 56.99025709350309 0.3583887412493953 0.9313734839007675 0.0640386104800919 35.60177938520726 0.856185537820818 -0.35525145593595125 0.3751569376699084 78.30741364053574
0.3757941534519638 -0.06859335868297917 -0.9241610819418385 57.38285093813669 0.3499569126101337 0.9339181691810844 0.07298638633220844 34.5843140945217 0.8580844442988725 -0.3508444162560369 0.3749657078110685 78.41080417593902
0.3716395546494408 -0.08002842319269479 -0.924921344170009 56.975737008871846 0.3440916184623677 0.9371940991886942 0.057167985357543416 34.34631421754068 0.8622557622445406 -0.33950356688433014 0.3758355073019358 78.69819108557672
0.37901294841883415 -0.07652411558714536 -0.9222219064110696 57.65806171721539 0.34295415092438064 0.9372251839789782 0.06317756626610216 34.10121922392791 0.8594949885220969 -0.3402249465415136 0.3814647433986854 78.18808424414505
0.380186145989922 -0.06986216351359587 -0.9222677336362415 57.789748369200154 0.3452794615987492 0.935776219169179 0.0714490100387295 34.15344393641252 0.8580446304216394 -0.3456040302812399 0.37989112447904894 77.92960779786216
0.3733746687167554 -0.07024830651726921 -0.9250170442711363 57.16825261117885 0.34630943248221796 0.9355990555344219 0.06873270151057898 34.31691339559778 0.8606167170898422 -0.34600517729443586 0.3736566385747063 78.17134033507962
0.3726822740115203 -0.06990834358484582 -0.9253219689031627 57.1054110665797 0.3472061513968154 0.9352334145677847 0.06918344244177307 34.39881927929543 0.8605555246872882 -0.3470609222789358 0.37281752259930145 78.05043411628922
0.37141594546440115 -0.06805557553335081 -0.925969024370475 56.99317045963412 0.3482873260108532 0.9346947372728134 0.07100483543193364 34.46989774698527 0.8606660990157533 -0.34887560355136715 0.37086342398742245 77.96645877583384
0.37485942547343604 -0.06238766508014007 -0.9249801026938763 57.31118897079269 0.3541511330170677 0.9317012498012667 0.08068305956943808 34.83633799711032 0.8567714900231292 -0.35782755674291844 0.37135165748780596 77.42564403511066
0.370015953069528 -0.059424668284966814 -0.9271229170251755 56.882971311049566 0.354398146563082 0.9315156572822766 0.08173453340308628 34.839277720598425 0.8587724658992631 -0.35881372470571643 0.36573564602880765 77.61729494723325
0.3671945453517427 -0.05696918717074137 -0.9283979090761849 56.627530580472055 0.35826326436061784 0.9297756429473591 0.08464447525679972 35.15268526485803 0.8583796358684199 -0.3636918551396634 0.3618185114549406 77.52390604992178
0.36339082173892706 -0.053092660080567455 -0.9301227231508091 56.29006362161691 0.35164046663877135 0.9323440912173336 0.08416339937402309 34.519347141405554 0.8627259662824427 -0.357652995258943 0.3574748132167245 77.93062796805765
0.35720919993928935 -0.04807339500437455 -0.9327864365284724 55.75164425268814 0.35103299285363543 0.9323706844629016 0.08637560235621838 34.410924395652074 0.8655503598329517 -0.35829297431980633 0.34992673396886137 78.22961253267596
0.3572263179502496 -0.0468545423170727 -0.932841899588545 55.743990490359245 0.3516581384544177 0.9319969684528127 0.08785331213756858 34.43982760380634 0.865289495731042 -0.3594249610962281 0.3494106265105486 78.09814408762067
0.3518787728120043 -0.04238516141728854 -0.9350854652575604 55.275331795753786 0.3504012268579874 0.9323041170782399 0.0895991824481715 34.28170409499276 0.8679863532687222 -0.3591831446081426 0.342909841166262 78.36601230154889
0.3496815004570615 -0.039900857781739574 -0.9360185734195554 55.08241494237532 0.3501244447238458 0.9322665705418816 0.09105995089443966 34.225028423154455 0.868985455255102 -0.3595649635300421 0.33996663888788076 78.39300075819308
0.3470411762071993 -0.034711272276948285 -0.9372073140952536 54.85311055362865 0.3457253251257073 0.9336718366890725 0.09343929013203225 33.739429758627864 0.8718006776686101 -0.35644358452715863 0.3360231382895867 78.6340516255731
0.34721610057680274 -0.038318834491445325 -0.9370019457949149 54.85382583445189 0.3444136104410266 0.9345509913216842 0.08940754757085168 33.70009589433265 0.8722501042953313 -0.35375996317117986 0.33768867913199146 78.52656943344597
0.343282140247919 -0.03926977458724659 -0.9384110277435335 54.50016998459157 0.3405895160578657 0.9363247469232191 0.08540930775177999 33.41763138123558 0.8753034637988569 -0.3489324477646587 0.3347984366132656 78.75531023407935
0.3375796490230173 -0.03966862676355723 -0.9404607278436405 53.988980888910916 0.33986774089848715 0.9368495190140755 0.08247967882850937 33.41532261883049 0.8777983249369159 -0.34747572400642446 0.32974341837882964 78.98126366110789
0.335885055665421 -0.0425927204145197 -0.9409394717771847 53.82222130268997 0.3405732783530301 0.9368792796025474 0.079164749246627 33.56092968411848 0.8781748524368632 -0.34704909684236673 0.3291896914066281 78.91517475144323
0.33313639439202364 -0.04118084500770275 -0.9419789173521526 53.58312038943122 0.3405154917907797 0.9368746440902533 0.0794676104538494 33.551091953862674 0.8792436195855876 -0.34723196751625973 0.3261297566196952 78.96226015474062
0.33353174875564906 -0.04500034692891719 -0.9416642402407962 53.59892342433368 0.34611847099701437 0.934949987564059 0.07791357255738504 34.131550062401146 0.8769028319070977 -0.3519140371315743 0.3274109556246849 78.57855295625735
0.3330368340396052 -0.04590373213879956 -0.9417957923820884 53.54664674093795 0.34839073856393393 0.934126130822924 0.07766765733991274 34.36469904828126 0.8761908242248108 -0.35397912239215856 0.3270908443456101 78.39659818662675
0.3337556874993612 -0.04740905597540085 -0.9414666868632954 53.59720845781406 0.35158509582186864 0.9329291807128912 0.07765992641189512 34.681087866159054 0.8746399610455472 -0.3569250974446807 0.3280387375849824 78.11174662514486
0.33543466037903685 -0.045722074899458454 -0.9409532828378295 53.747336106059784 0.35275747122297046 0.9322496718783329 0.08045318998719667 34.73209646698328 0.8735249023999117 -0.35891508905259073 0.3288376555955773 77.87378128278043
0.3339716721073449 -0.0523845104911255 -0.9411263386445144 53.58695630793467 0.3582440109996181 0.9305840107411287 0.07533012369471156 35.388688230967446 0.8718509911749425 -0.36231100178377174 0.32955513525616653 77.5755899337929
0.33659353294229294 -0.050663217510761305 -0.9402861436673855 53.821479895594685 0.3548254101832294 0.9317718742629287 0.07681212548063213 35.033231670289844 0.8722406330077319 -0.35949188130471965 0.3316049839888791 77.47673231726687
0.3474577732104175 -0.05144162261012633 -0.9362835336044824 54.05785629161033 0.35563446977383295 0.9311242813269025 0.08081891258946913 34.82800571576952 0.867638876344498 -0.36105585743302504 0.34182078355325374 77.30239252625253
0.34788982331464247 -0.05278702335995366 -0.9360481830541114 54.09299997716463 0.3561968285265173 0.9309901961017238 0.07988162561017852 34.9056833839191 0.8672349682650939 -0.36120739877149477 0.34268458513766376 77.12376572629054
0.3470037568147736 -0.05865135062830906 -0.9360279973515261 53.86981085440971 0.35847523786711816 0.9305549600466243 0.07458532140266125 35.245939361601444 0.8666509658406586 -0.36142424573083143 0.34393112392651104 77.01270936474053
0.3435239770903257 -0.05821395195600487 -0.9373379395723345 53.88308273217574 0.35988747733586524 0.930045803821234 0.07413370658035251 35.442602041541384 0.8674516014285019 -0.3628028922048151 0.340443505720037 76.79708538239991
0.34865499971494446 -0.05688036583643691 -0.9355235513636656 54.15068542949082 0.36011842262756294 0.9296663739311579 0.07768625918351615 35.34737791370638 0.8653059648806357 -0.36398496832150307 0.3446164969614577 76.5331085419443
0.34418891148070463 -0.06139431103693874 -0.9368909924777946 53.74578938793431 0.36136420413839543 0.92965346221948 0.07183559111441756 35.600661404993424 0.8665736582548258 -0.36328388177241405 0.34216211956207965 76.6063502703202
0.342459667717299 -0.06354493603410269 -0.9373811482483413 53.5824539436332 0.3620519646567756 0.9295817183542026 0.0692546300966006 35.723391065615225 0.8669715975019746 -0.36309760396630253 0.3413508153187921 76.562026548478
0.3388589568683045 -0.07099494204483126 -0.9381547449936902 53.23702683407832 0.36693912219698904 0.9281565080756004 0.062299094040051906 36.351349907160206 0.8663315115770798 -0.36535628463317715 0.3405649678513824 76.40967574906838
0.3445411028681812 -0.06178480769466632 -0.9367358570976722 53.77163019546802 0.3591043317764483 0.930615617380431 0.0707011427561805 35.41790384481522 0.8673727614663537 -0.36074535371335326 0.3428225232397365 76.38640128081452
0.34436261404880186 -0.061758239032957574 -0.9368032397238087 53.75194767278362 0.35679926937603607 0.9315740025584314 0.06974352392867939 35.21881839027308 0.8683943064174261 -0.35826777369561374 0.34283455326583656 76.40766856625167
0.3438672127333059 -0.06137017874676756 -0.9370106942653417 53.708867581608324 0.3562106348797517 0.9318029281193752 0.06969423754316437 35.16758412530767 0.8688321607799702 -0.357738737500915 0.34227718604321244 76.3791016131431
0.34038849470528626 -0.06318201309896779 -0.9381597443362357 53.39198570707071 0.3581882182615266 0.9312246332221898 0.06724494612110915 35.41349781907893 0.8693887927566712 -0.35892717325518797 0.33960920383307924 76.41259272353142
0.33607984896413257 -0.062208016650409925 -0.9397768340327762 53.002335110735416 0.3568097467090274 0.9318485041414408 0.06591790335560604 35.31313842292266 0.8716290149907159 -0.3574752131180309 0.33537193119361197 76.65951108352033
0.3256368544086606 -0.06173261967120555 -0.9434774627511581 52.08583417169816 0.3636828446968986 0.9292717954180423 0.0647203114462484 35.99406710414822 0.8727516413757147 -0.3642018861964585 0.32505623908323544 76.90493351033096
0.3270876408021197 -0.056160110681003295 -0.9433237605418411 52.22355494783349 0.357815830351497 0.9312669997744079 0.06862657416075407 35.355827686928635 0.8746322122951863 -0.3599830789071484 0.32470090254903444 77.03844671656456
0.32376358919699655 -0.05302085878124482 -0.944651219680776 51.9335648036732 0.35806346616911255 0.9310345940651976 0.07046374137677872 35.34071207663769 0.8757669167679488 -0.36105868385617323 0.3204199343155926 77.17825504610047
0.3179141855243663 -0.051246725559793455 -0.9467335125375977 51.41657398919622 0.35991699705453806 0.9303166984584026 0.0705024524445865 35.51551639107699 0.8771489758721847 -0.3631592125898181 0.31420544304247944 77.38703341235157
0.3154160604631645 -0.04915558639115136 -0.9476795012705718 51.19405554926857 0.3571981641747189 0.9313583248353514 0.07057720786555896 35.259737755609166 0.8791599287456794 -0.3607705629433058 0.31132365891698993 77.59682983682833
0.31097466381994504 -0.04618868110792751 -0.9492951933932787 50.80717027563277 0.35796816746313886 0.9309561318847863 0.07196854583218307 35.304534397907915 0.8804280490449827 -0.3621978551063314 0.3060378476777319 77.77923478245158
0.30951943098950585 -0.0430847453065929 -0.949916536629297 50.679962337695805 0.3600761453884801 0.9298911837534405 0.07515022222055728 35.43604798841327 0.880081184529079 -0.36530273897069404 0.3033331790925653 77.7469018143399
0.3045955648800347 -0.04111464683749502 -0.9515939930825754 50.24508947080045 0.36054547101593304 0.9297022016630851 0.07523815224147196 35.48209533173747 0.8816056404001233 -0.3660101119344109 0.29800686699545775 77.9601465407787
0.30292988374988944 -0.039824619872393635 -0.9521803847923447 50.09440909738315 0.3617938358628684 0.9291353223043015 0.07624154496147761 35.57797809076437 0.8816681381692946 -0.3675888361994968 0.2958711571589721 77.9582984689652
0.2952381971699862 -0.03768056121528002 -0.9546803560555324 49.418057847753694 0.3625686804312094 0.9288968354736109 0.07546271276255029 35.670326261370896 0.8839560842610836 -0.3684166721982233 0.2879076184198657 78.30277595909304
0.29461367028780017 -0.03343965227705406 -0.9550311905561727 49.36508781329813 0.35927787906030706 0.9299425038064713 0.07827097311313977 35.29706179527581 0.8855067424347928 -0.3661812792453215 0.2859879015496653 78.4541622497308
0.29463738013067 -0.0319141238715607 -0.9550760718012183 49.37053459506806 0.36169115397506557 0.9288122507837652 0.08054385097685343 35.47514831346883 0.8845158694822386 -0.36917379578121035 0.2852058644954074 78.31516051886054
0.2899460472972452 -0.03208617235104452 -0.9565049750004245 48.978894898642736 0.36521422050730534 0.9275146217277423 0.07959396723674517 35.836979177064926 0.8846184843173609 -0.3724071750451403 0.2806475248046083 78.34783183225883
0.2899466229302747 -0.03261027606281258 -0.9564870755773108 48.94813371631655 0.36065251788039665 0.9294633252661337 0.07763818861714547 35.44910202218193 0.8864878550763452 -0.3674704027269794 0.28125573046928715 78.49756512338688
0.2929104504387884 -0.029511593346040366 -0.9556843275276226 49.218602753374725 0.3608689818876884 0.9290120426973132 0.08191582530078653 35.37167736218345 0.8854247827653625 -0.36887083156783174 0.282767154534198 78.30926365190984
0.29169125341359115 -0.029568094025572117 -0.9560554066045037 49.11015977978128 0.3623167751588452 0.9284561151271569 0.08182784808048188 35.51091602795191 0.885235995156378 -0.37026337936485504 0.2815355444358927 78.26592182224857
0.29071035665517464 -0.026712773990609145 -0.9564381403097368 49.0441225681882 0.36278254459163184 0.9280485961409498 0.08434825748308619 35.49477957965102 0.8853678974714647 -0.37149997430220505 0.27948426649888397 78.25278689338538
0.28931705581374945 -0.030960143112054833 -0.9567325178720251 48.93638229411286 0.36556810763428405 0.9272934524368779 0.08054074588917123 35.85586084739662 0.8846782465370967 -0.3730527075443585 0.2795998524639651 78.11063292387713
0.29002833698665753 -0.024711076692009976 -0.9566989737809253 48.98965655054095 0.36640302026168015 0.9263659134226276 0.08714941876902807 35.78377621773228 0.8840997627461917 -0.375813194469516 0.2777265784449611 78.05346192453518
0.2959680200350235 -0.020481910572979878 -0.9549782314041656 49.52339072109794 0.3667021821766296 0.9255979852621006 0.09379701096323873 35.66012010173273 0.8820047849662981 -0.3779535170070791 0.2814581643486891 77.70413673407866
0.29696856618234546 -0.02204905792350975 -0.9546326569651216 49.6086502183478 0.3646720412025253 0.9265757541569279 0.09204169801619055 35.510960605968734 0.8825100413393523 -0.37546133070291754 0.2832045481308674 77.65355701268724
0.29861659932233714 -0.02521315046182196 -0.9540400534846281 49.549088547918785 0.36623654261686134 0.9261439013611885 0.09015691223375324 35.61914269573569 0.8813052373957677 -0.3763266812428615 0.2857959193612166 77.57465737943343
0.2968251230261399 -0.03128177585034406 -0.9544193506211857 49.56318313665805 0.3640875180230836 0.9276745575677856 0.0828262908816032 35.66778802541496 0.882799595355768 -0.37207709650160137 0.28674641880698404 77.4761298037886
0.2995859087069364 -0.031242256106674138 -0.9535576567453088 49.81163783409228 0.36419565779468727 0.9275236062035663 0.08403262924975535 35.6495023234718 0.8818218675830931 -0.3724565496383394 0.2892512964253903 77.24890502134465
0.30225064632028537 -0.033397845699065065 -0.9526432336933017 50.046704325134115 0.36458930744963036 0.9274475256414789 0.08316083257698079 35.70883731430434 0.8807492172533384 -0.3724589522137428 0.29249811148701826 76.99016910845134
0.30474480584558156 -0.037407417205934546 -0.9516991585832784 50.24090551444925 0.3638916889588248 0.9279953639931822 0.08004650594407936 35.70994314370119 0.8801780740377669 -0.37070917111010726 0.296414015252357 76.78251792052056
0.306730484838492 -0.035414296690717245 -0.9511373388005779 50.43106755761721 0.36350036410549924 0.9279182971872773 0.08267477874317783 35.61119741369402 0.8796498706678204 -0.37109764393615563 0.2974939389283774 76.6187593933566
0.3103990123565862 -0.03409086894578239 -0.9499948767138575 50.75809535704715 0.36075563633714536 0.928820824912549 0.0845413866680308 35.317741320128 0.8794929357186658 -0.36895756919094863 0.30060353982890675 76.45579183426658
0.312458736573803 -0.031108881097412527 -0.9494218111332654 50.95342869543835 0.36079400658402494 0.9284545209757773 0.08831697058146123 35.23335352154259 0.8787475307229883 -0.37014110822294133 0.30132762444180833 76.27428915254276
0.3139907109912327 -0.03552418708073271 -0.948761226833956 51.06173584987398 0.3602593144341705 0.9290224822108846 0.08444201507631194 35.27009876463961 0.878420776037681 -0.368314077492267 0.30450234899977147 76.09350289897793
0.31495375199013126 -0.04047422896471012 -0.9482436242322175 51.13597576196903 0.3596719465638806 0.9296617329637695 0.07978190971485685 35.32295177935461 0.8783166996945281 -0.36618424195002264 0.30735789559599624 75.92444574617734
0.3159501911966158 -0.046848577553912224 -0.9476184292551495 51.207647528225216 0.3611207964991394 0.9295424911989927 0.07444815237060898 35.583704528117266 0.8773638053958284 -0.36572662992561167 0.31060712346082087 75.65522530374668
0.3160960904063678 -0.04906583155626412 -0.9474575482856749 51.20001560560148 0.3640950120048041 0.9284658645930075 0.07338910354255904 35.88275987141183 0.8760810943417459 -0.368162576125346 0.3113490544031215 75.41618243798162
0.32005326149606395 -0.04798809556074238 -0.9461834137682742 51.55546999456858 0.3630641095431407 0.9286833035123571 0.07570848128856883 35.735864805746964 0.8750716325920859 -0.3677559849435877 0.314650875369501 75.13513036603005
0.7170300391772637 -0.3281087749645445 -0.6149898817937718 51.91895269433989 0.5925416220515257 0.7515753547373978 0.2898774090678703 35.51064670567288 0.3670999169899093 -0.5722579120838963 0.7333202117788525 74.90370689131971
0.3258563859232215 -0.045415342378700124 -0.9443278363098708 52.06765462359805 0.36103727995362345 0.9291223785423429 0.0798979860541433 35.450214200531995 0.8737675310039539 -0.36697282238395335 0.3191570920327636 74.68112324337335
0.32835205947816853 -0.047130463782912496 -0.9433788445900474 52.275188622633536 0.3610642983639125 0.9291672525959584 0.07925142995715348 35.470176022577235 0.8728215725355445 -0.36664279085628515 0.32211110882689775 74.40135911132163
0.33005550764354685 -0.04885565196779926 -0.9426963918170909 52.41687629570913 0.36241805221931833 0.9286818758521724 0.07875994470062828 35.60430349689351 0.8716171850644733 -0.3676453436866729 0.3242227381998248 74.11224229000841
0.3307651196681438 -0.049464665926361034 -0.9424158755219014 52.48268394218427 0.3625118496710181 0.9286681393599127 0.07848978141067203 35.619188968812644 0.8713091268080553 -0.36759860413580386 0.3251025557856981 73.93822406837404
0.33276325798496886 -0.05000957406115575 -0.9416834163546953 52.65586472481265 0.3623097717520307 0.9287285247648693 0.07870804648230331 35.59917228479908 0.8706320941868729 -0.3673722496192259 0.32716568704784543 73.69281605042457
0.3339073299632779 -0.05033985072886127 -0.9412607473093682 52.75570146238587 0.3621991984814914 0.928762426604242 0.07881684811995904 35.58758188681595 0.8702399873690931 -0.36724141154939954 0.3283536356233089 73.49507151779117
0.334705540827895 -0.05141043831456338 -0.9409193205431648 52.825445219146296 0.3616770294471245 0.929043658602736 0.07789484437590716 35.562577648492685 0.8701505199156122 -0.36638074081800126 0.3295500348175409 73.32323629142263
0.33716124801656705 -0.050673250089009 -0.9400821850036982 53.04204108945319 0.3612122274441202 0.9290912349370222 0.07946825723555204 35.48294894034763 0.8693952033343455 -0.3663627968129617 0.33155735782910384 73.06643534309838
0.33855680598173804 -0.04964990649420603 -0.9396351291371351 53.17737190392376 0.36097542903039737 0.9290535099366792 0.0809710770007247 35.42841718768757 0.8689511083828391 -0.3665985030785769 0.3324597852083502 72.84899939595844
0.34057287803125874 -0.04942685393710386 -0.9389180479996034 53.37437602656569 0.3599704355039255 0.9293842532763199 0.08164677167611217 35.37078959627652 0.8685801058697001 -0.36578941465260745 0.33431527607257683 72.58936261364842
0.34345720225745235 -0.049132513487444185 -0.9378822667776 53.48396037005648 0.3593534612003113 0.9295117950863943 0.08290303202310983 35.22673462107645 0.8676993950331183 -0.36550488220224164 0.33690345938485944 72.44738713976567
0.34205735642612944 -0.04942643988924264 -0.9383782776442787 53.44105006412321 0.3589722360597045 0.9297497074974439 0.08188049307810416 35.220276622391154 0.8684098678924969 -0.3648595736009853 0.3357704467320547 72.33555921576175
0.34213171376595547 -0.04808494311923578 -0.93842086969589 53.59138719713561 0.3587518815947014 0.9297216050330378 0.08315542427920053 35.19915395510402 0.8684716333236406 -0.36511036054871454 0.335337809875588 72.05222039425168
0.34346736059717503 -0.04790665366523175 -0.937941962351088 53.646912903691806 0.35990578620047975 0.9291691029930202 0.0843362502282416 35.24333093924936 0.8674664242861648 -0.3665374886389462 0.3363811412050767 71.82579406324048
0.341131755919944 -0.04592401938411195 -0.938893023483817 53.56628958478565 0.36000022218674843 0.92903918318922 0.0853582809374614 35.27954414757064 0.8683484122910962 -0.36712011732226624 0.333457425061758 71.70243653275507
0.3424442069068514 -0.046370306614554574 -0.9383931797601739 53.634344089676766 0.3602789586086871 0.928911328997416 0.08557344707381329 35.28164829670237 0.8677159887542569 -0.3673874487849673 0.3348065491227666 71.50413039359107
0.3394180539787267 -0.04648000356028714 -0.9394865586597448 53.40462642147465 0.3611474293158953 0.928669535535514 0.08453063389548929 35.37142491468379 0.8685435619079879 -0.36798437879519896 0.3319933403411835 71.48862329351448
0.338517801325372 -0.046115270705963746 -0.9398292823665113 53.334388743999405 0.36078717145003714 0.9288235282595265 0.08437695342097792 35.36563609864328 0.869044483960929 -0.36764144918553465 0.3310610966843469 71.38429744100756
0.33784796674013945 -0.04625672843819395 -0.940063331081342 53.26405022759259 0.36162399648299587 0.928507264525414 0.08427541095242011 35.404821378777186 0.8689573272245421 -0.3684217349692174 0.33042183442540823 71.24285178785848
0.33824311557995146 -0.04554270358942333 -0.9399560930769765 53.30953979654254 0.35935563531074355 0.9293867979905573 0.08428349240077071 35.21882531805495 0.8697442854846357 -0.3662868300534771 0.3307247133133472 71.1739599323935
0.3377483658980337 -0.0475176703070517 -0.9400362292708714 53.27345477612288 0.35707098130633874 0.9305363180692956 0.08125561557804475 35.104130322881815 0.8708767740858269 -0.36310361023078386 0.3312543020026075 71.11074477154062
0.3363144152285889 -0.0468176053665991 -0.9405853102920488 53.17801172469722 0.356810153587087 0.9306361393313113 0.08125817169781663 35.08838556070451 0.871538368866576 -0.36293868352415926 0.3296913459512374 71.04031008754215
0.3359763500731638 -0.0479551270428345 -0.9406488175625483 53.10361950575085 0.3584690364945036 0.9300538514492309 0.08062123342614949 35.23834812627316 0.8709878541439122 -0.36428030305625514 0.3296665265674175 70.84258249425675
0.33403397793993955 -0.04656921671180289 -0.9414099052147631 52.94361559938425 0.3591543266565075 0.9297175983534882 0.08144542317240833 35.289784112853404 0.8714525065805541 -0.36531697930245605 0.32728280340983124 70.77966130693072
0.3308179873464494 -0.04598522818252104 -0.9425735080284433 52.7056533361309 0.3588412967486035 0.9299142034941754 0.0805760379242742 35.30004490592615 0.8728071854629894 -0.36489030259626637 0.324133744117116 70.79857375421288
0.330258439471187 -0.04428119765211669 -0.9428512813230675 52.63505923608376 0.3571114320111883 0.9305093911051985 0.0813861056443351 35.11945363295692 0.873728097456511 -0.3635814194915997 0.3231219013244052 70.76399376665087
0.330492923776788 -0.04156029481959736 -0.9428929786714811 52.66195594646978 0.3564527573602687 0.9305364710406797 0.08392441738504622 34.99342524820447 0.8739083814129095 -0.363833228220934 0.3223500006803199 70.62627531081601
0.3345110291691335 -0.03820555796362046 -0.9416170701006304 53.0052262706472 0.35697660918830115 0.9298553613779899 0.08908820016719868 34.918464181249426 0.8721640166027432 -0.3659362543631013 0.32468536444698826 70.1988079892367
0.33206860648104114 -0.03875975681083754 -0.9424585517897878 52.81264690223079 0.35975840689861616 0.9288332489629578 0.08855893115144087 35.18632008450345 0.871954316036975 -0.36846502801878045 0.32238051099843207 70.02345180405074
0.3355681596563698 -0.03569337424474256 -0.9413394675991554 53.10640403472861 0.3576841253055281 0.9292728839414764 0.09227119634810271 34.90665026075714 0.8714677714805384 -0.3676654596315999 0.32460134482874226 69.76133322041022
0.33588320842901287 -0.03560969313399806 -0.9412302694082543 53.12405394637683 0.35635173797433717 0.9298126595648725 0.0919883522820587 34.794954338843766 0.871892143064784 -0.3663063852402812 0.3249980353695958 69.6112681153848
0.3358014216787429 -0.036060758223128875 -0.9412422785419853 53.12420434679111 0.35523567419517615 0.930327755136835 0.09109272090104761 34.72550886492094 0.8723789434515449 -0.36495190058202265 0.32521545056152495 69.45161270018637
0.336228313664711 -0.036114228098874906 -0.9410878192915936 53.14933978106658 0.35486997755604466 0.9304685656650518 0.09107989535893005 34.693588585327596 0.8723633532648863 -0.36458745293556616 0.3256657320664844 69.26262195295985
0.335673929649534 -0.036220304362930555 -0.9412816276255989 53.11477200277017 0.3557787186526393 0.9301210012036527 0.09108472140705545 34.776695074684625 0.8722066935695494 -0.3654627377336457 0.3251037849990411 69.06798245141577
0.3366862636218664 -0.03447738472764286 -0.9409854780126468 53.20946713035012 0.3564240503526689 0.9296374088027095 0.09346755846165136 34.77444628783704 0.87155278452802 -0.3668590984246216 0.3252847148030915 68.80918400474303
0.33847551968686 -0.03369592892919526 -0.9403716855298807 53.359015698601716 0.3574117785463179 0.9290663029028698 0.09535525872625325 34.81643862319303 0.8704545612087216 -0.36837533737207695 0.32650952158695257 68.4932305349435
0.34256238497206914 -0.03215973803218802 -0.9389444944467957 53.6996805594201 0.3577914943182298 0.9285673545577122 0.09873152811143987 34.76748014872125 0.8686980252054082 -0.3697680614917856 0.3295987283119142 68.06983946630545
0.34607268141096037 -0.032869282616514284 -0.9376317557769167 53.97923307638085 0.3574769430101792 0.9286183959270132 0.0993886812571636 34.72502914407941 0.867435262366665 -0.36957744114896496 0.33311946895469546 67.69743611221516
0.3513980762549491 -0.03295063708468518 -0.9356461123309573 54.408726408090416 0.3553987140692122 0.9292691628178266 0.10075007232655556 34.51322740582822 0.8661473004300547 -0.3679308067443785 0.33825401018488976 67.2859864020586
0.3575912673568538 -0.032722613978236864 -0.9333047283950459 54.906643143880466 0.3554481563264722 0.9289347325519437 0.10361887290817637 34.437264396779405 0.8635884978820821 -0.3687946490841214 0.3438101411137967 66.74357598270811
0.36175037503690655 -0.03582925801525361 -0.9315862442258012 55.22395119695415 0.35353083793174706 0.9298979148171238 0.10151755833372894 34.330692317410104 0.8626428071872705 -0.3660684803268941 0.3490576670397373 66.35972531113917
0.36520196444342606 -0.038586101412942525 -0.9301282911213983 55.483791483149034 0.3533084816835015 0.9301322579417561 0.10013540585961261 34.344806446407176 0.8612784926707281 -0.36519186123724134 0.3533189246968212 65.96022220382092
0.37052911302885533 -0.0391783275367501 -0.9279941999007714 55.83323046832362 0.3502742796307258 0.9312353061989102 0.10054219769727449 34.0588988476588 0.860241887742759 -0.3623063112064774 0.3587729524821085 65.66312006123593
0.37121861404760004 -0.041107714701937303 -0.9276351094997232 55.944318800048016 0.3494514920825657 0.931757004279418 0.09855221792285246 34.05680486745571 0.860279254234256 -0.36074789087149073 0.36025069599644566 65.4136016951852
0.3728061456081311 -0.042252650282956994 -0.9269467575545399 56.060770519734675 0.34920503659546714 0.931911119969002 0.0979668663093741 34.05900720378818 0.8596926312427992 -0.3602171262199876 0.36217703097331577 65.16303878977178
0.366649142755184 -0.04175370770770828 -0.9294218816068125 56.13010175150702 0.34748924259962477 0.932841404166574 0.0951742662176773 34.0413287057538 0.86302933460829 -0.3578596688161345 0.35653446543129425 64.96015979364289
0.3749840015113182 -0.04159551946434242 -0.9260976251837875 56.237768540560324 0.3470820640136724 0.9326321775014805 0.09864716077442634 33.858655546995514 0.8596051648580111 -0.3584229823118741 0.3641592046071241 64.81861108181279
0.3740930190460917 -0.04404481907803626 -0.9263446804582857 56.15350824908197 0.3461181064403123 0.9333280987565884 0.09539872360563628 33.86411184301295 0.8603816998839254 -0.35631266323805416 0.364396235602197 64.75198256092467
0.3688625343596509 -0.042606309049320806 -0.9285069376019595 55.78610862189959 0.3485021265457465 0.9324135784656081 0.09566183400945172 34.04946930666962 0.8616766786555545 -0.35887270880098027 0.358780824932129 64.86434510827247
0.3726048497327159 -0.04549875259796163 -0.9268740418566538 56.02631119344693 0.3467820523713716 0.9332643129031575 0.09359449991584376 33.97369041106637 0.8607600328249213 -0.3562970471017506 0.3635169598764457 64.54180578088533
0.37253415814772073 -0.04348520513411863 -0.9269991035311808 56.035490142257316 0.34605222081837905 0.9333641868506157 0.09528460091408719 33.86944455810271 0.8610842940617586 -0.35628686705958257 0.36275819340303056 64.45851358108678
0.37085841525950813 -0.04217181129172187 -0.9277314127286959 55.917127238430226 0.34560646140438334 0.933484583638538 0.09572202434511046 33.82235680312597 0.8619862003922957 -0.3561292889409137 0.3607654638289154 64.46033006175111
0.3687765802471549 -0.041585364443812306 -0.9285873633241457 55.75948865564046 0.3452001518850877 0.9336802911744322 0.09527837640797562 33.801414507256766 0.8630415337628463 -0.35568493268130263 0.35867469894567566 64.48596257770615
0.36660340526218876 -0.04065045110122123 -0.9294888294516693 55.59808501084715 0.34676924368964007 0.9330282599803175 0.09596539849870941 33.92185314449827 0.8633383084753522 -0.35749938028389405 0.35614766349865234 64.44661073319183
0.3636703870648917 -0.03958232784988486 -0.9306863536627449 55.37751600433128 0.3495824947856381 0.9318740427316574 0.09696828255881412 34.13904820289376 0.8634442245516042 -0.3606161502275528 0.35273228273513313 64.40710984673326
0.3620393178451359 -0.03880374398996381 -0.9313548205633501 55.152183223188615 0.3519980964029765 0.9308512808223179 0.09804709643906284 34.29563313518039 0.8631482331922539 -0.36333202782552954 0.35066360674195873 64.40126709374107
0.3566828062669242 -0.03608826754229183 -0.9335282602360507 54.861277856803945 0.35263387992779704 0.9305350232725969 0.0987619217620613 34.35440160558774 0.8651165947088403 -0.3644203718356912 0.34463178923383825 64.50489993125802
0.35268469699806426 -0.03372699418546468 -0.9351342119538764 54.56765502680595 0.35226832017086496 0.9306169107037389 0.09929348476222602 34.31233543152118 0.8669028406386616 -0.3644374505665452 0.3400952947589489 64.66226306081701
0.3486252331570042 -0.030149670102929182 -0.9367771582393056 54.27925982451283 0.35134984808325165 0.9308022777219901 0.10079882955387645 34.19737682692699 0.8689152611492679 -0.36427752769041355 0.3350942431043237 64.85598835677025
0.34631798180157314 -0.026676649198973612 -0.9377378161663313 54.12137832163498 0.3516999929001411 0.9303824399594062 0.10341968095687884 34.160399883362125 0.8696959068978801 -0.3656184784754414 0.33159034624424344 64.8838991740695
0.3433285332691828 -0.02427493321245386 -0.938901616710059 53.90532345333301 0.35221072138533516 0.9300406613860299 0.10474720000963222 34.170009842640894 0.8706739492970106 -0.3666539182746681 0.3278593878927055 64.9430448800311
0.34028717525893637 -0.023439084857065084 -0.9400293865913752 53.654376435011834 0.35241734255575835 0.9300031464686286 0.10438469343916204 34.19572644888709 0.8717836056156546 -0.3668034308175345 0.32472848369099827 65.02261420197026
0.33696076356080895 -0.02117439680053862 -0.9412805579319322 53.431721195063886 0.3525767458152669 0.929839661466263 0.10529882370958302 34.19102327966273 0.8730103562563464 -0.36735520805405564 0.32078508223533125 65.09373728114723
0.33514901983930134 -0.016906009087888307 -0.9420134401150949 53.32582887101829 0.35240045899347605 0.9295156191451586 0.10869512531102637 34.08817246641502 0.8737786052553259 -0.3683950333838834 0.317483934044141 65.13294847567373
0.3350904364927985 -0.013855678865854065 -0.9420840830489772 53.34041290261107 0.3511888525344834 0.9296729183292747 0.11124142564999157 33.92078741595782 0.8742887333293152 -0.36812536599410806 0.3163904639604761 65.0955301822089
0.33492203826476574 -0.012953462332059795 -0.9421568001655493 53.334971904738055 0.35059753351313766 0.929823306438093 0.1118480589864512 33.85881875231495 0.8745905314940695 -0.36777823021237166 0.31595976896240546 65.02556359000941
0.3363281479325473 -0.0133582717383752 -0.9416501120291051 53.43615175946594 0.3514412420034273 0.9294455653167991 0.11233874902287244 33.916126072741285 0.8737118691693223 -0.3687173683040971 0.31729335319787233 64.80729989861258
0.33762382771225863 -0.012963263017358229 -0.9411918533289938 53.5431542941625 0.3515116973535342 0.9293028929713787 0.11329457064954021 33.89899332970952 0.8731836448219588 -0.3690908925007078 0.31831153841554416 64.62484098304226
0.34078806840199677 -0.011828933803288477 -0.9400657257659772 53.79452704296661 0.34974609223354614 0.9297484386749102 0.11508914696412831 33.70557876526092 0.872663258881798 -0.36800532211728176 0.3209842978887844 64.41686247156831
0.34433598409275157 -0.011045345500705267 -0.9387815136663301 54.072928943005536 0.3485737403515302 0.9299612643457764 0.11691190851982794 33.55990549869018 0.871739110970834 -0.36749156066388067 0.3240692445212982 64.16075236548582
0.3481193496484734 -0.011961992962982504 -0.9373739003859013 54.35607303125197 0.3490779443745122 0.9296630565264763 0.11777601657856773 33.580918038216566 0.8700330494593805 -0.368216664552548 0.3278093665443491 63.81423111197416
0.3509526048881305 -0.014282786267135 -0.9362842896998127 54.55812415499132 0.3507672100131156 0.9290863395277127 0.11730702486471264 33.73561665810395 0.8682134723107275 -0.36958703402506254 0.3310752041133655 63.467711035163894
0.3550161009189014 -0.01752566016622223 -0.9346958967086989 54.84323636876385 0.35131872283449617 0.9290397861690434 0.11601823434666139 33.81863546102371 0.866336379863087 -0.36956450986359135 0.3359811750306922 63.0867191346262
0.3585262358516533 -0.019113308620646113 -0.9333239628551367 55.099712752230715 0.35216988649209513 0.9286867505972378 0.11626388223901968 33.88397542468553 0.8645434108558051 -0.3703722461237015 0.3396896967043521 62.73842069651933
0.36316670368098375 -0.018572279637693978 -0.9315390575636364 55.45610253670828 0.3530209873742639 0.9280006544658876 0.11912584851401511 33.8785170599148 0.8622564165089108 -0.37211537960684127 0.34357534319166166 62.3375822667474
0.3682259316539675 -0.017896214767276042 -0.929564085340312 55.843091469251455 0.3530123841495429 0.9276332293984348 0.12197888486490588 33.80175530917804 0.8601115740964209 -0.37306342250726476 0.34789619557066565 61.943373091836236
0.3733808039198672 -0.01879280361318414 -0.9274877928018839 56.223921651051896 0.3526831678515592 0.9275990214840824 0.12318538247682735 33.74216902017083 0.8580217703405566 -0.373104390049393 0.3529755738681188 61.53962363562167
0.37781475630276723 -0.021399268445914388 -0.9256338807702859 56.537029295285755 0.35313593594977744 0.9274915108319042 0.1226968136327341 33.79249958727598 0.8558919445004461 -0.37323125357441717 0.3579768298291299 61.13537125644305
0.38177751258115905 -0.024754620937862126 -0.9239226913706393 56.808232471605294 0.3532192466526328 0.9276696336809203 0.12110001874671136 33.8451026137737 0.8540972395936481 -0.37258054094186144 0.3629072138026199 60.76931761236478
0.3848893807746972 -0.02793681277599616 -0.9225398089290181 57.01846461137955 0.354375359212859 0.9274021751707813 0.11976355986384488 33.977665136885086 0.8522196133331051 -0.3730210985727518 0.3668473669933453 60.414243082001065
0.38860180229843033 -0.030738643735150922 -0.9208929226743656 57.27321473643463 0.3558224964489116 0.9269190735311365 0.11921150173135103 34.11167343224808 0.8499288148258513 -0.37400022313563275 0.371139923510286 60.01003067132899
0.39019182019119014 -0.03256574105252033 -0.9201574951961138 57.378794282275244 0.3567500519136315 0.9266558149283067 0.11848375888355692 34.209637125703 0.8488107821626132 -0.37449762772179984 0.3731913489287192 59.77158653908239
0.3916105932667536 -0.0324190118884663 -0.9195597592921501 57.48489376821031 0.3571044562216031 0.9263992125212588 0.11941903695251047 34.21416277369258 0.8480079896958133 -0.37514464771360845 0.37436471882897593 59.58301615995469
0.3918631524512868 -0.031606427700556355 -0.9194804530162396 57.51170022433805 0.35677510444211247 0.9264244754365483 0.1202048924230476 34.16736786959949 0.8480299491181073 -0.375151602742313 0.3743080019965035 59.50144619891865
0.3902036399302532 -0.029767766836743953 -0.920247249081862 57.40892580401601 0.357044912085718 0.9261600275386758 0.12143530847023465 34.15628048060646 0.848681359603758 -0.3759540975266959 0.37201944359670824 59.526122213054705
0.3861826522174921 -0.02908117364580809 -0.9219637978064247 57.28860639739174 0.3576758853710285 0.926024358321311 0.12061031804806352 34.230519007396225 0.8502534446565414 -0.3763418301690453 0.3680161772459181 59.518033774117285
0.38717083340871167 -0.02952746431813924 -0.9215350642317115 57.19008338664831 0.3583562973830106 0.925723867403 0.12089700346316412 34.27838475934004 0.8495172216521234 -0.37704568711414016 0.36899463403291255 59.50447017162496
0.38616311319678837 -0.02812993359723054 -0.9220014950323995 57.129833240681414 0.35981338369937427 0.9249500952340346 0.12248122401967171 34.353224081075766 0.8493599819375593 -0.37904620847907916 0.3673031349180989 59.435291198411264
0.384646861870726 -0.02610313447371304 -0.9226946504795885 57.03886966672182 0.35963007302938216 0.9248516903463397 0.12375605616049529 34.30315995987507 0.8501252861936788 -0.37943112317542643 0.36512877254463316 59.46963646898494
0.3837536011607747 -0.020605241260620494 -0.9232056096172342 57.0182134972752 0.35475697548852925 0.926321798531761 0.12678885561087455 33.82367746349469 0.852572965756227 -0.37616930974958035 0.362789179089118 59.68179398689801
0.3842259140617823 -0.01570346055129157 -0.9231055455851742 57.08993451005653 0.35255274836066486 0.926580006438159 0.13098111044117505 33.525552919966884 0.8532742856706335 -0.37576973400711183 0.36155234810120485 59.69218727292416
0.380367089930605 -0.017487961909984 -0.9246702374825082 56.792625735736486 0.354337382383645 0.9262826702336975 0.12823975308085217 33.75034279357148 0.8542633647437012 -0.37642341321039835 0.3585240823763503 59.76546382308628
0.3762408164778583 -0.020905585662658127 -0.92628602737177 56.46187777494662 0.3582200196584261 0.9252828582980781 0.12461961986643597 34.168722119914825 0.8544713368697577 -0.3787011864621491 0.3556179773860838 59.756568453579234
0.37386486805033087 -0.022251293352642865 -0.9272162317290629 56.274366357488155 0.3581422453155614 0.9256364164459812 0.12219393057500944 34.23227546038332 0.8555461370130992 -0.37775932085545766 0.3540320648596486 59.80882449465894
0.37414460093369317 -0.018177618465031298 -0.9271922086488362 56.32874477293005 0.3569661515744686 0.9255942967639267 0.12589823044112 34.03338840318964 0.8559152903309304 -0.37808037767785774 0.35279490329749297 59.779664003172215
0.37700354483782794 -0.011671534400067046 -0.9261382739442636 56.58979349782299 0.354904432381438 0.9254213719092954 0.1328086152684637 33.67310594176932 0.8555180717294761 -0.37875989716212766 0.35302941696976653 59.642546477663025
0.3789261112572461 -0.007457009831752931 -0.9253968852399659 56.7628268344953 0.3524882368820177 0.9257522836853531 0.1368749506343661 33.363496490741916 0.8556676019736098 -0.3780570092667543 0.3534202210924122 59.55692045000616
0.37860989136621465 -0.011546772636168295 -0.9254843176420398 56.706172854749155 0.3503015178649356 0.9273264591949394 0.13173642115413214 33.332190247879375 0.856704964816468 -0.37407527333234053 0.3551398219577035 59.53358723073521
0.378294226055172 -0.01781425766618014 -0.9255139819349686 56.63084006591224 0.3518684390532332 0.9275345313103578 0.12596942019837998 33.62019680291431 0.8562021257457607 -0.3733126644659645 0.3571492326993894 59.34615637618791
0.37764309092356874 -0.02186529957454189 -0.925693040133828 56.54512534432283 0.35462329194669784 0.9269132282577761 0.12277698517896285 33.932149195846954 0.8553525686444045 -0.37463819340166543 0.3577963210517347 59.15546161753291
0.37970513464444683 -0.02253205095238353 -0.924833129491219 56.696239525306936 0.3542424267022046 0.9270486618076881 0.12285390414922975 33.905597302672255 0.8545971646622611 -0.3742633903021429 0.3599869453615925 58.92378229165449
0.38463142296107794 -0.022371653192675145 -0.9227990992650368 57.054203528602905 0.3536905072016931 0.9269794398763858 0.1249485620640402 33.80092192524719 0.8526204862577169 -0.3744444246879487 0.3644580623799749 58.53487236949499
0.3911740773448111 -0.022020354123612335 -0.920053229556696 57.530666364722876 0.35330127227093966 0.9267071395151967 0.12803159212982185 33.68293944677631 0.8498005955664959 -0.37513861648173785 0.3702836293964351 58.03017268741305
0.3977365748010184 -0.02618349712559198 -0.9171259681983867 57.9665078686393 0.355168174831219 0.9260541981748804 0.12758992761867996 33.84692819117716 0.8459676026022597 -0.37648113700549923 0.37762516974697546 57.39234005343251
0.4057058493096622 -0.03265878533105615 -0.9134200389616081 58.48019954298276 0.3578197879518979 0.9252715746532867 0.12584717910500046 34.11085379953116 0.8410515817629645 -0.37789670133427633 0.3870740496787253 56.60517091839817
0.4153629013008626 -0.04067107286765145 -0.9087461273946227 59.09488683299799 0.3610453857735967 0.9243134686958197 0.12365614015930051 34.43390891888355 0.8349370572890655 -0.37946076927568684 0.398609627262287 55.656842779716264
0.42725306678856523 -0.04737682344108668 -0.9028899454088509 59.87220467795675 0.3644764074534812 0.9229137543883601 0.12404495302343282 34.69738452438135 0.8274126934786351 -0.38208067022739295 0.41158546634814064 54.54296251806017
0.44063043151573356 -0.05440686324781571 -0.8960383451916507 60.740989055910745 0.3669707399566958 0.9218655800242306 0.12448424953472592 34.884511952812936 0.81925411127311 -0.3836714031539519 0.4261677551903524 53.33833153629594
0.45335165804079913 -0.06478880568589834 -0.8889739505797982 61.52185075258583 0.3687133340953487 0.9216521098501789 0.12086300372324724 35.1275393778123 0.8114941474908801 -0.3825699923759165 0.4417210086938826 52.15891663206126
0.4630371943732884 -0.07640814600379242 -0.8830392697106831 62.070673054561375 0.3710555068983045 0.9214829154336335 0.11483486998456996 35.48862638159688 0.8049312811832795 -0.38082939984748276 0.45503252717190473 51.14059742404597
0.4705039313881837 -0.08752488727896598 -0.8780463795580888 62.46078981097716 0.37375391835530747 0.9211654042031877 0.10845416826121454 35.88630347994423 0.7993335092827758 -0.3792013873998643 0.4661247137105053 50.26485674732963
0.4746794454348056 -0.09610243138478777 -0.8748964205913964 62.65186130064385 0.375826294938153 0.9209769874213042 0.10274232172498116 36.21747597997295 0.7958856828180577 -0.3775787485046149 0.4732866663692554 49.67044065605709
0.47891998323460483 -0.10247507400056274 -0.8718569314211735 62.86058764116912 0.3780813003828407 0.9204096102449792 0.09950215911981633 36.489917040723206 0.7922690073197272 -0.3772863747569799 0.47954646434245524 49.08008753724536
0.4796522203054009 -0.10575662595495067 -0.8710621583002697 62.875142194694874 0.37967287645866377 0.9199822154867034 0.09737160812978904 36.6774184914863 0.7910640014800975 -0.377423183250316 0.48142443468055807 48.794833481047206
0.478475026383765 -0.11159609288570616 -0.8709810337657762 62.72436815085399 0.38217359619935376 0.9194857979491299 0.09213690757728488 37.025627884231376 0.7905725719344863 -0.3769511631796574 0.4826000715731346 48.60304134707737
0.47540560467392096 -0.1134547224218711 -0.8724205046907137 62.494513122135636 0.38218115645451595 0.919826230584528 0.0886412385955204 37.12715297522371 0.792418497194325 -0.3755632190308782 0.4806508023663877 48.69700254107409
0.47024201704691154 -0.11376141309517168 -0.8751747175817193 62.14243361922963 0.3812966784229961 0.9205163646681089 0.08522009975234318 37.157758644805206 0.7959178905058251 -0.373775284454174 0.4762423209921173 48.99374300062466
0.46497274645590325 -0.11097393637653441 -0.8783422627303956 61.82006670357784 0.38013924883680644 0.9210273285840833 0.08486937901891164 37.07824793513953 0.7995589387575146 -0.3733543162283838 0.4704381553473242 49.33074887220035
0.45768997247181487 -0.10866522072240942 -0.8824464623443733 61.35475034406266 0.3806658838333517 0.9208860783606263 0.08403758425228294 37.14573250479864 0.8035006994297655 -0.37438042214696055 0.46284546614279487 49.72570930517952
0.44827636991831693 -0.10589004152999273 -0.8876010338421382 60.73074967450262 0.38217232090446207 0.9203363980912896 0.08321797571947936 37.28086038305009 0.8080795835234008 -0.3765211992081288 0.45303330257224955 50.2534845914376
0.4382134771180307 -0.10162583757297736 -0.8931075733693651 60.11654032698407 0.3836700843929197 0.9196781115704068 0.08360285545494192 37.39730347388771 0.8128752762964654 -0.3792945560324863 0.4420061367787376 50.76514280573814
0.42867786539304154 -0.09591528167040306 -0.8983515717491415 59.53349673688452 0.3840011067894711 0.9194048576597912 0.08507559988645749 37.38096736428435 0.8177887488260809 -0.38143802439409036 0.4309600861330511 51.320561517792484
0.4192142677682412 -0.09119770238629721 -0.9032952876988773 58.939786927529596 0.3837104327717261 0.9195107014541453 0.085243027242352 37.354662607595635 0.8228157153832636 -0.3823389190113479 0.42046551526559456 51.878604084301976
0.4094893424575183 -0.08696215281946815 -0.908160813067109 58.319009354368234 0.3838064742663352 0.9194921001183237 0.08501098829703818 37.37065880499561 0.8276539546966197 -0.38336909342955344 0.40989885274058535 52.42152231572848
0.4001029522731463 -0.08258729032869122 -0.9127414568531863 57.695962020546595 0.38372935642403433 0.9195245746473887 0.08500786809428407 37.35891193662377 0.8322676303934383 -0.3842575908107779 0.39959566477076286 52.970385986326505
0.39128426946682915 -0.07969215278344727 -0.9168128387258491 57.146370787756055 0.3840544790904772 0.9194827926577058 0.08398542193100436 37.422567994911525 0.8363006502199745 -0.3849682516664541 0.39038528103723585 53.37251136219453
0.38479000892216497 -0.075104826283099 -0.9199434298383057 56.7487510629463 0.383815780541364 0.9194450404493049 0.08547668805352338 37.361781146616735 0.8394177122512388 -0.3859793811360412 0.3826196828401996 53.688614950616476
0.37850012422133505 -0.07300634672220518 -0.9227175782994009 56.33522381341331 0.3840659050716218 0.919403225282051 0.0848002942357991 37.40547012212909 0.8421585578297889 -0.38648128373731017 0.37603348360858874 53.948696968916856
0.37469131199182587 -0.07029272169927209 -0.9244811268998155 56.09969910565672 0.3846118753951679 0.919063302281041 0.08600204477382803 37.41483044810815 0.8436113595861877 -0.3877906389746616 0.371400450054611 54.03773618796861
0.37173148598912675 -0.06887627309183314 -0.9257817028486224 55.91020218301409 0.3854595502744792 0.9186681772614157 0.08642751407615798 37.46890621397356 0.8445333844357557 -0.3889792270702479 0.3680469039148688 54.04230029533587
0.37067561355407086 -0.06732093093085956 -0.9263193195518031 55.851750849703485 0.38440166259288583 0.9190545696609964 0.08702907434338106 37.37168688923007 0.8454791252965022 -0.3883382420568995 0.3665493942758857 54.013654470075075
0.3708183238516777 -0.066401745791894 -0.9263285480063869 55.87160031695636 0.38371711296000227 0.919275922366644 0.08770949651318954 37.3016992925284 0.8457274666921214 -0.38797240457633714 0.36636384287997337 53.885280975283486
0.3709437218530962 -0.06605364411844927 -0.9263032286008972 55.885313241615684 0.38319459418467355 0.9194770275903024 0.08788571397756145 37.25709039874379 0.8459093676070837 -0.38755504361622706 0.3663856301251568 53.74496264456368
0.3711436851259296 -0.06499559224857904 -0.9262979747248729 55.914654557064246 0.3810962426093815 0.9203264224802522 0.08811883994760442 37.09057621184572 0.8467691650385932 -0.3857134286915048 0.3663429159501889 53.67548145053518
0.3720225194856127 -0.06619717218233506 -0.9258602375038248 55.96140346617352 0.3770792563950473 0.922218824877161 0.08557846363861732 36.86151029170312 0.8481806879386814 -0.3809598055402305 0.36804775120983235 53.62539737642163
0.3727065974839525 -0.06583735698279611 -0.9256107360102596 56.01457510633513 0.37171143709479526 0.9245482400997322 0.08391161577165257 36.50344505674072 0.850247257993142 -0.3753345096763782 0.3690577273559459 53.65899251836884
0.37290323339321746 -0.06782428268078966 -0.9253880511459612 56.00621548161163 0.36941033893216224 0.9257284015363458 0.08101190084788162 36.41776333391635 0.8511634273245702 -0.37205751338710835 0.37026210542977944 53.56993012653808
0.3741589160791439 -0.06774020267453784 -0.9248872204004619 56.09331814344481 0.36921005837632437 0.9257603413009199 0.08155809750205914 36.388153007987256 0.8506991467682516 -0.3719933539944186 0.3713918500341007 53.344810751936286
0.37571149188845065 -0.0671740022284178 -0.9242989388112328 56.20714707080523 0.37139817796809943 0.9246874452429459 0.08376468236703172 36.488390235125124 0.8490608154101393 -0.3747542955520194 0.3723640016172066 53.00111505774415
0.37954031951547285 -0.0645652984760629 -0.9229195350055116 56.49748048419205 0.37221533534407314 0.9239238072091767 0.08843383179982217 36.40836355293488 0.8469975737844778 -0.3770890089949546 0.37469853121998103 52.590980650415666
0.3795006275661651 -0.06842161029490879 -0.9226579848034365 56.445670416679114 0.37399319878355974 0.9234963168377927 0.08534424439100793 36.63645454473457 0.8462318600363187 -0.37745600542537794 0.3760566486950994 52.33597691693032
0.3805314927125853 -0.06962824390987152 -0.9221429882095071 56.503011624555526 0.37388772758920885 0.9236121368837592 0.08454932145909716 36.65627247602784 0.8458154350755898 -0.37695162587664166 0.37749665102732655 52.104124405030255
0.38132541510767143 -0.06989780962819525 -0.9217945671363782 56.55730562558319 0.3746786495728221 0.9232513156138074 0.08498775071538575 36.70240112491257 0.8451075892140886 -0.37778473291883397 0.3782484080947292 51.865580442301656
0.38196927793070695 -0.07153471682579082 -0.9214023306925961 56.58348646483936 0.37622938779324705 0.9226805722361852 0.08433273017414211 36.838886524719314 0.844127311771046 -0.3788711468382886 0.37934909465507766 51.58947439207732
0.38275761549911946 -0.0714836882024873 -0.921079090034291 56.63807900647562 0.37776048759771613 0.921953932608579 0.08542809934389942 36.920297201712785 0.8430857736834158 -0.3806455417689073 0.37988860175595035 51.323505451145095
0.38821370807771394 -0.06606935782663267 -0.9191979965257366 57.05355390348543 0.37748472656336673 0.9213132168623939 0.09320535202469862 36.66034668051816 0.8407112453583168 -0.38316679969830914 0.38260659369256056 50.90702696797924
0.38890634278765235 -0.067834545959683 -0.9187765402501181 57.08584033589938 0.37780642951833987 0.9213125993334009 0.09189883635898707 36.72400383547578 0.8402464866657503 -0.38285972455192496 0.3839326411779642 50.67823704642318
0.3875367785253737 -0.06882047432521565 -0.9192817781310731 56.98869234154178 0.3759544112032423 0.9223114652304296 0.0894418347381209 36.66289818713206 0.8417086942565097 -0.3802700401269475 0.38330297493608223 50.68875214410686
0.3894094067322046 -0.06712671814645521 -0.918615435130152 57.13031104343649 0.3726726681883122 0.9235400074630609 0.09049274556854417 36.38837145581015 0.842303624789705 -0.37758159161433635 0.38465145955801067 50.5826670558356
0.39080232782687996 -0.0660124325479795 -0.9181045143741482 57.23036078820919 0.3735904799159571 0.9229538813689504 0.09266221550424075 36.391441885477654 0.8412512667932552 -0.37920771565869804 0.3853541416718592 50.337212737368766
0.39076687692811873 -0.06724591173482897 -0.9180300840663099 57.20458625287503 0.37632379256359555 0.9218430023682918 0.09266003526421396 36.594848645809385 0.8400486004073789 -0.38168503551955646 0.3855319475919454 50.10250312014115
0.39135540804179003 -0.06739292200302399 -0.9177685648682561 57.240643857417204 0.377311857781019 0.9213809908949315 0.09323535592955143 36.64697641857726 0.8393311066404485 -0.38277312298719246 0.38601558225588706 49.89468133780666
0.3920711108717142 -0.06421259873658275 -0.9176911169796268 57.3276751967794 0.37523082042356337 0.9219675171035202 0.09580046351782556 36.41660939263695 0.8399298038670137 -0.38190658487314055 0.3855713747238702 49.84401682047843
0.39261623982143207 -0.06511367115393821 -0.9173945160384035 57.346176891379166 0.37422432637830805 0.9224921076233168 0.09468085825230238 36.380699505950496 0.8401241823535265 -0.38048458733771046 0.38655250228561566 49.732375253125475
0.3935302338945935 -0.06297771136446395 -0.9171519846144154 57.43005519342222 0.3725357630144493 0.9229902134392316 0.0964684983331012 36.20344199928559 0.8404469407916888 -0.3796351851010332 0.386686004333226 49.65538930035479
0.39272110688261297 -0.06220885044047347 -0.917551192651271 57.38788710203472 0.3724738525743375 0.9229756753239962 0.09684591838917977 36.18823521900407 0.8408527584288022 -0.379797263927859 0.3856431990267509 49.598115904717915
0.3926477603130875 -0.061273231509878345 -0.917645534736291 57.39207558052183 0.37174975090303347 0.923206955633467 0.09742196761264243 36.11975691348693 0.8412073816988584 -0.37938701634389527 0.38527345198576585 49.54297087732874
0.3923641716222336 -0.061530695863382445 -0.9177496010861385 57.36579033360113 0.3724851893725973 0.9229158541451088 0.09737099088365178 36.17492520532716 0.8410143521517685 -0.380053022135296 0.38503838748957153 49.43042997955595
0.39205615339591376 -0.061229753795114805 -0.9179013508185883 57.35493613038388 0.3722404712713565 0.9230092294635667 0.09742173203526622 36.16114011833376 0.8412663098758193 -0.37987482092824004 0.38466364046093493 49.354560347119204
0.3928957140213708 -0.061436040951512366 -0.9175285122413589 57.405029909742794 0.37296646615402695 0.9226624641179191 0.0979285067405144 36.19954976879799 0.8405527782526298 -0.38068305738508246 0.38542371072850684 49.16794102193456
0.3934323387752859 -0.06177690948543382 -0.9172756446457289 57.43645661277974 0.37392576766592767 0.9222376874756986 0.09827089128995956 36.26285670980852 0.8398752973395847 -0.38165594617915344 0.3859381085936445 48.99197569240871
0.39431988462222584 -0.06268464230982101 -0.9168328442033501 57.470491609952695 0.37587560662992786 0.9214028182631514 0.09866293547886082 36.39207139380333 0.8385877157054581 -0.3835198588276908 0.3868890809427036 48.76385781150939
0.3947441376008683 -0.06327104482397652 -0.9166099719709737 57.499621946360314 0.37672651119653955 0.9210553580920144 0.0986618623971528 36.45718226647396 0.8380060868462891 -0.38425746865464244 0.3874170829889877 48.59268353504527
0.39606471964564816 -0.06262220999953663 -0.9160847104208147 57.59124481202257 0.37932803069839094 0.9197189652442566 0.10112996636266824 36.568299272321674 0.8362074999535072 -0.3875506209320374 0.38802259371935743 48.31356054786964
0.3969643765863641 -0.061867202162772195 -0.9157465440928236 57.65741900886983 0.3823143421277008 0.9181954820885139 0.10369571098027439 36.70673271711951 0.8344189760095719 -0.39126654082452794 0.38814361582582474 48.04764944793987
0.3976159952534743 -0.06066909572994206 -0.9155439809981278 57.71493735789812 0.3856718610644366 0.9164376847611536 0.10676696835964958 36.8503878959268 0.8325615508187265 -0.3955518054224094 0.387788645173359 47.783287375479226
0.39674900537176977 -0.06176211058451048 -0.9158469678022951 57.64482191998303 0.38845516047797524 0.9152859425131592 0.10655623743276826 37.060749049278336 0.8316807170029505 -0.39804156206851654 0.3871305979014232 47.62799587717011
0.3960939754637919 -0.06122125952520935 -0.9161667533715877 57.612611442913 0.3910296041691137 0.9140220765664746 0.10797912859648007 37.20022229186134 0.8307860201427532 -0.40101820523668985 0.3859779628477626 47.47832569104752
0.3970027816749724 -0.060999950152976073 -0.9157880745148785 57.66968908753576 0.39153747812884065 0.9136983966957062 0.10887443729454382 37.20890472780756 0.8301127601493921 -0.4017888076552536 0.38662457174903897 47.31985889974703
0.39790518049701473 -0.05536063534678709 -0.9157546982612965 57.80206386360708 0.38795034962900854 0.9146933694106562 0.11327208914340259 36.812717308077545 0.8313639356842273 -0.40033890644075676 0.3854384080932398 47.39109891671593
0.3970736484099962 -0.05443000649868099 -0.9161713224779131 57.76070581105641 0.38723400866274316 0.9149722696886684 0.11347056109735706 36.75538442720151 0.8320951509733472 -0.39982886350702596 0.38438852692727793 47.409674741525166
0.3951049364810314 -0.05486190957830442 -0.9169963249903142 57.626292586338565 0.3883368223355854 0.9146119952853293 0.11260288849975636 36.862362048273965 0.8325182289815761 -0.4005933960484253 0.38267261393490043 47.41578036221237
0.39178188538844144 -0.05587677670622895 -0.9183598097186092 57.404692093678506 0.3882487142414093 0.9149708471997442 0.10996037770249348 36.942800043136224 0.8341282216610169 -0.3996324994285434 0.380163090303523 47.55655556570803
0.3860439441497827 -0.054966516473278604 -0.9208413301172316 57.0553585987471 0.38909183921291735 0.9147853836371339 0.10851378963878763 37.04947641679795 0.836407564434462 -0.4001829381053802 0.3745343805395664 47.82601443258477
0.3828186525108413 -0.048952468343084976 -0.922525628442323 56.92947605914565 0.38781789455621274 0.9148587755228534 0.11238639379752155 36.8385394480611 0.8384790754406278 -0.40079555473076867 0.36920964688952185 48.072113909236215
0.37651874318183814 -0.04300770912332236 -0.9254101647316895 56.60185233493455 0.3880984258993507 0.9143632345269661 0.11541008257440424 36.760552035549956 0.8411975082269414 -0.4026042874850544 0.3609661200880721 48.45352802008271
0.3667003165683358 -0.039569260889766145 -0.9294972573500795 56.00976751190222 0.38826975792183127 0.914436180513784 0.11425001904019477 36.81011963513158 0.8454451329991821 -0.4027911932502993 0.3506875842227597 49.040088273810724
0.3550255668710266 -0.037822166633333626 -0.9340911789429694 55.28748484802981 0.38882975722742963 0.9146287220698223 0.11075071403554082 36.96466779004177 0.8501577893322888 -0.40252178136851713 0.33942296439921577 49.68204779146847
0.3439310040781779 -0.032760934606216374 -0.9384232443825674 54.63439823565571 0.38990646862484574 0.9141415804838116 0.11098701074928433 37.03154651707052 0.8542156695813293 -0.4040691673393143 0.327175331966569 50.29360331925822
0.3325396000094421 -0.024950206929435587 -0.9427591959772859 53.98922433009667 0.39008845974953166 0.9137660920073287 0.11341306215728514 36.96721049848555 0.8586317068428106 -0.40547381699911594 0.3135961985298438 50.97692817604736
0.3196750880740011 -0.01649287680525638 -0.9473836725844321 53.247265690236986 0.38952854246572466 0.9137395993797659 0.11553120413911133 36.862527451840634 0.8637565355292011 -0.405965428996105 0.2985242331714474 51.7757025907492
0.3031215715336697 -0.0064618970038666235 -0.9529299852339991 52.27761948507922 0.3907367000842115 0.9128948778190717 0.1181006911876602 36.863377406992896 0.8691617479377812 -0.40814358495364544 0.2792430303211293 52.70197620922377
0.2861459768799417 0.0029376430497250194 -0.9581815329929587 51.25466356787322 0.3902736683745953 0.9129307229729833 0.11934805748508343 36.79139090538427 0.8751039616461923 -0.4081039883477479 0.2600849688194244 53.69925032073993
0.26836098937602515 0.014526369697646896 -0.9632088890601707 50.190960896604025 0.3900656398200736 0.9126101241964081 0.12244001733899326 36.677950918600146 0.8808127928299392 -0.40857281578394766 0.23924271815354972 54.7245189111813
0.24973503070806136 0.027757331307232652 -0.9679162902833821 49.07380872533233 0.3902792174374605 0.9119164340996603 0.1268485303634369 36.55049256922429 0.8861797486253268 -0.40943613394235356 0.21690436913232533 55.76410482159911
0.23063290975974857 0.042655930270451003 -0.9721054122617124 47.92518484225452 0.3898390170876103 0.9113041288619682 0.13247764141656174 36.33741797436306 0.891534632917823 -0.40951832233966246 0.19354777698591832 56.84824604375429
0.21156554228497912 0.057755921070857114 -0.9756558178471134 46.76210424295022 0.38944907622265823 0.9105973008184541 0.13835451843530092 36.11894277878347 0.8964203469059485 -0.40923930569216205 0.17015802164346044 57.9021135668788
0.19141042936167363 0.07086854210265756 -0.9789482607736854 45.48751832298411 0.38961209160079124 0.9099577853533115 0.14205367631058916 36.01070271129899 0.900868728289553 -0.4086006346240064 0.14656416947815984 58.93416413303854
0.17137864823134003 0.08464294468620265 -0.9815624946203103 44.20824966768747 0.3907827256228621 0.9087350888603969 0.14659263156329802 35.94675276243575 0.904388312775638 -0.4087005140548937 0.1226607905000621 59.897091149797944
0.1485365684779211 0.0955036759580829 -0.9842844790523202 42.686882868880836 0.3919226644705518 0.9081361572332725 0.1472594479138382 36.005814753424595 0.9079281430262569 -0.40763680869626906 0.09746137335793205 60.91668881143864
0.12407144632389472 0.10515928784599662 -0.9866852590298589 41.020341308309334 0.3918269963406472 0.9083674366116085 0.14608287046167354 36.03794374964662 0.9116347301116623 -0.404734634400589 0.07149821375991262 61.99321280542663
0.09936057296747697 0.11401891782714005 -0.988497426864179 39.30752675920293 0.3900133090266158 0.9094631459563477 0.14410553399954154 35.97562158780419 0.9154327366451805 -0.3998455608415722 0.04589588384163014 63.090132287578214
0.0734289306087432 0.1260295504114516 -0.9893051827281325 37.51028587071788 0.38637308958210415 0.9109179856778872 0.14472131499996826 35.6980844295841 0.9194150465358046 -0.3928676313869954 0.01819330678948164 64.29040513438297
0.04810795920824195 0.14071390826956492 -0.9888807917440416 35.75347045987232 0.3812954663615839 0.9124659888357984 0.1483899812993139 35.22088810794718 0.9232006236961283 -0.38419450183131587 -0.009756698707384149 65.503605994615
0.02373298309869447 0.15578549025903154 -0.9875057602555999 34.04411408511391 0.3771977155517212 0.9133809627539108 0.15315710973148397 34.775737015524044 0.925828617453468 -0.37611979195928014 -0.03708467609010379 66.60334197016961
-0.0005042717561319632 0.17109146586643287 -0.9852550208030767 32.322755963297645 0.37313062409305586 0.9141310296877235 0.15854967021721827 34.312596974638765 0.9277786821618196 -0.36754886868243425 -0.06430043589541325 67.65505571540069
-0.025151457441653313 0.18596764620036887 -0.9822339022632312 30.542970258442935 0.36990792444716647 0.9145367632777052 0.16367845320850105 33.91865890556614 0.9287279104343478 -0.35921935245784364 -0.09179283850071006 68.63541170281218
-0.05062878016571652 0.1998200976738424 -0.9785237121217594 28.66676737189544 0.36874204438360975 0.9142927012814196 0.16762506103599634 33.706393918747246 0.9281519440925219 -0.35233618172015996 -0.11997159550548128 69.50512786575612
-0.0760790295659272 0.2116351203343171 -0.9743831674969482 26.756970579167064 0.3670979149229341 0.9145212734522006 0.1699704717372964 33.51406000068977 0.9270658564091016 -0.34476284057949735 -0.14726670240083145 70.31588087893475
-0.10190207869488466 0.22104791880431857 -0.9699246279737107 24.782591837229315 0.3653620944405905 0.9151762647498765 0.17018502984824851 33.38550738557625 0.9252710447775002 -0.33703148522169796 -0.1740208943363119 71.05675118333139
-0.12784058523798397 0.22979555991068168 -0.964806086947707 22.772644885847967 0.3631815875519748 0.9160662796358866 0.17006382853885554 33.23686790577887 0.9229062353398839 -0.32865874696925734 -0.20056796556619066 71.75454483493615
-0.15052472244506213 0.23919936084453927 -0.9592319707476398 21.003101412691585 0.3610701966191084 0.9165584217352967 0.17189814617831128 33.02911022294464 0.9203100678827083 -0.32047515553887407 -0.22433246228769263 72.3448674117753
-0.16411181960721027 0.24835112895763267 -0.9546669719911126 19.94716732624904 0.3604370869013238 0.9159669318416604 0.1763226762463131 32.83974992768513 0.918233312971871 -0.3151607471085889 -0.2398359573347126 72.68546885466154
-0.16723357325482924 0.257055130264959 -0.9518169950052827 19.727480263691202 0.36170914515688596 0.9140909624337479 0.1833145021726837 32.698855561134124 0.9171692462606323 -0.3136245723813888 -0.24584588935407187 72.76479181388054
-0.1656851366771069 0.25942165273404283 -0.9514456587619841 19.860543094123415 0.36129336548839086 0.9136708191800403 0.18620617130735895 32.573747782711365 0.9176140471561888 -0.31289940919025583 -0.24510899655057222 72.74103123539683
-0.1620868827507971 0.2576223745231642 -0.9525537016804752 20.14353381997352 0.35892419517623814 0.9145890785922803 0.18628000278294246 32.40479427462987 0.9191851089727351 -0.31170102576791403 -0.24070979618206464 72.70000214702162
-0.15298689922058417 0.25323395990522174 -0.9552316840524039 20.85748834168246 0.3572356290515311 0.9154154737730877 0.18546486382317906 32.31429045883957 0.921399866509122 -0.3128690971117378 -0.23051076779503876 72.50217952655476
-0.1364686172077406 0.24787213066357583 -0.9591327975612691 22.153094485113975 0.35778450107224224 0.9151727600287478 0.1856046068766915 32.34899532586812 0.9237784189457416 -0.31783364538963416 -0.21357716766649568 72.06748345201036
-0.12058679149332657 0.24055420486705825 -0.9631160367464151 23.38068446918829 0.35869400634919335 0.915205535688243 0.18367753606459483 32.47722566279881 0.9256335319803997 -0.32331486505629936 -0.1966470505934862 71.58985210037372
-0.10188802952866191 0.23531333896910256 -0.9665642564992659 24.828048247161387 0.3604967819972781 0.9143128503668985 0.18459166238908148 32.57375678561721 0.9271790008452377 -0.32963562331333357 -0.17798723615601375 71.0248101848692
-0.07532143186663663 0.22787590514499706 -0.9707725036052 26.86180094377436 0.3617176087637151 0.9134715949217715 0.18635991194818471 32.60176147351404 0.9292400407923775 -0.33710861324716035 -0.15123071600292357 70.23849030560282
-0.0442647454661763 0.2212085143440101 -0.9742214458173926 29.219209161296867 0.3627616734277349 0.9121739585210575 0.19063745090598924 32.533334710379705 0.9308300600006019 -0.3449716837332304 -0.12062311893470527 69.29098832705611
-0.010640241647086615 0.21013673819166426 -0.9776141040921306 31.712645792430653 0.3620716781905762 0.9121366926650967 0.19212171596734834 32.437222946653854 0.9320895263385117 -0.3519221578078689 -0.08578991627168064 68.20431856910054
0.026911822444820092 0.19562990339422065 -0.9803084691619605 34.43719986851238 0.36105095203118537 0.9125621546909047 0.1920221962775881 32.369779364187025 0.9321576925875114 -0.35910897332684655 -0.0460736521893481 66.87488923346294
0.06911883333598459 0.17725921364266412 -0.9817340566859523 37.424217867069345 0.3604915012833603 0.9131529175361613 0.19025673890210942 32.389356911960654 0.9301980780353942 -0.36705710778294537 -0.0007843757249018785 65.21388049141959
0.11252649626435104 0.15639195842716358 -0.9812641555553661 40.410381999654106 0.3597783987169392 0.9141170760536479 0.1869477870524413 32.450217852247135 0.9262274512532784 -0.3740742260654243 0.046595943368599284 63.349858456698584
0.15559334373148748 0.1348159931562643 -0.9785782336511197 43.29472904933102 0.35927417717630117 0.9150753238631059 0.1831917500083558 32.53952424532471 0.920169971799095 -0.3800813066254671 0.09394372439461174 61.342735318612576
0.2007423488097958 0.11199017098362105 -0.9732218200376449 46.23550490916804 0.35801462363607806 0.9163407064733498 0.17929093374356775 32.58182446929955 0.9118815924543296 -0.3844189267751815 0.1438542668118467 59.111737469506906
0.24628118773985855 0.09025084887814216 -0.9649872335125576 49.12842176685807 0.35764320134369754 0.9169246771988553 0.17703241758617655 32.631284538806604 0.9007979335556204 -0.38872087752081147 0.19354369605175548 56.67776214056523
0.291201051037051 0.06899825542596019 -0.9541704190673124 51.898941204909384 0.3580055625815127 0.9170637021860444 0.17557386848138956 32.705083105696666 0.887149347649882 -0.39272561271325257 0.24234815469359153 54.08412344371128
0.3341969328035733 0.04884223204771532 -0.9412368705449659 54.474037350856484 0.3589277321839309 0.9168098251873242 0.1750160778594011 32.78742201396583 0.8714833866310843 -0.39632585180452806 0.2888641999580963 51.412958916065406
0.3763254713086389 0.02781090001841749 -0.9260700262315462 56.903732380872874 0.3590350127832074 0.9170671131716464 0.17344096844397772 32.846330508403746 0.8540919149834478 -0.397761817900095 0.3351306267423477 48.64551635026448
0.4170596069613969 0.006543515518694865 -0.908855580741991 59.163552104237134 0.3579529620599222 0.9179726278384135 0.17086816992045534 32.85504950890843 0.8354226243008583 -0.3965897590005248 0.38050703260540747 45.84247751001997
0.45647348831696394 -0.013998041978375453 -0.8896268933010706 61.27077234830984 0.3562553698805737 0.9191003044769352 0.16833520648296 32.81825784352147 0.8152999852170969 -0.39377491683851173 0.4245317997203802 42.991670817011666
0.49573625661070536 -0.03311600457965985 -0.8678415144035718 63.30369612710966 0.35289390142564314 0.920739226136643 0.16644870618266833 32.64590286597561 0.7935436082649734 -0.3887706363577061 0.46813025333536273 40.06204829589069
0.5359523988996509 -0.052547208329619954 -0.8426113083803667 65.29653054133664 0.35072584393920925 0.9217196894208182 0.16560252572687495 32.52111317219006 0.7679494830435393 -0.3842806331715851 0.512427542646184 36.812592206471344
0.5733734312527243 -0.07248653937736252 -0.816081252046983 67.03596007396453 0.34869741878883775 0.9229499765519823 0.16301365253467945 32.46521204736363 0.7413858768977727 -0.37803312340559436 0.5544708641080534 33.585737990769715
0.6095412699144507 -0.09295945641107167 -0.7872851959327298 68.6011601441639 0.3457036186137497 0.9248689740336296 0.158449957233634 32.407905194225386 0.7134062295413728 -0.3687491292650593 0.5958822294026084 30.30675754668301
0.6398451965941055 -0.11416912209588703 -0.7599760101182833 69.76934114986558 0.3458527803042295 0.925880265154237 0.15209072606097349 32.62747715893788 0.6862827250858679 -0.3601543365805473 0.6319057485819709 27.24631087406041
0.6665597539746827 -0.133942131838871 -0.73331957542375 70.70271517692214 0.3456258583351887 0.9271301230264795 0.14481885590961285 32.85251180020425 0.6604853218893472 -0.34998462865583635 0.6642814909911022 24.417242122822653
0.6895089650015136 -0.14978176388571784 -0.7086203570247078 71.45887477574544 0.3455536995012259 0.9278807216755913 0.14010712724126503 33.00277073318659 0.6365296756189438 -0.34147150620522737 0.6915397186759235 21.86072619266419
0.7068743253348515 -0.1609297480701054 -0.6887890129557025 72.00765222741863 0.3447071735142401 0.9286921067078122 0.13677695517311808 33.053333244746476 0.6176614385812199 -0.3341146317129766 0.7119422449644914 19.879943613685402
0.7219229062520749 -0.16841888334538802 -0.6711649552541092 72.49491344794883 0.34202419881977986 0.9300131903444204 0.1345173342252976 32.94101304492742 0.6015370020624213 -0.32666580096190867 0.7290011588685364 18.207308225516908
0.73531026976374 -0.17265952530638973 -0.6553682136791106 72.9539371504926 0.3379229025667675 0.9316287154182772 0.1337013407896189 32.68149871382651 0.5874750370022772 -0.31977589798023087 0.7433817700011953 16.763364130818363
0.7438998646024123 -0.18407933510632615 -0.642438938601425 73.05461615203748 0.34261197039907243 0.930421639372755 0.13012536542188896 33.128026860850035 0.5737856997031016 -0.31690751233400555 0.7552083152630764 15.375518077941802
0.7496082912871591 -0.19697039923583382 -0.6318940349919613 72.99544427454924 0.3521909878391828 0.9270183570214795 0.1288350644430986 33.84008800395701 0.5604006760509896 -0.31912321690856815 0.7642718460806474 14.032082031783006
0.7515070757437747 -0.20777216894080924 -0.6261532088240643 72.82809088134552 0.3617434524676804 0.9234862968224946 0.12772914380766215 34.54218886081846 0.5517053468145868 -0.32249617888388576 0.7691667081338669 13.149014037615377
0.7533936733873424 -0.21080877261183678 -0.6228624521431816 72.83249624102505 0.36339847654593477 0.9229101561649596 0.127194303691885 34.67555307220448 0.54803240793225 -0.32217464989887185 0.7719222595692647 12.748743699126855
0.7574799373124955 -0.20761215060684188 -0.6189679632173702 73.05565987163618 0.3617002546129079 0.9227387921419495 0.13313920267664786 34.36223890914663 0.5435044345559797 -0.32473114479029874 0.77404949016272 12.266239427025987
0.7558088998858186 -0.20970737736931205 -0.6203029281974038 72.94827074254258 0.36804750365724653 0.9195742839065821 0.13756515339781988 34.65898657335536 0.5415661934658197 -0.3322739114865649 0.7722047046220066 12.036543797064562
0.7466716376924245 -0.21608184838610112 -0.6291185105079635 72.46736420012013 0.38253595228775006 0.9132180329397473 0.14035337374271678 35.571201700369066 0.5441945522265148 -0.34545833194714604 0.7645330798698501 12.255560055631037
0.7345045220246531 -0.2210595382102215 -0.6415884878110109 71.8916952298051 0.3978846043777752 0.9061775585243116 0.14328319519768978 36.5340440040497 0.5497189724982005 -0.3605203364488632 0.7535477013980743 12.767595311950311
0.7222363587401801 -0.21548217545149656 -0.6572230018619375 71.53916312219668 0.4074376365820684 0.9004053257130975 0.15252810142366965 36.88160327124652 0.5589000039453785 -0.3779387271637842 0.7381010121248137 13.660734957238832
0.7051492915442866 -0.20670977169399224 -0.6782592033439783 71.03719151557316 0.41575322188283953 0.8954093786833695 0.15934648744136307 37.222768395848014 0.5743811758132651 -0.3943515117912948 0.7173375425971313 15.197437143943892
0.6827016062773985 -0.20526452119755223 -0.7012738360468038 70.11494648194139 0.42794538423046957 0.8902329559230855 0.1560385603121275 38.166432184226444 0.5922678996046431 -0.40663467698412703 0.6956054733625369 16.99714548190687
0.6646002206668586 -0.19862512516824082 -0.7203156296662341 69.45253790439374 0.4338721058714937 0.8874357374048971 0.15560465199749599 38.58172591340683 0.6083268384973641 -0.4159397451897656 0.6759678882426847 18.631661891019025
0.6489605584120113 -0.1853531621088092 -0.7378986372950121 69.01371603345366 0.42888468276545905 0.8902085106074954 0.15357973997619687 38.31174216721121 0.6284171564452564 -0.41614061678506 0.6572053442775765 20.652638411177325
0.6316816681977377 -0.1725148565807775 -0.7557889218041217 68.45528218973712 0.4221613679315849 0.8942380102283927 0.14872175526431275 38.01348523981447 0.6501984693069157 -0.41300969155902245 0.6377028659095589 22.861769110598235
0.6142479341926362 -0.16568783979643517 -0.771522530509427 67.74970718169527 0.41530794182759845 0.8992237467236301 0.13753532921849826 37.92239646761922 0.6709834489724787 -0.40490022607045734 0.6211578045336705 24.95999699477486
0.5983318484817912 -0.16177663760549338 -0.7847466588762412 67.0383665002671 0.40911545418623857 0.9037953844144282 0.1256122934157465 37.901218279309475 0.6889292737562766 -0.3962098214787674 0.6069548855766899 26.783270328676686
0.5841169250849156 -0.15597724269729174 -0.7965415981541033 66.41696990890262 0.4051556971327325 0.9063883863208193 0.11962004106181559 37.82880164868913 0.7033180496121454 -0.39259545705890575 0.5926318656522583 28.32376560083763
0.5710195471027768 -0.1450666489272104 -0.8080175395346126 66.00580073588965 0.40122273083922444 0.9080170842822213 0.12052093141661746 37.55766155961655 0.7162101626509184 -0.39301481145199 0.5766995412646883 29.54495379060118
0.5596897670791254 -0.1369811037768158 -0.8173026011429301 65.52664058556012 0.40200899763955456 0.9073053521321136 0.12323053115710353 37.497409114877016 0.7246627701515753 -0.3975338667340262 0.5628771574293441 30.601986982501817
0.5483983858275363 -0.12759428612720966 -0.8264253799160819 65.10630847604122 0.4030829220045783 0.9062296330084672 0.12756178991214384 37.42674776855814 0.7326550132292848 -0.403072636636409 0.5484059456141679 31.49397121884136
0.5359478309831653 -0.1198009261018659 -0.835707879925501 64.58484132678252 0.40398636728620296 0.9055861426123892 0.12926234314490148 37.43475824931696 0.7413197269136559 -0.40689246295986903 0.5337448698349372 32.46826806811747
0.5251275179444224 -0.1099301980804778 -0.8438936197457104 64.17530388135104 0.40285057007235137 0.9055929539172395 0.13271330004121834 37.23794468016771 0.7496349165359845 -0.4096544316438379 0.5198372231234045 33.403492575696106
0.5133923171611611 -0.10187988467125292 -0.8520849827213632 63.67782689751734 0.39918154617692986 0.9073161393306955 0.13202846852795594 37.01098444855935 0.7596594117574595 -0.40791900226566313 0.5064777050561027 34.50329815134075
0.502104549619901 -0.09548018068237332 -0.8595199569223845 63.167988604201796 0.39436258548244085 0.9098119381198422 0.1293073409602915 36.77548141094269 0.7696552295817919 -0.40388831668108194 0.49447452434470396 35.58391283755246
0.49295431754615754 -0.08941951405561357 -0.8654479714683373 62.7659791501924 0.3904322069050462 0.9116628331331302 0.12819348850440715 36.54675344926466 0.7775337501509868 -0.40109229510142963 0.4843203879524487 36.43046526532738
0.48746868060625415 -0.08103575735250151 -0.869371894794342 62.599273556747555 0.38725330232158006 0.9124627120386704 0.13208587729225915 36.20026971745326 0.782565757792295 -0.4010548655350553 0.4761783589807815 36.964421048627514
0.48538696425988787 -0.07150694584636477 -0.8713703297807973 62.635772125416125 0.3862824676536597 0.9116381564950733 0.1403628398318578 35.850661761793845 0.7843375230791714 -0.40472537394879193 0.47011915678053456 37.14037668963831
0.4840334604432562 -0.0654989560903157 -0.8725946916652689 62.656336869814005 0.387157165536379 0.9103120843123047 0.14642827025142482 35.70269821551726 0.7847425936860848 -0.40870746984373363 0.4659798984385164 37.147736598514605
0.4795001642841255 -0.06477017553200612 -0.8751482256241223 62.42020766963738 0.39101311236563885 0.9085709490519376 0.14699515807331115 35.94429741828908 0.7856133517256647 -0.41267863392767806 0.4609859072574264 37.21360126326477
0.4733442891092508 -0.0688754656878644 -0.8781807070267131 62.016499877262525 0.39406170468530877 0.9081769914956919 0.14117338636705717 36.34941255070449 0.7878201297683161 -0.41288100264375655 0.4570215758448607 37.38988083673962
0.4664448817462375 -0.06801873902299382 -0.8819311897390072 61.64853754218326 0.3968257825273909 0.9071680528699259 0.13991219451395762 36.57735089083482 0.7905431491160129 -0.41523436152841386 0.45013548448420293 37.66668885880994
0.45712909720929645 -0.0694191354134274 -0.8866870767768447 61.10627454908784 0.39828878950073276 0.9073754043448676 0.13429786203819116 36.86782638612858 0.795235203347195 -0.4145489829060497 0.44243656283009114 38.15395339977732
0.44730930498051336 -0.06821883184179728 -0.8917738371694869 60.57436352512021 0.3982159185708994 0.9079924376350018 0.1302835960295151 37.00104994476667 0.8008361055013596 -0.4133956025162673 0.43331929099178984 38.75294976238174
0.4386614074480658 -0.061958966260728 -0.8965139464144348 60.18476682629249 0.39691569659303866 0.9083965230278273 0.13142939834381456 36.87400583884186 0.8062469221111762 -0.4134934624040097 0.4230709835658774 39.35575724096538
0.4273564127875682 -0.06248764369092474 -0.9019211666411303 59.53413643883883 0.3996896270262934 0.9078821645473323 0.12648390152281436 37.23097209026951 0.810934460050209 -0.41454224113207877 0.4129649280753383 39.88835353898382
0.4153869125023957 -0.06511836557501396 -0.9073110334315163 58.80899519920031 0.41033193526034806 0.9036022540913291 0.12300678561187917 38.05370049412022 0.8118382941369696 -0.423394101123183 0.4020646954245887 40.06372421821852
0.4075477047817087 -0.06524245519121138 -0.9108503117240416 58.332432796693624 0.41320993473295686 0.9026641163716294 0.12022912647528858 38.34418841162469 0.8143478483824629 -0.42537150240189825 0.3948375194674451 40.3613262831303
0.40701422043523733 -0.06336463224729125 -0.9112213494775357 57.99491187153201 0.4138625739312104 0.9021099723175556 0.12212848866768122 38.24461711611042 0.8142832395810006 -0.42682844472385395 0.39339583692775204 40.80957958851151
0.39486977618570357 -0.0571217048711998 -0.9169596341648086 57.73480817727094 0.40492364241743384 0.9067189209070687 0.11788826184365786 37.884626990400264 0.8246906715044436 -0.4178491465848988 0.3811658261594568 41.377309890476496
0.38876020821819757 -0.05621896638170695 -0.9196221660688243 57.39414635459508 0.4043065788393465 0.907307821017338 0.11545002480724478 37.92561317218835 0.8278899025917438 -0.4166916674709763 0.3754548753803716 41.675554830087556
0.3867990827660278 -0.05773813385545723 -0.9203547019873635 57.233162171256886 0.4066730980789033 0.9064269717091251 0.1140488327740859 38.13635841958418 0.8276493586478915 -0.41839748189623943 0.3740856670237711 41.56952640149072
0.3801655398047039 -0.060376185442113595 -0.9229457614488824 56.8166036169294 0.41474005662315466 0.9030507754942952 0.1117585894299595 38.74229421060089 0.8267193282954138 -0.42526934184186294 0.3683492081057975 41.47595980353157
0.3736126337441618 -0.06419403270738011 -0.9253608626214503 56.372863571545906 0.41945852524085897 0.9014678255708753 0.10681902949981142 39.22588758748936 0.8273259004222667 -0.4280594416962225 0.3637265028358585 41.50967159895214
0.37311411210557444 -0.060085340118224584 -0.9258377888434595 56.42324045504626 0.41921595360671704 0.9011415579910899 0.11046210528050956 39.09114508351689 0.8276737543194661 -0.42934094186819494 0.3614173654467249 41.44566814309974
0.3748689264484376 -0.05557607024387906 -0.9254104972387354 56.57553802985871 0.4171083316175752 0.9015748292696871 0.11481927940262221 38.800295234312316 0.8279456067149573 -0.4290386085698838 0.3611536302985466 41.38842279285472
0.37634749517532085 -0.05178112112644809 -0.9250304202404102 56.71539713219728 0.4130598204594663 0.9030921201154078 0.11749981832943729 38.44904129998981 0.8293034110609067 -0.4263136616158875 0.3612651579136843 41.396612829611755
0.3764978514371652 -0.05312370615717335 -0.9248930963669935 56.698110922442126 0.40710698813626967 0.9062801349735798 0.11366713316911384 38.199855810362806 0.8321738208294067 -0.4193258742271888 0.3628395556300199 41.5213599250369
0.37560284366699015 -0.05350927143521514 -0.9252347062771387 56.633640599816275 0.40253121330701747 0.9086688773225815 0.11085798888172088 38.010014447203616 0.8348000515949019 -0.41407442477867645 0.36283776622804476 41.66368072522027
0.37479543355112116 -0.057142992942997795 -0.925344833749421 56.51881394401188 0.4039826700913913 0.9084248287008779 0.10752828867609876 38.2237838422885 0.8344617338470692 -0.41412438826673426 0.3635582563876743 41.49122822483523
0.3721956133048798 -0.06493385542305052 -0.9258801325530767 56.23349362303268 0.41082681659121256 0.9060338825309862 0.10160674424149885 38.878111395148665 0.8322810536147839 -0.41819397189070706 0.36389840569606774 41.13537704083267
0.37267517343118883 -0.07142497933176267 -0.9252089966248117 56.14056899351661 0.41463422647871984 0.904785650671514 0.09716678738807291 39.28222211311818 0.830175688237392 -0.41983496598828274 0.36680639033854145 40.74043880747838
0.3672016194495964 -0.08267684952291762 -0.926459664112021 55.629815038543775 0.4195021275726545 0.9037071857603473 0.08562293715547098 40.007151197560646 0.8301692210842379 -0.4200926813907596 0.3665258563953049 40.61060215127847
0.3665056671581623 -0.08704913360446123 -0.9263347366258393 55.50506203187999 0.42209426352051227 0.9028209815849557 0.08216269173446847 40.302588840941176 0.8291622450666859 -0.4211136705792031 0.3676319461190549 40.350095102823246
0.3677784811373675 -0.09266374826683874 -0.9252850471986624 55.46721902237246 0.426181677741986 0.9011685270950996 0.0791483627769689 40.66808028281166 0.8265035791630408 -0.42344859845132166 0.37092198384605674 39.8792137634573
0.3718607204293805 -0.0924919731550797 -0.9236692262404449 55.68680503811507 0.4215466530251861 0.9033366427876948 0.07925483657367632 40.38333668124342 0.8270538216615684 -0.4188414314498231 0.37490509649250936 39.71850590817024
0.37246806690221274 -0.0983703227366727 -0.9228167850352591 55.605441373915895 0.4207153735699286 0.9042166775881375 0.07342189328385246 40.5394386625694 0.8272037920488784 -0.4155905191124466 0.3781777450403487 39.5222466260012
0.3727498260186679 -0.10546888328840837 -0.9219185874365202 55.47781446176627 0.4187119598339499 0.9057411586945221 0.06567532366663456 40.6943929165512 0.8280929065600463 -0.4104988040233498 0.38177594214451743 39.400337303974176
0.3790632964887942 -0.1061331313486028 -0.919264257809031 55.802887346334 0.4178242932306211 0.906002721395418 0.0676899461547161 40.574283337569824 0.8256717733103031 -0.40974971293978546 0.38777737879404844 38.891578949254324
0.3794920588566254 -0.11473377798604692 -0.9180533412900406 55.6358032929286 0.4213395626961487 0.9048434371493929 0.06108459015734316 41.04095168033232 0.8236860750138838 -0.40999331023410723 0.39172277874984673 38.49209107174239
0.38007629182927616 -0.12483242713929041 -0.9164927045666105 55.462339657249494 0.42540317151514706 0.9034292145963438 0.05336474377983613 41.58477471854847 0.8213246337801887 -0.41016157712339046 0.39647613622700145 38.002301347156234
0.3797195840112155 -0.1284468203642844 -0.9161410654788131 55.36571646118401 0.42696656858128473 0.9028627394788129 0.050382764659519796 41.78649828233442 0.8206781262055622 -0.4102929295017387 0.3976771619902364 37.82858382773704
0.385528626360774 -0.13085582858533562 -0.9133698212562205 55.61455121733768 0.42410854381383944 0.9042595411298167 0.0494633737203439 41.64353570934297 0.8194508046981708 -0.4064374913820562 0.40411501367628205 37.474018934408825
0.3901561283137303 -0.13036072597438345 -0.9114736840209221 55.889198937120526 0.4219007147440704 0.9051990873477765 0.05113119559715873 41.450923139103416 0.8183996471392705 -0.4045005480690775 0.408168254735879 37.116351023379764
0.39448873010630314 -0.13018107904784115 -0.9096326338017211 56.12102078323941 0.4178746946072085 0.9070487966266718 0.05141225675885874 41.19402970810763 0.8183882828010483 -0.40039401493534627 0.4122199065764597 36.9144046760816
0.3966328099012788 -0.12688388902886194 -0.9091660424887895 56.31016844679854 0.41504104138891096 0.9081796717673336 0.05431958902078221 40.915538593245124 0.8187938373440682 -0.39888615229597757 0.41287587654631247 36.811350152628194
0.3998173468259044 -0.12303821245424723 -0.9082993380230758 56.56322103959392 0.4172230616883225 0.9067664520895447 0.06082366447659443 40.82285029824082 0.8161317332223496 -0.4032817868947253 0.41387533676999966 36.389015553172236
0.40211354283544276 -0.12070435965655124 -0.9075985655719332 56.73594971073809 0.41808914212712944 0.9060967985283199 0.06473067999125517 40.74595437513711 0.8145588793351464 -0.40548618873721365 0.4148189759878871 36.08593213351932
0.4059149351669437 -0.11807040989132547 -0.9062518654968442 56.99581373310161 0.4208507629725815 0.9043724793355501 0.07067569543956378 40.710497121849734 0.8112445381719448 -0.41008510937190146 0.4167883184035077 35.58837037561548
0.4088294831232071 -0.11827673573346334 -0.9049138453540467 57.146600344240014 0.4207454127495671 0.9043259474008452 0.07188795801634648 40.66371117080604 0.8098343975032226 -0.41012826608489206 0.41947950364563963 35.27463707867832
0.41264373068150095 -0.11460729449809384 -0.9036538715554093 57.42624607971543 0.4198532471262233 0.9043172172910832 0.07703000317070277 40.425436635792835 0.8083615542607278 -0.41118796013348835 0.42127907500188216 34.96174169823723
0.4132181826707418 -0.11557447219447758 -0.9032681079763957 57.442013459263784 0.4156712635541674 0.9064855528409055 0.07417103980665271 40.272209283431124 0.8102272114447723 -0.4061114180464347 0.4226172996538861 34.99488726823833
0.41289874649647923 -0.11744303028979647 -0.9031731615686918 57.38903217329197 0.41289127143531396 0.9080333348579184 0.07068423274915914 40.22634984667277 0.8118099673656183 -0.40209774610554255 0.4234170278374224 35.01928441884971
0.41192683953815923 -0.11983764903179628 -0.9033023949611978 57.295103114226194 0.41147968659825496 0.9089487068770352 0.06705755575300792 40.27128997001856 0.8130195239876503 -0.39931339339057725 0.42373112639242894 35.00762387153171
0.41218532371469285 -0.11876053701047523 -0.9033267369912159 57.33357450831133 0.4114946645131045 0.9088511410206126 0.0682769693438306 40.23139846340818 0.8128809260841723 -0.3998568972951628 0.4234844291045708 34.8732324404386
0.41019214663413306 -0.12079540021137611 -0.9039639783351188 57.191793177245685 0.4138915471101916 0.9078946636662988 0.06649110404400016 40.44210880443878 0.8126722525535208 -0.401417178224888 0.4224074560842346 34.7517065254357
0.40907818379915695 -0.12102591862283801 -0.9044378179626731 57.131443437641764 0.4164198274098356 0.9066989740484483 0.06701863770216349 40.579901324247984 0.8119418494446176 -0.4040417026508394 0.4213083617013372 34.58253805247368
0.4099578622960707 -0.11961060985817915 -0.9042277661911242 57.20819500214562 0.4173576255557191 0.9060911862464923 0.06936407281090445 40.55637261009468 0.8110161302539722 -0.40582270046878693 0.42137960588060397 34.37506659718632
0.4097396167485089 -0.11766801160968843 -0.9045814974398975 57.23810062126865 0.41612232747044164 0.9065668197405601 0.07056068257938986 40.44022475498228 0.8117608361133023 -0.4053280651389799 0.4204206281372541 34.357414592008546
0.4078689417854113 -0.11801702516291851 -0.9053810844603193 57.13270097356834 0.41391792791489074 0.9077603346945734 0.06814047039637669 40.39409602555242 0.8138273006464528 -0.4025458440064824 0.4190966096207611 34.48916638970063
0.40666552798119154 -0.11669493088827845 -0.906093505912474 57.1054760926509 0.41383867385388073 0.9077445891675417 0.06882814002943946 40.36620088202317 0.8144695822279922 -0.4029665667794671 0.41744130807016355 34.46888492525863
0.4058149051427825 -0.11353143759922035 -0.9068764389047764 57.13309344277208 0.4130615903700995 0.9079173175938234 0.07117771402735926 40.24170562837099 0.8152879156009113 -0.4034808013894722 0.4153418562885647 34.4754767481209
0.4031416126368457 -0.11324297616570808 -0.9081039965277635 56.99185345172244 0.41703022125250033 0.9060242323188159 0.07215181919529928 40.44445684751788 0.8145935395782697 -0.4077942113373281 0.4124818135107444 34.38135063189843
0.3982299739466171 -0.11355909409725551 -0.9102292128899659 56.7345755018223 0.4225358519243506 0.9034702223547022 0.07214576326374 40.77676927233798 0.8141721818442581 -0.4133350813397709 0.40777171167799886 34.327038363776545
0.39263835236935096 -0.11411698661583136 -0.9125855782415166 56.43552786276016 0.4253188779564604 0.902320071117524 0.07015939931558562 41.02171653334557 0.8154379046270408 -0.41568714512742444 0.4028215747365981 34.44731025680174
0.38877558331202555 -0.11314097662412778 -0.9143591554902992 56.248252873804766 0.42858048908578783 0.9007274104068379 0.07077355803390947 41.194546617258645 0.8155809648314394 -0.419391525367801 0.39867083948326093 34.46701466556905
0.38574453516082274 -0.10898403508301341 -0.9161460766114679 56.171797870009875 0.42971618115224325 0.8999367891244716 0.07387678414948182 41.151785622733755 0.816422168519139 -0.42218035918000874 0.39397790175737724 34.56404698187864
0.38115391077531996 -0.10711015680197844 -0.9182859634180056 55.96732059819031 0.43039199567230024 0.899627504971787 0.07370944552397576 41.19924836962757 0.8182202798524942 -0.42331757181588014 0.3889958959038167 34.76270714082106
0.3727647202534493 -0.1065602278414472 -0.9217870584775784 55.53620988049975 0.4330550974628892 0.8985469215124077 0.07125105193597012 41.44917360054802 0.8206763953567661 -0.4257444628917135 0.3810930416857164 35.09099306032309
0.3636607570501635 -0.10494290313746157 -0.9256013401366613 55.081186344565396 0.4357066427435069 0.8974062192893948 0.06943917518157072 41.674511712266415 0.8233532505862134 -0.42854295544530446 0.37207574509408675 35.47315849737854
0.35274707248810855 -0.10230158408865894 -0.9301096111448479 54.54723849318387 0.4368895279120566 0.8970142022364456 0.06703030200509083 41.83324710704578 0.8274642247564843 -0.4299998917198288 0.361113624596312 36.04149372391194
0.34115303792280877 -0.0954387651039881 -0.93515028034614 54.07152370855483 0.4366278162472428 0.8970888974639987 0.06773226798204207 41.795280026445205 0.8324486499449697 -0.4314196937580074 0.34771582224935416 36.731626593823236
0.3283655503632851 -0.08735759432837256 -0.9405023742914084 53.514519336261046 0.43749685012415385 0.8965321732605733 0.06947350890891518 41.784557429841215 0.8371215989723718 -0.4342795332753236 0.33260895284418684 37.49371942982173
0.3125719320564946 -0.07944127286754996 -0.9465663587174717 52.79383603569352 0.43968828670613624 0.8954150135007088 0.07004401566834642 41.8934718833007 0.8420053431088739 -0.43808793382460165 0.3148109979231965 38.32664979967525
0.2946129936169759 -0.07105382087247222 -0.9529714258735497 51.9487330078621 0.4396402692342276 0.8955083602532248 0.0691462969669131 41.925389230442754 0.8484807703535181 -0.43933601179052384 0.2950665197617261 39.378071223213816
0.27571717001109247 -0.05921358546597383 -0.9594132547850994 51.10037406306085 0.43775175748091666 0.8963290504820183 0.07048143077699578 41.76607515647627 0.855776513456313 -0.4394177790648298 0.27305416030210816 40.58436901797672
0.2551977083612321 -0.04545319467330919 -0.9658199297701231 50.17361092148689 0.435621592099977 0.8971745365130803 0.07288127008237894 41.55474572354985 0.8631963612895137 -0.43933114859582817 0.2487572787478058 41.88276957600098
0.2295860698154284 -0.03288794554199034 -0.9727325529582797 48.906256081668175 0.43848263317604674 0.8957532236027528 0.07320616646346911 41.711444730658 0.868920719599726 -0.4433334472418067 0.220073255092459 43.154368164100205
0.2020694818802124 -0.021458156316050525 -0.9791360845256283 47.474967606603286 0.44052868410412777 0.894902503649192 0.07130208583129405 41.9018237530293 0.8747013221518234 -0.4457455064158511 0.19028541861090756 44.49618671920313
0.173508954958702 -0.009214948526780675 -0.9847891791001706 45.96346583985779 0.4390602922993443 0.8958060469582911 0.0689752561356207 41.90088030819621 0.881544498182113 -0.44434964943905253 0.15947628904711075 46.00861956567619
0.14436780388867318 0.0038649849081553167 -0.9895165481648203 44.39533862218082 0.4348449756076137 0.8980130876983018 0.06695029134645664 41.72770214134127 0.8888575726117065 -0.43995176578145617 0.12796350806617973 47.6275318872803
0.11277018747499287 0.017353504499724975 -0.9934695469406362 42.64367566589452 0.4302793273344472 0.9003835430230562 0.06456915611856343 41.54623446865664 0.8956241317011676 -0.4347508842254675 0.09406956670307143 49.30737475264419
0.07956138604820208 0.032282715010235746 -0.9963070872786446 40.7706357605511 0.4267959847596593 0.9021289225543949 0.06331346210624567 41.38684113191682 0.9008413696334785 -0.4302571712388002 0.05799649432908981 50.9490104783514
0.04670445939853676 0.05160063255017244 -0.9975750940118305 38.93961373100929 0.4241260853017001 0.9031528460206144 0.06657327159994053 41.111950618788725 0.904398008201558 -0.4262068880781803 0.02029609114504659 52.52955206547342
0.010559831190315047 0.06994089204480108 -0.997495243891022 36.827349361120085 0.42024843663790734 0.9048654775744104 0.06789491142514995 40.836535486662164 0.9073476409120304 -0.41991277560228113 -0.019837323845758724 54.193651449305115
-0.029061860015840824 0.08933061010693213 -0.995577947922885 34.43916587853097 0.41448115752409653 0.907413907138386 0.06932078468492142 40.445336067221106 0.9095937435745172 -0.41063370931984067 -0.06339699062513798 55.979178158919225
-0.07081286741405951 0.0995254652621384 -0.9925120752781569 31.717192203423114 0.4050556497887888 0.9121486965626401 0.06256737115509353 40.13308386964161 0.9115456425120911 -0.3975920486169612 -0.10490521671388442 57.736923120335945
-0.10977787615031563 0.11485582449749795 -0.9872978058756771 29.193185948873435 0.39591877701645684 0.916152255354824 0.06255691020233142 39.59343053029475 0.9117001370591754 -0.38402237511279125 -0.1460468263914404 59.37136257561975
-0.14601068993688293 0.13261911527739015 -0.9803535325010043 26.832104057955622 0.39266079737218473 0.9173398536353541 0.06561319333264712 39.29097729412057 0.9080189296656737 -0.3753661721510204 -0.18601575248751095 60.627202908369114
-0.17911437459185892 0.1566359637129145 -0.9712791646515919 24.71030792163667 0.39505211572929905 0.9156079246124019 0.07480611101223822 39.10058303800159 0.9010282274559283 -0.3703070391697913 -0.2258779096523848 61.59859526178626
-0.2105065238430112 0.185173004983749 -0.9598947659221921 22.698374045537452 0.39936814209285054 0.9125138715869001 0.08845067123990935 38.85979631480451 0.8922959657539848 -0.3647319459367033 -0.26604232203239636 62.47384624856118
-0.2450387671408918 0.20498723953528197 -0.9475949737233607 20.302393844598438 0.40373861199609107 0.9101869774133298 0.09249215821169021 38.97118393024062 0.8814483171358043 -0.3599165150071492 -0.3057923583799421 63.177648182178274
-0.28367053540156395 0.21636156879179153 -0.9341941441129595 17.457168532628106 0.408108923791694 0.9088202266622561 0.08656154995811383 39.44656579150116 0.8677431265452786 -0.3566980055446352 -0.3461046072705534 63.6839784070205
-0.3228156354377224 0.22138117894471865 -0.9202067371661578 14.453161122461287 0.4091957890064999 0.9093409959111075 0.07521807904183386 39.92503909893025 0.8534335778350226 -0.3522631498815083 -0.3841377376140887 64.08985973913427
-0.35995287458915287 0.22666959103429593 -0.9050164775159347 11.546168756997437 0.41050194835164966 0.9095727266603917 0.06454150071914874 40.38842620034541 0.8378079006995011 -0.3482791285964828 -0.42045162636095196 64.33970104483404
-0.3936824287344519 0.23510286697002303 -0.8886736112027963 8.87998980722097 0.41172276091329263 0.9094484362854272 0.05820575473204334 40.68868380035244 0.8218871658881642 -0.3429725698659687 -0.4548310706931249 64.52351084889054
-0.42033834150885796 0.251067800233873 -0.8719407309807855 6.796105640212329 0.41337100344435274 0.9084289573791415 0.06229962204102754 40.637748141369926 0.807737638202524 -0.3342480951041755 -0.4856316698386117 64.75408196742956
-0.44285620581949 0.27410089369842217 -0.8536668442904948 5.0525399874714605 0.4185368400022482 0.9052184011760955 0.07352931206754257 40.53499469891365 0.7929093860764281 -0.3247281112652858 -0.5156029084731604 64.92217603767132
-0.46618548813776783 0.2944637808309094 -0.834243473111128 3.1724589960606955 0.4230805273100563 0.9023661507947085 0.08208652332135104 40.48958053111342 0.7769645796693668 -0.31468462256473245 -0.5452518961548837 65.0104698813167
-0.48762484303482523 0.31413868799956807 -0.8145789692578443 1.4007283634024632 0.43045808202217445 0.8982396831066782 0.08872041092220831 40.67959855335248 0.7595576686974156 -0.3073798243124044 -0.5732275216078013 64.89308861585084
-0.5123462511331507 0.3222758254782297 -0.7960148310566407 -0.7433374461931848 0.43256911948691096 0.8975869548811253 0.08498008762967998 40.93596271095539 0.7418795561384107 -0.30079220525065997 -0.5992818814584 64.68051016556844
-0.5391285511272763 0.3227654300489744 -0.777922157111304 -3.13311360466756 0.4277293649549505 0.9006012116100952 0.07723372321507359 40.93631144189985 0.7255260131205761 -0.2911012449504956 -0.6235960787830798 64.54172513743632
-0.5661782674699422 0.31927672289892356 -0.7599371971812267 -5.600777231447791 0.41850758882978073 0.9056128788534678 0.06867832079060683 40.71067290400161 0.7101363020833521 -0.27915531137640615 -0.6463580622176255 64.44790486176979
-0.5895879616512147 0.32206059658395503 -0.740717900150896 -7.762636318622267 0.41265908079772906 0.908452853521603 0.06652740761243624 40.44751977153806 0.6943331466314561 -0.26644020915853694 -0.6685140959115342 64.31579516291903
-0.6098363580089181 0.331112785197741 -0.7200444013593977 -9.660700107292381 0.41165720516567894 0.9087062669253193 0.06921897056323242 40.29555926118525 0.6772281461114865 -0.2541992209453958 -0.690467084070742 64.08135887537645
-0.6320788999484253 0.33570816055005526 -0.6984098332498528 -11.795211198915588 0.40895246290545473 0.9100681020504254 0.06733448383926924 40.2057775418627 0.6582052471103156 -0.24305571495119485 -0.7125235238965885 63.70142277799414
-0.6563516112338034 0.3345644907957933 -0.6762168024600851 -14.177388078245237 0.40301808985571785 0.9131817213725423 0.06062642163388181 40.10103692391811 0.6377922715742476 -0.23273535453306654 -0.7342038361861977 63.20118282475601
-0.6787298660626997 0.3329714867299009 -0.6545653198416407 -16.421211531342546 0.3967764394102396 0.9162850874559739 0.05468176693132071 39.94968188167835 0.6179759105688848 -0.22260194862282373 -0.754025295614066 62.668876137205885
-0.6979371205216021 0.33582269821446903 -0.6325400312723046 -18.391159092436148 0.3939602862296057 0.9176275501707648 0.05248782755542217 39.86372550113768 0.5980627631544215 -0.21256244854525516 -0.7727471363884462 62.08890451185852
-0.7152082169028928 0.34218286243093654 -0.6094161920503551 -20.21092467716183 0.3943891860118983 0.9174545472337017 0.05229076129752852 39.89670215801657 0.5770046589339266 -0.2029483737771101 -0.7911242513978253 61.41224101250673
-0.7329690339181325 0.3484653216777521 -0.5842330998027587 -22.131077632296588 0.3954148103878715 0.9170902872228534 0.05091692063968456 40.00502474033947 0.5535372824327582 -0.1936938942494704 -0.8099871309393946 60.584204613780436
-0.7501105974936282 0.3529760930564307 -0.5592333763808901 -24.03182564814088 0.39424700802328355 0.917622954003225 0.050372720306579286 39.957118009559686 0.5309457488222702 -0.18269097409837703 -0.8274784708924728 59.795521345875656
-0.7653943721579418 0.3579714177245984 -0.5348157805835494 -25.77923319358452 0.3936802791456976 0.9178354793745036 0.050930056088140586 39.90621536370655 0.5091044027316163 -0.17156484748810472 -0.8434323981361326 59.000469817288
-0.7782629335482865 0.3651972532957448 -0.5108206852213983 -27.313639683991973 0.395185559895627 0.9170405093129554 0.053526418981797594 39.90411984353008 0.4879909625339338 -0.16021133063637766 -0.8580193179765395 58.21021528964151
-0.7892138568631637 0.3724554746502308 -0.48828107431912743 -28.670357257746726 0.39657701562543185 0.9161763773924834 0.05785772364699944 39.83446870543255 0.468901011742133 -0.1479789340110877 -0.8707663729589851 57.50061818526975
-0.7998398611720373 0.3782106453877362 -0.4660610520046575 -30.016981627650374 0.3965764981190576 0.9158624728357108 0.06263395238113703 39.66921951958861 0.45053665513465285 -0.1347317281365064 -0.8825327664248106 56.81923381838295
-0.8075817243967133 0.38553743907076043 -0.4462876219381293 -31.065522517752946 0.39953793991437736 0.9142769138758321 0.0668368111347231 39.696928114569886 0.4337985626871145 -0.12433264988908958 -0.8923901608501467 56.1357029877316
-0.8117585426673201 0.39564889091244504 -0.4295462996306462 -31.7282959195358 0.4074924583117343 0.9106222935592451 0.06867994534040245 40.09217725974157 0.41832758076140314 -0.11928534525520451 -0.9004293651262482 55.37450473355237
-0.8156538106010816 0.4030327502107681 -0.41505838566336617 -32.341275921540664 0.41385022740229027 0.9077863455122208 0.06820513309597567 40.474062780522274 0.40427323746571164 -0.11614023057972508 -0.9072345872539697 54.62810886363538
-0.8196691134544054 0.40692889208595584 -0.4031766625619168 -32.93284596551086 0.4164080390886229 0.9065963315315227 0.06846485694101026 40.612020877213965 0.39337881161958527 -0.1117674748720826 -0.9125574733294782 54.054525122553756
-0.8219885449767548 0.4113233856285846 -0.39388818763963523 -33.31759726410825 0.41873729279569527 0.905287152211826 0.0715139962688094 40.64286559607786 0.3859972947432792 -0.10615198761795196 -0.9163721099944215 53.6806292373874
-0.822367383672212 0.4164345091452126 -0.38767794090598806 -33.46002742829607 0.42239470674303564 0.9033571665347283 0.0743541618593883 40.75472199182236 0.3811752851216693 -0.10260667260628341 -0.9187912019327793 53.38871136229873
-0.8228420140578383 0.41937829775965724 -0.3834747231167296 -33.57852765896975 0.42393974979459764 0.9023931868962204 0.07721155863843841 40.746997366879214 0.37842582951660964 -0.09903726375206141 -0.9203181579992706 53.199565647356316
-0.8227350196232356 0.4214796218816992 -0.38139482930948887 -33.605528112726425 0.42527619138332906 0.9016112796799376 0.0789763344071837 40.763978135072996 0.377156795680582 -0.0972215443837688 -0.9210324222195387 53.047190068370554
-0.8222562045406144 0.423881877626163 -0.3797616198545895 -33.58644917056576 0.4272878627052456 0.9005663335019362 0.08003350140822969 40.8433977081214 0.37592528044712065 -0.09645948778112272 -0.9216158368527296 52.87315709824017
-0.8213541133015068 0.4266866619020898 -0.37857088255377924 -33.51857601720825 0.4304265890503567 0.8991150773977954 0.0795300511406333 41.04187930295401 0.3743132004099923 -0.09762463905596802 -0.9221491516278811 52.63921559091867
-0.8199894541279384 0.4298927828975113 -0.377901429385493 -33.39723301063163 0.43402313997711484 0.8974205601656908 0.0791217552655599 41.26004394622276 0.3731503840053918 -0.09913896007388079 -0.9224588107401317 52.41633899426807
-0.8185754870304269 0.4332775403221486 -0.3771004442920855 -33.27271543848778 0.4366325590173866 0.8959318414109164 0.08159745064628669 41.324982769163405 0.3732106381640638 -0.09786065909462137 -0.9225709246246266 52.31404464028795
-0.8173304818883377 0.4358026244733917 -0.37689117246001097 -33.15549468001714 0.43884557804568936 0.8947302926306199 0.08289910782915842 41.40614735358494 0.37334359778349285 -0.09764105668841179 -0.9225403958867318 52.18876584225846
-0.8158224721877474 0.43855957387603356 -0.37696046746992456 -33.000835431965946 0.4416383781453062 0.8933013058595078 0.08347646314310078 41.53929358490191 0.37334867995301085 -0.0983782349474201 -0.9224600186815549 52.04624083217946
-0.8141535562125146 0.44024529992884076 -0.37860013575945944 -32.81931673070119 0.44260876204580757 0.8925713674811333 0.08610364517915921 41.513275686105246 0.3758343660002286 -0.09747014847339595 -0.9215465802062207 52.0452005232625
-0.8132207305924009 0.4415536709898014 -0.3790809926258397 -32.719137662862444 0.44160885993962834 0.8924598482814472 0.09217935792940768 41.25347109529326 0.37901669904845015 -0.09244336017738836 -0.9207608630917857 52.17218872765794
-0.811220470686099 0.4431414502416618 -0.38150622932992934 -32.48711206272022 0.4411327443044932 0.8920566763529687 0.09816714356892331 41.02887707352813 0.38382710931122427 -0.08865969350167921 -0.9191388409299096 52.35413466911315
-0.8094148463144429 0.44514589689280354 -0.38300487861810334 -32.28811826768843 0.4427509871229663 0.891056545310998 0.09994896927966755 41.06112146683804 0.38577087755221423 -0.0886756084722881 -0.918323181943407 52.30804802048493
-0.808409283424426 0.4452999383302025 -0.3849446653693539 -32.158633725843735 0.4434639673265353 0.8907907988628266 0.0991537308644306 41.12841613364449 0.3870583162214909 -0.09055229198890652 -0.9175980286919432 52.18888887977544
-0.8064914036974984 0.4472654267104361 -0.386684954234801 -31.94607384141416 0.4460111397463232 0.8895677940133885 0.09870766472943662 41.287423457952926 0.3881310075016222 -0.09285891407767308 -0.9169141416141923 52.048500847465235
-0.8032995307521716 0.45093584172264245 -0.389058775178292 -31.602879582737337 0.45085128677051 0.8872594133133802 0.09748769514236631 41.59782067635296 0.3891567564757371 -0.0970958296565179 -0.9160400748616822 51.86269815541444
-0.8007972862881945 0.4527470226518508 -0.392101823195644 -31.31502967059903 0.4531838032027112 0.88606228035748 0.09756062649669778 41.72539527335465 0.39159691876748715 -0.09956791053138733 -0.9147338872066694 51.78618253492159
-0.7974025482139642 0.4560670473350772 -0.3951607577137956 -30.945042868699158 0.4555865877279398 0.8844002103048901 0.10137617617112382 41.73538120836098 0.3957145905628055 -0.0991923200037734 -0.9130010112086296 51.85055402425772
-0.7967388543454782 0.4552808005688827 -0.39739978687665656 -30.846676602252654 0.45384537478215886 0.8849923249801859 0.10398538606461374 41.55494836353849 0.39903831114956434 -0.09750885785159363 -0.9117348566745603 51.89676515720945
-0.7958596913424801 0.45523395067601835 -0.39921097410787276 -30.73598251241683 0.4533705469297403 0.8850638908085839 0.10543745237532363 41.485196206029514 0.4013259259914319 -0.09707707936827818 -0.9107763401562673 51.868901054436556
-0.7964313091059109 0.45331654038065705 -0.40025152603476394 -30.77345446735178 0.4524155722808896 0.8858336521305146 0.10304800197417886 41.511684970423694 0.4012696348262604 -0.09900936809427328 -0.9105931172570834 51.66766416332287
-0.7969564393620658 0.451486320482484 -0.40127364251409003 -30.8082113960322 0.45151155234729595 0.8865574654388054 0.10076298214947813 41.53788343461922 0.40124525150619905 -0.1008759777742392 -0.9103989703705834 51.46882876315797
-0.797995774848652 0.44870610620244455 -0.40232520873087235 -30.89159807977053 0.4490989721385057 0.8879228126878961 0.099514782482572 41.44761571612226 0.40188662150889903 -0.10127146175036938 -0.9100721040044609 51.33523447794994
-0.7985360803892663 0.4479424396003197 -0.4021040899088957 -30.94504334861458 0.4487994554942975 0.8882199696242125 0.09820557167892831 41.47561737491684 0.40114732588485413 -0.1020434043222639 -0.9103120160526025 51.12322760046536
-0.7986131554780882 0.44779550625684034 -0.40211467577484794 -30.952446047219823 0.4495595874413692 0.8880647817318981 0.09610994114565893 41.586664999889024 0.40014148152481877 -0.10401984437431255 -0.910530980658795 50.87134539029809
-0.7984370847917857 0.44852675095317596 -0.40164906984652976 -30.94090163145639 0.45075691348832925 0.8875665808176131 0.0950987358391584 41.686464514076235 0.3991446186179512 -0.10511573761867837 -0.9108426072232301 50.63711223854632
-0.7989069198990925 0.44791593740821156 -0.401396370627673 -30.987860064532097 0.4497443805352235 0.8880061926951431 0.09578618852457176 41.61254036900279 0.3993466232664717 -0.10400151321399033 -0.9108819680589066 50.51051687935858
-0.7991126121608874 0.4483045548411387 -0.4005521928464399 -31.017978313950564 0.44900995249968073 0.8881137284785983 0.09820421500158029 41.4993290006131 0.3997612983289373 -0.10137569430850076 -0.9109960883350882 50.42781134936459
-0.8002565617851565 0.44636145168938207 -0.4004383719944274 -31.129372268819314 0.446467774693649 0.8893012964084815 0.09904408294438392 41.33568377672293 0.4003198239906451 -0.09952215156406317 -0.9109552018997195 50.33761091525447
-0.801972133281937 0.44422594208437527 -0.39937953104593177 -31.305460902110735 0.4443280191251314 0.8904632940104346 0.09822287635995731 41.246476272869906 0.39926596256074215 -0.09868350621727988 -0.9115087803971545 50.140413552783194
-0.8034978999683731 0.44173116993399314 -0.39907981439200857 -31.45397310534636 0.4419202090658321 0.8917602657524395 0.09731473292544177 41.145191282025195 0.3988704721656212 -0.09816925146849434 -0.9117374317754481 49.97011241201109
-0.8043335538568867 0.44076992398672277 -0.3984587911549818 -31.5394419777627 0.4403132175842418 0.8924378440243826 0.09838173089412548 41.026036974981835 0.3989634125587996 -0.09631494516351365 -0.911894526125465 49.85133843365794
-0.8052830099454792 0.4401332700059561 -0.39724297165212796 -31.642828492000973 0.43891109830000624 0.8929874756423754 0.0996514733204731 40.914772367746785 0.39859292728576046 -0.09410671059878149 -0.9122870191655944 49.71624914201502
-0.8045844043948278 0.4421910210505165 -0.3963723465466805 -31.570136716536833 0.44173207441830004 0.8917583657229733 0.09818244035058764 41.06768896690381 0.3968837495221057 -0.09609431859060626 -0.9128248305671146 49.47413969575089
-0.8032112657805264 0.44486769184650776 -0.39616208712395123 -31.457133743091397 0.44526797147207864 0.890148059757645 0.09681355943688587 41.3525729726618 0.39571213792905663 -0.0986365472878074 -0.9130622845319782 49.14573799488621
-0.8016232514915772 0.44787320799041697 -0.3959921113260265 -31.30737452735006 0.44929788007220584 0.8883006254273371 0.09514942894218309 41.6212474623071 0.3943749201339928 -0.10164442153790104 -0.913310918548296 48.85026754325299
-0.8010287997582737 0.4499726320268118 -0.3948132373473347 -31.261322811845563 0.4511419347394422 0.8872813974918633 0.0959305810700584 41.69714138599804 0.39347657703778544 -0.10127364954295652 -0.9137394766731259 48.65485395674142
-0.8004570587958039 0.4507715036151162 -0.39506144908423846 -31.205930986566052 0.45078418412934373 0.8871393991760618 0.09888025975076568 41.5945438981701 0.39504697994392135 -0.09893805111333163 -0.9133176586922442 48.61162430579643
-0.8006491001820805 0.4512723429115532 -0.3940993414112012 -31.233138195882766 0.44969771130926645 0.8872903957937391 0.10240957950991336 41.432053887055034 0.39589517150482223 -0.09523143417646904 -0.9133443967769553 48.56652483583079
-0.8009163612738853 0.451387133814875 -0.3934242464187882 -31.26570080315696 0.44847476852017404 0.8875657556793655 0.10534425160441091 41.28197035796116 0.39674092837086467 -0.0920689131667645 -0.9133016757806345 48.506591254450164
-0.8002368037210824 0.4528047638659472 -0.39317795435472946 -31.202829401137535 0.44978832792418405 0.8868377678603505 0.10587366792379697 41.339000892300646 0.3966251606157035 -0.09212284904829833 -0.9133465183870753 48.33374287028028
-0.7990850481620461 0.4542663376881477 -0.3938339500947805 -31.087152008797087 0.45232874900176345 0.8857756197195139 0.10392427212644043 41.53434748331708 0.396057809707573 -0.0950980859634328 -0.9132877779844266 48.07328660238322
-0.7988331942433986 0.4544833238450722 -0.3940944507622807 -31.05852226892217 0.45397893401659917 0.8852993558915794 0.10073816519624418 41.719452473308195 0.3946753795767361 -0.09843758837298247 -0.913532367216001 47.765868128122506
-0.7979527351460065 0.4554241634858064 -0.3947914180757486 -30.96678874179367 0.4561678651440412 0.884450207488747 0.0982787326080223 41.91008157930663 0.3939318612183266 -0.10166937486954847 -0.9134993305584304 47.49142352652348
-0.7988043989024451 0.4533772234630295 -0.39542461423014325 -31.038092667829357 0.45484450798137493 0.8853524167995197 0.09626822750227934 41.89993370883923 0.39373595956336566 -0.1029572304998724 -0.9134395452543709 47.28537152765838
-0.7998671538745172 0.4510217269334054 -0.39596961750453546 -31.13146107709785 0.4521346746756321 0.8866973633801716 0.09665413457588144 41.74693489579893 0.39469833051159436 -0.10172112665843276 -0.9131626581736133 47.189069660111166
-0.8009479975751499 0.4484470661617511 -0.3967083740372462 -31.22549923631889 0.4490087979923426 0.8881930590097292 0.09748943149085507 41.56141388538319 0.3960724738047688 -0.10004158524262052 -0.9127531302144706 47.12175946697942
-0.8017056969724782 0.44648715223520324 -0.3973879695345233 -31.287673263676172 0.448125618989283 0.8889398431632068 0.09470683630258392 41.59423182429715 0.39553938495091084 -0.10215271962053118 -0.9127504679959273 46.88144219635217
-0.802595485315939 0.44438276561990186 -0.39795030414673593 -31.36470049072036 0.4470948791357844 0.8897570501711892 0.09186163900792813 41.62210397633749 0.3949008179290473 -0.10419380639304784 -0.9127962503802792 46.63439816132791
-0.8032155545472914 0.44303800786105324 -0.39819856419102806 -31.419184552940102 0.4454146432590765 0.89054666886374 0.09237113264481699 41.52192904173118 0.39553832747747286 -0.10316954088395512 -0.9126365527032748 46.51667077238919
-0.8037825326797097 0.4413932121236782 -0.3988805240296059 -31.464763633455682 0.44341535319364855 0.8914814655147784 0.09297107720025148 41.40169682483702 0.3966313965272333 -0.10214122054667639 -0.9122777572395875 46.42240146449866
-0.8031196918609034 0.44226459874116003 -0.3992502789549035 -31.397203109864723 0.44408275928207025 0.8910660916752564 0.0937641891929235 41.41763299290997 0.3972269671783003 -0.10199629879022164 -0.9120348083156834 46.282769432097446
-0.8032914710452765 0.44156624172552605 -0.39967745334745847 -31.408290100081093 0.44272236058098435 0.891587787888094 0.09522671857423354 41.308712030886824 0.398396440731486 -0.10045133477067245 -0.9116961145882294 46.204204352267
-0.8026163844698616 0.44301855032249227 -0.39942646813986254 -31.340809154810472 0.4427278249749135 0.8911930913288886 0.09882786530448816 41.209680282766236 0.39974868651880474 -0.09751634754141016 -0.9114228160347279 46.1673189991719
-0.8018552787973573 0.44401397691168093 -0.3998495969385059 -31.269270468681828 0.4428334055049628 0.8908724513026253 0.10121684878975991 41.155857350678325 0.40115668613858296 -0.09590549419676243 -0.9109749992997531 46.0951822183558
-0.801599927272846 0.44488645754996375 -0.3993915328156223 -31.246417915466246 0.4436938353547862 0.8904299554490595 0.10134236481919254 41.20116921482512 0.4007160304558927 -0.0959715287344674 -0.9111619661772771 45.899087409256076
-0.8011898670499601 0.4455955727536017 -0.3994238131094051 -31.206289777261343 0.4443853483932478 0.8900591284030638 0.10156973013545917 41.23527503313975 0.40076983303372404 -0.09612145176165363 -0.9111224985924521 45.727998161138274
-0.8008974558465816 0.44650900762226203 -0.39898993888399714 -31.18157997824154 0.445771803070315 0.8894749989885702 0.10060678785113675 41.336349513014945 0.39981341248876756 -0.09728274403236198 -0.9114193891439991 45.482052804037544
-0.8019519297076165 0.4453111625281947 -0.3982098328344213 -31.28593164943976 0.4449953838859123 0.8900292651980906 0.0991313038912367 41.34056162743492 0.39856268109101683 -0.09770299697928883 -0.9119220984397766 45.23102641659987
-0.8015786659071454 0.4465723515201239 -0.3975484589585375 -31.252561932220974 0.44630331623360014 0.889370840465749 0.09916076869478081 41.40882896029614 0.3978504647243889 -0.09794203891606308 -0.9122074132189193 45.020790085610585
-0.8013280553337598 0.44742210758980744 -0.3970979795653834 -31.2300063445825 0.4465526781008083 0.889080810838871 0.10062811475473604 41.38560917855453 0.39807543684082136 -0.09668903473502691 -0.912242937569811 44.88365010056967
-0.8011350445708945 0.44829281523003883 -0.3965049711838644 -31.214905435548943 0.44732427691589827 0.8886604207244311 0.10091406205056237 41.420087796987524 0.39759732348452703 -0.096520507929674 -0.912469265184827 44.6905136946029
-0.8018286770926112 0.44772672409492625 -0.39574177581238357 -31.283085280239504 0.44655960041559134 0.8890324704498562 0.10102370891277467 41.381247941126 0.3970583028581325 -0.09571858240201538 -0.9127883966803961 44.50912682795066
-0.8032310043972347 0.44552654325906715 -0.39538089587970243 -31.414950350821446 0.44436001390838487 0.8902070766793223 0.10037698276694576 41.286401958756024 0.3966914816508536 -0.09506555570595646 -0.9130161052818117 44.33321630429414
-0.8036578189502569 0.4453684834695643 -0.39469104876109923 -31.458209585729406 0.4442826082078974 0.8902916759907678 0.09996847355810506 41.29502117783484 0.3959129627634134 -0.09501392315639842 -0.9133593380057632 44.12514382561014
-0.8046311830460986 0.4437954252368926 -0.3944797584270216 -31.549928770033535 0.443213142533652 0.8910038075248208 0.09835814791727678 41.28328298371399 0.3951338628304088 -0.09569658047745457 -0.9136254128085765 43.901530478057055
-0.8063324633437117 0.44158374826395874 -0.39348666029131746 -31.715070368686 0.44185609693073014 0.8919817318000207 0.09556034606560307 41.28704783669076 0.39318080848790565 -0.09681107066957434 -0.9143502985358553 43.61207036998291
-0.807235940198669 0.44090113695236277 -0.39239817059421267 -31.805982234860522 0.442003218084418 0.8921630167408025 0.09315742999337058 41.35839757897866 0.3911563524405419 -0.09824122858589025 -0.9150657730192652 43.31017675576523
-0.8088501627016991 0.43908121744748285 -0.39111264206398555 -31.96463099073316 0.4404161924865899 0.893087299585857 0.09180769419856183 41.31273543225163 0.3896087674745655 -0.09799367226141645 -0.9157522855574384 43.07207827914685
-0.8089447218387911 0.4400993130565843 -0.3897704858712158 -31.98038065747562 0.4404570315729062 0.8928405067825437 0.09398634361584172 41.262424329874904 0.3893662033961665 -0.09564739460860296 -0.916103452431788 42.94119295586792
-0.8094479857177401 0.439810414797031 -0.3890510987692448 -32.031976928727744 0.43950501825161015 0.8931721481376899 0.09528301382069966 41.18506040458649 0.3893960674546483 -0.09386326665510504 -0.9162752805918578 42.81022201158602
-0.8115366752250089 0.43699417274227437 -0.3878715222261538 -32.23487334581866 0.43666745468291757 0.8946630350946247 0.09433762587651566 41.064206470385336 0.38823930608000085 -0.09281242710203493 -0.916872998070043 42.60354905119869
-0.8107616045730663 0.439013573325397 -0.38721144480267244 -32.16474759253802 0.4392162988116501 0.8935132241395786 0.09339786478229166 41.220546289699286 0.3869814768284163 -0.09434617492915222 -0.9172481321147161 42.341770849284806
-0.811087181992802 0.4386339991700585 -0.3869596852115946 -32.19502197816028 0.43971182444581614 0.8935006521507055 0.09115972821809454 41.304090808174365 0.38573448724414966 -0.09621226209972489 -0.9175794821006771 42.078399433110235
-0.8094086305566424 0.4412879465985205 -0.38745660010804084 -32.03279512220709 0.44244182859482856 0.8920905460811851 0.09175884645219237 41.43077955540687 0.3861384429062785 -0.09715660440461063 -0.9173100332660059 41.90729437684263
-0.808693440156996 0.44171951237784285 -0.38845693742257215 -31.95900305546637 0.441894728259477 0.8920802698563304 0.09445549888460633 41.340776261636684 0.388257606472206 -0.09527153046811856 -0.9166129862154125 41.89473120141968
-0.8080484630348158 0.4425234157711208 -0.3888839259744887 -31.894574927771462 0.44161134275102626 0.8919120126518427 0.09732617140818348 41.25953955762175 0.38991935491933133 -0.09309128950443893 -0.9161314908230659 41.86515247916371
-0.8068819117679926 0.4436340280672768 -0.3900390103597741 -31.78019074035217 0.4426487623701445 0.8913156412840637 0.09807395563837235 41.29923330928353 0.3911568146329662 -0.0935161843916908 -0.9155605220972618 41.755047561918985
-0.8071203845566727 0.44340018838958284 -0.3898114387356677 -31.801233253436173 0.4427542742230244 0.8913631839646873 0.0971613448320737 41.329732812955314 0.39054492378000727 -0.09416977863633674 -0.915754724422021 41.55098353131813
-0.8068612663279912 0.4434672038462896 -0.3902713620192288 -31.773278752448732 0.4439173277661231 0.8910464333306226 0.09472940281538608 41.44798117125901 0.3897592885468864 -0.09681473421710451 -0.9158136296375461 41.29376003453725
-0.8060616099421662 0.44411213026920154 -0.3911893361598635 -31.695212698346076 0.4454234697612443 0.890464338943369 0.09311924428388639 41.56307268819539 0.3896955395732633 -0.09918506348185692 -0.9155870846723446 41.08357195557385
-0.8051743290015798 0.44553772437787287 -0.3913954982789688 -31.60970871238977 0.44702392623470977 0.88966212829863 0.09311770425035813 41.6466605920969 0.3896972020563664 -0.09998716731330552 -0.9154991300280414 40.90430153144479
-0.8035318485116691 0.4473242746493941 -0.39273090244697245 -31.478156537829598 0.44834473580256745 0.8887950937459386 0.0950277812603973 41.71020609424386 0.3915655325811325 -0.09972098396296218 -0.9147306483615342 40.78380163799667
-0.8029213855883145 0.4485449849815215 -0.3925871177367741 -31.39205739934609 0.44930089796689276 0.8882175253958462 0.09590792806553086 41.70370048046558 0.3917217783722077 -0.09938321803808639 -0.9147005107254008 40.70278212826161
-0.8024701508599539 0.44919166523569104 -0.3927702952892309 -31.34902520429179 0.448910504546783 0.8881272356036349 0.09853614710652418 41.62601709796744 0.39309161258713654 -0.09724639459554647 -0.9143424538168463 40.65767790207905
-0.8030021339676214 0.44819897854123975 -0.39281706744747674 -31.39691439818817 0.447314144465155 0.8888019590858196 0.09970523399809669 41.521877922192544 0.39382436314282615 -0.09564911478836649 -0.9141956124568469 40.56795660507583
-0.8017868512399564 0.4498403561002462 -0.39342279954562825 -31.283213485637667 0.448897706490605 0.8879237786392797 0.10041022076669973 41.58849885285557 0.3944980282411948 -0.09609899765630453 -0.9138579147565901 40.43227194634037
-0.8004149569186739 0.4514084730947112 -0.3944189234293643 -31.15319445280146 0.45106645405080203 0.8869061297569175 0.09968235064263908 41.71606051536266 0.3948100185797127 -0.09812190080663802 -0.913508150927609 40.246273928437056
-0.8001339102415357 0.4520916751814574 -0.39420659927658996 -31.125720174860643 0.45264330844904327 0.8863206588452208 0.09772269450071026 41.841194469889324 0.39357306945203285 -0.10024373763880955 -0.9138114860660852 39.969427923278204
-0.7983582622523813 0.4546844012260823 -0.39482423985241466 -30.959678787106743 0.45615930385521025 0.8846608452047502 0.09640476372020057 42.047475034783865 0.3931192880026213 -0.10313721075972923 -0.9136848149974997 39.71752071146636
-0.7975337137518891 0.4550230034016345 -0.3960985253752858 -30.88195474397717 0.45670693591934364 0.884381314327266 0.09637668572814916 42.07523713810257 0.3941557434724049 -0.10403728775844769 -0.9131360756445785 39.58774764251907
-0.797374387685486 0.45598348902582647 -0.39531398103157217 -30.866624503740717 0.4568807080863975 0.8840894238301209 0.09821358994658948 42.048943512040125 0.39427668513579167 -0.10229833042410223 -0.9132803223275825 39.47073761655934
-0.7981596085471407 0.45466946527081886 -0.3952428577902737 -30.93659387769801 0.4564096770760959 0.8845858505348151 0.09590661971361254 42.077239888364545 0.39323205102734027 -0.10384387504299565 -0.9135562400098233 39.221470128270845
-0.7989320178978911 0.4539458787593613 -0.3945133330256342 -31.00936213540745 0.4569967678768503 0.8846504071514822 0.09245329240664779 42.182787903823986 0.39097517175354746 -0.10642742261329138 -0.9142273343037693 38.88855136688897
-0.8005521131905406 0.4519800759434344 -0.39348484725123417 -31.161077061815586 0.4553820515140394 0.8856508591890215 0.09082809464374336 42.14066975612038 0.38954268216079296 -0.10647331387683623 -0.9148332810993816 38.64854079573342
-0.802501231356685 0.4493860803448212 -0.39248429836532606 -31.343914082372816 0.4519253269516086 0.8873082838405034 0.0919103274268017 41.948302735046695 0.38955779100242116 -0.10361544392771822 -0.9151549416623264 38.55251942785873
-0.8034510600717609 0.4484012311278224 -0.39166660566432876 -31.452532080495253 0.45035351664260304 0.8880138148400535 0.09280719099754506 41.86072039417082 0.3894202153422499 -0.10182239722314224 -0.9154147121968973 38.39652629050278
-0.8054171359670175 0.4463162573047881 -0.39000645578776394 -31.62139992368826 0.448232679953693 0.8891804845578692 0.09189956747974004 41.77144999438633 0.3878024003435475 -0.10079615244085102 -0.9162147313489909 38.1907338214298
-0.8076993003667123 0.4438955798105002 -0.3880445263263267 -31.835560840012775 0.44588294471974455 0.8904965466597986 0.09057759102019772 41.6863096709981 0.3857593029275803 -0.0998629791848451 -0.917178905990077 37.94060547051243
-0.8092445429595858 0.442713730168976 -0.38617071718347856 -31.981579841178863 0.44522031296858894 0.8910354346979633 0.08851399342907847 41.697883518790654 0.38327815305634466 -0.10030158140569038 -0.9181707086142723 37.64153797509029
-0.811700580715251 0.4400482045363008 -0.38405695534764406 -32.212884067519006 0.44279890748997663 0.8924216727451685 0.08667574943661283 41.61910899845973 0.3808822584371807 -0.09970524409023532 -0.9192320542217287 37.36344768379816
-0.8126786163741329 0.43990090105889107 -0.38215267071656156 -32.305547469737824 0.4427454192707248 0.8925265858698944 0.08586493597633806 41.63529517361736 0.37885348118106965 -0.09941574705752736 -0.9201013797587626 37.09714832097139
-0.8131165216011519 0.4403903944309422 -0.38065446640254025 -32.346019933359955 0.4429852227674139 0.8923792835238364 0.08615861388850887 41.643048349756135 0.3776315859524308 -0.09856731116573936 -0.9206947759494502 36.88721675189
-0.8129577904822368 0.44163466706867555 -0.3795503283325938 -32.33060537732239 0.44375776203200995 0.8918853145719529 0.08729051659390966 41.66157824901214 0.3770658822150072 -0.09746489877914852 -0.9210439261921164 36.7157398374519
-0.8122568457904542 0.44343780339535177 -0.37894819037230865 -32.263741095738396 0.44482318507829754 0.8911503193544809 0.08935011097477517 41.677019772347535 0.37732101781287086 -0.09598970170966949 -0.9210943636144713 36.58867277895964
-0.8111960616782639 0.4456501820482507 -0.37862496584091687 -32.16308706629287 0.44684787698599904 0.8900467279306774 0.09024298827609975 41.759449052931394 0.3772107161133945 -0.09598300547626021 -0.9211402381336755 36.421195403066505
-0.8099528306074539 0.4477821480895144 -0.3787711182803054 -32.045451201250934 0.44892776958947883 0.8889307245309821 0.0909176807680398 41.85139896036131 0.37741259899795176 -0.09640184042415145 -0.9210137975516152 36.26015044431137
-0.8098800618722468 0.4488555590967605 -0.37765456762727 -32.03693831297543 0.4500525282064329 0.888380612321554 0.09073372860286895 41.91195952815428 0.3762273345157202 -0.09648095521456897 -0.9214903244440935 36.026141603203584
-0.8101933141246035 0.4484511340266224 -0.3774630765227613 -32.06498125670374 0.4491683301265781 0.8887227566308324 0.09175877646196134 41.8509661997547 0.376609353254925 -0.09520211256443431 -0.9214672825467956 35.90490160862795
-0.8097359813689249 0.4494887408616821 -0.37721016995182394 -32.022393646899474 0.449345133459504 0.8883949308506623 0.09403934216650019 41.81918703858501 0.3773812283523981 -0.0933505151428053 -0.9213409194265758 35.81500336998513
-0.8101544256454853 0.449252127815103 -0.37659305923056524 -32.0598802776905 0.4494065005682772 0.8884642238629789 0.09308662719493901 41.84243155551357 0.37640882541992654 -0.09382882589671901 -0.9216900496245114 35.58613147361345
-0.8111939357214732 0.44822307091376823 -0.37558018764218304 -32.15531496728155 0.4491258214199959 0.8888502230650888 0.0907263880629912 41.879108120651566 0.37450019383509037 -0.09508606447726013 -0.9223384656186177 35.294979831103305
-0.8103339929773932 0.4499818842547268 -0.37533335006082225 -32.072311603171784 0.4520572339670606 0.8876199495524302 0.08817642754495747 42.06787735274188 0.37283116425986207 -0.09821979942509862 -0.9226861838986911 34.98184666610503
-0.8107950812243419 0.4496359669514875 -0.3747516957747007 -32.11472511293612 0.4523610459692852 0.8876481957832404 0.08631433607652698 42.11885773443918 0.3714576965846679 -0.09953982994941414 -0.9230985873142991 34.710633026739224
-0.8109893270409338 0.4490608010169627 -0.3750209439693963 -32.133252917011596 0.4519290477087688 0.8879081859040624 0.08590220743148914 42.107056434019974 0.3715594801142054 -0.09981708468273871 -0.9230276823274046 34.54585231035339
-0.8115514044169253 0.4484981145020466 -0.37447798236615365 -32.18435435508837 0.4505535701412735 0.888438221472568 0.08762994385261914 42.013384950572586 0.372002417225841 -0.09760618789180199 -0.9230857130642645 34.45104120697441
-0.8124006576197458 0.44719670193600813 -0.37419283969173156 -32.260050167830734 0.4491123707062622 0.8891715982889304 0.08758965278450864 41.946778361595264 0.37189144918592265 -0.09689674181244182 -0.9232051621652293 34.294395476553134
-0.8122575662589309 0.44681810175202924 -0.3749549706322503 -32.24575738360385 0.4495519361012997 0.8891346681677283 0.08568896434101435 42.00341568740907 0.3716728437788957 -0.09896022336765349 -0.9230743043700939 34.07805372454531
-0.8133332609751874 0.44453817463868606 -0.37533294270603645 -32.34363832945859 0.4478207875333001 0.8901782038306232 0.08390058210727772 41.955095098796406 0.3714102163976142 -0.09984275994677963 -0.9230849768259081 33.887432068061464
-0.8139448684775464 0.44311653438357224 -0.37568801955207726 -32.39894628605543 0.44675648337388274 0.8908173470485692 0.08278344496788638 41.92585985490663 0.37135211813381536 -0.10045989823428005 -0.9230413930069913 33.70759915885952
-0.8148664078249602 0.4413945466180617 -0.3757174358667445 -32.48203670437287 0.4451685666238134 0.8916792802473387 0.0820549112953457 41.86349334256793 0.3712380431590288 -0.10039380156873906 -0.9230944696606256 33.5419827732124
-0.814085178229403 0.4422674594083886 -0.3763838691225363 -32.40853811844444 0.4461401815066463 0.8911790380157831 0.08221229011820819 41.91046220547582 0.37178523509200556 -0.10099216083297324 -0.9228089306123284 33.397292895325045
-0.8131278300529378 0.4437107678535964 -0.3767544113665727 -32.31820398865138 0.4476529311972708 0.8903944209972884 0.08249017061077688 41.979696282177606 0.37206180290899565 -0.10158016316031099 -0.9226329092702212 33.24057631858361
-0.8126400637849359 0.44443757551949076 -0.3769500871441367 -32.27110913382535 0.4483207272315313 0.8900234252576814 0.08286632625605929 42.00554910679619 0.372323316844656 -0.10165404054410111 -0.9225192701374059 33.094609343516915
-0.8120853717501756 0.4450618298499581 -0.37740868643949643 -32.217615600182846 0.44830651377451225 0.8898552034123832 0.08472890101523489 41.97668099637583 0.37354868316823475 -0.1003876714069678 -0.922162511021113 33.028198900071054
-0.8109149878660632 0.4471649923996396 -0.37743920308628887 -32.106182075884696 0.4499368311769224 0.8888709498364314 0.08640186622607922 42.02698251112832 0.3741306328071148 -0.09975923069626146 -0.9219947751946526 32.91437718480884
-0.8099606054210896 0.4483367199086223 -0.37809787522211696 -32.016866504645286 0.45127283727933903 0.8881869222913674 0.08646859201145642 42.09221787982162 0.37458863303597084 -0.1005891477852658 -0.9217186009558865 32.76439704229097
-0.819027669727765 0.4487500408456945 -0.3575151424223801 -32.112412672706 0.45617127745251485 0.8872422984061953 0.06862120332836871 42.119814456058684 0.34799632447433676 -0.1068854749714859 -0.9313828715369807 32.473198339278184
-0.8104635432474758 0.4479971202585264 -0.3774220784570164 -32.04042869060245 0.45245475263259866 0.8879698476036678 0.08242721981780575 42.202703239609164 0.37206658259902997 -0.1039621565127732 -0.9223656152124778 32.280998627215375
-0.8098822718749017 0.4487329737787011 -0.37779547899157206 -31.999724085278356 0.4537334716747374 0.8874146341011678 0.08137078016758845 42.28221927719477 0.371774988917676 -0.10551770195950652 -0.9223065500084268 32.059097526866445
-0.8086117714679868 0.4513254614221259 -0.3774285772374815 -31.878558688799444 0.4571356575972307 0.8858045054425824 0.0798584290527285 42.464441395534365 0.3703700765404136 -0.10796159506846595 -0.9225889119178274 31.783425136556446
-0.8081838240926551 0.4518379903268478 -0.37773183208774935 -31.83626348530282 0.45836653144025785 0.8853085432420158 0.07828733050837501 42.543933192420255 0.3697824080867009 -0.10986907554037147 -0.9225994563782838 31.569117576003542
-0.808077450414828 0.4517663944705831 -0.3780449165881228 -31.830841940200465 0.4580350413047445 0.8854150425216064 0.07901963941592229 42.5178426700065 0.37042507348724674 -0.109303830232572 -0.9224087692712255 31.458876800186086
-0.807586006494717 0.4529663776825547 -0.3776589768601563 -31.779472038014397 0.45916143165066564 0.8848006065927616 0.07936413709978024 42.56779265224312 0.37010217751105706 -0.1093130699515242 -0.9225372788886892 31.308409293209287
-0.8109592465489833 0.44775360338426334 -0.37664547135617205 -32.08614190743572 0.4545571093226399 0.8874455203309355 0.0762776691358627 42.3973097907556 0.36840593752130385 -0.10934879560819294 -0.9232117341639927 31.07539875175558
-0.8120876964915505 0.4464427807012577 -0.37576910033526706 -32.18169582277463 0.4537434233261913 0.8880183101145694 0.07443377384960001 42.389817247383725 0.3669202624484999 -0.11005600601963245 -0.9237192195379127 30.849412052578586
-0.8131175733163043 0.4463321176519577 -0.3736675697950301 -32.26325454395669 0.45456566949301835 0.88785093264727 0.07134965673173617 42.4728738601482 0.36360674372537244 -0.11184078929304637 -0.9248144536974646 30.500888304420087
-0.8133480507119787 0.44681557984822157 -0.372586615443875 -32.27750685423829 0.4555398938850474 0.8874711431151964 0.06984536646769475 42.53581725831821 0.3618678674353723 -0.11291947459452843 -0.9253652461461211 30.25204349865976
-0.8148223775246313 0.4451113257439851 -0.37140328590299126 -32.40836277327519 0.4527799582349687 0.8887305615221405 0.0717516441433874 42.384054035003764 0.36201492028070764 -0.10969911900727043 -0.925695036598545 30.203312751715856
-0.8136965930904145 0.4478813884723413 -0.37054030314277525 -32.29854958396768 0.4559707300197176 0.8871559547181017 0.0710282012548433 42.53888741412226 0.3605392457948759 -0.11116012715133244 -0.926096581557972 29.961623222835975
-0.8151045732411865 0.4458797756322474 -0.3698591088015003 -32.473965413263926 0.4545061294669805 0.8880707781499451 0.06895267415477795 42.53889559585917 0.35920566944056953 -0.1118995919487079 -0.926525643662098 29.63142952168727
-0.8154921009344895 0.447495287767586 -0.3670430502533152 -32.44890810175189 0.4574461306497429 0.8868652070677205 0.0649087208802223 42.69516154525711 0.3545640574945953 -0.11496987396067533 -0.9279365588306324 29.304551380364114
-0.8180076138563902 0.44425929809438097 -0.36537271344431677 -32.67268387029803 0.4542941601144996 0.8885955598070943 0.0633620326140105 42.573403985561015 0.35281774297622315 -0.11415606487526411 -0.928702338262028 29.100788831156628
-0.8185673564207898 0.44459575788180516 -0.3637060558689985 -32.71711786097841 0.4541005739697991 0.888630484865485 0.06425363871434032 42.552745816450944 0.35176718397624696 -0.11256319754358989 -0.9292950956699298 28.947503050100146
-0.818593044595264 0.44586748516292146 -0.3620878526197032 -32.71158907996164 0.45411092803448644 0.888398145897575 0.06732012630267542 42.513808390754406 0.3516940323348029 -0.10932026363050298 -0.9297098405308206 28.88305379707007
-0.8191456517185004 0.4466305200935513 -0.3598910665626995 -32.75075369471549 0.4544479443328473 0.8881829423336398 0.06788318524648553 42.523467455622445 0.34996780875149475 -0.10794553936371455 -0.9305215168759688 28.694261657351312
-0.8191507029950909 0.44797744030347275 -0.3582015337234011 -32.74372358127753 0.45580079415816266 0.8875108691439038 0.06760246442416298 42.59177262825084 0.34819213349447825 -0.1078919372825444 -0.931193625430277 28.471015222487466
-0.8203756530487836 0.44735111905252806 -0.3561751874671126 -32.8536589997547 0.4553254078682179 0.8878473652182898 0.06637641919071244 42.588313043864446 0.34592276715247133 -0.1077220142653815 -0.9320586927914927 28.218711970118367
-0.821874159332403 0.44689418517068125 -0.35328239905532915 -32.971099139119076 0.4542414690160068 0.888355275653401 0.06700441810023146 42.52782557359171 0.3437841678260302 -0.10540631612670724 -0.9331141165327854 28.042565011790025
-0.8219864644175299 0.4482363237963991 -0.3513153147015635 -32.972556329753075 0.45537566567849197 0.8877586309629532 0.06721321491086775 42.57651362057893 0.3420106071779636 -0.10473209240855354 -0.9338414926514493 27.83480363699478
-0.8232457082275145 0.44695614041385556 -0.3499953034418144 -33.098445217309596 0.45449290367440454 0.8883457043332875 0.06540726337496608 42.57632659733077 0.340151002342469 -0.10522413287332705 -0.9344651825865263 27.561151176784467
-0.8227247881460711 0.4489526410629758 -0.348662371145183 -33.03284531791873 0.4574776349598139 0.8870105989035217 0.06266107998104578 42.73292370926827 0.33739907599395963 -0.1079524131985693 -0.9351513995086719 27.27592646835665
-0.8227851988404467 0.4498215546038264 -0.3473975900648755 -33.02566919991639 0.45863098433490884 0.8864878069542871 0.06161970731325135 42.79958178600138 0.33568160029569555 -0.10862751555280538 -0.9356911488775267 27.06297753819319
-0.8222582084865628 0.4513080389740656 -0.34671673241113077 -32.97240969743098 0.4605909068431586 0.8855565940311263 0.06037826845304906 42.901815783342585 0.33428648657979754 -0.11004804734921458 -0.9360245574581684 26.847381701404803
-0.8226666858433581 0.4509579563478751 -0.34620289659396775 -33.008034154804236 0.45956231034311007 0.8859773418299893 0.062021227623852274 42.83804045479232 0.3346968881176049 -0.10807900522494955 -0.936107323822422 26.79113840099438
-0.824404725039223 0.4488422488039443 -0.3448151461604047 -33.15944918719486 0.45726473969712966 0.8871949317018866 0.061596355348358445 42.73808926307207 0.3335652967002403 -0.10689148165828347 -0.9366474277902959 26.641143998662546
-0.824929381929887 0.4482378968394269 -0.3443461959507352 -33.20311223667031 0.4567521475909216 0.887496863776715 0.061047460697204646 42.72065114246343 0.332969954350022 -0.10692102049392846 -0.9368558613130844 26.495295527605833
-0.8258158017490802 0.44608196874543543 -0.34502049032154636 -33.2942125535208 0.4547490946928692 0.8885697755607548 0.06039051942089764 42.64172412562489 0.33351390144571147 -0.10702631041060108 -0.9366503330605044 26.398154513477206
-0.8264355411601855 0.4449660901473595 -0.34497749915935594 -33.35100931429449 0.45376095669161304 0.8891161272993005 0.059778811953787356 42.60733926927734 0.33332460228669525 -0.10713398524868824 -0.9367054065794381 26.27167665892391
-0.8272177067990875 0.4434087345266822 -0.34510804062424455 -33.4255773763809 0.4528132237384849 0.8897313765100384 0.057777695186933015 42.588903751701324 0.3326725867359975 -0.10847475189646472 -0.936782887458658 26.092306994310093
-0.8277551387335771 0.44279483296320804 -0.34460726370934375 -33.47196358457867 0.4528513231169458 0.8898488598759796 0.05562989959231718 42.61678715503228 0.3312810128144806 -0.11000792007171309 -0.9370971924352924 25.871001590891016
-0.8276475668628053 0.44308126858249525 -0.34449745209131094 -33.46094174605791 0.4533493762045095 0.8896311500344308 0.055052338582463944 42.64756173224879 0.3308683245054754 -0.11061377093175509 -0.9371716734511328 25.720030176321824
-0.8283322178064927 0.44247458752686725 -0.3436305812012455 -33.5181418317513 0.4522609975482012 0.8901271166895046 0.05597951617095573 42.58886850348634 0.3306444117787007 -0.10904107266052132 -0.9374349670417462 25.622827385426064
-0.8282580454329687 0.44228001671255557 -0.3440595834914354 -33.514560212581586 0.45152668176636446 0.8903954176836445 0.05761645442948522 42.539779187018226 0.3318316829789082 -0.10763079013326209 -0.9371783966709194 25.601180056155197
-0.8289074619602042 0.44099057984997125 -0.34415073440322475 -33.57623040477686 0.4498041758078106 0.891202920039217 0.05859657617496408 42.45151028046583 0.33254867753841544 -0.10622929820514801 -0.9370841548496553 25.553464671042594
-0.8292357496503933 0.44064362870190465 -0.34380410699432934 -33.603684791064374 0.4486125013461799 0.8916570218507566 0.06078304878963524 42.376037913699996 0.33333900932485233 -0.10383134338270618 -0.937072119419668 25.52920832792076
-0.8294935058346145 0.4404478395658105 -0.3434329984145532 -33.62466325988268 0.4486411028258586 0.8916966455746855 0.059985440950709595 42.387664939704514 0.33265851053805595 -0.10432062544225715 -0.9372595811587836 25.3682439065717
-0.8286649050039673 0.4418898351511741 -0.34358092031548276 -33.54874555650098 0.45136344671700424 0.8905354306358303 0.0567246485225128 42.546939196670195 0.3310370284160247 -0.10807414294050516 -0.9374083770935501 25.092865472130562
-0.8280181416973222 0.44273734267813025 -0.34404883725776636 -33.49258140121844 0.45304717219310053 0.8898068232365641 0.054699881987881185 42.64634995795816 0.33035468331468876 -0.11057785818128711 -0.9373570933705526 24.889383374157756
-0.8267794429672262 0.44539671866440717 -0.34359498787057735 -33.37370434222109 0.4552749282520366 0.8885674979769587 0.05632531619147746 42.73033345361191 0.3303944496990017 -0.1098615699047939 -0.9374273001498025 24.793019794592322
-0.8261418514535755 0.44649799495283665 -0.3436992606625085 -33.31556099501538 0.45562283422079636 0.8882334452207953 0.05872971758662575 42.72315892689792 0.3315078795646749 -0.1080781536402838 -0.9372415048920103 24.776668007236292
-0.8257686747322339 0.44733440035053823 -0.3435084134253401 -33.279669933629904 0.45616965613856447 0.8878907662950156 0.05965929891034143 42.73888854675919 0.3316856051284014 -0.10743333463629444 -0.9372527609772788 24.686857878367725
-0.8254462308076083 0.4476034486802591 -0.34393265732560424 -33.25377469821835 0.45596323665366884 0.887891625570242 0.06120447747136965 42.71560621859599 0.33277026139038207 -0.10629964238778841 -0.9369975128901918 24.653796711106768
-0.8247401390607388 0.4489238598878804 -0.3439056135707002 -33.188704011243814 0.4574708236456806 0.8871333800421566 0.060949253710941426 42.787470007576935 0.3324517236156486 -0.10705948831535131 -0.9370240751584985 24.511468587306627
-0.8239550216766421 0.4505215133403001 -0.3436982517724088 -33.11470920592889 0.45946224430191007 0.8861611976504395 0.06010638767877523 42.88753447917709 0.3316512751594605 -0.10839141015922397 -0.937154594444694 24.32692663703361
-0.8228705121148809 0.4522901104027973 -0.3439735110784244 -33.01677079309154 0.4610053540848582 0.8852832845532673 0.06121739618501636 42.94749414821758 0.3322020225659201 -0.10819964012141699 -0.9369816722224121 24.249835291537057
-0.8220156032935347 0.4534283174575267 -0.3445186625853562 -32.94176551648889 0.4617731854473243 0.8847796038403026 0.06269432055639262 42.967329239582924 0.3332504660818904 -0.10755377053285053 -0.936683678356984 24.20899005661447
-0.8218133506256335 0.45351688157552195 -0.34488440796806613 -32.925238689113264 0.461923801775888 0.8847029738326297 0.0626661746447888 42.977127821047816 0.3335404294630257 -0.10781041794611049 -0.9365509573407661 24.10798667900495
-0.8212005825391463 0.45390634657845474 -0.34583035114513383 -32.87499557294437 0.4628210249360123 0.8843049056181493 0.061656571238228326 43.02881525193221 0.3338057850225875 -0.10942514535277242 -0.9362691041842505 23.975508325594426
-0.8215349842287412 0.45213979226546175 -0.3473469129536453 -32.91704001877802 0.461611223790526 0.8850336137674222 0.060254299202556524 42.99162923377338 0.3346570599268677 -0.11083821882330734 -0.9357988787603786 23.879042957123705
-0.8213690262999608 0.4511107846415617 -0.3490730333542383 -32.911701402790655 0.4615432567071726 0.885221625824361 0.05796977972196391 43.011584628842925 0.3351577909331536 -0.11349772311791384 -0.9353007655422174 23.743332053187025
-0.8191156175025369 0.451178117879231 -0.35424272908613436 -32.74843547802054 0.46284997818499063 0.8846366507591599 0.05646143664280261 43.08599346895823 0.3388502661317995 -0.11771279488895926 -0.9334474784699129 23.7418813903143
-0.8154250399883745 0.452644431596974 -0.36082547402339854 -32.457855687914815 0.4648628898178635 0.8834953287158708 0.05777973526609303 43.140928012152386 0.3449412962087068 -0.12061932963454591 -0.9308418122798148 23.936082958087724
-0.811776693927163 0.45151715958883376 -0.3703388364640097 -32.207407831681735 0.4638517604349197 0.8838238412534848 0.0608026477495849 43.093612084612886 0.3547677318163403 -0.1224241488790749 -0.9269046252086152 24.250839950393534
-0.8060270593809725 0.45202607319850346 -0.38209005312151667 -31.789825886360983 0.4652668550331886 0.8829229086787269 0.06303880501581967 43.1367755694011 0.3658512445696859 -0.1269628547215204 -0.9219725052124788 24.621963078728925
-0.800708013455185 0.44917360090538555 -0.3963707272722604 -31.445756196438907 0.4649140034363117 0.8832040950334408 0.06168870176119604 43.13620325243614 0.3777851857834984 -0.13488366382127243 -0.9160156934445379 24.959354439187315
-0.7940664220471918 0.44747354281175283 -0.4113708130879846 -30.99998921307133 0.46536918502096675 0.8829339024206726 0.06212282663501048 43.154173773022684 0.3910115586655878 -0.14210964935464707 -0.9093485627360979 25.378844440859044
-0.785748339617458 0.4458319964390883 -0.42875794772755477 -30.446159124559102 0.465837708233167 0.8825529127271644 0.06399676417498608 43.1598226510276 0.4069333807596504 -0.14944626856477478 -0.9011498412781231 25.931375008853827
-0.7767720388475172 0.44309611067482546 -0.4475388657642082 -29.870187066395513 0.4653912435935501 0.8826324661312278 0.06611293457074247 43.12338720553204 0.424306716952631 -0.15692599031374366 -0.8918172702481886 26.552532690503977
-0.7669343651681289 0.43959515769231855 -0.46751232802742737 -29.25596500452558 0.46489134851725783 0.8827951197513338 0.06744487094682258 43.091441528841294 0.4423660402856042 -0.16561664734166556 -0.8814099004012501 27.178031370061355
-0.7570426696495434 0.4347629352822859 -0.4877167071514192 -28.66666559187687 0.46307672232248825 0.8836361345377212 0.06889942657449935 43.00084911429231 0.46091902279354163 -0.1736904483383144 -0.8702788533470649 27.837308775351186
-0.7458243107483626 0.43036637136402706 -0.508459323737593 -27.99565335808797 0.4624841111510452 0.8838804349502776 0.06974111875311388 42.969192070189834 0.4794314804323529 -0.1831397365703813 -0.8582571249103463 28.459924010862263
-0.7349858054818376 0.4243323275792339 -0.5289025822506487 -27.380656751529735 0.46127359508689125 0.8845946908566102 0.0686942747535279 42.92831555234384 0.4970136177368073 -0.1934794787037845 -0.8458978396382643 29.01378863034791
-0.722492546709335 0.41819226375892143 -0.5505631212510043 -26.674621466836655 0.46120098545203386 0.8847756260791754 0.06682621128177367 42.94241555812582 0.5150710348753191 -0.20563881449860594 -0.8321144795063211 29.545262006181495
-0.7088553861264225 0.41284772149989357 -0.5719097834553163 -25.893520680420583 0.46118042346858124 0.8847671188326982 0.06708026864753633 42.941531824718766 0.5337009074087288 -0.21620338638613382 -0.8175692246814746 30.133510049964542
-0.6958479205771925 0.40537225793957216 -0.5928482132227187 -25.197749883446853 0.45890936397277565 0.8859424733460386 0.06714260629143687 42.84414761526703 0.5524471622576225 -0.2253425534924049 -0.8025103528921125 30.75833195889699
-0.6822393634994887 0.3984560051726773 -0.6130108178765231 -24.464623931341222 0.45679955508483483 0.8869565937164826 0.06813345240886226 42.745330041139944 0.5708621702005742 -0.23353974566374164 -0.7871312278325676 31.38057977089137
-0.6684392396167338 0.3915971387202298 -0.6323295532289565 -23.728180654834407 0.45544934638754014 0.8876415787184263 0.06825189085601853 42.68828647246117 0.5880092480699305 -0.24237183969345222 -0.7716871228081018 31.920655214466276
-0.6541146349203806 0.3846004086354674 -0.6513191000273282 -22.97219354145122 0.4549116736833565 0.8879761784048332 0.06748092865510519 42.67390513730043 0.6043090381001963 -0.2521523988840469 -0.7557974293469355 32.39332601302498
-0.6400382976455605 0.3773040240850423 -0.6693225313376256 -22.243569167367674 0.45457735261274507 0.8882563741323397 0.0660306315648886 42.6722343418059 0.6194436278133475 -0.2619967313202664 -0.7400319619711943 32.801102199365424
-0.6272380724578874 0.36959944611751 -0.6855425952404005 -21.606677185182292 0.4535719685527692 0.8889013350817662 0.06424084240589589 42.64494641444123 0.6331231079359524 -0.27064860228621773 -0.725192708373462 33.161680523733494
-0.6156660400139201 0.3618504745773894 -0.7000139721617675 -21.049912389056026 0.45182866202534966 0.8899040835167643 0.06262253837532396 42.58400381429256 0.6456052875758997 -0.27773180622374644 -0.7113781388725232 33.49477640241087
-0.6053994172546611 0.3546777629947092 -0.7125273538782814 -20.565756099992424 0.4496618485381987 0.8910790594132885 0.06150066539752995 42.50130646540895 0.6567311227259803 -0.2831639000865008 -0.6989438018402304 33.799868635614075
-0.5954591947974754 0.34801053675699095 -0.7240973785598545 -20.09680629649863 0.4466313317574285 0.8925878925508692 0.06170338373366137 42.37003253303105 0.6677939808232237 -0.286662729313925 -0.6869320772817087 34.14346780289638
-0.5856227672368032 0.3427676141170876 -0.7345449865095999 -19.61182831667449 0.44367523211311827 0.8939405593290756 0.06342369270067565 42.23115907860393 0.678379143918266 -0.2887570589594277 -0.6755894448537676 34.494555356251794
-0.576431367165819 0.3368774710997138 -0.7444732691056182 -19.180097205085215 0.44138981528521837 0.8950821553223285 0.06326899861713929 42.135775116101 0.6876786385440699 -0.29213268336322157 -0.6646477152606319 34.75288367797778
-0.568864607515208 0.33098044568830565 -0.7528910963004801 -18.844754868379145 0.4405716448506183 0.8956523846798138 0.06085582610550118 42.120128347377054 0.6944707942528533 -0.29708374305796814 -0.65532554165123 34.84945005892677
-0.5636975086127217 0.32383233829302754 -0.7598537592586357 -18.67300889060244 0.43883168661505617 0.8967823372841055 0.056640889451365126 42.08034548780648 0.6997655818961058 -0.30151957848691485 -0.6476218604885706 34.8919977909925
-0.5608690557853282 0.3191736928878216 -0.76390709908393 -18.597359464994355 0.4368087512958947 0.8979049272596779 0.05445049489319573 42.00858767711268 0.7032951137707383 -0.3031417083991301 -0.643024950973958 34.91561464338301
-0.5601837131991789 0.3155528762638984 -0.7659116070069448 -18.624494286344646 0.4347630034456994 0.8990185848420628 0.05240911126368303 41.937377213877014 0.7051066148471837 -0.3036313000831027 -0.6408062853223195 34.88589709368911
-0.5612015355831895 0.31348774862651163 -0.7660145350580179 -18.71971451911649 0.4333825464337716 0.8997814290619034 0.050724238406302274 41.89172749530964 0.7051470803354787 -0.3035108093238207 -0.6408188384543244 34.786815311158016
-0.5617303483569349 0.31377843930897187 -0.7655077444151838 -18.743389867004883 0.4336519500791055 0.8996612492401848 0.050553168131968806 41.90568752549716 0.7045601478421736 -0.30356667742098437 -0.6414376590380382 34.655276289781085
-0.5632780165163148 0.31412329828442626 -0.764227995813003 -18.825189093148868 0.43295943444238855 0.8999804199614637 0.050807202376376814 41.87669208361433 0.7037499586051662 -0.3022611406729294 -0.6429418314298163 34.54584909728189
-0.5676788302946857 0.31325140432328974 -0.7613240462015792 -19.092068420600455 0.4324531723005112 0.9003773900886681 0.04800842826361473 41.8762059368497 0.7005176653036537 -0.3019836305275588 -0.6465917471565138 34.298106924803555
-0.5736222344546043 0.31283282518838806 -0.7570291643153243 -19.438924645195627 0.43157096831951036 0.9009413837198494 0.045289318881195195 41.85900804000081 0.6962068883909919 -0.30073284919611604 -0.6518095749306839 34.02388450571724
-0.5820067312382327 0.31274215287620444 -0.7506400672810799 -19.918098954581207 0.4296893034841316 0.901969813153728 0.042632835124466334 41.79761183462429 0.6903877658712597 -0.2977294106630798 -0.6593344604686652 33.7195023121049
-0.5920208441153385 0.31442686111980467 -0.7420559743976928 -20.45693691005645 0.4267919975634715 0.9033611242858455 0.04227611553578742 41.678457806421804 0.683637265623184 -0.2916752100116851 -0.669003483485621 33.44379352528189
-0.6033950365759315 0.3171164436904461 -0.7316772450860107 -21.054400602122342 0.4250947397898275 0.9042049118956029 0.04132722476628785 41.61435058139337 0.6746917014744949 -0.28609550581053955 -0.6803972879990501 33.05100004067737
-0.6166402073500235 0.3204565018287088 -0.7190705703302193 -21.74709508945265 0.4234550963044903 0.9050250227219419 0.04019315440350113 41.55389342729138 0.6636570169093935 -0.2797093825434813 -0.6937737565114938 32.57866511233348
-0.6302772834794651 0.32444873365959565 -0.7053251485353623 -22.4508253163121 0.4216536622679919 0.9058780662473338 0.03991388465159998 41.4811895803814 0.6518885909614743 -0.2722461171783277 -0.7077593635237813 32.09219022555892
-0.6438469198470721 0.32920239058786166 -0.6907147963050122 -23.135140257615042 0.42173832849113174 0.905893989522906 0.03863757274697699 41.494053890262634 0.6384339637620666 -0.2664242214542602 -0.7220943208041088 31.481379641110465
-0.656775789063977 0.3350532401474217 -0.6755626463667929 -23.765778697890802 0.4249615731304503 0.9045165101391116 0.0354618703434353 41.65260888605113 0.6229391818322904 -0.26379766707170826 -0.736449296683513 30.701416601781276
-0.6706932108140017 0.3410265116200987 -0.6586892555220798 -24.451366534651356 0.42965787626372703 0.9025009426641216 0.02976840363398736 41.88546187606422 0.6046194888792031 -0.2630455604312661 -0.7518259817303817 29.736018875253848
-0.6849345188462774 0.3475740321831543 -0.6403569294110607 -25.146277740450458 0.4338105175403232 0.9006612969483966 0.024852827819579162 42.08813782082533 0.5853829001296633 -0.2607710112937716 -0.7676752828537652 28.758182547307726
-0.6997225096935814 0.35453029744942693 -0.6202392099976725 -25.866846489158107 0.4335278681377068 0.9007707908717557 0.025798640666646833 42.07218017235075 0.5678397634686135 -0.2508390928517573 -0.7839883624909342 28.03462698301771
-0.7127002061353388 0.3639573467880067 -0.5996611258816767 -26.440355889871412 0.4312288649213339 0.9015756973782248 0.03468325180293007 41.928601206751445 0.553263122061559 -0.23387242594201252 -0.7995020989032451 27.616980709218886
-0.7251423657176748 0.3728722003517589 -0.5789083447716155 -26.995236722193198 0.4288450296664546 0.9023059736856669 0.04399852703826608 41.778191296847154 0.5387582852929051 -0.21635677030312034 -0.8142046781812613 27.210921873161954
-0.7376908110589779 0.3814350094533254 -0.5570633723756113 -27.564841258685817 0.4307595698324612 0.9012586132585851 0.046680885006240416 41.8448480062881 0.5198638862980389 -0.20552431873273408 -0.8291569779797703 26.430720039441255
-0.750623613999882 0.38651350994407796 -0.5358838463104345 -28.225844662479297 0.43340618547371457 0.9002097564789645 0.04220749617315925 41.98207498946184 0.49872163427996624 -0.20057343037100478 -0.8432360467451135 25.405641489953425
-0.7626642251976561 0.39294363832180124 -0.5137495272076504 -28.81144849217794 0.43700320183992825 0.8986317998368141 0.0385887276766087 42.15219390428598 0.4768348573513789 -0.19507994623864844 -0.8570719534497766 24.352009083181255
-0.7745333269004221 0.3981575855809647 -0.49149635051025603 -29.41310018500112 0.4385075599546938 0.8979890785813869 0.036424368369692775 42.22721958288103 0.45586099348720804 -0.1873129781752647 -0.8701175798844477 23.38825777475436
-0.7851252102742666 0.4043739857770903 -0.46910562117559224 -29.926072309375893 0.439982102403066 0.897241920987711 0.03704976096090527 42.28610807041032 0.4358831882015715 -0.17730937608889125 -0.8823645683016751 22.52185911928832
-0.7962722072492452 0.4081870817139393 -0.4464682276313431 -30.515918940904683 0.43934667178305004 0.8975542588017124 0.037025052330351874 42.26164683016795 0.4158426071911966 -0.1666723097240997 -0.894033146597855 21.66258240644462
-0.805031406924749 0.41447107384526505 -0.42442686391216106 -30.92430893338874 0.4418054006191968 0.8963345219360569 0.037315047492548 42.36187440596914 0.3958944579663502 -0.15747429546187192 -0.9046930000946823 20.774705685480807
-0.8119943293679374 0.42133029467115674 -0.40391334697757864 -31.219454425337023 0.4454973521229509 0.8944984563081562 0.03747827255577943 42.515343521787045 0.3770905969733972 -0.1495101817758311 -0.9140292047957794 19.910481716358294
-0.8178868459285463 0.42748614364665605 -0.38511907800986045 -31.46584206662706 0.4494750133741807 0.8925595533126756 0.03618917162021457 42.68439610724122 0.35921208165836294 -0.14350275530591 -0.9221570579951539 19.046997769283113
-0.8231593209430799 0.43295293192114204 -0.36736969266042424 -31.688612028320755 0.4522910366511719 0.8911127663399132 0.03675399068176686 42.79789288738467 0.3432805711215477 -0.13590362911605422 -0.92934851002385 18.31719752881715
-0.8286238251775724 0.43668998752481675 -0.3502633454183627 -31.9544682838163 0.45312850348073913 0.8906176840889721 0.03840182445276899 42.825468218297566 0.32872042175896776 -0.1268936388617288 -0.9358637126927379 17.68407294274805
-0.8329684489250171 0.4407013231010367 -0.3345831838458817 -32.15064054246189 0.4548022502511688 0.8897101458613046 0.03963293476302635 42.88935621668354 0.3151483400907017 -0.11915620071340302 -0.94153243362596 17.071651013036234
-0.83811362148893 0.4426288858533508 -0.31881848579235816 -32.430686368198955 0.4552711707813919 0.8895348651434423 0.03815605783592461 42.91634528578709 0.3004891321330131 -0.11316975347882965 -0.9470474583501556 16.361785345843444
-0.8423099104846989 0.4442182470538689 -0.30526081255812415 -32.660944248633555 0.45537881192489105 0.8894922188508677 0.037864630641722276 42.923712554054475 0.28834727733955284 -0.10711555250358018 -0.9515156888158596 15.780791910839723
-0.8461999963499225 0.44571730576545043 -0.29203022021458513 -32.87269145428546 0.45525068531523727 0.8895301322669537 0.03850918473743766 42.916920727819544 0.2769338904818224 -0.10036048590119132 -0.9556335035840251 15.253930530830358
-0.848031823029661 0.4491005735035962 -0.2813373455617488 -32.92869618556474 0.4575487482172431 0.888334535735257 0.03887024086443787 43.009898076919846 0.26737832771902764 -0.09576234906666882 -0.9588213610299938 14.765513751716588
-0.8506299789603892 0.4499985004477322 -0.2719006960061709 -33.072136817473684 0.45734805818069685 0.8884087022498939 0.03953139821717557 43.00028711237566 0.2593480143980164 -0.09072666290265138 -0.9615130160670499 14.365853321305654
-0.8503218468119473 0.4554304303191268 -0.26369656799748864 -32.96260684912409 0.4614607387769132 0.8861456093922814 0.04242576483986587 43.154697902579535 0.2529955402804259 -0.08561005837001348 -0.963672233959295 14.051429938374028
-0.8520318296239816 0.45626154739225994 -0.25664598512119957 -33.053459154391675 0.4611139238309689 0.8862161965950243 0.04466320792169132 43.133103573904954 0.24782193316334586 -0.08028856247230583 -0.9654729598384995 13.80035909678069
-0.8526606727480099 0.4586644701152514 -0.25019328728566387 -33.05119362642242 0.46247200310062136 0.8853863352547232 0.04701790820856542 43.178970228083536 0.24308316168959532 -0.07561706948901065 -0.9670535845054731 13.556090391971166
-0.8546631840420014 0.45778263970512034 -0.2449201841984446 -33.18765843311498 0.4601668173276493 0.8863697219599387 0.050943264748169306 43.073478799332186 0.24041077778196615 -0.06916480880673488 -0.9682039491496602 13.454153247938294
-0.8544408337070953 0.46061262322692686 -0.24034740068894608 -33.12550185776466 0.46196340013402104 0.8852399189808258 0.054222714607757926 43.132646850847706 0.2377407803270992 -0.06470160096032494 -0.9691713079753408 13.309601081057284
-0.8547415671246149 0.46181256863088693 -0.23695148213062475 -33.12249077337049 0.46237351451372566 0.8848706873237323 0.0566974407839633 43.14297152834777 0.2358550116185427 -0.061098430174333404 -0.9698656583901963 13.184954103077404
-0.852621507464406 0.4673647824300379 -0.2336808189673412 -32.89850366308664 0.4675574175516216 0.8820479518527687 0.058150424975189435 43.343891836902046 0.23329514847416447 -0.05967889724567617 -0.9705729250921631 12.977932445464374
-0.8515377060654573 0.4705338437534311 -0.231260539287187 -32.77936809910174 0.4703342300317789 0.8804729383020465 0.05960802779974701 43.45057225865568 0.23166624097868163 -0.05801126442669044 -0.9710640792401004 12.820377946263678
-0.8512958798164612 0.47197269177571444 -0.22920973632353364 -32.738351550807195 0.47229492518113214 0.879591293673075 0.05706715117013772 43.539679749668736 0.22854502544502286 -0.05967356460370897 -0.9717027513760681 12.51293225930828
-0.8541373236090567 0.4675109209112185 -0.22777833796632585 -32.98414803249467 0.46881101627028543 0.8817752986133383 0.05185126593420432 43.42202276684525 0.2250903450652193 -0.062496892595567066 -0.9723314635320193 12.164034531066806
-0.857383917478509 0.46275020267699235 -0.2252888545214959 -33.258160203521854 0.46496851999294014 0.884107864568994 0.04644953415081226 43.28828863989033 0.22067417942473486 -0.06492714170248959 -0.9731841412628777 11.77232247230297
-0.8619046572336408 0.4556065973221376 -0.22258254719430226 -33.651518998367735 0.4578306830676895 0.8879182227540325 0.044635135746339726 43.0119065752874 0.21797116203923184 -0.06343388824488763 -0.9738915310964574 11.560475157603488
-0.8665167612712245 0.4477819234140925 -0.220544896788848 -34.060789916671084 0.4498466245792544 0.892036021479538 0.0437006949327952 42.69757548891448 0.21630237352067874 -0.06134399275017578 -0.9743973510651531 11.406701772357078
-0.8709387379381933 0.44085957441998075 -0.21704504233190963 -34.442741924290196 0.442226312408807 0.8957757000798359 0.044964249796799895 42.3912725591432 0.21424659477325475 -0.05682192172669121 -0.9751254615890975 11.291387385266093
-0.872481008631808 0.43976152549420167 -0.21304152241249932 -34.55034233734405 0.44134630518267093 0.8963195122347888 0.04271733709858811 42.35967512845551 0.20973871478205344 -0.056755023409406656 -0.9761088765293399 10.951793208301712
-0.8751340457760555 0.43647801587293733 -0.20887159592260646 -34.76329427823888 0.4386132310548597 0.8978498821284701 0.03852301527020276 42.26025703467111 0.20434978704967866 -0.05790104335429418 -0.9771840326730862 10.5413553663699
-0.8777437286424564 0.43364461426350365 -0.20376038709497735 -34.96426267899448 0.43602656203147916 0.899234294685183 0.03547563198944387 42.1647676873016 0.19861214472394817 -0.05770642756486427 -0.9783778330409242 10.14553947401467
-0.8802235014648494 0.43054939585485086 -0.19958408052242824 -35.16303430621744 0.4329570736077212 0.9007831226684369 0.03373334149975804 42.04573166283761 0.19430584109078772 -0.056718459470651766 -0.9792998807685405 9.841570486142931
-0.8813079995543547 0.42996541050374043 -0.19602539552785375 -35.247363604602505 0.43159249255245863 0.9013261734743332 0.03659302368581736 41.99004190852563 0.1924165541055588 -0.05235336455725521 -0.9799158101212969 9.644590264492754
-0.8847331019117031 0.4263692604311617 -0.18829920908246076 -35.49344936312572 0.426886029858573 0.9034249343837686 0.039896183342125996 41.78867769249375 0.187124706795446 -0.04508482774800389 -0.9813010253809231 9.520802087917108
-0.8877330091896855 0.4240789630866145 -0.17912882923306245 -35.704101739072556 0.4236726036413597 0.9048194479733782 0.04246517977004668 41.65444477611169 0.18008783778694515 -0.038194235645355575 -0.9829087297631912 9.215333787661308
-0.8907551922257296 0.42249841398890614 -0.16748217128925236 -35.899862590013704 0.42188089108647503 0.9057219347652447 0.04104010990706179 41.58525472503883 0.16903165756444977 -0.03410083667537754 -0.9850205234811373 8.64412052351899
-0.894616892551544 0.4197787325161714 -0.15312227561179895 -36.1673235859509 0.4186366961941837 0.907217956288778 0.04121767080793684 41.454593313019075 0.15621757955184776 -0.02722857899944979 -0.9873472906351811 8.055722573149586
-0.898980826969204 0.41709396439022395 -0.13366412237774433 -36.459492528949845 0.41537516769651506 0.9086870800917443 0.041848064894705675 41.320377071410356 0.13891343636545023 -0.01790014926155964 -0.9901427381209014 7.292007661805538
-0.9019217604646697 0.4179970877222979 -0.10869946023779847 -36.59881871867067 0.41596811867655664 0.9084173830306902 0.04181366346493193 41.345917631878656 0.11622246876141124 -0.00750285701250555 -0.993194867531872 6.277671974411345
-0.9039026018495593 0.42018487820917094 -0.0800297100703322 -36.66413110546393 0.4181871161039886 0.9074310839234604 0.04108970496514628 41.43854017563271 0.08988671923163259 0.0036736975702759064 -0.9959452202063805 5.102018888252353
-0.9054589368259551 0.4219829618696954 -0.04554660924470896 -36.71661649956177 0.42026857532987993 0.9063928908569677 0.04273466969735222 41.52315050804804 0.059316425315456264 0.01955268001139233 -0.998047721500414 3.8194257093502864
-0.9056705538794231 0.4239234494209827 -0.007053854744364926 -36.6954927671169 0.4232025629668529 0.904888626908077 0.04556493817291369 41.63875244697372 0.025698998696952784 0.03828161338593327 -0.9989364742277378 2.446131378630327
-0.903502681313774 0.42722638593366974 0.03406640604578486 -36.52300746035979 0.4284859042452988 0.9021280553501684 0.0506438704406921 41.84643082427306 -0.009095862900783208 0.06035384753418832 -0.9981356011914966 1.0931270622434726
-0.901843750161887 0.4249836857298015 0.07788913375726587 -36.495268114769814 0.4294623447346515 0.9014775623409237 0.05385442461749284 41.88364920885774 -0.047328054565546326 0.08201872627259668 -0.9955063956558298 -0.44260868678203863
-0.8972945219212007 0.42400883138772405 0.12279679081889855 -36.28983269327246 0.43264189983741486 0.8999529917194677 0.05390361027103347 42.01436227922005 -0.08765573247241723 0.10149445108179961 -0.9909668758159014 -2.132926221561008
-0.8929192333220816 0.417964505331356 0.16733473950922728 -36.20507598196116 0.4313486499188366 0.900684058547217 0.05202469502178061 41.96706662239148 -0.1289712563973191 0.11863346476448886 -0.9845265441120771 -3.920758122234875
-0.8871133115342595 0.4091160283890537 0.21366807860297415 -36.10682856307937 0.4276740588572746 0.9026995375507252 0.04720640090337738 41.824666440343954 -0.17356518049212566 0.13325772105537814 -0.9757650884817836 -5.943462026303796
-0.8806182469083839 0.3949846408449407 0.2617224421187415 -36.0866506931578 0.41975951712504506 0.9065578779904219 0.044212686374515836 41.50996931590127 -0.21980320970120928 0.14879498429078683 -0.9641299713497921 -8.001676743320091
-0.8684117272360666 0.38665339229741746 0.3104194359632959 -35.64791333203675 0.41868400773989056 0.9071922589677929 0.04130262620920024 41.47099148678277 -0.265640308804471 0.16583533849518625 -0.9497019884387167 -10.034220952185734
-0.8517275502450408 0.3807135346080644 0.3600241446345171 -34.922085713304384 0.4214878519614223 0.9059916038922888 0.039079461685457215 41.58877679140842 -0.31130077224852454 0.18503085754250043 -0.9321241392403478 -12.000322310039175
-0.8325751082139816 0.3736119408965501 0.4089410798660238 -34.09416184281396 0.42380921678695 0.9050358770690954 0.03599734690509537 41.68582548636056 -0.3566573102417906 0.2032834937649551 -0.9118505273419568 -13.973456828835483
-0.8104672544053875 0.3663295516304577 0.4571055557951805 -33.116131294257016 0.42719682393111763 0.9035442246058509 0.033327283186271026 41.8259196602541 -0.40080631626729474 0.22228471333773725 -0.8887878279187903 -15.864708314024563
-0.7864183724080098 0.35918384807756454 0.5025267224927742 -32.03304515594166 0.43269530048902993 0.9009289635675235 0.03319306463489126 42.05076839821513 -0.440818466575352 0.24354458705818338 -0.8639242522587348 -17.49681678979394
-0.7614780620537696 0.34927467677909446 0.5460387909038098 -30.962540455687428 0.43770267133271507 0.8984096124059879 0.03572869777542535 42.25309882350078 -0.47808736912727645 0.2662092569716191 -0.8369976696404702 -18.955729041673806
-0.734242019958483 0.3385550264247229 0.5884463868610647 -29.7902942152321 0.4428356557775299 0.8958328982678779 0.03714835599403005 42.460881501159385 -0.5145728695718145 0.28786092555873105 -0.8076823939130399 -20.39787036206596
-0.7057710862665253 0.326458409237023 0.6287384836548511 -28.582280970519527 0.44654492413196617 0.893993003233074 0.037069406554279594 42.61151969699275 -0.5499861857557384 0.30692249381357223 -0.7767327585914683 -21.839584829704776
-0.6764795163743187 0.31212331653148273 0.6670490980455306 -27.379391820392428 0.4474366690908713 0.8936056002897763 0.03562945808758905 42.64931724966613 -0.5849580250572122 0.3225648251253335 -0.7441613014078526 -23.335306581966044
-0.6466906483395414 0.2934006565686347 0.7040648124109581 -26.239725297381774 0.44466766269144775 0.8949931760362366 0.035466668931476264 42.53645374381857 -0.619727258644243 0.33601081764381363 -0.70924950145885 -24.875653540661478
-0.6149201007907672 0.2760188622381162 0.7387062050181037 -24.974334102434515 0.44284664773817994 0.8959577058674205 0.03386201240099751 42.46611773091607 -0.6525029626220322 0.34795599863425947 -0.6731764306509149 -26.33300263732331
-0.5817497213729577 0.26093416021185406 0.7703769374254531 -23.582211728052346 0.44366418653903766 0.8956332428586095 0.03167307798784566 42.50009019405947 -0.6817106066837598 0.360214461565752 -0.636801531415994 -27.608337765549834
-0.5486364896251441 0.2446396955263099 0.7994682117661672 -22.219048870706384 0.44424966399875165 0.8953706496450333 0.030880994012918134 42.52524810543316 -0.7082656551667567 0.3721059246061853 -0.5999141126729564 -28.755931651310963
-0.5160352297941427 0.22552309923696118 0.8263455532172131 -20.941708061375138 0.44232482749014174 0.8962977545290483 0.031608261768117735 42.44770394299182 -0.7335232706582134 0.3818241308989536 -0.5622756836874027 -29.883330027986894
-0.48504632621975485 0.2043733510632363 0.8502714829958151 -19.789817366547613 0.4387282746979675 0.8979595150974361 0.034441402795515164 42.30319264086326 -0.7564704636674615 0.3897438166554555 -0.5252163315982994 -30.93372930982596
-0.4536569807769737 0.18657737758552329 0.8714265465118844 -18.543411096101117 0.4358791855641483 0.8993490908232983 0.034359109814442235 42.187757966166906 -0.7773060397193985 0.395423943393183 -0.48932118859408646 -31.92687640247111
-0.4226352458198275 0.17337394719719323 0.889562208855614 -17.21480220832652 0.43497924738636395 0.899897264167761 0.03127248449630893 42.15123639818251 -0.7950927639804092 0.4001579542838607 -0.4557423705223701 -32.78596870270011
-0.39263980354612404 0.16666195543888093 0.9044654649463127 -15.800399630658962 0.4380453852004923 0.8986168395151372 0.024576741939867502 42.2760506112672 -0.8086718896906294 0.40584673012002326 -0.42583823979895413 -33.412547363055594
-0.3679903243864048 0.1577653899657452 0.9163477521590507 -14.709090753526176 0.4416254760715279 0.8969064003074528 0.022931375277643246 42.42372051611729 -0.8182603864556716 0.41312103652136145 -0.39972609264461456 -33.80142791209717
-0.348480005200839 0.14854208255542753 0.9254711965724918 -13.890539912028583 0.44470773709993405 0.8953610020333175 0.02374246409598965 42.552364840923815 -0.8251040628543038 0.41983797559057234 -0.37807322004253474 -34.06505360672171
-0.3329217637641385 0.14243473531390102 0.9321348858337156 -13.210034767404746 0.4481102866960366 0.8936696143371177 0.02349023984005358 42.69358696053563 -0.8296747978391118 0.42551964300911693 -0.36134853430451697 -34.23940267602996
-0.3204149376254653 0.14036052103183286 0.9368207896295543 -12.602095320095527 0.4510608045251385 0.8922556820838367 0.020590007533822285 42.814630876464506 -0.8329936484557395 0.42916048504583976 -0.3492031782610455 -34.39712595099602
-0.3114729171404365 0.13741547395253925 0.9402667756580714 -12.197764870922532 0.45238960096311176 0.8916060016176728 0.019554713492763 42.86992252749012 -0.8356603800758198 0.4314576750942629 -0.3398764536913232 -34.55334385038833
-0.3044031798347945 0.13375279056595912 0.9431059829744927 -11.905335766381723 0.4541331368135142 0.890703488945676 0.020258055877034914 42.944146488687785 -0.8373182179759279 0.4344622950220396 -0.3318745486622897 -34.64141962922469
-0.30012665738184685 0.1285977343018979 0.9451913098739417 -11.790696185268798 0.4527594225186369 0.8913489736668172 0.022492497942680323 42.89028951676364 -0.8396028197007139 0.4346948698518646 -0.32574142394709416 -34.82600101952199
-0.2960158622675922 0.12596320778295036 0.9468410001531425 -11.630514887627621 0.45148828866175705 0.8919937049112916 0.022484563591628953 42.83973547061053 -0.8417439839329129 0.43414341027321524 -0.32091519881284963 -35.01967576696565
-0.29303346727639656 0.12325769458978034 0.9481238989606715 -11.531023401045312 0.4499525237541053 0.8927561101336815 0.02300552512527465 42.77771640209759 -0.8436077959711399 0.43335212996290995 -0.3170675291374455 -35.205154957416504
-0.28860641548064536 0.12446795564702853 0.9493229508236185 -11.271345794026635 0.44844495881767243 0.8936048420432885 0.019170424820690368 42.71358614991533 -0.8459334819324917 0.4312517991775095 -0.31371711756251336 -35.44396547200296
-0.2865490554388274 0.12582856750700272 0.9497667136861827 -11.134191199347601 0.4474999424547618 0.8941307116967873 0.016555117141864 42.67397627113454 -0.8471324809792742 0.4297644028996953 -0.31252058759410983 -35.61288258506494
-0.28319204159272615 0.12714799865661672 0.9505975247265063 -10.92853544940689 0.44766876429082925 0.8940933616508377 0.013774546461720966 42.680076000854356 -0.848171530444677 0.42945366116674466 -0.31012031190106404 -35.74698087348339
-0.2819324698455504 0.12530938937203073 0.9512158742272947 -10.900017985360568 0.44773143960693684 0.8940434934463076 0.014926145310208416 42.685177652357076 -0.8485579770612539 0.4300974177573383 -0.3081648435564673 -35.82698624998898
-0.2802256691064447 0.12526040245098594 0.9517265394805707 -10.809958123595354 0.44967141256213006 0.8930704266264285 0.014860478110321318 42.76787169645962 -0.848097397176895 0.4321285048028025 -0.30658727996880475 -35.83303032614057
-0.2795335230762594 0.12523478398871232 0.9519334316830537 -10.773980120377416 0.4530035004208678 0.891369485295211 0.015756563425793596 42.910235516111555 -0.8465511432175938 0.435633664406059 -0.30589944810858033 -35.750850284266654
-0.27815785356600886 0.12522871700612279 0.952337113073176 -10.700157240169359 0.4545326374155816 0.8905925890619155 0.01564997865906445 42.97599646001221 -0.8461845484429423 0.4372214641860509 -0.30464586199621957 -35.77166784145892
-0.2784387123312777 0.12467176832459079 0.9523281123951551 -10.726303586860999 0.45511239245074553 0.8902808285909323 0.01651534078367417 43.002953525098576 -0.8457804642536136 0.43801483585178014 -0.30462831427935183 -35.80788992105291
-0.27817665259717006 0.12588314402480236 0.9522453381352224 -10.686300910554507 0.4559503051052345 0.8898692391091876 0.015558167041092363 43.039447656516735 -0.845415323509266 0.43850447128583064 -0.30493730411029946 -35.852545358961386
-0.27929176097508596 0.12697925225360587 0.9517732827457129 -10.721992086075595 0.4569893860798796 0.8893379367921936 0.015451057974764287 43.08502725228787 -0.8444861237828426 0.439265641359895 -0.3064129290008989 -35.86419660098292
-0.2816097748507825 0.1270881140030005 0.9510754680821347 -10.84212089594794 0.45755231097430193 0.8890261914190327 0.016682736377595875 43.11134059819314 -0.8434108236384965 0.43986479996713646 -0.308507925861401 -35.87194426335966
-0.28357607251563466 0.1256725681399065 0.9506792396564301 -10.975195430788279 0.45614783322575303 0.8897127334473369 0.01845009986745033 43.054915145967286 -0.843512753513578 0.43888228211991975 -0.3096265122710797 -35.9737066831833
-0.2848027963052038 0.1259622406393236 0.9502741084286458 -11.03325482807595 0.4550242262363664 0.8902897151544935 0.018362369894069197 43.009328977177674 -0.8437063000563244 0.4376273951928189 -0.31087287147967035 -36.085336861419925
-0.2851061632768119 0.13211646033365088 0.9493469948182712 -10.923572773099783 0.456032222137729 0.8898666106252517 0.01311593177977971 43.04722487362949 -0.8430593621054813 0.4366722526142847 -0.3139558181704321 -36.145126711363865
-0.28473659090629033 0.13536270371836157 0.949000533319723 -10.837570299608855 0.4549756735711934 0.8904532077642997 0.009498486232414227 42.9995626182125 -0.8437548282869275 0.43447672345515076 -0.3151313480410569 -36.302925222784864
-0.28562487054539 0.13482203007454838 0.9488105467017672 -10.896911452607942 0.4532161287493265 0.891347042224888 0.009777062872722675 42.92521127544249 -0.8444013109697325 0.43280881521004266 -0.31569440208701205 -36.445892883380374
-0.2866504476324859 0.13524870995533056 0.9484404606128495 -10.94303854877256 0.4543702778775107 0.8907533270101752 0.010303446113661158 42.97660150306418 -0.843432967966992 0.4338966430795729 -0.31678783384257136 -36.4448817445756
-0.28713059753000136 0.136539485362371 0.9481102198051886 -10.942782569955877 0.4550553791994123 0.8904115921888069 0.009581145937321484 43.00558424251902 -0.8429001256517544 0.43419369575429356 -0.31779743980007846 -36.48355133510444
-0.28693409464889913 0.1387614746267698 0.9478470754754803 -10.886726213590915 0.4567172069614689 0.8895757141055849 0.008027561202099326 43.0759833982975 -0.8420678227989308 0.43520144994352095 -0.31862435527392696 -36.48992148701448
-0.28779124528943584 0.13943086538459254 0.9474889091239325 -10.918948088667555 0.45660986289383226 0.8896330671657275 0.007774246804428148 43.07239259247132 -0.8418334943697783 0.4348701410575393 -0.31969411657671215 -36.55508859569882
-0.2885303517003046 0.13861485104082702 0.9473838499882864 -10.975163889026778 0.4548311112074642 0.8905397458412154 0.008223220466878706 42.998689288951894 -0.8425431125025483 0.43327229792359556 -0.3199940927994222 -36.69706548183874
-0.289297971722442 0.14050788839487469 0.9468707498154617 -10.97954176875919 0.4529694421624991 0.891505146633488 0.006103932584620331 42.916238921904096 -0.8432824959788242 0.43066937066015815 -0.32155641052684336 -36.866978270082505
-0.28920180511599347 0.14484629329449494 0.9462461980037203 -10.885786643293018 0.45036135505570163 0.8928458460291259 0.0009721630140528958 42.795978810770016 -0.8447111729994122 0.4264338712477924 -0.32344580328484407 -37.10638046042797
-0.2882204695320638 0.15041912281790903 0.9456759743344478 -10.718182903418302 0.4498619500687774 0.8930844083737473 -0.004946251108673361 42.76174739289913 -0.8453124788047515 0.42399802713032053 -0.3250730474317465 -37.26489377734725
-0.29012554171770716 0.1518484032622749 0.9448646635734159 -10.791569384519718 0.45146927139923276 0.8922739142473731 -0.004770632653776252 42.83505989247218 -0.8438025047517059 0.42519327885135827 -0.32742634071555426 -37.234326234389115
-0.2939139950788462 0.15270867165512023 0.943554251274467 -10.98027765611213 0.45228140074686274 0.8918685813205536 -0.003459507438626136 42.873702032945324 -0.8420546882686701 0.42573524079478187 -0.33119994974359745 -37.20716232412856
-0.2971157780913165 0.15386850112659842 0.942362296980437 -11.131131977771519 0.45569204415028464 0.8901359352277758 -0.001666647625567147 43.02604716913708 -0.8390869891181287 0.4289318141350986 -0.3345900828109624 -37.06032976068133
-0.29919005050451586 0.15739430233881876 0.9411229182579616 -11.171792065438666 0.45898476254449927 0.8884401301460956 -0.0026688757854408107 43.167787481416184 -0.8365514338228551 0.4311625780807804 -0.33805403389348887 -36.95611140981495
-0.3026394750637346 0.16144651740941304 0.9393318743391599 -11.278425242902468 0.4600640815718072 0.8878749287893163 -0.0043762626584845365 43.21308149133832 -0.8347157534038978 0.43082842622526507 -0.3429817461259778 -36.94579713771926
-0.30739133866626195 0.16137382872904657 0.9378001131980588 -11.539771260564569 0.45903242850446735 0.8884162305196261 -0.002414731991280561 43.17375824247072 -0.8335465160950856 0.42973839571374933 -0.34716727489082044 -36.98664990854231
-0.31191587758298034 0.1622395283368315 0.9361553400780671 -11.769321302849225 0.45723095866733876 0.8893462036922059 -0.0017833716402297917 43.105513329358836 -0.8328555311383754 0.4274829416752244 -0.3515821366749329 -37.06869841215223
-0.31668970362739446 0.16454637701225566 0.9341478049155465 -11.985206788172055 0.45597228869391154 0.889991285552277 -0.0021871406543765293 43.04389822578907 -0.8317432918633185 0.42525286766010933 -0.35687966457508374 -37.146979993445704
-0.32038476106912905 0.1682969372396206 0.9322176493665203 -12.112832876110604 0.45632661247682815 0.8898041980689517 -0.003809441467344854 43.05709594306785 -0.8301322952518472 0.42417523503221355 -0.3618780766574104 -37.16563423166161
-0.32429067677691414 0.17077717939586712 0.9304142689969683 -12.277041012594669 0.45631417349975556 0.8898084466011497 -0.004278249698727782 43.05779073698144 -0.8286211028080361 0.4231738216795098 -0.366484630818746 -37.18714209515369
-0.32805108845158437 0.1749539459669262 0.9283176181438832 -12.401840810961366 0.45422839606242854 0.890854724642125 -0.007377248359473315 42.957113905312504 -0.8282868148028704 0.4192481083718872 -0.37171491233243525 -37.329423302672126
-0.33266297748922635 0.1783230789425859 0.9260325172068413 -12.590587562394964 0.45250280188559566 0.8917159333813702 -0.009160154992001457 42.87693188450357 -0.8273914174643631 0.41598506423936477 -0.3773325703356175 -37.436394584471685
-0.33587269556118576 0.18113667710011233 0.9243262608979542 -12.710969947987405 0.4509086209056509 0.8925016746413457 -0.011053341366213748 42.802055194849004 -0.8269649012923265 0.4130741640087452 -0.3814430325213049 -37.55541328038708
-0.34090312224240477 0.181815293546047 0.9223493157574006 -12.978894767170882 0.4505229393380691 0.892714740645901 -0.009459014943899086 42.78977055896675 -0.8251146237799732 0.412314917103768 -0.386241202822985 -37.55308978649909
-0.3433996398688943 0.1805849659796054 0.9216646664595852 -13.141505022006042 0.45127693884025566 0.8923587784977249 -0.006703350581362372 42.829071632692155 -0.8236660802830732 0.413624081141552 -0.38792951381781315 -37.5287401713549
-0.34080059461426637 0.17938180819128494 0.922863544409783 -13.018003630339111 0.4498385300407224 0.8930786342259082 -0.007473284417764764 42.7622412268512 -0.8255302850903561 0.4125926804721719 -0.3850545784943008 -37.724773318350564
-0.3380240919002029 0.17805852221878296 0.9241400737768634 -12.890029555032685 0.44658436619394515 0.8946958850656892 -0.009037539359540159 42.61282018624321 -0.8284335321353159 0.40965160308704524 -0.3819469163666836 -38.0137921059686
-0.3335389149075383 0.17656446062354947 0.9260544171305578 -12.668406096401847 0.44492408552744456 0.8955068387267275 -0.010490944248757017 42.53218607719626 -0.8311403914862214 0.4085247765293782 -0.37724416046077175 -38.2548357182439
-0.32820585924272927 0.1729426143397947 0.9286397396752193 -12.441077303858366 0.4436381866565215 0.8961490852582581 -0.010098333075395177 42.47468654804944 -0.8339460853669471 0.4086657180827691 -0.3708453283581169 -38.47227823174456
-0.3221360247934357 0.16969818531583783 0.9313597089367752 -12.166329257143243 0.4433763104106816 0.8962803069664742 -0.009952824257168508 42.46404478807273 -0.8364483420372678 0.4097366681718817 -0.3639643304755445 -38.653154365054895
-0.31444099076762844 0.16559561328186634 0.9347218603343322 -11.816113475881833 0.44274306301330335 0.8965938513330745 -0.009901813234091728 42.43817763837533 -0.839705569517477 0.4107280835461915 -0.35524216797531566 -38.87707876201115
-0.306928480041806 0.1622450682336494 0.9378013894066722 -11.46263207235761 0.4386643890263314 0.8985723036823791 -0.01188986354408203 42.249417347420795 -0.8446114265976882 0.407730735766633 -0.34696856510614615 -39.2760465997768
-0.2999340351113172 0.15836417934853023 0.9407233181340353 -11.146081715738813 0.43615248689853714 0.899787157468884 -0.01241287340974448 42.13452754964737 -0.848416514899412 0.40657577147849266 -0.33894772353949215 -39.57698548385047
-0.2938035367178047 0.1553656947509406 0.9431548031509287 -10.862290168809084 0.4350678980540734 0.9003069631499765 -0.012778739627866631 42.08460229220536 -0.8511142143654515 0.40658193884901483 -0.332107996150132 -39.80006284993013
-0.2875241112832801 0.1532686410887088 0.9454303829947399 -10.55026448434288 0.4366717915351089 0.8995265752506006 -0.013026392265096332 42.158351709591294 -0.8524362919938817 0.409097377254788 -0.32556367121497953 -39.89759197299568
-0.2824362818285453 0.15033780880518147 0.947432472501615 -10.322569770319282 0.4373480348034925 0.8992080866197464 -0.012309078404923318 42.19204701349653 -0.8537894606753997 0.41088119962017255 -0.3197189338126509 -40.017073337271135
-0.27736994903571954 0.14705818487994052 0.9494418368871995 -10.100340855654009 0.4380614314327772 0.8988746331820427 -0.01125060500216693 42.22943342474888 -0.855083676410086 0.4127932703928998 -0.31374133016761696 -40.130869980625505
-0.2718111605220491 0.14495149808886446 0.9513715132467709 -9.827022140866674 0.43839037202332 0.8987088037892741 -0.011677658537031899 42.244507811769395 -0.8566986487283098 0.4138979937055099 -0.3078244241018599 -40.279684241401505
-0.2663942964497569 0.14336891994132908 0.9531418738120239 -9.550397900584082 0.43917314123993567 0.8983171760208501 -0.012377531230926053 42.29153392970843 -0.8579982697141566 0.4152970070452974 -0.3022703510216171 -40.39732732172557
-0.26109532979586947 0.1403395719744336 0.9550570837896648 -9.31227559376533 0.44044292196742674 0.8977069170020586 -0.011503201965292309 42.34215298571291 -0.8589757046899413 0.41764470031917295 -0.2961986547027633 -40.50231190322805
-0.2550039573016728 0.13763967204843938 0.9570936748505263 -9.01977788469009 0.44133737504210957 0.8972682218032186 -0.011448123559401835 42.38417214549996 -0.8603454557045254 0.4194818933166115 -0.2895524788843707 -40.62658993702307
-0.24876729439495898 0.13391390916513174 0.959261120952749 -8.738038765531906 0.4414469644854651 0.8972226838971769 -0.010771863669532145 42.39326960891042 -0.8621133398724209 0.4207832226128548 -0.28231554824621397 -40.78255093010725
-0.24050080519376815 0.13196600110893925 0.9616362811647992 -8.307290254968207 0.442111272684462 0.8968729899256982 -0.012508497394345092 42.42088725061889 -0.8641163030903158 0.42214193643021836 -0.2740423329350249 -40.94682105632857
-0.23402851186303575 0.12664260676235345 0.9639462151944002 -8.042219998874216 0.4428454597523663 0.896539115855016 -0.010271928670988889 42.46256812367063 -0.8655163513255474 0.4244752806634827 -0.2658988185264637 -41.061690419366265
-0.2257034571036774 0.12377925309097973 0.9663004946473367 -7.623502179863841 0.44502166231540274 0.8954551786314495 -0.010758398215074044 42.564148229035645 -0.8666104485416063 0.4275964447541135 -0.257191778469216 -41.141279962595135
-0.21760046443761327 0.12067294720044636 0.9685494709566947 -7.220853297906042 0.4472004081613256 0.8943666383335545 -0.010959524455045278 42.666725809856096 -0.8675608525151873 0.43075092112483665 -0.24857958712095807 -41.21158998261251
-0.209773422786311 0.1160399710404344 0.9708397582574845 -6.862650754554458 0.44925833310888197 0.8933491859257985 -0.009704748216341152 42.76911530732086 -0.8684250464057014 0.4341220532599661 -0.2395328404386477 -41.27188698714989
-0.20170787567605314 0.10971035522120418 0.9732818558092465 -6.524750123555891 0.4515317645029914 0.8922276174829025 -0.006996016409242689 42.88510237139385 -0.8691564867934133 0.438056522104192 -0.22950704761926272 -41.313586240359875
-0.19288612336478345 0.1013173742371215 0.9759762974022477 -6.181115555699244 0.4526084807608918 0.8917038973383751 -0.0031181107855172974 42.94898239055384 -0.8705977869008301 0.4411337089242312 -0.21785441077501416 -41.40688092440596
-0.17990489664315454 0.09141644050267153 0.9794270072698819 -5.625948132551015 0.4500292918361837 0.8930135292522481 -0.0006877949309015141 42.83791444194306 -0.8747044441714233 0.44064710481094216 -0.20179758266266629 -41.70477955917023
-0.16582722470145486 0.07780995998192086 0.9830803332766987 -5.078643601924144 0.4410280852368841 0.8974870210147808 0.00335784786760307 42.42660737007771 -0.8820405657225187 0.43412285961191466 -0.18314415956364255 -42.297259240546126
-0.14700309208186854 0.06687774510816982 0.9868725642795101 -4.20856611194621 0.4311078660092895 0.9022951715444839 0.0030710376790235583 41.9558195185499 -0.8902449656040105 0.4258999772443715 -0.16147170216467552 -42.96267290205849
-0.12495386912568482 0.060492089927528 0.9903167360227338 -3.065096773102999 0.4233279241416753 0.9059744793910609 -0.0019264822854401509 41.59361876555325 -0.8973182262901056 0.4189880066878956 -0.13881300738505306 -43.51052395051898
-0.10120636660909371 0.052730806281394066 0.9934670268442228 -1.8556266892829987 0.42037756275855753 0.9073335929811871 -0.005334395656941382 41.41841370315352 -0.9016872939589206 0.4170913726232705 -0.11399478407486627 -43.849874897912365
-0.07726726212140173 0.042842458056133736 0.9960895009947508 -0.6713580570280552 0.4204043189307372 0.9073142123959081 -0.0064131590325322285 41.420231278419735 -0.9040409165677437 0.41826480101976304 -0.08811683947607533 -43.98612001834006
-0.05376270205742618 0.03546913471638222 0.9979236004574477 0.5339006430747035 0.4224646912864499 0.9063300808161677 -0.009453529711330427 41.50867215734124 -0.9047834859698363 0.42107923849345685 -0.06371121114875655 -44.00829138592157
-0.03227193814184882 0.022957375358569038 0.9992154326896749 1.5274694085739189 0.42692384264863614 0.9042605877786584 -0.00698727187946277 41.73128164338163 -0.9037115439047412 0.42636339935182144 -0.038983292658112144 -43.87950517816357
-0.009632319241352945 0.01111607084772201 0.9998918198459978 2.6045724821773524 0.43025089855415855 0.902690126265417 -0.005890690644173885 41.89926343237277 -0.9026579544430837 0.4301476129328565 -0.013477698942829769 -43.77446857571608
0.013329364822396599 0.0001735122982407522 0.9999111450158527 3.7162168784996736 0.4311471817991271 0.9022622958178889 -0.005903996282408119 41.94647085637802 -0.9021831497318611 0.4311875687434815 0.011951773968055766 -43.75588576483963
0.03531118569370838 -0.011917589045756516 0.9993053043170746 4.750996821714798 0.4289314181279372 0.9033264206046591 -0.004383649202617218 41.84519013516085 -0.9026466411102748 0.4287882331745023 0.037009355350066345 -43.85666124199343
0.05685688795937297 -0.02411061285610136 0.9980911644931432 5.757113407523678 0.4277145863536139 0.9039103020555138 -0.002529517398019432 41.793271089186874 -0.90212389776124 0.42704197005167205 0.06170598757377283 -43.89071472058095
0.07993354815434828 -0.0327812876289012 0.996261017535489 6.921596729578951 0.4285058610728737 0.9035270327550897 -0.004650602861806463 41.82696874459551 -0.8999963082733461 0.42727542436018295 0.08626909546398423 -43.795049048489155
0.10198848987250962 -0.038487889877300924 0.9940407588556506 8.081964759579481 0.43164921261264033 0.901992952809267 -0.009363243738527677 41.96847579811231 -0.89625738779907 0.4300318539541138 0.10860616649332193 -43.566775232504085
0.12078930974204671 -0.046101587850194525 0.9916070725089301 9.022696320847649 0.43611848423960514 0.8998184262509338 -0.011290149859149556 42.1829532472898 -0.8917458216087077 0.4338219028322378 0.12879420121429092 -43.27686822213047
0.13581610772020905 -0.05293010552022198 0.989319154172884 9.758539482621654 0.44311367403928326 0.8963729818279482 -0.012874367102127082 42.523180091344585 -0.8861175185962301 0.44012939163215475 0.14519594298178212 -42.889709135129976
0.1495380852890804 -0.057190389871395214 0.9871006130858361 10.46998247639083 0.4479850442382428 0.8938965071006042 -0.016075905330624057 42.753462580017874 -0.8814464029008998 0.44461027192328495 0.15929201145496055 -42.59676500814848
0.16162921917416337 -0.05941501500904417 0.9850613440292059 11.125695696982392 0.44704173839023037 0.8943024864042288 -0.019409970331120713 42.698989351190335 -0.8797895655474616 0.4435007540046456 0.17110640417915307 -42.590385027917144
0.17032341884286745 -0.0643893236973418 0.9832822321121623 11.534373678821071 0.4424735353178639 0.8966022652953937 -0.017931770980015554 42.48119273072606 -0.8804584621303769 0.4381305659971324 0.18120293486046024 -42.8025829688655
0.1787965908567523 -0.067987820431722 0.981534225267233 11.95723869814967 0.4404840112835965 0.897578657913747 -0.018066229857650162 42.38362801626249 -0.8797758890203322 0.4355803130660303 0.1904315519229508 -42.887100708859585
0.18513084602433133 -0.07254196668207352 0.980032771350128 12.239066220561087 0.4432872884589281 0.8962106868481264 -0.017400708891892436 42.52611732180991 -0.8770535615006909 0.43765747777126607 0.19807317438221503 -42.76975486715613
0.19257892437734203 -0.07725712234048851 0.9782355007529283 12.583005249382198 0.4469361162947738 0.8943976202097027 -0.017349493207707678 42.709551093088756 -0.8735911319587729 0.4405499222686195 0.2067711298806072 -42.59212184220014
0.2007676638592039 -0.08095857696977377 0.9762878950204938 12.988983621258786 0.44491749740138103 0.8954055472047627 -0.01724315925320996 42.61175294147941 -0.8727776152346083 0.4378294357965995 0.21578836737744114 -42.672859052605816
0.20896719166761585 -0.08599585711531874 0.974134192688847 13.37347542433725 0.4410866544675046 0.8973323092506995 -0.015404221027738224 42.42942450637297 -0.8727973854550747 0.4328965688635207 0.22544463756979674 -42.83930667951561
0.21634634308344808 -0.09227767511827692 0.9719460327143603 13.68705311066732 0.4358603322281106 0.8999398528799163 -0.01157721851204116 42.18047949121262 -0.8736246508795524 0.42613740961483326 0.234918874299916 -43.08942868763074
0.22199353582804812 -0.10061968502359242 0.9698425382691328 13.86121684866563 0.42895484450873556 0.9033148797697442 -0.004468708880560751 41.854797582686636 -0.8756235557721411 0.4170106796861751 0.2436913654699867 -43.452444927845285
0.22777632437412793 -0.10929961080382272 0.967559580146228 14.038986224556991 0.4237909063213095 0.9057564543453929 0.002552083663499488 41.61362008278623 -0.8766522764323237 0.4094616471536685 0.2526300570720546 -43.727237073324645
0.23441160199140154 -0.11665112411010914 0.9651133177485806 14.29122055457745 0.42339528307134566 0.9059205679750012 0.006660239694329689 41.60673148816739 -0.8750929294222184 0.40706318890769133 0.2617478273291708 -43.75645949479335
0.24230297590063093 -0.11999137082366437 0.9627519612016151 14.692368199524974 0.4256804273751803 0.9048559820658161 0.005641406685511108 41.7212360610522 -0.8718287914604461 0.40845773667243146 0.27032727522958633 -43.61749989466063
0.24837704627015111 -0.12463363937501568 0.960611939766654 14.963337871656229 0.4298164918037517 0.902896254024805 0.00601147581630973 41.934703329074146 -0.8680821540958151 0.41139374132832063 0.2778282982999683 -43.42498638332033
0.252179630202712 -0.1290886278790149 0.9590315741742483 15.103689188977565 0.43319003120163924 0.9012721856706895 0.007405687267319272 42.11173368113665 -0.8653044729910659 0.41357535406343027 0.2832023932331117 -43.30758624364316
0.2572936132466557 -0.12888363269636816 0.957699851626525 15.409297578296828 0.43491800842120265 0.9004596173017251 0.004336307157659064 42.19340103878045 -0.862928920904506 0.4154052079979481 0.28773632136865585 -43.22406184766529
0.26194131262991244 -0.12458448778190737 0.957008596691711 15.761215859743434 0.4354098104207176 0.9002301746647601 -0.0019823250111608848 42.204912418959125 -0.8612810492093235 0.4172101844720175 0.29005278182722516 -43.191045553750634
0.2637911639988858 -0.11990506988160399 0.957098216492331 15.953866301785292 0.4335879309012317 0.901086977025205 -0.006615588588075261 42.10263641383247 -0.8616354960033286 0.416731369172355 0.2896881736882483 -43.324413887746935
0.263139389747489 -0.11845876714987266 0.9574576659302757 15.94295624763637 0.43040721788818204 0.9026105747069497 -0.006616435365455364 41.94131397270102 -0.863427639326582 0.41383773500313203 0.2884979042114577 -43.58853624111915
0.2602872115606165 -0.11693296741555034 0.9584243572809453 15.801326689318643 0.4285406730047079 0.9035015584631132 -0.006150238645605849 41.8477565872305 -0.865218734817197 0.4123246475607779 0.28528043384573254 -43.83475112449215
0.2580469892546565 -0.112802596973927 0.9595245309279721 15.743372339821017 0.42872299141068715 0.9033902234592922 -0.009093997693080835 41.850249618464666 -0.865799253853039 0.4137169059563649 0.2814781940993179 -43.95894088598897
0.2547878259613892 -0.10713198666200366 0.9610441723332601 15.652471814529482 0.4330039238160627 0.9012781774447581 -0.014326507660570198 42.0593932548591 -0.8646333128568215 0.4197861173213179 0.27602327800845083 -43.8984850870402
0.24966515379070936 -0.1001137943783042 0.9631430522813524 15.472432783726724 0.43819937891014643 0.8986512631957366 -0.020179481645200226 42.3138262548508 -0.8635094760947464 0.4270868006996771 0.2682317083468898 -43.82526731349426
0.24405766848754745 -0.09452090567438956 0.9651433327972149 15.239684709527847 0.44249162988806834 0.896448731798041 -0.02410038872476486 42.527056047664 -0.8629235261200282 0.43294973108685164 0.2606098970116056 -43.808486038688216
0.2374849517132172 -0.0895544001830266 0.9672543135688925 14.935582416895693 0.44417691536483217 0.8955576803406963 -0.026140180561240067 42.610421733713316 -0.8638910611684518 0.4358399368927197 0.25245946970275557 -43.940083551559034
0.23197442582631644 -0.08179516788821561 0.9692767490622528 14.743616988217504 0.4408029637867429 0.8971093794018561 -0.02979108098139871 42.42803678129368 -0.8671104963494413 0.43417083262162537 0.2441619856187083 -44.286844633325124
0.22642542502762136 -0.07434836588126878 0.9711868241444825 14.542897935547172 0.4362769586549896 0.8992116253803019 -0.032876558938982114 42.18652604236132 -0.870858164253981 0.43115052275475774 0.23604085341416137 -44.689321519766736
0.22036870404229342 -0.06812859410315295 0.9730344952488825 14.28828798112838 0.43152022976585114 0.9014389727024715 -0.0346131448432451 41.93462532993023 -0.8747730709055617 0.4275117228318309 0.22804780476867695 -45.112046660052066
0.21375256559958133 -0.06398010280799349 0.9747904324234391 13.963961314378555 0.4311237489771751 0.9015996489097704 -0.03536079967484737 41.913129698213915 -0.8766083240350062 0.42781376734562615 0.2203025798806724 -45.33979483413274
0.20748689278558685 -0.05839153920832574 0.9764935317097934 13.684133272622459 0.43365209252149356 0.9002656414989719 -0.03830975578328208 42.039166371960704 -0.8768666101374327 0.4314072355505031 0.21211493379948604 -45.41410931433601
0.20126639672069757 -0.053837125571871924 0.9780559296181509 13.387576753763467 0.4366750446845818 0.8987121520291683 -0.040390260519331145 42.19392852379925 -0.8768162537845573 0.43522181896736223 0.2043898857428011 -45.4650815624453
0.19609398712886575 -0.050592570363248185 0.9792790920038801 13.132008208374987 0.43890701186379777 0.8975728340235847 -0.04151677443711735 42.31012615028326 -0.8768738695780005 0.43795364988422025 0.19821406964288257 -45.53885513700783
0.19061703943346073 -0.05012640452490613 0.980383847198141 12.808117943793349 0.43820190017392024 0.8980176979207874 -0.03928497047236981 42.28140884802744 -0.8784328312179526 0.4370944495077177 0.19314296064821282 -45.762778686601216
0.18649531895258398 -0.051050854680187024 0.9811285880276835 12.541905720185218 0.43702444357163694 0.8987165117790674 -0.036307949220051816 42.22961459522938 -0.8799029103995933 0.4355484378253321 0.18991689387265615 -45.98892675389454
0.18365053414339866 -0.051698796520377066 0.9816311505586959 12.358260024293639 0.4364177178684442 0.8990902786655931 -0.034296447914106964 42.20419975586214 -0.8808019396205615 0.4346997874940482 0.18768068071404137 -46.167055883294346
0.18371936622522234 -0.04760181619839737 0.9818254740881481 12.431869734813297 0.43541750233972454 0.8994318163211495 -0.037868277561491914 42.14446548108617 -0.8812824706812447 0.43446113161461547 0.185969707173263 -46.309858760318726
0.18374447946201275 -0.04488381808075928 0.9819487813230012 12.480447190863579 0.43490521681225136 0.8995756992069449 -0.040261815480984786 42.11186272568892 -0.8815301575423966 0.434452533967555 0.1848122752212305 -46.43163765781207
0.18117849237869904 -0.04684075596730353 0.9823341068494942 12.289965240202855 0.4310574990307084 0.9015854230225251 -0.03651242970120694 41.919019519683985 -0.8839478414639479 0.43005775027745546 0.18353894681380628 -46.76109788964543
0.1786097233369383 -0.05029198984425612 0.9826338496545942 12.074780800428606 0.4263849269379323 0.9040023664442807 -0.031234845017616863 41.68539910022891 -0.8867324629275938 0.424559109218782 0.1829073589818569 -47.12959860114192
0.17842856341626995 -0.04954852095969903 0.9827045292598953 12.076291914381375 0.42274150467231925 0.9057168628400811 -0.031089943623379412 41.49064176615584 -0.8885116026167523 0.4209773253250437 0.1825519750032376 -47.40373009940614
0.17884063124533411 -0.049373200637656545 0.9826384460596708 12.105099777206684 0.42336563361157153 0.9054090284776951 -0.0315599655853645 41.524961973616975 -0.8881315042787544 0.4216595524945101 0.18282683855956838 -47.470609452516584
0.17815604547864777 -0.05175130238115286 0.9826404358468384 12.02261296974176 0.42764454455355894 0.903450596540644 -0.029952681414750243 41.76311904786263 -0.8862169976777634 0.4255570729199656 0.18308634770184806 -47.390206493446804
0.17676557236753077 -0.05426291247085904 0.9827560576031871 11.897023338503308 0.42786227538924715 0.9034383307209153 -0.02707500476346089 41.783549401805054 -0.8863903235732635 0.42527017167253256 0.1829138468276785 -47.50948655522438
0.17595167454936134 -0.05190655914317685 0.983029357314008 11.890368934577564 0.42602788719647033 0.9042607965672654 -0.028507036367296373 41.684550380816624 -0.887435207524576 0.42381378093385624 0.18121984310875597 -47.70078286338462
0.1730831794816859 -0.0483371395906782 0.983720353513488 11.772040906820939 0.42210194339561885 0.9060601999941246 -0.02974665305960586 41.469269368782406 -0.8898719921214242 0.42037891826636364 0.17722698077620586 -48.02438558335164
0.16807740321496828 -0.047275148874142414 0.9846395517281644 11.481314500819604 0.42179335318717903 0.9062443166317818 -0.028488695647751444 41.457715826366865 -0.8909771903565368 0.42010272418959893 0.172259534983841 -48.21290212464017
0.1638316642835213 -0.0461842380066976 0.9854066175634463 11.244237485331503 0.4190107999974225 0.9075759212514047 -0.027127415103241515 41.304009310997714 -0.893078459746741 0.41734034471208786 0.16804136815672546 -48.50199560622602
0.15936382858875475 -0.0397336709042615 0.9864199944922071 11.075705134895843 0.4206413448683774 0.9066822101944182 -0.03143610510682826 41.39384239194365 -0.8931203889313336 0.41993881115400206 0.16120597309562262 -48.57251363900171
0.15462654696911163 -0.03764648052082678 0.9872554752832744 10.819787342274534 0.4204789383883717 0.9067629572598479 -0.03127941356808475 41.38894662776552 -0.8940291345052448 0.41995676187647024 0.1560391771640462 -48.74531622048623
0.1526602445977602 -0.03586944681656082 0.9876275778371248 10.740917116832305 0.41593581743639885 0.9088557210331356 -0.03128376765758989 41.123709719897676 -0.8964888429271536 0.4155654715329623 0.15366552435962985 -49.072851691076174
0.1498283565274646 -0.0328798213332025 0.9881651587307535 10.622330036072098 0.416760816172894 0.9084182909976269 -0.03296408172319493 41.16663119394242 -0.8965834516001184 0.41676747225526956 0.14980984075410697 -49.17373135818553
0.14899333205459367 -0.029153684967654997 0.9884083415552889 10.643192048766602 0.417014572274786 0.9081836481224256 -0.03607364402884308 41.1734629515665 -0.8966046138146664 0.417555414209718 0.14747081931827732 -49.2706838963506
0.14973724470244654 -0.027284599340441473 0.9883492845081394 10.732822157630602 0.416853575780204 0.9081755237134438 -0.03808299472296861 41.16339897892238 -0.8965555498172868 0.41769937606685925 0.1473613834258457 -49.37118871639541
0.1506633961618533 -0.027199493801176033 0.9882108725337605 10.802009053103083 0.4145953599024745 0.9092043902130164 -0.03818460900303697 41.03734364049851 -0.897447061728052 0.41546066523118275 0.14826060515642367 -49.56394069536393
0.1529155590851066 -0.026002650778824132 0.9878971069611268 10.975028451044016 0.4109843698680143 0.9107800392648389 -0.03964300443874197 40.83208821524762 -0.8987261426674317 0.41207230218641655 0.14995912195297123 -49.804179540902226
0.1551094099173082 -0.0262578564961794 0.9875482752389023 11.120281072018395 0.40837334458163493 0.9119428215519545 -0.03989362925417708 40.682217647166375 -0.8995400393480625 0.4094762693882107 0.1521739216081381 -50.000534510905396
0.15872719131843618 -0.025961943749765876 0.986981081993416 11.365832133907896 0.4104766084101451 0.9109009494223403 -0.042052518231170816 40.7989305714302 -0.8979502395368381 0.41180752520833386 0.15524151988924387 -49.963211623328256
0.16060379557524396 -0.021175770082616757 0.9867917752029722 11.562208706601577 0.4144207711386795 0.9088215565561617 -0.04794583180691858 41.00367568939659 -0.8958023472260201 0.41664729100312564 0.15473587045061424 -49.82516327479802
0.1625359411399706 -0.020895892026566637 0.9864813376512289 11.69513116911046 0.4190331318198619 0.9066021542597641 -0.04983741896198732 41.259649347260236 -0.8933047085261456 0.4214687361928148 0.15611150546019747 -49.68841864731133
0.1649368312986467 -0.01791777453645041 0.9861413666593765 11.900030657275492 0.4194451240806992 0.9061916307847461 -0.053689069470509915 41.270967076306405 -0.8926710645955142 0.42248749289339127 0.15697989929468062 -49.712550752206326
0.16559829649821453 -0.02108420919201573 0.9859678799634584 11.895759837725182 0.4191727475373518 0.9064719398007074 -0.051017938765992504 41.26713261548657 -0.8926765438381794 0.4217393489783593 0.15894813495109872 -49.80866433917479
0.1679751385185267 -0.02069630546466375 0.9855739524661733 12.060342652453315 0.41553657997251825 0.9081030116253794 -0.05175201427634041 41.061076268723156 -0.893931598918186 0.418235081284472 0.16113880115771734 -50.031289265143585
0.16923851865234726 -0.0212524019880391 0.9853459591504385 12.135651569942022 0.413761607765192 0.9089296107424891 -0.051461584265066806 40.963111194714884 -0.8945164368215501 0.41640761055154357 0.1626193288967567 -50.182494508575154
0.17119990894559292 -0.02000622414624395 0.9850331680570106 12.283871266009486 0.41151063256400244 0.9098602035867702 -0.05304158006522333 40.831142184609945 -0.8951813170882172 0.41443233576116034 0.1640007579609118 -50.33564178552045
0.17409593697020492 -0.019344387944383062 0.9845386733823733 12.48345992727841 0.4090440581466045 0.9108896234352266 -0.05443392703992844 40.68595204399758 -0.895753070452691 0.4121964198935845 0.16649488941552562 -50.48753126002615
0.1771110614611256 -0.018900341516521257 0.9840093744465407 12.68728402713447 0.40943401907747673 0.9106069295857164 -0.05620323667315863 40.707881040768434 -0.8949834947808691 0.41284112789429483 0.16901700266182884 -50.50826457343665
0.18029160295016988 -0.01989405612789108 0.9834120013689269 12.880828593037718 0.408724598899349 0.910906885718536 -0.056505290063178254 40.667724107432115 -0.8946726441331625 0.4121321051329755 0.17236005267589552 -50.57855369382979
0.18445627851970786 -0.020034530569551845 0.9826365039522589 13.15067793665252 0.40644842085311866 0.9118496378174792 -0.05770545206596983 40.5351417514396 -0.8948606385916558 0.4100351882424111 0.17633939407388358 -50.70052628969944
0.189022145595425 -0.022078672862525545 0.9817245849417908 13.41685580411932 0.40494321900604957 0.9125354806419722 -0.05744550418042532 40.451217670207285 -0.8945901954836752 0.4084011860587017 0.1814300233432306 -50.784885050083005
0.1950017554623667 -0.024103079586760168 0.9805066837717271 13.774595058528893 0.40388759540258845 0.9129756482154818 -0.057881569134188515 40.39025265006198 -0.8937836011286571 0.40730149437481217 0.1877667889525049 -50.8212703776912
0.20247547422433335 -0.027185698818832454 0.9789099141991378 14.21378600054325 0.40524827374188677 0.9123340828664783 -0.0584838257076542 40.4681493028012 -0.8915029551083116 0.4085430932226296 0.1957422335962111 -50.72449277119736
0.2106839923625158 -0.027889919454626155 0.9771562862485232 14.73885310329532 0.4051779883166718 0.9121787463853321 -0.061324810856121154 40.45805514328195 -0.8896308521773773 0.4088423743152103 0.20348184149563597 -50.66734102674444
0.2167461713886307 -0.030219948421918025 0.9757601405600389 15.098055081064896 0.4039772835536424 0.9127014568617492 -0.06146873201116304 40.38964079558476 -0.8887201199258348 0.40750804330689816 0.2100327190682273 -50.70123056430066
0.2238450332004861 -0.03194368102043316 0.9741011253223857 15.537478410558963 0.4019824137507238 0.9135175058189936 -0.062417189919020205 40.2729351691135 -0.8878645956150155 0.40554329954409307 0.21732715441995476 -50.746412871814194
0.23128201104293825 -0.033794184511085235 0.972299637180414 15.997684918889846 0.4010187304843478 0.9138574683896408 -0.0636278655087412 40.21386850893592 -0.8863930331228107 0.40462634684571286 0.22491089406615372 -50.73667381178186
0.23879048400002556 -0.029053954022128126 0.9706363750172943 16.557114104325688 0.39992654550378887 0.9137903186708708 -0.07103528492794248 40.13606034767089 -0.8848942665383471 0.40514580247000975 0.22982387993525044 -50.71692597059926
0.24169989639685951 -0.03603602877429757 0.9696816821575652 16.635950338651266 0.4028827949763423 0.9128326643976289 -0.06649797230575066 40.31767360069084 -0.8827607906980225 0.4067406193619022 0.235149856405013 -50.642425063396665
0.24550845355854897 -0.03882487311108254 0.968616657124581 16.842801186696352 0.40435494620427026 0.9122231262790655 -0.06592454293955835 40.401651355007736 -0.8810350031136286 0.40784996887281516 0.23965751851133774 -50.59878698141089
0.24858385074833714 -0.039922124798026176 0.9677873181121662 17.01657870437565 0.40595037116492017 0.9114598213089357 -0.06667301021062993 40.47700957162639 -0.8794375277972802 0.40944745461547816 0.24278059356281745 -50.57597285822303
0.25190052597219564 -0.0393943309007653 0.9669509872314171 17.253737975200035 0.40458504899719605 0.9119504189259136 -0.06824493789862404 40.41503994216962 -0.879122894220636 0.4084048482985132 0.24565914748569967 -50.63889110670979
0.25410648184781953 -0.037827590535906036 0.9664362210084902 17.41899456928993 0.4015506198269838 0.9131701972988844 -0.0698376007726623 40.23510944161113 -0.8798789664490729 0.405819250602241 0.24723215859015316 -50.820819276678264
0.2560914941014039 -0.04031291566921619 0.9658115838398074 17.513566327808856 0.40044712199264826 0.9137902925966765 -0.06803972107442205 40.1742045218948 -0.879806370252407 0.4041808629640037 0.2501571123853119 -50.92744545072375
0.2591691618643316 -0.036379058371010214 0.9651465741795794 17.778569739369615 0.39843867348653506 0.9143228166291196 -0.07252868716365513 40.049848478165 -0.8798170088199194 0.40334891979951015 0.2514591018192384 -51.02801822512536
0.25920023735023984 -0.03801553165148053 0.9650751557836491 17.755782388832433 0.3973934853512571 0.9149213265161562 -0.07069217839547179 39.99265683735468 -0.8802804409720572 0.40183800920168355 0.25225494961024686 -51.17232831778029
0.25977392716281866 -0.03912353489490478 0.9648766013246117 17.778694625046214 0.3960468490982871 0.9155961461198082 -0.06950244981202766 39.91613932949477 -0.8807181161334909 0.40019126205838373 0.25334275929339845 -51.315795382127725
0.2607375636057037 -0.04057259068449223 0.9645567830926858 17.821309310670433 0.39546357179110203 0.9159331770997129 -0.06837381424383265 39.885277337421 -0.8806954560523097 0.39927469237753466 0.2548631666515183 -51.417110390354
0.2627791060982656 -0.042310364431117964 0.9639278886202549 17.9302724637793 0.39592630095018505 0.9157805322337846 -0.06773758925079806 39.91593062649439 -0.8798803927887586 0.39944442647671574 0.25739977572365463 -51.44823869342927
0.26554832129494355 -0.04335369323711882 0.9631222904388307 18.097214287730147 0.3950652379112817 0.9161561144577693 -0.06768627435267094 39.865747886811974 -0.8794359253814571 0.3984701133389359 0.2604112553714139 -51.52021583479588
0.26873580437293204 -0.04499525229550033 0.962162405583848 18.28231409830508 0.39399608690118243 0.9166538333892722 -0.06717762454350679 39.80413022619988 -0.8789471832565305 0.39714125573102665 0.26406565858095626 -51.59552650657551
0.27200197997220554 -0.044737155090163794 0.9612562144639891 18.50249783179702 0.39219482513677284 0.9173442744203779 -0.06828397560252741 39.6950130487008 -0.878748053782844 0.3955730895076016 0.2670651396762126 -51.69189263527354
0.275110362722129 -0.045639460506107954 0.9603287603563742 18.694636797009217 0.3918906862913828 0.9174457686827886 -0.06866550461560875 39.677356520723855 -0.8779157011473071 0.3952344888427104 0.2702845176999116 -51.73028096673642
0.2765581836132985 -0.04529721510779072 0.9599290251784202 18.79602706314671 0.3902539246427823 0.9181098891340882 -0.06910937545006693 39.5793832263761 -0.8781898686374258 0.39372883279951854 0.2715882192675339 -51.8593391858904
0.2784473824688845 -0.04669007533171515 0.9593159500715838 18.901355413348366 0.38866914267492236 0.9188578174134401 -0.06809264946049767 39.48802848942505 -0.8782957091598294 0.391816727876348 0.27400054567044985 -51.983890612048576
0.2812122044163632 -0.05064914218883723 0.9583080718030214 19.028278019738448 0.38788539342829487 0.9193964479472441 -0.0652310743968526 39.44691675711528 -0.8777611392926133 0.3900574776844123 0.27819156430454134 -52.06202097204792
0.2837577389624593 -0.05034481188054285 0.9575734674141851 19.20306041517457 0.3863432795834893 0.9199823137691525 -0.06611665956950868 39.353663910090326 -0.8776220233674554 0.38871318767012425 0.2805024809725293 -52.161120994414254
0.285390167081495 -0.049148249425398555 0.9571504072566733 19.33075799631431 0.38386652283313305 0.9209424916622737 -0.06716710280251167 39.20167928441286 -0.8781793354328012 0.38658682935312505 0.2816942991782078 -52.314513759738844
0.2875840280916405 -0.0514704000497164 0.9563713842986461 19.442638286378866 0.384359771061894 0.9208196179657506 -0.06602119022448613 39.23541524532289 -0.8772473956506426 0.3865773261433365 0.2845961660599692 -52.34354016200628
0.2884668862946025 -0.05307037002538548 0.9560179869316611 19.47874131021425 0.38398832631323065 0.9210659640437273 -0.0647337248685973 39.21493852679014 -0.8771201860444559 0.38577328277832823 0.2860754332825019 -52.43510224216589
0.29254240811938886 -0.053072594396529116 0.9547786335982443 19.755180592161125 0.384092926798297 0.9208967845041433 -0.06649613427446768 39.219044027477956 -0.8757234512305966 0.3861766590745115 0.28978617108278565 -52.42411007605879
0.2957746757687554 -0.05374475772902498 0.9537446420245494 19.96611378331634 0.385062137630519 0.9204153054670079 -0.06754861675482049 39.279243667647464 -0.8742107819841294 0.3872301208309121 0.29293060984467695 -52.39276081055752
0.2979557451325152 -0.057175637712910704 0.9528658459587319 20.065895713420712 0.3846986818924769 0.9207475843121125 -0.06504467798060481 39.262654006477874 -0.8736299548966476 0.38594667045529973 0.2963374250271973 -52.46351288060373
0.2988375857896321 -0.059864912876433446 0.9524244271991985 20.087131839654944 0.382880195612071 0.9217015983429546 -0.062200638422005405 39.15352238244443 -0.8741274810503824 0.3832523396123497 0.2983601700196822 -52.62728780114774
0.30076471718887415 -0.061912838847309165 0.9516866003470699 20.191843137362067 0.3839934539810377 0.9212907754640551 -0.06141933200998145 39.22260503870495 -0.8729774408276592 0.3839141927966544 0.30086588436591477 -52.63113376622417
0.3019038069568193 -0.06239499590196465 0.9512943581412503 20.265032709990617 0.38585577335584087 0.9204678617520485 -0.06208250679199087 39.333600522856145 -0.8717622459781942 0.385805365395565 0.3019682210416338 -52.614556270301684
0.30305526628786594 -0.06246912724639961 0.9509232953904662 20.346854032970445 0.38736786761542163 0.919768093254656 -0.0630300703615004 39.42500591866707 -0.8706914727469609 0.387458723958782 0.30293909703760674 -52.61341816136137
0.30274639264652203 -0.062298024407902636 0.9510329005320426 20.333562096153713 0.3859015579599534 0.9204167990957615 -0.06255320540462511 39.33652943741918 -0.8714497170253706 0.3859428352712158 0.3026937703343372 -52.781445343657126
0.3031976594107335 -0.06253330436235569 0.9508736851829365 20.36649493895464 0.38327816459810016 0.9215760999058067 -0.061606335913726745 39.178913221557806 -0.8724500145396095 0.3831280176754609 0.30338736658257087 -52.987759776735764
0.30062364878391235 -0.06240654210859753 0.9516989257606078 20.198490795488752 0.3788616322976042 0.9235634487968001 -0.05911361619250899 38.90927352617825 -0.8752652657135674 0.37833315946214413 0.3012884582700605 -53.34700597990962
0.29905057911014066 -0.062000468865680974 0.9522209265681602 20.103065898815835 0.3786486336981272 0.9236723924157058 -0.05877519619353097 38.896529365967396 -0.8758960916298412 0.378133909282786 0.2997011566845993 -53.49226423184491
0.299814370027144 -0.062217173736885595 0.9519665786241767 20.159484820497386 0.3835163574877105 0.921546593068898 -0.06055642280109794 39.19612750063673 -0.8735139077682652 0.38325044043719103 0.3001542150963629 -53.355444789083116
0.3000774174765334 -0.06082538858115738 0.9519736422950824 20.202502379698792 0.38670975259684603 0.9200393592515056 -0.06311215948266302 39.389092368949306 -0.8720143982567607 0.3870760255195744 0.2996048058707827 -53.2991197922823
0.29854077217828484 -0.05897178746565618 0.9525732179891995 20.128469778825767 0.38533211686321905 0.9205715674863564 -0.06377420206810386 39.30363088761962 -0.8731509417396879 0.38609625408545256 0.29755187030210006 -53.492606063998174
0.29884334947265917 -0.06136990543444101 0.9523268279235494 20.121572096505435 0.3850758093003569 0.9208336761992137 -0.06149765742787702 39.29274097661659 -0.8731605084791897 0.38509618991157146 0.29881708610444885 -53.60732916349805
0.29976089082400253 -0.06085979859657281 0.9520711597602277 20.196131940350046 0.3814094746920559 0.9223830632113224 -0.06112525923076034 39.066219835247175 -0.8744542417688478 0.38145192307246567 0.2997068725217814 -53.84867788509087
0.3011744372258023 -0.060536241947359265 0.9516455862203177 20.30178706568086 0.38043978620438745 0.9227449973136039 -0.06170282818053763 39.00611720280417 -0.8743909465647968 0.38062715791652046 0.30093760021291954 -53.9567100401198
0.30191408224805183 -0.061906637278841714 0.9513230025607194 20.33608421395693 0.37920566369389513 0.9233481845490529 -0.06025939522133189 38.9288584977357 -0.8746719108115849 0.3789402305783777 0.3022471672099125 -54.10099372119987
0.3033783001936139 -0.06432363475720598 0.9506966272072574 20.40598235925846 0.3812524656889558 0.9225708710875651 -0.05924141479423531 39.06025641922416 -0.8732743923748851 0.3804279929662808 0.3044115270319478 -54.08524001642976
0.30822617274719927 -0.06346924282650651 0.9491934901002238 20.754142786321072 0.3788531615831389 0.923425938969739 -0.06127656318949326 38.906773684912416 -0.8726207127911151 0.3784919952296031 0.3086695662922414 -54.16774090540195
0.311673299965734 -0.06502430375664162 0.9479618104171885 20.97235435850198 0.37146537596816775 0.92659739759153 -0.05857249553699834 38.46193604942395 -0.8745703108071399 0.3703904732813304 0.3129499460890427 -54.50209620321537
0.3099634767109347 -0.05317380680226408 0.9492603380397947 21.008859803993886 0.3585416424336649 0.9312543068677164 -0.06490998830148553 37.610724243365006 -0.8805512669607828 0.3604690863451185 0.3077198466840832 -55.090121593472425
0.3139383670088316 -0.05795098859696257 0.9476731423019559 21.220552487382925 0.3563030612536093 0.9323759626574739 -0.0610179711220894 37.47395174075609 -0.8800516065897132 0.3568147238822749 0.3133567017947454 -55.16742290138081
0.31075095333390895 -0.05904822843779026 0.9486554441526309 20.971879092516026 0.3582206325806837 0.9317488844207082 -0.05934639647241094 37.599517388004365 -0.8804043522129827 0.35826990258619873 0.31069414784529514 -55.22018821424614
0.3210872459874891 -0.05512410390663544 0.9454439769931693 21.744935774116612 0.3562729188354943 0.9320014296797567 -0.06665540022628838 37.46847164697134 -0.8774808190317365 0.358238284167647 0.3188929977092837 -55.10957566028911
0.3259921407512375 -0.05881399352498348 0.9435412223819735 22.031962752484045 0.3557307742996596 0.9323400896888236 -0.06478868246230449 37.43785192091443 -0.8758908267498811 0.35676725091392547 0.32485748920215785 -55.086158730800456
0.33244801327890083 -0.06138388400889891 0.941121850373741 22.444485018669187 0.3540163489681739 0.9330331973484727 -0.06419873292309075 37.331137492007045 -0.874157161573453 0.354515262618788 0.3319159312840766 -55.05950065126087
0.33708204698983885 -0.06424890092191599 0.9392804545648046 22.72631732819611 0.35661081708640313 0.9320429173505663 -0.0642240247385151 37.497617354187454 -0.871323372080715 0.3566063361004278 0.3370867875175779 -54.89937308907462
0.3434608167506154 -0.06372218603379495 0.9370027483225836 23.175920393538206 0.3576161751202883 0.9314083426435177 -0.06774341699671682 37.55680572636217 -0.8684154182471289 0.3583545482634903 0.3426903545323888 -54.73773210244989
0.3484268563180039 -0.0669117885060275 0.9349446712802195 23.477139542587537 0.35865061295332834 0.9310625213578971 -0.06702476520568706 37.62371971322211 -0.8660071960581822 0.3586717076681687 0.3484051413137367 -54.63120831262856
0.3546614209439635 -0.06535344158789733 0.9327079951231393 23.93291137253674 0.35821844545773585 0.9309355280745103 -0.07098301136522545 37.59501376680136 -0.8636520258922872 0.35928814375268475 0.3535777254450544 -54.52663373374815
0.3591719894482082 -0.0681066664765641 0.9307829843616966 24.201702023384733 0.35946703304774996 0.9304811995999265 -0.07062711478553857 37.64932854711042 -0.8612658905051704 0.35995307912633817 0.35868488493356404 -54.444496389858934
0.36340839387246293 -0.06651152019219617 0.9292526873486886 24.5297413368049 0.3593360890036401 0.9302741512642029 -0.07394307695271152 37.66289774056543 -0.8595416885774678 0.360785561201373 0.36196942471154303 -54.35911419311583
0.36748907798156494 -0.0639672705676298 0.9278253962143883 24.850708070429345 0.35876240185302904 0.930166906306468 -0.07796836171742902 37.62148892086663 -0.858045055099617 0.36152138900538344 0.3647752303963541 -54.312067189618176
0.3710817202571277 -0.057449901419820704 0.9268213774605458 25.190215003004944 0.35386289211285493 0.9315231376950412 -0.08393865333867975 37.300905035872766 -0.8585332902552683 0.35911579297719276 0.36600059666320933 -54.44484588738708
0.3741833992622537 -0.06025016569327599 0.9253954296680298 25.371976484540234 0.35056124072695116 0.9330302659032309 -0.08100209508726777 37.09316542443478 -0.8585415541582861 0.3547174092745927 0.3702458093496746 -54.573070179961306
0.37612448284491273 -0.06112564853853886 0.9245507171028476 25.498483640863636 0.346273665190802 0.9347956258149968 -0.0790676087438911 36.81786190667452 -0.8594329073289987 0.34988682891456735 0.3727657236819569 -54.768803231980804
0.37952108185394384 -0.06211556093957055 0.9230955560057554 25.727403230649827 0.34325192023913415 0.9359872020440918 -0.07814139019636024 36.62176418431445 -0.8591518304005175 0.3465106271080805 0.37654816109045813 -54.86483892865656
0.3802605511614119 -0.05951206783041066 0.922962744108866 25.80539220784422 0.3412137517722087 0.9365588782769744 -0.08019129081209209 36.487136396153666 -0.8596366027758201 0.34542116510591037 0.37644273118885246 -54.991650956068256
0.3811831244374567 -0.06176908040599183 0.9224337408995275 25.853212476203684 0.3421025846131745 0.9363638572153465 -0.07866732804528209 36.55332036252911 -0.8588744071429094 0.34555362479157464 0.3780574627597232 -55.00112283262003
0.38311062337863067 -0.06113171624235961 0.9216773641159365 25.999145117907855 0.3383987491770729 0.9377257261153099 -0.07846495483276139 36.31395477342991 -0.8594838781558555 0.3419552249210098 0.3799395838016777 -55.167113421020964
0.3851635253215624 -0.0609322757741505 0.9208345760943433 26.155272415603307 0.3355633312483543 0.9387629117512228 -0.07823967179042149 36.141275607196114 -0.8596780266375157 0.33913338568968476 0.3820238699705531 -55.283340012148585
0.38764268472338137 -0.059611573019979186 0.9198802146706564 26.347338533677735 0.3337340347435568 0.9392862298731458 -0.07976824195429155 36.01113045603019 -0.8592757083929672 0.3379169109896331 0.38400184665309717 -55.352997846798075
0.3914193963699827 -0.05808312000055721 0.9183774862856556 26.63871809754232 0.3341775527869983 0.9388438728321518 -0.08305146391737983 36.03809512903719 -0.8573891878013459 0.3394090947757996 0.3868917768896373 -55.27561405272848
0.39509614064014054 -0.05799705661132101 0.916807166789009 26.90353486024344 0.33334859732223665 0.9390315000423047 -0.08425292037429002 35.984712365126505 -0.8560243876868017 0.33890438674163303 0.3903409590764388 -55.263902948059936
0.38882536084812436 -0.05203619961298098 0.9198407865990524 26.540840147055327 0.3269672446382691 0.9412082677814004 -0.08496715596978446 35.56237493513477 -0.8613403855009841 0.3337951925803806 0.38297977716224446 -55.75597644115433
0.38433396226129674 -0.0512247361318707 0.9217718979556452 26.235881122879572 0.32358799248150527 0.9425912005364315 -0.08253871693380116 35.338845454871894 -0.8646260559191595 0.3299967501044655 0.3788455204251061 -56.08764333799184
0.3816713882045205 -0.05107580797876621 0.9228858072726821 26.052536356404538 0.32103757709864533 0.9436351843803803 -0.0805450984854864 35.166706228290806 -0.8667536129239181 0.32702278305757465 0.3765558044229473 -56.34407668446211
0.37976888409862397 -0.04743117244992309 0.9238646429810548 25.96863216396403 0.31988907884939843 0.9438089284784743 -0.08304025383630396 35.094535449649904 -0.8680130021511022 0.3270703141594175 0.373601977634341 -56.49052901136942
0.3835994042670077 -0.04397986430029083 0.922451770328468 26.27552591325393 0.3172549757092943 0.9443498590514765 -0.08690583465539968 34.90117663946429 -0.8672950924764258 0.325989440389692 0.37620487413206594 -56.53209261221633
0.38710519608251237 -0.0401455425198875 0.9211611707956995 26.595267351096698 0.31375697243340794 0.9451652051922419 -0.09066033941768092 34.66710485822732 -0.867009878499283 0.3241158285392605 0.37847430596404735 -56.59057463484643
0.38985918507180156 -0.037449578517188276 0.9201126805364852 26.831714404718923 0.30703863330376746 0.9472844571553176 -0.09153925327918201 34.21981554091253 -0.8681803346506449 0.3181975586028915 0.38080601390347557 -56.81488475968507
0.3929323356980933 -0.02677810526100044 0.9191774108633609 27.19338270842245 0.29837484404342646 0.949206520571406 -0.09989711580814575 33.63143778067153 -0.8698141364710635 0.31351222365859344 0.3809638481690123 -57.0358985299234
0.3882530688734659 -0.053482082527504804 0.9199995768253684 26.509358655016907 0.3123804347118477 0.946848642195171 -0.07678614967816826 34.59102224524379 -0.8669936669431748 0.31720232600295056 0.38432364728018625 -56.77645417016215
0.38793359939634564 -0.044962790017658016 0.9205899575670069 26.599146426375274 0.3065212368996036 0.9482510583416179 -0.08285325391038204 34.1991020647314 -0.8692250881037273 0.31432193348194637 0.3816404962045277 -57.01014956658734
0.3871312365659065 -0.03476054700550327 0.9213691497151564 26.67804920632269 0.30175462308789214 0.9490342939484209 -0.09098382468827204 33.87361938747247 -0.8712482729509632 0.31325008105617513 0.3778899755196788 -57.18731529259145
0.38556691760782136 -0.03864272674051755 0.9218703226140114 26.515565612780264 0.3038310712583425 0.9487170706907013 -0.08730750207206318 34.01545983887276 -0.8712203120820886 0.3137557321390527 0.37753477769005 -57.193029280960836
0.38265022162652 -0.04113030287959246 0.9229773052866512 26.277121308354804 0.30382292746151374 0.9490476076794825 -0.08366759890523329 34.018913412777195 -0.872508129840571 0.31243709213677595 0.37564960644092904 -57.32721864010006
0.38104936455248517 -0.04503551518018303 0.9234571912907511 26.112528203758373 0.30480033433603393 0.9490937159187729 -0.07948505892391083 34.08867563503942 -0.8728677665962864 0.31175779184480884 0.3753783974355206 -57.38139302528301
0.38036139300730004 -0.04456700690727325 0.9237634938688977 26.07053560031454 0.30610436071108127 0.9486075551893023 -0.0802734488572318 34.174241928077905 -0.8727114821424125 0.31330095456781076 0.37445584626720957 -57.3691061486999
0.3786808725395112 -0.04359754743812272 0.9244998921741934 25.964756774236225 0.30716556182603133 0.9481939585016355 -0.0811020017576453 34.244367973896175 -0.8730693640260281 0.31468630557807753 0.37245458069516046 -57.39525829757526
0.37696311246291125 -0.042817526793953176 0.9252380619286711 25.853622263033817 0.3065933690837893 0.9483857615961744 -0.08102439901347983 34.20699778909264 -0.8740133396442675 0.31421506424882517 0.37063401830239595 -57.4876516279452
0.3757037289772916 -0.039943068263687126 0.9258786417939665 25.80297040945441 0.3050862691717604 0.9487122482915202 -0.08287000847414495 34.10552610829178 -0.875082325495958 0.31360743173485406 0.36862081108539557 -57.59058446381631
0.37426329390358226 -0.04013789972507675 0.9264534180638012 25.69898609094556 0.30655030750286894 0.9482501364612298 -0.08275619415581736 34.202751648177205 -0.8751879202813172 0.31497718601022284 0.36719950501974286 -57.60004957839074
0.3719706757455509 -0.039951184408263896 0.9273843427887788 25.539360408830184 0.3103648746388708 0.9469261238760793 -0.0836932524844297 34.45517500205405 -0.8748208164966106 0.3189589609736672 0.3646281945198457 -57.54085163572399
0.37152515953562415 -0.03871348677966521 0.9276153953947668 25.524792144247506 0.30974433623485875 0.9470547155313151 -0.08453290460126518 34.41341384513781 -0.8752299709233315 0.31872971579578285 0.36384593754264133 -57.592417433718985
0.3705875598934364 -0.03639680176347149 0.9280841197184764 25.48926113310723 0.3086305701415445 0.9472782357856009 -0.08608783410578266 34.33846223291226 -0.8760205657553559 0.31833821138579976 0.3622826956195341 -57.672903090460686
0.36942781235038097 -0.03632009891475446 0.928549375034432 25.40836546556417 0.30846986926235404 0.9473684549192496 -0.08567000864468242 34.328208984070145 -0.8765668435546019 0.31807838819815504 0.36118791195440897 -57.73482772303061
0.3684477903398732 -0.03537185275511742 0.9289752729897256 25.351981275485954 0.30999979518874254 0.9467566189591813 -0.08690242482185133 34.42954613447779 -0.8764395887775738 0.32000115076300917 0.3597956513546924 -57.71914570761272
0.3676006011218564 -0.03475112018774981 0.9293342550990716 25.300243159693437 0.30948039596818055 0.9469169100281603 -0.08700718369249405 34.39462836032939 -0.8769787241240393 0.3195946262821355 0.35884201577484515 -57.78265933785867
0.3674651711308998 -0.033498059039911265 0.9294338212300526 25.307526232135956 0.3076737786000326 0.9474604884370557 -0.08749553595809517 34.27469101016655 -0.8776708916032916 0.3181139778305487 0.358465204923865 -57.870387661679025
0.36693000944354004 -0.03394047819759971 0.929629179893511 25.263993171408554 0.3063589213326383 0.9479950882682104 -0.08631062471822375 34.18890312497465 -0.8783544725733832 0.31647015113445687 0.35824581498081465 -57.96000106369619
0.3665728735104907 -0.0346554303129476 0.929743690248063 25.229536571867254 0.30559131216836477 0.9483488583213175 -0.08513749378429397 34.13932280772231 -0.8787708906953385 0.31533069002315345 0.3582293645083316 -58.024049330090016
0.36642047905128095 -0.03631612547615359 0.9297403785800797 25.19733048820742 0.30597742643184417 0.9483659637179533 -0.08354527739772637 34.166727270854665 -0.8787000893626762 0.31509226885424835 0.3586126253526316 -58.04135420045715
0.36661329914433294 -0.0364826037861683 0.9296578448609408 25.208985819744655 0.30682215153026604 0.9480713231569327 -0.08379101107995543 34.22289576626216 -0.8783250288024623 0.315958519157886 0.3587692265937945 -58.022582702034406
0.3670344306715248 -0.03807077083362617 0.9294279655302844 25.218571911480275 0.3076470081850754 0.9479029938688003 -0.08266336896919681 34.27908925893296 -0.8778604929351828 0.3162760354859327 0.35962539443273367 -58.00434540056473
0.3660314760841645 -0.03833058700719505 0.9298127363159377 25.143604096261907 0.3064845131201189 0.9483754373366589 -0.08155533749562204 34.20290493800873 -0.8786854964850458 0.3148250243487404 0.35888299250681077 -58.10197203304865
0.36557061626347115 -0.038494555196597086 0.9299872546142567 25.10908815997276 0.30590855637277337 0.9486102541058262 -0.08098481921450434 34.16566540718691 -0.8790779713214705 0.31409672877235817 0.35855984899571786 -58.15768670775908
0.36480340752284196 -0.04046184104095443 0.9302049845487281 25.028999217698022 0.30600654645746594 0.9487677138727673 -0.07873892708068371 34.174457867443905 -0.8793625346720757 0.31337304372300284 0.3584952832086957 -58.205531609593535
0.364278836642975 -0.041833966603902456 0.9303498526964059 24.974285689036424 0.3069433302237652 0.948564584936427 -0.07753076960490093 34.23837419399633 -0.8792535022422062 0.3138075006155321 0.3583826605072397 -58.2087372770002
0.3630903367174956 -0.04403042030354101 0.9307130220805279 24.861157314545228 0.30891466834661596 0.9480753993107593 -0.07566217616513925 34.37091997232928 -0.8790546826350883 0.3149831095624618 0.35783865865454817 -58.19783193577319
0.36239286696331746 -0.04401273830715552 0.9309856544763798 24.812041138054422 0.3119334560898881 0.9470068425188445 -0.07665219627842682 34.57141389269526 -0.8782761120205452 0.3181837819392975 0.35691757026641374 -58.115735757819124
0.3621911209157614 -0.04407199968468367 0.9310613571476253 24.7969679548922 0.31553710418396813 0.9457035475246194 -0.07798163939380796 34.81009389971953 -0.8770712216308206 0.32202866183484896 0.3564317790880557 -57.9958693920472
0.36256637352963117 -0.04466651862190674 0.9308869571004693 24.81623452339638 0.3178034872882398 0.9449063663931601 -0.07844043738473837 34.96051843694114 -0.876097350899434 0.3242789861583299 0.356786449971296 -57.913302966751395
0.36331174782225284 -0.04601662386450714 0.930530517620165 24.851978412248304 0.3190727398505049 0.9445258539119538 -0.0778684658651145 35.04595575221857 -0.8753268878416975 0.3251974502052668 0.3578399891031762 -57.86023796459908
0.3650118030966568 -0.04813598718020176 0.9297576621562821 24.94495071379247 0.3176970437794697 0.94515837251151 -0.0757907596292577 34.956501589524066 -0.8751199757598459 0.3230457825287024 0.3602866225888844 -57.889752374579594
0.3688167431357291 -0.050202647179349774 0.9281454111285252 25.188298315728215 0.3160627077029162 0.9458137967261462 -0.07443538622169486 34.849114997813075 -0.874115881781274 0.32080516850365376 0.36469914872273523 -57.863429696209195
0.3736632021602308 -0.05167757682400709 0.9261237711045763 25.513178203802905 0.3155286236224318 0.9459854033720057 -0.07452049571787615 34.813686737803174 -0.8722485305383417 0.3200641258571523 0.3697856897082426 -57.756528091520345
0.37882913032355675 -0.054179934538411356 0.9238793344975909 25.84746402086263 0.31594960702112795 0.9458792934089775 -0.07408244139692323 34.84231822115065 -0.8698645502844065 0.3199638995160973 0.37544475913902475 -57.60550870222042
0.38424595223509384 -0.05479580068712256 0.9216032055163454 26.224473435031282 0.3150528861594032 0.9460978524342148 -0.07510347889410307 34.782303229498865 -0.867811458275112 0.3192119575555151 0.3807978453720555 -57.48572635405025
0.38868173899061803 -0.054864809138700954 0.9197371137957863 26.538989484126464 0.3132221186017488 0.9466421552537121 -0.07589818387312511 34.66007352108141 -0.8664977842982987 0.31758224543380986 0.38512739086094394 -57.42939439844497
0.391081547049597 -0.053530134089710746 0.9187979910195883 26.72697798110624 0.3122097625616435 0.9468281465402353 -0.0777272479918398 34.59166836171934 -0.865783048874541 0.31725539501089717 0.3869996467930993 -57.398067251016435
0.39213109035652943 -0.05310157955125078 0.9183754298896293 26.807492620401636 0.31100755955364123 0.9471990838771369 -0.07802687615687932 34.511486212645565 -0.8657410154753485 0.31621846522851077 0.3879412022101255 -57.42343445467855
0.3916603302460058 -0.04985153309802823 0.9187584069598307 26.81683005241556 0.30849840960102903 0.9478479813479176 -0.08008080624165478 34.34301954006597 -0.8668511504204315 0.3147999823736557 0.3866135720746501 -57.53407898193829
0.3886685656343034 -0.0499195227084992 0.9200243406238384 26.60333499466216 0.3059087099440186 0.9488810347254288 -0.07774730296791918 34.17211891625749 -0.8691125400476967 0.3116613918838115 0.3840710475171043 -57.749081380605574
0.3845675648437897 -0.049931232536856995 0.9217454421300211 26.311677627527654 0.3034921503887613 0.949864387978826 -0.07516754021528167 34.01272669358098 -0.871779962331392 0.30864950423896814 0.38044077175102575 -57.99042700183679
0.38116035095992395 -0.04905475665518011 0.9232065953542624 26.081026706167187 0.30113443462637246 0.9507207454344224 -0.07381135741111207 33.856235407156596 -0.874090864348989 0.3061432590309919 0.37714912940575696 -58.200302707176306
0.3780017412519782 -0.048537391567725796 0.9245316680516 25.86310820825583 0.300668879476173 0.9509301438426352 -0.07300744103149916 33.82569155570563 -0.8756214413346759 0.3055748405075695 0.37404693331687455 -58.329721060934084
0.3755324208121231 -0.05105756080731161 0.9254018188891755 25.654897149424073 0.30289416090852417 0.950414614676721 -0.07047827676966265 33.97638995214038 -0.8759169642189308 0.3067656853256371 0.3723765380635368 -58.348472253287916
0.37337092947164324 -0.052179911004733015 0.9262134775056015 25.486718659326336 0.303901143150746 0.9502033638939631 -0.06897581051547336 34.04488106464985 -0.8764920103555713 0.3072308970988023 0.3706358477680136 -58.396888091151574
0.3725221703855035 -0.051545521515130005 0.9265906818995145 25.434709244982084 0.3043135089072173 0.9500335325389931 -0.06949514621942253 34.07235660714806 -0.8767100551880599 0.30786254443048966 0.36959455200115426 -58.418370118187454
0.37291952944852735 -0.05301520037603677 0.9263478898799183 25.44403799435838 0.3047863430831277 0.9499664113901665 -0.06833082979521704 34.10471599902713 -0.8763768080146249 0.30782008667333194 0.3704193361779586 -58.409972060711915
0.37473914108998213 -0.05565561007714896 0.9254582806383457 25.53951239441432 0.30558938496403265 0.9498300170029519 -0.06661881564150417 34.159559424567966 -0.8753203436070972 0.3077749045440723 0.3729462484064432 -58.35090504110875
0.37727492829848974 -0.058455498598904254 0.9242546094885993 25.683954133794618 0.30610072162469515 0.9497858573860609 -0.06487814216102382 34.1948316849169 -0.8740514725679549 0.3073918993613505 0.37622366154830167 -58.28167933098415
0.3800196887833443 -0.06063359573143201 0.9229889507495133 25.851373921987896 0.30531157844552126 0.9501471173101873 -0.06328740423058417 34.14304960061799 -0.8731379479807955 0.3058496731007217 0.37958675063820024 -58.2528491957824
0.38310860433871446 -0.05946173001926103 0.9217874483549658 26.087078223639043 0.30249016084869546 0.9509761225090061 -0.06437481656258343 33.95352152121155 -0.8727700154515924 0.3034941796490543 0.38231372333173563 -58.27329350991191
0.38457733030167124 -0.05649654495652266 0.9213622617765581 26.230314786894777 0.3001666663527392 0.9515348607825915 -0.06694311858688279 33.79671197537124 -0.8729262565811172 0.3023070444489009 0.38289711600878856 -58.314639427580914
0.38595387486385146 -0.058657693625317905 0.9206513354447148 26.30065288526866 0.3022779310172455 0.9509228889542178 -0.06613404329766644 33.93880884981205 -0.8715891571706889 0.30381727113764057 0.3847432999559129 -58.21574318986421
0.38777743393032427 -0.057870724906575285 0.9199345851380959 26.440992767108206 0.30194698123998537 0.9509350355901439 -0.06745797660196898 33.91617707161324 -0.8708941854522126 0.30393015198554973 0.3862250386232976 -58.180155861134395
0.3893634297771675 -0.05634015877547775 0.919359508604395 26.574116540654785 0.30064635354954977 0.9512338999712185 -0.06903504648296063 33.82824713957688 -0.8706364853654595 0.3032818063364491 0.38731415710735484 -58.18577824303496
0.39043900165558604 -0.056631106057892816 0.9188853594507037 26.647282098487103 0.30021957724898596 0.9513762052354231 -0.06893128134806399 33.79988065226977 -0.8703020116158696 0.3027808348269512 0.38845614249084165 -58.184221686264124
0.39079676290833193 -0.05711785061259031 0.9187031300925054 26.66677413201408 0.2997682440616647 0.9515601281590127 -0.06835438793661933 33.770034700253504 -0.8702970124920316 0.3021106976579966 0.3889887355798923 -58.208155424417406
0.3902717299253758 -0.05695480484568981 0.9189364107630319 26.63153438933687 0.29901186551113346 0.9518236749749708 -0.06799702964610273 33.71961468958307 -0.870792674007198 0.30131020885813103 0.3885000346631427 -58.26900247060864
0.3897530767435792 -0.05622642120356741 0.9192013537454962 26.60394443998006 0.2987733838643803 0.9518654277939678 -0.06845927595902808 33.70350218291782 -0.8711067697263875 0.3013151123479301 0.3877914372541159 -58.30625325115443
0.38944306204697954 -0.05666488006607322 0.9193058211447211 26.576272040522404 0.2995409125063191 0.9516402260804213 -0.06823578123305961 33.755379405300815 -0.8709818271114238 0.3019436561226313 0.3875831334938919 -58.304657108500564
0.389437356611091 -0.05714058595608448 0.9192787927023887 26.569837440172275 0.30077045259809254 0.9512485420263128 -0.06828869699117662 33.83811678550331 -0.8705605551136029 0.3030860681875851 0.38763791758661337 -58.27543931700925
0.3900535098247475 -0.058263953240129895 0.9189469904331955 26.599592967623355 0.30303195138333605 0.9505255556699397 -0.06835791438567992 33.99021742060564 -0.8694997963853719 0.3051335441592492 0.38841166861284243 -58.18881534767997
0.391435013036847 -0.05851568333177502 0.9183433700817244 26.695103197248397 0.30393007601977 0.9501921926866679 -0.06900221625367794 34.05046720237842 -0.8685649886217267 0.30612205370002 0.3897231694151912 -58.125842182620644
0.39241360827591737 -0.0596335163953708 0.9178536940941067 26.75077863206945 0.3040688695562163 0.9502010653266678 -0.06826461762047806 34.06054317317043 -0.8680746987481431 0.3058787000992197 0.3910045245504609 -58.11055006446159
0.3945043355902239 -0.060552665173492615 0.9168967793273695 26.888479771246292 0.3029041195917381 0.9506242258923254 -0.06754757938646735 33.98262714409343 -0.8675341051133783 0.30437962462524326 0.39336703036493287 -58.10905959950938
0.39734214527829487 -0.06270082429311155 0.9155259833661777 27.063805821155018 0.3036875819255206 0.9504333759557069 -0.06671019752383023 34.03579614584786 -0.865963666772384 0.3045406450745164 0.3966886982606447 -58.012630059846465
0.4014228326725921 -0.06357762394893053 0.913683531175932 27.344554648241242 0.30385302942814896 0.9503340522306215 -0.06736858079448296 34.04694927827764 -0.8640214383430821 0.30466879542206926 0.4008040408723654 -57.8905066519972
0.405021661763971 -0.06413652765275564 0.9120548006137563 27.595012078241854 0.30396563209856525 0.950241462215738 -0.06816199812957215 34.05428783057233 -0.8623006134781948 0.3048403997286833 0.40436367627222086 -57.78376602009892
0.40825445901048685 -0.0638089533135538 0.9106353354527176 27.828150684318537 0.3036113542239682 0.9502556587694027 -0.06952933598860747 34.029552123289704 -0.8608997864352986 0.30486488885038443 0.40731923261969827 -57.70283653067542
0.4107198506218263 -0.06363093928202275 0.9095385136822258 28.009615568096372 0.3037830446454893 0.9501136852363412 -0.07070959561852716 34.04151594841755 -0.8596656711135449 0.3053442134586908 0.4095605513427681 -57.62459823315752
0.4129675675351089 -0.06321610446380214 0.9085491248691822 28.176089520805977 0.30294767745499723 0.9503153491569746 -0.07157822211595079 33.9851548952943 -0.8588832824597055 0.304802331508601 0.41160059015769485 -57.59341306257387
0.41431936888221466 -0.06237858988266071 0.9079913942837201 28.28375314832538 0.3026364026840546 0.9503211564368973 -0.07280733066726766 33.96398271377047 -0.8583418132303109 0.3049567365261652 0.4126144938169441 -57.570153169411135
0.4155824979501415 -0.06455350645827465 0.9072618322190469 28.346454805432685 0.304648884204071 0.9497415781721582 -0.07197216159233027 34.09987109412385 -0.857018228948915 0.3063066755638856 0.4143621311778688 -57.47562734790125
0.41640713868285334 -0.0639905449665118 0.906923538678343 28.41311524345338 0.3046875429432688 0.9496592430303472 -0.07288911648676905 34.10246175296653 -0.8566041069415631 0.3066798530746956 0.4149420100314385 -57.45718812493285
0.41674600683264507 -0.06445481156209383 0.9067349905322613 28.431520956204956 0.3049381770057417 0.9495970015783864 -0.07265151614214799 34.11945471058126 -0.8563500884529993 0.30677534428280384 0.415395491245039 -57.45537160607325
0.41668407155780274 -0.06558873890352379 0.9066821393625536 28.412772361863972 0.3068407022407655 0.9490058867586019 -0.07236442735151821 34.24788137172484 -0.8557003961424848 0.308360088575945 0.4155609315311408 -57.404953277408524
0.4162536771310273 -0.06641391679062182 0.9068197549300668 28.371295775682853 0.3067875861495844 0.9491026629022605 -0.07131277765133727 34.24478424637387 -0.8559288832954578 0.30788524961154945 0.41544243862685004 -57.44425199421527
0.416077778144336 -0.07018335472020792 0.9066165558022258 28.31047364144091 0.30806966907815525 0.9489359024551006 -0.06792445822971101 34.332429096445075 -0.8555538332148064 0.3075629199886445 0.4164525047583579 -57.43885985706492
0.4158055469631416 -0.07151220369377989 0.9066376077780701 28.273984738208114 0.30732654440032037 0.9493077641651615 -0.06606938778814087 34.28308289785196 -0.8559533528304216 0.3061058209485752 0.4167050325587133 -57.503418718650614
0.4162101832577866 -0.07294668747240743 0.9063376104627472 28.284813030860647 0.3057966436201881 0.9499452529205756 -0.06397209707592004 34.180576772385855 -0.856304558030113 0.3037808375136032 0.4176837399952103 -57.575960557859226
0.41618699095823514 -0.07357608727698034 0.9062973838305725 28.27527942524389 0.3052624575892916 0.9501791404850665 -0.06304310409240785 34.145035219676785 -0.8565064042630829 0.30289628648775213 0.4179122145717372 -57.619012275079925
0.416005145274729 -0.07428512866811322 0.9063230322372448 28.25322108563651 0.30455209722654575 0.9504831268177363 -0.06188574722576887 34.09744270991592 -0.8568475588923997 0.30176736949766614 0.4180295629816087 -57.675188727607875
0.4147107077012648 -0.07870447690208521 0.9065432335159119 28.10364505142042 0.30580910680652373 0.9503617322938642 -0.05738787315802503 34.182974884779455 -0.8570273152660376 0.3010285420138339 0.41819373235488977 -57.71486331659893
0.4148151185806389 -0.08018285317446505 0.9063658904955175 28.092544479289963 0.3043874251584983 0.9509486237278076 -0.055181613201935445 34.08737902234993 -0.8574827769712404 0.29877654708325185 0.41887451833538325 -57.7937715818969
0.4150433841701056 -0.07808347099589354 0.9064446816071345 28.136004350844896 0.30219737108574596 0.951575475481336 -0.05639914335637744 33.939966691777606 -0.8581466880233763 0.2973332911392579 0.41854172529726014 -57.876759763676375
0.4146154365944948 -0.07860842249152859 0.9065951442904101 28.098589219669023 0.30045669759893207 0.9522173401194457 -0.054844416705727456 33.822778281024966 -0.8589643837817142 0.29513192488993956 0.4184224352317389 -57.98074386765935
0.41329895633021946 -0.08907607834099875 0.9062281307506073 27.87057452345807 0.302706878671355 0.9520454676988231 -0.04447440881197694 33.974729106704615 -0.8588087786587868 0.29270271556908645 0.420443339817728 -58.018468497859715
0.41491754667360625 -0.08989279799309516 0.9054074852414951 27.977289032202837 0.30226464358308514 0.9522090133301961 -0.043978178365235654 33.945208051112836 -0.8581838466796878 0.29191998869845576 0.42225964227752943 -58.00160675501674
0.4158746186732936 -0.08955487912652767 0.905001781859006 28.050834830210224 0.301621576947594 0.9523952379858898 -0.044359158935297655 33.90209975544591 -0.8579468082946574 0.29141591289158075 0.4230886902891371 -58.008470443146
0.4177110018350393 -0.0839960371289441 0.9046889988789524 28.254406522966075 0.2991873656931141 0.9529008472480214 -0.04966785201333261 33.73798871354671 -0.857907010785891 0.291418326569618 0.4231677206306984 -58.02236725354386
0.41649225700095516 -0.09601886914892925 0.9040545208258245 28.013381269522725 0.3093831502532269 0.9500258187119666 -0.04162943814234216 34.42616642822128 -0.8548779247340755 0.2970375743033508 0.42538501766557524 -57.75171631360171
0.4192727664361942 -0.09479889205889155 0.9028972906091517 28.229625515515952 0.3123097219166667 0.9488950186340099 -0.04539692949854829 34.624271497697215 -0.8524511627778302 0.3010172979680213 0.427452455137126 -57.54489514737101
0.4224737400463675 -0.0874570722300557 0.9021458859232143 28.553892040941385 0.30727315122229015 0.9502116382360639 -0.05177888661085009 34.28425320700155 -0.8527010903647056 0.29908042911177335 0.4283126748219805 -57.604696352632196
0.4225878435047036 -0.09657061555391976 0.9011623775622134 28.44588789146475 0.31265060521102 0.9488046420849765 -0.04493718081035514 34.647480810677585 -0.8506874358912485 0.30073886907005665 0.4311461690044761 -57.45808073237281
0.4250519213844683 -0.09751829291840491 0.8999005759936216 28.611829583073966 0.3112209263593763 0.9493125737294694 -0.04412677594320516 34.55046062230099 -0.8499837640351628 0.29882406179123255 0.4338568669171968 -57.450392817974986
0.4263525601203194 -0.09517477881745613 0.8995361337688986 28.735239904131618 0.3087495944172974 0.9500390774200898 -0.045819639042000815 34.38342424690388 -0.8502336046205207 0.29726673687419713 0.4344367672310471 -57.50523788386712
0.41926233621141923 -0.08736638768247178 0.9036515964340787 28.321617899053873 0.310078979463709 0.9492828401046773 -0.05208757987795787 34.47420017529588 -0.8532702502310084 0.30204172524026207 0.42508902159970974 -57.66370024077689
0.41821508504458715 -0.08646136521662176 0.9042237416513828 28.25709358088206 0.3104810606959064 0.9491093623209437 -0.05284817219049513 34.5013999570192 -0.8536378937174085 0.30284624924144143 0.4237764690613403 -57.69111543965158
0.4172740839634128 -0.08616953918288021 0.9046862159718719 28.19260500556718 0.30870130514931 0.9497407386598393 -0.05192334281394889 34.38117687216811 -0.8547431444893882 0.3009440809301162 0.42290284593688937 -57.80628770940607
0.41353764056611525 -0.08020360710583965 0.9069476287207672 27.997537841426894 0.3021214060740516 0.9517618963209105 -0.053590565433314113 33.93572878725958 -0.8589000383204373 0.2961700088105418 0.417820595536308 -58.17355348048513
0.41092198885427267 -0.07754416730826397 0.9083666777202458 27.841608505967198 0.2983790499725852 0.9529395452760858 -0.05362989452221689 33.68262608828406 -0.8614598432971247 0.29307528924403464 0.4147213681750904 -58.40693747838893
0.40786790045024995 -0.07673118369854168 0.9098110250104282 27.63077657182062 0.29406863202801226 0.9544045115303976 -0.05133875755797884 33.389865052234775 -0.8643884632730118 0.2884863147857174 0.41183519852226985 -58.68510492435427
0.4077436404872397 -0.07544383166227783 0.9099743688183346 27.638006401313252 0.2894464672476219 0.9558638990657298 -0.050447488150863584 33.07494666064399 -0.8660056964247314 0.2839585088124215 0.41158437656565877 -58.87158735764464
0.4051801575381979 -0.07155481947161602 0.9114323604896337 27.50145045634086 0.2875443484557125 0.9563135694965341 -0.05275039779923377 32.945718348680856 -0.8678405888229133 0.28345063874893994 0.408054466688354 -59.01870337347124
0.40297513654802386 -0.06865401133277521 0.9126322731812747 27.378378610130856 0.28451673681071904 0.9571701109992374 -0.0536246686170406 32.73997525257142 -0.8698627856154565 0.28126856443197945 0.4052489714529722 -59.201606562496075
0.40150361332765105 -0.06647335494582589 0.9134419201936632 27.298877346008396 0.2798866434566581 0.9585541147429278 -0.05326796339234305 32.424145705429915 -0.8720426109424964 0.27704747281223974 0.4034679448344635 -59.423190271882994
0.3999341189154991 -0.0640203597550219 0.9143052521254161 27.21656137534704 0.2745612131458665 0.9601150368013103 -0.052870183883627034 32.06198664207324 -0.8744534525994813 0.27217734961759044 0.4015602689410277 -59.66812765558323
0.39548857477711896 -0.060930196560693456 0.9164476517334956 26.934012766931158 0.27225050376494175 0.9607315989537808 -0.05361397179324616 31.9035735440398 -0.877193507967597 0.27070704815129365 0.39654664752171914 -59.89174948910275
0.3922313761671974 -0.05652826430552636 0.9181280427503514 26.75397816022613 0.2713639330520206 0.9608009278333722 -0.056773170715308185 31.84348170119886 -0.878928986544718 0.27141505560512963 0.3921960022773555 -60.01561178063622
0.38655988484981635 -0.049969781296119606 0.920909591861283 26.426464577483703 0.2689952673333379 0.9612233199431521 -0.06075586679268645 31.681577996819748 -0.882163817880309 0.27120610272389256 0.3850120105505212 -60.25697010416285
0.38639090456337266 -0.052916020719550816 0.920815922767361 26.377274072494366 0.26487179041533193 0.9626664126887918 -0.05582394220286663 31.39927439246293 -0.8834845802349213 0.265468025630396 0.3859815071412416 -60.437093685709314
0.3833106355374829 -0.04878250160630923 0.9223303227265606 26.205880257534332 0.2607829984937492 0.963688992779675 -0.057408648232689846 31.11896324259516 -0.8860390422438845 0.26253341260176 0.38211388732577345 -60.66738374326676
0.38064531964170445 -0.037188543638621785 0.9239730260439983 26.161311761582947 0.25470000517556685 0.9647585265333465 -0.06609760090027939 30.703228710065304 -0.888952781647277 0.2604956769377272 0.3767027399665742 -60.90890764532805
0.3802353782416993 -0.0325423004008388 0.9243170753686278 26.191092871595437 0.2474670712355466 0.9665231502617944 -0.0677720345136398 30.207156672339167 -0.8911683936201356 0.25450736471198365 0.375559443390615 -61.15414730557113
0.37927535917405963 -0.012459851057918359 0.9251999535424775 26.376937013120372 0.24118805387722303 0.9666733782851682 -0.08585395961548901 29.77279695470858 -0.8932964371306458 0.2557094676118871 0.36964055998136813 -61.29864593360213
0.37968410729277385 0.0008300901536502231 0.9251158249752439 26.576005645490593 0.23448245595160178 0.9672584186412736 -0.09710370445295803 29.30763483078615 -0.8949066747545212 0.2537921640199301 0.3670580076253431 -61.44746837771685
0.38717117049936267 0.013279575203671942 0.9219122179560065 27.27719613736421 0.22992019639926375 0.9669175081214443 -0.11048636013526925 28.986631930031 -0.892880276421132 0.2547433715931122 0.37130934085677963 -61.303062020022864
0.3907724260350314 0.02572414134698181 0.9201278061240497 27.69740611448276 0.2245670517140581 0.9667409164340851 -0.12239950889052294 28.609666686899192 -0.8926738207963487 0.2544607416560483 0.3719988986821095 -61.302603023221025
0.3960063281786024 0.03990496686474096 0.9173802819234915 28.25812737289252 0.21827444476790156 0.9663282745057276 -0.13625686277045795 28.16412397080559 -0.8919278304906542 0.25419925159273593 0.3739618773162949 -61.263371558186805
0.3988264031645923 0.05510169232389123 0.9153694902288568 28.656612688254306 0.21208201789479025 0.9655890886306353 -0.15052883312884954 27.72153464291681 -0.8921651852793112 0.2541682816964036 0.37341634505606425 -61.29097796394754
0.4016812585529701 0.06560658589764426 0.9134264844059194 28.997541817490184 0.20947187525262365 0.9644048951903597 -0.16138380219532883 27.529248893840688 -0.8915008132388056 0.25616200736980255 0.37364063747780696 -61.22825995573895
0.40633976708404396 0.08249317769956915 0.9099905874892952 29.552394506793608 0.20400548692248577 0.9625855279596947 -0.17835599980958242 27.128225209712078 -0.890656923282812 0.2581162083163 0.37430771834522997 -61.15467615720691
0.4118235623303579 0.09532467825789159 0.9062640670492036 30.11522103243295 0.19958443599684245 0.9609320387990306 -0.19176983526446778 26.80032816037903 -0.8891385754860467 0.2598515393923389 0.3767091332289086 -61.03498684088754
0.4169523250902437 0.10980181382599218 0.9022717552280808 30.66646536378623 0.19785387398713095 0.9579083349699145 -0.20800352483419746 26.652783853041544 -0.8871327990499078 0.2652455154676291 0.3776773932527436 -60.83814772521559
0.4195713640484795 0.1200103985207467 0.8997540634625609 31.011139934569698 0.19392640250168025 0.9564856349441837 -0.2180086708325574 26.373282240531093 -0.8867651441521902 0.265956264059175 0.3780407976983857 -60.79716848697362
0.42315233313445644 0.1271170183212157 0.8970971890581253 31.34709848352158 0.1919091013241867 0.9550712367367123 -0.22585355783593414 26.208775468510243 -0.8855015526761142 0.26773157529759223 0.37974570938571595 -60.708310985203674
0.4301774166108365 0.14310329402877836 0.8913298140846292 32.06076522350253 0.1854581031250928 0.9522863250515754 -0.2423964667750081 25.720059181956255 -0.8834889259199966 0.2695778224518444 0.3831124057229844 -60.55623015773548
0.43370199515734803 0.15765304596314395 0.8871573121465428 32.50441738731663 0.18114087981439508 0.9492195663675305 -0.25723568276019615 25.383842251433347 -0.8826610680530791 0.2722640848947584 0.38312100832480755 -60.47382699311812
0.4417198454590528 0.17612937099543222 0.8796942780309439 33.322571874095985 0.17603103435685588 0.9444647304891796 -0.2774877435225862 24.97392285184747 -0.8797139609389438 0.2774253368651727 0.38618457943625806 -60.21136911352387
0.43919020487289306 0.1839679383413436 0.8793564474126186 33.24215845652443 0.17258417280929758 0.9433019497069529 -0.28354212204678064 24.716399500692997 -0.8816613109575787 0.2762919277530499 0.3825390220867235 -60.374866938080274
0.44009830187051735 0.1945219347395005 0.8766268884741607 33.4444643886465 0.16916465759958396 0.9408127690854933 -0.2936914233424295 24.447822801855033 -0.8818711942851419 0.2775473841182585 0.38114386556680846 -60.38519000361938
0.44304833322121384 0.20654328239401207 0.8723806777593206 33.81476186523954 0.16085726053178925 0.9389912934620599 -0.30400706001120403 23.835307089301015 -0.8819484770462005 0.2750185871906754 0.3827945408904528 -60.43612930690605
0.4456341176433442 0.2155278899012343 0.8688831692851231 34.119523908015765 0.15255617939718538 0.938105426569795 -0.3109418285918402 23.23199789444999 -0.8821206523599661 0.2711197840715888 0.385171672588994 -60.51167536386945
0.4475037011786481 0.2275743461607523 0.8648412307475388 34.41182953041339 0.14670526797871383 0.935295428795593 -0.32202488292267395 22.784825863656216 -0.8821666519307478 0.2709840914953757 0.3851618106429048 -60.528479849182226
0.4477827088979641 0.24361471633250992 0.8603153582252451 34.6401869185248 0.14225984724435808 0.9305015723758259 -0.33753364227603694 22.418328569389114 -0.8827529560834181 0.2735300601256588 0.38200592238032177 -60.547828272025804
0.44994667814749983 0.2605610682052602 0.8541989911957073 35.017926735433825 0.132516815757736 0.9264218567844517 -0.352394433573346 21.677681459288415 -0.8831688855283912 0.2717544351207223 0.3823117139544075 -60.61277417492835
0.4523006759586519 0.28220119306946007 0.8460417159676701 35.470892983672 0.11867301972187422 0.9211417611820885 -0.3706947129329633 20.628987019450147 -0.8839348465341992 0.2680677944784373 0.38314337348573324 -60.72777601774879
0.4567609961751245 0.3148245019961375 0.8320185847179087 36.221018749087314 0.10409024388079598 0.909944930969947 -0.4014541614318314 19.463655999034366 -0.8834787000839037 0.2699736200908944 0.38285719394190976 -60.68269516787888
0.4590485142439905 0.35263811059567407 0.8154267744720541 36.88232672136334 0.08682477637688246 0.8956470445535536 -0.4362084705614844 18.06895423102185 -0.8841583114903627 0.2710400976571514 0.38052771999489415 -60.72890007153051
0.45839266757468766 0.38654287465794646 0.8002879284138509 37.279669688734685 0.06874590648810677 0.8823455882544724 -0.465553716802903 16.6230355234539 -0.8860869949699579 0.2684229292348927 0.37788750760784545 -60.91166551533705
0.4542599980408819 0.3823571447329214 0.8046433172851096 36.922664921254345 0.07324569809933815 0.8841238014529091 -0.46147607891893755 16.96697623286659 -0.8878529843897797 0.2685667842011455 0.37361606032666306 -61.046653236132364
0.45863497611494686 0.4123787785750541 0.7871452862496154 37.63777568100335 0.05504964808900323 0.8709152696117862 -0.48834017795211876 15.511510413173326 -0.8869179753107496 0.2673019568539979 0.37673089723661424 -61.00857000988535
0.46598895340820146 0.4434905286303126 0.7656176893964346 38.58652315175955 0.03992599344556111 0.8538882367713818 -0.5189227246429338 14.234147913416876 -0.8838892523098776 0.2723803042047406 0.3801956858414084 -60.73820499952113
0.4673272359042355 0.4636259772621137 0.7527657057742846 38.95170770425182 0.02979605194218632 0.8427202714269328 -0.5375265011278747 13.379441405542494 -0.8835821692806874 0.27363022006691173 0.3800119113861668 -60.71164378790036
0.4688533516661023 0.4812402681496686 0.7406647952634831 39.29768574784123 0.023058958775051486 0.8315882842289177 -0.5549136959504741 12.769210031783725 -0.8829749821210524 0.27725210521191684 0.3787960547628335 -60.632588687403704
0.4699871921723288 0.5009763236844101 0.7267288093240998 39.64397554579131 0.015580392555174183 0.818490353802231 -0.5743089691973523 12.082655290712378 -0.8825357163094292 0.2812405800028719 0.3768745754197954 -60.56059818994647
0.4688335692149191 0.538060858621177 0.7004895408191626 40.05695768390939 0.0018667678635534979 0.7924436974941742 -0.6099422115901678 10.797699643655715 -0.8832845518602389 0.2872690354382164 0.3705197723785513 -60.54402182072395
0.4736387120719423 0.5410278701804159 0.6949497925137289 40.447810733603575 -0.00452590691088145 0.7905555309681604 -0.612373634819694 10.313937056985885 -0.8807076056180427 0.28689858163416027 0.37688634528573906 -60.38127987433106
0.4700295618813393 0.5309124809982843 0.7051270442111001 40.04828444018717 0.005312775547440474 0.7971582131423327 -0.603747097413897 11.100665501459142 -0.8826346839851801 0.28752516540290807 0.37186730682652336 -60.50551463957952
0.4647844569369272 0.5226604723856493 0.7147037422565071 39.553506739994944 0.01332005710904105 0.8029695306419997 -0.5958712184181904 11.746283775257451 -0.885323660967252 0.28647157531974576 0.366245889895526 -60.71610529511011
0.4643368875595021 0.5284083818712373 0.7107572277647096 39.597996252367054 0.006879671743299454 0.8003420518606474 -0.5995041869246567 11.250566781032804 -0.8856319353818827 0.28326168465168355 0.3679930611302764 -60.78587128055333
0.4649713223692601 0.5294089814387265 0.7095969276611841 39.658146979000676 0.009708123949711323 0.7984123125230183 -0.6020328326105008 11.434252236150234 -0.8852725126781914 0.28681685721668515 0.36609926073782917 -60.71782375738092
0.46583519724073746 0.5306401825618801 0.7081091481278702 39.73806359035719 0.007587957229600595 0.7978145984772771 -0.6028551147345628 11.274169612705203 -0.884838963832835 0.28620423320984567 0.3676236458336151 -60.69995890774879
0.4661309242872344 0.5297551718097178 0.7085770384114809 39.74825435758652 0.007656835203353862 0.7984636658087645 -0.6019943083268302 11.286733677675386 -0.8846826178341007 0.286033620968037 0.36813235850454135 -60.695943060718825
0.46471694841585964 0.5297475612256619 0.7095108732292373 39.6454623430022 0.007983462169107447 0.7987520291657773 -0.6016073970916149 11.314140316577943 -0.8854233011316371 0.2852415069358196 0.36696438592067365 -60.76308212358819
0.4601728323980258 0.5314548329797897 0.7111938728822136 39.33725890596075 0.007206842374957945 0.7987855365518131 -0.6015727121625569 11.258556252989537 -0.8878001046101318 0.28195288098910415 0.3637492916229297 -60.978116143355244
0.45291083769188534 0.5358960749630571 0.7125216978734219 38.867408743994964 0.0012096728046921967 0.7988190008253153 -0.601570229160445 10.82479045378325 -0.8915549953833135 0.27331959454022714 0.36114552391996435 -61.3608644033819
0.44557007486432043 0.5392518428386539 0.7146151120571964 38.377887160703985 -0.0023700928348937 0.7989400269095568 -0.6014060326116711 10.567115685233704 -0.8952439282370799 0.26627482681784276 0.35726184453110854 -61.71763557481737
0.4336034929184336 0.5429362808739766 0.7191718889387071 37.55494187559265 -0.004980501100262602 0.7995328755482507 -0.6006016779250084 10.385174507319354 -0.9010900096759058 0.25684114901681865 0.3493843422851062 -62.25642985084425
0.41834937403056605 0.5470555549757659 0.7250613912065584 36.498411900135864 -0.007713641945569727 0.8003852250838699 -0.5994363946202951 10.197170218248415 -0.9082534343321631 0.24518097650021584 0.33906044857256873 -62.916766427501315
0.4000285093354023 0.551665337287876 0.7318760464408915 35.225283022437004 -0.008345526995020336 0.8007125353318845 -0.598990640946552 10.155114918725014 -0.9164646986644229 0.23350544190112518 0.32491177987953734 -63.64932164214871
0.37929744502320917 0.5576095941852988 0.7383799758060697 33.79504979422735 -0.007661088070591571 0.7998767987876864 -0.6001153343239429 10.195035967014531 -0.9252430793734371 0.22196541900410896 0.3076631223235734 -64.41789766484916
0.3570961679069723 0.5613222922139599 0.7465919977670679 32.2284159332864 -0.005272100968383153 0.8004896554486163 -0.599323382216258 10.374900400583114 -0.9340527457363073 0.21007997473205653 0.28881113621022975 -65.19156955091817
0.33208854797739823 0.56623132294144 0.7543866947542555 30.474008889267513 -0.004964705042529272 0.8008135707986148 -0.5988931261323786 10.400913684641614 -0.9432351498995912 0.19514024122348284 0.26875218743135276 -66.02987958386056
0.30748044395867036 0.5693965424405079 0.7623931754939665 28.726282648226405 -0.005353192291954967 0.8022305974212259 -0.5969902946392581 10.388820550987468 -0.9515393422845239 0.1794816035642032 0.24971830943436624 -66.8145317746435
0.2824445895731521 0.5726071974332356 0.7696402089733289 26.94888043299336 -0.005910758525630999 0.8033308475225254 -0.5955036627531296 10.360972677827391 -0.9592654047522539 0.16364763018875886 0.23028099439401828 -67.55928179747896
0.2549305859835942 0.5761401048931614 0.7765777333041158 24.996173193015768 -0.006517808649557477 0.804118710105119 -0.5944330224922633 10.326008046582347 -0.9669373891315142 0.14647757368476833 0.2087496249264995 -68.31501861140984
0.22774316023982333 0.5795519787511341 0.7824656905511085 23.066579962841832 -0.006939111933725262 0.8045284355343546 -0.5938735935720788 10.300113985701378 -0.9736965141611369 0.12982103197205197 0.18724742446336096 -68.99810786698472
0.20145998166530021 0.5814850575073465 0.7882188805675076 21.183853930898 -0.003972281106028597 0.8051966269776578 -0.5929946145511078 10.522603855626635 -0.9794886914968602 0.11633365720839461 0.16452471981525496 -69.56971346044446
0.1737390410152011 0.5834166520865867 0.7933723940843903 19.19734580894734 -0.0004557945598364088 0.8056721042341287 -0.5923615894960361 10.782702123685446 -0.9847916215517055 0.10255471967213353 0.14024261689847567 -70.1079679394392
0.14760761473633072 0.5845140751655529 0.7978441501980256 17.316012440149006 0.0018047145964464328 0.806520008342856 -0.5912040418906701 10.955939112784984 -0.9890443544538721 0.0887060994295113 0.11799361358533485 -70.57332655948052
0.1220409325236951 0.58569534133237 0.8012908198215585 15.477559537598877 0.005534510350156674 0.8069113902437336 -0.5906465757880163 11.230392911076482 -0.9925096372247126 0.07651781123688484 0.09523468160069394 -70.95990817384076
0.09782930690834517 0.5860648227923269 0.8043366522764154 13.727068416869725 0.008045964116311588 0.8077213020335281 -0.5895095933932721 11.421452371398285 -0.9951706834364001 0.06414297877913444 0.07430335861902661 -71.29251309958282
0.07201797042415567 0.58644485795154 0.8067811602399896 11.860995529001231 0.011147464498768245 0.8083577701589473 -0.5885859745686297 11.653375085864866 -0.9973410379460149 0.05138233165060674 0.05167891274894349 -71.5931249712649
0.052116860471211744 0.5842736867954583 0.8098815294677779 10.389847640571134 0.011375374969699592 0.8105837176697758 -0.5855122863723224 11.695092544821279 -0.9985762032508703 0.03972776821177615 0.03559874624180468 -71.818383648687
0.036679659519832195 0.5832064635900989 0.8114954241425145 9.257385803120211 0.01236180038771545 0.8117149382263293 -0.5839229786122482 11.779369509165399 -0.9992506134442367 0.03144964049009774 0.022563945673577154 -71.96290524322941
0.02264012344988582 0.5830111585107942 0.8121486402513246 8.237933388652793 0.012148971371283013 0.8121364381280638 -0.5833410737804097 11.768799617615329 -0.9996698591559084 0.023073684503417236 0.011303883343483728 -72.09205471962353
0.010803159616961988 0.582719321371106 0.8126016762492484 7.376824210762645 0.01097481635012032 0.8125310546325875 -0.5828145834343343 11.688361646219311 -0.9998814155430492 0.015214393134569792 0.002382665141219667 -72.2019237559063
0.0033458331365655153 0.5807220709381464 0.8140950078006451 6.810179059836858 0.010571989073899168 0.81403352648244 -0.5807216638025345 11.67630417724805 -0.9999385173337626 0.010549601313456225 -0.003415767041749923 -72.2629340661512
-0.0017810807042246413 0.5784669083496363 0.815703906877942 6.40875681996991 0.009642184617992544 0.8156772152657566 -0.5784269260434656 11.62761543358384 -0.9999519268581453 0.0068349426269549984 -0.007030471674692118 -72.3110188859202
-0.0024747955676470285 0.5775401006677192 0.81635856552597 6.346233640342721 0.010717878164413441 0.8163294940465999 -0.5774870424843095 11.712954429150763 -0.9999394994071147 0.007320469270668928 -0.008210253047625765 -72.30618291409775
-0.001172915130216473 0.5756205267145416 0.817716108129815 6.414791367076862 0.01159874523196025 0.8176694955570879 -0.5755710774043998 11.791920455217879 -0.9999320443805877 0.00880938478506521 -0.007635532762504088 -72.29067737731278
0.0045067236600941085 0.5733131822598854 0.8193239191485227 6.795221900861803 0.011911153639272476 0.8192433386412504 -0.5733223146807727 11.83241359797426 -0.9999189036421068 0.01234289832174068 -0.003136718059688695 -72.25259944734671
0.014616605268881075 0.5699336482728192 0.8215607046450362 7.4822376858560355 0.012997071543637106 0.8214707689793307 -0.5701024924027234 11.936302564578586 -0.9998086971924698 0.019010846349968247 0.004599645568367158 -72.170810881889
0.030919805660931735 0.5662118346000837 0.823679624597269 8.613626186036184 0.012472375830880678 0.8237909149782415 -0.5667565334783935 11.92453018350568 -0.9994440481883035 0.027797243714431097 0.018409448195343667 -72.04977107703687
0.053862725145366774 0.5626893682522518 0.8249118023739244 10.22940932861029 0.012313307255832462 0.8256739382088117 -0.5640132358616905 11.934265922563318 -0.9984724279139301 0.04053668238315983 0.03754448131255353 -71.83971609668492
0.080737856842656 0.5588531755839179 0.8253269210514252 12.126775267610917 0.012528008733705742 0.8273957434432847 -0.5614795924422386 11.969226138879442 -0.9966566346890101 0.05567236182976909 0.0598008416217723 -71.54120906078502
0.11130446168557462 0.5557615176981887 0.8238570581446093 14.302950379109697 0.011353086205597995 0.8282430264362692 -0.5602540464765046 11.893691685751719 -0.9937215023549065 0.07171209525243841 0.08587753578213861 -71.15389396828152
0.1434237175690385 0.5536536859763403 0.8203031349711449 16.606207831802895 0.010185269382847306 0.8280028708881446 -0.5606313459739737 11.806473337160973 -0.9896089619270207 0.08876284023059633 0.11311613796413893 -70.66955497322833
0.177115540296629 0.5482805154601854 0.8173240249449091 18.98136871889879 0.011858835850344196 0.8292042565534234 -0.5588198895225176 11.94136187726758 -0.984118617544505 0.1086681981096475 0.14036299128293972 -70.04881951514703
0.21486268150104545 0.5425234977499072 0.8120974587371805 21.647868831302887 0.010734576279177677 0.8301560723266269 -0.5574277212799296 11.870581931569815 -0.9765852737832406 0.1284879370541637 0.1725457998946322 -69.2862997707886
0.2534771660377311 0.535631800353637 0.8055109563174186 24.364264387358624 0.013631155916500659 0.8306455336125977 -0.55663469985065 12.085881943151756 -0.967245324561386 0.15207423167441808 0.20324839525756377 -68.34356627056502
0.293524666857336 0.5283038595383729 0.7967046516389551 27.181276537323797 0.01697851418952967 0.8304028009737663 -0.5569047658180337 12.325615114321947 -0.9558007114467981 0.17699214709071745 0.23477389093766796 -67.23227647230397
0.3332547450765775 0.519045347820116 0.7871043144274082 29.95156985365004 0.021599037647231922 0.8304036687199469 -0.5567434135660398 12.660375284019416 -0.9425893891067622 0.20253808008063043 0.26552508292173327 -65.98416642181007
0.3730716869142311 0.5088967444366858 0.7757845190029976 32.71861661324667 0.022926107300638682 0.8308409223886456 -0.5560375484519225 12.761502650828561 -0.9275192235350217 0.22522758531344933 0.29829620310500665 -64.63957622826481
0.4171760879412841 0.49676302422062835 0.76104573411667 35.77481402772548 0.02142270809935351 0.8317869054880003 -0.5546815405585319 12.663280547647899 -0.9085731556829618 0.24770353575569273 0.33635959796983994 -63.0222728064922
0.4598721057389517 0.4839696143508053 0.7445072590299944 38.722383131057555 0.020032453774866732 0.8325554223960314 -0.5535794156530058 12.571232263948133 -0.8877591718247579 0.26949003882165723 0.3731739163137228 -61.277004106290605
0.5026850521855866 0.47329282982985726 0.7233959051175365 41.70997926374174 0.017561045694268806 0.8310454138648364 -0.5559272702146807 12.375428327307517 -0.864291240256025 0.2921599173840735 0.40944259022582574 -59.32769729376869
0.5444677993787481 0.4628790640419386 0.6994982398200315 44.629180916911196 0.015361313238621443 0.8283029831996004 -0.5600698153607526 12.185412479995627 -0.8386410707181281 0.3156851914396706 0.44387387218719043 -57.20761331488242
0.5848791416521159 0.44662092157100475 0.6770865100379349 47.37350845944838 0.01763711847430996 0.8275545682620777 -0.5611081612314056 12.341994192097532 -0.8109286785607026 0.34012231470991783 0.47614229944855807 -54.92434250999864
0.6234731948775611 0.42988627481171393 0.6530535705420146 49.98184242533657 0.016075264844394338 0.8280477821691703 -0.5604270303125117 12.234382176519949 -0.7816794490898102 0.3599092401887257 0.509355060539723 -52.58964159040476
0.660636462204953 0.41149491072234645 0.6278784940216791 52.46677030004279 0.01644281978820364 0.8282517331904149 -0.560114899055976 12.263346438243284 -0.7505258812877382 0.3803564182667116 0.5404071581692659 -50.10642490282091
0.6962883756234431 0.3917456105792795 0.6014298583904313 54.826337255529346 0.017343199991726593 0.8284964695192051 -0.5597256590583101 12.331388656336992 -0.7175525844045952 0.400161188255533 0.5700783385011273 -47.49809657248766
0.7312853189182085 0.372970757628317 0.5710644414502213 57.15487614755069 0.015379920342004971 0.8280201441573469 -0.5604873762360041 12.183821976473125 -0.681898262488597 0.41865911530003214 0.5997827146485857 -44.71209255506693
0.7653918607922006 0.3510560962234266 0.5393838306228886 59.38050818377001 0.015846050658713334 0.8275850757207548 -0.5611166056380741 12.212786388673463 -0.6433694134100363 0.43802118641527005 0.6278640283849561 -41.705156709720434
0.7978180960726015 0.32855588614915776 0.5055069883353057 61.47927123249479 0.015207489550356751 0.8272278992001494 -0.5616606938770802 12.162559731894916 -0.6027064109835444 0.4557905576705698 0.6549808773526796 -38.56281639885822
0.8279965887183613 0.30410498522634877 0.47110700167927777 63.3916992500645 0.015167703833282115 0.8277084284991545 -0.5609533832252783 12.165186942600196 -0.5605279563332972 0.47161309921581085 0.6807271809005977 -35.332744718101786
0.8556712812950007 0.2794752097521698 0.4355688986841837 65.12042508650327 0.014903276568799056 0.8279909627994773 -0.5605433594914033 12.149205013473562 -0.5173050847560711 0.4861322583992709 0.7043229916942502 -32.0436633984996
0.8804026858990764 0.2573105124278732 0.39834960883098325 66.66954887359066 0.012639536684462382 0.8269675524795409 -0.5621075602217068 11.973802450985602 -0.4740583854063697 0.499915960277428 0.7248121686932434 -28.75780073551465
0.9022801197218216 0.2360138395191077 0.36081581604777807 68.02325615131299 0.00999824417626248 0.825189088134031 -0.5647680974859667 11.762561365869265 -0.43103436135436696 0.5131865512462065 0.742191985238225 -25.491353089261327
0.9214968300536739 0.21425594020979016 0.3239413284621911 69.17771216252157 0.007919690676655142 0.8235314678334577 -0.5672153030266873 11.593416159414982 -0.3883051257717524 0.5252526188158317 0.7571847962858829 -22.259067073180493
0.9381208237353171 0.19244606521206697 0.2879128897054852 70.14278848195714 0.006234650802105987 0.8218576179502993 -0.5696588320621698 11.452637213727085 -0.34625200245420357 0.5362038491110004 0.7698019115298439 -19.087439126255575
0.9526878220939419 0.17007463683907764 0.2519137382874495 70.95174962308525 0.004606973519695426 0.8206235348616936 -0.5714506013874582 11.320924019705593 -0.3039155958961149 0.5455745887916287 0.7810145188381293 -15.913790059093632
0.9651713367062532 0.14790673440297286 0.2157959423133644 71.61250427685819 0.002186160602913545 0.8202608863530902 -0.5719854010558846 11.141438808928825 -0.2616094637097112 0.5525356787009245 0.7913689482536107 -12.771825729538335
0.9754489894373004 0.125625747271074 0.1808796302194736 72.11077557575526 0.000583243112471668 0.8198617396364855 -0.5725612523631926 11.020843974013754 -0.2202247234831299 0.5586097918071432 0.7996600350548719 -9.705673890996131
0.9838552467032742 0.10275450156345163 0.14652769684563394 72.46543777904942 -0.00015351027783673532 0.819229926700522 -0.5734651721184574 10.960411290159946 -0.17896600227147608 0.564184224882887 0.8060194355127313 -6.652937925198122
0.9905053508944636 0.07678009320168688 0.11403493823112215 72.65162744228851 0.00264247183704943 0.8187140912207977 -0.5741953101333148 11.157332517392613 -0.1374487802493204 0.5690448612582697 0.8107377989729666 -3.588720344455261
0.9954832483363121 0.05104602312151188 0.08004627290050723 72.72132760932153 0.004286541896011891 0.8181210902976118 -0.5750300054508639 11.269900488206211 -0.09484053901343106 0.572775859419481 0.8142070295851768 -0.4583469428547199
0.9986236537510966 0.02678567594359721 0.04509241325383325 72.67751578081372 0.004089042444975256 0.8173749839342522 -0.5760914991304454 11.24724946522726 -0.05228841076847784 0.5754829825483335 0.8161404651753162 2.65659829347803
0.9999612695038504 0.002799739245246701 0.008343917090097417 72.50847964417898 0.0025207075669230867 0.8172306733948705 -0.5763051904121016 11.132048226610491 -0.008432409241127413 0.5763039024010902 0.8171919643215204 5.84319263822854
0.9993120867676797 -0.022605185189096558 -0.029399980316188918 72.17854431292213 0.0015667424185738296 0.8177820522533963 -0.5755258989223833 11.069130428818518 0.03705264576544417 0.5750839248447048 0.8172549056610124 9.12303219468002
0.9964408159988329 -0.05235745117865459 -0.06606358692695029 71.63142044770484 0.004816089712688872 0.8177962716333388 -0.5754876743966717 11.304843717994483 0.08415762289572613 0.573121239711708 0.8151377424091314 12.513075037699975
0.9908727870927981 -0.08357688148703254 -0.10576400465117056 70.87351231290606 0.00735689060673133 0.8169570562079667 -0.5766515797885355 11.479622583097186 0.13459939063588253 0.5706102638341829 0.8101153811942675 16.141072948333925
0.9820797286802155 -0.11639078449598037 -0.14823154792352583 69.86459565549933 0.0090685048122928 0.8147887469278061 -0.579687036339683 11.579460129478683 0.18824762610950424 0.5679546488622359 0.8012430019038609 20.003726029815628
0.9697689670261829 -0.14864781656992865 -0.1935251333082167 68.61075541869603 0.008392433904739538 0.8129021090363899 -0.5823398734221658 11.509414487490165 0.2438805397036114 0.5631109906165767 0.7895747555492723 23.985413310727633
0.9536514400005103 -0.18173150084463485 -0.23983868033682443 67.07166519169297 0.008019996294544612 0.8121022610068963 -0.58346002204686 11.473462672139268 0.30080660006786497 0.5544939848801278 0.7759199766002729 28.015050848948878
0.933616770344919 -0.21349881316059433 -0.2877116315162466 65.26707317868488 0.005599969193630219 0.8116487438627094 -0.5841189578597125 11.293068025855638 0.3582294885625041 0.5437320786610845 0.7589644656761889 32.057059673416084
0.9100520267269333 -0.24491608444021382 -0.33439709961761765 63.20984906848124 0.003837427291725426 0.8117035247415024 -0.5840570709048918 11.16597422650273 0.414476275318602 0.5302390965448465 0.7396322854590133 35.98167649351741
0.8835132146387051 -0.2752795738402162 -0.37897962449864026 60.948289816163495 0.0022244481776399205 0.8115399331571167 -0.5842927252000043 11.04730021869067 0.4684009515245314 0.5153873233963866 0.7176186002976944 39.72359845545529
0.8546389841548397 -0.30653036438156145 -0.4190839324943043 58.501595008446564 0.0042637678394491785 0.8112532098027659 -0.5846794419752764 11.191917216384173 0.5192051878078596 0.49790296775256976 0.6946355934276537 43.20703612793734
0.8210760754542924 -0.33990750912657647 -0.4585814688318133 55.68774084790502 0.008370406263786767 0.8104580903281463 -0.5857368181364676 11.480620470489427 0.570757404345801 0.47709597468540904 0.668292912070316 46.70607698361323
0.7840458898392576 -0.37142179915682316 -0.49731065717243106 52.645405841395885 0.011750763511353263 0.8099440224903998 -0.5863894610145813 11.71981532329449 0.6205916227142185 0.4539124668294311 0.6393977715583263 50.05319919023346
0.7434406949585103 -0.4007848339618284 -0.5354133449455635 49.370646931992056 0.013678371096722736 0.8095002019351235 -0.5869602416102259 11.854522590468623 0.6686619738281426 0.42904654751341836 0.6072974763845709 53.25444727161149
0.7008673613681546 -0.42541118955906954 -0.5725471697308246 46.01218515385985 0.012955539115505815 0.8101429115158574 -0.586089256791861 11.809403999380836 0.7131739589855106 0.4033531736810146 0.5733141560317399 56.18931911536437
0.6546276755162211 -0.4474031519016437 -0.6093381869837996 42.42117386205198 0.010659416636672109 0.81143761007511 -0.5843418364215931 11.657571498250377 0.7558763015766502 0.3760311484758527 0.5359585731105869 58.97578481924478
0.6075796351522269 -0.46728418163150165 -0.6422557750190065 38.794316299622174 0.007147895739488125 0.8118069959591723 -0.5838821018820854 11.407314730059168 0.794226601502861 0.35016409711551283 0.4965774970299133 61.467338496610765
0.5612636498486733 -0.48526498384372135 -0.6704483655090067 35.23964321794255 0.005084865755456858 0.8120818689789873 -0.5835213639755134 11.26087358471233 0.8276214469785051 0.32410019057499406 0.4582595410577478 63.596178924501444
0.5140116011759353 -0.50484400569279 -0.6934872772968584 31.591680272447825 0.0031771698698358497 0.809579446265258 -0.5870017255310727 11.094634589616902 0.8577773484116783 0.29952236995072135 0.4177372026177866 65.51121744244624
0.4686565836859997 -0.5192012230713101 -0.7146965065879526 28.145435883746373 -0.0002482222592042893 0.8089698062334201 -0.5878501433089669 10.839599248431904 0.8833804078388187 0.27567724346401645 0.3790001483939074 67.10373546452085
0.4251424855757412 -0.5302539212062758 -0.7335425318301928 24.87200169957427 -0.004651457475063681 0.8091403695931707 -0.5875969930470925 10.522436523384235 0.9051144849696299 0.25322448803383113 0.34153349434303765 68.43203452960276
0.3840493230945359 -0.5431659182547579 -0.7466437588817672 21.7445456150088 -0.007669000814624127 0.8067531797097734 -0.5908388049668667 10.277040280615404 0.923280728628695 0.23263725470060803 0.3056674727023312 69.52368734354577
0.34421736991012997 -0.5563769870439056 -0.7562797435738302 18.701178970646513 -0.009116941245286614 0.8034854224308526 -0.5952546155414877 10.135486014300907 0.9388457187602672 0.21179193617571954 0.27150118256916894 70.42168492510264
0.305350651521062 -0.5721003925486858 -0.7612240934582291 15.691121667946236 -0.009897856752749845 0.7974535784056154 -0.6032991154641132 10.011112761331232 0.9521885380781292 0.19175226500283876 0.23784040199031808 71.16824581744939
0.2675379218009787 -0.5794026195396442 -0.7698805523384855 12.867945576550945 -0.014056375489169548 0.7965745540022721 -0.604376867711024 9.699821532902781 0.9634447979549843 0.17251546129747145 0.20496959995765163 71.77291473630387
0.23214923563549392 -0.5825236643635152 -0.7789562971376242 10.273826871982854 -0.01858188010171452 0.7980328026842115 -0.6023274521154318 9.38824995262624 0.9725026715262747 0.15430433012875897 0.17443832026757639 72.22868594550242
0.19978952084875762 -0.5799361188580257 -0.7897836700026872 7.97332102882705 -0.021002142503893484 0.8033144921063519 -0.5951846241143665 9.272164381762282 0.979613728654958 0.13549880005300166 0.14831391645738 72.53112706512952
0.16964122923912162 -0.5870592726730882 -0.7915701255800301 5.700775514934664 -0.01998253145839335 0.8009978237550618 -0.5983336734433133 9.320127201119083 0.9853032790865736 0.11731963479401017 0.12415132505553843 72.7363943909591
0.14397802828212317 -0.5963468833019883 -0.7897092643169366 3.7220487731123635 -0.01838938182214911 0.7962738147384194 -0.6046567973636985 9.382522618101307 0.9894100050071211 0.10157955866182122 0.10367948328323343 72.8538726719574
0.12269168995759847 -0.6033095600400842 -0.7880128958206133 2.0900742927213045 -0.013305369063922767 0.7929404961089573 -0.6091537874663127 9.713456493210233 0.9923556400653052 0.0852229100343374 0.0892599531472983 72.8729476429047
0.10507722140128846 -0.605944403419435 -0.7885367191876672 0.7812371709416799 -0.009249949140103741 0.7922964773795288 -0.6100661688480158 10.000076559796653 0.9944210456257904 0.07139798244106893 0.07764735745570939 72.857222883898
0.090205738790436 -0.6014266401653325 -0.7938191993071918 -0.23339951486945554 -0.008974603516246071 0.7965454782331156 -0.6045119995484813 10.067909276798922 0.9958827145708463 0.06165466410432047 0.06645540770460753 72.8489128851784
0.078245889514458 -0.6020679677479184 -0.7946016253356035 -1.1070284318061046 -0.01190021341403491 0.7964244429038079 -0.6046209487489329 9.85460040472212 0.9968630626594567 0.056765032874568466 0.05515220166011062 72.86709327413568
0.06833725457819684 -0.6062982373786026 -0.7922956941624222 -1.8807350199087582 -0.014269222732808895 0.7934769821710183 -0.6084329610132694 9.649804160951385 0.9975602282164802 0.05288408188077909 0.04557263394089551 72.87572208846527
0.05989078511652082 -0.6096304828682462 -0.7904199948229773 -2.5366293138878016 -0.015946531443338074 0.7911560290020104 -0.6114064490244575 9.502153843437197 0.9980775530954762 0.049222069558266635 0.03766146406272339 72.87209938168967
0.052969965448236296 -0.6127331284860695 -0.7885127113852297 -3.0791620231724766 -0.01436802925437991 0.7890718702248135 -0.6141328385253961 9.593080973932004 0.9984927353244779 0.04385996894195093 0.03299334218676799 72.83620064526843
0.04687990476396041 -0.6170834207808373 -0.785500048584812 -3.578429107209835 -0.00813514940693355 0.7861026932944484 -0.6180423730937398 10.011120705107478 0.9988674055516322 0.03536392784511766 0.031832353571742744 72.75387114116563
0.04169025130263919 -0.6194990984365121 -0.7838895266443298 -3.986524865128499 -0.0005499302526628669 0.7845572994940614 -0.6200560792277603 10.543081767898682 0.9991304321874295 0.026281378330181848 0.032367709681499726 72.65421369983292
0.038216366322715564 -0.6194224241442088 -0.7841271388062014 -4.236842396759522 0.0036608921891649326 0.784781893590065 -0.6197612260875722 10.850530700659752 0.9992627818614417 0.020814417131010232 0.03225915104321543 72.5913864763978
0.03653048380087122 -0.6199422373505772 -0.7837966229207901 -4.365842596722054 0.005730962808045192 0.784437189862661 -0.620181788853611 10.996564828647843 0.9993161060538188 0.01816363149628153 0.03220873596247141 72.55834331861759
0.034278017144195344 -0.6262075146474129 -0.7789025395643365 -4.6133142640484115 0.004757941975931712 0.7794539596983108 -0.6264414471431295 10.869728090455261 0.9994010103701199 0.017767197576853633 0.02969759521323445 72.55861615923122
0.033599913861770886 -0.6306239279987588 -0.7753608883764372 -4.721983221287338 0.005109125100498324 0.7758971750140632 -0.6308387041438592 10.854845871135309 0.9994223044485194 0.0172347103431561 0.029292014785577178 72.55028455252841
0.03294982825935465 -0.6355007104729578 -0.7713968860489683 -4.834864139813122 0.004052294063865924 0.7718945785892685 -0.6357376333498872 10.732965840586811 0.9994487919500924 0.01782151881466648 0.028009029555475476 72.55727857706896
0.031350595282431226 -0.6351009975289399 -0.7717926296053769 -4.945147300088489 0.002455866193408429 0.7722188068713859 -0.6353519363591905 10.621109088085227 0.9995054321496591 0.018023241991336425 0.02576924235293801 72.56261514301788
0.029461458127195764 -0.6365905077093426 -0.7706390516833292 -5.101946374527373 -0.0002087385865277569 0.7709697831658808 -0.6368716902747031 10.414071649160299 0.9995658952331368 0.018924030741795994 0.02258101298129858 72.57795708126311
0.027285568375662345 -0.6387936397638819 -0.7688941302647775 -5.2891455452681235 -0.0026811381405998924 0.7691309785458949 -0.6390855571355877 10.214239631877929 0.9996240839719138 0.019499324045857747 0.019273481913410467 72.58916235385887
0.02503004070761347 -0.6423632379108566 -0.7659914931922257 -5.500602585570726 -0.0045640204069590795 0.7661501404551772 -0.64264541700555 10.044061122990426 0.9996762809929524 0.019581441754696505 0.01624501027723141 72.59332442941424
0.022428982684866677 -0.6420144912539105 -0.7663643609639639 -5.684036777196986 -0.0058176291094029775 0.7664604039760603 -0.6422652133880524 9.95690166516968 0.9997315119207095 0.018863778964925637 0.013455924936437741 72.5873144570544
0.02152566490100663 -0.6427587855338879 -0.7657661453535087 -5.759426994768957 -0.0029941940673502976 0.7658987362063212 -0.6429542446235554 10.154972525583034 0.9997638123839332 0.016132870065841742 0.014561935001298876 72.54995150640845
0.020124712011713217 -0.6434307777171937 -0.7652397207755837 -5.869821120380174 -0.0006181561165922167 0.7653865764945877 -0.6435705139337184 10.321163043817768 0.9997972863783244 0.01342470886620295 0.015005443758735165 72.51363612451404
0.019384404312449047 -0.6450423995568317 -0.7639008755351809 -5.945119614871243 0.0008084679500440783 0.7640542987305372 -0.6451514356885217 10.409269807102234 0.9998117779107351 0.011888286897262512 0.015332233549718646 72.49081836492189
0.01762645278527014 -0.6452762402693013 -0.7637459537739781 -6.07540274987016 -0.005449047755499592 0.7637912858993529 -0.6454402989144477 9.953429961400913 0.9998297935352631 0.015538511129710109 0.009946789989989047 72.53986911302522
0.016406255200869704 -0.6452506692148217 -0.7637947424983419 -6.1633105992857375 -0.01186718119977842 0.763718088970508 -0.6454408188126981 9.488133149416921 0.9997949813840111 0.01965335739916546 0.004872447258320062 72.59060904205354
0.015339938635759637 -0.6474518525196652 -0.7619519571150826 -6.270230273316852 -0.016555024855825495 0.761772703058369 -0.6476328280956491 9.126717460368848 0.999745276275249 0.022548781430475784 0.0009669650078988207 72.62356061654127
0.014095613344898367 -0.6475387097352909 -0.7619021807809622 -6.361392150370379 -0.014598412757303725 0.7617633945820943 -0.6476908344416586 9.268298536593603 0.9997940788129317 0.020252162085054537 0.0012844849092787797 72.59347834074858
0.013757966730779822 -0.6455282322398612 -0.7636124800792051 -6.358532396762652 -0.012777601473555056 0.7635089012537424 -0.6456708841250982 9.420003682591751 0.9998237100869422 0.018640254493511366 0.002256027570613814 72.5699055723678
0.013387482555527477 -0.6451409700722456 -0.7639462703914899 -6.38002626124102 -0.011438265677145898 0.7638659406185603 -0.6452735782915813 9.521032596584242 0.9998449586756561 0.01737680917672385 0.0028469481398946395 72.5504310140447
0.014462577855566094 -0.6473069714212232 -0.7620921982222724 -6.331558742513524 -0.012073976636304329 0.7620032870433099 -0.6474605853821351 9.45385408427873 0.9998225107137555 0.018565432520545044 0.0032049626156044203 72.55899784889523
0.014793515740552987 -0.6461270019304505 -0.7630865280349285 -6.291603733780871 -0.01417969728037316 0.7629577320085474 -0.6462928402461305 9.312384707048711 0.9997900219931538 0.02038127927145411 0.002124941925796181 72.57635650198588
0.015968562057203775 -0.6434429769678119 -0.7653274726655415 -6.170197597418059 -0.011990587618024406 0.7652467954396127 -0.6436253319113365 9.49688518133576 0.9998005955361298 0.019454497171691953 0.004504631549518731 72.55830811377402
0.017971679569405527 -0.6450463195005973 -0.7639321072138467 -6.046989081010693 -0.006794966008797032 0.7639590637246358 -0.6452289340923245 9.858168331927216 0.9998154065478257 0.016786740353963048 0.009346559682296016 72.51592321316245
0.02055769729265451 -0.641658760731967 -0.7667146899974852 -5.814091929239127 -0.007388091890776105 0.7667583190162015 -0.6418933683390587 9.847129845945044 0.9997613701180083 0.01886040814418599 0.011022151532150429 72.53187089995373
0.025205060672029933 -0.6369410202818573 -0.7705003839056969 -5.414229149658525 -0.018145904512128774 0.7703267618532698 -0.6373910935384117 9.109532694068838 0.9995175991777013 0.03004690757735856 0.00785826183590757 72.65436534053866
0.029805043193591438 -0.6264236431410182 -0.7789127542377017 -4.939678213860837 -0.03429007154903019 0.7781594977634702 -0.6271299602424256 8.030251968639432 0.9989673920571134 0.04540060962628367 0.0017129658990339969 72.81063423363065
0.033393585273714166 -0.6159732056966467 -0.7870590056192507 -4.539442287908326 -0.042278211809484156 0.785922688405941 -0.6168776869485314 7.540042660865145 0.9985476559828076 0.05387520498870002 0.0002025306544207045 72.88466737533498
0.03719734547953803 -0.609289061326154 -0.7920752472067094 -4.174523262128146 -0.04705393111707823 0.7906767195374028 -0.6104230113192 7.248036294795013 0.9981995216667383 0.059976369762307524 0.0007416295772304238 72.9313571747832
0.04119471146613861 -0.6041894326995898 -0.7957751724962078 -3.8171308831944533 -0.0435060094492698 0.7946111802696565 -0.6055578414423045 7.5492819287279715 0.9982034977343154 0.05956678272838778 0.006447907130799041 72.91582929354354
0.0444423680615037 -0.6017750104996321 -0.7974281865216787 -3.5500737684517416 -0.03605809865440779 0.7967304957146286 -0.6032580962736851 8.112171510201172 0.9983610015633196 0.05556396257008139 0.013709727240020814 72.86425575744168
0.04692523464250703 -0.6024431435249449 -0.7967812003138175 -3.379692424299874 -0.024030817006961025 0.7967481956118432 -0.6038334477513223 8.982555434765334 0.9986093040762853 0.047482329440053095 0.022910395090933497 72.76559696240935
0.04857471695973829 -0.6077035486007485 -0.7926770426159313 -3.331290667992911 -0.017911253927847592 0.7929562773020364 -0.6090152126753714 9.382491773733083 0.9986589427101793 0.04378058137295027 0.0276328941595521 72.71269897635406
0.04898767911000872 -0.6118600006639403 -0.7894476213675851 -3.357373603607652 -0.012965316835860108 0.7899404377096189 -0.6130464953251769 9.706217315744233 0.9987152286086164 0.04026716352885196 0.03076438991074111 72.66433329132116
0.04813700524353437 -0.612114077961316 -0.7893029736975226 -3.422246748969546 -0.016493469288495932 0.7896241863100302 -0.6133690649723478 9.44760656359988 0.9987045580135365 0.04254409425279432 0.027914258850916515 72.6907891474092
0.04646001811747694 -0.6084051808447544 -0.7922654874710783 -3.4934006734806586 -0.023087155042721907 0.7922560756501561 -0.6097518297368588 9.00054469759683 0.998653318218368 0.04662023720098163 0.022761886889429345 72.73932545061521
0.04577318663179436 -0.6068033048814663 -0.793532963757966 -3.521436070283367 -0.027473055392334744 0.7933004288943827 -0.6082102109825174 8.695217195382456 0.9985740065778703 0.04964049456763192 0.01964114777960478 72.77036925769686
0.04486141054108146 -0.6030675462661923 -0.7964276417131306 -3.537009269470759 -0.024817563516339125 0.7963114526181869 -0.6043774970746563 8.921215322494024 0.9986849064571754 0.046878620602441134 0.020756987860365422 72.73758148622044
0.04367866023052919 -0.6019386511419645 -0.7973468723848223 -3.607195131526166 -0.025277099817149762 0.7971872123571552 -0.6032027989648769 8.897917107401392 0.9987258096521285 0.04650170658825442 0.01960480601995497 72.7322342208024
0.04385783696782318 -0.5989227762670113 -0.7996049013138422 -3.5537323007165633 -0.026006405259485554 0.7994193701549964 -0.6002102444197932 8.870359777860369 0.998699232512964 0.047118772157219435 0.019484975966441595 72.73359280688568
0.044750301789039035 -0.5957838288325765 -0.8018971503823822 -3.447056004086946 -0.025718920707434145 0.8017481573088657 -0.5971083899674184 8.91734341236637 0.9986670854731492 0.047344709878011204 0.0205555549458611 72.7282026827633
0.04777740599838175 -0.5930625744408041 -0.8037375829670472 -3.192035963727059 -0.025238161664125514 0.803682839029873 -0.5945224381339176 8.973827838361668 0.9985391102364898 0.04868959895632802 0.023430072163582838 72.72814893656995
0.05012884522262272 -0.5891185804825319 -0.8064901716740833 -2.9693464794871742 -0.030784995354523448 0.8062102747818573 -0.5908276202896945 8.601213274833983 0.9982681918891676 0.054445302519208205 0.022278377318009662 72.77772579364921
0.05164710452376721 -0.5851629869515291 -0.8092693342122113 -2.8066560190273435 -0.034270280728322 0.8088350722731436 -0.5870360923484186 8.378686999691043 0.9980772136729268 0.058052601689017214 0.021720289685527583 72.80531089504593
0.051325497456345785 -0.5838032785083871 -0.8102712047911593 -2.8115822266448722 -0.029093582091245573 0.8101221528381316 -0.5855387783588808 8.767382275519994 0.9982581113078712 0.053626760892014624 0.024594993886400872 72.75457259503521
0.04933319653844055 -0.586502680602067 -0.8084434682560614 -2.9914966350575742 -0.02119151025055732 0.8086321826977981 -0.5879327453022966 9.321861635912386 0.9985575374572063 0.0461367397199276 0.027463532828380585 72.67362448901865
0.04703187850135386 -0.5880987702008944 -0.8074204845635449 -3.17896649028347 -0.016403624633955616 0.8077512561007321 -0.5892951971351522 9.658029408818116 0.9987586913281417 0.040960282663638825 0.02834310746217919 72.61683335474245
0.04476028691936909 -0.5882957594854477 -0.8074061035726298 -3.3453635641591757 -0.019957366048594827 0.8075282611480145 -0.5894911458093894 9.398877692174814 0.9987983881921808 0.04249949198172448 0.024404362847597172 72.63860534432747
0.04308501192548973 -0.5879678157082238 -0.8077360518379015 -3.461816080621751 -0.024081337425297833 0.8076407321588734 -0.5891829401346316 9.102255942333098 0.9987811426609885 0.044836318416881904 0.02063815921129128 72.66595115333293
0.04075749382153754 -0.587685995816261 -0.8080618769740575 -3.6259088608802457 -0.027477199676790576 0.8077687725536078 -0.588858738226036 8.85841778620703 0.998791184480174 0.04620368392982449 0.016774665302287703 72.6831519674889
0.039782952421868537 -0.5887672638247984 -0.8073229996382238 -3.7107125158185217 -0.023523824989080455 0.8071868209813424 -0.5898271489952949 9.137598244439046 0.9989314022266407 0.04245639035875509 0.018262216821145816 72.63952114519967
0.03939774456437334 -0.5913596568570079 -0.8054449540255388 -3.7732222540803524 -0.02175715467425393 0.8053719843547591 -0.5923703174847291 9.244940684017912 0.998986708592122 0.04086224490211099 0.018863536196559658 72.6177858430673
0.03894202167115171 -0.5913690904497778 -0.8054601900831388 -3.8061436078164146 -0.02533105005713443 0.8052283334681098 -0.5924235553074957 8.985291261937208 0.9989203455987703 0.043473323323310276 0.016377219179715116 72.64383416028087
0.03916357337681452 -0.5910807261518825 -0.8056610886049556 -3.7862659314189973 -0.02858755763583426 0.8052868316646481 -0.5921958040174974 8.750808660091504 0.9988237913009363 0.046224386629524106 0.01464035559498321 72.66869052172102
0.038975924315300337 -0.591559376807977 -0.8053188070784923 -3.8061668461285105 -0.02780833019831014 0.8049769044685792 -0.5926540981413745 8.803702256487517 0.9988531293915787 0.04549381257645868 0.014924440421949292 72.65641096865986
0.03861077912676003 -0.5891544507314614 -0.8070974172418931 -3.8001737552433275 -0.025025133061379046 0.8068762523314557 -0.5901901864135028 9.026046515188819 0.9989409143940821 0.042985423190366856 0.016410452238139223 72.62461465293256
0.037053993303102675 -0.579367438493396 -0.8142237854508394 -3.7812225526426984 -0.023526039700459023 0.8140517549457666 -0.5803156604174402 9.214492475061562 0.9990362991584971 0.04065847369636805 0.016533646916990483 72.59711512755081
0.036952840058201916 -0.5813617873448811 -0.812805610110313 -3.815211680612442 -0.02049692110815665 0.812749082538845 -0.5822532138660566 9.418798751577848 0.999106783000055 0.03817592235206463 0.018117260164003293 72.56438926104734
0.03642125349500809 -0.5867698068195693 -0.8089342903467363 -3.925944954039454 -0.009524268460867957 0.8092307771758936 -0.5874136852181642 10.171708318702182 0.9992911390601529 0.029098850084231687 0.023884646106604415 72.45196953837255
0.036286861905985165 -0.5929540436801077 -0.8044182778483001 -4.0185419499276005 -0.0031809409130749144 0.804875794288901 -0.593434779384153 10.580852456347715 0.9993363524199065 0.02409269290095456 0.02732026502171618 72.38353312453553
0.03592621178574823 -0.6016083165568149 -0.79798292009065 -4.160748239134728 8.34473685057957e-05 0.7985001976332892 -0.6019945410185501 10.745021053865711 0.9993544417989356 0.02156079379970255 0.028737289842023228 72.34659099223914
0.03580572350936477 -0.611616279368754 -0.7903438979172884 -4.303963550043796 -0.001389793805133599 0.790819776289076 -0.6120475062470845 10.552443782344977 0.9993578031101523 0.023013218836529903 0.027465853739358823 72.36177498690199
0.03710735554046919 -0.6203193041530234 -0.7834711258622757 -4.327284783364434 0.001968811723518149 0.7840549459270164 -0.6206882998315504 10.718545219416072 0.9993093454707558 0.02148959428402314 0.030315497560118213 72.33135243873322
0.03866323050656752 -0.6203324146169764 -0.7833855053434852 -4.215200815293842 0.002653441350870034 0.784032654262831 -0.6207139085751 10.767736132606887 0.9992487747582147 0.021920137432320908 0.031959250916669554 72.32592930954924
0.04125582118082459 -0.6171651925236108 -0.7857512853034289 -3.985617372644791 -0.0025264957922083164 0.7863538786108186 -0.6177711505183243 10.420360797553055 0.9991454218669612 0.027471853432497584 0.03088240973880746 72.3851099121502
0.04252165034370385 -0.6131996886888396 -0.7887826386552622 -3.8408981622036933 -0.01361265387553029 0.7890678350909281 -0.6141552306049188 9.651238247763937 0.9990028052545762 0.036852319015580615 0.025205191462495738 72.49473517936461
0.04373877061634142 -0.6071938992307557 -0.7933489072797173 -3.6722740787211343 -0.019389165616379933 0.7934433762931405 -0.608335161628228 9.28382711954049 0.9988548343987085 0.041990205447132556 0.022931254759300523 72.54672346435909
0.04477314595163691 -0.6031265360789864 -0.7963879374268275 -3.543009685466448 -0.012210382112932572 0.7967974337598771 -0.6041231299348919 9.839510052237436 0.9989225555418446 0.03677269409544648 0.028310722327646837 72.47499796613529
0.044728348202124284 -0.6006708965290135 -0.798244228873683 -3.513188760465159 0.001704071071356894 0.7990886353265297 -0.6012108191256775 10.868849365533341 0.9989977332351127 0.025530901962436403 0.03676550062342645 72.32471043227638
0.04326539154994126 -0.6016866905291849 -0.7975595478295442 -3.6321940475797465 0.012004146778197777 0.7985625237013251 -0.6017921536543142 11.605576203101018 0.9989914946355437 0.016462751283037425 0.0417728556126475 72.1994766449423
0.042549621739856006 -0.6030202200022541 -0.796590323791488 -3.701648508756698 0.013908158637369217 0.7975926542803129 -0.6030360859529074 11.731970495537755 0.9989975439474876 0.014579852760494227 0.042324166623447665 72.17074565722471
0.040201496522192945 -0.6027086494665017 -0.7969480055409144 -3.866581986613222 0.008307323889991891 0.797766828998179 -0.6029088446191316 11.330279213321852 0.9991570587486047 0.017617332614644154 0.03707831636390896 72.2213340348543
0.03878984989960932 -0.6033682391695288 -0.796518747743095 -3.977135835074526 0.0016543815413616048 0.7971563527079641 -0.6037706620555949 10.843940895473493 0.9992460210411055 0.02210242744130969 0.031919776545587836 72.2852252395667
0.03789839753926044 -0.6017913412366485 -0.797753654379942 -4.019102571242845 0.0002735939032080803 0.798333393362968 -0.6022156741466836 10.75305536594152 0.9992815602273126 0.02260474848708438 0.030420202752502304 72.29164932078884
0.03836809959324043 -0.5980855082246539 -0.8005133439145539 -3.9364898740213103 0.0011717402067941696 0.8011295948193322 -0.5984897654342141 10.853794191107848 0.999262986384711 0.02202492125457506 0.03143862091820826 72.27628109775779
0.040023195935161154 -0.5948146266115748 -0.8028659313709036 -3.7732437646420256 0.005476056103554006 0.8036282501611514 -0.5951064176703831 11.192112751311022 0.9991837451623632 0.019421521872874492 0.03542100918176995 72.22853961675067
0.04175577344150148 -0.593052050955148 -0.8040806677455905 -3.6247839050685453 0.0031624081710592278 0.8048569782811061 -0.5934603977408828 11.03919484591644 0.9991228425768583 0.022237566640702144 0.03548289828972138 72.25479314603051
0.0433618592352959 -0.5916215140345347 -0.8050489011824953 -3.4899194018496407 -0.001213699754852804 0.8057750277917145 -0.592220509202583 10.734152221345273 0.9990586950207496 0.02665687001030742 0.034221852443871596 72.3025650238623
0.044539191892190196 -0.5896268416416476 -0.8064468041980737 -3.378332806053795 -0.004985768311896233 0.8071066392176882 -0.5903846331376423 10.477238661390013 0.9989951964348631 0.030316011387118647 0.033008134658676934 72.3405910193122
0.04509040225045442 -0.5867984201580049 -0.8084766352375076 -3.300634092201548 -0.0026596432046462892 0.8092263824551332 -0.5874909260887375 10.668624249312048 0.9989793701187809 0.02864046156485789 0.034927668665911626 72.31124527922607
0.04455653955844282 -0.583068155939402 -0.8112004932888062 -3.2889591767171176 -0.004120635756827695 0.8118927538706985 -0.5837920662129741 10.593126494258737 0.9989983659363697 0.02935441605072553 0.03377252011302138 72.31773885162816
0.04548263879852 -0.5757571816137621 -0.8163547007202817 -3.1244335135480625 -0.004005517266360226 0.8170887184553295 -0.5764980329580112 10.659349379718295 0.9989570988783013 0.029490574650295975 0.034857145715664485 72.31057685458202
0.04443465849204317 -0.5716793906488484 -0.8192729920069725 -3.145272358085198 0.0034677952247819666 0.8201663176544789 -0.5721146613934758 11.23208353295583 0.9990062740148203 0.02258064862783543 0.0384262772926517 72.21799479390415
0.0432944656501988 -0.5734369724871479 -0.8181049002596416 -3.250860532803863 0.011335082256730078 0.8191019461543314 -0.5735359777001097 11.787065022222157 0.9989980506258745 0.015557647346613523 0.04196253632398177 72.12020132636016
0.04152844699962026 -0.5725768089359586 -0.8187986235690154 -3.366469265206529 0.012350456606556703 0.8197371608445289 -0.5726067178720139 11.8673762500161 0.9990609862823234 0.013666930864877025 0.041113996270435466 72.09686647533428
0.040079730568785533 -0.5726027077708801 -0.8188527060778328 -3.4710254911716407 0.007800669819774009 0.8196655330467447 -0.5727892836685742 11.53898964798856 0.9991660346248246 0.01656964057098259 0.03731865838226268 72.14012153965476
0.038828646138736926 -0.5776184776159645 -0.8153828735972125 -3.628136767163276 0.004117561070293874 0.8160837919787313 -0.577918930439596 11.233993881910576 0.999237400185694 0.019082420869208305 0.03406580813521463 72.17556989415735
0.03730176214317802 -0.5808930722989976 -0.813124724194293 -3.7818461970481305 0.0015278381492200843 0.8137232156379623 -0.5812505432620289 11.021315946160197 0.999302879137053 0.020439346536655134 0.03124082043658529 72.19555043480482
0.03648525821453151 -0.5862813898921471 -0.8092854612552675 -3.912749853196708 0.0007254548062248234 0.8098399747747147 -0.5866503975727054 10.920310616680045 0.9993339279982157 0.020816991209622326 0.029972541244202552 72.19898834338115
0.034769379614386725 -0.5905048492887139 -0.8062847593795532 -4.0928079357742515 -0.0027796728216679667 0.8067123039959341 -0.5909378410633188 10.633086615318842 0.9993914966919797 0.022787749956609038 0.02640747605660021 72.22702043055318
0.034902151048061644 -0.595500154016599 -0.8025966648438214 -4.150258172367024 -0.005511390070567279 0.8029590558028867 -0.5960087073891012 10.394479464534417 0.9993755372389843 0.025225409220544948 0.024742964615172933 72.25363427141036
0.03570074494869886 -0.5963180311344112 -0.8019540277061316 -4.10368874865156 -0.004444961561154426 0.802362892150066 -0.5968199323223891 10.464696509758005 0.9993526400259457 0.024871571011108096 0.02599434224233413 72.24135421206495
0.03641991263098614 -0.5937278913204542 -0.8038412660669507 -4.017044353567942 -0.002201234212723391 0.804325295549582 -0.5941851340340134 10.64826898000803 0.9993341505882265 0.023409613564614906 0.02798652284338521 72.21450989469413
0.03762472410901288 -0.5958869932409399 -0.8021864318361368 -3.9593459553573727 0.002597695416493795 0.8028104416734501 -0.5962286865948364 10.976943838328594 0.9992885629858094 0.020349103821855508 0.03175345429088862 72.16380856213074
0.038023731215249046 -0.5976280225368793 -0.8008713645418527 -3.953981860251731 0.005114661492585049 0.8015568406153242 -0.5978967063804543 11.144143789863312 0.9992637470169156 0.018638077729156932 0.03353484689506041 72.13367665401624
0.037391468453759305 -0.601312838280425 -0.7981383016783563 -4.048955731325671 0.0048291818763438465 0.798796239647134 -0.6015822857498412 11.092770993196522 0.9992890258024836 0.01863969003867455 0.032772013456384086 72.13160282884607
0.03456563410392216 -0.6057599298768307 -0.7948962978241947 -4.311953814671883 0.0021917838264604583 0.7954156228578035 -0.6060603790031075 10.86514027341277 0.9994000265272418 0.019206620456221568 0.028821740197267992 72.1462247932577
0.032566761767504615 -0.6074636647594979 -0.7936795965784548 -4.4785715850901475 -0.001401140639577414 0.7940722888795403 -0.6078217146816292 10.591528082012045 0.9994685802129483 0.020906841716722357 0.025009221030355883 72.17197351261319
0.031725592428481386 -0.6055118784429641 -0.7952036543235543 -4.512788550115199 -0.0028083154367737895 0.7955470049614459 -0.605885365610757 10.506943764903628 0.9994926713835721 0.0214552548655641 0.02353873168172463 72.17752081132573
0.0305796381192701 -0.6066074178850901 -0.7944131962016229 -4.609896920074016 -0.0005311392401629034 0.7947749164812333 -0.606904069868835 10.662254397415529 0.9995321923898209 0.01898085085110718 0.02398173632925657 72.14384765860603
0.02919649575243842 -0.6094016413364649 -0.7923239262903781 -4.746912459238048 0.0033044678588763365 0.7927163579207428 -0.6095817060715017 10.915234984971681 0.9995682293510271 0.015179440743835482 0.02515828791386425 72.0923997689105
0.028554335821545304 -0.6100738436763726 -0.7918298776680045 -4.802081138521826 0.005414627947019801 0.7922356638400697 -0.6101912280130543 11.061755664365027 0.9995775766342428 0.013136141055139494 0.025925086078810056 72.0616917555249
0.028066347126453076 -0.6091879265454736 -0.7925290848355057 -4.825195445137423 0.004961300998692408 0.7929165429666236 -0.6093100535706424 11.036867279894803 0.9995937503062821 0.013169132131064132 0.025276635605569808 72.05924472226955
0.027082490452374902 -0.6100954829512111 -0.7918649129702776 -4.908122543065043 -0.00203065308621847 0.7921202625832006 -0.6103616682370909 10.524963415026265 0.9996311395504546 0.018138116981917862 0.020213697173199402 72.12545236543035
0.02732621228507867 -0.6059973727741087 -0.7949971461037006 -4.835429661449001 -0.01515302570544097 0.7949516386785278 -0.6064835347924077 9.612565038552775 0.9995117127548436 0.028619510009803895 0.012540323467824854 72.25283478931784
0.027826966532879166 -0.6057538072563016 -0.7951653821237905 -4.795988374504225 -0.023846035416278 0.7948447841813404 -0.6063440736534369 8.985853625613595 0.9993282876655218 0.03583425810888591 0.0076732924668687225 72.33158712243377
0.028309762087901744 -0.6008961852236079 -0.7988255954551292 -4.695882023872111 -0.016318179628590224 0.7987615875946094 -0.601426340624476 9.571640855473268 0.99946599461119 0.030061616175028616 0.012807218621144631 72.2584002849996
0.028798350675460313 -0.5999176685615528 -0.7995432733417525 -4.647641915616488 0.002586778429520764 0.799917077875478 -0.6001049717345399 10.944617114884174 0.999581894381711 0.015213792125149561 0.02458814660447095 72.06173550325809
0.0281615415556475 -0.6043781513334705 -0.7961997097261129 -4.753457294113783 0.01926436548387539 0.7966958328456339 -0.6040733681837871 12.10766513901944 0.9994177363843977 0.0016733550544484332 0.0340791444016504 71.86426045267517
0.025794433375538453 -0.6094822171320947 -0.7923800061880544 -4.992239372846444 0.025864382267589026 0.7927852881369147 -0.608951985499337 12.538207345296914 0.9993326177688542 -0.004786847962377827 0.03621332834515688 71.7696604501988
0.025235610184892163 -0.6139559951977405 -0.7889367528131441 -5.092803072088703 0.01761351471442818 0.7893386496231288 -0.6137053530078906 11.906313276358727 0.9995263518677238 0.001591279952461333 0.030733365421185224 71.86569332360308
0.022842940463522143 -0.6163111402665514 -0.7871713780710801 -5.296426062591464 0.0029594890368295212 0.7874150680061496 -0.6164160543833296 10.831611325107412 0.9997346855519325 0.011751130167530266 0.019810841581439503 72.01620671267696
0.024452643680392017 -0.6157181830516139 -0.7875869395036074 -5.1731832721323565 -0.0021973174958423436 0.7877875012885499 -0.6159431991745383 10.464859299283065 0.9996985745777885 0.016792018138444054 0.017910558728747694 72.07506416612594
0.02402681935159931 -0.6166541363710534 -0.786867452655348 -5.216549214486681 -0.0020606193712310317 0.7870624553377294 -0.6168698770774532 10.466679000713789 0.9997091906147771 0.016442855415515933 0.017639917974069927 72.06732684928241
0.02465819381575937 -0.6183129615585492 -0.7855450687557276 -5.1937738297189435 -0.002699975209230432 0.7857399377911176 -0.61855109756097 10.40597913584558 0.9996922944644587 0.017373305059982636 0.017705498007082154 72.07328288259804
0.026589232028431956 -0.6145341446997729 -0.78844200657896 -5.004463968093917 0.0014349257430349427 0.7887435143700713 -0.6147207573583806 10.736958071288074 0.9996454139985088 0.01521359711796516 0.021853895178710322 72.03375781760255
0.028470513387757274 -0.6133066140221972 -0.7893316331327824 -4.853148763044181 0.003688506209572784 0.7897108138766646 -0.613468194259652 10.909902305541898 0.999587827451585 0.014554299807410132 0.02474565755312523 72.0137701177333
0.029780117893962912 -0.6133091534272389 -0.7892813357102683 -4.759443764430851 0.008428129264163253 0.7897575589278477 -0.6133612025172718 11.250989277906639 0.9995209408588338 0.011613803799389588 0.02868812203649901 71.96321050339643
0.028685128311680463 -0.6135141363223674 -0.7891625738378387 -4.840723016852753 0.008067223896690345 0.7896038285502933 -0.6135639443752543 11.223659885138856 0.99955594306289 0.011233809297786668 0.02759924303885644 71.95664797666151
0.03026594957647666 -0.610557675862416 -0.7913932630125928 -4.687608609939249 0.004301372677824877 0.7918282085029696 -0.6107287339007916 10.978182167064105 0.9995326260254442 0.015080207706209825 0.026591668736973523 71.99989555951245
0.030826822040162627 -0.6069726026171021 -0.7941246543932037 -4.599153434456284 0.001292530754340937 0.7945257923675804 -0.6072290297959387 10.79214276951747 0.9995239048702902 0.01769251070055644 0.02527723596355956 72.02884745122287
0.030911260828307863 -0.6037282015065187 -0.7965907058582272 -4.54944277714361 -0.0020786116256638065 0.796931000916526 -0.6040667671308307 10.576894187477306 0.9995199714501527 0.020328268098586566 0.02337922557310261 72.05878678589094
0.03050589762292108 -0.6025990693539389 -0.797460815227925 -4.563477356952717 0.001319916953747946 0.7978557276081422 -0.6028469919823088 10.831535092993274 0.9995337153040189 0.017337806569729164 0.02513468587222821 72.01512214868791
0.030509902060478905 -0.6037705393914254 -0.7965740904895459 -4.579151721031621 0.004169308305584429 0.7970150377816694 -0.6039450690403371 11.02705141725247 0.9995257689247002 0.015105141934838362 0.02683415626799951 71.97980384533471
0.031103094831052572 -0.6017646899435982 -0.7980675757284064 -4.509719078007635 0.01362482618363764 0.7986349555900822 -0.6016615093398388 11.724429974158033 0.999423314518626 0.007840002979094707 0.0330389580630439 71.86908548829763
0.03260663694568551 -0.6009540683010418 -0.7986181910146546 -4.3909375632435 0.01913428798272543 0.7992719672431671 -0.6006647995368399 12.127340289012976 0.9992850875753558 0.004304668589433069 0.03756039906402439 71.80478861997157
0.03735935358318997 -0.5981323965289791 -0.8005260238882596 -4.011920453397185 0.018578119576185104 0.8013625378077458 -0.5978904050671345 12.110855331086583 0.999129186928727 0.007464530851255702 0.04105056158338754 71.82487783316189
0.041834256562108936 -0.6012747170576778 -0.7979464954526119 -3.7329018201587787 0.008869368749696127 0.798837679849777 -0.6014812512042305 11.385435159571749 0.999085196204947 0.018085239269479192 0.03875170763576916 71.95323819769081
0.04703180839741371 -0.5965022078000783 -0.8012322541488837 -3.295805825858001 0.001966062447748884 0.8021736118971035 -0.5970876242013453 10.927063114111743 0.9988914573652738 0.02650683809109733 0.038900436206960945 72.04074927469348
0.0499319788936387 -0.5959370998484064 -0.8014772426638423 -3.080072810477765 -0.0011214249939715537 0.8024442786125321 -0.5967260025572838 10.708367798867531 0.998751991181869 0.03069450677699842 0.03939933202439714 72.07815141487302
0.05011271700157548 -0.5968267407388081 -0.8008036945055956 -3.079008845876201 -0.001008689432092813 0.8017804618770868 -0.5976178323124193 10.709143361252977 0.9987430591199868 0.030756015529596004 0.039577384557265255 72.07310213555473
0.04992322502253905 -0.5993740364267823 -0.7989107810392942 -3.1267693331148094 -0.0007221042622678753 0.7998863495425625 -0.6001510696323951 10.708597397825212 0.9987527973271381 0.030538373776935857 0.039500095674274184 72.06614796519823
0.050822153837230544 -0.5968238833111261 -0.8007611135593262 -3.0280089926112437 0.002970247108374402 0.8018840410744976 -0.5974723109083371 10.996187938662603 0.9987033024434535 0.0279863713164209 0.04252618850872186 72.022179213958
0.051206421256261375 -0.5953819665609703 -0.801809339130019 -2.981030978312268 0.002354014542049976 0.8029323481799221 -0.5960655189337929 10.963729809947026 0.9986853163222447 0.028634911214592274 0.04251682986853908 72.02421219469714
0.0522647626610281 -0.5938039592552455 -0.8029104885083898 -2.883978764550584 0.0016658702870323006 0.8040600808636953 -0.5945457183746718 10.926905629860396 0.9986318738454991 0.029736246136029987 0.04301320966359354 72.02906101547222
0.05184033075782492 -0.59731678409418 -0.8003282073913839 -2.9614809200191643 0.002692016505118189 0.8014864602636962 -0.5980068620518553 10.972056404679323 0.9986517576983757 0.028846376780407912 0.04315730983955392 72.01424062812244
0.05302073345719982 -0.5997539352029997 -0.7984259634006001 -2.9095819834141596 0.00810062899343894 0.7997826155119215 -0.6002350770613298 11.341293862587904 0.998560554815566 0.025357151524293187 0.04726344499719423 71.95436574730604
0.0542776729599838 -0.6018394483952105 -0.7967704892711565 -2.8474346297042725 0.009971310944513812 0.7982336608520435 -0.6022653863877563 11.458236188805069 0.9984760924409244 0.024744717377537695 0.049327393868001154 71.93357612571712
0.05418851209631287 -0.6013429167498126 -0.7971513668254075 -2.8470799887294436 0.004015891381954018 0.7984491165564244 -0.6020489024046747 11.033286115806355 0.9985226476015432 0.029422860926380634 0.045681697447782776 71.99511207814537
0.05510265229494956 -0.602854317684514 -0.7959462100916124 -2.8018449548323243 -0.001741750560626254 0.7970980873970219 -0.6038473361479659 10.605004927641424 0.9984791755540257 0.03465992956064823 0.04287219690900448 72.05656533480047
0.05490362248183702 -0.6055194082003881 -0.7939344044258464 -2.851910390747946 -0.0019425318861100993 0.7950674577175502 -0.6065179010123467 10.567976684853084 0.9984897690052928 0.03484227276173513 0.042475842788030536 72.05531997232916
0.05536759096423684 -0.6045735488378459 -0.7946227116792155 -2.8059124742989665 0.005708744465803439 0.7960221777563548 -0.6052405329756544 11.127864900075947 0.9984497183671499 0.028974412257072424 0.04752518623757403 71.96815469773367
0.0551153611675237 -0.6037599885470151 -0.7952585574472505 -2.8129971866212835 0.012626319774422301 0.7968269511633421 -0.604075645882771 11.633234912956242 0.9984001567569626 0.023252658545659333 0.05154067188378051 71.88323131558057
0.055314091981526155 -0.6041977668463419 -0.794912202552051 -2.8046515849501623 0.014954792575297693 0.7965431052100066 -0.6043967535662563 11.797148031015404 0.9983570029840474 0.021543910515360754 0.053095710866481925 71.85213905117283
0.05457797039641748 -0.6050040434027678 -0.7943496412875818 -2.8682248845198917 0.01332972007613109 0.7959059480663518 -0.6052735252720822 11.67349421359507 0.9984205344994163 0.022446142183096318 0.05150346581538431 71.86499011628129
0.05495634947710179 -0.6041032397724404 -0.7950088523712124 -2.8289783110357383 0.009079558216958938 0.796481550539955 -0.6045946586532618 11.375142232731507 0.9984474754711614 0.026007986194835575 0.04925670897810508 71.90959199182112
0.056046155201115735 -0.6050301518088542 -0.7942275139337136 -2.763410716643418 0.004306163437869381 0.7956169446914595 -0.6057847260176452 11.023182158391588 0.9984188927717759 0.030531831290999012 0.047196629481342914 71.96217646434282
0.05728387011713926 -0.605517537917513 -0.7937676420078587 -2.6812311098315806 0.0030959131516939964 0.7951771239122354 -0.6063693238682372 10.931484290181661 0.9983531306838077 0.03227774590920429 0.04742545279552908 71.9743578087163
0.05946487737913196 -0.6021460636532426 -0.7961683530417358 -2.4796835935375907 0.007642600225773233 0.7978310015477512 -0.6028327161253788 11.287492274044345 0.9982011415642009 0.029762577109814337 0.05204488431833183 71.92201129242837
0.06134879027193451 -0.5998059512218064 -0.797790164649248 -2.3132932615045747 0.013350683444436406 0.7997173470479366 -0.6002282266623062 11.71799945579342 0.9980270964175957 0.026172231649484068 0.05706951118372313 71.85377245794514
0.06229214963745253 -0.5976491272541371 -0.7993342284588552 -2.216667568970695 0.013937067540636394 0.8013323816740333 -0.5980569974751475 11.778137067786894 0.997960643633762 0.026113880848874005 0.058246192880718396 71.84217658120187
0.06401924413852517 -0.5958317522274736 -0.8005535955933685 -2.0685186240732647 0.008408137136112437 0.8024927475814476 -0.5966026259656251 11.394768632638991 0.9979132425265398 0.03146288474882164 0.056384814209591294 71.90354184439813
0.0661090116307599 -0.5946322832464805 -0.8012752625048905 -1.90275160152797 0.005607282479750952 0.8032406831375741 -0.5956282089826463 11.202362830628765 0.9977966511090304 0.03488341545434098 0.05643571884758371 71.93349771778864
0.06649522272003669 -0.5933218971484623 -0.8022141308401156 -1.857473780863544 0.003240141730817103 0.8041177370651547 -0.5944612404680214 11.042502772709813 0.9977814825085585 0.03692954510096419 0.05539243505803762 71.9547376861433
0.06714989735846552 -0.5946131546391991 -0.801202900403367 -1.827976361093473 0.004632887511833106 0.8031925516307413 -0.5957014867852871 11.132136351028821 0.9977321422295917 0.036289410782194054 0.056689073259587934 71.93698462284928
0.06621542066696878 -0.5958371923662868 -0.8003708879381838 -1.9113023695630957 0.006631560171149131 0.8023763601526699 -0.5967815337942768 11.266401444822874 0.9977833133880286 0.03420843260386869 0.05708101841412588 71.90927442944141
0.06622791389192928 -0.5980779487249338 -0.798696832766037 -1.940519860143606 0.008314335332017975 0.800757200449137 -0.5989313631434303 11.369031254088062 0.9977698809091754 0.033025341449201384 0.05800509954007235 71.88770796335842
0.06685010211971726 -0.5985763100270879 -0.7982715483599168 -1.9026158141123228 0.008408108307776718 0.8003708131681199 -0.5994462987985557 11.371531049491786 0.9977276018840353 0.033361092652343216 0.058537765039107036 71.88370882466249
0.06877957587646097 -0.5985112990617104 -0.7981563724219194 -1.7636119026906645 0.009005538206180108 0.8003908697859696 -0.5994108406134102 11.414652395268188 0.9975912340351989 0.03403939568679176 0.060440460929801425 71.87583258753153
0.0680932574676794 -0.5973111436645339 -0.7991137002589849 -1.7964956714186866 0.012379328007216528 0.8014169759589471 -0.5979779117015157 11.66787580602907 0.9976021554334823 0.030825773290910075 0.06196540305273053 71.82979160496897
0.0653303413191102 -0.5978934344807032 -0.7989088730937951 -2.001863546028042 0.021114731462377967 0.8012682759481856 -0.5979325363904311 12.29189859224492 0.9976402731538058 0.022194390369901618 0.06497148926804888 71.71550090922919
0.057452477235161045 -0.605455801998299 -0.793802547669217 -2.6669224438333288 0.024394203870059694 0.7957298508696733 -0.6051602492336003 12.464768699337313 0.9980501669140129 0.015403774262302161 0.060486263410685 71.65994989319533
0.0604628417492606 -0.6020114569677946 -0.7961949826814516 -2.4054643385452796 0.016435335353562064 0.7981466283641633 -0.602239021803415 11.9217536409463 0.9980351319063974 0.023327351123336282 0.05815247346544049 71.7640312263283
0.056250832268253254 -0.6132637679827264 -0.7878727021218324 -2.858442703999178 0.008082043372021785 0.7893759773367698 -0.613856861962585 11.224948998797016 0.9983839564236103 0.028162338028793032 0.04935948006908503 71.8585854618292
0.05665339917061924 -0.6173849873738033 -0.7846184867359824 -2.8852761840452055 0.0029713572759839657 0.785981467913727 -0.6182429159578953 10.820627133106589 0.9983894848196033 0.032694180852735844 0.046362993216742025 71.91808811892429
0.054044535868831185 -0.6178935871938058 -0.784402130955477 -3.0787619355573277 0.006387245998907665 0.7857480399831742 -0.6185137191292926 11.06277388139832 0.9985180975982719 0.028417117506367218 0.046412026473288785 71.8717075207014
0.056869467451747154 -0.6217085563827308 -0.7811813711246932 -2.9280331394381958 0.006417721881978533 0.7826591438717359 -0.622417446220627 11.03024553708507 0.9983609950902531 0.030383143919982536 0.04849936131473672 71.88185974191545
0.054616004370848174 -0.6241983323588874 -0.7793545624085018 -3.1229420041963905 0.007608343547849006 0.7807570356557233 -0.624788415691701 11.094164687325605 0.9984784450227363 0.028193849585885833 0.04739094502652431 71.86248075235088
0.055444276315923975 -0.6197284861866823 -0.7828553733816781 -3.0032655008945666 0.010340014940920905 0.7843757678328471 -0.6201997572779705 11.330700767348246 0.9984082413095483 0.02629179045624197 0.049897148613723984 71.82943870286371
0.05329220483560665 -0.6172280601110929 -0.784977364460439 -3.123509683243308 0.018622081946278235 0.7865720227493626 -0.6172176853363507 11.94869894624918 0.9984053079625257 0.01827497850814791 0.053412228869247624 71.72278807816383
0.053465620861595835 -0.6137298287315671 -0.7877037036291027 -3.063934155417944 0.01750875461161111 0.7892868801407971 -0.6137749297173657 11.89949250181097 0.9984161812079341 0.019024146833122146 0.052945358053726806 71.73258547627223
0.05516233939022924 -0.6113144533270711 -0.7894629538277407 -2.9099459288310485 0.011457091865127167 0.7910023003384683 -0.6117058900364174 11.48523672205442 0.9984116642743068 0.02469817832707205 0.0506374231999709 71.8053634227299
0.05497631820831483 -0.6082805955489108 -0.791815838130888 -2.8823671798974897 0.005887499921633288 0.7931988428676758 -0.6089342600133888 11.110850578653778 0.9984703009007985 0.02881514796149709 0.04718840394658574 71.86424292007102
0.05351949233473215 -0.6096516257033971 -0.7908606446254848 -3.005096241841069 0.0007211480086497524 0.7920191198400501 -0.6104958589158009 10.727473004425985 0.9985665445456212 0.032103100862638956 0.04282811026908692 71.91627622951462
0.05165455691311176 -0.6118870724075375 -0.7892566232668832 -3.168707221339554 -0.003114804897902501 0.7902091233226883 -0.6128293721812261 10.432305602643899 0.998660154777669 0.03411381007921538 0.03891199328383374 71.95154513315703
0.0520171383938857 -0.6111927160184434 -0.7897706510116148 -3.1334066057262784 -0.0008550187750399063 0.7908137512910702 -0.612056271687367 10.601037982340655 0.9986458262348098 0.0325126845237978 0.040613287097332106 71.9273251817542
0.051772268516591634 -0.6109781586802552 -0.7899527339204104 -3.1480403865414126 0.0013384919861453848 0.7910552909790801 -0.6117431937122029 10.760952985132068 0.9986580198705906 0.030613987484279515 0.0417725163051428 71.90182528442686
0.05076497347252866 -0.6090412650682158 -0.7915122582199475 -3.194029146537761 0.006513457361501718 0.7927191777999998 -0.6095521963058557 11.150420440174209 0.9986893873179655 0.02578841973056667 0.044209332343598626 71.83931936125016
0.04984457869699128 -0.6095288640427728 -0.7911953500073455 -3.2664768779534517 0.011781226608123863 0.7924837507631227 -0.6097792284720925 11.525175546114708 0.9986874990076361 0.021072937031637484 0.04668201635247952 71.77579820270965
0.04961761664727687 -0.6085436980319333 -0.7919675875336459 -3.2694485421734862 0.01447852082063672 0.7932991963688716 -0.6086598043861196 11.727548246841744 0.9986633389451575 0.01873372963726161 0.048172428014246114 71.74176730234315
0.04923607085475605 -0.6104969742505562 -0.7904867195327835 -3.3230854632927698 0.0119368206323191 0.7917497601439683 -0.6107289330178822 11.52812978610306 0.9987158362817611 0.020633994835824787 0.046270040167886925 71.77051898316182
0.048424387755571445 -0.6121937302404648 -0.7892236155391976 -3.4040678222353113 0.007016047249868429 0.7903395665853384 -0.6126288799678701 11.159848252194138 0.9988022095247315 0.024128948256490534 0.04256688976833901 71.8238826080329
0.04747089992516688 -0.6132837622468125 -0.7884348677124129 -3.4869910526114727 0.007630427334193612 0.7895243521196283 -0.6136717966378922 11.194722386810794 0.998843476346015 0.02311545747927063 0.042159048691018254 71.81333560992299
0.04841962096070002 -0.6167612290085777 -0.7856596761307346 -3.4659913430038802 0.010540007460709488 0.7868539766705971 -0.6170492100638292 11.373166179150243 0.9987714696309413 0.021596430017393475 0.04459983925703654 71.7852440003705
0.048447660337767616 -0.6162382728531932 -0.786068200144688 -3.45691227799832 0.013949118752183576 0.7873330328512606 -0.6163701140283108 11.622747167146736 0.9987283145549811 0.01889673125566138 0.04674042419595196 71.74461078396622
0.0488344319987989 -0.6128113914531172 -0.788718832510451 -3.3829964899375886 0.007218312796164528 0.7898568990560636 -0.613248705643898 11.169000913336191 0.998780803886284 0.024254432972832307 0.04299567733429692 71.819084019687
0.0493572578259329 -0.6104839316010089 -0.7904892348140353 -3.3141969695143714 -0.0026539143178528346 0.7913709118897132 -0.6113305460662317 10.478752695277478 0.9987776618640896 0.032271490077440956 0.03743972608718916 71.9251632983546
0.04841967784293266 -0.6099558651174454 -0.7909547252570249 -3.374172722466403 -0.00933489529091891 0.7915726139380866 -0.6110038106207958 10.00229773772685 0.9987834572756472 0.03696808721119488 0.03263381682321709 71.9890990550578
0.04745415023816145 -0.6089430286583725 -0.7917932125710239 -3.4296346036180183 -0.008971424619427348 0.7923944351024089 -0.6099430897707034 10.037596731865902 0.9988331277873557 0.03604784413946244 0.03213931809209844 71.98049165621072
0.04577298079352207 -0.6078455200124122 -0.7927349229282862 -3.535172897588082 -0.0010399192378400812 0.7935372613918181 -0.6085207747897781 10.61874804165531 0.998951326540615 0.028678190033772533 0.03569045557473596 71.89088015168126
0.044533036524683926 -0.6076037517180968 -0.7929908508652448 -3.620670167989985 0.011762241875614032 0.7940422282607051 -0.6077487880735213 11.541474302004039 0.9989386659469894 0.01773754878408451 0.042507893845514184 71.74322450459148
0.04304473575791693 -0.6087820874646225 -0.7921688713309478 -3.7430784570442293 0.0208783784578912 0.7932787524421456 -0.6085005457982775 12.185749109760666 0.9988549664673545 0.009653543704227163 0.04685685710171355 71.62927248467737
0.04105395459619859 -0.6098371132892315 -0.7914627395317294 -3.8997869025288097 0.02314057690187482 0.7924984169426543 -0.609434797861129 12.338979432152161 0.9988889260136292 0.006704804131631825 0.04664717664440981 71.59361774572483
0.04013621595016127 -0.6138869530274946 -0.7883729403472828 -4.0200729201982 0.014814768457640626 0.7892875920759991 -0.6138449475481715 11.706787563660898 0.9990843842262516 0.01295785080519446 0.04077361031061398 71.6919909659858
0.039698490759161695 -0.6171973800713405 -0.785806225391806 -4.096052007591385 0.007233838414458238 0.7865830747202763 -0.6174420929491198 11.133492917346071 0.9991855190169833 0.018827123961698444 0.03569086704035891 71.7778971186967
0.04038458575796501 -0.6190353107681732 -0.7843241480761056 -4.071736670190618 0.006998884025314844 0.7851205115639042 -0.6193034780655071 11.1002329331733 0.9991596973735268 0.01952092066950384 0.03603932297723106 71.78336234551423
0.040482985245763686 -0.6199433988608347 -0.7836014995611402 -4.076939694424904 0.012649006185024791 0.7844995324327879 -0.6200003921412217 11.497914800309996 0.9991001604184251 0.015187686512877163 0.03960055088334108 71.71937963838481
0.0400683795550132 -0.6199835507231726 -0.783591042440202 -4.10714284743797 0.01600848639310598 0.7845184820513902 -0.6198987656732218 11.73870405245615 0.9990686929952499 0.0122942324880152 0.041359382542459355 71.6775586255956
0.040229595473425084 -0.6173272576326478 -0.7856771834741028 -4.059745213132167 0.011221566688507434 0.7865432820916238 -0.6174331881568982 11.418701247686286 0.9991274473705043 0.016022558481425808 0.038569697051044266 71.7308461986123
0.0412211969627672 -0.6145580514641936 -0.7877938907490273 -3.951392686225569 0.008521380655439503 0.7886516115497738 -0.6147812795390486 11.249040970538594 0.9991137067384682 0.018628928591798932 0.03774604650608859 71.76260337019909
0.04343475619633573 -0.6147179444804989 -0.7875501702671617 -3.7951126592658713 0.008736115841876002 0.7884976681254775 -0.6149756967886468 11.262706970565494 0.9990180690228592 0.019831189937943416 0.03961845114947091 71.76781434184785
0.045415514069530975 -0.6111131776280758 -0.7902392771883183 -3.6047341298186524 0.008896767029366037 0.7912715605925374 -0.6114001675939209 11.305367993984667 0.998928565322979 0.02073647816687646 0.041372936262842656 71.76981969430035
0.04723205049046573 -0.609537641450495 -0.7913488466292433 -3.453494509440677 0.005006949898832547 0.7923675413343771 -0.6100234502807449 11.039107897384326 0.9988713950550274 0.024850414376456798 0.04047706815150665 71.81759120978495
0.04793045570076655 -0.6117485195406158 -0.7895988983377457 -3.433312689586545 0.00377430087960845 0.7906127271695722 -0.6123048834448095 10.931154137090639 0.9988435443397464 0.026367868274780493 0.04020335127146471 71.83396440985575
0.048732282343588285 -0.6118053231035461 -0.7895058019291249 -3.3766759947852334 0.008249162732993254 0.7906645208224282 -0.6121940597774898 11.25222619542885 0.9987778111130571 0.023320851931388498 0.04357776833896919 71.78592245427625
0.05135156827726776 -0.6082496685057612 -0.7920829231829813 -3.1413156944099625 0.017541971529469735 0.793556349428448 -0.6082438651697644 11.950066035665738 0.9985265623258726 0.017339580284039424 0.05142026142727172 71.68265065122435
0.055039918723475724 -0.6036026790879814 -0.7953831863603382 -2.814808775309405 0.02261443754711906 0.7971399413051493 -0.6033709482486298 12.35333591125677 0.9982280273371114 0.015222344557736578 0.05752465267018054 71.62671243009419
0.059733828621203786 -0.5986809994839127 -0.7987571161343078 -2.4127277788659267 0.022284354661684214 0.800786332127597 -0.5985354273682905 12.370496543288992 0.9979655691733883 0.01795302577765545 0.06117525324722334 71.63727596828346
0.06402534357936633 -0.5954509262166572 -0.8008364064197313 -2.062268299520459 0.01631554095432164 0.8030001994209776 -0.5957553884382732 11.967944150215997 0.9978148919027576 0.025077364247366507 0.061127467635204366 71.71540302258879
0.06688806681786735 -0.5941645173691819 -0.8015575542759334 -1.8401649410752912 0.008870847386963532 0.8036790658475985 -0.5949968631723774 11.44250215859462 0.9977210504865606 0.03268769520444592 0.05902728181286624 71.8059727646641
0.07030684103341509 -0.5952721755387373 -0.8004423684021732 -1.6105131327653706 0.00036643686850085233 0.8024434050601696 -0.5967281184923845 10.819713153833943 0.9975253449551661 0.04166075737212038 0.05663539058978776 71.9067806042262
0.07285650496081691 -0.5952277110309614 -0.800247400311764 -1.427551342064996 -0.0009920750088085462 0.8023361288371328 -0.5968716379170825 10.721237380406867 0.9973419400948059 0.04427988689559015 0.05786489561420107 71.92421301871727
0.07370805647064058 -0.5957215127279674 -0.7998018515135005 -1.3732850545662416 0.008615545070472963 0.8023337999767288 -0.5968134095326961 11.409244088294715 0.9972426458964035 0.03709922759310913 0.06427093057934652 71.81819119013285
0.07334457742506063 -0.5990766166488752 -0.7973253917610272 -1.44440552941658 0.021832583095105107 0.8002515568824321 -0.5992668721217937 12.332190098677394 0.9970676563191359 0.026545302631151124 0.07177350228660984 71.66290737649915
0.07289476812402465 -0.5984071855787829 -0.7978691578371886 -1.4675571157442098 0.029220908765745734 0.800935446363243 -0.59803724737663 12.868610978036578 0.9969114761457252 0.020279324608886595 0.07587000541952504 71.56687529784057
0.07211815957941761 -0.5999153139894604 -0.7968064928825599 -1.5433881114143433 0.023888868141018926 0.7996964899316168 -0.5999290341115295 12.47318908847145 0.9971099703833167 0.02423097257600193 0.07200393690766066 71.63406520997528
0.06933542125958672 -0.6007249075304943 -0.7964434599086333 -1.7532859614852405 0.014329801095475714 0.7988821730954709 -0.6013168302241525 11.779881016674798 0.9974904792324185 0.03027967936978787 0.06399910044635854 71.74529997561986
0.06757472859168662 -0.602631066004296 -0.795153730005894 -1.9048605190838719 0.004246621951646989 0.7971419516941071 -0.603777007719994 11.038530279662115 0.9977051780249313 0.03742335014180226 0.0564257973484149 71.85804393492256
0.06633272871017876 -0.6017376582656195 -0.7959345197482457 -1.981641895725392 0.0018289225828826416 0.7977633716956913 -0.6029678746192937 10.872390201803936 0.9977958830061626 0.03854080183041125 0.054018352901780704 71.88008791552089
0.06616911290819988 -0.6005651059884833 -0.7968332334723395 -1.9775563422622078 0.0009440822679572802 0.7986207149560274 -0.6018339159201608 10.818639686674963 0.9978079761184581 0.03907054020826484 0.05341100712607032 71.88712955278119
0.06633631900837667 -0.6038628262791403 -0.7943230953576687 -2.009988214945444 0.007258484570925761 0.796347578903581 -0.6047957076369992 11.245354700648072 0.9977709191904486 0.03435433906472124 0.05720989604319912 71.81953957637789
0.06652326849463 -0.604878435198646 -0.7935343303099299 -2.0102932552905726 0.010218751128346248 0.7956673168354008 -0.605647668240646 11.449684067085961 0.9977325452615889 0.032180732614282836 0.0591114927424417 71.78605726392821
0.06680252889557517 -0.6045457426688328 -0.7937643650064831 -1.9858291029391237 0.010506289527607238 0.7959235281732672 -0.6053060012758673 11.473153211152894 0.9977109000173937 0.03209645340544076 0.059521237094623924 71.78180534750979
0.06513584493170001 -0.6081159619772678 -0.7911714722444786 -2.1531088107185177 0.00459813997444497 0.7930296663574632 -0.6091656633344874 11.017784898170213 0.997865812027754 0.03604060301150347 0.0544508596879633 71.84711112678258
0.06398054297738512 -0.6141485665286267 -0.786592669906828 -2.31706138267024 0.0004597400639722027 0.7882256474943927 -0.6153861529731712 10.667604214889765 0.9979510402616918 0.03901111204360458 0.05071345361665652 71.89365114001893
0.06276291079528884 -0.6144477732700988 -0.786457087800676 -2.4081616363558056 0.0005236447884146567 0.788030843916045 -0.6156355373377189 10.670011644927829 0.9980283276664237 0.03822725415699829 0.049780861934864806 71.88912808465965
0.06293092341939988 -0.6124715917694363 -0.7879836598261379 -2.3694832960505368 0.007047500567267884 0.7898016651021691 -0.613321826236109 11.156992681922867 0.997993001785752 0.03304359358868836 0.05401934199348967 71.81527916195161
0.06119750111336464 -0.609252766503415 -0.7906111132316668 -2.4500406124231793 0.01654012940315286 0.792606005916884 -0.6095097566928784 11.867935635702144 0.997988622168012 0.02422366389339642 0.05858262652675339 71.69735235283053
0.06173529385308634 -0.6086138229778677 -0.7910612921721919 -2.402972082359673 0.0223356742546999 0.793217026052819 -0.6085292657181821 12.289552086731778 0.9978426084049835 0.019898845699854673 0.06256328628958333 71.62675703792026
0.06207914826931039 -0.6071193705692768 -0.7921819546226245 -2.358234139989764 0.018536652882038707 0.7942772814150405 -0.6072725851937195 12.029582777391994 0.9978990789904998 0.023014562943873884 0.06056201815011356 71.67118498665596
0.06277674140421578 -0.6033499143857303 -0.7950018626075038 -2.257578294663755 0.012240467960901169 0.7969785723161242 -0.6038835369614335 11.60922500349095 0.9979525297742206 0.028178645809987024 0.05741700303524146 71.74257375211205
0.06267832943301592 -0.5992377329261616 -0.7981137553362931 -2.2092507811104753 0.006911854919661176 0.7999275639747798 -0.6000567628607674 11.260820715153647 0.9980098462846223 0.03209410897482595 0.054279967649733474 71.7984320871776
0.06229316858283328 -0.5981112050647892 -0.7989884526849286 -2.221621217170138 0.006373545452289464 0.8007652606636302 -0.5989443840897717 11.231664288886172 0.9980375439161987 0.032217754270803645 0.05369429432879996 71.8014599360062
0.06192612002214562 -0.5939616132298889 -0.8021064503345868 -2.1920463798585983 0.006506478677431149 0.8038720289076111 -0.5947666995345161 11.27586038604089 0.998059527981284 0.03161270550441775 0.05364527431627135 71.79428147580096
0.062422269432769045 -0.5896187170632773 -0.8052659366740395 -2.0981841025457095 0.006571391895987877 0.8070647309840022 -0.5904264025348713 11.316110570955765 0.998028194535311 0.03156403792887741 0.05425342774620104 71.78960514282072
0.06250409302568648 -0.5858778897418585 -0.8079853567154935 -2.042081883355794 0.0025715986047991635 0.8096601527621838 -0.5868933667283465 11.058704701650939 0.9980413945501723 0.034605423574119054 0.05211371627128192 71.83019333245885
0.06256095637221451 -0.5840794514340617 -0.8092819787628287 -2.0138606822830716 8.95321983352404e-05 0.8108736375166415 -0.5852212709433209 10.89454245175818 0.9980411407961995 0.03653954560494527 0.05078132417734683 71.85492956696892
0.06257633451933127 -0.5848114057198567 -0.8087520152049636 -2.0225938635534964 0.0009581092601341767 0.810374962201876 -0.5859108316654964 10.951193669266791 0.9980397208452028 0.035889279405879604 0.051270607944087346 71.84495706136195
0.06182338387229375 -0.5903263421638392 -0.8047935629427218 -2.1504982522748266 0.005949999466442091 0.806539655163031 -0.5911500504574521 11.265846803692343 0.9980693696897668 0.03175837522545166 0.05337545213027306 71.79143522650226
0.06041167405779904 -0.5937494906037715 -0.8023789454150053 -2.297450499093255 0.011572311320150075 0.8042097229415361 -0.5942329535939647 11.642287383481223 0.9981064628827147 0.026613228553845736 0.05545470960790433 71.7256720539759
0.05941577580409488 -0.5959726983711711 -0.8008035391915937 -2.3985503360706883 0.014212844760422005 0.8026445497814758 -0.5962882874498776 11.813804844086015 0.9981321358564774 0.024047234815602947 0.05616021606359413 71.69321142369598
0.05799827273888407 -0.5972730649609467 -0.799938176505824 -2.5173886036849913 0.010745615314397328 0.8016140702513845 -0.5977452752858222 11.55419718637042 0.9982588502541918 0.026072365584374313 0.0529102980714882 71.73027993412096
0.056292316381727284 -0.601725413309631 -0.7967168267921377 -2.6992819314433345 0.007100421702088466 0.7982032568430794 -0.6023463661189912 11.255236038751887 0.9983890820356721 0.028250446765579973 0.04920521445449762 71.77010625547295
0.05610842264986521 -0.6032905879878565 -0.795545291830082 -2.73350664230226 0.0024522521670720665 0.796881373037486 -0.6041308333177513 10.90778522514898 0.998421670120923 0.03194595046571336 0.046191177531959546 71.82133320755699
0.05505725908102655 -0.6004026991622708 -0.7978002864509041 -2.7697750642107 0.0036331110636457775 0.7991274030480595 -0.601150725027978 11.017443485811976 0.9984765889726629 0.030199214167327737 0.046179094157334184 71.80209877455503
0.05523224492704364 -0.5965693976737023 -0.8006586993716828 -2.705692793679468 0.008103554261966073 0.802124163927228 -0.5971023011615082 11.37086359747451 0.9984406499780757 0.02649111932858028 0.049137450769006004 71.74836240021261
0.05541614668920316 -0.6017468565113531 -0.7967620544207825 -2.7622173119139 0.009768767373378784 0.7982768511999773 -0.6022114578968537 11.447043380060434 0.998415555703198 0.025588855327159044 0.05011575214361449 71.73301222791886
0.05689091854574694 -0.6054239174957541 -0.7938673085038302 -2.7062823053021403 0.005288693992905491 0.7953267357368797 -0.6061579110578108 11.093466542587016 0.9983663922142364 0.03028635907820182 0.048448770375682716 71.78962224398282
0.05832674793667673 -0.605776286359124 -0.7934942226381235 -2.6083669540787198 -0.002024664383073249 0.7947739974498282 -0.6069021286103355 10.563850842230995 0.998295492932462 0.03700518696843741 0.045130088944779385 71.87202345165923
0.05988255331430916 -0.605436167205216 -0.7936379068872761 -2.4925709815983534 -0.00502866371124272 0.7948716469604119 -0.6067567695540954 10.349935533017787 0.9981927631223533 0.04032508274387181 0.044554408893640825 71.90624018601473
0.06062217607925361 -0.6066672543632546 -0.7926410248345502 -2.456274342245838 9.124933029069915e-06 0.7941018854868995 -0.607784662016809 10.701937995975259 0.9981607844852208 0.03683799600278487 0.048145720124921125 71.85495006041313
0.06058219113352067 -0.6141629340282968 -0.7868504868036974 -2.560170361554332 0.0059870748664132 0.7885078269881288 -0.6149955786125647 11.067043430588782 0.9981452564892574 0.032546846916609085 0.0514465713510753 71.79495411461434
0.06019180232222751 -0.6196681919344409 -0.78255241283757 -2.6623862503241402 0.010660632867764364 0.7843282550443851 -0.6202544149346209 11.35452744885529 0.9981299002835555 0.02899172716018905 0.05381618637741367 71.74538541354184
0.05767065658146612 -0.6233976177919373 -0.7797752916711329 -2.892983047791898 0.01150007018325605 0.781438268405388 -0.6238765751792331 11.382094924726974 0.9982694244317227 0.027011901134995853 0.05223517437350456 71.73114164801878
0.05503657628029163 -0.6240434697378847 -0.7794489868803764 -3.0900199957198327 0.011723236600209463 0.7809822133397996 -0.624443230542604 11.39294640908941 0.9984155152014411 0.02522955259947751 0.05029839640257974 71.72028402342909
0.05126281162333674 -0.6270064747243822 -0.777325546214823 -3.3998670176120225 0.01029437420007101 0.7786393237260292 -0.6273873041489609 11.264323355521809 0.9986321394809499 0.024159557139451282 0.04636988025136989 71.72567750568122
0.04735401095921912 -0.628975867974311 -0.7759812853104361 -3.7059607578003444 0.004632526670657278 0.7769827156001419 -0.629504884298188 10.840522272638504 0.998867427310912 0.026214827189806833 0.039706995513243734 71.77491644895372
0.04306093740002481 -0.6312311096635879 -0.7743985032676048 -4.043436900721672 -0.0010992539455214612 0.7750870613360232 -0.6318534948785604 10.408966671696854 0.9990718429177126 0.02805946439907553 0.03268209213992605 71.81972387890204
0.03620866983243215 -0.6295690056319287 -0.776100379703934 -4.510962607803357 0.0010887629685339406 0.7766340315766178 -0.6299511057155529 10.583038390934044 0.9993436580196845 0.021964702244143153 0.028806336649457212 71.76560975420816
0.027941047963188567 -0.6244839642523344 -0.7805376840552979 -5.033532227335896 0.007959073873095357 0.7809567789114341 -0.6245343566332924 11.123413933653437 0.9995778864009556 0.011237787325219017 0.026791064820789398 71.64825573666279
0.019568096005457183 -0.6200454838934595 -0.7843218009988292 -5.572520842637819 0.013647725910509223 0.784564569966462 -0.6198969068569489 11.571027104272332 0.9997153740921428 0.0014259932211935777 0.023814645643811 71.53662906587553
0.009401179231814868 -0.6158829549897096 -0.7877815709841113 -6.243729792748166 0.015432828128261022 0.7878119187345971 -0.6157225093462766 11.73523266613128 0.9998367094906121 -0.006369179920181989 0.016911176840465614 71.45366239861681
2.0806240675907972e-05 -0.6155652679196517 -0.7880859093386381 -6.910681255012902 0.012787515240766656 0.7880216365331475 -0.6155147275326461 11.548359095607703 0.9999182361678718 -0.010064854029140702 0.007887946013036676 71.42198572100408
-0.007905146707798072 -0.6108785893267219 -0.7916848222352897 -7.414730880445406 0.008770231092764313 0.7916367548499945 -0.6109290723293077 11.301527991904637 0.9999302934215502 -0.011772742788459467 -0.0009004582883572476 71.41022114796294
-0.015672581026201865 -0.6064918854784549 -0.7949351942471576 -7.911609096972641 0.004531057163818131 0.794981599263114 -0.6066166222203614 11.035700319791884 0.9998669110061378 -0.013109144970254283 -0.009711364126295974 71.39780257527475
-0.024332576278562987 -0.6021212535906623 -0.7980337848149395 -8.472720750175398 0.004165136595506436 0.7982021486958194 -0.6023752829047002 11.045566063324163 0.9996952422457499 -0.017981262241182794 -0.01691439740059124 71.33120713242275
-0.031114790650965535 -0.6034722500753948 -0.7967767022144202 -8.976522348215095 0.005362078394401171 0.7970504222837012 -0.603888957054744 11.118349312049213 0.999501434675328 -0.023062257615294457 -0.02156419151387111 71.25760232028698
-0.03929984680862521 -0.6015888654795902 -0.7978385544530912 -9.537289326455229 0.00720387719755794 0.7982640604719149 -0.602264554753319 11.26371472528112 0.9992014942913873 -0.02941643570982755 -0.027037882979044192 71.16120974504399
-0.04521420979229729 -0.5953650541856605 -0.8021821036942695 -9.877118953289528 0.009644927211352627 0.802705733214438 -0.5962973094386385 11.487978105725915 0.9989307536621074 -0.03469809964792203 -0.03055145281123367 71.0783263072023
-0.04776959698120796 -0.5872178393367722 -0.8080181153717445 -9.95063935556552 0.017234479197338393 0.808336642923527 -0.5884682187118683 12.093642344475642 0.9987096867113334 -0.042036661044562273 -0.02849352202124389 70.9669055014983
-0.04782796961379236 -0.5812446321305803 -0.8123220807918548 -9.874634213198782 0.0253338487332887 0.8122852729355843 -0.582709903365579 12.716800112005625 0.9985342665281853 -0.04844907626931605 -0.02412479176426198 70.86792294039773
-0.046902872653590014 -0.5837100353165676 -0.8106063873468875 -9.841458581263614 0.02884764817719504 0.8103694818322783 -0.5852086090528138 12.946790983153228 0.9984828159420099 -0.05083205273855873 -0.02116999487242467 70.83028914947491
-0.04388792262431279 -0.5909888047711425 -0.8054849985461547 -9.723288992005426 0.02897056207006632 0.8051699264918376 -0.5923361343076019 12.897709170588698 0.9986163211068939 -0.04933175557696534 -0.018215957581960665 70.85497029542343
-0.03741969200589099 -0.5925351815994435 -0.8046749811054764 -9.280866493930018 0.02948590685536384 0.8042336352220748 -0.5935813687055917 12.924125783997603 0.9988645293267256 -0.04593820353911621 -0.012622737757620836 70.90889077182825
-0.02975196434906993 -0.584491534200688 -0.8108541589367952 -8.623770205626803 0.02676565353583582 0.8104565258198438 -0.5851869953671462 12.798895823173506 0.9991988893149208 -0.0391135041098965 -0.008468375763618294 71.01392175377822
-0.021227923282373537 -0.5773079878154269 -0.816250490032086 -7.917132693869775 0.02174453852811531 0.8159747378492829 -0.5776784592106523 12.501105690778775 0.9995381685144981 -0.03001190424309924 -0.0047681533517781455 71.14860396193203
-0.010346060291435727 -0.5745081346864402 -0.8184334806296437 -7.10069564294329 0.019633995440434815 0.8182027811355583 -0.5745943918670655 12.37486050953269 0.9997537022984667 -0.022013907448359127 0.002814714792677378 71.2562232841674
0.003486822176905824 -0.5768936633336114 -0.8168118163179525 -6.142801249557174 0.019020455900305988 0.8167072741044112 -0.5767386329025364 12.314433671743634 0.9998130146824711 -0.01352514807564148 0.013820493517990473 71.3551417992184
0.017581864893545684 -0.5803344953411806 -0.8141884005216252 -5.180560998942013 0.019483264462347882 0.8143585094118084 -0.5800350166623288 12.321504725134172 0.9996555809041209 -0.005664950633056276 0.025624751736743084 71.42972721342953
0.03345441794393501 -0.5841328256151237 -0.8109683372110923 -4.096322214477042 0.020468466458507806 0.8116527906100831 -0.5837814568618134 12.361943236112054 0.9992306259322066 0.0029307906366572434 0.039109674830847464 71.49263827890654
0.05094242329046556 -0.5851537443981611 -0.8093206811432084 -2.8596797809358967 0.023564440760751926 0.8108515296126566 -0.5847773200599085 12.57445106645223 0.9984235507243048 0.010718784521905333 0.05509556259305209 71.51526242006427
0.07011260765907133 -0.5804994673686357 -0.8112364579035976 -1.427070422603551 0.028599299761999986 0.8140732263348648 -0.5800576369791772 12.970241108234458 0.9971290299155713 0.017468558883721008 0.0736786750027277 71.48705081118709
0.09061573370435226 -0.57582865436102 -0.8125331683211454 0.10043825333037401 0.030991480546401717 0.8171251325175679 -0.5756266549958304 13.175111492560486 0.9954035949999196 0.026979225802898354 0.09189017595103571 71.46330154945703
0.11390251719598807 -0.5745630281014433 -0.8104958626145589 1.780436872739079 0.030054853718369023 0.8174245634274143 -0.5752510659472687 13.111468816796394 0.9930372210266769 0.041163209840845316 0.11037512315378614 71.45244279426555
0.14212031803928948 -0.5737028327973408 -0.8066392470247886 3.8061233818650986 0.02866436375753878 0.8169546575590753 -0.5759890986320054 13.006850879195497 0.9894342673724147 0.05873795308691854 0.13255068244400797 71.39191210788563
0.17250975496659676 -0.5697790968050053 -0.8034875016361096 6.026667677000895 0.027489177544887 0.8181840242475689 -0.5742989183203805 12.936446088429163 0.9846241564979352 0.0769849550894578 0.1568074842939703 71.25121703547744
0.20497055715369772 -0.5664126751764849 -0.7982253767574173 8.386049913404133 0.026227605719119584 0.8184264807539877 -0.5740123764335445 12.848934258336831 0.9784166716682342 0.09672009615411245 0.1826089800683255 71.0276510261926
0.23912796705704517 -0.5666326248156703 -0.7885082649317433 10.816608473105244 0.0257427053896801 0.8154821174503003 -0.5782095028949235 12.781655949635462 0.9706467578323149 0.11796772699886213 0.20959123764207582 70.710112887898
0.27268181173248124 -0.5680265972634754 -0.7765245742097083 13.18665046939256 0.026593285168153402 0.811252162821115 -0.5840913674263881 12.795542023659243 0.9617366722415531 0.13862075284509234 0.23631940281407893 70.30375969659931
0.3056722981319924 -0.5622398910105337 -0.7684079327487253 15.611330503826556 0.02450140385488908 0.8114128208001992 -0.5839596864940281 12.647768255559164 0.9518214787258407 0.15967322630149042 0.26180208830073737 69.83190956734268
0.33752304203231687 -0.5531796101572648 -0.7616236045472247 17.997273170277182 0.022413187899550102 0.813597470785429 -0.5809963894377762 12.522712036262975 0.9410503945620714 0.17902925581538134 0.2870064118739517 69.27769300062435
0.36916337267554067 -0.5422240836289169 -0.7547923207131888 20.392039349404197 0.018841547322825447 0.8163592678733889 -0.5772369893308175 12.297932154758378 0.9291735039104922 0.19887329858481687 0.3115862813743453 68.65121564446964
0.39945664067067377 -0.5370736717981077 -0.7429577802845857 22.61157727308537 0.017962108511996977 0.8148534884651826 -0.5793886044736518 12.218352522472438 0.916576104249889 0.21809553731661055 0.3351456127128557 67.9664469386825
0.4285220198656161 -0.5315894962739409 -0.7306035080271037 24.746904344877816 0.01718076727688367 0.8132568140828489 -0.5816512491034403 12.144769155497539 0.9033679758138818 0.23669803928007638 0.3576315680625766 67.23133530646528
0.4588613148178843 -0.5258202412199476 -0.7162118176119397 26.974716043659033 0.01744434617440027 0.8112599331176995 -0.5844253722284936 12.141444819859514 0.8883366414542125 0.25567634783307897 0.3814283898828039 66.36907076672625
0.48840118423346385 -0.5172136449282869 -0.7028188448948605 29.182267006818353 0.015250794381626964 0.8103492644744993 -0.5857486515873231 11.974466626813705 0.872485929118676 0.27536178940737915 0.403663459362235 65.4588322847041
0.5174191325318266 -0.5067321108553863 -0.6895650869338271 31.376305348073483 0.012936864244181417 0.8103588480066353 -0.5857910677032269 11.809085573094144 0.8556343137307781 0.29417869617870607 0.4258506967013872 64.46604533070666
0.5476352843149053 -0.493960551385931 -0.6753507007828156 33.68392398669704 0.01024996468323966 0.8110432898257579 -0.5848963329108878 11.624515031881767 0.8366543692572969 0.3133875487365745 0.44921900082204436 63.32461383889647
0.5773161338803019 -0.47956903190946587 -0.6608476565706495 35.973381430813 0.0066986229238027994 0.8121003531852097 -0.5834793439423389 11.382230031224879 0.8164932394162404 0.33242526978236064 0.4720510883344077 62.09709179342466
0.6066551747082775 -0.46753347693767244 -0.6429478570943682 38.20486516337821 0.005405444137091486 0.8111822527937063 -0.5847684447079957 11.279539329675696 0.7949467153044599 0.35127738426363064 0.4946351373806267 60.768367283104205
0.6353631925374422 -0.4561055874732314 -0.6231222244827478 40.3813950655456 0.006279905951794035 0.8099552171053678 -0.5864581051234891 11.328474072808838 0.7721879151798906 0.36870074499449457 0.5174800327458432 59.33455639586126
0.6633113354156073 -0.4435066845689112 -0.6027602284921064 42.517745002402116 0.008537408462044288 0.8098916065387249 -0.5865174322344355 11.48925885976056 0.7482948516232865 0.383897650944644 0.540996680796905 57.79071241564924
0.6915908324027451 -0.4267326176360626 -0.5827532870623312 44.73091160057885 0.008361406873994837 0.8114899550374421 -0.5843065460427577 11.494434153450248 0.7222411006108455 0.39922841321579766 0.5647870985332709 56.09365087624706
0.7198583898582874 -0.4075151887476637 -0.5619032563445328 46.97314318671111 0.007057432400925406 0.813772959328944 -0.5811400548171834 11.426498419006366 0.6940850748997129 0.41437294989534323 0.5886773031096844 54.243707383115904
0.7477714008778631 -0.3868800961886899 -0.5395940355509761 49.20629005451266 0.004177510264599643 0.8154205249418993 -0.5788539676908732 11.238756742555184 0.6639431304239447 0.4305962827016826 0.6113643438133641 52.26661163934654
0.7752277030597082 -0.36487553012651697 -0.5156431478490352 51.422222306108864 -0.0008761854522965351 0.815680032815067 -0.5785026502669323 10.880099234114256 0.6316812809541074 0.44892307980510926 0.632018059639496 50.16664015881456
0.8013602531933843 -0.34462771155137617 -0.4889309614175569 53.518200453212756 -0.003746331144552806 0.8144540044640253 -0.580216028402757 10.661171873785067 0.5981703015068455 0.46679376071598794 0.6513799777025961 47.97296033030251
0.8270504955652098 -0.32218869205252054 -0.46063209234575386 55.60843393329966 -0.006544109076617954 0.8138698996669961 -0.5810102934134878 10.45451920590827 0.56208954128478 0.48353927775261435 0.6710030659011521 45.58090420556627
0.8518910640222974 -0.2980132645463679 -0.4306619430520586 57.657943239304636 -0.00873837825770088 0.8141121664478661 -0.5806419044359331 10.300193024676298 0.5236461169381316 0.49840693674544545 0.6909307270773519 42.99573094420797
0.8756340627162988 -0.2721604701592359 -0.3989908102872201 59.648209221608774 -0.011493177818065914 0.8141346113039171 -0.5805624355232281 10.103308997301822 0.48283837365581367 0.5129459164080786 0.7097560086154152 40.23836370609353
0.8979514567302853 -0.24508053479144443 -0.36553893475565374 61.54997999974648 -0.014250256971751155 0.8139646535344303 -0.5807395913598572 9.904115601682106 0.4398637420067691 0.5266849857959826 0.7274082857686514 37.31718085976198
0.9188628422424601 -0.21444406097022783 -0.331217182315026 63.39508667168107 -0.01877366572436988 0.8147123827683473 -0.5795612848001421 9.588657906080748 0.3941302153113582 0.5387554900681004 0.7445830345234192 34.17805859555106
0.9379155850017161 -0.1835975384780206 -0.2942894821017228 65.10695323913454 -0.021783287885721953 0.8155781090591174 -0.5782368341712952 9.382825784544393 0.3461789187396832 0.5487479311016726 0.760944061236999 30.85489405245531
0.9543628189509968 -0.15463141521817053 -0.2555009495707064 66.6065882630994 -0.02251245412643861 0.8158379682165046 -0.5778421921472773 9.333505431572629 0.29779993151965617 0.5572230568129711 0.7751242905127517 27.48434722556317
0.967988524764602 -0.12777125528809546 -0.21603870543528547 67.87699254418162 -0.02158668089095929 0.8151617553665896 -0.5788310010666086 9.392298171558457 0.2500644539556984 0.5649653254048116 0.786309067706887 24.15390134655505
0.9789153536289464 -0.10123600457652421 -0.17741477336145606 68.95110521161729 -0.021083366705505 0.8138318728438264 -0.5807178096045198 9.413634213056515 0.20317534810570903 0.5722140806733893 0.794538119791135 20.880908150990166
0.9872882513571928 -0.07486311496178172 -0.14020493126233347 69.84194934219518 -0.020966421127366287 0.8130726936241344 -0.581784499679997 9.413616515799655 0.15755100100337838 0.5773285969887629 0.8011675063192589 17.673216699272334
0.9932184763465604 -0.04975314284139974 -0.105079412927653 70.54435120950495 -0.020836941346892762 0.8129989624359871 -0.5818921798351603 9.422056202173103 0.11438041842519672 0.5801355978177961 0.8064488874227959 14.613327869234935
0.9969016900708207 -0.028858858541732646 -0.0731723077236847 71.03632157105125 -0.019219021866097592 0.8126995648382825 -0.58236590431633 9.534567957738718 0.07627351789744462 0.5819678544347054 0.8096269306737602 11.90571425474464
0.998953210497219 -0.01265032538058064 -0.04395966907364611 71.35534964968507 -0.01532038663648225 0.8129756005061637 -0.5820961765335272 9.816675636485439 0.04310184439914071 0.582160323492943 0.8119307783056289 9.531402852238973
0.9998271921094843 0.0003787194867643428 -0.018586083234900505 71.5542134349245 -0.011120214153693592 0.8133764002729147 -0.5816314746609328 10.121697321746586 0.014897206303206565 0.5817376453785896 0.8132400538547853 7.505719584081645
0.9999368656885963 0.011133374646310626 0.0015207254358048316 71.67552608675828 -0.008184112747206986 0.8143224345530482 -0.5803550576002053 10.342258447931991 -0.007699671123315604 0.5803059714948499 0.8143621396602444 5.868579938672017
0.9996624046761107 0.018593429271456036 0.018148307499689705 71.73158815454144 -0.004616704537652279 0.8144875440134678 -0.5801626726066763 10.599351188739387 -0.025568784022474606 0.5798830270277245 0.8142984171965308 4.583713868499362
0.9992721784000663 0.023282003575919367 0.03021691223597745 71.74943951328522 -0.001412634257283274 0.814181992746355 -0.5806080322834237 10.825227714863964 -0.03811978410276002 0.5801427677710591 0.8136223024615868 3.6886039096628234
0.9989906374275065 0.024433728769547396 0.03769216404772418 71.7355338014105 0.0019893875789324736 0.8142263426906008 -0.5805441457854424 11.069106702312293 -0.04487481107754269 0.580033150575986 0.8133558849382294 3.2029650287939972
0.9988838173707563 0.023355810220017096 0.04105637007569151 71.71059030153111 0.004830379039583218 0.8141330127591658 -0.58065833755662 11.271271773362578 -0.046987092197321036 0.5802085346361688 0.8131114742162909 3.053112134375268
0.998925387323232 0.020682091964613233 0.041476760156721644 71.67936540475482 0.007242066896606128 0.8142665326132601 -0.5804460063890902 11.445320493497244 -0.04577797536147719 0.5801226292241546 0.8132417303814765 3.1368779875453363
0.9990414469747206 0.0163999434871725 0.04058607002746078 71.63467345564554 0.01022494528339876 0.8140910232821345 -0.5806472735709682 11.656727362320076 -0.04256333775220058 0.5805056827155655 0.8131429853441074 3.3704432429309574
0.9991376036705415 0.01561093727238198 0.03847528517068501 71.63396943306394 0.009630759558769082 0.8142316400484526 -0.5804602353428943 11.615777234802104 -0.04038932286890878 0.5803301947869719 0.8133791044873886 3.5219595306640636
0.9992790897847924 0.014657044223381925 0.035021019024445224 71.63596634239101 0.008305950912852005 0.8157154125166017 -0.5783937905634047 11.53743360159855 -0.03704472834709442 0.57826770343631 0.8150056142531693 3.731915772696896
0.9993998826063071 0.01240582577240296 0.032341461522392916 71.61928184958255 0.008384251329583405 0.8192687661583715 -0.5733484046607106 11.582212816967141 -0.033609209692315255 0.5732754872521973 0.8186730951604637 3.9089659084646704
0.9994611301555918 0.011549694090763138 0.030725459712052074 71.61468254389588 0.007995173177863172 0.8222025574130276 -0.5691388510630186 11.586671183927127 -0.03183593117788643 0.5690778146702671 0.8216671554444355 3.9778996008482164
0.9995309979031989 0.008349082326694767 0.02946314740379342 71.58076122969237 0.009904080279296885 0.822274538761872 -0.5690048260759938 11.723993282068854 -0.028977464079122387 0.5690297669966421 0.8218062002974243 4.1800055263260685
0.9996143521559764 0.006702378893130732 0.026948563615902966 71.56882577756328 0.009899450320471691 0.8206719832425233 -0.5713138338987914 11.706038145640571 -0.02594509292987725 0.5713602839172113 0.8202891429946538 4.42639012048102
0.9996689041626052 0.0039443855521592314 0.025426833718569252 71.53966529197562 0.011342857006927548 0.8194307606793144 -0.573065936910789 11.79564083805223 -0.023095922697659154 0.5731646101035338 0.8191147099641221 4.652792755926767
0.9997271287649554 0.004152055994689525 0.022987571476672554 71.54923933504591 0.009802290184618348 0.8186764496893073 -0.5741713906415467 11.677196247105696 -0.021203375167993928 0.5742400466313091 0.818412356777656 4.800511679299314
0.9997439673338826 0.0035201653871809154 0.022351917482745818 71.54319373774113 0.009934950883797748 0.8192268496946682 -0.5733835239089854 11.692805604546594 -0.020329695778469267 0.573458784199001 0.8189821281899614 4.850689467568954
0.9997248541386544 0.0014758168347936036 0.023410211065180934 71.514871587095 0.012200130078600104 0.8196904113778539 -0.572676860298432 11.85991900514885 -0.02003429168978572 0.5728048982505951 0.819446871796222 4.861106308151654
0.99972920123843 0.0016488348885950023 0.023212185047531343 71.51757929331251 0.011971723669156952 0.8189202047813613 -0.5737825163188949 11.835038617614446 -0.019954999963919647 0.5739050265892115 0.8186787028084195 4.879940193727092
0.9997297714745154 0.0019546520596261142 0.023163837394507704 71.5215538901414 0.011736024551709336 0.8177055750714829 -0.5755170355643151 11.804891965582671 -0.020066134536453943 0.5756333658087769 0.8174616678550889 4.892802973468569
0.9997539366113666 0.0039015398935109127 0.021836762959173167 71.54938311132447 0.00944045137308219 0.8159802444416461 -0.5780026977089501 11.621840462172521 -0.0200734677609088 0.578066621305374 0.815742629279996 4.92298781624459
0.9996971501285066 -0.0020397766347216417 0.024524423259737547 71.46748014158226 0.015826735073660912 0.8164166464482748 -0.5772463718890409 12.083337342016913 -0.01884469373193589 0.5774596944492604 0.81620167777622 5.000961521952172
0.9996858964797872 -0.002974509652699084 0.02488494869856011 71.45451683511627 0.016803649666331313 0.8162343120002344 -0.5774765668591195 12.151202330321443 -0.018594239357800364 0.577713337396524 0.8160279125476498 5.020298261828964
0.9996451557660524 -0.007070144261165411 0.025682204219870487 71.39912023829338 0.020601209698587704 0.8163952414884028 -0.5771259826364148 12.424506300856327 -0.016886465361929347 0.5774502772838703 0.8162512018688619 5.136913490010168
0.9995400072545723 -0.013977422526576388 0.026914783243474693 71.30326068437894 0.02692798239782851 0.8172933501057112 -0.5755922720441664 12.886777306539704 -0.013951976975035075 0.5760522645841235 0.8172937848815389 5.32552578403867
0.999394828225682 -0.01929587824088764 0.02894212153025759 71.2235234952129 0.03240336111190181 0.8189942436920281 -0.5728860715604583 13.29672286069767 -0.012649091050785032 0.5734771990953397 0.8191238628030276 5.382758827775926
0.9995106755137503 -0.019244767662516923 0.02465863847949192 71.23746368710312 0.029922951332316833 0.8179246090002524 -0.5745467352403525 13.107735357325621 -0.009111888805858791 0.5750034546934476 0.8181002387073296 5.654268209667852
0.9993564700522967 -0.025278781101916642 0.025448555766771845 71.1495296790729 0.0353126534655507 0.8179067589824177 -0.5742660969586306 13.492824488351912 -0.00629779880871442 0.5747951955582777 0.818273072325667 5.850579526468575
0.9993162824285524 -0.026693617121029842 0.02558160429241091 71.12877167313749 0.036561843139511954 0.8163188072470845 -0.5764432639566005 13.56450079151095 -0.005495388923393537 0.576984450171487 0.8167366435766718 5.935396404357995
0.9993081135434709 -0.026044790234875666 0.0265511413655022 71.13521400894189 0.03660472545425061 0.8151516571307615 -0.5780898459161797 13.554835080044072 -0.006586978109003735 0.5786617706213145 0.8155410271352367 5.87761368910835
0.9992587188967661 -0.025263613607578735 0.029047590886004466 71.13867335853384 0.037404669432172084 0.8156196905316643 -0.5773780487009375 13.61705475624851 -0.009105131161255085 0.5780365647989054 0.8159600641833012 5.685638635474455
0.9992968219068903 -0.022855717468045354 0.02972335623393933 71.17105065523643 0.03589949164160752 0.8120002877879259 -0.5825519368538737 13.470078681066271 -0.010820731336787046 0.5832093524724603 0.8122498156121617 5.627856110457365
0.9991720502268117 -0.024651559210739915 0.032365331359793754 71.13648000186515 0.03894592499072967 0.8096112496450503 -0.5856729798913354 13.661547968890515 -0.011765584225457017 0.5864485698479105 0.8099010099704619 5.6013860057893075
0.9991215171120645 -0.024525618295156485 0.03398070174270855 71.13253341088652 0.03979468348447754 0.8094388592862003 -0.5858541766035515 13.720034409554733 -0.01313686454436071 0.5866917650050113 0.8097037703168042 5.50415624149391
0.998967733904432 -0.027974813772176095 0.03578933377775905 71.07609292969212 0.04363932695875252 0.8097711236469971 -0.5851207879148261 13.998991560413263 -0.012612523951647171 0.5860786100020132 0.8101560264157006 5.5274495526207685
0.9989484812364874 -0.02900536702467442 0.035505218195063304 71.06186857569661 0.04429342082697936 0.8104622797404866 -0.5841138467707279 14.053811866910312 -0.011833203571275012 0.5850722876718886 0.8108948103740852 5.567818962058606
0.998952905897274 -0.028996075178120466 0.03538812546118914 71.0627026990628 0.04420383004621086 0.8111374731424916 -0.5831826652715763 14.054270972782758 -0.011794626261047143 0.5841363088254988 0.8115698734570448 5.552613003288995
0.9989966389139313 -0.02779643757210035 0.035115146261527785 71.08123806829617 0.04308035915340542 0.8107134172793389 -0.5838560076752403 13.969375070059067 -0.012239203155506438 0.5847829623899424 0.8110974594982784 5.526194196555008
0.9990888305750854 -0.025772917776749914 0.034018602695895794 71.11451662028429 0.040815585767022246 0.8099443999155179 -0.585084743438065 13.799311508705033 -0.012473835761431665 0.5859401213048689 0.8102583400784175 5.521899608135535
0.9990803524870524 -0.025666182676250798 0.034346707865185046 71.11475346118338 0.040902037932783034 0.8108227667913428 -0.5838608260071718 13.815035809312471 -0.01286361408361656 0.5847287301985948 0.8111268948278356 5.476508231749704
0.9990215545872235 -0.026380938472989345 0.03549619071691632 71.10044216473005 0.04214880245512935 0.8110141875311578 -0.5835061834074892 13.906326997040447 -0.013394473551649107 0.5844313763894443 0.8113325793839502 5.4283490195034325
0.9990086562161078 -0.0260561245627667 0.03609408785460937 71.10291014207962 0.04223039909673667 0.8111908712848498 -0.5832546302741682 13.914099220072897 -0.014081839276778321 0.5842006921571524 0.8114870627962514 5.372708001687327
0.9989105754025872 -0.027190967642784 0.037925105504418404 71.07943229803195 0.04420475182516198 0.8117729438837691 -0.5822977137979806 14.061516791339065 -0.014953336248076272 0.5833398142223176 0.8120905484477231 5.295329943906321
0.9989839865831753 -0.025766669972852305 0.036973953925652586 71.10393191119614 0.042490038610421915 0.8119430302848576 -0.5821882102814584 13.941051115985548 -0.015019692715599189 0.5831677239785762 0.8122129120743995 5.281876606082622
0.9989880303079194 -0.025468484970221958 0.03707116905123316 71.10764436654961 0.04230255664855062 0.8120236286779188 -0.5820894434446838 13.928619339932299 -0.01527772897061912 0.5830685917986554 0.812279267404649 5.261375219103128
0.9990717254141595 -0.024263105689165478 0.03559479147699425 71.1305917079428 0.04047015189409703 0.8117720315455208 -0.582570455486825 13.7949468926132 -0.014759887656856707 0.5834701967562477 0.812000415771804 5.300279688492796
0.9990484194643526 -0.025195301467074934 0.03560129702359373 71.11722667797744 0.04126724201531039 0.8102540468731706 -0.5846241478609138 13.835377693906487 -0.01411631333701306 0.5855369982414715 0.810522765496527 5.37048736554665
0.9989512444750428 -0.02842316318316806 0.0358961691051588 71.06952004705508 0.04403938769564162 0.8109681570958043 -0.5834305275763584 14.041171689055972 -0.012527709014665314 0.5843994968951444 0.8113693884634458 5.465173944810333
0.9989582302464024 -0.02790061653486333 0.03611107613946316 71.07479523587554 0.043682976379101714 0.8135567189239375 -0.579842446418318 14.043756788751192 -0.013200446872679607 0.5808158233818114 0.8139279621143813 5.385209362707749
0.9988306647671887 -0.030532554068976613 0.037484213513969335 71.03234510328876 0.0466089935446912 0.8140930053181756 -0.5788611063223819 14.259028343086129 -0.012841528004359727 0.5799313251015554 0.8145641492997757 5.376173290948884
0.9988287451315537 -0.03103206189976676 0.037123429706518156 71.02642137407567 0.04685052275928106 0.8119919602760368 -0.5817852567436385 14.253542790620013 -0.012089930359925054 0.582843090017655 0.8124947790617266 5.46525062464022
0.9988575952814834 -0.030749755512939153 0.036578092957216785 71.03271156584314 0.046327138702827786 0.8108264706051989 -0.5834502813312593 14.203539950704608 -0.011717532509077172 0.5844783033627606 0.8113247268080073 5.510354425241332
0.9988924829181491 -0.030463886034101762 0.0358574848158148 71.03968594035197 0.04562845701908949 0.8131781520929486 -0.5802235231949446 14.179205961169966 -0.011482659956309448 0.5812170374364456 0.8136675635134591 5.479878958267103
0.9989436446571712 -0.029851855501299655 0.034935104439183684 71.05216503814229 0.04452906114720874 0.8165791658059528 -0.5755133609960785 14.137545554370217 -0.011347136748770224 0.5764610417840774 0.817045843140286 5.422271134280742
0.9989381322293261 -0.029777517578807592 0.03515547503631769 71.05246270611889 0.044584125681699074 0.8171354961485324 -0.574718919708835 14.14751530503314 -0.01161308380163566 0.5756760203282189 0.8175954108871212 5.388966313904299
0.9989461964712676 -0.030092631279752927 0.03465443836290836 71.04971521956612 0.044566984908502486 0.8164210754672776 -0.5757346709978644 14.138641634553714 -0.010967242668651532 0.5766724036014856 0.8169018659011205 5.445290359028136
0.9989381526377047 -0.03005734787003493 0.03491594254476675 71.04926729776919 0.04469869398794438 0.8159153389968956 -0.5764409651866816 14.142676948143789 -0.011162166480654708 0.5773895698993884 0.8163924856408574 5.437360891594898
0.9989361331622487 -0.030526023790898138 0.03456535453849255 71.04374121197533 0.04487291716802161 0.8162350060283963 -0.5759746836785935 14.158621038291107 -0.010631235473172341 0.5769129716043326 0.8167364324107089 5.465367398897646
0.9988872084655691 -0.03168673932569757 0.03493272555596063 71.02526470858629 0.04604057498226763 0.8157643572098454 -0.5765490256355568 14.237028464007796 -0.010227913724947338 0.5775157695309392 0.8163154572369201 5.498939308176283
0.9988561451233338 -0.031913806028559 0.03560772857295262 71.01934597614668 0.04662732113111257 0.8151170288961717 -0.5774167664067382 14.27205996786509 -0.010596899239384065 0.5784165784175357 0.8156727085898248 5.481107059425105
0.998863067706256 -0.032334095695926754 0.035029676389800576 71.0154934733856 0.04663637866268737 0.8150827041238928 -0.577464486893621 14.272204116807826 -0.009880291376165962 0.5784416061225275 0.8156639554060929 5.527646468722011
0.9988478676129675 -0.03223236252748321 0.03555294883585049 71.01488807294123 0.04685401144557906 0.8151913129400543 -0.5772935344506536 14.28919232050709 -0.010374920553201956 0.5782942141444676 0.8157623201095694 5.488414378832663
0.998870103695334 -0.03165748763928819 0.035444596485797564 71.02384603146416 0.04632444827649762 0.8150963017554712 -0.5774704012816865 14.250405438739309 -0.010609497422158781 0.578459870985812 0.8156418431048809 5.470401892013664
0.9988523374341656 -0.03176804750385164 0.03584409519149063 71.02072300847718 0.04663646467769509 0.815577427076451 -0.5767655508139529 14.27786630780208 -0.010910919515316508 0.5777752604613229 0.8161229688191485 5.436187014013185
0.9988412900993844 -0.030775052279122892 0.03699963986060697 71.03088516991299 0.04648848528701516 0.8158268323325447 -0.5764246701711897 14.270060624599925 -0.012445799625429405 0.5774768184121879 0.8163122112698183 5.318964366351465
0.9988385012650021 -0.029998610473413925 0.03770585843537717 71.03951812154777 0.046258252371818895 0.8160164165007341 -0.5761747843222624 14.255713153756032 -0.01348415656203363 0.5772497651545343 0.816456297759314 5.238298324518319
0.9988253432469653 -0.0289683342188195 0.038842879658550836 71.0500663937351 0.04606717818524868 0.8162639947765445 -0.5758393056448002 14.24481370495067 -0.015024938656461765 0.5769522739742204 0.8166396541770095 5.120474026083027
0.9988537001269466 -0.026589078700354502 0.03980334956475457 71.08067548523141 0.04467723506608044 0.8163437112513466 -0.5758358184128775 14.146422861814141 -0.017182270209663383 0.576954041492253 0.8165958630780575 4.962806861900269
0.9988270236837491 -0.024225009349241707 0.04192523918944795 71.10565276567483 0.04403281560157109 0.8145988684197034 -0.5783509269634975 14.081721316407899 -0.020141695789116378 0.5795186213499685 0.8147100586094238 4.782009205878336
0.9987775376919097 -0.021647752664149013 0.044438778186149885 71.13119843636493 0.043512095352183984 0.8116009849231995 -0.5825895114312949 14.012366159951883 -0.023454802496470754 0.5838109420662516 0.8115507723880049 4.599264286862483
0.9986847221744792 -0.019076375727619298 0.047591150273782606 71.15270151936716 0.043362699114287535 0.8095440629013559 -0.5854554522307305 13.979576574622877 -0.02735876497225027 0.5867490963864062 0.8093064906875077 4.357103860003853
0.9985310287359251 -0.01492055777650562 0.05208801788523846 71.18801595825602 0.04266667539295808 0.8090659012601478 -0.5861671452998851 13.92487047115454 -0.033396698377038854 0.5875285051584669 0.8085140172957859 3.9313879838558945
0.9981656696534623 -0.012807624209911744 0.05917145162452088 71.1792806796485 0.04509919872986869 0.809346234144644 -0.5855977591741681 14.101759041333487 -0.0403900755035088 0.5871921644895994 0.8084392393759967 3.4234829990463664
0.9977930543137105 -0.009350473015037868 0.06573879689887811 71.18748171696025 0.0460558805472992 0.8106325580259938 -0.5837411341812798 14.183984045839507 -0.04783175336875918 0.5854805073805865 0.8092741802671337 2.8651404474148543
0.9972417960178938 -0.006489743813180127 0.07393702388008927 71.1732201968553 0.04842993527477111 0.8117765318871982 -0.5819565307189828 14.365952277816362 -0.05624359202866654 0.5839321411794628 0.8098517844971886 2.239864942875632
0.9967362103350597 -0.0024428869384860233 0.08069051561558727 71.17900313677725 0.04900977474534983 0.8125718930027276 -0.5807968325338679 14.415929707619647 -0.06414802402501285 0.5828558578288199 0.810039554594908 1.657176128190708
0.9961060650788436 0.002959520468149634 0.08811327000935301 71.19192133377268 0.04905117899686483 0.8118628063961641 -0.5817841227032257 14.411358820014897 -0.07325768868972096 0.5838407529704852 0.8085562974949221 1.0162299830824457
0.9954153015404634 0.00921942338627858 0.09520178407746756 71.2116403422711 0.04828490620925491 0.8107664663112807 -0.5833749265587973 14.344953264650028 -0.08256479450390265 0.5852971376468052 0.8066041875486296 0.36775600278173426
0.9945806073230548 0.015427167796512344 0.10281740140016095 71.21963185058247 0.047759786299968604 0.810619572657421 -0.5836222333301581 14.30596353927808 -0.09234943610810463 0.5853698923915359 0.8054897086443977 -0.33334750083479053
0.9936416850446056 0.019280258398434398 0.11092553077540984 71.19009859793005 0.04926980558645449 0.8114213464972456 -0.5823812193967711 14.422460624149124 -0.10123580393906978 0.5841435355156185 0.8053121394317384 -0.9875799676394479
0.9926960998563947 0.02138957387715043 0.11873053296964795 71.13868356595492 0.05208918185988018 0.811702740430782 -0.5817433955880605 14.626922420067741 -0.10881714232174572 0.58367897624166 0.8046599792647927 -1.5382847723052169
0.9917788199135631 0.021475761874942618 0.12614897551209478 71.06446958856665 0.05654408472942235 0.8108041562175812 -0.5825799402162831 14.935564361826929 -0.11479346171699953 0.584923423972905 0.8029240619353992 -1.9514207028849317
0.9911488887533282 0.021538635435686935 0.13099605912626255 71.01388118244144 0.05921463345652868 0.8114251950457078 -0.5814488627812805 15.13304299965266 -0.1188171179066874 0.584059277837964 0.8029677779735278 -2.253478015448168
0.9906443844218139 0.024186645778305888 0.13430826400307652 71.00648169909908 0.057897187149785326 0.8167205667246344 -0.574121443258423 15.095422282776696 -0.1235783934742157 0.5765262544368528 0.8076793043104084 -2.6976253530702734
0.9900394854521082 0.024769140646394017 0.1385940363701268 70.96485442857715 0.058606537068874295 0.8225550300689475 -0.5656575786826051 15.208025405649625 -0.1280120738778946 0.5681458546710626 0.812910325166047 -3.1296934096994877
0.9897627852767223 0.02925007945689445 0.1396927404449856 70.99956445562724 0.05469395926074394 0.8263167693185548 -0.5605436357352837 14.96837188334674 -0.13182639986606945 0.5624455792294146 0.8162577844674067 -3.4814547125868924
0.989313783900201 0.03103730415938686 0.14246024966840423 70.98609383972834 0.05508509698838864 0.8250973133686713 -0.562298902330051 14.983508426531875 -0.13499581132333763 0.5641374914170464 0.8145704522647722 -3.6881710772346454
0.9889771631682602 0.03256439997791399 0.14444282808689 70.97847097902046 0.056021923375625095 0.8207045102747357 -0.568599728206057 15.004031196586316 -0.13706098946438408 0.5704241112267124 0.8098336980505685 -3.754499444521965
0.9884801906394218 0.03243837387592014 0.1478332324402675 70.93665072932177 0.05852528013850624 0.8188578711982011 -0.571004884708931 15.163189588373259 -0.13957687594355125 0.5730789986354728 0.8075263197102632 -3.9055712409611827
0.9883640919810176 0.03337005451916507 0.1484010146324026 70.93937990299483 0.057411358937232995 0.8216316522560756 -0.5671202375827648 15.113029057959146 -0.1408558040959577 0.5690411825802587 0.8101554017471845 -4.051102643434263
0.9881136860680564 0.031509860195546684 0.1504608657274569 70.89554132000708 0.05970493051742876 0.8232659650930285 -0.5645072824962966 15.294115134521075 -0.14165685538267367 0.5667806272535271 0.8115990733688591 -4.141067929495926
0.9883201440739326 0.03034512089757837 0.14934010330581796 70.89727969254268 0.06065469321978861 0.8206764493504071 -0.568164741665674 15.334733099380585 -0.13980093350222791 0.5705868374921735 0.8092504926613178 -3.960692684478235
0.9890387959245982 0.029608021899509777 0.14465692238955974 70.94584351868906 0.05962419533353607 0.8161804790359878 -0.574712433284172 15.213573345322041 -0.13508225452238087 0.5770379456151766 0.8054688037617392 -3.5408141036560794
0.9893497004463999 0.022759242695800878 0.1437678235855727 70.88386258656318 0.06642103326965111 0.8082820032363496 -0.5850371352176077 15.615347268267607 -0.1295199465951504 0.5883555218710429 0.7981618653618087 -2.9951023540322645
0.990276897447913 0.021207456027624468 0.13748421796617952 70.93926524756236 0.06420834504809418 0.8070557555901691 -0.5869738459207243 15.44433340721071 -0.12340565143914788 0.590094273127284 0.7978469740590998 -2.5384878413999976
0.9909278316920389 0.015098266007548423 0.13354428007847938 70.91496764189029 0.06629438408746093 0.8094504556118551 -0.583433813339803 15.618692558208421 -0.11690631726548503 0.5869940393848351 0.8011060545958296 -2.119294440963458
0.9913757097499059 0.005999867175428095 0.13091296235189082 70.83723636605782 0.07187586882733425 0.8104065737603069 -0.5814422109602949 16.027356852287745 -0.10958130131635689 0.5858371674791191 0.8029861465815312 -1.6155100737936277
0.9923080322527511 0.006120025854369965 0.12364187967761871 70.91525023283886 0.06776271803952791 0.8090035683423548 -0.583884783543151 15.719011374817994 -0.10360011182700692 0.5877718704504994 0.8023660294008919 -1.1658957895243611
0.9930580727846086 0.0041054967035488756 0.11755343029506299 70.95207419327669 0.06579530441936436 0.8090286423681832 -0.5840750240716148 15.578951641196962 -0.09750201020328891 0.5877548814979858 0.8031423020122936 -0.7340882913854304
0.9939429421848853 0.0035485155565988143 0.10984004605879528 71.01903237333839 0.06156541846477773 0.809940567319448 -0.5832717862707807 15.286538707085514 -0.091033658226562 0.5865012237392137 0.8048162446312166 -0.29228063770708684
0.9942797759364836 -0.005738257825386735 0.10665270536102357 70.9319667983282 0.06736887127987953 0.8085562035626177 -0.5845496564560463 15.686565186803016 -0.08288040990590563 0.588390973823984 0.8043176608631026 0.3113679776320973
0.9946030944673151 -0.013350902046445231 0.10289041690355447 70.8655062661529 0.07141056893044312 0.8075078547831762 -0.5855182278191713 15.964472512059482 -0.07526762332551395 0.5897057044645395 0.8041032066848817 0.8699132820772622
0.9953680310323221 -0.016431954051582837 0.0947231422878543 70.89340508882404 0.06904508684130008 0.8077937765574932 -0.5854075422627045 15.797724548826945 -0.0668973750001878 0.5892361202786447 0.8051866465466593 1.4671801181548088
0.9958531102337498 -0.020823306675764337 0.08856055971398397 70.88188857999361 0.0687055928185914 0.8102255221827396 -0.5820774387649403 15.800181849333354 -0.05963324872261256 0.5857482335464563 0.8082962838860469 1.934854162403682
0.9965064172032798 -0.023261200990188854 0.08021145180818612 70.9101438939 0.06564090456673011 0.8119495517828484 -0.5800251692877587 15.599801924825481 -0.05163557030133739 0.5832639555879702 0.8106398250712397 2.4627954934811362
0.9969862327887904 -0.0263537026297722 0.07296529303249236 70.91635585183495 0.06390889353755938 0.8121792136400657 -0.5798970410838543 15.47872450018938 -0.043978460141537924 0.5828124975399086 0.8114157305320578 2.9996796219338977
0.9976740349762225 -0.02420419347907627 0.06372344115229943 71.00545661396416 0.05698167203202915 0.8092007273545712 -0.5847625773775775 14.9528873766229 -0.03741134836780672 0.5870335082998759 0.8086977501801536 3.522524162772589
0.9978090127550526 -0.010349347561390446 0.06534573490168012 71.17858080168864 0.04663691980065697 0.810592231915876 -0.5837510010862041 14.089449867410426 -0.046927303100585314 0.5855195338865238 0.8092988963671046 3.6263244076541112
0.9985673728720006 -0.013099770304415023 0.05188061153728331 71.22424876064264 0.041081681794058376 0.8089348124476128 -0.5864612217626306 13.813149461616314 -0.03428552546604266 0.5877523842812695 0.8083140710857384 3.7606948510578047
0.9987697796188582 -0.010314965497880958 0.048502874212514174 71.27348705119843 0.03676548068355301 0.8103948684267498 -0.5847293875440999 13.51964838749232 -0.033275016907655164 0.5857932730190475 0.8097771388076024 3.8226647963899114
0.9994350122222014 -0.0011322230937290375 0.03359128481130175 66.92353256661818 0.008498420354875233 0.9754689775389934 -0.21997284084746127 12.189855740562995 -0.03251819791870096 0.22013403173952162 0.9749274715968483 4.120711175656487
0.9994286070338045 0.00045163681236334917 0.033797270106596534 66.94399472473987 0.006991334903676456 0.9755246828633072 -0.21977878505603834 12.090583571468398 -0.033069331392290936 0.21988949303828365 0.9749641173769593 4.0775732696269875
0.9994109039832412 0.004133328040466889 0.034069936875647674 66.99061569434559 0.0034277410800334614 0.975735691160607 -0.2189248994208306 11.858114963625068 -0.03414814183069084 0.21891271455683525 0.9751467211732133 3.990364844507404
0.999408336091089 0.005133687516632915 0.034009160591263896 67.00299390812634 0.0024404177784914955 0.9757216883642191 -0.21900052789147334 11.791690214089462 -0.034307755868130355 0.21895394974322602 0.9751318607137875 3.976828908610414
0.9994089247947293 0.004083428018007043 0.03413395166494594 66.99016810557225 0.003507915380465053 0.9756237949467962 -0.21942175202858852 11.860373786333245 -0.034197888389878806 0.21941179628550886 0.9750328035919816 3.9863158260797227
0.9993653123135275 0.0047775654630210366 0.03530081320213533 67.00026692495754 0.003135503047369111 0.9753220293639158 -0.22076482432238373 11.826908993316586 -0.03548437917063566 0.22073539341414997 0.9746880244104649 3.9125414106290672
0.9993315502118666 0.0065147449278954005 0.0359723623031915 67.02253228389401 0.0015974476879777873 0.9752716560702078 -0.22100372174911123 11.722635833235953 -0.036522608231502114 0.22091345582512364 0.9746093289741123 3.8417653355150794
0.9992842841010587 0.007580938478443166 0.03706007178110327 67.03683023219206 0.0008128851022478102 0.9751827192996856 -0.22140009755436235 11.66769742119848 -0.03781876209561876 0.22127176356475464 0.9744786030911599 3.7558354205928723
0.999250973010022 0.007807809651322445 0.03790159689212484 67.04054301577523 0.0007874235281628622 0.9751285896267636 -0.22163847512719007 11.664511623650624 -0.03868944174722229 0.22150230653645 0.9743920439414111 3.696908448363746
0.9992119207227727 0.008965420563731858 0.03866728228907452 67.05542111444589 -0.00013775834605344196 0.9749351387365397 -0.2224892273333747 11.597232842894098 -0.039692801717007266 0.22230856144305242 0.9741680476185691 3.6359307191173857
0.9991637182540537 0.009967296702240343 0.039654975995245506 67.06847665139583 -0.0008766379190161613 0.9748325792365826 -0.2229364796638515 11.545009287571043 -0.040879036567572524 0.222715278899768 0.9740260822554526 3.5579408601510956
0.9991395216822659 0.010622309717550495 0.040092178149825214 67.07681789836195 -0.0014016613140351705 0.9747431323967625 -0.22332456468312756 11.507466576620146 -0.04145179800797098 0.2230762030822923 0.9739192759465716 3.520528008807212
0.9990983913921151 0.009817315535211339 0.04130405105277407 67.06817496804281 -0.000317573177252806 0.9745972472067351 -0.223964517020735 11.575885213618294 -0.042453544786803826 0.22374947162560205 0.9737216596555192 3.4580914709523656
0.9991166354025236 0.008436971962062131 0.0411675401991932 67.05145391005635 0.0009956757925873305 0.9746107889124302 -0.2239035925687803 11.664146337249612 -0.04201139716382766 0.22374679358507396 0.9737414517564411 3.4843736500043696
0.9991524522624123 0.007205423354896113 0.04052726258069378 67.03600843540498 0.0019792031698473047 0.9750118015851054 -0.2221442538635189 11.741309337428532 -0.04111520269705904 0.22203618769030373 0.9741711715418065 3.520726869727917
0.9991256544693672 0.006891611504178545 0.04123629799138264 67.03273025926809 0.0022809749380365645 0.9758660941489578 -0.2183578792802989 11.785779683882073 -0.041745942730889225 0.21826101800672745 0.9749971303979188 3.43028151456122
0.9991194840067886 0.006433269905818834 0.04145925368753467 67.0273229878021 0.002774211609394831 0.975881421812109 -0.21828365562250174 11.81927869597392 -0.04186359310850862 0.21820647011556626 0.9750042953606665 3.4185191653963223
0.9991526216326346 0.006892587315651632 0.040577468190232543 67.03233751108188 0.0022333657511393805 0.9753465046841789 -0.22066764121134 11.76795340296455 -0.04109806275306481 0.22057127655352396 0.9745046234869766 3.4947736432613685
0.9991863877709046 0.007196867077435741 0.039683341562943404 67.03531447453497 0.0017405031375147643 0.9753381755800082 -0.22070888950173598 11.734769538926521 -0.04029309050147197 0.22059838703066467 0.9745321023431242 3.546387505595332
0.9992070811148784 0.007104500334902196 0.03917569558892602 67.0338344757278 0.0016607686760839965 0.9756573268970115 -0.2192943736614841 11.738528352062612 -0.03978003138874279 0.21918555277930488 0.9748719108454921 3.5599496500635768
0.9992082213348973 0.007352356710161233 0.03910080903967796 67.03685419459225 0.001416549434067096 0.9755792003049152 -0.21964338669789907 11.720002458488723 -0.039760832542235065 0.2195248659792975 0.974796342531259 3.5620794588802474
0.9992446756962293 0.007328751388096497 0.038162383256669846 67.0357766520134 0.0012902173306399418 0.9752565117774112 -0.2210725482166338 11.702475549629865 -0.0388382985206252 0.22095480451632554 0.9745104211496022 3.6376876488614776
0.9992689294188287 0.007337635595596279 0.03752020525016006 67.03533868176348 0.0011194785942355936 0.9753719949660721 -0.22056341084500294 11.694396977167596 -0.03821457138088753 0.22044416649068024 0.9746507148688726 3.6701043304141248
0.9992906734360731 0.006510872791753767 0.03709121889570269 67.0248421200289 0.0017708474519076067 0.9757266028966172 -0.21898506912373988 11.748049721076638 -0.03761667293875688 0.21889542008757668 0.9750229643355596 3.68849905518256
0.9992968138795063 0.006799088004427871 0.0368734345101633 67.02820287557846 0.0014403133972957609 0.9757351900542657 -0.21894922787505694 11.72624672494903 -0.03746736269855175 0.21884837511865168 0.9750392737938002 3.694719147735617
0.9993178053112054 0.006653917507534008 0.0363269785393549 67.02591572348683 0.0014915611539574234 0.9755613132537252 -0.2197223232354674 11.724813627591438 -0.03690120910376548 0.21962661374357648 0.974885865782354 3.738719597966225
0.9993209094804796 0.007157919031569338 0.03614531878742655 67.03195336220676 0.000998040611161292 0.9753322137570225 -0.2207398394553287 11.685406186530741 -0.03683373168775689 0.22062601161912737 0.9746627310033923 3.751938683168377
0.9993135676822317 0.0073641903497047665 0.036306502815655194 67.034680696768 0.0008552923266164319 0.9751953973952286 -0.22134408818443302 11.672096902437135 -0.03703595443951586 0.22122320312222077 0.9745196932228197 3.7423428608663696
0.9993576398633567 0.006869269660768775 0.03517272780250658 67.0274721367015 0.0010522477848770315 0.9754099298495638 -0.22039591993834232 11.691365038027444 -0.03582178696465043 0.22029135681001336 0.974776137219958 3.8094123948123015
0.9994045753868165 0.005151261007477494 0.034116846365539105 67.00520007567374 0.0024701067459404636 0.9755736003265735 -0.21965893771597525 11.7908711248584 -0.03441501516141779 0.21961241963031117 0.9749799956284023 3.8923967707344187
0.9994417725532052 0.004450596082787363 0.033110956951060706 66.99535243571064 0.0029427993277374065 0.9755067878244132 -0.219949646147958 11.820706681764847 -0.03327887029067823 0.21992430312042174 0.9749491359497546 3.9690557972231875
0.9994767162694932 0.003009723294804669 0.032206136074352056 66.9762815909262 0.004079360017175542 0.9759837198686687 -0.2178052739792272 11.910228776882043 -0.03208819809526924 0.21782268044674472 0.9754607257219504 4.0206636279300785
0.9994990523606097 0.003866808861425425 0.0314116557900482 66.98591060780859 0.002992779532137174 0.9765129012585027 -0.21543815109300846 11.852575485637809 -0.03150694528060897 0.2154242360203028 0.9760121469193679 4.027931354084678
0.9995595044971646 0.004385200662421346 0.029352461302812025 66.98953524310065 0.002052102953928474 0.9764441526838074 -0.21576052827861683 11.787723774054069 -0.029607192417540302 0.21572572100876528 0.9760050345425473 4.154436046237227
0.9995842359620596 0.004552296228472642 0.02847159663935033 66.99022728676815 0.0017773278059366598 0.9758517536940191 -0.21842663738238927 11.752657428796601 -0.028778400268532574 0.21838642680202397 0.9754379387058043 4.23977933037368
0.9996100525203336 0.002942992051752624 0.02776835785708562 66.96917563201494 0.0033202943062011414 0.9748487940402606 -0.22284255519081106 11.827791273582774 -0.02772577403817712 0.22284785741853744 0.9744588826102162 4.360305850705084
0.9996320572171462 0.0019635309526548255 0.027053553001668486 66.95582447368098 0.004196472318336834 0.9741727436094042 -0.22576504430183034 11.867705485612158 -0.026798130604531956 0.225795505169443 0.9738060638758513 4.454381181606778
0.9996151847300817 0.0010233085070309234 0.02772066551769833 66.94509060099867 0.005260014184873292 0.9741965299754818 -0.2256400966905156 11.939568822051983 -0.02723627558642339 0.22569907802964045 0.9738162616575833 4.420929554766222
0.9996411253330901 0.001088077743702963 0.02676633388450495 66.9444749662039 0.004906776836983997 0.9748332844471538 -0.22288111421797616 11.93364311818823 -0.026335225153113408 0.22293246425946614 0.9744781025222355 4.445261926580671
0.9996513901084675 -0.0011054235243917149 0.026379467262252473 66.91608295149317 0.00692060357948345 0.9751601413705957 -0.2213928723517886 12.077597127852123 -0.0254794721355088 0.22149825444213198 0.9748278410974854 4.482392828733384
0.9996551064177467 -0.0018586302622127372 0.026195681065241803 66.90622717651456 0.00760608063041337 0.9752301351183315 -0.22106182640728536 12.125488776136212 -0.02513594538439188 0.2211848300644271 0.9749079213951456 4.498619614668089
0.9996548905129973 -0.0025475454431173787 0.026145934400260695 66.89739000026172 0.008260439939997585 0.9752842471788952 -0.2207994618125082 12.17084906269601 -0.024937221285563804 0.22093923874430005 0.9749687111787967 4.505956914957142
0.9996552558997912 -0.002962892102085285 0.02608813182875237 66.89201917035811 0.008611131373122744 0.9756514690158107 -0.21915761320055815 12.20468251750712 -0.02480358378133658 0.21930670823684817 0.9753406327811428 4.492368215048578
0.9996738713216458 -0.0030157292112851573 0.02535855623093976 66.89022545809142 0.008512925252688713 0.9755582641998685 -0.2195759623797236 12.195566567151964 -0.02407656745542577 0.21972022785502443 0.9752657793498655 4.542977956538663
0.9996818493773176 -0.005625468786038725 0.02458768241382829 66.85512266434657 0.010920926911293365 0.9752365067747074 -0.22089474690282723 12.34798062755858 -0.02273616900324603 0.22109298938411237 0.9749876700062686 4.6460397777217874
0.9997131792594507 -0.004396711380661842 0.023542050547830397 66.8693421521744 0.009485743408483585 0.975303652058496 -0.22066446690246405 12.253716896241544 -0.021990449903306963 0.22082448960746043 0.9750656208187503 4.689714867217308
0.9997217595265583 -0.006344702091593362 0.02271889707911399 66.84246847375952 0.011170591250379478 0.9756422855328464 -0.21908297188818848 12.376108458205403 -0.020775500481080806 0.2192757976512975 0.9754416964350806 4.749596127458274
0.9997541045693437 -0.0069026636068716405 0.021073291908960835 66.83204473301302 0.011349964109349134 0.97568783450662 -0.21887080186836017 12.389426712905573 -0.01905016302991633 0.21905616364510916 0.9755262623105647 4.859520553660301
0.9998042805977111 -0.006863469736132733 0.018555141650621026 66.82743905062165 0.01077736765781326 0.9754639089088024 -0.21989545416567424 12.344841965669612 -0.016590625210092046 0.22005239194233045 0.9753469618323509 5.0330380563061246
0.9998331916077449 -0.008090921492989568 0.01637455186760506 66.80647353177751 0.011509425410988412 0.975230583326568 -0.22089101944450074 12.387422762039037 -0.014181751872723735 0.22104263465204216 0.9751610285383149 5.203065757199758
0.9998679646020507 -0.009019835793909997 0.013516505643212575 66.78744022777444 0.011788601743705742 0.9751287997189437 -0.2213252195923919 12.40336380752322 -0.01118401678648576 0.22145533753094124 0.9751063794517891 5.4056351859161715
0.9998897124544358 -0.01057174549154841 0.010430777777693875 66.75892616971949 0.012614125106497405 0.9752472433123666 -0.22075710239860316 12.462117331394895 -0.007838799371290115 0.22086433077545967 0.9752730390078078 5.619437890687326
0.9998945978494463 -0.011337470465945323 0.009069451743505121 66.74494731529826 0.01305106153518783 0.9755613201293345 -0.21933941839148507 12.500122308411209 -0.006361052137712063 0.21943466551788032 0.9756064598929003 5.698973699878681
0.9998991544293558 -0.01256852845426785 0.0066115855854370804 66.7214973729018 0.013712416646167973 0.9755762146682222 -0.21923279636802703 12.544921325696004 -0.003694671999135434 0.21930134852781266 0.9756501770269412 5.872898555083407
0.9998980207383538 -0.013965074832440553 0.002987441789731486 66.6917061373203 0.014280148302608766 0.9753757742497384 -0.22008674737743508 12.577482818330896 0.00015964954806894265 0.2201069642052422 0.975475729488117 6.137844974694886
0.9999018308443316 -0.013478814115877924 0.003827563739939973 66.70089900296337 0.013992435744666291 0.9748789027425795 -0.22229560663529907 12.544519150963454 -0.0007351299783564531 0.22232734100297663 0.9749718011442491 6.100967850485251
0.9998815228786325 -0.015033134115553858 0.003308335619366363 66.67817774212338 0.015392591601109718 0.9752229889586299 -0.22068799226599867 12.648069693153214 9.126723423030932e-05 0.22071276964702297 0.9753388462401321 6.134168925340198
0.9999017267651767 -0.01373486230491622 0.0028089801499701144 66.69437484703212 0.014016797008393504 0.9757818311436877 -0.2182964667865636 12.571287128695628 0.0002573201185790616 0.2183143869911847 0.9758784566835256 6.113925420236837
0.9999071322036395 -0.013367121234320515 0.0026546258117654867 66.69892439578118 0.013625130022941046 0.9764224529777991 -0.21543804017089432 12.56300092869642 0.0002877501545865144 0.21545420253669897 0.976513903541124 6.079062082942084
0.9999127262375818 -0.012956546381571878 0.0025822110659370675 66.70430992310672 0.013208581484514027 0.9764164379290626 -0.21549123675242074 12.534974785251789 0.00027070887282174753 0.21550653736669587 0.9765023599914765 6.075853011831034
0.9999239886329512 -0.012077745003892398 0.002478917503808681 66.7159342645597 0.01232769538060011 0.9759060689726935 -0.21784254053987626 12.461676780761808 0.00021185601919118452 0.217856541370429 0.9759807797795721 6.097273637232076
0.9999217869591901 -0.012147952396104774 0.0029744271586313116 66.71663286956655 0.01250469999521367 0.9754239016657481 -0.21998146407640495 12.460201734169392 -0.00022900299066711547 0.22000145297645401 0.9754995172965896 6.090746656929757
0.9999244449260911 -0.011889556074347267 0.003121361177991236 66.72057657227997 0.012284171816972302 0.975819150609883 -0.21823401299013306 12.456464970974281 -0.00045117847867805465 0.2182558676401654 0.9758914758714818 6.052672332814556
0.9999198674966808 -0.012228310296014754 0.0032752118594983697 66.71652445580594 0.012646723284990783 0.9764558661645389 -0.2153462370765108 12.498625676613935 -0.0005647792250881136 0.2153704015415403 0.9765322683681592 6.008097703740711
0.9999070876705696 -0.013208648485809478 0.0033686245469463144 66.70359889180703 0.013623636808151937 0.9766979854469898 -0.21418553112643102 12.570990977151164 -0.0004610274173343174 0.21421152356717438 0.976787187991709 5.998780880449518
0.9998799727877208 -0.015100293811339455 0.003467152266327972 66.67818595912681 0.015492672508446693 0.9763765131062204 -0.2155200263388175 12.68743278575996 -0.00013083032026187233 0.21554787352546484 0.9764932652620179 6.034418415806706
0.9998815746509124 -0.015101514142655679 0.002963265801622244 66.67658362138651 0.015385247612159848 0.9763741055641854 -0.2155386279525082 12.680208437708947 0.0003617036417055391 0.21555869329334967 0.9764908186542971 6.0651234872749855
0.9998666889125395 -0.016155332656724312 0.0023684657112745915 66.66026495557132 0.016286835901340963 0.976499337212487 -0.21490412606531378 12.744294904083402 0.0011590424486176284 0.21491405177494577 0.9766322782758504 6.108392075619647
0.9998532693294967 -0.01698641652911522 0.002213925160515193 66.64830390231357 0.017066325308617195 0.9766367001361808 -0.2142183383549884 12.80053633747685 0.0014766013603587475 0.2142246895215658 0.9767832932886451 6.119151825665133
0.9998382355176497 -0.017926511360923617 0.001463894593046496 66.63285839206397 0.01782261553881595 0.9765071000836159 -0.21474691583732364 12.84774684521183 0.0024201595625971757 0.2147382678441681 0.9766686332379974 6.186096677059867
0.9998104874524835 -0.019460553897610856 0.0005253779836490457 66.60842491869953 0.019116302356672745 0.9763048057415364 -0.215553921955016 12.929013282848224 0.0036818696657796267 0.2155231150665261 0.9764917975629828 6.277565208029521
0.9997646647053049 -0.021661369739041005 -0.0011833290826465319 66.571713220302 0.02089347506655605 0.9761321122435522 -0.2161702156787201 13.043659516692221 0.005837628485307982 0.21609461934062527 0.9763549751938061 6.426313853755614
0.9997151991394286 -0.023538125983349843 -0.003934111691907833 66.53531151237308 0.022133689243008483 0.9761567255742171 -0.21593551564464003 13.127746628146058 0.00892302695873914 0.21578694061832054 0.9763997008645993 6.626745948245169
0.9996349783244417 -0.02543600899198047 -0.009106017617643788 66.48847303511288 0.02288356591145618 0.9763258959772342 -0.215090881386048 13.182921955536282 0.014361494402359072 0.21480399039778295 0.976551582451086 6.976307427749305
0.9994621825488381 -0.028813671345798434 -0.015656244705842152 66.41201329951599 0.024764611514250325 0.9761657226062082 -0.21560889597891794 13.304974435727178 0.021495573294545007 0.21510521693412252 0.9763542830225425 7.454444541586054
0.9992326196999605 -0.031155321949360673 -0.02373852652937586 66.33975744773862 0.02525827618015957 0.9757533047161704 -0.2174109192747207 13.326729858501235 0.029936452895441376 0.21664448815906676 0.9757914605787115 8.03444033856664
0.9989173922433222 -0.03283525338644772 -0.03295283916218173 66.26637109983523 0.02486027157625112 0.9755318921618761 -0.21844792118998285 13.293884243007003 0.039319338384004955 0.21739221124529207 0.9752920670849972 8.66762107815884
0.9985081451742864 -0.034218833693759894 -0.042550622101739516 66.18912937546578 0.02413603279362133 0.9756077294517335 -0.21819030719768132 13.247321713838534 0.04897893365102467 0.21683779572452797 0.9749781712447394 9.303584189915632
0.9979058810695182 -0.036532060187118645 -0.053378470429129146 66.08312021874819 0.024109006655056428 0.9758411677983655 -0.21714688813802685 13.25203213125132 0.060021732105755815 0.21540525483006917 0.9746783920179096 10.020913064150141
0.9971531176936428 -0.039010088990766266 -0.06452807784817922 65.963880850635 0.024299708561950843 0.9763660602058571 -0.2147529758627263 13.279536831463494 0.07138055784072043 0.21257358592973152 0.9745343947379809 10.74224595186216
0.9962478901237852 -0.0421159923968407 -0.07560677620647323 65.82730711596653 0.025147302292569153 0.9767832747003476 -0.21274878954549037 13.348529464802677 0.08281156085543019 0.21004922625445316 0.9741773801205779 11.468059502424234
0.9952556081630974 -0.04387554874154862 -0.0868401441876457 65.70030951193912 0.024444297820890755 0.9766784492795357 -0.21331123509314961 13.298138594895944 0.09417404485285051 0.21017645666332216 0.9731172109979886 12.22767434436932
0.994025453170439 -0.04410906320839106 -0.09983881505797963 65.57150174166084 0.02198616370912065 0.9768735356791879 -0.21268451729027726 13.138324112048867 0.10691121108031208 0.20921875114941457 0.9720069480784694 13.061781097445746
0.9927967130994138 -0.04376246313989231 -0.11153265566160402 65.45446393677248 0.01923267731623428 0.9770438421956745 -0.21216841082207194 12.958148746094205 0.1182573066759512 0.2084950293111168 0.9708475844180211 13.805695484665367
0.991457805002139 -0.04289874938298692 -0.12317109320662935 65.3368551689873 0.016061923707791668 0.9773321611293219 -0.2111015429339497 12.753389534823222 0.12943506289698156 0.2073199076877684 0.9696726356710236 14.532615621300252
0.9901454181926639 -0.042586999813900815 -0.13341063780270887 65.21866302223792 0.013715493846300176 0.9775498386830251 -0.21025745675086918 12.602082341716 0.13936978173415807 0.20635566466090124 0.9685005955608549 15.17902548602525
0.9887586450142842 -0.04164476067875511 -0.14360381546994433 65.10376183528575 0.010663357138092137 0.9776243184355711 -0.21008804063518377 12.399555863630436 0.14913964839727267 0.2061950676214015 0.9670785693854164 15.823839910050362
0.9875553718376092 -0.0390179202898117 -0.15235481433462925 65.02724832577952 0.006291086877261334 0.977761550915035 -0.20962531282774047 12.110513200691717 0.15714582329983892 0.2060581263830262 0.9658391371087282 16.351701314539643
0.9863677871065267 -0.03569822129633561 -0.1606369370812683 64.96218056773628 0.0010248983723918012 0.9774994035523542 -0.21093569076407648 11.750820044395313 0.16455253915360823 0.20789553398538813 0.9642105106287893 16.86316356712137
0.9852531611049251 -0.03282790098761882 -0.16792420150025883 64.89963607945967 -0.0033220967874394002 0.9775670052954502 -0.21059846587907557 11.462133892157395 0.17107066436326046 0.2080506646815443 0.963041924694808 17.295442701908485
0.9840684070505266 -0.03178416469212115 -0.17492609044926172 64.81023346437391 -0.0060323025370804684 0.9773547612008849 -0.21152135136685915 11.275259359840303 0.17768787682658688 0.20920668639597848 0.9615922112808913 17.746119262546497
0.9828893676964214 -0.02923525919107118 -0.18186200947245643 64.74048900305893 -0.010087204498015272 0.9772992925864965 -0.21162311077797866 11.003103652139314 0.1839204697002054 0.20983658482248582 0.9602821817024887 18.164898986292425
0.9816374721790944 -0.026909464020240317 -0.18884849472521886 64.66290033528931 -0.014111255433487938 0.9770435619952775 -0.21257175361197683 10.72771123574046 0.1902333979193151 0.21133328821963548 0.9587228460855347 18.599226738059432
0.9803561855596226 -0.024972450564363105 -0.19564796484450686 64.57903542306657 -0.01740850702148522 0.9771252665222251 -0.21195083724098254 10.510374867367105 0.1964655015982955 0.2111932532934729 0.9574960660206647 19.008517283022815
0.9788619344156971 -0.023942212345130737 -0.20311593689314525 64.46727205452028 -0.020099714364767023 0.9770553263619058 -0.21203511669127958 10.32938131950879 0.2035320977988835 0.21163567680296827 0.9559210351643777 19.479890490448742
0.9771902632382297 -0.02375229137856533 -0.21103321560045277 64.33148871970583 -0.022001240825839184 0.9770552207761738 -0.21184673930968503 10.202905924611978 0.21122295053928888 0.21165756355086854 0.9542462685057707 19.987319642035512
0.9752370211947871 -0.022491859658485706 -0.22001561021941476 64.18690006330009 -0.025166739952464927 0.9770674104839708 -0.2114377226757624 9.992812051024398 0.21972571012806733 0.21173897047839493 0.9523062641238196 20.54894854319636
0.9733588099858248 -0.021111256733812294 -0.22831325380296713 64.05111203877321 -0.02795480066210462 0.9773972174543485 -0.20955478623128374 9.816838452331782 0.22757670386689632 0.2103544488514947 0.9507680314911008 21.04976077696443
0.9711628173447192 -0.02209388242723219 -0.23739132790891734 63.8616040776307 -0.029360895839762403 0.9770348732873144 -0.21104690041772237 9.713372536970658 0.2366024513874573 0.21193092445354225 0.9482112440051071 21.663309506562726
0.9686610725938986 -0.02208096586142965 -0.24740282413073694 63.66116933178733 -0.03140688160150969 0.9771580324756624 -0.2101803686274273 9.58097962539244 0.24639264240091813 0.2113636925181779 0.9458414535511618 22.30133936435705
0.965889099390444 -0.023594099654597273 -0.25787897576228663 63.42175838101026 -0.03260931451675205 0.9768313093409698 -0.2115117625522374 9.492057652576685 0.2568946871491597 0.2127061624699563 0.9427413262193611 23.008976762271725
0.962936456688531 -0.02327996910998614 -0.26872183279066647 63.19218596578695 -0.03535180224837031 0.9767816851271843 -0.211300235868042 9.308830907691098 0.26740162762767344 0.2129685015168585 0.9397557059702989 23.7035907324748
0.9594560288734284 -0.02333205002396319 -0.2808909825895274 62.918313554488364 -0.03771441438619647 0.9769789572827702 -0.20997556994607103 9.157855097910067 0.2793237397822411 0.21205596541561944 0.9364883960443463 24.47700649622475
0.9552340788323551 -0.02395646027837633 -0.29487953921598675 62.58160107252419 -0.03942215220199061 0.9775210342641903 -0.20711958257690358 9.060053069984844 0.29321280421063667 0.20947246974721587 0.9328169894812898 25.35945702272299
0.9506922935153923 -0.027876297929184002 -0.30888035720033524 62.181699766945684 -0.03825285503573862 0.9778074442454583 -0.2059837883421405 9.145692625232602 0.3077675781040915 0.20764275569335025 0.9285276538025207 26.294013355706262
0.9452551872761465 -0.033048185604111026 -0.3246543521282492 61.700231288060955 -0.0361649548586161 0.9781219189500402 -0.20486485230406198 9.293020699483082 0.32432194956186866 0.20539067432034763 0.9233796315354923 27.354016187554294
0.9391231058179581 -0.03784130325595818 -0.3414905970692646 61.173573829249875 -0.03419316507388953 0.9786884045134479 -0.20248415822762908 9.439965524065041 0.34187515203808244 0.20183419591043636 0.9178149801458493 28.462935022912355
0.9319225888756091 -0.04186289069822232 -0.3602329617424967 60.57895184404569 -0.03294346255632912 0.9794363525482626 -0.19904562186030403 9.544439338456742 0.36115788322862635 0.19736243231512954 0.9113797527334441 29.673053209583593
0.9235940678185259 -0.04632399919731915 -0.3805628528755728 59.898054351928806 -0.03217179827398814 0.9798060443917169 -0.1973451057646848 9.60636908694038 0.38201959803948005 0.1945101603305688 0.9034527238555046 31.004208649042443
0.9137252934606558 -0.051133662788152325 -0.4031022657094674 59.1024846302278 -0.032397237092250626 0.9797241933344193 -0.19771424840918744 9.589086044102526 0.40503889581005303 0.1937159093236508 0.8935421866682536 32.49914841828572
0.902438850356721 -0.05637211413458014 -0.4271139263883085 58.201846782269335 -0.03366616864836945 0.9791430312628113 -0.20036345329928001 9.488114926363355 0.4295005360361953 0.1951950539267609 0.8817188783660865 34.11306690275096
0.8902667975095088 -0.05936525595219399 -0.451553757196077 57.26903150170439 -0.036782856327836046 0.9788574765676766 -0.2012090009118036 9.273356423745236 0.4539515951426197 0.1957391298470771 0.8692606872015898 35.71241849640422
0.8780471845916397 -0.06000338263310809 -0.474797573396579 56.366861904802015 -0.04072982485957294 0.9791400195384083 -0.19906256178707676 9.020203470941237 0.4768377323551519 0.19412474394293494 0.8572872102110741 37.18159593035269
0.8667060936590903 -0.06296879662779717 -0.49482873589298265 55.504582795284996 -0.042151405639193756 0.9792068196792721 -0.1984370512183789 8.928102417583355 0.49703501508127196 0.1928443282672646 0.846030294279293 38.47760919981553
0.8561092765951693 -0.06920613475860647 -0.5121400369425042 54.659714057268545 -0.03982134653493381 0.979212684208172 -0.1988888620460473 9.082454267423913 0.5152583496536864 0.19066470569457925 0.8355571812357063 39.6330246436544
0.8469858592298783 -0.0726886816936364 -0.526622549667469 53.957650691317944 -0.03846169366656986 0.9796334352716864 -0.1970762051037449 9.184705025350468 0.530222266964453 0.18717555409677727 0.8269399370955793 40.560239430974114
0.8399064592121317 -0.07284509386441096 -0.5378203529745085 53.445200474859156 -0.040165442018486014 0.9798913820938028 -0.19544722194433098 9.079468380269256 0.541242900222441 0.18575917634986996 0.8200912457529458 41.25601723644337
0.8346611622748099 -0.07177542217919496 -0.5460668759053802 53.08072411809879 -0.04301876452894467 0.9799470375303414 -0.19455896158725455 8.892384086388539 0.5490811689435968 0.18588193136102799 0.8148360433271391 41.76395766352252
0.8346611622748099 -0.07177542217919496 -0.5460668759053802 53.08072411809879 -0.04301876452894467 0.9799470375303414 -0.19455896158725455 8.892384086388539 0.5490811689435968 0.18588193136102799 0.8148360433271391 41.76395766352252
0.8346611622748099 -0.07177542217919496 -0.5460668759053802 53.08072411809879 -0.04301876452894467 0.9799470375303414 -0.19455896158725455 8.892384086388539 0.5490811689435968 0.18588193136102799 0.8148360433271391 41.76395766352252
0.835701277964162 -0.07392364981554994 -0.5441862438605136 53.12895069134142 -0.04010517852773637 0.9800386072356165 -0.19472006312378617 9.087827311235863 0.5477179462682639 0.18455249206017466 0.8160547953477477 41.661069612293765
0.8321227415386158 -0.07788725749341187 -0.549094999189041 52.82352282830988 -0.03411686232489236 0.9810247508336616 -0.1908572187706207 9.513471840740435 0.5535411301063025 0.17755003061646366 0.8136757363401778 41.95278551806423
0.8321222138924054 -0.07788357486258689 -0.5490963211618028 52.82352285838373 -0.03412292881593419 0.9810241438219202 -0.19085925434070838 9.513471930162174 0.5535415493671859 0.17755499994393947 0.8136743667580312 41.95278552873346
0.8321220504542836 -0.07788379319474706 -0.5490965378741306 52.823522869439266 -0.03412288184069045 0.9810241012223408 -0.19085948170259873 9.513471926479742 0.5535417979544499 0.17755513954401944 0.8136741671817157 41.95278553256858
0.8315064484988313 -0.07837156771709479 -0.549959019817318 52.772998623108066 -0.03482163078706764 0.9806981650499078 -0.19240208703928527 9.457340824229716 0.5544226547807994 0.1791340460138954 0.8127278224747213 42.02931904475531
0.8319222763182701 -0.07527936527083637 -0.5497620788394264 52.840970641090415 -0.03505022183745928 0.9816472345009987 -0.1874571656290742 9.470215937145198 0.5537840807702696 0.17521907476345508 0.8140156434150796 41.94056109359321
0.8319222763182701 -0.07527936527083637 -0.5497620788394264 52.840970641090415 -0.03505022183745928 0.9816472345009987 -0.1874571656290742 9.470215937145198 0.5537840807702696 0.17521907476345508 0.8140156434150796 41.94056109359321
0.8319222763182701 -0.07527936527083637 -0.5497620788394264 52.840970641090415 -0.03505022183745928 0.9816472345009987 -0.1874571656290742 9.470215937145198 0.5537840807702696 0.17521907476345508 0.8140156434150796 41.94056109359321
0.8319222763182701 -0.07527936527083637 -0.5497620788394264 52.840970641090415 -0.03505022183745928 0.9816472345009987 -0.1874571656290742 9.470215937145198 0.5537840807702696 0.17521907476345508 0.8140156434150796 41.94056109359321
0.8319222763182701 -0.07527936527083637 -0.5497620788394264 52.840970641090415 -0.03505022183745928 0.9816472345009987 -0.1874571656290742 9.470215937145198 0.5537840807702696 0.17521907476345508 0.8140156434150796 41.94056109359321
0.8319222763182701 -0.07527936527083637 -0.5497620788394264 52.840970641090415 -0.03505022183745928 0.9816472345009987 -0.1874571656290742 9.470215937145198 0.5537840807702696 0.17521907476345508 0.8140156434150796 41.94056109359321
0.8319222763182701 -0.07527936527083637 -0.5497620788394264 52.840970641090415 -0.03505022183745928 0.9816472345009987 -0.1874571656290742 9.470215937145198 0.5537840807702696 0.17521907476345508 0.8140156434150796 41.94056109359321
0.8319222763182701 -0.07527936527083637 -0.5497620788394264 52.840970641090415 -0.03505022183745928 0.9816472345009987 -0.1874571656290742 9.470215937145198 0.5537840807702696 0.17521907476345508 0.8140156434150796 41.94056109359321
0.8319222763182701 -0.07527936527083637 -0.5497620788394264 52.840970641090415 -0.03505022183745928 0.9816472345009987 -0.1874571656290742 9.470215937145198 0.5537840807702696 0.17521907476345508 0.8140156434150796 41.94056109359321
0.8319222763182701 -0.07527936527083637 -0.5497620788394264 52.840970641090415 -0.03505022183745928 0.9816472345009987 -0.1874571656290742 9.470215937145198 0.5537840807702696 0.17521907476345508 0.8140156434150796 41.94056109359321
0.8319222763182701 -0.07527936527083637 -0.5497620788394264 52.840970641090415 -0.03505022183745928 0.9816472345009987 -0.1874571656290742 9.470215937145198 0.5537840807702696 0.17521907476345508 0.8140156434150796 41.94056109359321
0.8293264939412291 -0.07775042540313595 -0.5533285080282596 52.62434461213229 -0.03327089315546938 0.9816434407983603 -0.18780096593519824 9.58802162430847 0.5577729055052655 0.17415805030829767 0.8115160869613286 42.185369625131315
0.8286294406611381 -0.0763264713145952 -0.5545696708676663 52.5918508001735 -0.03425841574284741 0.9818901739391314 -0.18632779522275364 9.529799696259008 0.558748253706801 0.17339537507801198 0.8110082816353701 42.24031956123167
0.826428086812552 -0.07960772386751908 -0.5573860669481951 52.393550415964434 -0.03231915559856665 0.9816147986661927 -0.18811661069912355 9.650258945286097 0.562113947086123 0.17347909770391012 0.808661185634068 42.45751005820165
0.8264294899958913 -0.07960740265512278 -0.5573840323400342 52.393550378114554 -0.03231887107607577 0.9816148487304617 -0.1881163983395412 9.650258936495206 0.5621119004588847 0.17347896182067174 0.8086626374255972 42.457510050296435
0.8219262102789292 -0.08041241781780853 -0.5638893046664494 52.060805353976065 -0.03268873430094419 0.9816938097816734 -0.18763984248060436 9.628111276207822 0.5686552132059636 0.17265893228280413 0.804251292567592 42.869688610954036
0.8185139004580502 -0.08190067533502347 -0.5686187423367401 51.79815896287303 -0.03216184530899775 0.9817006782810116 -0.18769494923657867 9.663219871564365 0.5735857481347224 0.17191875302673884 0.8009015744112769 43.17868437793249
0.8135201137217168 -0.08480397815596774 -0.5753201802988723 51.405349987803696 -0.030722700583165712 0.9816610597734554 -0.18814271017855974 9.757517132227669 0.5807246681854337 0.1707332686191491 0.7959956097539355 43.62456727135753
0.80762741069086 -0.08738422409387846 -0.5831826153789976 50.952612932194995 -0.028093825675376816 0.9821348768305642 -0.1860693974621669 9.946071595103113 0.5890235160498252 0.1666585764145462 0.7907440903653838 44.110169769088216
0.7997888778191594 -0.09036295878126072 -0.5934410557056746 50.3568948468877 -0.02673538709077259 0.9822615824837296 -0.1856001149074691 10.040139904588356 0.5996857260214521 0.16430678396479972 0.7831860000978492 44.7678648883079
0.7901776660882621 -0.09344826472756304 -0.6057117118190091 49.63452751223578 -0.026007748811701127 0.982304435695666 -0.1854766632608177 10.089752666795672 0.6123257736018094 0.16231271494256572 0.7737646473902249 45.55611083216366
0.7780616833953687 -0.09604033397637163 -0.6208029245112106 48.741722505674396 -0.026605014564150146 0.982319398490233 -0.1853126346200612 10.050551209671335 0.6276242427057819 0.16070113129500346 0.7617499303370495 46.51840905568828
0.7651784472472191 -0.09943403494914016 -0.6360934023884134 47.78669087669048 -0.026713627406922742 0.9822471751032641 -0.18567947951354735 10.041139188009256 0.643263807453131 0.15907029796725386 0.7489381244972846 47.500568938945705
0.7513382875021458 -0.1033033741899766 -0.6517815512994432 46.760317356566695 -0.026268127107859807 0.9822072041484904 -0.1859542782972505 10.069487205730036 0.6593942396105597 0.15683564964564542 0.7352562925733042 48.5049420057428
0.7361073439742104 -0.10696993715714812 -0.6683587440079086 45.64059557569288 -0.026184398309446667 0.9821936984951276 -0.1860374046304524 10.074629642523519 0.6763581561808845 0.15444407136908236 0.7201990512257955 49.558452818534214
0.7190065052952193 -0.11062307658329788 -0.6861429736362543 44.392068356515985 -0.026743199254776126 0.9821164673537259 -0.18636535581018585 10.035212000373827 0.6944886223954825 0.15234756145040076 0.7031897140056453 50.68716615329283
0.7014382682436366 -0.11390603719083409 -0.7035693075560137 43.11817254015328 -0.027545359993545737 0.9820767874541683 -0.18645760023803407 9.980791743443612 0.7121977316631907 0.150168566068871 0.685728658274266 51.785121642152134
0.6844347104077103 -0.11566890231344915 -0.7198401435226544 41.90506796609175 -0.029122094659907755 0.9822092491456187 -0.18551790882666702 9.8801517818923 0.7284922997477278 0.14793814900289215 0.6688895822763761 52.789870472256666
0.6672843663210581 -0.11796471365006682 -0.7354018634712327 40.67787398390677 -0.02998235377996826 0.9823228081109748 -0.18477813487201772 9.826557846677895 0.744199323384076 0.1453486394791038 0.6519517927548453 53.750411278204794
0.6528242465480032 -0.122073770200408 -0.74760851904462 39.61862202169561 -0.028516106728376366 0.98226979568578 -0.18529133854681862 9.92217814826404 0.7569724795367978 0.1422815627988176 0.6377684706156602 54.51771894241474
0.6402358127295202 -0.12917881463181513 -0.7572390229966294 38.65504930254956 -0.02379210106547764 0.9819517972348929 -0.18762889925076576 10.226230369895486 0.7678098983638207 0.13814304816921863 0.625607271550656 55.148765832384576
0.6218969114905935 -0.13721071691397368 -0.770984727891814 37.281931440769355 -0.018331092852851803 0.9817097069603213 -0.18949939919350745 10.582027087187319 0.7828845397076643 0.13198208372288084 0.608007012346803 56.019435397227504
0.6031277822881522 -0.14314571633587508 -0.7846949611963012 35.90661608632362 -0.01718756460267047 0.9812044680496239 -0.19220400490750414 10.643108676465216 0.7974593819469455 0.1294105705657155 0.5893313485388773 56.89842539203097
0.5806085940183794 -0.15089825563879058 -0.8000771069073098 34.25214105992087 -0.01604321762931421 0.9803638278778322 -0.19654358335194444 10.694578333161509 0.8140247390098774 0.12695070473965264 0.5667867701755276 57.89902095758712
0.5562049508372223 -0.15715344843081447 -0.8160507620917135 32.48872623444513 -0.014477662547476802 0.9799758165883239 -0.19858951681599232 10.787552776431285 0.8309190393481933 0.12227097999260186 0.5427921862926218 58.888680772287614
0.5294576795998204 -0.1608661373093198 -0.8329445668109932 30.597807991559975 -0.01326970587768568 0.980165943611127 -0.19773375506177135 10.873531156056105 0.8482325626965128 0.1157445845475629 0.5168217397993417 59.876328924122305
0.5002110335883456 -0.16417928557303949 -0.8501964973258862 28.54373342218025 -0.011642107387796391 0.9804966214508206 -0.19619081695914692 10.991615141221915 0.8658252613616966 0.10803489025427308 0.4885438355723027 60.85995009976801
0.46937027589033115 -0.16666336788227734 -0.8671302473773888 26.39467990220908 -0.009056401975874512 0.9810655721684138 -0.1934640139382891 11.18068624052981 0.8829549964148151 0.09865933768275471 0.4589736478209989 61.78721343335523
0.43600617940015135 -0.17095906577149642 -0.8835562287457547 24.05578022671124 -0.006083946244379884 0.9812082179798344 -0.1928559528947285 11.383160552427368 0.8999231062279592 0.08946189579578229 0.4267727405512752 62.69709157359977
0.4017129609280442 -0.1769113751865977 -0.89851492049493 21.638641992567017 -0.003728075126509106 0.9808384652276116 -0.19478708013057244 11.529554593876023 0.9157580458168383 0.08159822583567494 0.3933559851612728 63.54408947143054
0.366682208918293 -0.18295823815935613 -0.9121789521538116 19.17538347151673 -0.0022428386285924806 0.9802958447103585 -0.1975222177844587 11.612927602558635 0.9303435533918035 0.07447375331772502 0.3590466999278551 64.31392130650637
0.33338088453202847 -0.18664207358866686 -0.9241330651995766 16.863345266752265 -0.0021226914007859837 0.9800575361015504 -0.19870259211136365 11.614046940973791 0.9427898387285786 0.06820529522757444 0.32633626475318384 64.95679251609064
0.30225897306772553 -0.18669669372594772 -0.9347640652869812 14.747337378865952 -0.004794734096134776 0.9803221313149896 -0.19734621703742833 11.443305886163042 0.9532137869990086 0.06413161003620661 0.2954159996837893 65.49818979751885
0.27277032556586506 -0.18587225618231235 -0.9439533112778348 12.756450888752237 -0.007418517257493748 0.980724164899679 -0.19525644159291577 11.279952538252077 0.9620505782402463 0.06026289707211495 0.26613355320981874 65.9414528084635
0.24558754981011638 -0.18559663198349718 -0.9514413516211317 10.918392647350608 -0.009869710571777462 0.9809707633233548 -0.19390448761703297 11.123720306403278 0.9693241687853931 0.05701097877757452 0.23908242115916845 66.29533967144756
0.22064519861483223 -0.1867531000553535 -0.9573081927717616 9.217361648156972 -0.01387559129365766 0.9807977119712157 -0.19453358619600747 10.851747870543198 0.9752554354088331 0.0562061189884447 0.21381699626967027 66.59637472729496
0.19838328767869856 -0.18878578385717223 -0.9617712820537029 7.689064799827618 -0.012301479316551983 0.9807177071048889 -0.19504218153402908 10.95429866053848 0.9800473176211518 0.05052431874218356 0.19223565860480482 66.77161981444571
0.1769219230872455 -0.1911352437226616 -0.9654874166648625 6.212772480694117 -0.0072921521132733175 0.980680719521736 -0.19547928503012235 11.287176372390656 0.9841978752510431 0.04162505213702046 0.17211013156093585 66.86801049429107
0.1560793497641791 -0.19246556153410274 -0.9688117692310275 4.792081330477945 -0.004887643153416055 0.9806698419189928 -0.19560872192973144 11.447308180712659 0.9877324270882252 0.03526568833782549 0.15212160827595614 66.95577312391042
0.13476801870277746 -0.1923892040028921 -0.9720205632177034 3.358286626184307 -0.004401912335203026 0.980843852681466 -0.19474588525761363 11.484804486944347 0.9908673999596115 0.030524266413986062 0.1313395022724199 67.0346852255111
0.11390873852492626 -0.1934188418817433 -0.9744813753442316 1.943198188527809 -0.00621271119827356 0.9807077592020341 -0.1953808927722767 11.359974420242427 0.9934717920037925 0.028309762380674036 0.11050952830739505 67.10989396668762
0.0928304586356065 -0.19499439996642903 -0.9764013979564117 0.508409675722952 -0.010026657128579475 0.9804030544412157 -0.19674683476274887 11.09679544036471 0.9956314439069955 0.028054140943304495 0.08905612320107108 67.17808871038211
0.0726316194118023 -0.1965388100917211 -0.9778022008511483 -0.8654595384289903 -0.007628961184206751 0.9802534136482078 -0.19759818820597846 11.252335639537758 0.9973296580433518 0.021811491438363667 0.06969800591383671 67.1464875559959
0.054871376464808004 -0.19428651313359954 -0.9794089456704207 -2.028982673173195 -0.0005442862134016624 0.9808807532850817 -0.19460897098389002 11.743329823840963 0.9984932828003277 0.01121154089669657 0.05371652961004168 67.0351565659243
0.040150870627745305 -0.19244304062158374 -0.9804864015906358 -2.992728013363197 0.0031977434785613323 0.9812973986749035 -0.1924712700392262 12.00582226774813 0.9991885117556543 0.004592545066398265 0.04001532837968125 66.95034020536093
0.029722134412628703 -0.1932456637333722 -0.9807001112339112 -3.700412685978373 0.0005122745452916105 0.9811363923627232 -0.19331610682053918 11.821656435370045 0.9995580684986479 0.005243379607496393 0.029260462565445067 66.9454958078401
0.021472116575007097 -0.19495286925060729 -0.9805775476629807 -4.272790414824119 -0.0037732211630808615 0.9807808870007002 -0.19507591982655048 11.525038092120653 0.9997623272617567 0.007888628846376297 0.020323841248158163 66.96082420175881
0.015452681388039874 -0.19547348176883314 -0.9805872386295313 -4.681521315349453 -0.006385183063858574 0.9806650460042998 -0.19558961368801103 11.347410277192552 0.9998602122672753 0.009283613011863784 0.01390577053906809 66.96145726304155
0.01155665624215714 -0.19500381326436017 -0.9807343965156209 -4.93636066595544 -0.006371934205607319 0.9807656191910121 -0.19508510621610806 11.351235370391183 0.9999129172837903 0.008503706558277813 0.010091819647153881 66.94015702757365
0.007549252657088409 -0.19489938441240498 -0.9807941877580562 -5.2028748639849915 -0.006860311994131202 0.9807889605852276 -0.19495115006968292 11.319359662190646 0.9999479710983281 0.008200289617716794 0.006067153082207793 66.92298712997022
