1.0 0.0 0.0 0.0 0.0 1.0 0.0 0.0 0.0 0.0 1.0 0.0
0.9999503064937819 0.005078199215295698 -0.00857883650157204 -0.14118061880263294 -0.005082798529850489 0.9999869501878139 -0.0005144056562293598 0.008496327189995911 0.008576112294967159 0.0005579845911667589 0.999963068793593 -0.9899473952179411
0.9998943483735321 0.00603486258799671 -0.013223937545741995 -0.224409339369517 -0.006050315197521785 0.9999810595256923 -0.0011288382898042412 0.04716539093674454 0.013216874694129625 0.0012087280165069784 0.9999119227211474 -1.9986989052197897
0.999878536937775 0.009250314445170695 -0.012543645954824146 -0.329105673725435 -0.009250251791971094 0.9999572135201519 6.301427183589154e-05 0.07430457222169559 0.012543692158198293 5.30252655419979e-05 0.9999213233926765 -3.01063968326646
0.9999038463897644 0.011454954271326341 -0.00781549727122317 -0.42047831450186185 -0.011439107698392686 0.9999324301587942 0.002069282917563329 0.05805414958389275 0.007838672720508724 -0.0019796816335382332 0.9999673175012325 -4.063970828164431
0.9998932134593622 0.01453142971858464 0.0015489442352739102 -0.5182267230710086 -0.014537806045187679 0.9998855497916745 0.004188020199721191 0.019910597764971585 -0.0014879090370912198 -0.004210091226399172 0.9999900305795867 -5.162149167787457
0.9997092313639214 0.017008504298968483 0.01709279109067346 -0.7144764816579856 -0.017119013822851394 0.9998333587868331 0.0063398756117883474 0.005518726265218575 -0.01698211092563166 -0.0066306439017561804 0.9998338074249928 -6.356385141211281
0.9991908123407546 0.016680751157329674 0.036598812475956255 -0.8704431517571216 -0.016939497536473374 0.9998335888213021 0.006771121615157201 0.004843223222057635 -0.03647977462971473 -0.007385608000881259 0.9993070993630649 -7.516502188431024
0.9981618546075762 0.01257612456785351 0.05928535314238905 -1.0715560601416667 -0.013039121834400794 0.9998873874342414 0.007429249741047688 -0.02593558173120962 -0.05918524569647068 -0.008188622642486102 0.9982134306605314 -8.736889974314034
0.996559048728991 0.009449963568654232 0.08234537379185082 -1.3183912999433627 -0.010297962664599111 0.999898169079117 0.009879445186249775 -0.08797236973204856 -0.08224362808951856 -0.010693440081690214 0.9965548835753565 -10.037689441912805
0.9944120341775757 0.009350950565781396 0.1051535353962591 -1.5680146841537024 -0.0106723994851091 0.9998709072738078 0.01201118964477172 -0.18570284576372703 -0.10502764479910157 -0.013066312064570516 0.994383459897129 -11.34727161231112
0.9917580607429671 0.010098330832506087 0.12772616280835486 -1.738785555769429 -0.011909458359504414 0.9998389674792927 0.013424005047866856 -0.2875452057828105 -0.12757003469832695 -0.01483451463106162 0.9917186210930641 -12.735148349411357
0.9889295695775374 0.010428036038762625 0.14801879096777143 -1.857201163040692 -0.012818033848215142 0.9998022814371236 0.015201843354957705 -0.39438705041539596 -0.14783099953478146 -0.01693086227860025 0.9888677067631698 -14.140071284371915
0.9856824476209742 0.008599008328161318 0.16839290218918823 -2.166875797745916 -0.011439864714995545 0.9998080214504589 0.01590753716391871 -0.4270176394659611 -0.16822378531951987 -0.017606172187362795 0.9855915892263291 -15.54671570708924
0.9826280038222154 0.007954950252830696 0.1854155464648076 -2.2920795526047093 -0.011107498192784362 0.9998107727390251 0.015970040666538326 -0.4342738400000503 -0.18525341990976987 -0.017752112028392133 0.9825304234120519 -17.055376179461295
0.9796838990219073 0.007006974023174695 0.20042544826511402 -2.4440350139974836 -0.010616514816602952 0.9998001389829647 0.016940239159860867 -0.4286470762778632 -0.20026669121544446 -0.018723899291626964 0.9795624880450123 -18.649095620765994
0.9768977480190789 0.006789185763177749 0.2135993840626071 -2.5777199738450527 -0.011465497141569692 0.9997207791018188 0.020661708722877262 -0.6096499649770489 -0.2133994664720339 -0.022633399849015825 0.9767028191424072 -20.264159672371512
0.974386227814064 0.010052189244936071 0.22465625416992718 -2.6635902148448682 -0.015632795083119908 0.9996114888289855 0.023075682416519822 -0.6595934549310328 -0.22433701157893698 -0.025996632329647846 0.9741648116942785 -21.913632732610434
0.9722249859952524 0.009135560669461688 0.23386987436988474 -2.717230552949522 -0.015864404045615017 0.9995120559961276 0.02690670181704415 -0.8294789000929531 -0.23350995116013487 -0.029869573978355265 0.9718955248685647 -23.6719663101659
0.9703576855297887 0.006291210150994335 0.24159135499456044 -2.6497166900083817 -0.014183437512662026 0.9994205276793151 0.0309425104592969 -0.955981509322013 -0.24125669365552557 -0.03345189872092931 0.9698846210959161 -25.519914272684698
0.9682618857224917 0.005238024702557289 0.24988294010264045 -2.5867054175306827 -0.014768366003725756 0.9992325502444374 0.036279552058672025 -1.1833097834200763 -0.24950113431145837 -0.03881847020701996 0.9675961504409174 -27.382259737499016
0.9647057263561943 0.0156387914827402 0.26286553546733143 -3.495230431389372 -0.02545121977466766 0.9990988997869652 0.03396503873775418 -1.2555090286553665 -0.2620974951187994 -0.03945651588058617 0.9642344561396964 -27.886691878936688
0.96157289847889 0.02628527191973603 0.27328857530275885 -4.214159140521831 -0.035637821966433746 0.9989347597373582 0.02931367315699438 -1.117327159562948 -0.27222693943912846 -0.03792664325473396 0.9614853421529801 -28.112507602636416
0.9591876332299841 0.02201056200478892 0.2819124321822201 -4.47538544085742 -0.0330000726900974 0.9988668484855365 0.034293063424262415 -1.2823174309512142 -0.28083817308391285 -0.042196613096379426 0.9588270784568428 -29.235416581196755
0.9560395709590258 0.019972377134402388 0.292556734518423 -5.051030075349635 -0.033049919057444706 0.998659890996119 0.039826184425778684 -1.6823251254865224 -0.29136925302917294 -0.04774438466690071 0.9554184591695938 -29.89133528735235
0.9535721438950755 0.011997736597222388 0.30092560659387746 -5.293033762429425 -0.026718923290708397 0.9986362790898291 0.04485176946126142 -1.6730948369323104 -0.299977108335844 -0.05080980616145443 0.9525923042268927 -30.984926577827427
0.9501696531193111 0.015118201651075299 0.31136645655877154 -5.803245523567006 -0.030789086837928897 0.9984908778575892 0.04547525664432761 -1.7488147500565472 -0.3102090624446913 -0.05279589770065865 0.9492012066802102 -31.990957018482106
0.9460234442093856 0.024472976466358466 0.3231728893782529 -6.403867705862474 -0.040639622352644116 0.9982321270095964 0.043370977634027676 -1.836163392144857 -0.32154014384092994 -0.054163585819016126 0.9453455674355172 -32.99515148070875
0.944127447402755 0.013541895052325616 0.32930226257824285 -6.542782492619228 -0.032143757392639506 0.9981756129761823 0.05110992584915185 -1.9420015266042325 -0.3280093625515 -0.05883929586606612 0.9428402809280818 -34.18926425757752
0.9410512603887915 0.01200127046771593 0.3380510240005606 -6.882236019957372 -0.03234509618300885 0.9979836812024299 0.05461105022391356 -2.0602286516599677 -0.3367140033820672 -0.06232609053043221 0.9395419832905891 -35.36529408581632
0.9380903475149588 0.008125826417345586 0.3462953520396989 -7.275645442231963 -0.03140978037485417 0.9976017369703766 0.061678197853788044 -2.326310310391696 -0.3449636583700771 -0.06873678301115617 0.9360957905392 -36.652432345633954
0.9347895995353556 0.012819289529012689 0.35497052048937955 -7.766969787132715 -0.038634276221361744 0.9970891074595137 0.06573206589208812 -2.5265342471417958 -0.3530946010651837 -0.0751596806909239 0.9325637914357694 -37.719940933811145
0.9332752439046667 0.007210674829917928 0.3590895783550144 -7.971524134734817 -0.037257635828784774 0.9963481769490141 0.0768256393583922 -3.02779106757733 -0.3572242820513949 -0.08507829605059844 0.9301357405529539 -38.867190710602756
0.9313679184152786 0.0022488670034602337 0.364072442165006 -8.266764990414336 -0.036557001276113915 0.9955048710868373 0.08737068902142026 -3.4446607603376296 -0.3622394045441345 -0.09468365349721286 0.9272635113903331 -40.15441919504396
0.9292299976400625 -0.0012350098826730202 0.36949977839836257 -8.582070101155816 -0.03732558592305518 0.994565509483575 0.09719181025774487 -3.8725418296043035 -0.3676117682030188 -0.10410534134359561 0.9241340085628185 -41.403150843680535
0.9276622923713626 -0.0054834540103861976 0.37337997140235657 -8.76814074173326 -0.036478030422795744 0.9937792539609411 0.10522427330853279 -4.207420958278961 -0.37163426188765514 -0.11123275654658207 0.9216915152382963 -42.721171068933394
0.9252700510246243 -0.010872780579613089 0.3791531554917572 -9.145844308945046 -0.03503439562169616 0.9928664483999619 0.11396844635717564 -4.624030108311201 -0.37768760080298047 -0.11873499182681378 0.9182886680753362 -43.83922355436951
0.9229027124426472 -0.01540426044255555 0.38472495646399424 -9.535607871971091 -0.03369759121488873 0.9921338642318162 0.12056063947557075 -4.862194211802483 -0.3835558052126426 -0.12423004549891387 0.9151239479343872 -45.09147249657145
0.9201107120677496 -0.020695513659399225 0.3911112031795463 -9.993541012269418 -0.03204493323102661 0.9912769119218123 0.12784054968973887 -5.204879373617357 -0.39034523154817424 -0.1301605915979532 0.9114213189313014 -46.42508251902064
0.9176244863888586 -0.023811489468965327 0.39673456485268943 -10.30806459524472 -0.0312759068597939 0.9907821662587429 0.13180484313457577 -5.418196858105366 -0.3962160012287249 -0.13335558478332274 0.9084212505095954 -47.803478639446915
0.9151701938142027 -0.028873729420634774 0.4020321182485531 -10.687507750705864 -0.028400906287264657 0.9903324222646421 0.13577585180549825 -5.58623150107943 -0.40206579670016274 -0.13567608912697396 0.905502674740982 -49.11042848121419
0.911871860022766 -0.03005529996498897 0.409373166979268 -11.184119508125933 -0.028271957662123023 0.9903486206012866 0.1356845830707383 -5.609115846737632 -0.4095001920739137 -0.13530073398597472 0.9022213165705432 -50.48117740721278
0.908927329454244 -0.033846693584747505 0.4155785257981412 -11.584447786068967 -0.025308586187855642 0.990383472436636 0.13601489988057525 -5.52496130390722 -0.4161857580892791 -0.13414536465242188 0.8993299927756889 -52.00836147652796
0.904700643702726 -0.03217928027385535 0.42483083598643107 -12.337451922959922 -0.02754668062396122 0.9906390358196882 0.13369921875927307 -5.5109045409397615 -0.4251563543809203 -0.1326604486321946 0.8953453410267069 -53.07466969208742
0.9003044721669468 -0.034656436976953794 0.4338787719769864 -13.04200105252665 -0.025211019653982987 0.9909994981141386 0.13147014575762828 -5.300465248987295 -0.4345299320923724 -0.1293016864297909 0.8913275559535957 -54.14941298420993
0.8958500314641172 -0.03523951162038107 0.44295699333738614 -13.595537827782483 -0.023656981526678365 0.9916543632265722 0.12673583202373395 -5.0177885194661815 -0.4437263439900616 -0.12401532451458867 0.8875399320226413 -55.77017462121192
0.8912428939934955 -0.041268567677078455 0.45164478213301806 -14.349930573545581 -0.017083148073036097 0.99208986814731 0.12436180913515092 -4.717033117754837 -0.4532044460925043 -0.11855209336547111 0.8834880481368443 -56.71229165035671
0.8867453311167105 -0.04666952741695417 0.45989637197241906 -14.881268971583754 -0.011748022942181784 0.9922939101304636 0.12334820580351108 -4.567570140073413 -0.4621089716719049 -0.11478131872684472 0.8793637172249382 -58.25191515854362
0.881901385115545 -0.046801150667426 0.4691051046700391 -15.457887449571317 -0.012652906186032781 0.992351905745339 0.12279087559196458 -4.617958178461273 -0.47126409888334464 -0.11422498614488322 0.8745643496300718 -59.7728890671066
0.8763439910967864 -0.04799858465489491 0.4792883736746411 -16.294563616814315 -0.012640484170150592 0.9923885708979204 0.12249547955384896 -4.553928023665312 -0.48151991384417286 -0.11340661454390633 0.8690670355899999 -61.032571560445845
0.8708336186011946 -0.05013058702677565 0.4890150641425069 -17.181709638416088 -0.011610295344407544 0.9924115850880627 0.12241097510033372 -4.522151724360211 -0.49144074897790563 -0.11227720172568323 0.8636433408628155 -62.06682241685173
0.8666357718926585 -0.05468558300404139 0.4959354049546413 -17.623451407877837 -0.007907491297809526 0.9923451874687801 0.12324163455961913 -4.450049195506069 -0.49887865303838264 -0.11072721399484294 0.8595694117542511 -63.60656174698692
0.8613579707936933 -0.05640013184169802 0.5048578723545967 -18.463562280817946 -0.006633160031594861 0.9924842724974227 0.12219234850536662 -4.30937584275845 -0.5079551627241978 -0.10860015641563689 0.8545101279027258 -64.8151933618617
0.8574121836336683 -0.048967069049140534 0.5122953967246645 -19.369744052912676 -0.01117111382301808 0.9934574676372302 0.11365503161662019 -4.019704435021262 -0.5145090412932486 -0.10317211902717935 0.8512555199720844 -66.08297784116579
0.8508965037303647 -0.055639879787791856 0.5223785444643007 -19.99122262220632 -0.004656580485845933 0.993537443986058 0.11340927499913467 -3.704321309441492 -0.5253127222879911 -0.09893205332373622 0.8451384458344853 -67.6213586688215
0.8459897968367872 -0.05842731539947217 0.5299882191740325 -20.739255021475795 -0.0014702762176354196 0.9937187091556716 0.11189711954214666 -3.4904108769763007 -0.5331970573211141 -0.09544305050236086 0.840589984579229 -68.99930293131733
0.8403929890718541 -0.05781315864115043 0.5388852035515616 -21.678098749418517 -0.0022631041046241966 0.9939114011857886 0.11015899850994527 -3.3878680150359832 -0.5419727873968271 -0.0937964033470136 0.8351453361184975 -70.24884352432973
0.83611857570617 -0.057781381084299636 0.5454970571497859 -22.287035402494283 -0.0025981856623712926 0.994008486594546 0.10927203672158783 -3.2866147480391423 -0.5485425934149049 -0.09278168234091863 0.8309588332953921 -71.80992074968869
0.83154937013952 -0.058934721197453695 0.552315438547526 -23.00306570477514 -0.0014123491319896625 0.9941276421498412 0.10820460426214121 -3.140670462226194 -0.5554490528306777 -0.09075753275059664 0.8265829782656593 -73.31212299866515
0.8271992264848709 -0.05882601998263473 0.5588210259786527 -23.70688239704977 -0.0018786389841514428 0.9942098559407226 0.10743943906171002 -3.085333312093899 -0.5619056063240503 -0.08992364385038193 0.8222991109433787 -74.83681121632178
0.8322698233659662 -0.04147272668303957 0.5528172881304069 -21.689301102831326 -0.0128647435017364 0.9954843655832082 0.09404986046790434 -2.5134898677642123 -0.5542214715156911 -0.0853867133743397 0.8279780611164226 -72.4960139856214
0.8287831554306927 -0.04211787638017872 0.5579825855379074 -22.27844497794618 -0.01222045018703443 0.9955631538777843 0.09329880619893041 -2.2118314495879563 -0.5594364502529044 -0.0841432773912649 0.8245912726910746 -74.17991239991298
0.8271321228021565 -0.040545075405635 0.5605430833478812 -22.424805361696894 -0.012867372802424271 0.9957666133569344 0.09101254001963142 -1.9036317482725222 -0.5618601980439278 -0.08249211225331153 0.8231088441208887 -75.44539287440301
0.8227586406418294 -0.05153507727966658 0.5660497814317993 -23.72969859903772 -0.007777883576521042 0.994767091036965 0.10187217047321788 -2.9224216670941177 -0.5683376846350057 -0.08821887779626918 0.8180523857456121 -78.2229511310393
0.8242724872053613 -0.0456303892632165 0.5643516053064567 -23.19090091634044 -0.009959485835274676 0.9954244845235378 0.09503106993476373 -2.3273204964531367 -0.566105710515434 -0.08395214819607852 0.8200465604678061 -79.1046855066219
0.8234795052728058 -0.041695243217084337 0.5658118159677502 -23.325900442982388 -0.012579530596120471 0.995708787291144 0.09168296636333678 -2.055509926693192 -0.5672065406936316 -0.08261669083343667 0.8194212729665347 -80.4439589040936
0.8213177180570954 -0.038351026648911615 0.5691804676554352 -23.81066958968452 -0.015700320361982364 0.9958401728439801 0.08975438758413462 -1.922828378165179 -0.570254948199502 -0.08265318448218681 0.8172990549052024 -82.16629674371042
0.8207593939589984 -0.03783266117642322 0.5700199180523148 -23.799245262584403 -0.017157932184591704 0.9957220426164828 0.09079217593387805 -2.1638607080746213 -0.5710163067647075 -0.08429889439351664 0.8165990900146927 -83.43694163797386
0.8193947273935551 -0.03521225504157059 0.5721471644730305 -23.933930644266407 -0.017345732255288984 0.99613138591101 0.08614747573515089 -1.6773512263282873 -0.5729671947783481 -0.08051309892121883 0.8156140230586602 -84.36569878033386
0.8170424474239324 -0.032269011404973486 0.5756738225857213 -24.243273903608547 -0.01763753297893198 0.9965666064851999 0.08089447613397285 -1.243301256563501 -0.5763076925895817 -0.07624768679454155 0.8136680734307778 -85.75020374098041
0.813913169030157 -0.031954298405620404 0.5801071246698247 -24.681013054922975 -0.01704749387152804 0.9967429066398938 0.07882233830429054 -1.1459489542031727 -0.5807363741251165 -0.07404391181225085 0.8107174371453671 -87.15844082120516
0.8091383454095463 -0.027970317612959265 0.5869521269409729 -25.37864394323095 -0.01842410842434695 0.9971678253920925 0.07291694063503579 -0.5789408999395689 -0.5873292860199205 -0.0698139623244205 0.8063313961690285 -88.04850457620742
0.8034751071867907 -0.025991859321590705 0.594770691426689 -26.182700625166145 -0.021712061509206286 0.9971025392029778 0.07290481945656715 -0.6498289573161942 -0.5949422984762434 -0.07149090546342834 0.8005827327140047 -89.14971500802578
0.7971085355690822 -0.025691757182407935 0.603289247488958 -27.065180946244023 -0.02475999514060315 0.9968634966663535 0.07516722460466502 -0.9363010308407818 -0.6033282068356745 -0.07485387516362155 0.7939722742070018 -90.11135774503835
0.790424045398048 -0.024634985306910277 0.6120644949313045 -27.990792203396623 -0.02604083386951322 0.9969363448870843 0.07375499450587138 -0.8840941817831357 -0.6120062936179373 -0.07423639095557528 0.7873609431702375 -91.12767011224489
0.7844461658473769 -0.02572127280857401 0.6196633190793662 -28.806926701489008 -0.022612524982693172 0.9972891460042157 0.07002166076357434 -0.44737424920826485 -0.6197845485338084 -0.06894037559579234 0.7817380239002414 -92.15496818894849
0.7768158860249481 -0.02822667583430912 0.6290948529360415 -30.10843699285901 -0.018157122678215294 0.9975756025060556 0.06718062355120288 0.09223870389932975 -0.6294659626344566 -0.06360952802862968 0.7744200603216913 -93.83160793007235
0.7753137665826321 -0.02864957282789468 0.6309261171676372 -29.960304925108556 -0.01886373790589628 0.9974744921232647 0.06847479065797148 -0.14741761020511826 -0.6312944817909227 -0.0649910727732242 0.772815267525245 -94.3082349097917
0.7718331462233827 -0.02821550285671713 0.6351987718733854 -30.396500914650325 -0.022027030741899156 0.9972286602674554 0.07106200854093163 -0.49733081478958335 -0.6354434705838199 -0.0688395565043718 0.7690726306095359 -95.38569233753097
0.7683661278607208 -0.030364939330016064 0.6392898122258848 -30.927400381334447 -0.024948534106838498 0.9966936126064568 0.07732666574610657 -1.1353453839448047 -0.6395240919638934 -0.07536453442418801 0.7650680510574096 -96.75136565679199
0.7650049721011306 -0.025925533868266185 0.6435023382662985 -31.284925763684935 -0.028751674517346722 0.9968183615514138 0.07434040144096207 -0.9907791883936323 -0.6433822610804536 -0.0753725465113142 0.7618256003570651 -97.64988751777007
0.7612018875362943 -0.024151602729358086 0.6480651097665929 -31.816220565381794 -0.027424062791144174 0.9972136289950604 0.06937505983081793 -0.43251139478124984 -0.6479348788197855 -0.07058100475415074 0.7584185615982011 -98.86703822881303
0.7585643188848006 -0.024404910830111964 0.6511409789302258 -32.11722985915418 -0.024748113274117054 0.9974982611004977 0.06621744476234868 -0.055003467390606554 -0.651128025048999 -0.06634470158842763 0.7560626135228037 -100.08756481304412
0.7561571333213524 -0.022734994047370265 0.6539950380338528 -32.32101782635123 -0.02416838352264723 0.997744228538473 0.0626286169100812 0.3106126210893059 -0.6539436359237214 -0.06316307832771859 0.753901947584054 -101.32378549007085
0.7532379379733136 -0.022986857374098037 0.6573463418820961 -32.67872479543747 -0.02439942934297404 0.9977247880533648 0.06284835042867296 0.28033704113179486 -0.6572954256994702 -0.06337863750453249 0.7509632958158616 -102.44260833811644
0.7499685265201891 -0.02225341935451029 0.6610990807406775 -33.07329319323037 -0.02618381704909842 0.9976518988636862 0.06328583110318238 0.16533001832586752 -0.6609550793767122 -0.06477247888350028 0.7476248451097721 -103.57451390989287
0.7460198364458227 -0.018619894880665157 0.6656633557166722 -33.56275738098409 -0.030839032926190273 0.9975705382838909 0.06246579220794106 0.043767759637057826 -0.6652092585626912 -0.06712913423113169 0.7436331902624125 -104.75589911927732
0.7419249840483582 -0.015973136858735828 0.6702926054669972 -34.05916897037579 -0.032976062296137615 0.9976370256248315 0.060273911586029495 0.16586157203517185 -0.6696714846551887 -0.06682233160651718 0.7396451031666362 -105.86473785451041
0.7360630968217556 -0.01258908277127176 0.6767958573248988 -34.96236106462127 -0.03422872591121752 0.9978557887676035 0.05578726687586186 0.6014175413424618 -0.6760469745658665 -0.06422880831809007 0.7340539137981464 -106.66522770494278
0.7313747541860982 -0.011891195313530884 0.6818721056130983 -35.58215555136569 -0.034179530097689384 0.9979523127924277 0.05406423137848096 0.7846300503703565 -0.6811187331600312 -0.06284728209127456 0.7294706919898936 -107.67473334385764
0.7271762226081396 -0.011775336253143406 0.6863498253292432 -36.09368266667037 -0.03543490594273263 0.997875921606522 0.05466271598414972 0.6537847844756727 -0.6855356363561175 -0.06407016883120828 0.7252143853728726 -108.7195741675848
0.7204601883893881 -0.0071557085328514715 0.6934593807724575 -37.11733284754556 -0.03907098875376937 0.9979397171069828 0.05088986989802328 0.872976424240788 -0.6923948113495147 -0.06375826892119786 0.7186962559805372 -109.42945346012206
0.715394210936273 -0.005712522952787159 0.698697710058063 -37.76980051784765 -0.04128760981023477 0.997873671519276 0.05043281634806733 0.7947922885764008 -0.6975001478387121 -0.06492690328480145 0.7136371914319074 -110.4054980006389
0.7101191861014341 -0.004824622477182558 0.7040649576200975 -38.47122123042842 -0.042903885313982586 0.9978217291736908 0.0501104122292992 0.7358223145254752 -0.7027730772842693 -0.06579148734280396 0.7083653591457025 -111.33239198390532
0.703067470776037 -0.0015027920015474525 0.7111215600393412 -39.59944515668888 -0.04522626979309461 0.9978788539543123 0.04682282938300946 1.002416742986855 -0.7096835323277471 -0.06508098375891595 0.7015081963140439 -111.86854156428721
0.695499694800054 0.007135166200461986 0.7184909630164621 -40.686762016022165 -0.05067058080982444 0.9979482198586365 0.039138762389393504 1.5327797883766134 -0.7167375159522672 -0.06362735169932926 0.6944342253534911 -112.52853202230358
0.6900745179561539 0.006262784542442803 0.7237112250043912 -41.469448106102796 -0.04950091712649245 0.9980293138415819 0.038563556844997945 1.6669403459813377 -0.7220435020628727 -0.0624360972729414 0.6890246112339572 -113.27495013918366
0.6841077700934346 0.0039017182622134716 0.7293705063219866 -42.35397280993941 -0.04789510230916214 0.9980677254188022 0.03958376753334193 1.6648891042658487 -0.7278067175236731 -0.062012837960708375 0.6829727592338333 -113.99429714711556
0.6780673728314567 0.005135522656661437 0.7349818122297238 -43.21448183461892 -0.04890120850032512 0.9980751291386756 0.0381406397694573 1.809502574799862 -0.733371195036084 -0.06180342225037943 0.6770133139676703 -114.70972446968464
0.6703755674738262 0.010306194218232933 0.7419503897801264 -44.35882484822897 -0.053938148228504415 0.9979351494507711 0.034872821169886666 1.8673529095209882 -0.7400589670423737 -0.06339731738333312 0.6695472391465531 -115.26505149272819
0.664631516838763 0.011332388259773025 0.7470853524202805 -45.18254188517892 -0.05369419693220048 0.9980241796786282 0.032629281214999 2.1467490957713586 -0.7452394783158036 -0.06180059670530029 0.6639268078685012 -115.96128279432504
0.658376653932267 0.011121976403052871 0.7526064597104133 -46.11734611928336 -0.05341655202373935 0.9980601173651492 0.031979276023070255 2.2423699384576987 -0.7507908187550293 -0.06125605085176895 0.6576935781252531 -116.66744240890833
0.6524220283303468 0.015339448406688772 0.757700599360918 -46.9691737425311 -0.05570724090073423 0.9980611208980753 0.027761524866349818 2.5749215813752775 -0.755805663024923 -0.06032164018207668 0.6520115792416576 -117.37200855229248
0.6468676086281404 0.016673200531180536 0.7624200294403065 -47.770044927398935 -0.058551977991181954 0.9978956663591663 0.02785507018328371 2.374401153969468 -0.7603512101529339 -0.06265974342145489 0.6464826322286827 -118.11326220167389
0.6411591923730453 0.016981092602887393 0.7672200026912466 -48.64224696181537 -0.060993466983621 0.9977200148994857 0.02888890538403707 2.1195874901674396 -0.7649801873387716 -0.0653177951478927 0.640733094678397 -118.77124094634539
0.6353627591430335 0.01760007491398729 0.7720132133954533 -49.52652378070724 -0.06373350300031261 0.997524580746677 0.029711132618522672 1.864738667975282 -0.769579238863329 -0.06808045364998924 0.6349116843635427 -119.40681390719395
0.6291328805154998 0.019048210278763657 0.777064337323137 -50.49598531930436 -0.06530847581483094 0.9974601922987307 0.02842477380952575 1.9141067179002043 -0.7745493022661718 -0.06863184730542418 0.6287790135607513 -119.9766375156189
0.6241248574228324 0.02013377725651211 0.7810651658858654 -51.188083640289996 -0.06563375571345184 0.9974856073895086 0.02673337168652748 2.0832678056066234 -0.7785630176535976 -0.06794920208632517 0.6238770179113474 -120.74152521969096
0.6187131669645604 0.021036218724398918 0.7853352752337458 -51.98156387856362 -0.06558385529583044 0.9975351180775057 0.024948870247614316 2.309338003212978 -0.7828746866192696 -0.06694150957273051 0.6185677483888927 -121.44858587611652
0.6133562564139464 0.021901103465489912 0.7895026563507329 -52.77525263608224 -0.06705691573835236 0.9974501153488697 0.024426163067212972 2.2742201479308592 -0.7869545557206775 -0.0679235530395788 0.613260889159704 -122.1336836362262
0.6086403665631922 0.02211752461873302 0.79313789424952 -53.43971066345617 -0.06787520933573399 0.9973985118816276 0.024272710065935187 2.2496449339938285 -0.7905377031789522 -0.0686077517563023 0.608558227494701 -122.88461500655994
0.6023842215114296 0.026205198224513948 0.7977759944120172 -54.40819851179145 -0.06985431548531051 0.9973570033379813 0.019984556556510734 2.62868847890413 -0.7951437758557552 -0.06776647754380921 0.6026226682088525 -123.41485147706386
0.5984045565499577 0.02752746419572548 0.8007210659244588 -54.95514772369895 -0.07153805579370216 0.9972534690994456 0.019178762795816408 2.6020785010941982 -0.7979939180679922 -0.06875868733530394 0.5987302812138536 -124.24187334122809
0.5935002302180743 0.03023963873492366 0.8042655289021619 -55.682286737788296 -0.07451559624478463 0.9970662965702863 0.01749931884097341 2.597339320950637 -0.8013768792817628 -0.07031617518604885 0.5940124012677075 -124.94208389032576
0.5891067369752389 0.034227160013115675 0.8073300155251405 -56.28548355226758 -0.08003602160705264 0.9966611624854479 0.01614814040288487 2.3648076926900807 -0.8040817667971972 -0.07412846086755381 0.5898792110201082 -125.6068727897154
0.583614301220951 0.03956614735626886 0.8110664999824385 -57.03810880297397 -0.08393037530859794 0.9964019187492714 0.011785941342471719 2.651469308856515 -0.807681892523869 -0.07495155966457476 0.5848352111431978 -126.28854547585425
0.576224644675974 0.04570995185145145 0.816012107244608 -58.05354202210368 -0.0885534653314156 0.9960486426825343 0.006736852980357859 2.9180366455557762 -0.8124798106081439 -0.07614264056374176 0.5779955498463077 -126.85298731419356
0.5669363470113036 0.05132736239345745 0.8221609819902725 -59.38262376859833 -0.09188938246474751 0.9957684998426317 0.0011983786555902348 3.37237800171179 -0.8186204980500585 -0.0762272693390332 0.5692537954035866 -127.21073156731599
0.5569036702767821 0.05351333757286881 0.8288513888110831 -60.87798982788531 -0.0925442781876627 0.9957063435350031 -0.0021057110149916222 3.730711884677742 -0.8254052693113689 -0.07553277530957236 0.5594648704316116 -127.50760484610734
0.5476128790699958 0.054697937017267856 0.8349420760524201 -62.24698546112957 -0.09134565684542595 0.995805006426598 -0.00532542497841413 4.217575504752913 -0.8317307891692768 -0.07335206106019126 0.550312065546517 -127.83580371934582
0.5376695645208432 0.05537386448630412 0.8413353519969426 -63.732228837265865 -0.0917780562092048 0.9957556856565737 -0.006884975022970856 4.37714898206068 -0.838145707968744 -0.07351428170402888 0.5404696315234686 -128.09617220376634
0.5281800261566241 0.055474359042444424 0.8473183908413755 -65.1045061679788 -0.09364342402341057 0.9955825216931942 -0.006808203595087062 4.229940036326964 -0.843953060961544 -0.07574983820346014 0.5310416112752276 -128.42693888487614
0.5176482863785993 0.05544890349235653 0.8537948645376096 -66.68505038682045 -0.09582433222454195 0.9953767339790633 -0.0065463582924703625 4.042099330674456 -0.8502105321407282 -0.07842561159894207 0.5205684147951273 -128.58815268086528
0.5077188673151776 0.05657553504111351 0.859663166947965 -68.09681360932166 -0.0978464544671763 0.9951716943222733 -0.007705203951787032 4.036688186494773 -0.8559483764342309 -0.08020291549904889 0.5108031609387872 -128.85555558033747
0.4962216932951883 0.05944190218541946 0.8661585832674263 -69.74801705399564 -0.09855400774246843 0.9950614248350018 -0.01182659558933076 4.50202953854955 -0.8625839893373592 -0.0794947864322883 0.4996293028525562 -128.98616680765454
0.4856342805375702 0.05995297027027405 0.8721037707305983 -71.28589540329966 -0.09802023667086673 0.9950883943764033 -0.013824636717789059 4.812846599729272 -0.8686491689800571 -0.07877010050243177 0.4891256408092843 -129.12383497530737
0.4747958904539945 0.060814473858766274 0.8779922904999108 -72.84050691403927 -0.09908557275415251 0.994960771388673 -0.015333384154771056 4.921605496294785 -0.8745003783189461 -0.07971614119447623 0.47842912239231666 -129.25066270886737
0.4639538260940451 0.059953669513843275 0.8838282665566436 -74.430628848162 -0.09995261034311727 0.9948788561658167 -0.015017897315969843 4.823672918821786 -0.8802024329313646 -0.08137333141773728 0.4675703775857551 -129.34777274441961
0.4535884000059554 0.05990228512341681 0.889195861223516 -75.89776302603177 -0.1013282563169842 0.9947350276702052 -0.015323485168709412 4.749349629948423 -0.8854321813960666 -0.08315011102186803 0.4572700637317668 -129.52074145783828
0.44331057860132617 0.0575820127253923 0.8945166531209189 -77.42071422348424 -0.10190588304415632 0.9947020584801394 -0.013527965714191695 4.494622336892853 -0.890556523698046 -0.08515941912593328 0.4468298909350017 -129.6224184980735
0.4334882044426389 0.05700856242568772 0.8993542129879937 -78.81635728532653 -0.10198261143293613 0.9946891196264952 -0.013896123991483912 4.540201039727365 -0.8953700484014504 -0.08569468540594802 0.43699988251572786 -129.80945503158767
0.42425768114197915 0.05494456432813455 0.9038730634568233 -80.17519356540714 -0.09956103400178806 0.9949364712025942 -0.013748410068971373 4.732124213378169 -0.9000516765722542 -0.08415766822887429 0.4275797777932829 -129.9644603361564
0.41518722631033456 0.05636971653386939 0.9079878975881905 -81.45137868868895 -0.09825200663015658 0.9950189725103646 -0.016845994703961656 5.2461320933165645 -0.9044147888562408 -0.0822173911183604 0.4186576050853631 -130.17610184075448
0.4079336795448058 0.05589314423758231 0.9112991108962373 -82.46421383628025 -0.09857455157087196 0.9949861532622472 -0.016900076893252382 5.2317690762511155 -0.9076745952573738 -0.08293679065187631 0.4113980042255062 -130.54091812487064
0.4001287767783514 0.05825883461733 0.9146053084160899 -83.51941442624297 -0.1015860686903308 0.994646925171332 -0.018914674072215858 5.248541530768958 -0.9108113046300554 -0.08534285228562116 0.4039051434704082 -130.86678108511904
0.39287394739061515 0.06034519486114738 0.9176102216730623 -84.52376423525283 -0.1048185053206815 0.9942798646042663 -0.020509309711945013 5.184697079397143 -0.9135990052556179 -0.08812495843796109 0.39695194834671516 -131.21842397255483
0.386405893429656 0.061050973900655094 0.9203060708854479 -85.4027437571455 -0.1072306469352737 0.9940140970184814 -0.020918013442389125 5.0409420067845865 -0.9160742731245498 -0.09060217168652651 0.3906394406674948 -131.65646875442536
0.38044865558157 0.062970065974753 0.9226557273746863 -86.21183874058732 -0.11098418189517843 0.9935775951913848 -0.02204707923428534 4.859151482825885 -0.9181183648284321 -0.09401240941939613 0.38499394156262506 -132.15904893218283
0.37538224735617015 0.06512852852696063 0.9245790626775753 -86.89019493054705 -0.11189579313282491 0.9934167067967794 -0.024547467002058974 5.1092483085139735 -0.9200910280233184 -0.0942418242021768 0.3801986043136388 -132.71217287046878
0.37062034844575475 0.06677850106366709 0.9263806934050586 -87.54192427135476 -0.10887590631156277 0.993658953959627 -0.028069917005498927 5.860689254632984 -0.9223809377598732 -0.09045725516258829 0.3755407975781956 -133.2521359473728
0.3672773886141569 0.06763051714962381 0.9276494127432197 -87.9858434396365 -0.10473656587323421 0.994016680447249 -0.031001463864047403 6.6736395817437915 -0.9241956349073758 -0.08577267713384379 0.37216323874806084 -133.91431282487125
0.3635475717178471 0.06804035400013334 0.9290875487948342 -88.49619036978925 -0.10341668827671782 0.9941123573021717 -0.032335887880119166 6.993062595861478 -0.925817558530801 -0.08432752389733734 0.3684436415917786 -134.5663090748483
0.36180090951220617 0.07070212805542278 0.9295704981143577 -88.65264348226187 -0.10409861482340377 0.9939480498942347 -0.03508208236830221 7.298324116871062 -0.9264251617200329 -0.08407427192597222 0.36697130205525424 -135.43254775179574
0.3587303404601835 0.07125642522319611 0.9307174999417018 -89.10112583939701 -0.10208149766191552 0.9940964965967385 -0.036763069637763955 7.738324809196525 -0.9278426109359394 -0.08182100780668619 0.3638865372792418 -136.09939526825178
0.35532924920673997 0.07434478327504462 0.9317800050752114 -89.526132251745 -0.10214999040940739 0.993950293645153 -0.04035087634825411 8.205695839599517 -0.9291428868142577 -0.0808434719844513 0.3607739304882862 -136.79368466385156
0.35329648866017965 0.07636044337265861 0.9323897649525753 -89.76416285527807 -0.10267309861038505 0.9938074124282956 -0.04248601916298891 8.461534858836208 -0.9298601109425707 -0.08072118489285643 0.3589488325477095 -137.59142397500776
0.3506318862709978 0.079530504046788 0.9331303120444142 -90.07044850589745 -0.10357045133286334 0.993568721276254 -0.04576415313514117 8.814829628547077 -0.9307687370881926 -0.08059835623344624 0.3566138850798121 -138.3566852064687
0.3480877522319438 0.08304856271334154 0.9337761257268045 -90.3549918974895 -0.10270989781870873 0.9934504733232288 -0.050068292800167905 9.48442757275969 -0.9318184338357893 -0.07847989096004855 0.3543378516031213 -139.08970056944628
0.3472039683653639 0.08566279211158566 0.9338689899546887 -90.37991012297822 -0.10345413214729744 0.9932399966352519 -0.05264552806890679 9.744526499639525 -0.9320657953669326 -0.07833386963282096 0.35371903818617867 -140.02816223608176
0.3439773874591249 0.08766850687289006 0.9348763500161256 -90.83556217648423 -0.10380514353358038 0.9930795049697649 -0.05493258582098246 10.04955545671048 -0.933222400659547 -0.07814940634249794 0.35069733559801575 -140.68278213388007
0.3415553959709038 0.08871988741829384 0.9356648401322155 -91.18949630140456 -0.10379480315303402 0.9930058342805022 -0.056267680983907754 10.262947996434516 -0.9341127075046042 -0.07789861783991525 0.3483751641794357 -141.35506580885792
0.3412662048881834 0.08755688225345878 0.9358798906757589 -91.26495850219817 -0.10434987989849023 0.9930268465959367 -0.054852388324490464 10.037353270767502 -0.9341565607361472 -0.07893968779887583 0.34802305343731027 -142.2156464810236
0.3436480637382289 0.0896084199387653 0.9348135318688129 -90.7853767827649 -0.10789104006064866 0.992613078164287 -0.05548694019182155 9.743319873572323 -0.932880234415757 -0.08179002465641619 0.35077750797778523 -143.47074638878593
0.3459869435445155 0.088238423874444 0.9340808398896094 -90.460856265673 -0.10866175338040171 0.9926369424276735 -0.05352124699720877 9.400193026440833 -0.9319257793671238 -0.0829812091981879 0.3530275636136441 -144.58589937443017
0.35075511564070544 0.08576557605725631 0.932531562369576 -89.78217397541445 -0.10836948685892352 0.9928246571897668 -0.05054952417140905 9.05048753375788 -0.930175737788193 -0.08332746269741596 0.3575326989110252 -145.9095390366404
0.35550432365407075 0.08543780651610386 0.93076154684268 -89.05223294295772 -0.10993509582202224 0.9927235000365981 -0.04913580346029579 8.696383651272281 -0.9281869157501976 -0.08485536926325186 0.36231010990218404 -147.26877078705152
0.36411154877989194 0.0846577844740859 0.9274997787455519 -87.66435315714051 -0.10898328870180865 0.9928916032456371 -0.04784252280186317 8.652153612129249 -0.9249569843127012 -0.08366196108296643 0.3707495831945137 -148.98521350429402
0.3698111929736451 0.08461667001781 0.9252457515203766 -86.78155803478813 -0.10864871728617591 0.9929503191977529 -0.04738269554541463 8.627108560597149 -0.9227324302220433 -0.08300411291121595 0.37639763476454535 -150.36056576263903
0.37888504030857834 0.0845729952952757 0.9215712314830321 -85.2890393961987 -0.10822329191415117 0.9930320688779435 -0.04663720904230868 8.579890422585693 -0.9190940350789093 -0.08206533157659725 0.38539776340242526 -152.10135358933326
0.390090086285205 0.08200266365498782 0.9171179246615391 -83.47228021783492 -0.10530183742163471 0.9934646611310651 -0.04403964258899067 8.571347694734122 -0.9147356162398124 -0.07939477462166744 0.39617574653825754 -153.9484452856267
0.4005276932464043 0.0816471881418412 0.912639744702829 -81.71912390990686 -0.10482446562174623 0.9935657391921746 -0.04288301890752037 8.477947501567463 -0.9102688604746564 -0.07849113690116989 0.40650921647378696 -155.74365194355772
0.41183471758986245 0.08034150059120668 0.9077099804840923 -79.80284475183842 -0.10599377967851145 0.9935679369940755 -0.03985063671762235 7.93613406388298 -0.905073192651921 -0.07979973596503862 0.41770147005100267 -157.61050144700963
0.42319496375888566 0.07992806477653312 0.9025062476848531 -77.83257839887533 -0.1083766107135369 0.9934151346374187 -0.037160200800928744 7.303478603187035 -0.8995335084916858 -0.08208455844065428 0.4290706146617837 -159.43991073865607
0.4361627973918319 0.07810677672838313 0.8964716089204579 -75.56356428509861 -0.10889483191913692 0.9934859859553764 -0.03357843491851282 6.762973884511894 -0.8932546835884123 -0.08297546106757339 0.44182705112746196 -161.39415933695165
0.4500365149455719 0.07655503317778398 0.8897226883196767 -73.07847515186334 -0.10718366975675381 0.9937467352878352 -0.031290366604504696 6.651087800918499 -0.8865544518827477 -0.0812819352618868 0.45542776688182207 -163.36293531195903
0.46442535750830666 0.07567395272675945 0.8823732431244672 -70.43290696854655 -0.10477232635585076 0.9940404594467851 -0.030105225672762363 6.769773270714688 -0.879392885423384 -0.07846666720036623 0.4695861318280197 -165.33176479948554
0.47820265375963567 0.07483037611810538 0.875055790648382 -67.84760999904888 -0.10204899695214191 0.9943488503870814 -0.02926373104973534 6.970974184595053 -0.872300535456848 -0.07530457186593915 0.48313662384234946 -167.225798061293
0.4910726366254763 0.07600975237122667 0.8677961644892006 -65.33380557759928 -0.10202069654405577 0.9943488436968655 -0.02936246780112883 7.000787650880745 -0.8651239466309834 -0.07411406467851725 0.49605207628076703 -169.03000680000946
0.5044190478576038 0.07752248001607911 0.8599719118963043 -62.655776418866196 -0.10337199164787486 0.994220167811727 -0.02899119278631564 6.798426492384795 -0.8572488877223348 -0.0742732994324222 0.509517243565163 -170.8665033288852
0.5165705946582704 0.07778022625573837 0.8527045544255096 -60.21495136888734 -0.10449654451530448 0.994148341050189 -0.02737787741074482 6.447708973269276 -0.8498442756874707 -0.07496207301537845 0.5216755645901724 -172.56072348444158
0.528966499800244 0.08021147444637468 0.8448435129988374 -57.61577615812726 -0.10636011165760002 0.9939397104508694 -0.027773704056617908 6.295126730625204 -0.8419512864395784 -0.07516629135443839 0.5342921110280017 -174.25653570387823
0.541244043845759 0.08084787286654577 0.8369698360481369 -55.03962929326836 -0.10612904493930267 0.9939752390509757 -0.027383388647632362 6.276339167972652 -0.8341411815884417 -0.07400571333694891 0.5465634853992056 -175.89154270719683
0.553189612292551 0.08061241368104763 0.8291458807786074 -52.51373078643671 -0.10423642800020666 0.9941828956389653 -0.027113411749166073 6.47056833954118 -0.8265083302238245 -0.0714283471699978 0.5583744006409923 -177.44591031267484
0.564598706329641 0.0819202109618951 0.8212900704664915 -50.005768299571685 -0.10209687091162888 0.9943517927423116 -0.028995537936130848 7.001098177925477 -0.8190265745144966 -0.06748030309734845 0.5697735330224983 -178.9444126417636
0.5759682290203751 0.08103973532743561 0.8134452412161448 -47.53494241052227 -0.10065860001245683 0.994532326273595 -0.02780824051183464 7.012099451037838 -0.8112511604938788 -0.06586359612783833 0.580976368970756 -180.40937194553123
0.5873752027998372 0.07998824021875643 0.8053522537142096 -45.010823573897206 -0.10088039639600159 0.9945792000506815 -0.025206357323744256 6.619214379186796 -0.8030028124227434 -0.06643866534822326 0.5922604047105556 -181.8526177618063
0.5983632389087342 0.07925326361723396 0.7972956506395016 -42.5210400476765 -0.10136113998276168 0.9945885330124069 -0.022794062859074357 6.2212955944189865 -0.7947876154193924 -0.06717566677187256 0.6031584171423875 -183.24626516321982
0.6090119505476351 0.07812880853570882 0.7893037016047469 -40.09218764455262 -0.09922269242067237 0.9948239266045122 -0.02191374828669652 6.388094439657845 -0.7869303027581017 -0.06497110382293501 0.6136118107314036 -184.54312669176133
0.6192961760665511 0.07825013924779856 0.7812484636893997 -37.66567759137538 -0.09757814330118583 0.9949778386873311 -0.0223070946333247 6.651855465295559 -0.7790704411407485 -0.06241807613814285 0.6238214740708855 -185.80949737868897
0.6291834513885586 0.07866054915337937 0.7732662558948697 -35.28119224983938 -0.09561126264016782 0.9951428487462863 -0.023434953498534934 7.069590502660363 -0.7713537910421742 -0.059188078157805024 0.6336482466233545 -187.02056941506305
0.6384599885606812 0.0790225279926761 0.7655875410929449 -33.0110477325003 -0.09502666539389047 0.9951978935336281 -0.023475211827524406 7.166120740211357 -0.7637661787950631 -0.05776324762230986 0.6429032830472335 -188.18451913577897
0.647588423351677 0.07797778846950314 0.7579899065596417 -30.777096046606683 -0.09396384996964081 0.9953299333541026 -0.02211602740548976 7.11756473187229 -0.7561746020859018 -0.05690156654014865 0.6518912354722259 -189.3036948824473
0.6562861420202426 0.07731901171808392 0.7505399857563384 -28.609082789455186 -0.09323681902566144 0.9954220862112806 -0.021018226869980464 7.0475686618564835 -0.7487291869362125 -0.05618398979888056 0.6604906993441446 -190.3847379353237
0.6646582371496189 0.07725634260493108 0.7431425740169045 -26.466819367085304 -0.09084537351526337 0.9956163708570652 -0.022252195223822227 7.541931997210135 -0.7416040357900119 -0.05272095986148509 0.6687630032315264 -191.43098229154316
0.6735008986529729 0.07555265000274478 0.7353151274053872 -24.22056964068519 -0.08715850264121569 0.9959403319165407 -0.02250001509581398 8.059786035344157 -0.7340299278169652 -0.04893518508735213 0.6773517643953453 -192.43696543470196
0.682129257386177 0.0747702537906133 0.7273988488895688 -21.96625629467696 -0.08534439497962279 0.9961006366592291 -0.022357457204263922 8.283645270283449 -0.7262341292333656 -0.04682873898756654 0.6858506096384909 -193.41745657983378
0.6905699678311121 0.07402570480985392 0.7194673825526361 -19.72982617359777 -0.08457543259966306 0.9961889859231432 -0.021319017941720864 8.239630174258716 -0.7183036375588785 -0.046126991586531385 0.6941989519704416 -194.374915436875
0.6998318459844096 0.07164071439961459 0.7107059837839881 -17.27970837114963 -0.08173109017517974 0.9964544439843614 -0.01996421705436014 8.410946288026347 -0.7096163866800359 -0.044115179973902664 0.7032058266617534 -195.31109477414628
0.709870716149627 0.07066533052996839 0.7007781228137091 -14.535122588037419 -0.07883440393611994 0.9966739144344787 -0.02064570274633635 8.890023565185592 -0.6999062102233786 -0.04058964580953771 0.7130804846185345 -196.2336883735541
0.7204547083068156 0.06912468348251474 0.6900483978765426 -11.597306593284227 -0.07492944551716299 0.9969540614071009 -0.02163741293170223 9.555097654382108 -0.6894422321507667 -0.03611616781067236 0.7234397217112423 -197.09163693803262
0.7318577532611903 0.06805733403956304 0.6780504614517344 -8.332745170723584 -0.07357170329598633 0.9970757328543394 -0.0206685129390005 9.588047301503003 -0.6774743046534015 -0.03475891592684688 0.7347246996651061 -197.97214024631472
0.7430360897132599 0.0663664852789564 0.6659525951712679 -5.0912746269383975 -0.07247504161675374 0.9971983885064418 -0.018513300699913342 9.417100751973434 -0.6653155174248369 -0.03450889149007341 0.7457643050467406 -198.77742322683383
0.7541710625847367 0.06642875489215648 0.6533094434364829 -1.7315591690927115 -0.07340666205702649 0.9971630569266072 -0.01665232315412328 9.027369288948341 -0.652562234829334 -0.035398565285356405 0.7569078353738212 -199.54571191296563
0.7650824447516643 0.06585542341883445 0.640555942864589 1.6197877354826753 -0.07217133696192395 0.9972586185302358 -0.01632623313242198 9.15596956476581 -0.6398751056682429 -0.03373886443690413 0.767737935869111 -200.24747749568638
0.7765911447665756 0.0656795437070047 0.6265719363397785 5.261902370755919 -0.07061845368996407 0.997358184207656 -0.017020176040389877 9.472158025736576 -0.6260345260994621 -0.031029823274506742 0.7791777218317878 -200.86500757170586
0.7875166435686113 0.06587236360497127 0.6127628968985666 8.80651748211175 -0.06882686784415622 0.9974520083991394 -0.018771073578416578 9.98348108162643 -0.6124380771679632 -0.027392018063985897 0.790043846239682 -201.3734505097928
0.7979683372245744 0.06609571188490776 0.5990641782459332 12.285562124253895 -0.06731724472060344 0.9975232490132907 -0.020390101549395738 10.444723565217418 -0.5989281437286733 -0.024056694461117134 0.8004413495699295 -201.8300318802429
0.8080294491495396 0.0675162644433333 0.5852605943874143 15.772103197060492 -0.06676863173150908 0.9975058793479387 -0.022890401547327313 10.914138282519401 -0.5853463582561984 -0.02058093054051873 0.810522094809446 -202.2313425904426
0.8169423724141811 0.06755466043681779 0.5727490969068006 18.888799440137817 -0.0651638560505198 0.9975684732037978 -0.024714634014504397 11.424950281548824 -0.5730260308388412 -0.017132107958742544 0.8193580773129495 -202.60242346236456
0.8248442988426588 0.06911983267086863 0.5611188211050435 21.769688186138595 -0.06559006719551505 0.9974958670442904 -0.026456347345151364 11.65077331217535 -0.5615423632746246 -0.014981453905098766 0.8273123535200226 -202.96880993241217
0.8321832268282152 0.0697627551042607 0.5500947509166418 24.49043249349781 -0.06605559201933421 0.9974621587288757 -0.026568791220272635 11.630655799020275 -0.5505522098300528 -0.014226732027915329 0.8346794979793449 -203.32519778551526
0.8396696746387312 0.06827861378720945 0.538788333570229 27.22345066454468 -0.06465972677458315 0.9975776415686255 -0.025650902046813764 11.665193284984236 -0.5392346031418269 -0.013299621862145889 0.8420505702348288 -203.6364115402887
0.8470586373746223 0.06669597459406794 0.5272981242352334 29.98728220769544 -0.06255522007337898 0.9977103725256258 -0.02570713901522246 11.963635739532807 -0.5278053706534439 -0.011209796060780625 0.8492913700148238 -203.92040723622938
0.8542275900382834 0.06564194054825394 0.5157386548034245 32.7611757329442 -0.06135289816272672 0.9977934872911024 -0.025376733566297625 12.086213792157666 -0.5162664489431988 -0.009964555209354152 0.8563700492982337 -204.15606573143276
0.8606345284529165 0.06647011203675024 0.5048662522296852 35.35421459386872 -0.061962622804775304 0.9977466111134461 -0.02573583856778322 12.074219641317878 -0.5054392563006749 -0.00913368586364402 0.8628138466510404 -204.3932656610185
0.8663651166168916 0.0670604279030751 0.49488825376932943 37.722473979352344 -0.06293958957309399 0.9977038861022923 -0.025011271873987807 11.831817694592841 -0.4954292005663071 -0.009479170102942552 0.8685965994409541 -204.65738817606126
0.8713606911496011 0.0671383245771587 0.48602776802592396 39.8100914444311 -0.06296057825176925 0.9977042797186733 -0.024942650565771374 11.831980516273543 -0.48658659199107834 -0.008866544085235416 0.873587358476811 -204.9418688694367
0.8755883122679141 0.06626019559477946 0.47849210432311956 41.583289737647526 -0.06174634221151638 0.9977742062103998 -0.025179806288072235 12.041568590501013 -0.4790954984586308 -0.007497993128037759 0.877730757952419 -205.28604167782217
0.8792242511422546 0.06605301055928885 0.4718068630270189 43.147652006288986 -0.059907167338128384 0.9978096280081137 -0.02805490252756738 12.758934785299221 -0.472626541261558 -0.0035980620289676624 0.8812554717247278 -205.60879796812083
0.8834514476128457 0.06363771648222293 0.46418076301339295 44.939665071408086 -0.05578395648041667 0.9979723659752009 -0.03064811493796543 13.740004151567977 -0.46518995035378663 0.0011822820255647185 0.8852100950051652 -205.9154349715831
0.8871889359726687 0.062473148633578196 0.45715741007610355 46.566953128125114 -0.054171063722948706 0.9980422287033266 -0.03126028758698463 14.036396100292157 -0.45821532901334505 0.0029690780898457125 0.888836259854698 -206.31977855082036
0.8915849877872764 0.06040939370551498 0.44880609922826864 48.53190607455578 -0.05112195408438038 0.9981538342759151 -0.03279434297075629 14.712634169392988 -0.44995861516694724 0.006295099079536098 0.8930272203939934 -206.59902245502914
0.8950033025380509 0.06014959766662702 0.44198542322855494 50.086762437750814 -0.05062185197442834 0.9981615106217194 -0.03333206888337839 14.8231246442297 -0.44317774825532585 0.007458191061518481 0.89640273250221 -206.96440212042094
0.8991649897466053 0.05903654312986378 0.43360928010048727 52.044949761544025 -0.04793657326254931 0.9981832955434763 -0.036499225222040355 15.752489627566016 -0.4349763282729663 0.012033082449676675 0.900361482277495 -207.26263515759595
0.9032673974486288 0.05990349599000076 0.42487595822140456 54.0719639133004 -0.04809992935079016 0.998101634186606 -0.038464589305952625 16.056482145865484 -0.4263735515986302 0.014307305903019362 0.9044340194259434 -207.5110373642608
0.9074390030899673 0.060841288555278435 0.41575568941148555 56.09968700102237 -0.048625080225542745 0.9980190830440875 -0.039918810765082524 16.226917743956573 -0.4173608238013552 0.016007732093344218 0.9085998543193158 -207.8115323250712
0.9114349321077815 0.06150238856370366 0.4068216079986938 58.23014262140635 -0.049865942441698966 0.9979881139185943 -0.03915497748189878 15.909657849995739 -0.408411253907241 0.015400671354393845 0.9126681034219116 -208.06942851487614
0.9158767585880988 0.0651021347793996 0.3961457750946265 60.694029079800785 -0.05407905076780671 0.9977769237066453 -0.03894440635773417 15.255448110894294 -0.3978004768049059 0.01424508917726487 0.9173613563302747 -208.26884562694312
0.9204853324046078 0.06647488064950341 0.38508160572872474 63.22681844773949 -0.05623752088310463 0.9977015900071821 -0.037800509812213466 14.764368606820872 -0.38670931469632475 0.013138779995690353 0.9221080622070951 -208.43923204635084
0.9255271448388758 0.065460074946242 0.37298053937763453 65.96042231304816 -0.05577435133263307 0.9977681913172052 -0.03671318739931408 14.679928171882938 -0.3745513661700125 0.013176303868138582 0.9271125385391742 -208.46724177173584
0.931311480699429 0.06380642986803414 0.3585912232960153 69.18355227356736 -0.05509277158628763 0.9978858408292096 -0.03447658903549539 14.383196061306064 -0.36003293243310147 0.012352658826218076 0.932857813058102 -208.35463905681564
0.9381818194343933 0.059880644460208174 0.3409240122106415 73.11492369261309 -0.05139064986138474 0.9981034965336578 -0.033888217924686784 14.798395003336788 -0.342306696968663 0.01427300340911633 0.9394798595947054 -207.92220996221224
0.9454088318628574 0.05579791589222177 0.3210743421978656 77.44611317036689 -0.046674446115525986 0.9982594731100681 -0.03604886164385902 15.85608613942249 -0.3225269550216174 0.019094945092714314 0.9463676591876912 -207.17887813422874
0.9525170242817534 0.053904529248714875 0.29967585852034856 82.11503254282096 -0.04515407922340264 0.9983292224781943 -0.03605374703925618 16.05555135548402 -0.3011186270939083 0.020810220387070345 0.9533595896326429 -206.32860785710892
0.9593105701789332 0.052859063748347236 0.2773610450705329 86.92858905716642 -0.04462249648100309 0.9983576067961119 -0.03592939966299283 16.11161773769498 -0.27880470360231174 0.022090910619265228 0.960093708404153 -205.26322764214456
0.965818310563714 0.049946871069638674 0.2543625386140931 91.78328412108813 -0.04180024982606925 0.9984281405715124 -0.03733613838347985 16.767290688022353 -0.2558275397495964 0.02542750843604327 0.96638797163479 -204.05225019484385
0.9713452407914587 0.05069244536387404 0.23220400335656105 96.43104376101805 -0.042775967573203934 0.9983229929827138 -0.039005362198197016 16.903463606816636 -0.23379187280562036 0.027954922018617337 0.9718847064055354 -202.86768807908294
0.9767840740102177 0.047631827864880266 0.20886378751294338 101.24426008546402 -0.039659215773085316 0.9983218758580235 -0.042196904952626214 17.914474881927603 -0.21052320386186746 0.03293389071408851 0.9770339500130828 -201.39354419370574
0.981546403883494 0.04525937529744849 0.1857908662207739 105.95822713407921 -0.03719600568336712 0.9982180336498687 -0.046660630700757905 19.079462634511117 -0.187571624145508 0.03888889615139905 0.9814807892014707 -199.90886130284701
0.9859149177263229 0.04219471689956229 0.16183751379227215 110.78979762821197 -0.03450725090167214 0.9981517910762173 -0.050022510998033766 20.07543930567486 -0.16364908994524577 0.043733372121357784 0.9855487646600688 -198.2083245441
0.989569027427592 0.039374259829813664 0.13857419535708632 115.42424534991828 -0.03273511620420332 0.998219187762958 -0.049868480515829344 20.323435977716542 -0.14029095524340446 0.04481206137542289 0.9890957117651348 -196.6029650025373
0.992611798009053 0.03882710535537877 0.11495335724961404 120.10013651189936 -0.03352221009955059 0.9982977110725126 -0.047727785381511345 19.83065333963615 -0.11661080517377738 0.0435216722691619 0.9922236563192892 -194.94383654247497
0.9950017766396273 0.03629220791154555 0.09302870594010473 124.31229774071012 -0.031975729505461604 0.9983603634930044 -0.04747775614653377 20.0493641270471 -0.09459924527489044 0.0442657909792802 0.994530805225459 -193.33863666442605
0.9967763416629765 0.03582304288759264 0.07178881736905084 128.401700133986 -0.03233398026654778 0.9982660026321174 -0.049188430641929265 20.289986308085624 -0.07342641500914869 0.04670864574323565 0.9962062356719804 -191.7399712675514
0.9981728992412792 0.033588007540562397 0.05022657632881462 132.5450341973706 -0.031023784464485123 0.9982172104079684 -0.05098946599872203 20.820042158836042 -0.05184966747974658 0.04933808462829482 0.9974353940919938 -190.00749203122157
0.9991055557514977 0.03066857037951401 0.029112321401217195 136.4816180519464 -0.029165837427468845 0.9982874367344379 -0.050710428763126494 20.952164491650993 -0.0306176810625075 0.04981598587865611 0.9982889988161204 -188.28653096435167
0.9996189511663516 0.026923605077924802 0.006088674625160088 140.89896375020447 -0.026568356445857484 0.9982739451751729 -0.05237607106457761 21.691221411462017 -0.007488317891822547 0.05219434714606327 0.9986088699892202 -186.2429243150061
0.9995562191341705 0.024341258801543763 -0.017171718322825377 145.23196669928782 -0.025237243495008162 0.9982192570258118 -0.054049943974160096 22.20861147995129 0.015825496231583278 0.05445932447976604 0.9983905726949908 -184.0706260979734
0.9990082762157401 0.02047983792060062 -0.039535304364599996 149.38928861804413 -0.02259020192108858 0.9983019755346271 -0.05369216349547881 22.493513268460752 0.038368565644549144 0.05453202620851999 0.9977745793955533 -181.98343125253695
0.9981038784307233 0.015791071596007344 -0.05949193154871961 153.0183110378222 -0.018886393667469373 0.9984772394749528 -0.05183151922059703 22.62021231328184 0.05858286435285613 0.05285682839830173 0.996882241639346 -180.13279393026005
0.9964953591895419 0.01415719460924925 -0.08244133037804297 157.11566414996614 -0.01843270913777618 0.9985114542751813 -0.051333331424179805 22.66608825586958 0.08159187672524715 0.05267304359972364 0.9952729857332578 -177.85466798775812
0.9948274948635879 0.008486901341295362 -0.10122365320942125 160.42931931869037 -0.013315539661099746 0.9988003480901342 -0.04712282948381338 22.354435351018417 0.10070229325577318 0.04822693397521753 0.9937470558307976 -176.18010060466466
0.9926003180564058 0.004745182636981605 -0.12133462752266469 163.58707146190775 -0.0102359172870886 0.9989493714638161 -0.04466966811314459 22.34162932685123 0.12099518416703192 0.0455810979879631 0.9916060351342149 -174.53622848777962
0.9899990595200276 0.002714713916161474 -0.1410478375510033 167.1030843666328 -0.008812109759780511 0.9990523772950323 -0.04262269516027888 22.183389538706784 0.14079846899395748 0.04343935714876406 0.9890848362903254 -172.50177087170306
0.98726815645114 0.0014440829761076905 -0.15905817137741038 170.64482038738552 -0.007644703137297875 0.9992340358398272 -0.038378381065303786 21.5507884183868 0.15888091695200565 0.039105706023663554 0.9865229840124764 -170.42787591870942
0.9848005635948417 0.01204071260134805 -0.1732710915973402 172.76172776944622 -0.016981054157025374 0.9994896215970825 -0.02705808787473753 17.96508245765313 0.17285685911469725 0.029589145979101613 0.9845024066487745 -168.49272889520796
0.9819457009243086 0.0067353559065626515 -0.18904305175562602 175.2765291320093 -0.011481495013609086 0.9996454909242286 -0.02402223443209386 18.163700189180087 0.1888142359794961 0.025759026683280128 0.9816749242166722 -166.5964158387801
0.9770546757720693 0.005939391756348178 -0.21290581057712143 179.65332550357653 -0.010653918774291699 0.9997226400134678 -0.021003263062034167 17.737988471029105 0.2127220124168801 0.022789617593694664 0.9768469576976968 -163.2888836139312
0.9734746467984964 3.150417162143659e-05 -0.22879491045045086 182.07426675106072 -0.005015079848334609 0.9997626666601471 -0.021200455813649235 18.616801934349652 0.22873994188741392 0.021785530979960898 0.9732437668052458 -160.9824900265299
0.9694671234438608 -0.0013468101543660203 -0.24521762306957917 184.66213689542 -0.004294382024038153 0.9997383237829671 -0.022468694725214365 18.984473433463343 0.24518371651583581 0.022835718995279183 0.9692076532371435 -158.45821421709311
0.9650386067127247 0.0001853704240090976 -0.2621077129574192 187.39700796207276 -0.006057731062056453 0.9997484149597182 -0.021596543239852835 18.58744397487107 0.26203776721751915 0.022429276032385433 0.964796940360157 -156.07468723625317
0.9605332051515216 0.0004728889187944345 -0.27816494778712747 189.935940741419 -0.0054128223894663405 0.9998409860283564 -0.016991292229377838 17.759652798550363 0.2781126806801965 0.017826357842097334 0.9603830266154023 -153.64142682138365
0.9554554620372391 -0.0017762257429341586 -0.29512997998393176 192.57852950573843 -0.0026151604069715208 0.9998916795099805 -0.014484135554336081 17.692415129657395 0.29512373845431616 0.01461075866684246 0.9553473215181626 -151.16924825422092
0.9497763177368509 -0.0031606708389378927 -0.31291365650299796 195.48102017526313 -0.0017776150319600025 0.9998783638477601 -0.01549508289505011 18.004647197821892 0.31292456974649097 0.015273102794593256 0.9496551721440785 -148.10693158032575
0.9433988516495697 -0.006398457954437802 -0.3315986526541967 198.36747018003751 0.000924614308494524 0.9998607421740233 -0.016662573258411112 18.621665126923112 0.33165908972113795 0.015412851618590295 0.943273392082237 -144.88958579315263
0.9373358405702145 -0.009247960394848577 -0.3483044605098603 200.85463097817302 0.004234216623544725 0.9998762180687353 -0.01515321583518611 18.778347691181814 0.34840148305096874 0.012728855765470429 0.9372589731972628 -142.07599585312207
0.9317262048302285 -0.007753754855350967 -0.36307872220539467 203.0597632863032 0.0038632880916810476 0.9999270967139681 -0.011440116358472224 17.990326699629676 0.36314095643121785 0.009256378493656667 0.9316882339170128 -139.54816330263776
0.9239438338968162 -0.0090858738233239 -0.38242023835163225 205.99575736149401 0.005277818404679453 0.9999255072054206 -0.011005665489625439 18.131166592899223 0.38249174688735416 0.008150272194776261 0.9239229603306821 -135.97077650362598
0.9167184538464299 -0.008061048155064471 -0.3994524951481123 208.50938329241586 0.006171680975370523 0.9999628591317196 -0.006015871595621466 17.223852809097625 0.3994861533662327 0.0030495671428068766 0.9167341563446255 -132.90966287526373
0.908407125686967 -0.008403096097284788 -0.418002251162745 211.18205537422594 0.00892688189812387 0.9999599080522644 -0.0007021877838146889 16.50874512467999 0.4179913931897638 -0.003093584342892133 0.9084457193224005 -129.42386800573362
0.8985372633104329 -0.01106263657372432 -0.4387577970983941 214.06627964442708 0.012543977488391618 0.999921207251252 0.00047740755070805295 16.76775444791467 0.438717944779295 -0.005932736403755501 0.8986052345537472 -125.25994352324474
0.8868578783774373 -0.014359226382606692 -0.4618191379507388 217.187265783357 0.015667914451723056 0.999876749714311 -0.0010009183176115325 17.52489090730513 0.4617765910227628 -0.006348070449994587 0.8869735520211174 -120.36500432813212
0.8728001248597 -0.01812583681618357 -0.48774111584385127 220.63883755268725 0.0198782547386257 0.9998011534969817 -0.0015838101688771108 18.23781315299002 0.48767283811325635 -0.008313092434095618 0.8729868816086207 -114.63019476778555
0.8578551782065597 -0.02054653688828172 -0.513480606299878 223.99128629041854 0.022928715836895857 0.9997356614542056 -0.0016974117923797098 18.70901866554715 0.5133797495171217 -0.010317317413965086 0.858099519721994 -108.73891856047425
0.8439670812661956 -0.024494141872533005 -0.5358354250634676 226.631311511346 0.02704009789093714 0.9996295254100689 -0.003105645583256325 19.577708161798135 0.5357129817776187 -0.011867979708799981 0.8443167369018361 -103.46538244014378
0.828796499391117 -0.024768019322236823 -0.559001706451674 229.4177791427736 0.028311545138559262 0.9995964695507022 -0.0023139735606367458 19.598700971121794 0.5588334447837723 -0.013908388857998891 0.8291632756643754 -97.86326957969186
0.8122314934697232 -0.025505576714824375 -0.5827773730785946 232.2007528265739 0.029981968848770753 0.9995485196739021 -0.001959173719289343 19.762886094361132 0.5825642304157495 -0.01588151044942586 0.8126294943367183 -91.86237183366077
0.796452291525328 -0.025119673371182646 -0.6041794016132782 234.53616197024164 0.032777441365129306 0.9994613061293309 0.0016543541964870075 19.36943397067821 0.6038123770357886 -0.021121069101184758 0.7968466061786381 -86.43748659730345
0.7802557226977305 -0.023948367405555702 -0.6250019863136845 236.7637098232749 0.03487289880982476 0.9993780073527361 0.005242074806246808 18.911385041482543 0.6244877005402446 -0.025885789891040265 0.7806055583684213 -80.94863367779563
0.7632002264932595 -0.023741594705028148 -0.6457257552254668 238.88665522111773 0.0366699823231992 0.9993056388153766 0.006599441507296822 18.869645843370172 0.6451207070595809 -0.028715447282850283 0.7635408937380448 -75.30646520039672
0.7471997724832597 -0.022652185792334054 -0.6642133531327072 240.67572639292428 0.03796137293934143 0.999241973114458 0.008626316182770485 18.61410916920364 0.6635144566364211 -0.03166003229869596 0.7474932830396006 -70.16461702057836
0.7313700728965287 -0.021208957952071953 -0.681650934550752 242.2484286664869 0.038319501748740714 0.9992152515490444 0.01002481209340101 18.385629454541824 0.6809033942176046 -0.03345237173007298 0.7316088480660813 -65.28670488708235
0.7158720722540647 -0.020815203589482044 -0.6979211298321606 243.69938667463646 0.03938340867276504 0.9991679833727727 0.010596609085016622 18.40030026232241 0.6971198772721843 -0.03507232958209498 0.716096228456553 -60.441421239541086
0.7004406652378423 -0.019047908486878106 -0.7134564118875408 245.0120320145715 0.04134191678109521 0.9990481556423334 0.013915050287981996 17.925016887846617 0.7125122598229687 -0.03924232268772564 0.7005614317902739 -55.85094410251833
0.6871850107598904 -0.01716057952841114 -0.7262797501632402 246.14903428448375 0.04150907867108056 0.9990152403243459 0.01566990706952929 17.533956665630875 0.7252956344655658 -0.04091532854491964 0.6872206185172661 -51.50966039529338
0.6702997712738153 -0.014496897014534074 -0.7419488234421703 247.2437248756348 0.04329660141990875 0.9988700104100543 0.01959863793491227 17.00077642897051 0.7408263095596406 -0.045260825007595915 0.6701700058819966 -47.058641651715575
0.6551227712002659 -0.013823486868357784 -0.7553959662757569 248.16654229454758 0.04526155768348786 0.9987549127402454 0.0209765505574466 16.960420648960113 0.7541654633109026 -0.04793261403288111 0.6549327587325483 -42.76316193783993
0.639502545900998 -0.013488911039063207 -0.7686706336690133 249.00782257332258 0.04567206574862917 0.9987467165182202 0.020470922166009237 17.135038761895085 0.7674311410129219 -0.04819798256207569 0.6393171343555176 -38.367702527824115
0.623281763659855 -0.01500484205782325 -0.7818533735962775 249.71891985550184 0.04697424788112849 0.9987288194965682 0.018280184435429486 17.787728625850875 0.7805852055509782 -0.04812067977295002 0.6231943012039876 -33.87931575381417
0.60604014246012 -0.017667536160554838 -0.7952378285097692 250.34077574702889 0.04823945054250801 0.9987294669376952 0.014574199178835595 18.745343822283097 0.7939699623652487 -0.047194385644512164 0.6061224206588655 -29.12452315407496
0.5876146739381769 -0.02107709713767445 -0.8088663368868673 250.8939846176133 0.048319559506796665 0.9987906874561767 0.009076498217196825 19.98019165091159 0.8076968584448 -0.04441754863864818 0.5879225001914233 -24.055466937545187
0.5696218556835382 -0.024622334487903123 -0.8215379980086182 251.29133867748627 0.0500805311700119 0.9987336926320983 0.00479078273177087 21.143297658490944 0.8203797181338481 -0.04387199386646774 0.5701336389205681 -19.235047540728235
0.5513593356223805 -0.026048018624033185 -0.8338611297739027 251.62895578137648 0.052966934494343414 0.9985889271345483 0.0038286361205815377 21.740794389147215 0.8325847625751504 -0.04627802210589718 0.5519610111209368 -14.428625255254545
0.5329520101928769 -0.03025453063803766 -0.845604409997514 251.79688514158238 0.05715581126895349 0.998365224463655 0.0003030178597427241 23.047023568504404 0.8442128689315032 -0.0484927000434869 0.5338099755277461 -9.683112371553339
0.5132039988309187 -0.02961897286812161 -0.8577554266981888 251.96514151722494 0.05620802030260988 0.9984187208558231 -0.0008463440694032286 23.19905575893418 0.856424143773175 -0.04777838727772103 0.5140573038791729 -4.487798303528679
0.492577966489625 -0.03213019127223096 -0.8696749954654069 251.90331266106216 0.055439403379097085 0.9984469757591032 -0.005487180557482936 24.130686606628572 0.8685006732766046 -0.045511398641554776 0.4935942596017237 0.8139234245434788
0.47070017633341027 -0.03408306650258307 -0.8816346684298871 251.74972610339276 0.05378885909548137 0.9985034176903725 -0.009883496236258057 24.900426575650663 0.8806520894410591 -0.04276995953266938 0.47182902403802046 6.469606470936576
0.4493262877238439 -0.03630060013352092 -0.8926299085232668 251.4443039158128 0.05239981770896607 0.9985247900384862 -0.014230347243275305 25.701782125672302 0.8918296621353073 -0.040379575388348105 0.45056558193794627 11.89159925537954
0.42708295329976476 -0.03805653814051184 -0.9034112302299052 251.02967825854046 0.051590126364688724 0.9985119419433399 -0.017673727909404725 26.375955229147955 0.9027395027705537 -0.03905895161547465 0.42841077068191646 17.443099201014096
0.40519694592349637 -0.03828008376117152 -0.9134276491334763 250.51871102443636 0.05101216581509156 0.9985131306199067 -0.019216839451042876 26.664501226855872 0.9128051237548598 -0.03880931804182143 0.4065472209719358 22.852260992916012
0.3844014622288456 -0.03747255171862518 -0.9224051841268134 249.93931861200664 0.05021695257975005 0.9985452371627328 -0.01963840658569458 26.67679784833478 0.9217992045504969 -0.03877134518322621 0.38572400661970024 27.874769245126046
0.3627703566190342 -0.0361167233710317 -0.9311784204176121 249.24515522278696 0.050738167824629164 0.9985319548404133 -0.018962423062006385 26.600271784390138 0.9304962690329814 -0.04036728199325684 0.3640702897246332 33.02866619588397
0.3408868213915535 -0.033490378772674335 -0.939507620794651 248.46870878131563 0.0506043399237145 0.9985700604935526 -0.017234705300286014 26.209402757427927 0.9387413785396105 -0.041668079096178125 0.3420941323700048 38.169457242523826
0.31875009529812665 -0.03303268374763853 -0.9472630144536751 247.5199901476849 0.0491819834366741 0.9986226454649665 -0.018274147580297176 26.27941992200966 0.9465619415826254 -0.04076338760432288 0.3199356763137707 43.33391794775562
0.29796502270621344 -0.03374526964715013 -0.9539801371203316 246.4756821605856 0.049588533423917946 0.9985727718983843 -0.019834227387064453 26.676502910278174 0.95328790121167 -0.041396569901598526 0.29921313708430547 48.07491384838089
0.7301131741534165 -0.03357351465478531 -0.6825009685277726 245.34187550155826 0.07551107766854037 0.9966392883457149 0.03175226094442041 27.50857457358309 0.6791412445706405 -0.07471912766803303 0.7301946465727954 52.55638169865481
0.2570063828319958 -0.03751158759517137 -0.9656814174352242 244.1168262151124 0.06386141796334471 0.9977215128821932 -0.021760101741002333 28.82469801545082 0.96429738072823 -0.05607729957975478 0.2588163402734028 56.79707033391852
0.23744693875878842 -0.04102443914150195 -0.9705338462244404 242.80913260549707 0.07118624661791399 0.9971563397643759 -0.024733628123797986 30.366111466415653 0.9687886609403178 -0.0632157374459715 0.2396920961830579 60.84292543931681
0.21718514776717143 -0.04479397061943313 -0.9751021032617544 241.37182049861494 0.07562343469403762 0.9967163017571963 -0.028943219180566457 31.82285196671252 0.9731966439083257 -0.06745453289144507 0.21985945119091063 65.03409264316652
0.19741978105031338 -0.048077746455479735 -0.9791393978110619 239.86397618144412 0.076636464756851 0.9964968971621784 -0.033478145344727706 32.95287057038418 0.9773189255916506 -0.06842853382846505 0.20041270777689812 69.28825440044302
0.1779514886642096 -0.052272146309634046 -0.9826499327850055 238.3044817407434 0.0764520795486522 0.9963042115009952 -0.0391535142492552 34.20293651368206 0.9810649046902443 -0.06815820468266667 0.18129013188686657 73.30992366232553
0.15701789521431872 -0.05493349981132791 -0.9860667782563938 236.60846633482356 0.07718930196404886 0.9960801039299544 -0.04319997936566725 35.19326312244143 0.9845746250258373 -0.0693306364702505 0.1606426798888199 77.6420345704435
0.1382566574999224 -0.056403758623578056 -0.9887890132227817 235.01005984727982 0.07511317003207449 0.9960987132318285 -0.04631808702470682 35.66350766947098 0.9875439779294297 -0.06786729338222344 0.14195394374334722 81.55596411535447
0.1197636538769635 -0.05678781876492943 -0.9911769826070218 233.39389707004466 0.07580487249206096 0.9959713459176907 -0.047903020962841464 36.09177654368613 0.9899041814824814 -0.06939900396133634 0.12358596090443752 85.28556965267813
0.10089849920410325 -0.0566761533150882 -0.9932810813177528 231.70733985615024 0.076297140222945 0.9958767477815725 -0.04907391997587666 36.41875898545345 0.9919668539080124 -0.07083302106647078 0.10480669766020233 89.07472527529035
0.0817863916271385 -0.060656283435668486 -0.9948023931537279 229.8052485997854 0.07983508496791755 0.9953375322263837 -0.05412537436044325 37.94397393497817 0.9934472031028009 -0.0749934145193069 0.08624756475378127 92.68171607549573
0.06285696051489637 -0.06122752870452076 -0.9961426565726246 227.95401232994382 0.08205960152660499 0.9950538520994017 -0.05598261533223321 38.60500014567789 0.9946432648503298 -0.07822417242054448 0.06757036729955936 96.30242749682334
0.045504795028966795 -0.060372556597928104 -0.9971381388951089 226.25011630034194 0.0770784916473292 0.9954086124723042 -0.056750333402850836 38.264526016425656 0.9959860539961111 -0.07427549142073779 0.04994929048008175 99.96678855243964
0.030268751255588786 -0.05953687346659749 -0.9977670887513025 224.67622908717308 0.0742680874492538 0.9955991245796721 -0.057154477714527585 38.03196095980618 0.9967788390029441 -0.07237225873228498 0.03455723197725647 102.87527466401936
0.016838949199769145 -0.058861693820556234 -0.9981241159246793 223.25713329031674 0.06987230833229228 0.995894419630719 -0.05755141594010004 37.64530057737353 0.9974138109722387 -0.06877213061239572 0.02088261796008614 105.4996599092657
0.004202895277181335 -0.056921615225269236 -0.998369803926098 221.93924934471465 0.06671916657154237 0.9961699510691795 -0.056515320036492914 37.080493841644724 0.9977629420274576 -0.06637287327647366 0.007984560710354596 107.89990053382442
-0.007128664167578557 -0.05672692873838439 -0.9983642810633281 220.73709262267005 0.06645927528649424 0.9961553591187919 -0.05707596015227931 37.190829345373295 0.9977636728582474 -0.06675744194335834 -0.0033312264407098515 109.80039322923209
-0.01484717048008129 -0.05762319497558554 -0.998227994462959 219.79584227724706 0.0688596649842634 0.9959088892755559 -0.05851350955278606 37.780965978399315 0.997515868579037 -0.06960640532835055 -0.010818515160360868 110.92116495505105
-0.021503283538066666 -0.05861754166273279 -0.9980488928937796 219.0138344749542 0.0704139160127003 0.9957119037851794 -0.05999737571135846 38.28870533885894 0.9972860618843711 -0.07156667150225238 -0.017283584733810243 111.7797642202995
-0.02651361584224763 -0.05832676917450297 -0.9979453973903754 218.44450069440353 0.07496288124929817 0.9953694776343341 -0.060167843810103046 38.82336633373596 0.996833784845685 -0.07640412941469582 -0.022018501279811933 112.1673820783508
-0.032765084934225794 -0.05870604244324849 -0.9977374653634614 217.72689698271307 0.08315559414789021 0.9946521689773201 -0.061255284756696435 39.9559557431862 0.9959977893405005 -0.08497448634363204 -0.027708126957114207 112.7111382165161
-0.03776324821891664 -0.06047048101679507 -0.9974553914885387 217.10430068031812 0.08574404133580175 0.9942899766057021 -0.06352481245023149 40.74497359988439 0.9956012738337376 -0.0879247595790298 -0.032362635764242045 113.09188122804132
-0.040987051522299645 -0.059350910146985604 -0.9973953734965051 216.7577492974403 0.07707166864927775 0.9950722140508695 -0.06237985825181968 39.58046892786719 0.9961827239513463 -0.07942769220256635 -0.03621080242483022 113.66059777768774
-0.04301299173939688 -0.057841941237216365 -0.9973987128403249 216.5682793074122 0.06739746769447202 0.9958804620360807 -0.06066042105998527 38.177894317718845 0.9967986074879917 -0.06983133371712526 -0.03893739772106385 113.98760972509675
-0.04347077802829828 -0.05726861434364873 -0.9974119496320327 216.5302778858781 0.06321545154892318 0.9961974303959401 -0.059954035377039486 37.59728951475077 0.9970527057999893 -0.06565809534005677 -0.03968521605378816 113.75469924443206
-0.04363905880112824 -0.05744226749226235 -0.9973946152112005 216.5063548789867 0.06576573373788948 0.9960150493518412 -0.06024026668737495 37.93218282008807 0.9968803844057061 -0.06822321723575056 -0.0396874264362769 113.20381624431833
-0.04202276380510434 -0.05735475184099016 -0.9974690570456001 216.69314725460922 0.06872173946584019 0.995820605327911 -0.06015517042733966 38.22937645823763 0.9967504250548226 -0.07107569518204891 -0.03790561577680639 112.24904863506357
-0.04015482454249609 -0.06020080768032336 -0.9973782897279238 216.82708757850477 0.07145789932756615 0.9954544712488615 -0.06296160968670655 39.143011926957456 0.996635017792197 -0.0737987698087609 -0.035670476378382526 111.20287940814548
-0.0375638305417259 -0.062176940775852944 -0.9973580032620125 217.05993743127976 0.07235643605066913 0.9952733858233448 -0.06477216712278207 39.642782812251006 0.9966712119837103 -0.07459836129227142 -0.03288737896868364 110.08958705905184
-0.03402158036676814 -0.06291239635766532 -0.9974390018712338 217.4362937900436 0.07410580329852623 0.9951106105538569 -0.06529320547047834 39.94300828403224 0.9966698861643344 -0.07613739651226578 -0.029193061941261693 108.75532181833343
-0.029732899616530604 -0.0653732209141894 -0.9974178144928524 217.83781132962875 0.07575131382773478 0.9948419700550465 -0.0674625308624448 40.59566581038216 0.9966833464715689 -0.07756156654103158 -0.02462742905655764 107.2371913132301
-0.02475703968747786 -0.06718423979285569 -0.9974333897104952 218.3286309150739 0.07676820728601032 0.9946652638561989 -0.06890323089645417 41.02497156089665 0.9967415569424227 -0.07827701323718217 -0.019467353766272594 105.60502702217715
-0.01821342980470875 -0.06799503858636673 -0.9975193961534721 219.01071360093047 0.07655378141581125 0.9946613273017285 -0.06919799506708511 41.07082614012196 0.9968990869319168 -0.0776242146369459 -0.012910916942968092 103.7002240389646
-0.011488917002718577 -0.06808128796323296 -0.9976136241127485 219.72516607054322 0.07593510989433364 0.9947391485307022 -0.06875962089591076 40.91396741597922 0.9970465705630005 -0.07654387375669752 -0.0062587154335883135 101.78019635929282
-0.004078012189573435 -0.06631798981595072 -0.997790205425646 220.5552789650814 0.07555035534567178 0.9949263018481626 -0.0664364184606681 40.367508578805314 0.9971336488273395 -0.07565433310465262 0.0009530261097416932 99.72662030720609
0.003986408748323011 -0.06556489080751969 -0.9978403447639753 221.38099050968748 0.07668880620744321 0.994929684895704 -0.06506726608527788 40.18784940092347 0.9970471079882678 -0.07626380010682102 0.008994289604984544 97.49108936844281
0.010838781162993505 -0.06664208417403268 -0.9977180731247892 222.0470207751896 0.07710583234982889 0.9948615686483934 -0.06561364068620845 40.35290657531774 0.996963997063355 -0.0762187105860492 0.01592158019981852 95.43457500918473
0.017703789613013186 -0.0675873704112366 -0.9975562757028962 222.69232143034162 0.07646283128210905 0.9948823737489931 -0.06604920768557547 40.38887060200688 0.9969152477847161 -0.07510665592650796 0.022781109935103124 93.45472468574799
0.024161775816803368 -0.06922537452650807 -0.9973084057156257 223.26235538300094 0.07497294206333949 0.9949157986065185 -0.06724293004859891 40.51239265423379 0.9968928059464296 -0.07314643671989984 0.029228962476215453 91.59090180026118
0.031074566836562283 -0.06917913501185724 -0.9971201625556124 223.91700678684398 0.07397555743764295 0.995025095003276 -0.06672838388205674 40.302999013159315 0.9967757963542804 -0.07168896423252583 0.03603753889429214 89.62435401874228
0.03800317884054106 -0.0702853161286366 -0.9968027551801367 224.51201821814476 0.07496141700271071 0.9949132023818282 -0.06729417275872643 40.53312913629923 0.9964620135052614 -0.07216435451823303 0.043078551252418114 87.57534877082051
0.044533266653598386 -0.06934851252928739 -0.9965979991807803 225.16665269571328 0.0782735236167224 0.9947631486153155 -0.06572315921778295 40.50350957920498 0.9959367668992753 -0.07508037005049269 0.049728204987704715 85.45249746741231
0.05082625681995639 -0.07007390996630602 -0.9962461235857865 225.68285874876804 0.08004377153171391 0.9946122036880941 -0.0658753285661028 40.71786422427636 0.9954946942383223 -0.07639510073785653 0.05616139534059073 83.55115690265583
0.057420880999377095 -0.07346826514998095 -0.99564313709336 226.14075781654276 0.0820476205544182 0.9942622853349483 -0.06863450970090804 41.52896883625181 0.9949728792216466 -0.07774909630586016 0.06311931271020381 81.46618272249661
0.06411443266171021 -0.07419084972228816 -0.9951809168899652 226.67306757886251 0.08293381996351885 0.9941791755323539 -0.06877316659910113 41.645581728571074 0.9944904831272774 -0.07812480243363135 0.06989416437715242 79.4763127760066
0.06999990897770894 -0.07573714369441577 -0.9946677323649963 227.12108666672222 0.0829422543134513 0.9941028988807713 -0.06985706038941163 41.8950986073869 0.9940928503879883 -0.07760999614649232 0.07586892186940722 77.64813166385235
0.07587699498457746 -0.07665891840188684 -0.9941660283179884 227.56954243905943 0.08063755916541025 0.9942463623947708 -0.070510672359657 41.827291526162995 0.9938512291504978 -0.07481698399573983 0.08162201432105091 75.95063942435938
0.08230683632153733 -0.076263910425978 -0.9936847591974419 228.09358178128807 0.07998174323888918 0.9943571472964364 -0.06969063329430829 41.5786618513907 0.9933924226826013 -0.07374062372282832 0.08794211146976279 74.07527259845867
0.08794874910582069 -0.07741302159912879 -0.9931124013008872 228.49702642789444 0.0796455992795468 0.9943302879711858 -0.07045464454910463 41.72274726868924 0.9929358468935057 -0.07290063449676995 0.09361571152239936 72.33596529672016
0.09403779401445156 -0.07769173090584755 -0.9925325628138096 228.9542003169263 0.08110774399083509 0.9942343102998678 -0.07014035990258054 41.80003841905093 0.9922592540065388 -0.07390623229065156 0.09979700229459561 70.43263597465621
0.10054435112215346 -0.0751767879481661 -0.9920883448621002 229.53136402875566 0.0822525846427207 0.9943559819362782 -0.06701263692119348 41.21279393702977 0.9915267751185629 -0.07486408846260072 0.10616036210208925 68.47818073928032
0.10933545801191871 -0.07442720614490232 -0.991214582523274 230.18104288150525 0.08429774567018954 0.9942947011331489 -0.06536005946651549 41.038957062814205 0.990423973708355 -0.07641098274467234 0.11498571224176239 65.95669794357734
0.11810474580913631 -0.07422384435697371 -0.9902232525780389 230.79854970043093 0.08663409307737249 0.994170302766682 -0.06418678223329485 41.001122093944765 0.9892147405563768 -0.0782063298312547 0.12384654633983358 63.38995788185066
0.12764855568791333 -0.07433097144944714 -0.9890302082920274 231.42641330782152 0.0882883897129427 0.994080624685403 -0.0633156526221903 40.95840657837911 0.9878820812590362 -0.07923773285789915 0.13345551775350079 60.66007227338117
0.1345977989270972 -0.07623586994818637 -0.9879633215141258 231.7999835985682 0.08754372998982346 0.9940522023924931 -0.06477896462666297 41.219318942170986 0.9870255963567761 -0.07777088820295663 0.14047121087494624 58.67813608989602
0.1393043828911491 -0.07923681405040935 -0.9870743721759051 232.00460875401177 0.0861905958726998 0.9939807514250887 -0.06762726506021882 41.736512153942634 0.986491495194168 -0.07565575388268234 0.14529534340101175 57.08987215031827
0.14194467030313618 -0.08105322220681775 -0.9865505996868212 232.11574251155693 0.08621817325425792 0.9938666753492491 -0.0692492471506347 42.10909292075197 0.9861126391915039 -0.07522902897235316 0.1480623383127665 56.00898036653011
0.14429748625226008 -0.08247225824662686 -0.9860915586703807 232.21087936182087 0.08842549717450625 0.9936087294995999 -0.07016141469235798 42.51259080809174 0.9855755510922135 -0.07707152056300257 0.15066789242365633 54.900825386230416
0.14612257419973163 -0.08184665131354821 -0.9858749002677786 232.35412866262055 0.09049796747509053 0.9934988477191812 -0.06906632655308036 42.45229776533076 0.9851184249581982 -0.07912752523248619 0.1525795646817125 53.95140732176237
0.1492422565481913 -0.08192505640076563 -0.9854009508794557 232.53327283047963 0.09018145622774536 0.9935361845691395 -0.06894312804363051 42.402878981830256 0.9846796706609959 -0.07857566471579197 0.15566570303513982 52.78239236335989
0.15177133158034134 -0.08054479399615141 -0.9851284175529846 232.73321511217213 0.09015304045145117 0.9936478838927782 -0.06735215017178595 42.05130398214703 0.9842956325249488 -0.07859019656115723 0.15806862053168422 51.74377646190755
0.15453824533767133 -0.0807331303058008 -0.9846827369254425 232.89022293222257 0.09141956328760399 0.9935483808484867 -0.06711243075358138 42.1134119242411 0.9837481355388977 -0.07964782849756218 0.1609218109498071 50.58510400020205
0.1573298613492664 -0.08027822769804188 -0.9842777661237107 233.0753118797041 0.09191283840144002 0.9935545311840925 -0.06634322648581945 41.99295285740729 0.9832595511180205 -0.08002999263538205 0.16369439640369282 49.452615268703475
0.16037858332200172 -0.08069116894961302 -0.9837518209717189 233.22606703400396 0.09052456275533234 0.9936550430924717 -0.06674547831017782 41.96284587564372 0.9828957287269 -0.07834915819869112 0.16666552090931352 48.333122566113836
0.16390865563695037 -0.07772604590253286 -0.9834086711004969 233.52189808805446 0.08676979035233477 0.9941631787164272 -0.06411378608896416 41.05276158736983 0.9826520015191033 -0.07482135973642111 0.1696962228150455 47.24269166494017
0.16777805506569382 -0.07842385561424203 -0.982700474767856 233.69625979608696 0.08612815081669692 0.9941851852455493 -0.06463558675504866 41.117793391858804 0.9820552254711898 -0.07379374166465358 0.17355695841959506 45.89045214119104
0.17146681943767828 -0.07832896921316776 -0.9820711289992846 233.90129359720353 0.08820066073853886 0.9940519878516063 -0.06388496609966365 41.13127613540873 0.9812338015362149 -0.07566517052298649 0.17735559955218658 44.487808652972994
0.17794875956124576 -0.07684854513282799 -0.9810344234947018 234.26897636743303 0.09074999220261779 0.9939790207639663 -0.06140150809493035 40.79436975965813 0.9798462521670627 -0.07810254408196117 0.18385133864643616 42.39326005169322
0.18492091545564415 -0.075615740735916 -0.9798400455074313 234.6259125569205 0.08926274841526106 0.9942065959724231 -0.05987826208467251 40.33693807523188 0.9786911753829194 -0.07639047242873717 0.1905992627208039 40.33830938656018
0.19095062963332768 -0.07599053353474367 -0.9786538181889143 234.88698817919334 0.08857077117773812 0.9942658917002738 -0.0599212407618513 40.298700950048826 0.9775955582630357 -0.07523812474114432 0.19658623820048934 38.467510438874406
0.1988296235761335 -0.07536941438954876 -0.9771316350232191 235.2444868149814 0.08782458573187756 0.994397219811519 -0.058830360972423654 39.9922197823188 0.9760909911117903 -0.07411896252443136 0.20433491249589436 36.15173980082981
0.20809972617686137 -0.07266510986358309 -0.9754046779535295 235.70709244886135 0.08870493498010874 0.9945291693259721 -0.05516489708108249 39.2544641603073 0.9740769674288012 -0.07504340856001374 0.2134070016574078 33.47850853303341
0.21826044399650565 -0.07023020038487345 -0.9733602095526346 236.16915799829007 0.08909268504640976 0.9946759422803916 -0.051790571727257886 38.53306018411233 0.9718152458454588 -0.0754154414063561 0.22335540991839667 30.562468473365968
0.2287745609749979 -0.06908229460578963 -0.9710251473688496 236.56641692591703 0.08842588301660137 0.9948299340624547 -0.049942622138075245 38.07188297872036 0.9694550342658661 -0.07443815463383763 0.2337004443112541 27.592078548712106
0.24285425576089475 -0.06889833876327406 -0.967612954323413 236.91507168826234 0.08535571072746256 0.9951234315314239 -0.04943438745785532 37.75072983240134 0.9663002706741998 -0.07058594005030151 0.24755082702787237 24.466375542320606
0.25067657923208886 -0.06891121464599351 -0.9656150874548884 237.19000228398113 0.08510611672510127 0.9951699037688745 -0.04892659326605802 37.589424475676765 0.9643226646307094 -0.06991499931103942 0.255330553108839 21.629205197872206
0.25984725854501073 -0.07222470219250135 -0.9629449592888716 237.31964026155646 0.08720099762528968 0.9948798385785336 -0.05108906735403419 38.242103127574765 0.9617044183322631 -0.07069440701466638 0.26481486472071036 18.61157328659067
0.2704112408543638 -0.07332820662226097 -0.9599482980521225 237.4997080606588 0.08943209640279659 0.9946970703909215 -0.05079013968005238 38.36617425168041 0.9585821096560295 -0.07211596403904849 0.27553516432229574 15.431053227637964
0.28066586335827953 -0.07661246758048161 -0.9567430182429246 237.56904066289064 0.09045621377598027 0.9944838823760809 -0.05309878608321695 38.97645281718541 0.9555335402457967 -0.07164033434753589 0.28604775118834186 12.336272613345978
0.29090753821085436 -0.07846024960670629 -0.9535286012720087 237.65215436125433 0.0895124829240291 0.9944922676670426 -0.05452196760241137 39.22697662541972 0.9525546281515173 -0.0694918612653046 0.2963284691098848 9.374907367869984
0.3008452619967343 -0.07831697608143448 -0.9504517765734231 237.75569135425596 0.0883532917641704 0.9946249162498628 -0.05399047887718836 39.01611670341699 0.9495713897167244 -0.06773276336022886 0.3061477561554805 6.451861755276542
0.3097101618451439 -0.07809982627811643 -0.9476180838213162 237.83835089753876 0.08632248362890099 0.9948147966227809 -0.05377684669551565 38.815306559050825 0.9469044537174767 -0.06514551063352643 0.31484602264329814 3.8276432480373495
0.3169374226080153 -0.07822037080292024 -0.9452154483196104 237.88274514503078 0.08525877734510237 0.9949082568700354 -0.053744779257581934 38.73416180951449 0.9446065906165416 -0.06355418163489805 0.3219926318419597 1.6041398653845251
0.32484699688421886 -0.07908715046135162 -0.942454057897364 237.8754970676348 0.08355942871863822 0.9950006303655579 -0.054695223231627996 38.82326061173156 0.942068071047692 -0.0609833436607598 0.32983144378369167 -0.8030565167562659
0.33296406082203356 -0.08059466643148763 -0.9394889216716173 237.82138063362578 0.08427821155569734 0.9948966190253526 -0.055478829375678336 39.0571653892956 0.9391656495304086 -0.06070598977629595 0.3380571927165668 -3.3626792535619496
0.341266478733565 -0.08044574950729791 -0.9365178438657762 237.80881119904916 0.08541727925136225 0.9948627922459713 -0.05433151028495402 38.89580481621442 0.9360774962032192 -0.06145328299414396 0.3463847789830749 -5.985759748262722
0.34898124865642904 -0.08121160858373416 -0.9336041788238965 237.74706825270172 0.08733661485088151 0.9947206123325016 -0.053881528441960806 38.94467758191713 0.9330511260336105 -0.06273418551392378 0.35423158833638224 -8.504599882998066
0.35761303668639066 -0.08201593809943097 -0.9302614158878182 237.6487971644209 0.08649899703016029 0.9947628170493632 -0.05445054020660554 39.01618751780974 0.9298552787959609 -0.06099445641765446 0.36283444817381977 -11.148160195692183
0.3661316828963608 -0.08099646445547133 -0.927031371381353 237.60412262262574 0.08473453509300326 0.9949680487700616 -0.053466255612942395 38.67076320228336 0.9266971724042602 -0.0589758821248946 0.3711525238841024 -13.708356338395417
0.3742372896340106 -0.08231719439178352 -0.9236721986477968 237.45527228300273 0.08316651736316212 0.9950178797868257 -0.05497953523096855 38.902655203427955 0.9235961138057439 -0.05624320769653685 0.3792188288454724 -16.211921745882666
0.38284284402485985 -0.08101993369681985 -0.9202538384178137 237.368476786364 0.07971047777280747 0.9953287986288181 -0.05446854462297009 38.531538051008894 0.9203681852998763 -0.05250098059919104 0.38751264563099846 -18.74583599967265
0.393678850859342 -0.08101913969877442 -0.9156707166817876 237.20169529332784 0.07702704205672686 0.9955126643648239 -0.054966989013778327 38.47686628934003 0.9160151730064624 -0.048892065733818955 0.398152946404043 -21.370080246487582
0.40045318220163256 -0.08377041967125207 -0.9124800083578206 236.8961064560719 0.07697963246843464 0.995367662101242 -0.05759647062219041 39.05117025491503 0.9130779731488494 -0.04717768573394021 0.4050467638670611 -24.129496957279237
0.4084803188315401 -0.08430498765126397 -0.9088655006019336 236.67778372722736 0.07697723810768566 0.9953600272663392 -0.05773145532259851 39.08437430354904 0.9095154390886367 -0.04637979277091212 0.41307454639802155 -26.685500683003568
0.4172887448617285 -0.08530208910328968 -0.9047616575686316 236.38110577639793 0.07609682978171228 0.9953682652326048 -0.058747672847596605 39.25708431002584 0.9055823407669213 -0.04433475118289898 0.42184719262862713 -29.41812879436865
0.42270413110774296 -0.08625310276069288 -0.9021538781209121 236.2217914998836 0.07569785098060254 0.9953423576609002 -0.059694441977113766 39.45053966473835 0.9031007988598873 -0.04305802259967201 0.42726450096917673 -31.286790978498384
0.43206941508134894 -0.08635700646353628 -0.89769621141337 235.8933457960808 0.07611442790594458 0.9953451057204414 -0.05911610933505383 39.35067846455833 0.8986226206900267 -0.04278537078278076 0.43663119177535653 -34.219779792381736
0.4408166984667334 -0.08642398843689895 -0.8934268479151204 235.56058268989818 0.07670205317974178 0.995340064022004 -0.05843759056193766 39.2393034335566 0.8943139456538185 -0.04276740786313055 0.4453914182309393 -37.0045234439731
0.44908873221924495 -0.08623425301046411 -0.8893160091898934 235.2404147467895 0.07734354524532355 0.9953474146387338 -0.05745868238023894 39.06941737771842 0.8901332970980221 -0.042978806169039326 0.4536689714072236 -39.6802895868336
0.45732892135117625 -0.08567541399262196 -0.8851609916466961 234.9078906722534 0.07560474952114299 0.9954905948375701 -0.05729221098706266 38.91603441188097 0.8860779759962522 -0.040720990006797624 0.4617441081673392 -42.238806753817435
0.46494615452574967 -0.08566214057832015 -0.8811850379252122 234.5541611113865 0.07351671410640921 0.9956062757302515 -0.057995141809768225 38.93830746463985 0.8822813418285089 -0.037817210342365945 0.469200908421123 -44.62084700066511
0.4703840157751181 -0.08606537859127845 -0.878254876622506 234.28138637519515 0.07146904146128959 0.9956788398786078 -0.05929438363449107 39.09639783520006 0.8795629902490656 -0.034876903904011304 0.474502421235332 -46.42862528085221
0.4749348954495523 -0.08672346754291231 -0.8757373380538575 234.02512634600862 0.06983162226941066 0.9957083387278667 -0.06073260013381684 39.31544462584393 0.8772459117120724 -0.03231012790326237 0.47895267617931697 -48.03358289983307
0.4781682576599326 -0.08735606976899053 -0.8739130588571036 233.83687314389806 0.06734652571397044 0.9957584271331242 -0.06268652381192998 39.595468347479155 0.8756823412863375 -0.028880302420186053 0.48202319995140974 -49.236395621657906
0.48067025791040136 -0.0879012333328308 -0.8724846567928375 233.68464234190293 0.06487668000234402 0.9958011974887664 -0.06458321354510001 39.863034272164604 0.8744982101480949 -0.02556067797429812 0.4843547586111574 -50.24861918366949
0.4825716908494646 -0.0881460050434329 -0.8714096883702706 233.57649998150663 0.062468080205289565 0.9958530132735335 -0.06614011573537892 40.05627196672228 0.8736259509344685 -0.02251794282137937 0.4860767841657723 -51.1121245408475
0.4835332056010064 -0.08872686126028469 -0.8708175372442342 233.50658288965454 0.0611896448697062 0.9958418788245067 -0.06748910830642113 40.28509671070731 0.8731846691519121 -0.020651790967729518 0.48695178107066317 -51.76130777931049
0.48448879218182067 -0.08914250438895653 -0.8702437728369364 233.44112761340904 0.06248103944858012 0.9957801095016251 -0.06721676301605385 40.31705226269029 0.872563310000842 -0.021807967172486217 0.4880140188643951 -52.53592908865365
0.48491929812439377 -0.08892210486180165 -0.8700265131439916 233.43893292676708 0.06448323643077815 0.9957450537641732 -0.06583084477352791 40.13859055107575 0.8721784143889125 -0.024179478305594446 0.48858997769388557 -53.207196331197004
0.4858220035062469 -0.08751181390203819 -0.8696658342931215 233.45749444298139 0.06483319111194616 0.9958422769804892 -0.06399075486784317 39.74336415500049 0.8716499516660446 -0.025295094502483368 0.489475760334148 -53.93252186091308
0.4867916568851227 -0.08747427524840591 -0.8691272254145553 233.41154802562917 0.06332188044001301 0.9958893854995613 -0.06476628217558097 39.82595720889113 0.8712199620328828 -0.023507084444320252 0.4903296796404945 -54.588679343057
0.48690643335267225 -0.08632459607322457 -0.8691778812605475 233.46666873520292 0.0614873437662711 0.9960230498910734 -0.06447783062613835 39.64132143637613 0.8712872268754708 -0.02204876863861573 0.4902779008737521 -55.01590425336898
0.48628297832923406 -0.08713366509083698 -0.869446139444582 233.48691714026768 0.05899640245652723 0.9960192199366831 -0.06682168820008036 40.02542822715652 0.8718074841869834 -0.018799944802023936 0.489487765517182 -55.20169183774029
0.48761931233154665 -0.08551864635503349 -0.8688578522214737 233.46670023952964 0.055805253903559816 0.9962089596219579 -0.06673441695029411 39.803884207022215 0.8712710140238046 -0.015945842547171872 0.49054311760271596 -55.87062280585523
0.48749932480809055 -0.0890124865323089 -0.8685742257015179 233.3318924133735 0.05379143141093476 0.9959619980757356 -0.07187614552653121 40.87570315216609 0.8714647957424433 -0.011682278473136933 0.49031891066045735 -56.17685601583909
0.4867244871303173 -0.08737188372147471 -0.8691751420529068 233.46417596719172 0.053009097419805765 0.9961060420361705 -0.07044706246375781 40.49433190453376 0.8719457031366502 -0.011785879432446088 0.48946070713340895 -56.420217115516934
0.4875265454423567 -0.09033211904719751 -0.868422694174608 233.30857632324444 0.0528729699663379 0.9958626377901942 -0.07390572170336354 41.31689520139499 0.8715057753887696 -0.00988508583671524 0.49028559895434454 -56.91626401023579
0.4860888188864739 -0.09140852077512003 -0.8691157244482792 233.33087275062965 0.052345537417865226 0.9957744410787843 -0.07545334456914232 41.64492445458367 0.8723403033598687 -0.008817302531913936 0.48881965008587064 -57.099460467006494
0.48555297456814084 -0.09229200039626619 -0.869321859584174 233.3274679612795 0.050118529840752477 0.9957148986856147 -0.07771726643480271 42.04396735111208 0.8727694093256432 -0.005833283668064668 0.4880978702545381 -57.31134632682247
0.48490620493303155 -0.09553379944941837 -0.8693326553053228 233.2196637910665 0.04906531993509275 0.9954220171716989 -0.08202196114147182 42.99618309815213 0.873188734923391 -0.0028811269643036763 0.4873737090881122 -57.51018928904652
0.4835773157359406 -0.09445246752385694 -0.8701906176719427 233.3663716739462 0.044968262479177984 0.9955288306892474 -0.0830674583462358 42.99355009269854 0.8741457744994403 0.0010385784296898307 0.48566252303386476 -57.38331152984842
0.48390522704339956 -0.08898292020433751 -0.8705847294502611 233.5973010908135 0.03991867002445828 0.9960260020870432 -0.07961597170153518 41.87606515917604 0.8742094892092822 0.003774000319254997 0.48553426851050985 -57.78780676064015
0.4850159956222912 -0.08093079825177127 -0.8707523700139143 233.8746587161701 0.03194199265332327 0.9966835920146787 -0.07484334649153787 40.26190428159123 0.8739217316761568 0.00848665440844907 0.48599257566458653 -58.29246310547972
0.4820946262274269 -0.10112034151204992 -0.8702640104560937 233.16258129446342 0.0490532817685536 0.9948741995658121 -0.08842568962705044 44.449637442187935 0.8747448467469656 -5.975592827888593e-05 0.4845837899877137 -58.557249971865524
0.4841232738739568 -0.09809910918351644 -0.8694833066085642 233.16527442503627 0.043400729809509625 0.9951644796302065 -0.08811376245707844 44.06340850058164 0.8739227839721103 0.0049217130900756426 0.4860398588538755 -59.37902657792024
0.48563341718232367 -0.09674575300477864 -0.8687925203357574 233.1230488849324 0.040647920356606165 0.9952810613301053 -0.08810990596012404 43.9181923888692 0.8732170009147222 0.007474505546005206 0.4872742565335671 -60.18279136040394
0.48702619113551665 -0.09838280784952051 -0.8678285039497581 232.9563641787289 0.0412378187266708 0.9951174091301713 -0.0896704207234523 44.33318652106542 0.8724132801916172 0.00788448893074424 0.4887053338972305 -61.06426175286447
0.4893068902338148 -0.0997222487070363 -0.8663915051998868 232.70531415044115 0.04101779386199267 0.9949731123675061 -0.09135669790668381 44.73185617535312 0.8711465478072037 0.009163993590679001 0.490937586119724 -62.172370936701476
0.49175535665480063 -0.10001775978735307 -0.8649700092653092 232.5119694350458 0.03948425318116615 0.9949205474172458 -0.09259642583649443 44.9368277980737 0.8698377221942235 0.011382093572238017 0.4932066351884141 -63.239988648334794
0.49617715906490456 -0.09728374536016485 -0.8627537885810638 232.28321457531015 0.03383427911693618 0.995114378709611 -0.09275028216680539 44.66123776063804 0.8675617951356073 0.01682991901594793 0.49704455076682913 -64.72597330711487
0.5014931293252267 -0.09840954614025973 -0.8595465097759746 231.81954053251582 0.03430554934589208 0.9949902877981326 -0.09390131240545031 44.97592200545409 0.8644812146736723 0.01760364779974599 0.502356786617315 -66.60449384107663
0.5072344961718909 -0.09847729080486535 -0.8561631790079401 231.29616471396318 0.03623470780725162 0.9950084045771794 -0.09298021709427753 44.88844375892204 0.8610459986803093 0.016139950945088535 0.5082708826404666 -68.86929002600655
0.5140844212428206 -0.09925347145609553 -0.8519776735568536 230.69501253572844 0.033633203444244884 0.9948511254104138 -0.09560358725336357 45.40018253423455 0.8570799352811338 0.020493576397190807 0.5147756772274116 -70.95264649408875
0.521009381751067 -0.10556186349497658 -0.8469981801059782 229.74016128874342 0.039678378515362614 0.9942455104926651 -0.09950623670690845 46.67670979768466 0.8526282017419801 0.018236168474973433 0.5221997623070982 -73.51523755639992
0.5292418612854115 -0.10601236534223898 -0.8418220896707908 228.93018626558808 0.03604225930836518 0.9940770571461175 -0.10252687452401511 47.21799034808906 0.8477051420199725 0.023920343857441115 0.5299281171466937 -76.02440058839234
0.5374492934280144 -0.10883581380314691 -0.8362433991533413 227.95716916262452 0.035810710411440884 0.9936877957459995 -0.10631160616454083 48.11627422208518 0.8425353701854634 0.027190627415770524 0.5379542915222265 -78.64653094845006
0.5451207681674927 -0.10711909916694032 -0.8314859269441341 227.34727472995476 0.03389085371362515 0.993808439026423 -0.10581208132546227 47.92444075746807 0.8376722259613509 0.029500595138535528 0.5453759774132225 -81.24639398659333
0.5556751575431184 -0.10574980820309504 -0.8246466499989187 226.28141818920662 0.033929090010484726 0.993935830568357 -0.10459627891780085 47.65108396088858 0.8307068894264034 0.03014204335141494 0.5558934439999365 -84.7434793650144
0.5652785690821254 -0.10298793706531903 -0.8184458590251982 225.4164772999818 0.03308095360995411 0.9942078483244791 -0.10225656379062206 47.04643917373888 0.8242364890277065 0.030728474564146284 0.565411329039523 -87.94084921431367
0.5755614284277162 -0.10070421465701676 -0.8115341664135653 224.3940199101808 0.032664438319601745 0.9944276447424389 -0.10023319730144571 46.54970108045135 0.8171059151514641 0.031182054491631875 0.5756436422841558 -91.38445015564244
0.5857801066228296 -0.09910698315416912 -0.8043876382534888 223.27876852176414 0.03151240307560384 0.9945298660057267 -0.09958571220326852 46.334950603251094 0.8098571695906304 0.0329871416268641 0.5856989101491842 -94.77948594397039
0.5967454228870133 -0.0978007169457779 -0.7964483159805735 222.07700426472593 0.029198253803443444 0.9945339790282135 -0.1002478255781079 46.39742924530533 0.801899221996274 0.03656753099678563 0.5963392100462368 -98.13216563096928
0.6052557731189017 -0.09966213360005592 -0.7897676292635228 220.8244194333355 0.028262217175733698 0.994196563508914 -0.10380000090258854 47.16954448461443 0.7955291925420162 0.040504965539428915 0.6045598825427448 -101.17610303594897
0.6157422872603469 -0.09766780118348287 -0.7818711123269488 219.5247449516018 0.02605772534455974 0.9942694563855652 -0.10367855635868062 47.059395783910446 0.7875166224463228 0.04346548873228373 0.6147587499661958 -104.61442582218265
0.6235008194637368 -0.09717743216306057 -0.7757598048405463 218.20054236499118 0.0238617023092745 0.9941482402893054 -0.10535604155709902 47.36008437687832 0.7814584744507875 0.047178628719700764 0.6221710614462685 -107.86007407533258
0.6344600508614447 -0.09581483176247904 -0.7669941081098476 216.92964271383084 0.020317263018399416 0.9940117377354598 -0.10736793780068953 47.65863088084428 0.7726885871321861 0.05253744624988345 0.6326074328184949 -110.91545100886269
0.6445938858065777 -0.09318896749054931 -0.7588244452564916 215.5811549385369 0.015083134937328331 0.9939003719884338 -0.1092453642115563 47.837633397817434 0.7643763611083478 0.058973442321934924 0.6420676846559578 -114.04118594469212
0.6544608275881839 -0.088703183218661 -0.7508746702609338 214.2633037685471 0.010871893546133084 0.994095818425909 -0.10795974119477877 47.31520578229674 0.7560177425717672 0.06249199208697642 0.6515611435941299 -117.36944729130114
0.6648343635073262 -0.08311673670856197 -0.7423522594959404 212.9057449788507 0.007466758508043916 0.9944801444543601 -0.10465892127963854 46.387943841026676 0.7469534902637454 0.06403788226475489 0.6617851864599678 -120.81133239326543
0.6756894082863071 -0.0789595276690794 -0.7329455754146935 211.21203620084927 0.004318457875094411 0.9946541521200603 -0.10317203396223787 45.86384253007448 0.737173774934568 0.0665470559874741 0.6724182588895983 -124.55007451684284
0.6870272382088862 -0.0758043131027333 -0.7226667835690895 209.33280689427673 0.0020976438034038813 0.9947462416958959 -0.10234996102766505 45.541343093085196 0.7266286354456067 0.06880131355514435 0.6835767735986517 -128.40112311263817
0.6973695023687396 -0.07315171733880901 -0.7129688656711172 207.54641689944717 -0.0009652095106705838 0.9946808978173713 -0.10299990236805368 45.5538833571402 0.7167111311655324 0.07251715498839614 0.6935895159932941 -131.90021290280197
0.707687340544385 -0.07063452183878931 -0.7029860541702242 205.68018527101904 -0.003769943194292233 0.9945983224901249 -0.10373024837597504 45.59902310704848 0.7065156867059128 0.07605880109780368 0.7035983536180548 -135.4264681918206
0.7180660107602409 -0.07004366580008062 -0.6924413975725023 203.6239410225923 -0.003929403453879328 0.9944989300381611 -0.10467300483624868 45.82925851854496 0.6959639099690229 0.0778830086362829 0.7138406495755131 -139.05451410147253
0.7278721458698101 -0.06517253782549545 -0.6826087309581254 201.79343679281553 -0.008478725962449144 0.9945416275887728 -0.10399549124422763 45.45245070179819 0.6856604483801961 0.08148307374209013 0.7233465685413939 -142.4597242835821
0.7378590289252891 -0.06447690713865009 -0.6718681283401253 199.65863739178616 -0.008572467059931178 0.9944512506732439 -0.10484857101042062 45.66346992425903 0.6749004120919884 0.08312303218876653 0.7332121079727267 -146.02059247395593
0.7466727985020063 -0.06397628926553328 -0.662107820818479 197.69016135766714 -0.008721673481545004 0.9943370849018407 -0.10591361574694162 45.92633915479848 0.6651343205615416 0.08485750409199115 0.7418864735324496 -149.23848395902107
0.7542377677430526 -0.06645073334190213 -0.6532301965986419 195.82368877681674 -0.006722386989511022 0.994032047174292 -0.10888112188827367 46.76479290233241 0.6565669799975781 0.0865135204971412 0.7492898047805339 -152.07960738441835
0.7611192784956079 -0.0682525607949518 -0.6450108773092565 194.07960221831684 -0.005282477883000375 0.993762783946767 -0.11138951777338414 47.45758264513942 0.6485904249445417 0.08818796509333264 0.7560114704704924 -154.7417042557116
0.7675122420854703 -0.06966934351048187 -0.6372371150707976 192.4329379349267 -0.002484189564756052 0.9937457678758996 -0.1116386027812287 47.6598383626876 0.6410294744012484 0.08726701211544419 0.7625389705092469 -157.39071507417754
0.7738488917099666 -0.07102321679613799 -0.6293755599601761 190.75471774300144 -6.90070717481589e-06 0.9936919930098002 -0.11214376032839073 47.907397865824684 0.6333702651306238 0.08678666777875556 0.76896695738128 -160.01266560813596
0.7794768205252811 -0.07309492673358682 -0.6221519251353406 189.1880036172909 0.0006803751226607951 0.9932672077018172 -0.1158438224245375 48.8624153792216 0.6264307011581499 0.08987427768859613 0.7742784969611786 -162.2477760009478
0.7855813641361747 -0.07570383321935309 -0.6141098028511214 187.4122058827491 0.0007704432351025373 0.9926061727461395 -0.12137706638192718 50.24553678328944 0.6187578902439697 0.0948784246399446 0.7798312367420749 -164.55129993214777
0.7906007705719759 -0.079364742390172 -0.6071669121718833 185.8452628189724 0.003648990379922952 0.9921579964301057 -0.12493676396083514 51.26113302487925 0.6123210811659231 0.0965595556386826 0.7846904776882762 -166.69149472699718
0.7955758916395484 -0.08276099613896434 -0.6001746563793109 184.25432661484797 0.0065289094973459486 0.9917396064055846 -0.12810123507317095 52.18631808894545 0.6058187633135119 0.09799576829936417 0.7895444606940792 -168.83467734932918
0.7997935522820862 -0.08603761652990782 -0.594077269612173 182.85759456187 0.008329658073376434 0.9911703379164869 -0.13233283051041356 53.3231745696427 0.6002173693957737 0.10089048407243244 0.7934483094060051 -170.6803411123586
0.8031819045930488 -0.0879618060255363 -0.5892041656463474 181.74889170752238 0.00978151672410952 0.9908531161668581 -0.13458983658881046 53.964278108059176 0.5956535486882106 0.10233681089008326 0.7966956928915763 -172.345733015068
0.8055508901282266 -0.09008791754253326 -0.5856380541994103 180.91466851016335 0.014355603164255028 0.9910514989466253 -0.1327058517678761 53.70377192092491 0.5923526652859866 0.09849412951286388 0.7996356835335019 -173.97721221325597
0.8072246764268151 -0.09254393286020035 -0.5829442016680415 180.2596097623408 0.020452876697372883 0.9914246145537338 -0.12906941346338674 53.06673803102095 0.5898898215789332 0.09226512964141623 0.8021952033325972 -175.5296894004776
0.8088123213912152 -0.09404750725561241 -0.5804977994314529 179.6770351733393 0.024269054617578917 0.9916261403268889 -0.12684088776244948 52.677753462152396 0.5875658616306114 0.08850234007868304 0.8043218846002355 -176.9184503357997
0.8097410940503902 -0.09499501037069341 -0.5790468967283643 179.33111908188548 0.025418021696008895 0.9915609725637863 -0.12712498519732265 52.80432879903204 0.5862365433672131 0.08822009801077152 0.8053222519760842 -177.90729120315953
0.8110704294210735 -0.09449450421538336 -0.577265577695227 178.93364692701826 0.02424663857090254 0.9914484780658391 -0.12822642418372 53.04720160982426 0.5844457708262824 0.09000391110401909 0.806425716944377 -178.90969785421208
0.8117292275250014 -0.09433410818921575 -0.5763651075610057 178.7396615040447 0.023521077748340072 0.991348850723639 -0.12912867640643091 53.25973379166486 0.5835601255082641 0.09126079224434522 0.8069256766987363 -179.73133205487457
0.8125736123371976 -0.09229075661063782 -0.575505465462765 178.5949178331708 0.022191169066524255 0.9915671315974123 -0.12767997317959115 52.85328822074842 0.582435984936318 0.09097823794686394 0.8077693257801667 -180.68812869717135
0.8135503694086471 -0.09100657477807211 -0.5743288254843363 178.3610694247939 0.021710353928387598 0.9917423186911223 -0.12639554521208665 52.520923215242306 0.5810890267139436 0.09036026042636033 0.808808114677593 -181.69973199775472
0.8148895609107417 -0.09002367198061009 -0.5725825198186076 177.9879884071485 0.021692776092927593 0.9919095892622891 -0.12507913572974183 52.19713608606085 0.5792101751385941 0.08950477759675506 0.8102496330164395 -182.84609324309176
0.816385347299983 -0.088294778183844 -0.5707179661263101 177.60373925426472 0.02098085828901064 0.9921255063393487 -0.12347786545104933 51.774925869438064 0.5771263018606435 0.08883136729982702 0.8118092262867556 -184.03635889868207
0.8182634349797485 -0.0863203185640018 -0.5683253940993243 177.10533792020462 0.019063857304558125 0.9921923078489208 -0.12325174883182785 51.65680854335777 0.5745272146032896 0.0900179251507264 0.8135202842165301 -185.24697821338805
0.8210961397663851 -0.08487619384725781 -0.5644441167899119 176.2500737174957 0.017589493512254056 0.9921753128233463 -0.12360727463170407 51.70281924804188 0.5705188331499 0.09156516991682948 0.8161642485917763 -186.7435167926744
0.8254109550577906 -0.08331937147274894 -0.5583499239795524 174.8726351216553 0.01690192229132051 0.992252561177536 -0.12308200461268974 51.55750933353419 0.5642792573659288 0.09215604795132053 0.8204243917220829 -188.77408816024754
0.8299900515330582 -0.08081402812876275 -0.5518927497383481 173.44823217629835 0.015440370357403865 0.9923980898559344 -0.12209679034896473 51.267985648332775 0.5575644440953689 0.09281769286023211 0.8249283402652171 -190.8615348522695
0.8363933635454213 -0.07765987173711403 -0.5426003001648191 171.34553407478853 0.013171322089078917 0.9924739876729374 -0.12174522605426433 51.10572092813103 0.5479714022570908 0.09468013579602205 0.831121539965151 -193.50155035145397
0.8431334777212073 -0.07646936291929457 -0.5322390208172072 168.94129923556358 0.012497863044091485 0.9923554222908276 -0.1227783338758281 51.368156762693296 0.5375590592344932 0.09686667324064763 0.8376437819563971 -196.24376703513028
0.8498355977302686 -0.07627622361133657 -0.5214991798095472 166.41083826696385 0.013941239845448535 0.9923792225923889 -0.12243006329532631 51.34046646492941 0.5268634535266312 0.09677508087580868 0.8444225749347728 -199.07976985665266
0.8573446692813862 -0.07461008787046808 -0.5093068356528817 163.52825244199653 0.013855343608895669 0.9924259641313729 -0.1220603751075442 51.25268693227892 0.514556262723786 0.09759119071860939 0.851884858408608 -202.13010068630945
0.8644283360329686 -0.07263900727243297 -0.4974808805228082 160.74454091877132 0.012241855476835942 0.992255208749598 -0.1236112360741366 51.603562844776796 0.5026069924282365 0.10076296607269505 0.8586227552484709 -204.93779554605857
0.8711651269909211 -0.07090926960486936 -0.4858427698329946 157.9548330896366 0.011016675299457466 0.992090206701944 -0.1250426112628822 51.940274502097495 0.4908665341823973 0.103580390278266 0.8650555753069068 -207.6795512857878
0.8783431929389429 -0.0677120807067603 -0.47321063971997085 154.94386306771557 0.009426689825998202 0.9921780494701486 -0.12447431730495925 51.74615598835938 0.47793762452515426 0.10487035937753067 0.8721111367178385 -210.63982230505766
0.885987026337993 -0.06507901390471327 -0.4591205844981802 151.76955944099015 0.008723609170652909 0.9922667756960046 -0.12381657600213523 51.5867754535548 0.4636279627069512 0.10569469144212006 0.8797032138154077 -213.6296244459591
0.8915061884377589 -0.06568731893885432 -0.44822080731242775 148.86848052198232 0.009624441626222193 0.9919544075249329 -0.1262292498402913 52.249318907661866 0.4529062663516179 0.10822028239883902 0.8849656967232984 -216.22756057315289
0.897875930178009 -0.06630662419841099 -0.43522666002255167 145.64214849918162 0.011935009315826181 0.9918957064991764 -0.12649293648710536 52.41190352896018 0.44008677503374966 0.10838052876744249 0.8913906502900305 -219.0578677216957
0.9038241946618816 -0.0685733788798824 -0.4223736696963924 142.39642262365223 0.016170504958461198 0.9918442905755189 -0.12642554339267836 52.54918655086056 0.427598339464958 0.10743646942142933 0.8975617333225993 -221.80408144533416
0.9089344337333368 -0.07104927698988064 -0.4108408395146149 139.4670365969965 0.02002056254496793 0.9916745700964001 -0.1272034751864234 52.89789974336044 0.41645812784629543 0.10739435396395482 0.9027896103120723 -224.26956600014046
0.9129065676410186 -0.07549673876545535 -0.4011257174423934 136.9371720489259 0.02507180050394096 0.9912614233079402 -0.12950751129184424 53.688728583771315 0.4073978443455301 0.10817131365245208 0.9068219027600282 -226.3116173348163
0.91592976546965 -0.07622936090729318 -0.3940326753739816 135.1366407096127 0.02639357191559568 0.991111667102551 -0.13038804659453368 53.980024614043224 0.40046977924463695 0.10902636318279926 0.90980064192266 -227.99983530623962
0.9185059585964088 -0.07545901155393725 -0.38814010562964885 133.66105696335967 0.02674885909218045 0.9912306290336821 -0.1294076450707516 53.741716323419205 0.39450133404103827 0.108479388091903 0.9124696815779949 -229.597039221092
0.9206194367386105 -0.07266583055727042 -0.3836398438229607 132.5769605700642 0.024986752603252987 0.9914803606728656 -0.12783722695032243 53.274698544310404 0.3896607689945544 0.10810352200287683 0.9145917743108923 -231.01665942036436
0.9226360634162286 -0.07114082625538332 -0.37905366021647413 131.4406744632747 0.02420871192320472 0.9915847605503006 -0.1271754729160549 53.086119683296836 0.3849112011241348 0.10816027683074918 0.9165940877864485 -232.38667707250846
0.9247634121236663 -0.06914542405779842 -0.37420788597952 130.24542051262577 0.02327980507553175 0.9917911979069601 -0.12573094459965767 52.67960558860676 0.37982980698339014 0.10755989069418105 0.9187819042845894 -233.82728853329945
0.9268901959805038 -0.06765331906147408 -0.36918503899154637 128.99106453347045 0.022966098932696886 0.9920007774886914 -0.12412500055043416 52.2530815398537 0.374629313982551 0.10657150595632064 0.9210295278779965 -235.3044604950621
0.9285790017638774 -0.0668379419239975 -0.36506674321631266 127.96957483269519 0.023443043881551474 0.9922488236625385 -0.12203563264012757 51.71618854512496 0.37039365704175936 0.10476145025567782 0.9229483069834186 -236.64379727753425
0.93086180128798 -0.06729388497494551 -0.3591209266359676 126.41813996251463 0.025166634448214136 0.9923673583416287 -0.1207214422072872 51.42954430802114 0.36450370013683975 0.10333711406380683 0.9254504273290475 -238.20435165785108
0.9334227964826662 -0.06725410184287735 -0.35241845693973917 124.6774313184044 0.026209500377053354 0.9924311873123768 -0.11997249909763172 51.275460415740596 0.3578197103241577 0.1027483539286829 0.9281205905853408 -239.8239547136048
0.9360911452813256 -0.06690185178190908 -0.34533680654405724 122.83894122798888 0.02608699116891308 0.9922468202365732 -0.1215142650974059 51.70006830145066 0.3507888775569277 0.10473962936043385 0.930578730373626 -241.32597473594214
0.9385207565730963 -0.06898559954096206 -0.33825992452171594 120.95465750530417 0.027679941449718977 0.9917133419509151 -0.12545305192735418 52.82685906994172 0.34411133419694717 0.1083772783037169 0.9326530733475742 -242.69221692632303
0.9411559249662935 -0.06699972099177563 -0.3312650936755406 119.15294186674554 0.025907910609929644 0.9915716640361572 -0.12694256673155097 53.186661731958225 0.336978196725943 0.11089036237469241 0.9349593694186614 -244.15515431704426
0.9430804104625756 -0.06760795102648616 -0.3256201842019933 117.6547015422313 0.027603491199318653 0.9916527028769406 -0.1259482598151612 52.98286475929727 0.33141723955664854 0.10979108267458912 0.9370744535466713 -245.57915794214705
0.9447630193797658 -0.0640198799144496 -0.3214409622126088 116.6166694085433 0.025978953477530622 0.9922793459345999 -0.12127156966006096 51.668911358793764 0.32672301906758977 0.10622219451386876 0.9391320004152862 -246.99654180329406
0.9462115707980272 -0.06051880025771945 -0.31783822630907094 115.73299825609594 0.023440800700518273 0.9925919297113762 -0.11921321207972276 51.0388215922866 0.3226982989580957 0.10535053814391566 0.940620578109122 -248.191122762028
0.9472018379497242 -0.057904913440055134 -0.31536597657985266 115.11939733762759 0.021256199279088384 0.992734299767734 -0.1184347248777769 50.77456644982071 0.319932574422912 0.10547810703727456 0.9415505917150503 -249.1683485398512
0.9471233524131001 -0.059796325644082875 -0.3152487188764411 115.05347418433765 0.022588180958471836 0.9924698641140929 -0.12038830053764124 51.368125507877586 0.3200736312081299 0.10690167568761913 0.9413420750930137 -249.72263472957485
0.945147997293592 -0.06512048174543725 -0.3200852793696619 116.25552184689091 0.026560837053801526 0.9920025656684532 -0.12339137588262657 52.32634110993756 0.3255607242081172 0.10812137885010721 0.9393188927561491 -249.6004368032284
0.9416780865688442 -0.07039172349684383 -0.3290704887090061 118.56638094564985 0.03037954114845806 0.9916671457771682 -0.1251932724461408 52.94900466206305 0.3351409625152517 0.10789475079589544 0.9359696886091142 -249.00805002435126
0.9375701173086097 -0.07483787861187766 -0.3396491823261077 121.32493395131034 0.03312083718226312 0.9913488760785083 -0.12700557484702982 53.543094511266105 0.34621566295340495 0.10782716644126535 0.9319377752312554 -248.16842728567593
0.9335212577296966 -0.0762933430627387 -0.3503104154476093 124.15933178860008 0.033094977625236235 0.9912615735708976 -0.12769187608353563 53.74724773500248 0.356991293763238 0.10760956540224093 0.9278886773806384 -247.33565133484223
0.9302598862401202 -0.0750901486871187 -0.35913509104884894 126.54927756427608 0.030528205693285678 0.9912801294223148 -0.12818632403508348 53.82177706289367 0.36562900966644735 0.10828284528319979 0.9244405079331539 -246.70345408087024
0.9274686525003942 -0.07339130193044059 -0.3666273522666548 128.59976980317614 0.028324525516548734 0.9915201557772783 -0.1268286321839996 53.38667482633486 0.37282652786968534 0.10724503479582065 0.9216826366099546 -246.33617940157416
0.9254079405764848 -0.07288306313655338 -0.37189810785458743 130.03215950147958 0.02738128030770906 0.9916267219455953 -0.1262010689817787 53.204170819600286 0.3779820220681135 0.10660442500790565 0.9196548741577103 -246.19345138645176
0.9243765183976432 -0.07096779976873592 -0.37482212265424797 130.86425325855052 0.026091973604556843 0.9920044689009593 -0.12347608106003694 52.41927822442788 0.3805880465128544 0.10435854098496353 0.9188373271559113 -246.49387625451772
0.9247576432061532 -0.06961886736487474 -0.37413435372688403 130.91946715889844 0.02582316440166318 0.9923377325469797 -0.12082627505556803 51.696293784193415 0.37967942466255117 0.1020736884331662 0.9194696822721036 -247.18443909256817
0.9258450863198207 -0.06572931725312797 -0.3721431619563653 130.23883796626944 0.02242016455209217 0.9925769146185448 -0.11953411558123087 51.24032623388269 0.37723760729664935 0.10232656263047049 0.9204461213027797 -248.20362827998795
0.9284900300408917 -0.06338601533731966 -0.36590774407536264 128.59039940094522 0.021244609412276565 0.9927779584872435 -0.11807028293698958 50.80440619565106 0.370749147922937 0.10185351344729372 0.9231310476377979 -249.71329389738457
0.9323266826294528 -0.05877178887181725 -0.35680923991674585 126.19438064023066 0.01803941719149776 0.993034895345199 -0.11643142210821314 50.2718824693038 0.361166909177115 0.1021154907913405 0.9268931385310246 -251.59462733730385
0.9363987627604251 -0.055978527387903765 -0.3464444566914394 123.41997328110675 0.017037909887867835 0.9932836552507491 -0.11444339141411308 49.6888721948749 0.35052398880447233 0.10126196069202248 0.9310633429522448 -253.64160997570588
0.9411553825345215 -0.05156367313004355 -0.3340175647172414 119.92774858446388 0.014057007042615009 0.9934101095092156 -0.11374864780687376 49.40505639882881 0.3376817236382543 0.10235986487987546 0.9356781025451387 -255.92133918280638
0.9472049836088275 -0.047442618316236175 -0.31709922263212925 115.72323400309314 0.011937986368088425 0.9935248858899587 -0.11298577609070957 49.18926352924636 0.32040631003161607 0.10323516399291745 0.9416380925850862 -258.44222609629776
0.9535726938927443 -0.04025741507190535 -0.2984601447326976 110.4791275629932 0.007042213239457532 0.9937351055464618 -0.11153899424529709 48.639174569119255 0.30108059501539536 0.10425871923388824 0.9478821629131359 -261.37876375913197
0.9599568447914246 -0.03417455117720083 -0.2780556710263784 104.9149248756204 0.0037314899893675316 0.9940033600392595 -0.10928584635313715 47.92037226003105 0.28012306602733006 0.10387213429259617 0.9543278512109709 -264.34699064224185
0.9663462054144268 -0.032563151600500044 -0.25517572854599896 98.55564836231886 0.005143652296230816 0.9942034435122181 -0.10739206557983351 47.42074635629318 0.2571936121333381 0.1024653798426114 0.9609122185774908 -267.42783261054126
0.9725166212178313 -0.029903168658362983 -0.2309052228929495 91.797082877752 0.005365745376921081 0.9943334065238765 -0.10617101980848327 47.08574221263276 0.23277162677526497 0.1020141028231528 0.9671662176656006 -270.41311810555453
0.9782315505805459 -0.02768248798041925 -0.20566164763512648 84.73523985560153 0.00630840112996766 0.994571354639837 -0.10386541582770954 46.45852673797699 0.2074204366111604 0.10030703060650105 0.9730957106507777 -273.3544939244286
0.9836959004519228 -0.02490970576316468 -0.17810637830485826 76.98318550821827 0.007018819117736797 0.9949240952603403 -0.10038317014612469 45.48535524718089 0.17970284252697066 0.0974964164940737 0.9788775904874628 -276.34248488772823
0.9885703538339825 -0.02417157383593317 -0.14880991411478148 68.6684606488227 0.00937405757588542 0.9950085668766506 -0.09934827067764083 45.2552722152889 0.15046854344054308 0.09681780239381514 0.9838625567499322 -279.1002788579755
0.9925940264904617 -0.020457988631498298 -0.11974376508447575 60.43746812995693 0.008559649584672802 0.9950458420067282 -0.09904799192365794 45.16154097173556 0.12117685824628495 0.09728948045022588 0.987851672073943 -281.55117477608746
0.9958702738243497 -0.01750743980134357 -0.08908359705701785 51.68948821692256 0.008595315155623076 0.99500453915361 -0.09945897456282107 45.286159276275505 0.09037985544572588 0.09828253464026407 0.991045924826037 -283.814007394147
0.9981874316503183 -0.016537283406606953 -0.057865097881803544 42.704870725379905 0.01086340131387437 0.9952223165695274 -0.09702848609494527 44.64472710855794 0.05919322433551711 0.09622400355167537 0.9935980592439039 -285.95042723452485
0.9995289592616372 -0.013696291294067523 -0.027463998291151332 33.949554189389886 0.011021486104164806 0.9953892290760016 -0.09528278692155702 44.15138129295222 0.028642388891361965 0.0949352107717215 0.9950713136827555 -287.7354047874859
0.9999400809530745 -0.010866357244729567 0.0013254372066151283 25.62045351359289 0.010942821645313686 0.9955167133471968 -0.09395066844272082 43.77102798957995 -0.0002985933649978481 0.09395954303116377 0.9955759715437981 -289.19684925350094
0.9995507418611578 -0.011326291692121761 0.027749406503816174 17.889217645392137 0.013794751044224729 0.9958060088739771 -0.09044389163513732 42.83194558131668 -0.026608631840756534 0.09078605513505682 0.9955148782939296 -290.46276889922785
0.9986925775398634 -0.011761302227378936 0.04974743547862763 11.424565221496591 0.01622054405141327 0.9957909898009931 -0.09020642206536347 42.83801931852104 -0.048477103022562404 0.09089541463173256 0.9946798450162069 -291.3360797509199
0.9976702166410895 -0.015795579919841166 0.06636745047323746 6.480279863755135 0.02196006139115233 0.9954045518351236 -0.09320694120940569 43.86721394508156 -0.06459020460579558 0.09444722251560762 0.9934323467796228 -291.90312118107886
0.9967109395216937 -0.02159139699826629 0.07810963201453482 2.9180481203017754 0.029303248858451775 0.9946584935055425 -0.09897373845432098 45.761302364644315 -0.07555542762847968 0.10093707382794465 0.9920196996445835 -292.2281987949211
0.9961504958388441 -0.02421234931952914 0.08424934290814536 1.0634377757122917 0.03245618268158383 0.9946668599051587 -0.09790012263603692 45.535580650547935 -0.08142963739182942 0.100257667770802 0.9916237261216548 -292.85087909177406
0.9958331061276033 -0.026995427844886177 0.08710724203945992 0.17263222457456753 0.034949467947907334 0.9952263801049218 -0.09112072779237342 43.617266667130835 -0.08423158214356245 0.09378538915377575 0.9920228532402201 -293.71828553249657
0.9957498928644862 -0.02886446574865849 0.08745852432672754 0.04227311690986285 0.03643977020596838 0.9956028733972732 -0.08629635931155856 42.24460208845444 -0.08458305981519285 0.08911655906809869 0.9924232690199085 -294.4974771395414
0.9958150921079192 -0.031334587187971365 0.08585130153850837 0.4848135400524833 0.03861202418193 0.995678205461027 -0.08446314437956298 41.763918716145106 -0.0828336520906239 0.08742456643111401 0.9927212757192531 -295.1561852451462
0.9960673228067755 -0.031434157223374046 0.08283587505543236 1.3860281934435834 0.03845386833662448 0.9956763161378798 -0.08455751588150116 41.79394598474075 -0.07981972467061352 0.08741033830020893 0.992969407540711 -295.7400386374971
0.9963302133130088 -0.030729444685596893 0.07988621451144942 2.279342049887528 0.03753171124891151 0.9956659273861608 -0.08509248905152962 41.9337693744982 -0.07692513692144332 0.0877784841038577 0.9931653744659275 -296.3118386437786
0.9966455429257391 -0.028894859089311185 0.07656858941150399 3.3059496430826196 0.03527200444201543 0.9959010749044722 -0.08328826271906074 41.34514621812665 -0.0738481378837752 0.08570960344282134 0.9935795470966444 -296.98843171736144
0.996810978986954 -0.026815654924625155 0.075158451434511 3.7534795782140398 0.032724392249790395 0.9963751460631972 -0.07852185975525768 39.86728267133978 -0.07278039793070781 0.08073096654014446 0.9940752107957134 -297.7915049648878
0.9970274057812284 -0.025606128080828156 0.07266827592465612 4.521497304422666 0.03101204933387254 0.9967561295274199 -0.07426621739142827 38.56669858583104 -0.0705308791754873 0.07629904622094336 0.9945872765265537 -298.5652907092871
0.9971841354265885 -0.02404046937245299 0.07103418814824 5.039447618523905 0.029150856716216308 0.9969926212992898 -0.07180487885569954 37.78287437221535 -0.06909433845285762 0.07367339348179376 0.9948860253750873 -299.27895997614735
0.997266058427277 -0.024226627094668322 0.06981030904199567 5.408707402377511 0.02934050787146588 0.9968866741949433 -0.07318533603386332 38.20712595993435 -0.06781993296050584 0.07503352152312276 0.9948720658160383 -299.852730081812
0.9972358575475376 -0.026292770651917124 0.0694934143129611 5.465613711669769 0.031558040237762146 0.9966244095608702 -0.07578836562295464 39.05716820280508 -0.06726614689261581 0.0777719517492814 0.9946993460354382 -300.3809822359405
0.9971917966002947 -0.02795492168561875 0.06947692528190555 5.448205643412706 0.03327231467107593 0.9965069565553475 -0.07659529106431916 39.349630417603265 -0.06709302400030476 0.0786918540279093 0.9946386872830479 -300.99372371955127
0.9971318891362996 -0.029826365146097697 0.06955849056474658 5.400053602994787 0.03514265443135134 0.996449896064009 -0.07650227757096013 39.3776858874026 -0.0670297658282715 0.07872733055424434 0.9946401449352473 -301.6511412219753
0.9969655304803757 -0.032420771302742596 0.07077163713040847 4.987294946623338 0.037785235382819485 0.9964048485551522 -0.07582647138598154 39.2511179362639 -0.06805884968942595 0.07827050123718012 0.9946063148879725 -302.3314927278701
0.9968522881114734 -0.03319819389292682 0.07199580271910036 4.598851134222564 0.038636363171875784 0.9963964730045939 -0.0755069534867912 39.18686245274814 -0.06922966941832745 0.07805093533234028 0.9945427614567289 -303.0160613223906
0.9967122907905556 -0.033984982528600466 0.07355018932384744 4.109104478947562 0.0394131616370777 0.9965046112628563 -0.07365570189491912 38.65718203855149 -0.07078991507843943 0.07631238886572957 0.9945678494847865 -303.76338903353394
0.996626934218777 -0.03256127716174881 0.0753293914702445 3.588467081129806 0.03788997280329029 0.9967971041894486 -0.07042643708505747 37.64056720641658 -0.07279494454045207 0.07304311267412836 0.994668587892584 -304.56914084273785
0.9964758588389326 -0.0299070628101952 0.07836727853689063 2.696236612741255 0.03528066357381682 0.9970540053297471 -0.06810715992977344 36.872808205208685 -0.07609952384215499 0.07063199027335716 0.994595387291245 -305.3512171196259
0.9962021305746962 -0.02514418251993647 0.0833611727595052 1.2326140497916103 0.030937017906690914 0.9971407403590192 -0.06894378028008176 37.017055821735646 -0.08138928652763235 0.07126088689927475 0.9941316160533532 -306.0085512918578
0.9956873544227809 -0.019340559669097368 0.09073386905808421 -0.9652720619860723 0.025761605998572745 0.9972045000738107 -0.07013932341358664 37.25438323301815 -0.08912368876419886 0.07217428755607835 0.9934021543749715 -306.67796235840837
0.9948915549215067 -0.014664012293187294 0.0998787299144906 -3.734040172608584 0.02178377249441706 0.9972688807721255 -0.07057086296357375 37.293428552258085 -0.09857109719272675 0.07238609111547105 0.9924938249738608 -307.3264933957162
0.9939087725867638 -0.0102057910556594 0.1097323726345179 -6.720341645379122 0.017908055984246548 0.9974256076181418 -0.06943672514200075 36.84762291586479 -0.10874122174197587 0.0709788637307536 0.9915328272919427 -308.00771240602455
0.9927493382495006 -0.007993664645910285 0.11993686977200717 -9.872054425430278 0.016149359304437505 0.9976099722520415 -0.0671828955712475 36.11484020940139 -0.11911317978811102 0.06863267872383892 0.9905057323468428 -308.6912911148717
0.9914970563039839 -0.005288678998704271 0.13002160287807246 -12.993638605327465 0.014027824181517271 0.9976951774236276 -0.06638940498580098 35.819518644154265 -0.12937081390045807 0.06764881979816736 0.989286020163354 -309.27421327582005
0.9901235235118263 -0.003543571832004715 0.14015295675510128 -16.148537759348468 0.01300600521053056 0.9976911855858923 -0.0666568978627139 35.886496482038815 -0.13959316608269015 0.06782139266402633 0.9878835997627061 -309.79807420706584
0.9887122366975848 -0.001840766847604259 0.1498156353051039 -19.162161341941836 0.012018392322840878 0.9976767354420513 -0.0670573620392682 35.99106478833851 -0.1493441369804433 0.06810097749007697 0.9864373196582045 -310.2905600938172
0.9872053175263252 -0.00019156774530876535 0.15945414497449206 -22.18402041881588 0.011059838859624825 0.997673198804808 -0.06727457432775988 36.04712262691012 -0.1590702392408665 0.0681773546596017 0.9849104057219988 -310.7592341943138
0.98559044990118 0.00017866150002637717 0.1691491446731492 -25.251464666739025 0.011086166976429706 0.9977811083759464 -0.06565026024197305 35.55254884484016 -0.16878555022679007 0.06657948518978256 0.9834015508359255 -311.2547254824631
0.9838972531713114 -0.0005143485043263727 0.17873424587236875 -28.307489660223442 0.011991772026813206 0.9979325943246815 -0.0631405938209925 34.801946400540615 -0.17833225340808434 0.06426719715396582 0.981869306356181 -311.74427903567357
0.9822618851320404 0.0006356836365218003 0.18751315933332385 -31.084490197178734 0.011184439736053564 0.9980152514417084 -0.0619714950403335 34.42738674418812 -0.18718038712600427 0.06296946717304945 0.9803052325063359 -312.1919618616001
0.9807064245707664 0.0008755683993151939 0.1954843783671776 -33.61949298789314 0.011359640261657256 0.9980449467289533 -0.06145927824117811 34.28191831114746 -0.195156007795685 0.06249414123563052 0.9787791451254321 -312.6138595888147
0.9791655637888869 0.0014901058688742454 0.20305806626305406 -36.037412310716824 0.011184690652774614 0.9980593129377022 -0.06125773872192466 34.22726790077116 -0.20275527461694565 0.06225260992778855 0.977248643474211 -313.01367896925586
0.9776730599846905 0.0040651541781093975 0.21009250891376433 -38.25916996841726 0.008985688089860618 0.9980895113781401 -0.061127609854282845 34.14066703516584 -0.20993962272454356 0.06165064313090237 0.975768698520209 -313.4251651011007
0.9763418478688 0.008172574776973059 0.21607823842685303 -40.128510880504685 0.004945758204340272 0.9981800669905163 -0.06010069332871767 33.712862624481275 -0.21617616791848576 0.05974749270323527 0.9745245515325693 -313.9064085643236
0.97475726804889 0.012203261156076589 0.22293350758246516 -42.29217535151903 0.0004619792855918344 0.9983927750006977 -0.056671451380267655 32.516147326160485 -0.2232667797971838 0.05534389978636262 0.9731849761455593 -314.4149748499831
0.9731797848367258 0.017676791115361933 0.22936572856686283 -44.304905931228795 -0.005704808992616918 0.9985912144894519 -0.052754540077981825 31.102910996743475 -0.22997513243718698 0.050031164291324405 0.971909625973605 -314.9461224603533
0.9715010522963409 0.021460316741142956 0.23606177198452147 -46.43163629040056 -0.009358285212319496 0.9985892484479556 -0.05226791924337668 30.839842525336234 -0.23685043357567928 0.04856920515632394 0.9703313374438114 -315.32249299878595
0.9699949792693938 0.023246441450577953 0.24201103931856724 -48.339405537575765 -0.01000850222051847 0.9983925726663135 -0.05578620553543507 31.949444851111387 -0.24291885491964207 0.051690171257452615 0.9686684448870547 -315.59455886182513
0.968597349016944 0.023150851018813905 0.24755446587458843 -50.14726463801165 -0.009370594425691759 0.998347303930041 -0.056699671037208 32.279006263781994 -0.24845797921873483 0.052599418558792944 0.967213489220358 -315.9474278776813
0.9676026568787229 0.02470583120267389 0.25126623391498804 -51.3296663598331 -0.01059605459458652 0.9982976995653249 -0.05735352360238107 32.45654254303951 -0.25225546976877433 0.05283299108668111 0.9662172907915536 -316.39909757477426
0.9664830134398279 0.023515174348535728 0.255651366723566 -52.774419503526495 -0.009094494146922795 0.9983072926739855 -0.0574442300857877 32.54193164981934 -0.25656943486799205 0.05319385273972264 0.9650608991779864 -316.83170062762343
0.9656201725409719 0.025722213978908802 0.25868136788328394 -53.72920783159399 -0.010594359773066511 0.9981598012214604 -0.059705701290022825 33.23211045943083 -0.2597411055704169 0.05491246610340708 0.9641157498679812 -317.2728097922597
0.9650628053360347 0.02827660634124813 0.26048841680728313 -54.27538293621899 -0.011766678067118798 0.9978338485026593 -0.06472369017320269 34.81914454539804 -0.2617543257411567 0.05939734266946657 0.9633050548188764 -317.6665310696831
0.9641737659819459 0.035887557561743055 0.26283270763823213 -54.969057872306905 -0.01836546941997719 0.9974598368699789 -0.0688228404259733 35.93609394693337 -0.26463495333227566 0.061530131184385425 0.9623836991716228 -318.03066863411766
0.9635921319315337 0.039455340561677765 0.2644493890724721 -55.45649275593756 -0.021702984903552262 0.9973305461763265 -0.0697191660155681 36.12955481844018 -0.26649424707846486 0.06144149871863632 0.9618761658910621 -318.57218401872046
0.9627191304308916 0.04907960075297184 0.26601328668379826 -55.85866745555344 -0.03041495803320685 0.9968063660787314 -0.07383765213461475 37.18921350685389 -0.2687876601152404 0.06299413730533183 0.9611373119564816 -319.00678464109177
0.9618227298332952 0.04684977678381194 0.26963333397659706 -57.10744006839072 -0.027641077940596406 0.9968301582744762 -0.07460299166095605 37.55960747088835 -0.2722737724906863 0.06430189709324133 0.9600688823432932 -319.35025958647606
0.9605193455155993 0.05025305391448963 0.273637017712429 -58.43510961851483 -0.030547886351115213 0.9966546052655887 -0.07580517424538404 37.8701624754346 -0.2765310353825844 0.06445330383433485 0.9588411537345874 -319.6731127396496
0.9593674717522583 0.053776956898629796 0.2769875323013704 -59.5293252547039 -0.03366421001868805 0.9964729464040732 -0.07686603963131289 38.124345443583216 -0.2801442041297615 0.06441821164475006 0.9577940900324008 -320.06029867333547
0.9577180040455578 0.05819966181206597 0.28176057937893656 -61.104644215056105 -0.03766072653117741 0.9962594524755477 -0.07777385827041017 38.29511315062772 -0.28523305279040984 0.06387411618240307 0.956327455884113 -320.3592348551901
0.9563286813485206 0.058799647845158384 0.2863181004468372 -62.649687192687935 -0.03747737161513828 0.9961385719769216 -0.0793939042786052 38.839065137588875 -0.28988083732289144 0.06519621793528253 0.95483954323222 -320.6164208338198
0.9546730379285695 0.05650328083387368 0.2922443667673415 -64.7115737185895 -0.03393616646829982 0.996076984465486 -0.08172501222746906 39.71657134247596 -0.2957156188936794 0.06810301221790799 0.9528453455147774 -320.7206437803521
0.9532771302019503 0.05548933290110568 0.29695731506080847 -66.33534363631887 -0.03133170373031595 0.9958450795321206 -0.08550381227185197 41.07169297160487 -0.3004680305378422 0.072204650167802 0.9510549148807631 -320.8204895197548
0.9515624462153939 0.05348045913997989 0.3027684782845674 -68.35351510267057 -0.02757596727904204 0.9956320251432642 -0.08919885950923122 42.43266065306843 -0.3062163891453245 0.07652915130392672 0.9488808207670233 -320.8405492046184
0.9501291644014607 0.052514602105225405 0.3074032978344767 -69.96844168740064 -0.02543307974104489 0.9954846146529592 -0.0914523944144432 43.26847135195285 -0.3108178395920475 0.07907337450102331 0.9471745731576378 -320.998145667853
0.9491187658583007 0.05253676841328728 0.31050516301714676 -71.04069002445357 -0.02460445054688594 0.9953432010466892 -0.09320157264454206 43.88343496639705 -0.31395571233679137 0.08081955267643236 0.945991548903202 -321.28202076482506
0.9476382305563649 0.0543146383599376 0.31469303145737265 -72.47334900312097 -0.023383755653609388 0.9945866161247613 -0.10124555791257651 46.624552188726405 -0.318488593138803 0.08858545639847316 0.9437783812713343 -321.20466961221166
0.9454553225365737 0.05672409237512298 0.32077501528560737 -74.55842159700784 -0.024931570880556923 0.9944342445306683 -0.1023667430279323 46.9337459578032 -0.3247963205775135 0.08878575701618743 0.9416073701338428 -321.3067707667526
0.9426179333224489 0.05795667980331821 0.32880458489061665 -77.34664503974304 -0.02259789432278126 0.9936348385386793 -0.11035915374081623 49.698590296127136 -0.333107740755287 0.09659622616017849 0.9379277169060098 -320.86130051679044
0.9407549635091116 0.06197152561655655 0.33337610689089076 -78.89507891706985 -0.028936471067561066 0.9942432931697309 -0.10316469662226833 47.00770828345438 -0.3378502320187547 0.08740597233464621 0.9371325502430853 -321.4605715643924
0.9386646051578006 0.05919538134761933 0.3397126224488284 -81.10028147068684 -0.02659430597353374 0.9946484643728898 -0.09983574114733734 45.85692318593047 -0.34380445301615326 0.0846778551202261 0.9352155681651699 -321.66825663713496
0.9361684278942746 0.06899731728948674 0.34471443953048514 -82.77558533002879 -0.03436195102281391 0.9938147782899122 -0.10560039192388694 47.615065956842415 -0.349868448042787 0.08701469220440121 0.9327489010471709 -321.50639636041336
0.9338148330261842 0.07389036502471519 0.35004295675930147 -84.57229176344973 -0.03957120211378602 0.9937678620947207 -0.10420919456054727 46.96026270923692 -0.35556149620501615 0.08346047102792102 0.9309191007774241 -321.66815823460945
0.9324281960541669 0.07384402929185534 0.353729725272157 -85.85907850737652 -0.04142692153151099 0.9942877645925069 -0.09836488882755731 44.925758882023295 -0.3589727975426468 0.07706426227233537 0.9301610775047656 -322.1224156349494
0.929861752058813 0.08149467362233678 0.3587697593573114 -87.52136824505456 -0.047381773861898936 0.9935642085180056 -0.10288406610203941 46.18770256612118 -0.3648452953839671 0.07866881035822108 0.9277387179120035 -322.00653599551134
0.9273678631426345 0.09148587555290973 0.3627935790288761 -88.84292703712671 -0.054955193377596676 0.9924347353652089 -0.10978717029516138 48.25698468102694 -0.37009292499464885 0.08187570222541804 0.9253797038264887 -321.811393841457
0.9230138812261264 0.10744199531736365 0.3694612194887386 -90.94396464404784 -0.06889300725514408 0.9908531088351825 -0.11603391858847416 49.79129329953379 -0.3785487136620926 0.08164762307549185 0.9219731758738415 -321.5090676492154
0.9255568621887956 0.08356362684801014 0.36927173615541886 -91.13636308041518 -0.05057587461441124 0.9938862067844306 -0.09814422484610764 44.47278103209916 -0.37521537250253767 0.07216181976407261 0.9241245024379126 -322.6233860766968
0.9234311710586086 0.08260657141350215 0.3747679637811011 -93.06066389682516 -0.051872081419583035 0.9944635241186109 -0.09138701421314259 42.153887780925764 -0.3802422379043744 0.06494962322368734 0.9226035914500735 -322.81843244203
0.9167607060679087 0.1188343491757433 0.38135050185603137 -95.03465166320764 -0.0821589207618814 0.9904055503648511 -0.11111596440538685 47.63958337359523 -0.3908960469857842 0.07053540431920571 0.9177281935237763 -321.9183881817183
0.9187035306418422 0.12425927999155094 0.3748912563960319 -92.68181125984384 -0.09335929553100701 0.9906414152618885 -0.09956720497170048 43.32430335589819 -0.38375495400602716 0.05647315914577357 0.9217065246443296 -323.5666880248315
0.9155187604909424 0.13177340394454862 0.380080477270269 -94.47255430833552 -0.10169302901950353 0.989951093942495 -0.09826168862224889 42.55748094986951 -0.38920936144698143 0.05130888436639604 0.9197192350642172 -323.51053677396186
0.9133131291238061 0.15326386336348485 0.37731858734626483 -92.92309149603395 -0.12230158067046443 0.9869389430733019 -0.10485154272045664 43.969697819649795 -0.3884603603143926 0.04961563092668382 0.9201287071014356 -324.13067440246493
0.9088135443227591 0.16510924445267158 0.38314080838742864 -95.27444207185066 -0.13220943837841156 0.985001682378879 -0.11087087135241135 45.68696803958067 -0.3957001466504269 0.05010611845918504 0.9170118706068012 -323.4862848689004
0.9078922229003134 0.16615294466072122 0.384869991786446 -95.95450662521391 -0.13212708521828676 0.9847209188284594 -0.11343344027822826 46.55077143293587 -0.3978368320666744 0.052133588042701504 0.9159737682100654 -323.4660756289876
0.9077491450249161 0.16375106550944826 0.38623448609757033 -96.4347245922979 -0.12767031807137777 0.9848343045126312 -0.11748056238661428 48.125160925145565 -0.3996145387621515 0.05733220037328346 0.9148886485306671 -323.2858358781819
0.9078338503839276 0.15511306640687084 0.3895864945386972 -97.74262601294535 -0.11974234746551177 0.9862780099506747 -0.11365499246045255 47.16800314650506 -0.4018699669302762 0.05652984802380554 0.9139501660166511 -323.4385548557278
0.9073851305996145 0.16258865015626453 0.3875785799126214 -96.94969171887848 -0.127187979807685 0.985131717279121 -0.11549336519094877 47.489094606134415 -0.40059386235832467 0.05550162566136027 0.9145731938941715 -324.05858153892166
0.906810511881613 0.1644216518484147 0.38814973392293556 -97.14395678972613 -0.12851377887825463 0.9847910465053279 -0.11692221072735562 47.93038392468878 -0.40147092569629256 0.056143700682977665 0.9141493207863703 -324.2846723856074
0.906296659771873 0.16569807191112543 0.38880652444536123 -97.38090983851403 -0.12934351779366707 0.9845433016384058 -0.11808785544545379 48.2989563300106 -0.40236378923942084 0.056733025336946116 0.9137202771882718 -324.54993054457174
0.906015759294318 0.1626180848472598 0.3907567048573189 -98.11045933851888 -0.1253628578664456 0.9849218895687448 -0.1192183933623107 48.8520856859152 -0.404251898916873 0.059027365932613915 0.9127410214804413 -324.6402499708344
0.905683663108006 0.1647982964841277 0.3906131383545534 -98.02534168642168 -0.1275599527383668 0.9845896137188359 -0.11963173080073286 48.91486077234952 -0.40430874444742054 0.05852191070806664 0.9127483909218507 -325.00237480698206
0.9052937068520852 0.1640918293084685 0.3918126795909128 -98.470471381399 -0.1265577855972106 0.9846778239665239 -0.11996962070991896 49.067659780500094 -0.40549529126580663 0.0590207975441859 0.9121897358655746 -325.2065433647643
0.9053695847892844 0.15982144343889515 0.3933993151437693 -99.08592987158099 -0.12207066652792263 0.985318262626876 -0.11935943074337832 49.057838065028676 -0.40669972622551315 0.06004188164158956 0.9115866964458345 -325.3800858122612
0.9052348043116581 0.15882943872590605 0.3941105916577828 -99.36140156308241 -0.12086685838729083 0.9854468888778607 -0.11952251563840094 49.158464028448485 -0.40735875049693054 0.06056103198393231 0.9112580368910995 -325.6369078171516
0.9056218570355876 0.1570325242423384 0.39394141492040796 -99.32330153182973 -0.11874824361378308 0.9856568538920015 -0.11991422356986339 49.37650632963824 -0.4071214888679487 0.061817090725793306 0.9112797268655458 -325.9540971878893
0.9056677776496537 0.15401331397916002 0.39502629740853207 -99.73662996703655 -0.11461538389336486 0.9859368005941688 -0.12162211562504144 50.13176850795997 -0.40820238889809785 0.06487314044572706 0.9105834862035413 -326.0794692463377
0.9052354403041848 0.15322733616943743 0.3963208057466917 -100.21466325960046 -0.11262268271423667 0.9858797871143934 -0.12392407634324655 51.00671791398079 -0.40971322770388696 0.0675457534542079 0.909710196840052 -326.16155073191425
0.9050227878387976 0.152856522838991 0.39694916162912297 -100.47467877228293 -0.11106029753873878 0.9857455443671895 -0.12637773566115196 51.911626770252475 -0.4106085286536282 0.07028943865052707 0.9090984715701025 -326.29265463687267
0.9041216178978457 0.15499256926544722 0.3981725800733614 -100.87443858551357 -0.11113471366451041 0.9851181337785381 -0.13111574245451135 53.53094751105498 -0.4125689947978267 0.07429378152433766 0.9078916557378005 -326.27600922476523
0.9032064117702144 0.15542755705679873 0.40007555816936563 -101.55644344652177 -0.11011171718631102 0.9848421853052525 -0.13401969922909293 54.566368434900035 -0.4148416414434016 0.07699444493293167 0.9066301715550912 -326.2419233492329
0.9023741145377977 0.1572720555075252 0.40123117771250455 -101.95977855658687 -0.11081841357934252 0.9844043492841 -0.13662853407068887 55.43778500679301 -0.41646156680284835 0.0788262498599642 0.905729642724103 -326.3200639380085
0.9014182782809321 0.15906767154277804 0.40266929787481787 -102.45906529256382 -0.11139979228339733 0.9839618090061805 -0.13931706534556634 56.34636288062697 -0.41837205195884664 0.08072567303679638 0.9046812653374118 -326.3678257454556
0.9003053588741472 0.16127816242654552 0.40427665664345475 -103.0313261791323 -0.11313484747202464 0.9836036945945482 -0.1404431495924116 56.66656627838102 -0.42029842620449426 0.08070394230935429 0.9037898575585774 -326.49210543555125
0.8995316838450832 0.16114359649519597 0.40604863140690783 -103.67106401629516 -0.11259128300980328 0.9835976303304486 -0.14092162573051986 56.85815447586232 -0.4220970892449222 0.08104593090908269 0.9029205969153902 -326.61125492116497
0.8982970448972758 0.1632798809114384 0.4079241346358025 -104.25859676724532 -0.11405041970680252 0.9832165532880162 -0.14239982831849157 57.28438983157402 -0.424328788669263 0.08139342620863294 0.901842663260336 -326.68794975413755
0.8980266270921857 0.16478187760887988 0.40791556705416937 -104.33636741210822 -0.11486329615877303 0.9828643448475485 -0.1441669269386756 57.90235268536512 -0.42468176347586956 0.08261121255066754 0.9015657421020022 -326.90239724792525
0.8985715760646104 0.16279423856556058 0.4075133845392337 -104.19585141061788 -0.11320617836241653 0.9832049350601088 -0.1431517266889364 57.62521213684953 -0.423973447127693 0.08249903977202737 0.9019093216988915 -327.35253414045417
0.8987555258268194 0.16472732879723692 0.4063291915960313 -103.75470572119681 -0.11496312086489027 0.9828527674781087 -0.1441662869800963 57.91146349550273 -0.4231098978241492 0.08285737509690885 0.9022819236553994 -327.78179033761853
0.8983436096430449 0.1694987918958097 0.40527634838387183 -103.34930582368715 -0.11958516726121272 0.9820805974084132 -0.14566086627863326 58.24791239339624 -0.42270337919705847 0.08238846848798145 0.9025153702157059 -328.1869594393783
0.8982650427066858 0.17122952239194766 0.4047225762328823 -103.139247657693 -0.12056995284119314 0.9816530531994045 -0.14771651774990982 58.924082763369675 -0.42259058144145645 0.08389120219494084 0.9024297571951289 -328.4681360346834
0.898687851553952 0.17099410004696092 0.40388261069086867 -102.83165403182839 -0.12014919048081019 0.9816243131835507 -0.148249383788697 59.133235849788306 -0.4218107602896681 0.0847037514874773 0.9027186477456859 -328.85783370551974
0.8984016811196323 0.1715703604522899 0.40427469717469344 -102.97436929030003 -0.12101856958119141 0.9816077273677574 -0.14765085637553532 58.89863287323065 -0.422171677375379 0.08372503201658357 0.9026412320716803 -329.18108217482023
0.8986293538772809 0.17236584197930388 0.40342942489221845 -102.66062191117236 -0.12272165178420241 0.9816363533027654 -0.1460461093552488 58.28167675868654 -0.4211943500730482 0.08173179548507407 0.9032802627497893 -329.7015574576331
0.898878345677461 0.17254973623536032 0.4027956159111694 -102.42847296038792 -0.12367077897171605 0.9817353585947518 -0.14457255657061246 57.74039112352973 -0.4203846549300767 0.0801390928944268 0.9038000153183107 -330.1909585561436
0.8992015447093064 0.17131826796589938 0.4025998423417 -102.36320064022644 -0.12283512534565294 0.9819950293210457 -0.143517575126102 57.41549660448005 -0.41993822637825573 0.07959782314814201 0.9040553481819362 -330.57382049107446
0.8997863281729733 0.17082513628629345 0.4015013529812418 -101.9589022454559 -0.12284159231883848 0.9821323630930197 -0.14256915711995094 57.093204365704395 -0.4186818682837492 0.0789607128772926 0.9046937045168045 -331.05454107278393
0.8996566142222292 0.1719560707801654 0.40130921520448753 -101.88731682203431 -0.12407568028317373 0.9819713880037138 -0.14260932194049447 57.063958790757056 -0.4185967057305427 0.07850670585310977 0.9047726206553947 -331.3864817368421
0.8996941210995344 0.17422417303651414 0.4002454571743183 -101.48739014669941 -0.12682195164776275 0.9816742465545665 -0.14223876487011827 56.82478757962317 -0.41769208879171843 0.07721147052910628 0.9053019981086665 -331.8537336001581
0.9005097500459873 0.17464280219900294 0.3982236579011766 -100.74261321763369 -0.12749583441855447 0.981596184254237 -0.14217504444676132 56.78203719702679 -0.41572467124050977 0.07725815618821069 0.9062031643204344 -332.38482828212005
0.902001678829752 0.17323480438663275 0.3954524926428382 -99.73136048351446 -0.12665000839087137 0.9818417530264907 -0.1412322462770447 56.49591846764016 -0.41273810917202824 0.07730766173538484 0.9075630990041994 -333.04349244283327
0.9038475000508428 0.17482649544793266 0.39050658527256055 -97.90844114273091 -0.12908532399572142 0.9816036949994882 -0.14068107581430897 56.206706419663405 -0.40791748648563875 0.07674556959685497 0.9097875805738903 -333.93015547819266
0.9067974355564192 0.17352993474307318 0.38419496693263244 -95.59746065730188 -0.1287629470604714 0.9818086247344745 -0.13954184985624224 55.83041921082041 -0.4014206202135162 0.07706611541439325 0.9126457689171256 -334.9604730729289
0.9111972822360148 0.17002912867217548 0.3752460636018467 -92.32669989171353 -0.1258017237648172 0.9821893829103949 -0.1395633991987095 55.96839921587806 -0.39229254280893616 0.07996318841240957 0.9163582538262098 -336.1536949441131
0.9162538451725043 0.16621776208775632 0.36448668943205387 -88.3955535375676 -0.12161970694116722 0.9823314154590608 -0.14224498966832777 57.08701065416413 -0.381690369396642 0.08600375438744584 0.9202802921616429 -337.3220466171428
0.9216065457312278 0.16410424987840103 0.3517259871507956 -83.72885871749342 -0.11856903231626556 0.981935201862462 -0.14746065210390996 59.04268117803966 -0.3695710478932822 0.09419689227980566 0.9244155916274281 -338.47312735801034
0.9276716087785143 0.16306940207948875 0.33590736278283817 -77.93859385642972 -0.11775459170374428 0.9814558748693838 -0.1512554852461787 60.40913348993512 -0.3543433961554352 0.10076078498012281 0.9296709212464493 -339.91694099779716
0.9342591369943662 0.1607645380125004 0.3182995888470002 -71.51222620177553 -0.11718138883010493 0.981447102522751 -0.15175673646182694 60.615172795082614 -0.3367913108356417 0.10448132975476503 0.9357645348474616 -341.5881678420932
0.9414758488753564 0.15669763511367327 0.2984444288878739 -64.28351036934882 -0.11497397837638963 0.9815663292823538 -0.1526712989250809 61.03377750275443 -0.31686623404953174 0.10942299744088552 0.9421371435997624 -343.2470783094744
0.948906541711967 0.15232918339215135 0.2763551971346216 -56.257053565056935 -0.11274995988034603 0.9816266753355934 -0.1539367299138509 61.5765131519301 -0.2947266897368061 0.1149125326353477 0.9486470830609847 -344.85602669732185
0.9559289252662816 0.14975786454704898 0.25253212042344136 -47.611771247014154 -0.11231240935677701 0.9812315231384822 -0.15675018565797616 62.588874530308146 -0.2712670502359759 0.12147954562658679 0.9548072619385708 -346.2701152851473
0.962664326777715 0.14770954649108894 0.22684638816830546 -38.305775892705775 -0.1135557435435193 0.9810617023344086 -0.15691726903368755 62.59965593913722 -0.245728482390396 0.12529894687549867 0.9612063705854241 -347.72161997715534
0.9688214583931931 0.14595082014660057 0.20020824122753042 -28.677666482863163 -0.1158289202635869 0.981141299552441 -0.15474305006402997 61.74400032151117 -0.21901744904791945 0.12672848302998782 0.9674560706313543 -349.10089087415616
0.9741694436378293 0.14365030109758925 0.17423686773164326 -19.31983791348931 -0.11738313769316595 0.9812737805649214 -0.15271858616793751 60.97260725620318 -0.19291214079904206 0.12832130988420618 0.9727890559427219 -350.1790697650751
0.9788882199962218 0.1413056223153903 0.14768403385162793 -9.771010157057662 -0.11875009315357125 0.9812564955082198 -0.15176990939888288 60.586800686094605 -0.16636185899612527 0.13102828368328437 0.9773204800608478 -350.94751515405034
0.9828343464665965 0.1394525065984353 0.1207876061895073 -0.11840019023185637 -0.12044489244322833 0.9809404022438264 -0.152476080517763 60.767783629896 -0.13974861462611107 0.13531047871149354 0.9808982613201784 -351.34885009998413
0.9859623245562887 0.13780510673827734 0.09427643985859627 9.374624838493215 -0.12240293173405066 0.9805827249738827 -0.15321567082287657 60.948913687415455 -0.113559750169102 0.1395251663308334 0.9836853720076782 -351.50310484666
0.9881338857674938 0.1375504226952235 0.06834694590395994 18.640945974069137 -0.1257030794713095 0.9799226499129733 -0.15475896096499878 61.35709950766538 -0.08826188084027627 0.14433115188309734 0.9855852875254557 -351.36455466697885
0.989663611141962 0.13689855611483429 0.0427167662063148 27.78205870527214 -0.1287672811700384 0.9794056128465326 -0.15551087686970352 61.49442827941301 -0.06312625508873199 0.1484029341299605 0.986910150449417 -351.0480726693622
0.9907098738354955 0.13486057481712796 0.017509176018602655 36.74084985003573 -0.1305425650532027 0.9791753415741685 -0.15548083213837266 61.41376892551361 -0.03811278780392382 0.1517507028422086 0.9876837244749499 -350.54865954935815
0.9910206351271216 0.13345516918269465 -0.008235203133799354 45.87771466206788 -0.13310847623323288 0.9788657448649694 -0.1552545879670412 61.227141656612844 -0.01265836905385017 0.1549566757141079 0.9878401663956216 -349.8163245384308
0.9907416867814247 0.13155009567346454 -0.03354821011320337 54.84060785933737 -0.13518161020238645 0.978717731452285 -0.15439408798261348 60.838310591139475 0.012523671050748923 0.157499760219485 0.9874396098973433 -348.9112642880542
0.989927952234973 0.12915166171589687 -0.057987047345898254 63.46788410126871 -0.13665579377680864 0.978721520195906 -0.1530665865976151 60.31026540429026 0.03698436711778724 0.1594491586100014 0.9865131131452127 -347.85315361556104
0.988434584598047 0.12771637294804358 -0.08176551871958265 71.85713484542453 -0.13895446448899848 0.9787129706142413 -0.15103833271730377 59.49781749393519 0.06073490568908326 0.16065319552515456 0.9851405087592808 -346.6835357917897
0.986691804330113 0.12615502059282896 -0.10258749459368269 79.180498432838 -0.14066505183186334 0.9787273430891128 -0.14935237220367598 58.83261657808398 0.08156363442690118 0.16179523685494906 0.9834478506103543 -345.51251046033946
0.9845150284664083 0.12480978299832919 -0.12309620949362102 86.38910509175298 -0.142560788883408 0.9786746558734388 -0.1478929999152986 58.23872713861668 0.10201264723909398 0.16315157375556058 0.9813128878111996 -344.2104374414946
0.9822378753246573 0.12233048756102628 -0.14228143972698779 93.1163747039361 -0.14321032074991805 0.9786844902934564 -0.1471987516582364 57.967504475646145 0.12124174325869971 0.16496035969929004 0.9788199627201483 -342.82513519678537
0.979828607703678 0.1192241293034692 -0.16037925837620526 99.4452359209651 -0.14301337713369888 0.9788869923323087 -0.14603913928608678 57.5707431841549 0.13958178063875804 0.16602970587950908 0.9761921241637208 -341.4370230483984
0.9770865649663582 0.11640183763767871 -0.1781921905045626 105.66919819305565 -0.14314410123311827 0.9789612365922956 -0.14541204740958116 57.34818244240906 0.15751701763430398 0.16758731886468906 0.9731921083277132 -339.92387560104294
0.9737748632205336 0.11464679089742903 -0.19651623112799685 112.07004654068282 -0.14448366428407355 0.9788416416923711 -0.14489137739710756 57.113110225255575 0.17574693884923923 0.169484966371372 0.9697359742008217 -338.2395877794114
0.970201231202486 0.11239058792498913 -0.21465769662198356 118.39625340055538 -0.1452780395684264 0.9788377236869071 -0.14412148315427759 56.80970295715491 0.19391715290900643 0.17101188974252424 0.9659974489481614 -336.4471329819494
0.9663010839414781 0.10931574827887224 -0.23304995677269458 124.79621137437996 -0.14551995913495674 0.9787813220821044 -0.14426040703037055 56.85561330591813 0.21233501045961561 0.17331240786925187 0.9617050756919592 -334.4569082994802
0.9616988970430494 0.10952950764405484 -0.25127379167241687 131.14679883300923 -0.14921967004569348 0.9781542929329318 -0.1447330967274958 56.87088501892324 0.22993199320154775 0.17668465177294607 0.9570338616424374 -332.3377411186535
0.9572408713873033 0.10699864034342832 -0.26877724068517056 137.2224944547062 -0.15037009066917628 0.97774439111332 -0.14630359352588332 57.39139282194137 0.24714115395421327 0.18046383740545044 0.9520262881932826 -330.12267860858424
0.9525554272709178 0.1032488687785452 -0.28631770653012356 143.29539739731712 -0.14973990981568822 0.9779593644769267 -0.145510964673715 57.141268753467834 0.264983239819255 0.1814804466818294 0.9470209765823854 -327.9193722260415
0.9475208540216749 0.10157416076151202 -0.3031285553352411 149.11829121306266 -0.15071543488716785 0.9781286681084677 -0.1433498040149583 56.33187569162809 0.28193809405755665 0.18151308076816283 0.9421061047616891 -325.7779970769171
0.9423427220270144 0.09913326222155068 -0.31962914536072945 154.821220505096 -0.15041979661184804 0.9786680128589533 -0.13993857721857061 55.12627139471444 0.29893825287167136 0.17994865080911515 0.9371522843391098 -323.6522440490029
0.9369362236893941 0.09457055967717748 -0.336462363394486 160.61845922253207 -0.14846596936557635 0.979213569665897 -0.138197832553594 54.58926084449938 0.3163990655469726 0.17943576629121874 0.9315011739640942 -321.24371887553474
0.9311667065490074 0.08707382526099487 -0.35404337808959585 166.64671447835076 -0.14393763705764978 0.9799803380669841 -0.13755178530422568 54.55463542570773 0.3349783892327012 0.17904381015979648 0.9250582645382548 -318.4999808471179
0.9241031651529814 0.08134967388656163 -0.37338394544060366 173.28081177767822 -0.1422244651841354 0.9801024384719269 -0.13846086668972366 54.95962678595087 0.35469076906134483 0.1810564571064309 0.917285679427483 -315.20822915467704
0.9161524303170536 0.07781943841446329 -0.3932033308976587 180.07999294050367 -0.14362414608546928 0.9795689287598551 -0.14077222193845484 55.74320539743656 0.37421495037661967 0.1854423058881855 0.9086112051375421 -311.5708246078819
0.9069278055208719 0.0756361808381445 -0.41444073607853144 187.370917121442 -0.1460900326888528 0.979172799302005 -0.14099053676061155 55.716459736216606 0.3951451099559064 0.18841389878481615 0.8990887302278011 -307.59985111219225
0.8970652253108813 0.06981440430363185 -0.43634840493539895 194.84142444609338 -0.145951338395999 0.978837290699222 -0.14344255002273001 56.62151910505242 0.4170997343062621 0.19236295716258847 0.8882704004712246 -303.0989229068274
0.8856214091840642 0.06555667779068657 -0.45975759003183453 202.8163666128743 -0.1469866710409412 0.9786606665546205 -0.14359045328700698 56.63887436371924 0.4405333564341462 0.19474501723000281 0.8763587964600752 -298.1568184849561
0.8728962051018294 0.06189075316739339 -0.4839646162594923 211.04652924157654 -0.14857710742367253 0.9785300356215223 -0.14284191449345934 56.30965809279297 0.46473331951608476 0.19659222787006375 0.8633507037540686 -292.7982143516857
0.8594911918191822 0.058499661211519005 -0.5077919660878649 219.12464599066936 -0.15033142192785895 0.9784232698527016 -0.14173344203784588 55.84625205731608 0.48854411752306454 0.19815573332327496 0.8497405195615455 -287.24092578683747
0.8454116271569247 0.0557192635781269 -0.5312010394701727 227.040613583875 -0.1526081249454637 0.9782828037363378 -0.14026231181040708 55.22583846097948 0.511849529518696 0.19964498385905252 0.8355548692643758 -281.4940581147305
0.8308837953779398 0.05395566734856236 -0.5538238930737108 234.66961856171645 -0.15614080417481246 0.9779080936954397 -0.1389813280861638 54.62479892165859 0.5340900372128211 0.20195184140265304 0.8209526697100661 -275.626666159977
0.8161477684484865 0.05180566676376793 -0.575516283824982 241.9600221813358 -0.15920934558226746 0.9775834305604352 -0.1377788828992201 54.06971389119695 0.5554774561904577 0.2040754987372377 0.8061004816270275 -269.70177455775513
0.8018492187495296 0.048658737458410144 -0.595541902522167 248.65549786596424 -0.16120830990152096 0.9773371210840827 -0.1372007017830899 53.788301170014606 0.5753691955687791 0.20602057911779276 0.7915211998237983 -263.93671440393024
0.7883109065458752 0.045279363888983085 -0.6136087465369356 254.67513984788346 -0.16157435442216334 0.9775217697345171 -0.13544341138704002 53.14460664463466 0.5936831163288051 0.20591495550568167 0.7779070564567541 -258.6033474217832
0.7755443947764471 0.043355438497478145 -0.6298025068888864 260.0640925676678 -0.16308887797083998 0.9775326873744897 -0.13353599887903175 52.39920955850503 0.6098630252876844 0.20627687962323768 0.7651907862225299 -253.68103033474912
0.762983334842688 0.042187613864116166 -0.6450400266563175 265.1295113475334 -0.1662418650925766 0.9771109034249921 -0.13273253067178867 51.985168390423915 0.6246759744402471 0.20850536598478223 0.7525326832189283 -248.80683686810062
0.7507067935673395 0.038488008877128166 -0.6595134443394752 269.9057622182674 -0.16840342522835142 0.9764707292828138 -0.13470412475217325 52.62249459498088 0.6388110804167404 0.21218762458391416 0.7395247227173902 -243.8334460464806
0.7382347102419183 0.03470372860543024 -0.6736506244448316 274.5605107356002 -0.16861074470835613 0.9764669233080836 -0.13447216981271096 52.5393669723406 0.6531308669500505 0.21285675677818092 0.7267131977134789 -238.9467250033042
0.7258755091017084 0.03035730911915893 -0.687155862282626 278.98909223117056 -0.16676689533288144 0.976984731055401 -0.13300239811987444 52.08408444103896 0.6673031903920191 0.21113803320967459 0.7142318832318976 -234.21353709426197
0.7122462474350277 0.02870251808498274 -0.7013426042030403 283.6516445910921 -0.16817893625566882 0.9770389293745783 -0.1308081644488968 51.23507018208119 0.6814845034295592 0.21111867738823864 0.700719470004372 -229.07056496053124
0.6985894621065769 0.025537388447503695 -0.7150668536751825 288.13431196006707 -0.17163468280347605 0.9761664972289752 -0.13281756414971418 51.840498320303354 0.6946324921083045 0.21551522331147416 0.6863227297914675 -223.61932708484022
0.6842990962379404 0.02016625971152672 -0.7289225396824998 292.6314130894831 -0.1749320228465321 0.9749673402324867 -0.1372496734524751 53.33603422170941 0.707907857189591 0.22143172186757235 0.670696994387185 -217.70422424147887
0.6688890618138337 0.014812895338953691 -0.743214640004815 297.24797714458657 -0.17656822595665136 0.974354144648574 -0.13949072509907876 54.10287989567894 0.7220880033405419 0.22453191073391562 0.6543503163396855 -211.50681682671996
0.651534181303392 0.010819486357790065 -0.7585421209849009 302.2059314078302 -0.17732336659096348 0.9743710861416978 -0.13841029640852243 53.682708382256564 0.7376039819945154 0.22468628174857908 0.6367546156407762 -204.84589097219907
0.633530206118446 0.007516444922693516 -0.7736814467151474 307.0779650475647 -0.1778860567971207 0.9745807982678728 -0.13619404702382315 52.85835762390327 0.7529913868914377 0.22391018445635724 0.6187634447541558 -198.05771426718107
0.6149005861502271 0.005137101177623116 -0.7885879021032455 311.85715920863873 -0.1792879612968636 0.9747034943670719 -0.13345008431107794 51.8084543813176 0.7679538372103635 0.2234428523361406 0.6002667704060989 -191.08632979922072
0.5953541826314864 0.0029845780845487724 -0.8034578330670826 316.6020654449525 -0.18164386303943567 0.9746028969930389 -0.13097595272753976 50.82163553994101 0.7826614237608146 0.22392026586808356 0.5807760414223898 -183.75239184678048
0.5749214395533521 0.002600062850903251 -0.8182044842306064 321.2922174122448 -0.18497277840945422 0.9745190603300575 -0.1268766026535571 49.204259045287756 0.7970259779890416 0.22428963579843147 0.5607528418867075 -176.23943029047533
0.5537330327915891 0.0014400489097166624 -0.8326930134536774 325.8655426100888 -0.18819316165717867 0.9743410848162106 -0.12346167156103405 47.84400917592111 0.8111492232018123 0.22507193671870168 0.5397958512259879 -168.38491107304014
0.5326016739480756 -0.002425499785358956 -0.8463625546174044 330.12401721150405 -0.18970031703563622 0.9742119840277422 -0.12216709824379518 47.320396963382436 0.8248328598111782 0.22562164596403694 0.518406815395199 -160.3982631087026
0.5110742265382295 -0.0062644965608952 -0.8595137526829857 334.1855790309523 -0.1907022347150441 0.9742247773442515 -0.12049373794198412 46.675838519664374 0.838114426938851 0.2254924373263588 0.49670652106206487 -152.32010841361634
0.48916139828011707 -0.011422690004648059 -0.8721184831120704 338.03329028578185 -0.19011441115933603 0.9744747430746747 -0.11939633905227329 46.30435430783138 0.8512212621299938 0.22420637203836155 0.4745038099269765 -144.07410523803367
0.4665685420794124 -0.017272669185651485 -0.8843163746313277 341.7130562739878 -0.18840051466572938 0.9749238158630996 -0.11844323254885264 46.020465017691514 0.8641869251588917 0.22186754643736506 0.45161460364151623 -135.59225602762555
0.44417736257114865 -0.023432296433809466 -0.8956324011910111 345.0767462290646 -0.18707150847828402 0.9751983405717656 -0.11828967521188702 46.01537277315856 0.8761910301384039 0.22008890028784386 0.42877751185794466 -127.16310793892303
0.42065340018832953 -0.029788538865833866 -0.9067322426506271 348.33654177134144 -0.18641905170249518 0.9752947085552959 -0.11852497047619551 46.132902503756334 0.8878618440232352 0.21889009666103967 0.4047078841724994 -118.28735958138392
0.3966686608407757 -0.035593147172384446 -0.9172715526937216 351.3879792221308 -0.18750277430427004 0.9750389421743406 -0.11891917789719654 46.2479134523309 0.898608192225615 0.21916247196522515 0.38009357761885987 -109.23055457221402
0.3715439420038099 -0.04021858259031201 -0.9275438344222313 354.3290469686026 -0.18786292931216836 0.9751375629881056 -0.1175340505550191 45.73092939751943 0.9092098871825585 0.21792016626288813 0.3547508734103898 -99.94120785710165
0.34630007113231825 -0.04340236334067331 -0.937119253665293 357.0239697250485 -0.18918222301347265 0.9751758257459233 -0.1150747382201558 44.791205940836235 0.9188505576150194 0.21713669366829935 0.3294925022415034 -90.69364489918284
0.3210234305769197 -0.045271921456568096 -0.9459885888044611 359.47923757862714 -0.19077391985006564 0.9752908669669693 -0.11141380666622072 43.3954117259587 0.9276579480205333 0.21623639364928285 0.3044545180086609 -81.56229965658294
0.29562417073321073 -0.048858785780229785 -0.9540540701293524 361.6361654847962 -0.19215040898535585 0.9752392288394467 -0.10948363740487387 42.64496127783072 0.93578019321049 0.21568788928616978 0.2789160526219583 -72.26334116549818
0.2708886970705222 -0.051023878209073864 -0.9612574460840033 363.50888922802136 -0.19389617443417678 0.9752342411891421 -0.10640699390561358 41.46307176773516 0.9428804735167795 0.21520859338033782 0.25428659814475135 -63.34260070629836
0.24607720006244763 -0.05390035892624777 -0.9677503618790579 365.1298310360703 -0.19288727317363674 0.9757583355496777 -0.10339328050198064 40.3899793401463 0.949863417264327 0.21210945738685033 0.22971518589329473 -54.467397926412424
0.22213557911294216 -0.05766554644512541 -0.973309030701628 366.428291652752 -0.19279393201175077 0.9759419591885277 -0.10182235547612536 39.823999172747534 0.9557647640876944 0.2102664429918457 0.205673864844201 -45.81829394511817
0.19745782910594087 -0.06123585533266443 -0.978396941811679 367.5459956085237 -0.19268970923653547 0.9761526309211462 -0.09998358415292075 39.15285957711774 0.9611873291295036 0.20826956370867483 0.1809494602188406 -36.934763846898335
0.1731877139964323 -0.0658264978331608 -0.9826865664614077 368.3816441770997 -0.19511448766142864 0.9756952798088915 -0.09974496309722633 38.997501239030846 0.9653685060251904 0.2090109880883532 0.15613473166794795 -28.035504487461143
0.1492539285715234 -0.06935308160514597 -0.9863637335576753 369.0214571499816 -0.19843399141219514 0.9751429835514634 -0.0985906318195365 38.47957011727019 0.9686832381424754 0.2104431317534989 0.1317819124143675 -19.327391106698155
0.12547862930033715 -0.07485231549845223 -0.9892685401110402 369.3745367079731 -0.19971742511999274 0.9748301049021585 -0.09909196072279004 38.63510456811643 0.9717860174402329 0.21000808898936973 0.10737103364820651 -10.623714948160469
0.10151629585274347 -0.07979101822685938 -0.9916288797159243 369.53485453927465 -0.1988907020342726 0.9750270952262083 -0.09881625483216919 38.56660906871503 0.9747496757222607 0.20725722420476203 0.08311144743225536 -2.0011034971198627
0.0772167733737871 -0.0851778677534219 -0.9933691664002472 369.46289303811136 -0.19771234951583738 0.9752488228155293 -0.09899272925751691 38.67260329598018 0.9772140997543316 0.20404525096631204 0.058464850974121046 6.74355620117748
0.05188175501513871 -0.09041275331797283 -0.9945520687897706 369.1697568678287 -0.19660344258796925 0.9754788474172807 -0.09893485030065326 38.69621152674544 0.979109477974301 0.2006652742228136 0.032834096027982936 15.83760885734433
0.027133023799949224 -0.09385822969707916 -0.995215771447379 368.72328285372396 -0.19595851343052043 0.9757663810779287 -0.09736647560728129 38.14161006295883 0.9802367367292311 0.1976628500154065 0.008083173276317803 24.579802952507784
0.0027313727390740755 -0.09590328103893075 -0.9953869098440709 368.1224907520603 -0.19649194604643888 0.9759343020626742 -0.0945682462369072 37.09690364397269 0.9805016342372121 0.19584381211416618 -0.01617858197579677 33.13044371679966
-0.021125594913792383 -0.09842184888135946 -0.9949205239124949 367.3119614622204 -0.19841913956091178 0.9757602665519104 -0.09231331038616504 36.22200240082722 0.9798895622953873 0.1954611006858395 -0.040142294693183166 41.54541957441229
-0.04333865961512684 -0.09798368487719858 -0.9942439127702267 366.48528297259867 -0.1984415670678685 0.9761941848319238 -0.08755488541471819 34.47587152345948 0.9791540762527688 0.19350480872118303 -0.06175098346881245 49.08475172508864
-0.06421069499817351 -0.10022857989008577 -0.9928903355462112 365.43963524055687 -0.19531822853352548 0.9769629495474651 -0.08598944594566307 33.98889311128146 0.9786356708450682 0.18840813938026482 -0.08230793865047077 56.208151399892934
-0.08504402266923355 -0.10428363088369677 -0.9909048584692418 364.1629895970652 -0.1945063293858327 0.9771117788409678 -0.08613860620587029 34.072219264355795 0.9772076555354471 0.18541169321257206 -0.10338134252834129 63.505212733183086
-0.10503821382451935 -0.1076778184510242 -0.9886214953409533 362.8032944915064 -0.19470568125428717 0.9771074129020471 -0.08573681437499771 33.92486818598215 0.9752213447847922 0.18348457991203831 -0.12359910036341024 70.48765765010205
-0.1259417955635422 -0.11207911644879855 -0.9856860229232671 361.18661572492783 -0.19308092036608004 0.977365803351375 -0.08646296681185812 34.24656008115355 0.9730665045724358 0.1794278632079691 -0.14473154315422718 77.77002150086832
-0.14680270456539185 -0.1157553640368659 -0.9823694119978386 359.44379894799556 -0.18997957613388414 0.9779396678330365 -0.08684334592011053 34.47425532115047 0.9707505995796635 0.17388128644366221 -0.16555534313461795 84.9432230734247
-0.16701664606820338 -0.12135908782938165 -0.9784566478579154 357.4949387135849 -0.18737968006218259 0.978215921517243 -0.08934464947586154 35.46736875811286 0.9679846566118299 0.16842084993073422 -0.1861185693924347 91.99689466294289
-0.1874964976158332 -0.1260410434215596 -0.9741451220198151 355.41132628475737 -0.18864565315277473 0.9778925084956079 -0.09021673555793729 35.76983713750927 0.9639802284945261 0.1668529208655704 -0.20712851534800522 99.19115710493054
-0.20758506875360902 -0.13025867006303984 -0.9695056049884228 353.2200707292331 -0.19017074186396124 0.9775595407159967 -0.09062247675958064 35.89158603666064 0.9595538172345885 0.16555972707315703 -0.2276981523903778 106.2497772477786
-0.2270416682985401 -0.13328252864956458 -0.964721642969097 351.0073104524846 -0.1904674342698427 0.9775382841907515 -0.09022781956838584 35.75013185352765 0.9550781315363048 0.16326258143916517 -0.24732790413323993 112.9304875625028
-0.24426465078830792 -0.13683390241328555 -0.9600058664016682 348.8722280226642 -0.19177795113673593 0.9772571665303009 -0.09049667354639843 35.82697327759267 0.9505556258489356 0.1620028197764444 -0.2649511059637592 118.88879968802345
-0.25960892444695643 -0.13745744972503388 -0.9558810887671041 347.0752409744211 -0.19361639493079402 0.9771291017749617 -0.08792843725700786 34.838248523865644 0.9461056484143286 0.16224724336501548 -0.2802854510297603 123.86108307587578
-0.27116263319039574 -0.1365902346135399 -0.9527927026218604 345.6578535559026 -0.19222041318358826 0.9776249417520906 -0.0854446371620341 33.97517163728374 0.9431448134389445 0.15997681417142667 -0.29135078481236215 127.52774556030174
-0.280743700740464 -0.13375978606125555 -0.9504163793450722 344.6096417557428 -0.18910649790828837 0.9785387512986293 -0.08185746548593982 32.726250374576864 0.9409684941290073 0.15674894525886435 -0.3000134350605356 130.1856867523313
-0.28783372418586817 -0.12837750126033734 -0.9490368614503051 343.9911483097092 -0.18724975625735354 0.9793917290724263 -0.0756926007353728 30.501210611565924 0.9391960796355867 0.1559200378228371 -0.3059406246356796 131.86468965029133
-0.2934280807605469 -0.12424822592518331 -0.947872533506287 343.48141015818044 -0.187218311926503 0.9797869786142148 -0.0704753873165641 28.588427109575594 0.9374696075609987 0.156779638003389 -0.31075855580651945 133.1341682712687
-0.29724056875286087 -0.12044129599968724 -0.9471757695936861 343.1743389234441 -0.18770039040553727 0.9800255815149556 -0.06571470929617779 26.834161635338084 0.9361712491468025 0.1582521841687753 -0.3139102395219489 133.79721085246055
-0.2995347838200967 -0.11802348116499489 -0.9467572926445003 342.99251668522476 -0.1884268783905172 0.9800923326707158 -0.06256461412076038 25.669702369060996 0.9352936569772368 0.15965424308101084 -0.3158105411229592 134.00390257134634
-0.30080240004358644 -0.11795117112280237 -0.9463643259119489 342.829312151666 -0.19013545752826996 0.9798180130156076 -0.06168605321028411 25.325452172233433 0.9345407556219972 0.16138210124083135 -0.31715830980846205 134.00901563315205
-0.30202252717283845 -0.1193715392138402 -0.9457974564915317 342.5966449464586 -0.1924626522508492 0.9793345303945926 -0.06214503250760592 25.462145182277514 0.9336704560864615 0.163261487199282 -0.31875565285776175 134.10694577062236
-0.30270820873409954 -0.12189653083326835 -0.9452560373442777 342.3752125663718 -0.1960218953728176 0.9785468164368107 -0.06341564929755117 25.873510462441015 0.9327074337108291 0.16609444244825264 -0.32010854297935115 134.114385846385
-0.30409002271787594 -0.12285889687908276 -0.9446877524034576 342.14176717060735 -0.19979788354166284 0.9778191054974901 -0.0628538197435913 25.615541797934153 0.9314558839879179 0.1696333940642073 -0.32189198157540916 134.27036911050175
-0.3052425069731195 -0.12249939408406145 -0.9443627006536224 342.0072858316303 -0.200106852075088 0.9778004615785705 -0.0621571000717882 25.365667086968244 0.9310124916935134 0.17000045819283327 -0.3229792323429833 134.17018328990764
-0.30643974182770906 -0.1222450629322031 -0.9440078544256233 341.8659525360823 -0.19752418847174225 0.978299372666187 -0.06256622419104868 25.565840290263214 0.9311707037902056 0.16729160776813232 -0.32393616404039655 134.00730435952678
-0.307839064214123 -0.12052631104328453 -0.9437735527604438 341.7737811714835 -0.19552149819557774 0.9787865564487027 -0.06122271358447153 25.11647255670042 0.9311318135941493 0.16568127613459216 -0.3248742225097019 133.8359781419405
-0.3086035692499157 -0.11932515365499019 -0.943676504291288 341.73202676164897 -0.19442418644254267 0.9790673591511726 -0.060219116324505044 24.7722101982604 0.9311085182578709 0.16488970237695816 -0.3253433774916438 133.5016206634184
-0.30960195068475965 -0.11835620799647965 -0.9434714834910941 341.63220219062663 -0.19424050220096784 0.9791723435885316 -0.05909440630092344 24.37893190602704 0.9308153734425036 0.1649646313002786 -0.32614323691141545 133.3159317654972
-0.3107859402075584 -0.11830396159255147 -0.9430886872616022 341.49198298254265 -0.19556724953461757 0.978952545536865 -0.05835550099482375 24.09611357294727 0.9301427580101715 0.16630119139200525 -0.32738106766096153 133.2157746012647
-0.311640337437031 -0.11898681906661099 -0.94272076298899 341.3443691317549 -0.19820116536975493 0.9784452724281902 -0.05797539917065452 23.932396421689976 0.9292989820979063 0.16878088088209295 -0.3285063410658312 133.11163110141703
-0.31218166724819585 -0.12031084958982169 -0.9423735491327799 341.20393781597255 -0.20054797182231993 0.9779407487755494 -0.05841577597080905 24.071694023726305 0.9286135459016794 0.17075476964141614 -0.329423270296159 132.92780850652414
-0.3137244288407984 -0.12047753819101345 -0.9418397663827683 340.99544960676127 -0.20185657531503579 0.9777064449414717 -0.05782759308490743 23.849988615379644 0.9278097357489842 0.17197462112573836 -0.33104957927485523 132.99718475208277
-0.31416140401546744 -0.12060576070148668 -0.9416776851516904 340.93252772824167 -0.20227522896063269 0.9776258607621615 -0.057727013762768516 23.817397880177513 0.9275706679148248 0.17234246967784517 -0.3315278708787349 132.648482496037
-0.3151317293410721 -0.12019671396907042 -0.941405727151446 340.82645484234746 -0.2023052112200154 0.9776562306176736 -0.05710425770174807 23.600866726921215 0.9272349188181657 0.17245592099281537 -0.33240692026308594 132.44762924240456
-0.3161918380182144 -0.11767992143435682 -0.9413682370156043 340.81530017681223 -0.19988901921758997 0.9782650834654283 -0.055152574451327596 22.927173873523877 0.9273980275841077 0.1707303797324392 -0.33284235888709224 132.07043146463863
-0.3166714610762867 -0.11591868052009804 -0.9414255388751089 340.8441787103168 -0.19744676453367196 0.9788192942078662 -0.054106972393579277 22.57976358859261 0.9277574903577952 0.1687472926979698 -0.33285190444417045 131.5421700157801
-0.3165370895271911 -0.11677492904845115 -0.941364906345772 340.8253527487954 -0.1989181154844875 0.9784998333374534 -0.05449458221397345 22.716909285985064 0.9274890049406274 0.1700049767045207 -0.33296013816963177 131.0581684380425
-0.3163117461889838 -0.11678866073339436 -0.9414389454165235 340.8603758501979 -0.20045977247873506 0.978212672609444 -0.05399858113008545 22.530288453290513 0.9272339288662002 0.17164025131183175 -0.33283158697599835 130.47920126807963
-0.31529026695044055 -0.11881072307700344 -0.9415285761187704 340.8939508145644 -0.2015550747816441 0.9778805642401946 -0.05590307604276634 23.224338093530257 0.9273443801501606 0.17214416679979916 -0.3322631283195852 129.7315605844714
-0.3149899347883606 -0.11882939666876792 -0.9416267389307512 340.93440001637265 -0.19757744968694002 0.9786051567092207 -0.05740294972670378 23.81801217982279 0.9283019402959519 0.1679628582438939 -0.3317287836370437 128.98987559702294
-0.31387220991847975 -0.1186366825998246 -0.9420241893829469 341.09235221016814 -0.1933885583944219 0.9793525048110326 -0.0589027741493025 24.407897383090113 0.9295617791857715 0.16368875606487132 -0.33033451199491404 127.93421494560492
-0.31386945755632134 -0.11809903949215783 -0.9420926602433174 341.1209107837547 -0.1907549274704789 0.979846163003171 -0.05927946097677099 24.57147660018391 0.9301067257358336 0.16110280481417422 -0.33007175738310773 127.27134939305004
-0.3138462869640297 -0.11660105295728991 -0.9422869534319911 341.1988071569203 -0.1932089613912225 0.9795089534378324 -0.05685514377123253 23.68102202403908 0.9296078772240568 0.16421450783768682 -0.3299436164234873 126.68619431681213
-0.3138883163894538 -0.11615483886877681 -0.9423280629597969 341.2149566893901 -0.19652667976641397 0.9789431205760851 -0.055205351341577356 23.06823305892917 0.9288979432500558 0.16786429067590913 -0.33010633278034873 126.20098847585454
-0.31413781103445154 -0.11694734188732012 -0.9421468860554459 341.14941210387155 -0.197064213582588 0.9788018710371951 -0.055790617304001075 23.287637881293705 0.9286996992588935 0.1681374927836609 -0.3305248131636489 125.79005847501489
-0.3140788590555281 -0.11958307900875145 -0.9418356318961203 341.0331231685531 -0.1968245451894082 0.9786843920573945 -0.058625584468128114 24.330298789736705 0.9287704607196334 0.16696331320991964 -0.3309209623710864 125.36675337106308
-0.31394333403773167 -0.12074703839759365 -0.9417323057703199 341.0003291295794 -0.19775412718928453 0.9784424339476272 -0.0595290570246787 24.669218697626963 0.9286188067193543 0.16754269953911216 -0.3310537050665183 124.8297679512858
-0.31377457208570414 -0.12167695393114536 -0.9416688572924514 340.97003657031223 -0.19879294075520054 0.9781935240090116 -0.06015643184839299 24.894032776226435 0.9284540293511212 0.16832156269732335 -0.3311207739070421 124.30210129127734
-0.3134888531124919 -0.12082756667018782 -0.9418733662795524 341.044878953228 -0.1981623816135986 0.978358402358871 -0.059552557014994595 24.695213196647078 0.9286853124107439 0.16797480664182643 -0.3306479318643926 123.55160264714999
-0.31498231336288357 -0.12079201737929815 -0.9413795360034153 340.97901861502993 -0.197706162373287 0.9784600812651787 -0.05939817110119789 24.639179508704075 0.9282771222152325 0.16740716205700112 -0.3320789461315295 123.18622616669428
-0.3145230291077184 -0.12039497779724062 -0.9415839386279415 340.9476865911622 -0.1973155886291732 0.9785502550960391 -0.059211120031627595 24.596350796654324 0.9285159248202629 0.16716592826493934 -0.33153239627899556 122.70399452480532
-0.3147509415419257 -0.11986283511080163 -0.9415756717108148 340.94873004453405 -0.19698368905708702 0.9786458747819811 -0.058733959662802065 24.4352641598115 0.9285091658373288 0.16698848023564855 -0.3316407339647171 122.15633574974838
-0.31495183619492684 -0.11911076627909747 -0.9416039327837635 340.96168031532767 -0.19797081217947646 0.978516315438287 -0.05756194876893457 24.016370538992483 0.9282310587361546 0.16828085386485658 -0.33176596543357545 121.61532133781698
-0.3151324350832001 -0.1204504707935713 -0.9413730569992641 340.87953304012996 -0.19970523866907458 0.9781201378065278 -0.05829934532623324 24.295531564167565 0.9277981278309743 0.1696251163682621 -0.33229197084851886 121.22763097149453
-0.3145349192081021 -0.12235935070093468 -0.9413267094345079 340.8186418610716 -0.19958421373850155 0.9780149487952942 -0.06043923857331725 25.087755129300746 0.9280268995159229 0.16886370015187963 -0.3320408477068436 120.63387627064913
-0.31425775488846486 -0.12774561160677525 -0.9407035251383256 340.62080376873524 -0.19908618418290294 0.9777389186854188 -0.0662668707225468 27.20539890050378 0.9282277494020272 0.1664561972504431 -0.3326944238140591 120.15508260885763
-0.3134500803342133 -0.1320973660604936 -0.9403719120743428 340.486763152761 -0.20053293318798543 0.9771526903231004 -0.07042132135475984 28.721512064102683 0.9281894148531853 0.16650196897997135 -0.3327784615630862 119.58256988767778
-0.31348373658958706 -0.1363199354749482 -0.9397578528993182 340.26209763042795 -0.20330383377656247 0.9763298961533873 -0.07380707993728097 29.963902830521207 0.9275750633051658 0.167919055110557 -0.3337779094925179 119.3429124258061
-0.3135841378404225 -0.1355624857109901 -0.9398339220110841 340.2946444260809 -0.20206475504549848 0.9766142419729001 -0.07344696824308478 29.841623258262363 0.9278118469082413 0.16687550702111917 -0.33364313554029973 118.68014177274148
-0.3136596717094839 -0.13266119059852616 -0.9402226432351437 340.44780990171574 -0.2011993038510363 0.9769934740344834 -0.07072900270673509 28.873171513259397 0.9279743802891096 0.16698730551455843 -0.33313479152443737 117.89740201337949
-0.31398480639454873 -0.1281345409544856 -0.9407417715652692 340.64933423374976 -0.19943189407036246 0.9776459535047072 -0.06659811726602839 27.388247604092893 0.9282459054479505 0.1667031163783545 -0.332520089631979 117.06591307505161
-0.31423449260433217 -0.1242230990331136 -0.9411829287254987 340.82412560476365 -0.19962180089724588 0.9778829270184164 -0.06241888858698662 25.892149792064576 0.9281205849803345 0.16826646342187018 -0.3320821841400983 116.29993581461551
-0.3164413138522831 -0.12266810094490577 -0.9406473472550757 340.9138307310889 -0.20012940220641362 0.977918082588453 -0.06020337298711713 25.025362305826153 0.9272610836544065 0.16920035684682472 -0.33400317660609574 115.61691068901982
-0.3139499194096402 -0.12305730304692045 -0.9414310108921944 340.9163562494265 -0.20186013488066226 0.9775463691297159 -0.06046141039763051 25.22296177856927 0.9277326845857279 0.17105553591780728 -0.3317409675985625 114.97164229047418
-0.31335431550356607 -0.12363316408011699 -0.9415539887307739 340.9576333259955 -0.20220468334876124 0.9774385568245614 -0.06105025523734859 25.45201913198278 0.9278590081403094 0.1712562652058519 -0.3312837947147795 114.19298752047398
-0.31261449564941335 -0.1250037324094704 -0.9416189484040582 340.97783513848225 -0.20269626488266604 0.9772489777454914 -0.062439248057678504 25.963456574841207 0.9280012938097011 0.17134322974396665 -0.3308399859576035 113.42849611055742
-0.31389371144200584 -0.1232916725925312 -0.9414190891343233 340.92801973292944 -0.19959650637836712 0.9779447673763918 -0.06152452033689475 25.61901553248491 0.9282413331449495 0.16859180119587852 -0.33157929973207945 113.07118917663966
-0.31426994949430154 -0.12122941551998692 -0.9415613775307116 340.9921168924594 -0.1987505342831666 0.9782353904639594 -0.05961330359894146 24.941771343226637 0.9282955477470548 0.16840115693339552 -0.3315243978600804 112.44151324233822
-0.31366028492146125 -0.1187339284202284 -0.9420825228741313 341.1841341957667 -0.19670382891016552 0.9787539551375097 -0.05786448820098845 24.308940994477663 0.9289374733291086 0.1671614475427336 -0.3303516627782428 111.40687064899203
-0.3130558568014572 -0.11809888833028905 -0.9423633498271541 341.2880107456371 -0.1946574083602583 0.9791524053724527 -0.058043607949604614 24.362333872894933 0.9295722262916276 0.16526711599253396 -0.32951821873568254 110.48183871121584
-0.31120200857831304 -0.12405506629376169 -0.9422121047745429 341.21551257100185 -0.20152197946598982 0.9775107371364377 -0.062142180321320996 25.909017774267856 0.9287315013764381 0.17053767709755163 -0.32920312732603024 109.77191475362314
-0.31022054749374733 -0.12492921047683267 -0.9424202376234898 341.28753578062936 -0.207000104246192 0.9764187798050642 -0.0612970087855451 25.67471415066809 0.9278546053960961 0.17606549580660258 -0.3287655280464025 109.01676661738968
-0.30762171207957056 -0.129632286087664 -0.9426369145439403 341.3398615900344 -0.20685022468977302 0.976094336691385 -0.06672953187903438 27.62633211557749 0.9287528556096202 0.1744572047313916 -0.32708227850845895 107.78382834127069
-0.3060780287676205 -0.12782105102473568 -0.9433864633439785 341.6003717147859 -0.2037181211551431 0.9767854216587647 -0.06625078979097512 27.431139401058033 0.9299543899669199 0.1719070066921109 -0.3250120207490985 106.42843347827107
-0.30321058186732475 -0.12930923399743313 -0.9441093501531883 341.83121623073765 -0.20314425873624545 0.976747160172198 -0.06853754619219965 28.2635512702627 0.931018664252323 0.17100908484213234 -0.32242850326122946 104.87668178964572
-0.30161836390142427 -0.1291611969519021 -0.9446394803094882 342.0059177909327 -0.20093714325370154 0.977139401704266 -0.06944677168933061 28.575911099720408 0.9320142847716817 0.16886673692287818 -0.3206764695804013 103.62246061078065
-0.3004093243409993 -0.1302338134612471 -0.9448774479689552 342.0782875062544 -0.20007093118572408 0.9771997483875974 -0.07107935175347377 29.162037767296393 0.9325909394495862 0.1676896108366821 -0.3196159164903722 102.62468457160718
-0.2998258711787824 -0.1311145684630447 -0.94494095948299 342.09793310831003 -0.20196819743580408 0.976782413589752 -0.07144902886890758 29.33017301633456 0.9323697196908617 0.16942575494454046 -0.3193456111567157 101.9246921125597
-0.29912353476830367 -0.13062376823921779 -0.9452314754168435 342.1972576647991 -0.20398456643557716 0.9764406280999638 -0.07038463221356103 28.99250408099523 0.9321563214417447 0.17175893271307832 -0.31872160489910184 101.09976795425281
-0.2984136403794163 -0.12957877778399274 -0.9455996190690386 342.31643872395733 -0.20369646585926343 0.9765613706569036 -0.06953875996273765 28.700021608231644 0.9324468076152923 0.17186398601427802 -0.31781397275660134 100.16227273390322
-0.2993067070067392 -0.13150005587193797 -0.9450519723520284 342.14243972107147 -0.20305559859514644 0.9765478640933212 -0.07157299081314675 29.43043884805861 0.9323003373484043 0.17047581775855838 -0.3189891479966083 99.98175135023341
-0.3014671089229009 -0.13010758837299075 -0.9445578847722528 342.00490641924347 -0.20109068346176256 0.9770395105832909 -0.07040122004656708 28.997906905940553 0.9320301064142452 0.1687181383459655 -0.32070870042847704 99.99961635985517
-0.3028785721790897 -0.12930652337013473 -0.9442162853545181 341.90662200540106 -0.19878111641758514 0.9775332562744575 -0.07010563909725379 28.874167649723777 0.9320679365102816 0.16645887147095748 -0.32177757199357576 99.7713413587881
-0.3053462216803698 -0.12643184869768387 -0.9438107185979656 341.8241972156557 -0.19723426898113172 0.9780499405535787 -0.0672083099223527 27.81700019869596 0.9315912880899009 0.16563001363891272 -0.3235805472165664 99.74881474108925
-0.30789084233471836 -0.12613136918110576 -0.94302391640664 341.5698213194917 -0.19775329290571206 0.9780107993152698 -0.06624584188955013 27.499961842532826 0.9306432529983578 0.1660895966977078 -0.3260634624078992 100.12276941829015
-0.31101876058901096 -0.12504523595520142 -0.9421417194491407 341.3134929537501 -0.19907231060929995 0.9778880196233939 -0.06407211738120627 26.76579164184475 0.9293210132727817 0.1676266984759429 -0.3290345639103975 100.60802261572461
-0.3141642422657431 -0.1259305983185071 -0.9409794436058284 340.9560102981493 -0.2015660451930916 0.9774137453753071 -0.0635098399984697 26.624964395815446 0.9277240744460652 0.16971698429608478 -0.3324517813678165 101.25365868424129
-0.31797991089450245 -0.12606253247221005 -0.9396792081206315 340.57339027234684 -0.2020058698785998 0.9773712538456905 -0.06276193663911778 26.376398009177965 0.9263273745291749 0.16986368082316894 -0.33624979573984887 102.05975765990124
-0.3206407090622507 -0.12604884902577188 -0.9387764501473902 340.30324364497824 -0.2009355684428825 0.9776002021244032 -0.06263179816085018 26.32077689035666 0.925642713484308 0.1685512754790184 -0.3387861191191328 102.39331339342334
-0.3234845912540224 -0.12288353463798177 -0.938220313218646 340.15686330969845 -0.19678125448575715 0.9785899008470853 -0.060323659065942094 25.427501868096353 0.9255457077336753 0.16511039602329186 -0.3407399301825396 102.50737215931076
-0.3264661334794368 -0.12313038830360984 -0.9371546143338294 339.83818178412224 -0.1951999925411722 0.9788886037275488 -0.060614061110075675 25.509408003197844 0.9248334047832143 0.16314413556279592 -0.3436090284444738 102.95294314329263
-0.3294605767723543 -0.12511011862282442 -0.9358435694981349 339.4405859710451 -0.19539170197563985 0.9787597162942931 -0.062060458897570614 26.03786174550025 0.9237303779522952 0.16240959324404797 -0.34690821966395163 103.58022241871437
-0.33182296118855237 -0.12660932259736427 -0.934806718984998 339.1239977059369 -0.1973419934738134 0.9783431518576406 -0.06245650346472357 26.233408631033207 0.9224693274249511 0.16375211951206675 -0.3496220578216768 103.9979498890963
-0.334382963678303 -0.13002759311352657 -0.9334242650750075 338.69628482292296 -0.1996482432222756 0.9777306377949952 -0.0646790452561824 27.08758556602411 0.9210475626046539 0.16472894386262357 -0.3528962488805043 104.6211450494099
-0.33690486319142277 -0.13265948233559 -0.9321462197018352 338.305968313509 -0.20159499338255443 0.9772283694965422 -0.06621308401076936 27.68769500186464 0.9197035238603016 0.16560850098223415 -0.3559764775955861 105.18301997082472
-0.3393657603181759 -0.1336555519951182 -0.9311106669695856 338.00063985232094 -0.2019787758306414 0.9771198339475649 -0.06664386108441704 27.86464857174405 0.9187140223364515 0.1654479480899168 -0.3585966001445277 105.57364581761027
-0.34099271523440167 -0.13506417649354507 -0.9303126551784571 337.758072697426 -0.2039079996363149 0.9766907236426772 -0.06705787078830333 28.070014334119634 0.9176848564956201 0.16683194711584673 -0.360585087850494 105.74654387391836
-0.3428751094394891 -0.13523980229977983 -0.9295949952537261 337.55373316520604 -0.20539943768180852 0.9764303727347143 -0.06629327417728093 27.850374043307895 0.9166502770014611 0.1682079756583015 -0.36257185025602995 105.94355467652785
-0.3441881824272049 -0.1372983648552301 -0.9288076518233134 337.3113324457366 -0.20626839422323592 0.9761396475665292 -0.06785821979141164 28.440051354981236 0.9159627965272524 0.16822766555109747 -0.3642960443392204 106.0358915613947
-0.34592307405914663 -0.13988868328824888 -0.9277760414676325 337.001790035895 -0.20578827911062897 0.976058085997985 -0.07044002369843057 29.35270859126429 0.9154170694356513 0.16655860543913537 -0.3664284649696505 106.27772303280935
-0.34648010467345763 -0.1426885285015528 -0.927141586220536 336.79735003232105 -0.20612228117273065 0.9757885474610618 -0.07314585325212203 30.338226070246986 0.9151312158754173 0.1657609558306562 -0.3675026030553901 106.15006121768012
-0.34655899215066793 -0.14589394422133792 -0.9266130918560639 336.6253742094577 -0.20728132573469712 0.9753217867862813 -0.07603857061834732 31.400151485206827 0.9148395033890805 0.16571773972497977 -0.36824762562610525 105.90857710178169
-0.3458784322498326 -0.14708517606811486 -0.9266790496635874 336.6329304566217 -0.2080782480170781 0.9750686123596273 -0.07710151680229235 31.810016486593945 0.9149161452321962 0.1661540013724692 -0.3678604287245045 105.27408386472547
-0.3440308563672561 -0.14824699370986405 -0.9271815349343406 336.76635630866554 -0.20881535756723174 0.9748089754360934 -0.07838117027260522 32.29663033284809 0.9154446549689836 0.16664420261509702 -0.36632061561355916 104.22763499508572
-0.340986784824431 -0.14903607871720329 -0.9281790020333883 337.0436286856934 -0.2086547909367292 0.974723669084445 -0.07985578968182169 32.82323595385078 0.9166194361861671 0.16643922664791824 -0.3634649818601455 102.70295374581053
-0.335930261720822 -0.14922577883257093 -0.9299906054321155 337.5485629757405 -0.20846653874804288 0.9746619147000908 -0.08109164109551512 33.268521809542385 0.9185273874428518 0.16663078636604262 -0.358527013699726 100.43867695951627
-0.32833711354636996 -0.1484280239674026 -0.9328257401943679 338.3365507446773 -0.20872976458068684 0.9745631305772532 -0.08160018319559972 33.46780337343795 0.9212093275939673 0.1679161285302771 -0.35096659176234174 97.22822906377235
-0.31884712690249434 -0.1465714583489837 -0.936404462432488 339.33166917446613 -0.20876958000887433 0.9745664600464107 -0.08145843980537247 33.43141069035975 0.9245278644415985 0.16951997684656345 -0.3413373775621382 93.28036399006703
-0.3059121163080824 -0.14493595710678964 -0.9409629883440948 340.5632708899324 -0.20838673922415119 0.9745721906227047 -0.08236511506935108 33.75065692528875 0.9289740276301787 0.170887722210815 -0.3283361728262109 88.11346559361046
-0.29127363654816035 -0.14330159976844892 -0.9458458226137141 341.8553010112903 -0.20726969813414986 0.974684453889189 -0.08384203946774896 34.24494045558591 0.9339159174611966 0.17162420240320556 -0.31360196469740903 82.32418442362122
-0.2748998112641751 -0.14176355416321001 -0.9509643465861038 343.1698985477801 -0.20513381775247658 0.9749447884368514 -0.08603938815517218 34.96222176281909 0.939334983156283 0.17142273539655492 -0.29709263741794095 75.89523764050573
-0.25691838581184184 -0.14467274785879747 -0.9555431644142626 344.2478383067664 -0.20565068984478102 0.9742711426996278 -0.09221460984641802 37.162335520236965 0.9442990716919101 0.1728164822282476 -0.2800602197243488 69.30820953643912
-0.23903761895014297 -0.14469868084186605 -0.9601683750724507 345.33250110519197 -0.20387143981253408 0.9742725817573623 -0.09606962300648936 38.473969795395384 0.9493668694216219 0.17278665515157265 -0.26238772655389386 62.49543833343495
-0.221222581125386 -0.14242039326044403 -0.9647678483364598 346.3928882275473 -0.20026516119520393 0.9748296630284622 -0.09798465844852378 39.037183990349334 0.9544393300842547 0.1715329696103794 -0.24417617722653384 55.524424044927656
-0.20126437798473185 -0.1442460603356878 -0.9688579484279685 347.21306485087376 -0.20003738389701323 0.9743060287380545 -0.10350269275878671 40.9803981874224 0.958893995808743 0.17297640429351618 -0.2249477013877406 48.15245669989242
-0.18166507249385844 -0.14003333078233 -0.9733388247192277 348.1565657546508 -0.19882944761708243 0.9745954750702847 -0.10310436815582381 40.812987346035904 0.963049662372656 0.1747979583477231 -0.20489270743826057 40.523040313296576
-0.16133724976245323 -0.13810771075592354 -0.977188084285132 348.8535261706331 -0.19955346426982712 0.9742721107051113 -0.10474859999121067 41.42174930590657 0.9665136867820335 0.17810141642324462 -0.1847462549851428 32.889252883433976
-0.1410607612795413 -0.136254878714685 -0.9805796600244585 349.37842214908943 -0.20059078193869778 0.9738727358308328 -0.10646704939365492 42.06462933819237 0.9694664511103301 0.1816769177188331 -0.16470670217002797 25.299305662953692
-0.1198496555946572 -0.13637852659990402 -0.983380372763399 349.66278829089526 -0.2048134437130304 0.972609056336572 -0.10992304947777327 43.43357965648997 0.9714357999004626 0.1882352810036496 -0.14449901611161808 17.67778073663236
-0.09933736467428486 -0.13527231742252724 -0.985816153305832 349.8330438938337 -0.20688441822672146 0.9718743958357929 -0.11251220473266202 44.422045106098366 0.9733092650717754 0.19277333544334516 -0.12452917596888033 10.15210348466014
-0.07788242371702524 -0.13738233711110226 -0.9874514780615062 349.68241460738125 -0.20853344820083908 0.9707953873628801 -0.11861752339525537 46.63118533891493 0.9749092927331393 0.19667844143384766 -0.10425671018079771 2.523896026800358
-0.057411716528550816 -0.13733484869105825 -0.9888594612685109 349.47798136636936 -0.20860955786887334 0.9702787263740988 -0.12264275564259838 48.06032103959657 0.9763124229318187 0.19924440388844314 -0.08435472925770335 -4.959791036625222
-0.03717000104723776 -0.13892266915363677 -0.9896054178395436 349.050734134669 -0.20761282125150737 0.969755765922184 -0.12833811169200093 50.0324679598159 0.9775046329681195 0.2006844449774522 -0.06488795011366871 -12.251957371757483
-0.015810146596591496 -0.13802748329049144 -0.9903022029265046 348.54480821310244 -0.20744090451896782 0.9693291550623669 -0.13179248946138997 51.2466406554246 0.9781197832560934 0.20334552614348614 -0.04395778202414244 -20.029826958115883
0.005525574102585432 -0.1333992295292072 -0.991046978498926 348.0339554636401 -0.20689803533389528 0.9694648400070953 -0.1316477381689135 51.19176320260724 0.9783469072909725 0.20577310210771105 -0.022243188691337984 -28.128041150447565
0.028979790332066005 -0.12856451876782485 -0.9912776282486692 347.25883388565023 -0.2050847636191974 0.9698322534389612 -0.13177875367738204 51.178749221704074 0.9783150880383923 0.20711485872216848 0.0017389114206209722 -36.97680577305155
0.053306125517936814 -0.1201719226735388 -0.991320919774828 346.35968098390026 -0.2003737343711354 0.9712540953093005 -0.12851400281322653 49.86065658558453 0.9782682779056221 0.20548525822028532 0.02769449580171145 -46.50949188187203
0.07894663102808397 -0.1120795143797938 -0.9905582324657672 345.12225623064484 -0.1957247841202298 0.9725766732087884 -0.12564403531889148 48.68301400003375 0.9774759528143927 0.2037959695050788 0.05484491301005029 -56.441117989750744
0.10446311884678249 -0.10442221362643034 -0.9890315758873218 343.61772969880025 -0.19393905443561354 0.9732418614350827 -0.12323928884489468 47.77980071735956 0.9754358512815813 0.20468580911174913 0.08141633486497331 -66.1227368842552
0.13222069082821944 -0.09819672864485482 -0.9863443067207095 341.60329434985255 -0.19322874194945563 0.9734368542796544 -0.12281426633238121 47.610697171454596 0.972203858355612 0.20682865665467912 0.10973406301090735 -76.39209267631927
0.1594618467492088 -0.09407668570207123 -0.9827112987234072 339.282668018253 -0.19284041180144645 0.9733038318304044 -0.12446777301976863 48.1863826551461 0.9681861881929428 0.20935431247424974 0.13706303966005495 -86.27844966234677
0.1878217506200535 -0.08924478286603742 -0.9781402551399325 336.5639353987035 -0.1924741833539314 0.9732110116699069 -0.12575378923385686 48.637641789759265 0.9631597368745517 0.21188604365467287 0.16561287923381576 -96.56401820852726
0.2169437429700319 -0.08626533230639462 -0.972365005966494 333.39482152953485 -0.19215566331278322 0.9728254054859684 -0.12917790638451132 49.83221600626245 0.9570849562306248 0.21486978122371836 0.19447201257223207 -106.92313183236004
0.2468477225701963 -0.0855556276404692 -0.9652701365115118 329.75006047449943 -0.19255012198420973 0.9719030640761201 -0.13538421090849187 52.052873553329725 0.9497318844735988 0.21928216666773073 0.22343831138757786 -117.20023513170325
0.2752998455727709 -0.08352101813873933 -0.9577234645536657 325.9331211813226 -0.1924047436447576 0.9712762637350686 -0.1400101215192689 53.67585937384011 0.9419078562421078 0.22281530251289677 0.25132236533082897 -127.22998901650826
0.30450188215606055 -0.0858551847427628 -0.9486345402820848 321.57359687274334 -0.18673552172510435 0.9712225691935796 -0.14783966319995098 56.20419477737238 0.9340280770348766 0.22216122150773285 0.27970688759614476 -137.3559905192374
0.33170532785016354 -0.08388629404631466 -0.939646031836984 317.3009952395303 -0.1831151828312974 0.9713696319473375 -0.1513600606076598 57.301658909565724 0.9254406546572697 0.2222703934438169 0.3068476281574534 -146.99812110412424
0.3585277796526281 -0.08212887228178867 -0.9298992846298345 312.7646232312591 -0.17866179278010663 0.9716723512141013 -0.15470231312639762 58.2996275788246 0.9162629508050376 0.22160255012923788 0.3336982390697677 -156.54121601942794
0.3848271973219051 -0.08027321109723187 -0.9194912940215947 308.0048620538072 -0.17506423184335088 0.9717792593050503 -0.1581062488127056 59.35730364013236 0.9062342649284814 0.22181362168421245 0.3599141207355834 -165.8173887789456
0.41100672248116465 -0.07770224783714272 -0.9083148323991777 302.9610191794626 -0.1715527676839417 0.9719677793795833 -0.16077401452940465 60.15804771767738 0.8953452529473032 0.2219031241983243 0.3861552556883729 -175.0669180288826
0.4365637115429122 -0.07391373301169228 -0.8966319678865756 297.7483846070569 -0.171511757304586 0.9715044125250335 -0.16359368432394442 61.15886675261626 0.8831737331183315 0.22520199048113645 0.41144649787446774 -183.9513147141831
0.46177278183710435 -0.06905375004367853 -0.8843062125527148 292.3034345401894 -0.17245617138854508 0.9709504175325498 -0.1658739148973455 62.01629920785564 0.870071702162774 0.2291001228683045 0.43644972997734915 -192.7007153944257
0.4864729048361927 -0.06335121558797585 -0.8713958551334534 286.6584942042737 -0.1733345635369303 0.9705446513186075 -0.16732665322746543 62.581022572229706 0.856328933263205 0.2324429032695307 0.461162720496717 -201.31461589479815
0.5118313769854981 -0.0605209125528936 -0.8569514926043912 280.4434816082986 -0.16806456333842126 0.9711868712929821 -0.16896852836553375 62.93824755212421 0.8424861684817114 0.23050657294730967 0.48691249290308 -210.26970794401944
0.5345647791185016 -0.05200865953245289 -0.8435256938941607 274.661891629028 -0.16638288303623625 0.9720942263238959 -0.1653769977363739 61.59874920865023 0.8285874927601418 0.22875295513147778 0.5109939846613445 -218.6395134250563
0.5572236007181476 -0.04891822020120424 -0.8289203016786649 268.4774765193848 -0.16367064771610862 0.9722086820665562 -0.16739832015465195 62.20009733827925 0.814072341919864 0.22894821739152366 0.5337311456851208 -226.51815440693656
0.5786338879433334 -0.046625391460606694 -0.8142535824881136 262.32179224340695 -0.1639823845540056 0.9713258776740615 -0.17215056467144227 63.90909837658797 0.7989321631274862 0.23313539463551944 0.5543963261860386 -233.65916215081606
0.5991128697733077 -0.042585464779885715 -0.7995312673444815 256.16649148423716 -0.16578481693041502 0.9703456464698655 -0.17591111634097373 65.33900563119698 0.7833129411335807 0.23794075852291452 0.5742865414461666 -240.5114178599435
0.6184295189821009 -0.03590902587450712 -0.7850194086214117 250.11293685224325 -0.16903321188442078 0.9694936902188214 -0.17750988115011573 66.06974480288775 0.7674455702729697 0.24247170244512178 0.593493698518999 -247.1094709025719
0.6371384498646113 -0.030620686057177146 -0.7701408762619394 243.9504611931132 -0.16974400828224406 0.9691026806331674 -0.17896079470623352 66.63199145582546 0.7518254899618645 0.24474960260436993 0.6122549017105583 -253.55740976858954
0.655161044597328 -0.02887562586911338 -0.7549372184975417 237.71509934828185 -0.16710188634203274 0.968980919414062 -0.18207948097579152 67.62760293705668 0.7367774190507418 0.24544281623658543 0.6300133798061606 -259.6685463852264
0.6711528083007635 -0.023894698507539197 -0.7409338373250558 231.9729227363702 -0.1665943479999236 0.9690539348371304 -0.1821559622717707 67.64093936968126 0.7223574123136542 0.24568987516767596 0.646402548042327 -265.32131693167054
0.6861666369282117 -0.021835577032948167 -0.727116602713943 226.34064646723735 -0.1647749413952975 0.9689040945897962 -0.1845916416723778 68.43342411200021 0.708536918625137 0.24647122157113077 0.6612317081647178 -270.4542488179945
0.6996085277767218 -0.024312606641636952 -0.7141125996790542 221.09582663543628 -0.15945543453573785 0.9689044346187314 -0.189204019442441 69.83150455028296 0.6965069075458671 0.24623788038083336 0.6739770278032089 -274.93687974197616
0.7112657415693042 -0.024128861679120248 -0.7025089628637756 216.40785412531724 -0.1564894385957868 0.968893760160948 -0.19171837973745443 70.59771295583222 0.6852824968418815 0.24629794874348665 0.6853650268046274 -278.9741217489112
0.7219490062109075 -0.024281135321399278 -0.6915201073711356 211.9795956342713 -0.1534979213657709 0.9688637143684347 -0.19427169406938258 71.37308843123499 0.6747058770808733 0.24640115553240424 0.6957430919418642 -282.68481965198987
0.731185713525395 -0.023503019481436294 -0.6817734670780422 208.04985787304065 -0.1518059911818266 0.9687408921144701 -0.1962040391698492 71.99219825984866 0.6650732240721033 0.24695888730822335 0.7047616012538013 -285.9674417481507
0.7398720758076109 -0.02188770359355345 -0.6723914335203399 204.26552390074528 -0.1505820075628183 0.9687239485404056 -0.19722821938717827 72.31093246830336 0.6556785572507983 0.24717370401336453 0.713435904343078 -289.12494002520197
0.7476671225505347 -0.019461588585843764 -0.6637884606007542 200.79280936927012 -0.14905780915841904 0.9691465702977841 -0.19630765346500034 71.91472844806087 0.647128768782455 0.24571563208261227 0.7216981257869154 -292.17603667897527
0.7552469883809205 -0.017159186565655307 -0.6552156506509556 197.3362072708454 -0.14647939380516312 0.9699551658368463 -0.19424408216696848 71.05384179027682 0.6388628755312221 0.2426778493864265 0.7300422506164675 -295.2659455457305
0.7618837238605608 -0.013246347114438756 -0.6475783547992385 194.24252428711637 -0.14570264283194448 0.9706617502314471 -0.19127599564349604 69.95747451983576 0.6311132475143836 0.24008394558101484 0.7376013610929014 -298.10269780752895
0.7670918144407057 -0.012504176307192486 -0.6414154611427328 191.76819240679814 -0.14480497482869986 0.9706334249712378 -0.19209964495923437 70.21956259337108 0.6249813337075961 0.2402382149107068 0.7427542881825668 -300.1715961533601
0.7706743992756755 -0.010848014474754891 -0.6371367913431403 190.04199159637164 -0.14581912726676308 0.9703223653533004 -0.1929022794534469 70.57489612743596 0.6203206851494123 0.24157157919989614 0.7462207580191214 -301.7148396732407
0.7735046011862057 -0.011747310818330636 -0.6336818070864165 188.6659318794067 -0.14493054367049343 0.9700576994040628 -0.1948927842129407 71.26052908334346 0.6169973820488577 0.24259031414183502 0.7486415497615809 -302.9431757395024
0.7755628030805909 -0.009533161800971648 -0.6311984294212503 187.6513178494113 -0.14732029692477328 0.9695435611507709 -0.19565789824353594 71.67405330666874 0.6138396114554463 0.24473332804740291 0.7505374937676792 -304.0105901865403
0.777687281177097 -0.010373373567818547 -0.6285657370682858 186.60354850903383 -0.146717841934755 0.969257058954176 -0.19752121031805397 72.33294439913479 0.6112907389723674 0.2458315414838445 0.752256927956329 -305.0232229339473
0.7788655684213861 -0.009422774953352323 -0.6271201142044557 186.01998205325944 -0.14769337433466534 0.9690130395086525 -0.1979908998914923 72.56841888103759 0.6095531916947622 0.24682978056624563 0.753339210396185 -305.8591472217657
0.7811098793918093 -0.009971217037847396 -0.6243139684063599 184.8938896190178 -0.14678508611068566 0.9689186418806662 -0.19912509613708662 72.94313761970437 0.6068949619266846 0.2471785594401536 0.7553682975483541 -306.9787841686079
0.7824143530262212 -0.010662330911713855 -0.6226669212974855 184.23973188495242 -0.1446491418113865 0.9693968889235122 -0.1983590116900294 72.56393121755603 0.6057263457633234 0.2452671735983944 0.756927742656633 -307.98662467946355
0.7832107043150218 -0.007628126215879577 -0.6217095819888913 183.83109282582475 -0.14513887697283345 0.970056488442247 -0.19474371779896082 71.28427914470156 0.6045789435941612 0.2427595949113674 0.7586514878658294 -309.05428648912505
0.7836876776343344 -0.005401250003163022 -0.6211315886529253 183.58078195857547 -0.14555258186150463 0.9705245765107031 -0.19208459673323733 70.3511650933816 0.6038609689635136 0.24094163792736975 0.7598019855694791 -309.92978779865985
0.7835727296095536 -0.004209409353541027 -0.6212858104649805 183.6386267127764 -0.14610524516013318 0.9706858122864045 -0.19084630245980785 69.93955450745133 0.6038766718038797 0.24031507380682013 0.7599879147409462 -310.5109552441224
0.782907975279973 -0.004064011246923155 -0.6221242529074059 183.97895554243442 -0.14722651363256126 0.9703648883965681 -0.19161507521778492 70.29367750885281 0.6044662570620584 0.2416101553736949 0.7591080798500861 -310.7475624892813
0.7815843484202434 -0.005486569001959055 -0.6237754434610987 184.6626786298908 -0.14778234332680001 0.9698662289184402 -0.19370048271587623 71.09889700319911 0.606041488105677 0.24357626231656979 0.757221446560084 -310.67033687977164
0.7786169281359562 -0.009640975949631508 -0.6274254782863585 186.1989951450619 -0.14689424161737108 0.9692986557144231 -0.19718569372515266 72.3398837969194 0.6100637351947619 0.2456973089249268 0.7532961379081035 -309.976642253951
0.7752200627919169 -0.012559906040682661 -0.6315663884384172 187.91931927270093 -0.14682589853843822 0.9688374878262185 -0.19948954283611497 73.19210646920267 0.6143907630842741 0.24737859839289078 0.7492181386578226 -309.2375830948069
0.7710088969813212 -0.01529181858753921 -0.6366407472507019 190.02895072934746 -0.1464918030591834 0.9686429270635261 -0.20067643480556932 73.62016965632077 0.6197462645406713 0.2479859676152872 0.7445921886870651 -308.3400548136553
0.7660331672607158 -0.017746654872009368 -0.6425560231585803 192.49119309640398 -0.14553369333892774 0.9688736271726883 -0.20025942842315694 73.42559573867324 0.6261095197804032 0.2469189154562533 0.7396065970705376 -307.3451543405317
0.7600842141184132 -0.021640386324844184 -0.6494641492243476 195.38358111814804 -0.1423071097172565 0.9696419994729528 -0.19885441755720418 72.73540459450382 0.6340510026582364 0.2435694696340362 0.7339299963145527 -306.1621698315805
0.7529261972395445 -0.025555993394139054 -0.6576085710451447 198.7997446993314 -0.14021340405111946 0.9700735961609097 -0.19823576709523869 72.39795453041353 0.6429948233343685 0.24146243855531427 0.7268105309722231 -304.5084845462202
0.7438399276555414 -0.0248556326466908 -0.6678954705274858 203.07499879345517 -0.14199282825457987 0.9706189479187763 -0.1942598637529458 71.04694778181974 0.6531004507345437 0.23933460983898763 0.7184558064234399 -302.46071345016526
0.734705070496762 -0.0257947670557093 -0.6778960756479487 207.26723206204593 -0.14239809043548282 0.9711503079004702 -0.19128477018610257 69.98375261714938 0.6632731286782813 0.23706899725051295 0.7098359298570059 -300.3069089577143
0.7248000526186152 -0.02597890476897946 -0.6884693023156928 211.71339039231225 -0.14324540299420205 0.971768714439924 -0.18747351854810332 68.63666704235357 0.6739032855277388 0.23450087876761075 0.7006166566762005 -297.95028591488233
0.7148014554043695 -0.027226640644715 -0.6987972448364398 216.0906403318301 -0.1439549916978052 0.9721135476769918 -0.18512755275252277 67.82114153308257 0.6843506701370873 0.23292479572183125 0.6909487678698494 -295.40911977679133
0.7038257493174724 -0.025495786158592576 -0.7099149804630508 220.79004202146183 -0.14693668979561025 0.9725184203580629 -0.1806032426513064 66.33664516004806 0.6950100170426373 0.231425769853777 0.6807372395116779 -292.68835925830547
0.6925318774627467 -0.02367115265171814 -0.7209988039033507 225.50177287685287 -0.14719734320468286 0.9737969525099667 -0.17335638850583088 63.68228691895345 0.706209983539886 0.22618393359043173 0.6709011010083029 -290.07936439247675
0.6800509310317917 -0.0201510896714691 -0.7328878937380845 230.56935504063836 -0.1464266992512191 0.9757501193344766 -0.1626988824950802 59.70275028766169 0.7183940095443353 0.21795788171985725 0.660609119560884 -287.32108423821603
0.6675953194678083 -0.02143552258621184 -0.744215699778049 235.4819965765751 -0.1381154594643895 0.978669751367673 -0.15208431087682187 55.28037189888128 0.7316014005465105 0.20431846742131074 0.6503947682669281 -284.59709949634936
0.6548800254271288 -0.029308365102700844 -0.755164334454144 240.3584257357219 -0.1265879808298443 0.9808756958654254 -0.14784570460429572 53.027218780587184 0.7450554579398679 0.19241592708381625 0.6386458138894275 -281.30859828698414
0.6400244043137104 -0.033599828194457074 -0.7676195759803048 245.85152927915638 -0.11974779991416908 0.9824739594675307 -0.14284741294090422 50.77025713333631 0.7589658927109941 0.1833465857699457 0.6247838051581583 -277.31854089404345
0.6229552077424312 -0.036302216101888815 -0.7814147159176594 251.98021919698178 -0.11871120213487159 0.9829661427783951 -0.14030400079490798 49.76924752318367 0.7731975553726733 0.18016578825475063 0.6080343979646763 -272.3173313090038
0.6040581747724001 -0.0451962302844782 -0.7956576036579485 258.4513184627087 -0.11724011950401539 0.982488086785853 -0.14481682810557067 51.359384282992366 0.7882692914666413 0.18076078139891583 0.5881811489998066 -266.2502039957923
0.5816785999095304 -0.04992182912827639 -0.8118853474375403 265.83517588707883 -0.11948415228690118 0.9820440805648734 -0.14598959271048445 51.937790252373844 0.8045952670501915 0.18192645438192795 0.565269158398414 -259.1350655813702
0.5572447503193989 -0.05379252481122318 -0.8286040384380857 273.52017455836824 -0.12386141242927737 0.9813497643818574 -0.14700677011177957 52.59291082564356 0.8210582432157265 0.18455081745174443 0.540189186327714 -251.21470778422025
0.5290518328419596 -0.05475766882698749 -0.8468209703775628 281.96473961865775 -0.12987207961907368 0.9809350059467952 -0.14456748266321054 52.06933655839693 0.8385925119520089 0.18646209216029583 0.5118539704693371 -242.1509297424316
0.4965359842189626 -0.05691695216129504 -0.8661480687113347 291.1083697329718 -0.13102226607733286 0.9815002539529998 -0.13960808458738144 50.30662725932731 0.8580706160728654 0.1828051204065841 0.4798928065573265 -231.807662381728
0.46107233974332446 -0.057637490738641224 -0.8854886883438826 300.4335967516674 -0.12833324976181246 0.9830660451952176 -0.13081180294532618 46.87667642687939 0.8780335269960873 0.1739513450525394 0.4458677550857695 -220.6709633802211
0.4242912299254186 -0.0584480470625449 -0.9036375257828496 309.4111978267389 -0.1232042994527806 0.9849088253231695 -0.12155371815326727 43.1185285486168 0.8971051514759713 0.1629062049005774 0.41068712616804287 -209.03655410651422
0.38669006429170505 -0.06370919734462094 -0.9200064849509384 317.84016310673024 -0.1159333098162893 0.9863383106445928 -0.11703078496622682 40.98126073357185 0.9148935795233877 0.1519140386155114 0.3740212066426282 -196.7720739060895
0.3471531507196777 -0.06994197972837854 -0.9351966688440865 325.9784969796117 -0.11116821825643833 0.9871147759510916 -0.11509146948716711 39.964586493642834 0.9311961754620182 0.14391851364818117 0.3349046793256384 -183.5321737137309
0.3078808909998428 -0.0729969536272443 -0.9486204729597 333.42273935834965 -0.11247178174621138 0.987268760914468 -0.11247440612532139 39.07958982633272 0.9447536479252016 0.14132175516725332 0.2957510883301554 -170.1699911406853
0.2680141289276461 -0.07838239653083247 -0.9602211342233822 340.2694568593508 -0.11666624351764125 0.986709445643205 -0.11310816726462349 39.5894398789375 0.9563249522618542 0.14233997960012132 0.2553074928175817 -156.24015442537947
0.2274866010140997 -0.08449352415920997 -0.9701085973921726 346.54290012059033 -0.1234057012191469 0.9856949196123616 -0.11478919094144022 40.65455893650791 0.9659300591997653 0.14582993460033086 0.21380540430213815 -141.81587476220383
0.18519633269780406 -0.09064806600048052 -0.9785117508163388 352.3890789251471 -0.12729945307578971 0.9851335758593469 -0.11535461395705411 41.12781575939215 0.9744214527615291 0.14592726217177068 0.17090367624238575 -126.77741993619948
0.14072442729908405 -0.09001392681381593 -0.9859483396917416 357.9601701542837 -0.1296961926240958 0.9856003326514036 -0.10849369519126907 38.73539239324231 0.9815169551159869 0.14314145890342028 0.12702357876725956 -111.2545595457745
0.0975643132899696 -0.09331219724259615 -0.9908451133340748 362.5562484812305 -0.13037856317937824 0.9858163722218748 -0.10567644260942455 37.740330394084296 0.9866522361174364 0.13949521176392024 0.08401458718223585 -95.92179690941896
0.0550580584446973 -0.09999193735327878 -0.9934637500506186 366.3208401352878 -0.1277857700049138 0.9860854249216362 -0.10633123596275597 37.819367149839614 0.9902723903979912 0.1328049216763219 0.041514402247827785 -80.64302661965718
0.014195572496976745 -0.10100570284397417 -0.9947845664838585 369.45190028787977 -0.12513707687987624 0.9868834389648335 -0.10198916553685355 36.03705660900493 0.9920379013482515 0.1259322273682895 0.0013698170017986898 -66.12256582015759
-0.0234875715570615 -0.09733164419661217 -0.9949748162744302 371.9245215542947 -0.12186782671898205 0.9881057680051132 -0.09378285582033405 32.76986271479134 0.9922683945350391 0.11905268696257759 -0.03506980088119166 -52.89695549911745
-0.0562142189461482 -0.09734431538934467 -0.9936619374061052 373.56541535282213 -0.12043449516045988 0.9886297020949556 -0.09003801703216635 31.286901279334977 0.9911283942879044 0.11460975698874554 -0.06729866001088741 -41.148099911897546
-0.08509297030833174 -0.10087553758201694 -0.9912534046961172 374.59140897996815 -0.12182232174283068 0.9884510234191833 -0.09013265904629096 31.424485060810053 0.9888976227746185 0.11308713551552972 -0.09639912578234618 -30.530548471858268
-0.11049705951589955 -0.10295554623546731 -0.9885294913849036 375.2745346932086 -0.12467815750444987 0.9881989082676591 -0.08898468823287428 31.196953368434748 0.9860252313605546 0.11341548923300906 -0.12202938138990078 -21.18443038852212
-0.1321936601282141 -0.10301006020701521 -0.9858568677643085 375.7093544583712 -0.1254034088987233 0.9883318323489647 -0.08645330648573983 30.296044168358197 0.9832592848575017 0.11220123288932597 -0.14356901504025657 -13.491903323483541
-0.15082185294024447 -0.10182217418070919 -0.9833031137552574 375.99480809050755 -0.12519974745839352 0.988639250654759 -0.08317124082969662 29.081654180984014 0.9806007301200758 0.11056526086393606 -0.16185651416629487 -6.711483775340122
-0.16802594572390134 -0.1027394445930298 -0.9804141411099212 376.077710196018 -0.12578469424004035 0.9886590126625528 -0.08204612956164078 28.713882718280452 0.9777246505323103 0.10953521445554276 -0.17904341522560982 -0.4825322616568798
-0.18619169767626875 -0.10194946106906491 -0.9772097825462843 376.09878303874456 -0.1261439531183116 0.9888509828955698 -0.07912924060137716 27.66318156627668 0.974382037400174 0.10853589735286961 -0.1969761512917064 6.052633192389081
-0.20296302592139376 -0.10210876566154846 -0.9738479399187054 375.980198952824 -0.1271001834513491 0.9888813760589261 -0.07719564398616069 27.01553741283599 0.970902442820835 0.10810839032600406 -0.213684399209805 12.16766883005897
-0.22119130128804862 -0.10000080096326767 -0.9700898144198836 375.79666532848313 -0.12659933673042192 0.9892560169913839 -0.07311046974106931 25.4725495787714 0.9669782914698327 0.10664132713468776 -0.2314748607798168 18.707984047916103
-0.2403613232180661 -0.1010584105903195 -0.9654085311151019 375.3759856598518 -0.12617235055225018 0.9893807695650854 -0.07215421519855726 25.09299992477184 0.9624484257647161 0.10446478097310123 -0.25055964814642745 25.778739998986687
-0.2614853455846174 -0.10577442967136809 -0.9593941755463132 374.6394106705151 -0.12724139199026022 0.9890799384812747 -0.07436735478864022 25.993902742747775 0.9567836966675772 0.1026286768967395 -0.27208879519294893 33.81364021691599
-0.2851621003441769 -0.10858432680172857 -0.9523087842188127 373.66497478821776 -0.12663437195581065 0.9891205330091857 -0.07486191968539471 26.14140270058963 0.9500770033879649 0.0992472425442667 -0.29581019671523245 42.77262955926145
-0.3107072008398574 -0.11315442120003201 -0.9437463177724967 372.30731560447094 -0.12645006995812064 0.9889840513183249 -0.07694755386351805 26.916572222497507 0.9420570126875798 0.09542862883264312 -0.32159285073719335 52.56612658478223
-0.3392100105798602 -0.11383581015710349 -0.9337976103247891 370.6076864658265 -0.12305905793924006 0.9894908692077644 -0.07592290835821075 26.30459349084593 0.9326269548868495 0.08915844368503972 -0.34965373577032427 63.337297391205105
-0.3702921887273452 -0.11857118961654627 -0.9213167576683001 368.20628783811065 -0.12345530392619165 0.9893033687554549 -0.07770220396874161 27.00422519490293 0.9206750148125036 0.08496892115370952 -0.38096955198279414 75.46797785957153
-0.4031902378971904 -0.12306640841641121 -0.9068033365531316 365.1887978901293 -0.12582756372086729 0.9889596908859162 -0.07826975157047736 27.39638132754855 0.9064243246253259 0.08254325485657948 -0.41422403938593866 88.4484940072089
-0.438645084474785 -0.12385307650851374 -0.890084774224054 361.5005189550103 -0.12884235597913019 0.9888922280875403 -0.07410673743869806 26.08267926904001 0.889376262991011 0.08217406322823084 -0.44973023709853766 102.4446141947816
-0.4753481469939681 -0.12199435195602028 -0.8712987531497055 357.1260320629087 -0.12819565150940163 0.989374337936672 -0.0685878587393713 23.9991944345089 0.8704079584214984 0.07909359976131163 -0.48593640365105034 116.8591106265339
-0.5115724630491142 -0.12225391271900851 -0.8504984396662674 352.01177302121675 -0.12629939766685147 0.9897737570660091 -0.06630514288067416 23.025706709667666 0.8499070991578155 0.0734975553901567 -0.5217815943024607 131.2703265024676
-0.5472134429429807 -0.12385924192007018 -0.8277779509345938 346.17419614373046 -0.12435130206610621 0.9900451153288122 -0.06593499289469609 22.751995793486685 0.8277041751356299 0.0668547515480025 -0.557168054233641 145.6457392504152
-0.5820240758277351 -0.1250508747433717 -0.8034987578601404 339.71934605674744 -0.12282455992853268 0.9902875126592203 -0.06515189751324169 22.357255264029835 0.8038420881213132 0.0607694083987266 -0.5917304930182621 159.8219568577731
-0.6163425254769159 -0.12424939327535948 -0.7776142871369083 332.6221091375581 -0.1220060920235428 0.9906171461295524 -0.06158070560883972 21.000026025441752 0.7779694112224977 0.056918872659644563 -0.6257186565360466 173.9079839568165
-0.6493031327220947 -0.12416691085585892 -0.7503252761874591 324.93478920409433 -0.12108308074865425 0.9908758842308566 -0.0591934929374194 20.049432494687213 0.750829094663818 0.05241717560333282 -0.6584133278633421 187.6230490719242
-0.6812802923682102 -0.12228658422352208 -0.7217362084235692 316.6970575635644 -0.1197773759562062 0.9912820479382374 -0.05489336612397356 18.377109485474257 0.7221568689971258 0.04904990065554072 -0.6899880896116612 201.02443899872023
-0.7107903125697769 -0.12096596721717737 -0.6929245026207196 308.2180414242323 -0.11788744223746825 0.9916545940423833 -0.052189242927475295 17.24907080204088 0.6934548885974245 0.044591488984426324 -0.7191188473336555 213.542312546852
-0.7366642787086334 -0.12018619184946044 -0.6654930651505045 299.99352700737836 -0.11588608197327396 0.991959229339927 -0.050865541697905615 16.625109172477305 0.6662553237907917 0.039650556314665165 -0.7446688370707915 224.65626037596033
-0.7600646242882967 -0.11919250561325626 -0.6388230690192115 291.8819088808107 -0.11209408543922969 0.9923473200087858 -0.05178525350834469 16.686118700612585 0.6401067746204793 0.0322481484276962 -0.7676088678539039 234.74761382139346
-0.7809217055648264 -0.11673528658945154 -0.6136237956945616 284.1204600318341 -0.10748858231694133 0.9928411531383929 -0.052083100006814265 16.461885202214045 0.6153108925163089 0.02528472858672408 -0.787878917125645 243.76393618147458
-0.7994289234586661 -0.11419163106567906 -0.5898081618054112 276.70189695573873 -0.10298006110345537 0.9932848703593096 -0.05272829724558552 16.367556001794803 0.5918686538015396 0.01858595463919094 -0.8058201157437701 251.81926706922522
-0.8166164875420586 -0.11266903274680408 -0.5660770277394856 269.2439846377796 -0.1008928013136013 0.9935269718337282 -0.05219960614790093 16.0236119606183 0.5682940743290968 0.014486038064336203 -0.8226980003522761 259.45747011413306
-0.8327819553097666 -0.11236758128532211 -0.5420772468814096 261.6338408430014 -0.10090312289096727 0.9935909526951008 -0.05094682044341137 15.57217917543486 0.5443278191506405 0.012269694312792345 -0.8387828562269131 266.8175795466833
-0.8483743729128006 -0.11024361919306935 -0.5177907567850413 253.86237602113673 -0.09923201981969071 0.9938563103428645 -0.0490167383061332 14.744451907232618 0.5200133936999285 0.009796878017049267 -0.8541019210573187 273.9170401899645
-0.8631893765147418 -0.10673699111404257 -0.49346865655278677 246.01541752602145 -0.09648827129496725 0.9942577228235634 -0.046277360644395873 13.537415706819527 0.495574528980859 0.007667811527644366 -0.8685315716148587 280.7051853776671
-0.8775089733063578 -0.10544036628759378 -0.4678251071970805 237.68438612348817 -0.09563445736500929 0.9944105301573668 -0.04474089937232795 12.912205739867892 0.46992770968663045 0.0054796595955055385 -0.8826878955777038 287.47243359222097
-0.891885105753956 -0.10266241088948298 -0.4404558860142679 228.72044640853088 -0.09403365726332012 0.9947062592199883 -0.04143825732655612 11.594173542291124 0.44237837812888103 0.004459513307122513 -0.896817419157949 294.36182699603154
-0.9051936604127613 -0.10108910787837319 -0.41280192516133135 219.5958739811717 -0.09196745726648242 0.9948773752632241 -0.04196421086230462 11.634060378748565 0.4149294204470015 -2.1394224986062e-05 -0.9098536011852691 300.8836197260272
-0.9182602445063583 -0.0985185718053359 -0.38352602828042826 209.86207982186357 -0.08835063690301516 0.9951133390733434 -0.04408636248470337 12.146183643696748 0.3859951920917598 -0.006597985127140021 -0.9224771966148039 307.3885972151349
-0.9307871883136497 -0.0972054289770035 -0.35240078695792815 199.437728659215 -0.08581764992666376 0.9951618579358378 -0.04783521162026523 13.327272662930364 0.3553456641528568 -0.014282194757378807 -0.9346258491400061 313.8588544973976
-0.9423657482206086 -0.09372292868520671 -0.3211896779463501 188.896983813149 -0.08267657627099695 0.9954249815506468 -0.04789248209270801 13.110497372246163 0.32420885292773616 -0.01857737181524852 -0.9458030983982445 319.97894356825725
-0.952996480793691 -0.09010621304527275 -0.28927249776893754 178.0373944836081 -0.0808907617182229 0.9957653131137487 -0.043682100088291195 11.444724436275058 0.29198354793290276 -0.01822941496915699 -0.9562495993026071 325.8543694383582
-0.9625779142597349 -0.08623543921366834 -0.25691867974712174 166.94749713362694 -0.07924030365718433 0.9961508169046526 -0.03747698302304778 9.070240965510909 0.2591615967995559 -0.015716201952708 -0.9657060980135137 331.4002163892589
-0.9706586514570645 -0.08829632670659136 -0.22366390196380753 155.49824349100965 -0.08205730774644078 0.9959384802013601 -0.03705592934486555 9.140853126947999 0.22602738904159103 -0.017615400771161548 -0.9739616609798933 336.56949226776106
-0.9779430879181638 -0.08618989129060017 -0.19025934781871048 143.8988295755585 -0.0803066611173942 0.996028978205869 -0.03843325063469105 9.51462569856506 0.1928163814961336 -0.022306438834728885 -0.9809812769942401 341.322763652858
-0.983802445460262 -0.08555842452511479 -0.15751985366673207 132.4606606319727 -0.0799085702658273 0.9959224609221612 -0.041869705382504147 10.737015664895756 0.1604598663357283 -0.02860433225101737 -0.9866278039220229 345.53149396242685
-0.9887117122713226 -0.08333963465968293 -0.12451367520196291 120.8482426760882 -0.07842404732114759 0.9959539212062336 -0.0438800140804208 11.357503436216016 0.12766682740351834 -0.03361981749977385 -0.9912471382314312 349.3809047496341
-0.9924701588322488 -0.07986228522020512 -0.09287087394278919 109.64021354113503 -0.07597475995742926 0.9961085080171783 -0.044672990779701244 11.463374992530966 0.0960771548126912 -0.0372807678998016 -0.9946754871152196 352.68869081009075
-0.9950687531043712 -0.07654017214202637 -0.06308548679197974 99.0290609948371 -0.07371374697308526 0.9962190170681963 -0.045977750476353725 11.76771380181981 0.06636610657933796 -0.041100755225991305 -0.9969484780154655 355.429163203615
-0.9967926225723628 -0.07215800057979765 -0.03460766587964145 88.82202064534381 -0.07047931433741939 0.9963819327731955 -0.047494318541050254 12.074530495811139 0.03790954808274832 -0.04490286177380505 -0.9982718062575364 357.7281201138025
-0.9975227029339236 -0.06985757816116196 -0.008268972418401306 79.34754623559415 -0.06937476813975978 0.9963988521930907 -0.048749039927431126 12.449755208582351 0.01164468449352351 -0.04805461602956421 -0.9987768295276465 359.55558563251054
-0.9976951083186669 -0.06619271178349798 0.014933042012606007 70.95386749583822 -0.06686571130657665 0.9964938712368713 -0.05028857960631369 12.818942029089271 -0.011551947388602376 -0.05117117835365693 -0.9986230835592722 360.90629679125306
-0.9972819335568038 -0.06452319190096022 0.03557390487582679 63.46542011172025 -0.06632478169351029 0.996440507757191 -0.05203208465841433 13.41050724618895 -0.03209000365395297 -0.05425008947000967 -0.9980116028674141 361.8847865205074
-0.9964411052506511 -0.06495427974822392 0.05372211192098097 56.88485831978819 -0.0678926841392244 0.996185937698486 -0.054810226893889404 14.538918909305018 -0.04995705362841612 -0.05826250144112934 -0.9970505371938726 362.54223927070547
-0.9954965286117408 -0.0638978110989741 0.07002664677630484 50.94392229558334 -0.06798199051479106 0.9960236130105972 -0.057579608291143974 15.549181713892956 -0.06606898279541164 -0.06208085100958702 -0.9958819495554204 362.9837519180396
-0.9943787750309557 -0.06316162946362708 0.08497917586935821 45.48372167734589 -0.06824336762977887 0.9959647153710978 -0.05828489092651453 15.825723132422608 -0.08095489202316736 -0.06375652358204863 -0.9946765359443486 363.28974402381164
-0.9929269014005399 -0.06484354288126912 0.09945593708636756 40.206389111854676 -0.07085991248728218 0.995786926464566 -0.058200256739541524 15.99953223802924 -0.09526301106629582 -0.0648360395833895 -0.9933384351235605 363.49168168065154
-0.9914790876079926 -0.06528819430183022 0.11272386846107076 35.354589983115 -0.07205464494903488 0.9957688616294202 -0.05703071409790404 15.68170652683108 -0.10852348583274886 -0.06466703869866636 -0.9919883200565691 363.59339753042883
-0.9902938721638049 -0.06444983851405495 0.12314327050362862 31.532122192996187 -0.07170009633496208 0.9958877617181506 -0.055377452501621384 15.069764115439845 -0.11906780816146222 -0.06366933622651029 -0.9908426074226425 363.5518915078112
-0.9894780732521548 -0.06168029762799654 0.1308765962184423 28.68049233524202 -0.0692984432638711 0.9961077049655189 -0.0544716978763436 14.56749251019101 -0.12700735535553623 -0.06296809503907025 -0.9899010812665795 363.3782233632409
-0.9890196674481868 -0.05907208697380405 0.13546433457274687 26.984230891792475 -0.0669791797544428 0.996260869648476 -0.05457168759241949 14.435006352555595 -0.13173415229203023 -0.06304576233040507 -0.9892781939232655 363.0834506611362
-0.9886913686968904 -0.05787607811284841 0.13834643850329054 25.921970334732567 -0.06629274531111212 0.9961695929827639 -0.05702117094265019 15.264693497816795 -0.134516353590875 -0.06554770475638626 -0.988741042446294 362.6930718959649
-0.9883752799027249 -0.0577094101748494 0.1406553591388589 25.078074303176493 -0.06687890370691746 0.9958727323889989 -0.061357258112057673 16.857992974628335 -0.13653394565517857 -0.07005087338027838 -0.9881555327085352 362.2411541564837
-0.9883261765667511 -0.055545681938465805 0.14186629596538375 24.61847793736752 -0.06507878483268172 0.9958599925369549 -0.0634635882140099 17.47805789887053 -0.13775384015572334 -0.0719552116408999 -0.9878493443031 361.7889636565293
-0.9880954077145098 -0.05400628185238617 0.14405133381533614 23.81422849670424 -0.06341369456370965 0.9960886211517332 -0.061531797908234404 16.669018477640176 -0.14016479085447003 -0.06993411422560439 -0.9876553300986143 361.42797808753033
-0.9879627716158623 -0.05332885694752888 0.14520879765969225 23.388353226984055 -0.06223137354533653 0.9964057886608357 -0.05746964824876966 15.147778374094923 -0.141622095902314 -0.06581441589687266 -0.9877305526368967 361.061338607671
-0.9877691264971514 -0.05294760137799428 0.14665846121984102 22.85683623233042 -0.061675241043897246 0.9965456835713107 -0.05561353430206066 14.453147570993739 -0.1432072532423961 -0.06397852814582658 -0.9876226154534241 360.6493795492367
-0.9876375283522739 -0.051750915152566426 0.14796606155157085 22.366331939749493 -0.060615927947490725 0.9965866846240804 -0.05604185319071234 14.528495824977906 -0.14456078952909737 -0.06431813749524012 -0.987403339735018 360.18465890582104
-0.9875037279368298 -0.049450182526586214 0.149636448631177 21.753406270095322 -0.058588978782025875 0.9966368273131402 -0.057291936679414346 14.830544917000426 -0.14630009868808322 -0.0653430477655122 -0.9870798180656776 359.75473597990793
-0.9871207314933694 -0.05100285291122107 0.15162905543104713 21.034562760730818 -0.060490723225339965 0.9964453490991297 -0.05863052671082583 15.450793448065179 -0.14809974294262138 -0.06704755963963113 -0.9866970613550542 359.2835467051476
-0.9867665530652735 -0.05240089349712537 0.15344678593043795 20.402962924600146 -0.06216182609782382 0.9962899205439919 -0.05951723782763044 15.895832061180888 -0.1497587297217182 -0.06826815204141487 -0.9863629059778087 358.81967500972064
-0.9862059354029419 -0.05148760265496377 0.15731141010382207 19.860388531614092 -0.06144668952930958 0.9963584103508332 -0.05911194861488256 15.999704448786797 -0.15369501397864851 -0.06796281995329834 -0.9857783208115801 358.35155088892935
-0.9864349028250383 -0.04958143930446928 0.15648598456428753 19.280858236543843 -0.05952716097383307 0.996450579685521 -0.059521083246059515 15.71390345349313 -0.15297940905544305 -0.06802884036117483 -0.9858850730608316 357.9029681290752
-0.9862127108634287 -0.04862074246360317 0.15817873540300953 18.659031167079174 -0.0586106735601662 0.9965291282630192 -0.05911417315813122 15.513397994970294 -0.15475554231183758 -0.06757011118559642 -0.9856393875034293 357.442227501586
-0.9858846844080967 -0.048423154776605484 0.1602703563701927 17.90563177504279 -0.05865256190278727 0.996490502641557 -0.059720642389526804 15.736139010454007 -0.15681602606808837 -0.06827793367303193 -0.9852648667954997 356.9701335319056
-0.9855704490485164 -0.048064817048892955 0.16229806937965163 17.175992998764197 -0.05836379603151712 0.9965328752861743 -0.05929498955782212 15.5739696577854 -0.15888535890728644 -0.06791172090241283 -0.9849585985659375 356.5077586827166
-0.9854696921121381 -0.04654069790907188 0.16335069441708605 16.780506951889198 -0.05684541984368105 0.9966390649413277 -0.05898451047243046 15.356483100038309 -0.16005650305814928 -0.06741318618054733 -0.9848032179871182 356.0192980735441
-0.9852552560602332 -0.04607659968624911 0.16476961906564347 16.262549489855928 -0.056496562568157785 0.9966508473249763 -0.059120444385918576 15.385906348569133 -0.16149371140594404 -0.06755764566471664 -0.9845586552809203 355.52013846809564
-0.9848333039924625 -0.04761960191167139 0.16684045331113187 15.531567245622098 -0.058055996371454185 0.996612933226448 -0.05824227511948824 15.206075689629815 -0.16350187959961723 -0.06704502099000643 -0.9842622112668158 355.05318914726325
-0.984481590810251 -0.04827032350015821 0.16871862145272395 14.858025991776497 -0.05871885212005379 0.9966174541387202 -0.057495621674697656 15.000151886633931 -0.1653725907199278 -0.06651034487391252 -0.9839859146671422 354.5724217980742
-0.9841020087309428 -0.05043762560263334 0.17029175651009057 14.30324852023067 -0.060547474139370804 0.9966652344951523 -0.05470295900647632 14.177796035911372 -0.16696478606899604 -0.06414402756524251 -0.9838741301308027 354.1046155098514
-0.9837692699366322 -0.050483675319793336 0.172190075366008 13.625221233712674 -0.061249143240935014 0.9964481907933538 -0.05778880096440238 15.308581622282537 -0.16866109800602286 -0.06739734112602348 -0.9833671910474465 353.56757305015077
-0.9834767941415985 -0.05020841614402704 0.1739324878602964 12.9980064885887 -0.06123228108815044 0.9964017387602794 -0.05860190055138001 15.594502668010794 -0.17036432472118593 -0.06828389227189896 -0.9830123635633959 353.058982587529
-0.9833137575625063 -0.049941183195234516 0.17492836365027978 12.638741894180551 -0.0611233149212888 0.9963773590595025 -0.059127816860120634 15.775458033926245 -0.17134174786472048 -0.06883339723325471 -0.9828041355549901 352.53523658483925
-0.9832555808494954 -0.04895409506372012 0.1755333566727811 12.41658913526745 -0.05952422941383683 0.9966848276436341 -0.05546368593654555 14.400519003596166 -0.17223625878719748 -0.06498346652396354 -0.9829098739139406 352.0826374569294
-0.9834278785017835 -0.0492110565209941 0.17449320818177683 12.790147513611869 -0.05987352373992637 0.9966128163450435 -0.056374244578226804 14.750919054240073 -0.17112793150285505 -0.06588752699023379 -0.98304326702677 351.5325273749894
-0.9837332322102764 -0.05039306848495935 0.17242234917142418 13.542239538967667 -0.06093876593937991 0.9965455165298821 -0.056422515806869106 14.856043512539063 -0.16898341531318328 -0.06601190902300222 -0.9834058334259723 350.9880578807581
-0.9840393295849758 -0.0539328203400959 0.16958139261167296 14.575344548939741 -0.06461132359035093 0.9962182307333388 -0.05809142465492037 15.712336768784294 -0.16580704054368253 -0.06812112480499913 -0.9838025907983 350.38692704661287
-0.9843128818343475 -0.05813844422503603 0.16657752536898293 15.67351098062763 -0.06873431765799368 0.9959146871609118 -0.058562184669569944 16.189708161311046 -0.16249228975878147 -0.06909310530201382 -0.9842877620740151 349.80687300604376
-0.984919581041231 -0.059189664351303614 0.1625730682356279 17.102040566243183 -0.06993851261093124 0.9956718946630765 -0.061205250034708 17.193261945994223 -0.15824671666526519 -0.07165236780470363 -0.9847963824327559 349.1700936925556
-0.9853525221441091 -0.06403238420068842 0.15805145009717086 18.729318303137017 -0.07480330943488527 0.9951959686508299 -0.0631620841860464 18.230229692452717 -0.1532477471346051 -0.07405969048485035 -0.9854086919869625 348.5122699199776
-0.9860047295622022 -0.06716708116754314 0.15258852017239402 20.674646063775537 -0.07812625000634899 0.9946899863045174 -0.06699343404741057 19.798659746198897 -0.14727851961815028 -0.07797701169544757 -0.9860165431199084 347.79659483056787
-0.9865891219207747 -0.0708204731978362 0.14705905304886613 22.64392824642785 -0.08189708130869651 0.9941314922627067 -0.07067845615632731 21.34018582193908 -0.1411905541483261 -0.08177430322270984 -0.9865993060770563 347.07126249028113
-0.9870459127361114 -0.07616643067138522 0.14120566911324 24.72911550986223 -0.0867647541788827 0.9937328148683523 -0.07047673436034613 21.642029223711535 -0.1349527457416662 -0.08181544776264324 -0.9874684749014438 346.3946763549407
-0.9873909601383974 -0.08289548945865323 0.1348607788216567 26.979330894730285 -0.09280490520130232 0.9932959842698269 -0.06892269005206271 21.567941707036805 -0.12824328991238015 -0.08056938289974504 -0.988464583650625 345.7106397039306
-0.9882135809567272 -0.08640868722901197 0.1263624041558286 29.958167518084494 -0.09532822906393047 0.9932340766199487 -0.06632192536749544 20.878628787776208 -0.11977665530568547 -0.07758613157179327 -0.989764590714129 344.98367936851787
-0.9892794170911163 -0.08872496114226461 0.11599187984580965 33.577780797393814 -0.09645309489703557 0.9933547183432664 -0.0627949363400637 19.777368331306562 -0.10964960284763715 -0.07330951381282541 -0.9912631738241275 344.1973583314487
-0.9906888979453431 -0.08882444363332107 0.10317812607850885 38.023294438959326 -0.09524957989423913 0.9936973428232094 -0.05910252444747377 18.44698340074429 -0.0972780808703207 -0.06837988797390829 -0.9929054163931543 343.29066901575544
-0.9922554766534831 -0.0876820077909142 0.08798258100853303 43.26596145306793 -0.0929922825125899 0.9939652860487221 -0.0581845814901304 17.97974963571176 -0.08234989037192265 -0.0659156706697051 -0.9944212487250538 342.17282900254776
-0.9935020226911347 -0.08798468380749498 0.07219713515035847 48.68891896118455 -0.09229604685454311 0.9939984875824299 -0.058723474172297466 18.125386159303396 -0.06659707684011346 -0.06500540053822941 -0.9956601464642524 340.9231372166877
-0.9943492402974509 -0.08973469597783819 0.0567210071988079 53.97871051225994 -0.09328125574281045 0.9936242674216917 -0.06332000092980651 19.755091065349873 -0.05067736819258339 -0.06825320159868879 -0.9963801005763825 339.5171829812893
-0.9947635539332964 -0.09304305363713919 0.04229021087526192 58.90103420230503 -0.09570239219531854 0.9932233664660379 -0.06594237206807113 20.82733626551821 -0.03586814595279656 -0.06964434274043321 -0.9969268486855802 338.1211624358948
-0.9950943450208605 -0.09465258454649585 0.02877729567164315 63.48769046565692 -0.09640911066380871 0.9930536840438242 -0.06745119708353313 21.39748693791238 -0.02219296934883216 -0.06989469826572396 -0.9973074767923007 336.74559598272873
-0.9952573068859948 -0.09603241012189677 0.015513519788127744 67.96685579762608 -0.09685501788532956 0.9930987883274 -0.06613548316207853 20.99377582561886 -0.009055307861652286 -0.06732438509803786 -0.9976900463424008 335.3810710969768
-0.9952999620592021 -0.09681910612553547 0.002011520321305991 72.50501421043974 -0.09674800663278883 0.9932347714001735 -0.06422236443971206 20.349391759982208 0.004220039991822138 -0.06411512747158536 -0.9979335858120868 333.95558254824334
-0.9953798172431151 -0.09514713359974981 -0.012885743781958423 77.47874926646745 -0.0941761599292575 0.9936216865610131 -0.06202253539340077 19.443737093392613 0.018704820930493738 -0.06052245007762074 -0.997991564448598 332.3734694961555
-0.9950810673480907 -0.09533711311728987 -0.026916616946522125 82.14577852968493 -0.09351758636542601 0.9936687902706455 -0.06226392440615946 19.487840875841798 0.032682265003665424 -0.05944047530540051 -0.9976966971227771 330.72868887062924
-0.9941580219600528 -0.10020945285169132 -0.04009854026819161 86.52064361707428 -0.0976543573299573 0.9933317611152525 -0.06128326732594817 19.472241861506742 0.045972316310450845 -0.0570094546442541 -0.9973146284970539 329.0940416996281
-0.9930748005789624 -0.10498465239522153 -0.052731994239822645 90.69467999533835 -0.10187676245698815 0.9930738478582775 -0.05852741213515105 18.876882423390025 0.05851124444358188 -0.05274993328346419 -0.9968921099157388 327.4879192643265
-0.991981338260651 -0.1083933182242646 -0.06499163874639027 94.73010964172782 -0.10484639579526386 0.9929265797723529 -0.0557139163074995 18.176188987856804 0.07057094183409249 -0.04845302617906841 -0.9963292861412535 325.8735764586872
-0.9908580851903084 -0.11036662545550806 -0.07758519832132353 98.8492790899607 -0.10625511900010746 0.9928014386360682 -0.055273439629051443 18.142450277621812 0.08312703951945181 -0.046524310072444855 -0.9954523513825333 324.13214944744954
-0.9895268813749629 -0.11246998495306117 -0.09048233817159256 103.04806600558771 -0.10780312164996099 0.9926539183755967 -0.054924359769575444 18.155110112703024 0.09599498944665784 -0.04459485192521936 -0.9943823516047053 322.3013938177952
-0.9880743429239915 -0.11450449228407467 -0.10294568520384322 107.09116352385297 -0.1091899645195438 0.9924492580118218 -0.05587505633109772 18.58085543165323 0.1085663138526093 -0.04396807385534262 -0.9931163899452611 320.43521962048175
-0.9866739105867935 -0.11446223704181961 -0.11564164673138473 111.19221323682042 -0.10876829787831756 0.9925762007226506 -0.05442373687686216 18.082416302294497 0.1210126090290498 -0.04112033621422185 -0.9917989042167831 318.5532053969566
-0.9850666710684791 -0.11522224641914346 -0.12793548170930105 115.14819078330699 -0.10933099843444806 0.9926350154189727 -0.052177187980017685 17.393804682026566 0.13300521167003734 -0.03741069491872034 -0.9904090334676411 316.67258959857645
-0.9830006877720381 -0.11771091079024777 -0.1409034751900412 119.2797681411203 -0.11178463549918251 0.9925094030247826 -0.04928772842914317 16.632767805408353 0.14564972744916188 -0.03269902732988231 -0.9887956970505406 314.6341445294667
-0.9811474185449564 -0.11788425285586415 -0.1531438735672536 123.18100500459686 -0.1116651486345715 0.9925555187843931 -0.048625473890367116 16.419321526226287 0.1577359745365252 -0.030607924778697476 -0.9870068476346829 312.61488241487484
-0.9792717313996684 -0.11613520620474303 -0.1659502635167464 127.2251650637008 -0.10960024511542786 0.9928141530001628 -0.0480400236595203 16.08393372968216 0.17033690836731152 -0.028856047587134226 -0.9849632816331354 310.47640435167244
-0.9772940921375617 -0.11507154104225205 -0.17791795276244687 130.99881142317582 -0.1077595854093525 0.9929056741978082 -0.050261256432759235 16.68628392926898 0.18243938507192858 -0.029947664148584574 -0.9827609109985094 308.34368831934006
-0.9751332523348292 -0.11494900804141683 -0.1894778766536946 134.62844998296328 -0.10683957848736222 0.992888916002506 -0.052506237229611126 17.360853361188617 0.19416602344267436 -0.03095684140321365 -0.9804801014354116 306.2064426529913
-0.9727318657709584 -0.11487152879862805 -0.201487590648199 138.50822590931247 -0.10606997808371263 0.9928921075123023 -0.0539853923677493 17.797292438407677 0.20625682307034343 -0.031141527118063513 -0.9780022127918137 303.9089618602001
-0.9700432501165711 -0.11775514860100299 -0.21248486506392644 141.7965324998508 -0.10848189354722752 0.9925853511120508 -0.0548269963628746 18.256713679882388 0.21736552549953114 -0.030133797233710437 -0.9756250215060037 301.8435989087882
-0.9673862622621346 -0.11864181382718648 -0.2238033502838857 145.28559773659526 -0.10898309641475375 0.9925168921460491 -0.05507180313553303 18.383825605869312 0.22866242429036937 -0.028884923689385774 -0.973077158760347 299.6351928755635
-0.9649993516520851 -0.11983433310249637 -0.23327233852502824 148.20553393454404 -0.10946405938290608 0.9923577316232527 -0.05695394798403573 19.045794005725213 0.23831464708336966 -0.029425585761928 -0.9707421201782152 297.63127004448825
-0.9627337135297303 -0.12068916407834175 -0.24202876380159097 150.89594953406638 -0.10949908156370984 0.9922214684533294 -0.059215780641844684 19.79465166127512 0.24729283849306924 -0.030507101048610777 -0.968460411589266 295.70358995463613
-0.960110668858689 -0.12211126527704155 -0.251547892927293 153.7994710364136 -0.11032852740150687 0.992053394897411 -0.0604787377012522 20.27447473924943 0.2569340763408697 -0.030313372708458297 -0.9659534045956369 293.6446863048927
-0.9576471916449902 -0.12299273446538964 -0.2603548417125935 156.47636195426034 -0.11090019662061251 0.9919763524340769 -0.06069647931382785 20.403670654904833 0.2657310721838395 -0.02925240982057042 -0.9636032865218531 291.69053825487265
-0.9553198868571833 -0.12352751975183184 -0.2685234917826356 158.9507172985214 -0.11132662879582546 0.9919551982478222 -0.060259989960836945 20.302716923547667 0.2738070406255743 -0.02767375169875739 -0.9613864300949856 289.82828511073575
-0.9527616190904482 -0.125090915557236 -0.27676264204765827 161.43360943762642 -0.11334172236430799 0.9918549088174543 -0.05811620966830633 19.772362140744317 0.2817781949683827 -0.02400213948319745 -0.9591793086491125 287.9669081860863
-0.9500550671767092 -0.12788001538118215 -0.28467889102981847 163.8069346224386 -0.11649126568162507 0.9915743150650506 -0.056658297919806595 19.55131555835318 0.2895257403958268 -0.020665898707414886 -0.9569471073569653 286.11507901145325
-0.9475595807669916 -0.12845864755617503 -0.292624702929745 166.18551360487675 -0.11684308772049458 0.9915184916638056 -0.05691022351628524 19.6718489212278 0.29745341441749146 -0.01973465370284317 -0.9545323513085373 284.20812240433605
-0.9449587524700938 -0.12953811187279765 -0.3004543787375958 168.51729836606907 -0.1175312381834908 0.9913868553180202 -0.05777985075874531 20.01278430370934 0.30535121447477437 -0.019286800540211046 -0.9520444606969269 282.28862110172327
-0.9423432787168564 -0.131542051294169 -0.3077106332229798 170.66650483546476 -0.11947538128005178 0.9911521849125532 -0.057818505783685 20.183550804520447 0.31259363129333145 -0.01772103508246557 -0.9497216363706025 280.4631046944592
-0.9397074199594603 -0.13389599403844632 -0.31467733895784544 172.72108043789606 -0.12188425884448677 0.9908692655565549 -0.05763962197432427 20.31911318728838 0.3195218182207039 -0.015810166218898532 -0.9474470150488977 278.6743908020228
-0.9373275467037027 -0.13460103531202455 -0.3214026003058302 174.70129030373647 -0.12293746246644859 0.9908097356495337 -0.05641319051791442 20.02055542995773 0.3260420992950583 -0.013365217358168324 -0.9452607684931393 276.9410248449337
-0.9348758554524095 -0.13600486725348884 -0.32788688747110106 176.59887334605727 -0.12467189284941219 0.9906475736937889 -0.055446405365483155 19.855058736054804 0.3323613305206704 -0.010957226746292743 -0.9430884821460604 275.222960407854
-0.9325585887853528 -0.13629618534416074 -0.3343020017040004 178.47339349042537 -0.12573379393512388 0.9906395367618583 -0.05314434369648502 19.214356550127686 0.33841615142506287 -0.007527155165167606 -0.9409664448798206 273.5354668721301
-0.9300172850112197 -0.1372476444777594 -0.3409265810488621 180.40129958024835 -0.1266866362264802 0.990517025244557 -0.05316501577440774 19.306160411785278 0.3449903560709766 -0.006253541874818556 -0.9385853969842279 271.75687779960987
-0.9276111647074732 -0.13769860964475683 -0.34724144339630003 182.23302041976643 -0.12646784118107102 0.990449230703002 -0.05492000133677742 19.8565508986616 0.3514874283058277 -0.007029530690814963 -0.9361662103714395 269.98080612307024
-0.9249324621614219 -0.1381381696800493 -0.35414373708630764 184.21899490705275 -0.12571102017516375 0.9903710747606628 -0.05798166679157893 20.779242355490734 0.35874319484351125 -0.009109355347993554 -0.9333918468674421 268.05106646197487
-0.9223137133342582 -0.13958765435394832 -0.3603508026181354 186.00228853282294 -0.12571963484528204 0.9901409810348919 -0.061769013992695826 21.988074744346545 0.365420288996028 -0.01166723734324274 -0.9307695138770047 266.2256273548592
-0.9197175675140258 -0.13954419951702385 -0.366942791709057 187.88872315839572 -0.12472186854992896 0.9901301081794798 -0.06392827529274514 22.605330861323687 0.3722419260527992 -0.01303016721472956 -0.928044267926298 264.3487666470669
-0.9169980476743342 -0.1393904240391358 -0.37374441834982547 189.82895441109946 -0.12363642850193211 0.9901349747978425 -0.0659300024978222 23.160404481176197 0.37924743124871135 -0.014249258516362547 -0.9251855730192662 262.42382585458597
-0.9143075805405207 -0.13923820138087298 -0.38033455199647415 191.7058150596397 -0.12269211039842962 0.9901439721232083 -0.06753932568553006 23.606607982388102 0.3859900182804198 -0.015087668616986582 -0.9223795683142517 260.5445219005102
-0.9116747766158082 -0.13691090181702084 -0.38743322862935525 193.73005395262985 -0.11894858725506177 0.9904230750398563 -0.07009540654436168 24.12879358580955 0.39331963499492517 -0.017819578901996022 -0.9192290940430543 258.53635991698866
-0.9084134184404267 -0.1378410245172264 -0.3946959756032733 195.76845744129926 -0.11762040823747605 0.9902143527868279 -0.07510642516464683 25.616017434601883 0.4011863666220823 -0.021803382650511006 -0.9157369227794452 256.3915968986266
-0.9053768374095225 -0.1395924543721617 -0.40100714328386605 197.5308268154729 -0.11514788138405015 0.9897428407440065 -0.08455811379606801 28.400748862903153 0.40869762379428615 -0.03038183467699115 -0.9121640183796794 254.30026021980413
-0.9026379535854018 -0.1414754308815323 -0.40648422749725804 199.0627914968321 -0.11227540467881315 0.9891307666397019 -0.09494503668419901 31.44617762347007 0.41549844554626986 -0.040062812477906905 -0.9087111822823538 252.33434815895242
-0.8999958358301611 -0.14529933698908434 -0.4109690963550691 200.29684473080258 -0.11193961262630399 0.9882313166101674 -0.10425156112024488 34.34561807171214 0.4212802138879093 -0.04782224943964529 -0.9056688212835251 250.55904643661864
-0.8979760520696181 -0.14767122535485894 -0.41452649989072715 201.278968866917 -0.11112623977996262 0.9875782535657265 -0.11108623639513643 36.43277480359565 0.42578159746732686 -0.05368800877537133 -0.9032317692441442 249.08288108876965
-0.896382073633385 -0.14818553052972816 -0.41778011753832395 202.17821699400696 -0.10885696825736384 0.9871960079936243 -0.11659417765594683 37.98634291810184 0.42970843432556455 -0.05903465374738982 -0.9010358323210003 247.7275527986766
-0.8952293262771462 -0.14852136546437925 -0.4201260017827546 202.82494540994472 -0.10555812840717586 0.9866675415181834 -0.12387350015898585 40.00572890782668 0.43292255069531893 -0.06654747564754346 -0.8989713558197495 246.50430325508458
-0.8945789250741109 -0.14887410859937658 -0.42138467770196564 203.17188281963521 -0.10262766193997115 0.9861197085680095 -0.1305200497183483 41.856141076037524 0.4349667916266522 -0.07351476152777851 -0.8974405105741162 245.5451923832895
-0.8948188985302467 -0.1471526071534486 -0.42147983230643304 203.22112375731393 -0.09953066884935932 0.9861090689056026 -0.1329757503476667 42.38038381453368 0.43519281335003135 -0.07703904484135712 -0.8970352282817081 245.05162958602497
-0.8955378383824333 -0.14356184740954084 -0.42119113950043924 203.16059417799616 -0.09718189713596344 0.9867778141448924 -0.12971208263104417 41.1776590144535 0.4342437781872917 -0.07522992409797793 -0.8976484833306625 244.93859778980388
-0.8978830785338707 -0.1381728840013961 -0.41798831491953886 202.31526621700786 -0.09477809282534286 0.9878748689707451 -0.12296485829871875 38.89167368735207 0.429910560934399 -0.07079193020938207 -0.9000918909835265 245.6466335858389
-0.9012084084731748 -0.1346778113035515 -0.4119287458283681 200.672953275043 -0.09273227143847257 0.9884001245642582 -0.12027435136062731 37.903552144553764 0.42334871008556146 -0.07019316849838855 -0.9032434825477835 246.7794752881452
-0.9058634522328132 -0.1332847806570918 -0.4020529481971758 197.97632161355583 -0.09122175109751024 0.98831611139573 -0.12210592156946533 38.35497410517253 0.41363026731073954 -0.07393531768252205 -0.9074379156524323 248.52011370226094
-0.9123657724115565 -0.13179841678724805 -0.3875795075390839 194.00886908225823 -0.09085925747752784 0.9883371786856167 -0.12220563226949839 38.36820225590044 0.39916574585314335 -0.07628104981009647 -0.9137001197205642 251.27844344117162
-0.920543739089466 -0.12830944705041059 -0.3689660014429558 188.87794022237821 -0.0897608206730929 0.988721664664797 -0.11988521549618256 37.56133276897713 0.3801870848612276 -0.07724089344441298 -0.9216786993766486 254.91937623246355
-0.930489735108059 -0.12112071601661178 -0.3457146583675005 182.43242065375077 -0.08763285505626683 0.9899531137964588 -0.11096537838165071 34.634977742308514 0.3556815086186258 -0.07295618298896173 -0.93175536477686 259.62714665478575
-0.941250981906682 -0.116867278683908 -0.31684164535730586 174.3507951596822 -0.08854594981864916 0.990793640711211 -0.10240886825337106 32.069286243816336 0.32589293307836587 -0.0683374033691713 -0.9429336113801114 265.08407498679634
-0.9522507770882715 -0.11142016287102936 -0.2842604524737415 165.1468656126547 -0.08758253841607185 0.9915907144214631 -0.09527409951151644 29.794113361880925 0.2924854808351694 -0.06582858329727542 -0.9540014890563292 270.819746199118
-0.9627634161226737 -0.10796544828462862 -0.24785089580733555 154.74610078170656 -0.08778108894547113 0.9919630959034763 -0.09112462229901828 28.53978217577087 0.2556972526237754 -0.0659748311274128 -0.9645031034985645 276.68063196821157
-0.972574877801769 -0.10384013427598492 -0.20812336145281593 143.27870844326767 -0.08736691715994117 0.9923819101748114 -0.08686291581429352 27.200222134293075 0.21555771583230796 -0.0662975932544952 -0.9742379074301202 282.5742879045868
-0.980928742658185 -0.10001786441053366 -0.16665901903524002 131.17293188672977 -0.08730643453297308 0.9928054143333878 -0.08194507770116133 25.690974772881223 0.1736559481163029 -0.06583187730169773 -0.9826035699175747 288.184505490413
-0.9878250080764714 -0.09412741797195016 -0.12386194978544822 118.54293662400009 -0.08483994509051292 0.9933177294585148 -0.07824367105664112 24.356644146692435 0.13039914545639422 -0.06678261397485799 -0.9892098590971116 293.37148424372685
-0.9928411210155832 -0.0895560508760621 -0.07903304481040953 105.16842994162171 -0.08355249795340407 0.9935812886152566 -0.07625747831782276 23.651390784413568 0.08535507311382513 -0.06910815194411565 -0.9939509921664159 298.1356929891398
-0.995625996628767 -0.08775608064417921 -0.032058464513239175 90.99602399534646 -0.08515702781096719 0.9935401760319864 -0.07500799440547455 23.403125128064918 0.03843378008180381 -0.07194990563094476 -0.9966674749525649 302.43040454189344
-0.9959843018536748 -0.08831802612911993 0.01466958491927867 76.72538112677117 -0.08916131721351908 0.993314063404395 -0.07333096859989774 23.22294002437942 -0.00809505860374509 -0.07434445307960136 -0.9971997655046339 306.04405266270726
-0.9946413735869698 -0.0834935663064163 0.06097017577850846 62.428694535723764 -0.08771580145294613 0.9936680121315545 -0.07021267579284897 22.15350518252683 -0.054721806663280824 -0.07518448012695476 -0.9956670215606953 309.0031768843262
-0.9911776074811935 -0.07891126547781162 0.1064892605315077 48.210531510016935 -0.08600708976281855 0.994251667521021 -0.06376834749466 20.057305869934552 -0.10084508385829952 -0.07236458949209602 -0.9922669173409204 311.33484009536966
-0.9853829232231627 -0.0761131349674642 0.15240500420130298 33.71163495441166 -0.08601940123727271 0.9945158587668258 -0.05948839611271365 18.76388966996635 -0.14704134531129565 -0.07172863686636333 -0.9865261503996423 312.99107715135204
-0.9768811592820061 -0.07725773251127413 0.1993350029650089 18.733443791097233 -0.09021946634619796 0.9943026105121159 -0.05676941624676713 18.28917963492031 -0.19381343743933482 -0.07344087074652553 -0.9782856382324854 313.9131433233468
-0.9667746516819288 -0.07479361743308226 0.24444362879109585 4.165381310340189 -0.0912406637519599 0.9942161383402098 -0.0566516684836557 18.33723126403925 -0.23879261743903876 -0.07707259600632362 -0.9680071801394134 314.08684747153603
-0.9550146504352458 -0.06994796054331855 0.28819142990358937 -10.11878356819435 -0.09043536206577514 0.9941895373607701 -0.058383294617638866 18.800455282743737 -0.28243311197888477 -0.08181959800810693 -0.9557913426264723 313.56966934305365
-0.9417633641167789 -0.06278169479786525 0.33036377647338255 -24.05093812463781 -0.08691914272429593 0.9944791429965175 -0.058790277878102135 18.648621470718933 -0.324848932021518 -0.08408146611006904 -0.9420209543429809 312.4560708617631
-0.9273399037279663 -0.05501296300519387 0.3701543959690271 -37.34361791976211 -0.08274358724656417 0.9947962086806028 -0.05944747231186077 18.51802531892781 -0.364957808141402 -0.08575591580811436 -0.9270661902909281 310.8018874485636
-0.9120079919109759 -0.04742855017071228 0.40742110318344293 -49.92350559737365 -0.07849044224842545 0.9951162720214108 -0.05985695977793021 18.304566176883263 -0.40259244052286425 -0.08656868825917599 -0.9112766808422839 308.68234403414453
-0.8963347884728016 -0.040140972979649525 0.4415570736175166 -61.56898135303815 -0.07492338641155519 0.9952841672824899 -0.061610977312692904 18.557596468448086 -0.4370016397475446 -0.08830701356657589 -0.8951153211809693 306.19024704824324
-0.8807610928455634 -0.034270690256682765 0.472319189869329 -72.16195157327108 -0.07288934776585843 0.9953034777218701 -0.06370345529889784 19.032199020044906 -0.4679177708868905 -0.0905345625939698 -0.8791225470115994 303.4685917104452
-0.8654855194621544 -0.026208376180430308 0.5002478751772065 -81.87066392368314 -0.0696402087374802 0.9952282388225111 -0.06834467043773504 20.1807594005202 -0.496069608954555 -0.09398868904409444 -0.8631807860485817 300.54673152815644
-0.8514645298764499 -0.01867490990574236 0.5240795761163456 -90.23306402068903 -0.06698610273125091 0.9950523244964693 -0.0733739296688645 21.492902675521837 -0.5201163489096977 -0.09758134685576736 -0.8485027191132978 297.6704047932103
-0.8388766433845919 -0.01004155228343745 0.5442289448490765 -97.36929042608621 -0.0629565810380754 0.9949096554532698 -0.07868447362632526 22.776863589356427 -0.5406685177516779 -0.10026936079179234 -0.8352386540376403 294.9380446391905
-0.827811170943764 -0.0032484094441124385 0.560997426996593 -103.34329450785926 -0.06012319894085501 0.9947377226940123 -0.08295820633698303 23.84504125023374 -0.5577758207468594 -0.10240268983583625 -0.8236503037725129 292.4161698811392
-0.8179187101257475 0.0007954422139335206 0.5753332520356509 -108.44741149737499 -0.058504730988738 0.9947003634521308 -0.08454811293064815 24.19881866138772 -0.5723514480440919 -0.10281320061102331 -0.813537501103636 290.1343766066484
-0.8085410837775566 0.004520226395501564 0.5884223681991937 -113.1600571095563 -0.05757326251618337 0.9945650550751161 -0.08675062343680061 24.792820704022837 -0.5856164574933466 -0.10401883856669596 -0.803886463336819 287.859650977924
-0.7997829873936095 0.006601159974857395 0.6002529448180488 -117.4115385445462 -0.05782246549164469 0.9944426509920058 -0.08797940879806751 25.188875977159398 -0.5974978958625886 -0.10507253958564178 -0.7949566188571567 285.703676982293
-0.7914090622893197 0.009179780105111317 0.6112179871073506 -121.37163794250559 -0.05742997995072374 0.994348158648437 -0.08929466274824446 25.557116987463253 -0.6085831853815871 -0.10577084205812606 -0.7864089492376825 283.5798062649729
-0.7838665083602249 0.012243596177138594 0.6208086592693443 -124.85424120029181 -0.05715189698043231 0.9941388343058118 -0.09176948728537115 26.279846874899317 -0.6182935853966849 -0.10741542011151381 -0.7785723921252149 281.5649094756374
-0.7781597887935614 0.015431233957551905 0.6278767555207847 -127.42828376293035 -0.05552523652312942 0.9940935334763998 -0.09324695603319975 26.600690849363783 -0.6256071380777319 -0.1074240369701039 -0.7727067911357032 279.91757425834123
-0.7749595828685625 0.01843138194558699 0.6317419798301832 -128.84848080495289 -0.05398265553283145 0.9939913791482182 -0.0952208542318686 27.0737644804541 -0.6297011337307622 -0.1078954231587188 -0.7693081696170876 278.7541257722169
-0.7754925265239865 0.021846472476764484 0.6309786628292323 -128.60494156921467 -0.05088230289338817 0.9939876799167645 -0.09695093308448849 27.354223260493157 -0.629303053033838 -0.10729037148788997 -0.7697184184026526 278.3789576939678
-0.7783938971077042 0.022347977339065045 0.627378282102858 -127.30949785207125 -0.0490335967996009 0.9941487791471318 -0.09624921456906357 27.007308229721954 -0.6258583284820733 -0.10568241494742683 -0.772743540795072 278.5209281997799
-0.7811088666025406 0.019043552113478662 0.6241043836072582 -126.10228914820443 -0.050300610665571704 0.9943669735737231 -0.09329614371722621 26.229876414737483 -0.6223654770965088 -0.1042672766918556 -0.7757509574146196 278.6374631308949
-0.7831845805618741 0.015243336804604431 0.6216024078566482 -125.17540561249346 -0.0532395304694146 0.9943841950594003 -0.0914637907123053 25.913115305704757 -0.6195058233507718 -0.10472685089856136 -0.7779748206306891 278.58739877467406
-0.7845239571500616 0.011320227141395387 0.6199951718481971 -124.57320703032293 -0.05667245823843785 0.9943400671482018 -0.08986692017045404 25.70677018167801 -0.6175033547559241 -0.10563940231361334 -0.7794420591320447 278.3651341573348
-0.7850976287437332 0.01051233517154454 0.6192828143507685 -124.26577317689616 -0.057412018997019906 0.9943160687150376 -0.08966278809940395 25.70220667179782 -0.6167054186689567 -0.10594831902542814 -0.7800316533833952 277.98893296528183
-0.7857013163080449 0.009286273948526727 0.6185363422370255 -124.02564135587353 -0.058496684674945815 0.9942914632573444 -0.08923353615994989 25.664815819179072 -0.6158340518628745 -0.10629323219152778 -0.7806728952361752 277.57600729395614
-0.7868127142107992 0.00843418597562158 0.6171341971266571 -123.52152145218352 -0.058544760534492146 0.9943780743266348 -0.08823126607054838 25.382742343757712 -0.6144088734468229 -0.10555145572364957 -0.7818955342144015 277.2910060484371
-0.788233146446519 0.008805021877333077 0.615313723585587 -122.87424415999587 -0.05952248260966321 0.9941183304044355 -0.09047551722913652 26.11513597447007 -0.6124912904744058 -0.10794080203350873 -0.7830729227532771 276.97933487510363
-0.7892718172791687 0.007710986740865865 0.6139955530232453 -122.40267568751413 -0.060645087077059893 0.9940535871022005 -0.09044135880592832 26.194119447035725 -0.611041874066135 -0.10861862939997466 -0.7841108477026808 276.6386770312342
-0.7901581296126577 0.006449774221138037 0.61286909745844 -121.99675086200313 -0.06131243101252278 0.9940969052628262 -0.089510495195848 25.980649976777038 -0.6098285955990922 -0.10830393972228175 -0.7850982999792263 276.2918523756101
-0.7906892718551513 0.006647966844158495 0.6121815742980262 -121.74137964212645 -0.061591625201698 0.9940040919698695 -0.09034565209333496 26.25807674925026 -0.6091116047804247 -0.10914059594850732 -0.7855389126184777 275.81866934780743
-0.7918349851883274 0.006531359630100375 0.6107001699469091 -121.25525741954252 -0.06323953113480711 0.9936908858343853 -0.09262389060887544 27.054143651008143 -0.6074521527936593 -0.11196322945975368 -0.7864261677457658 275.3970420576509
-0.7932601730889851 0.0047205514848667925 0.6088645285977106 -120.56168321787345 -0.06629435166244363 0.9933555686023655 -0.0940732335169148 27.7052295644778 -0.6052630475491543 -0.11498882867631291 -0.787676464388241 275.07508266407115
-0.794354445897649 0.003818429122037871 0.6074425354563828 -120.05385168974148 -0.0688389089078868 0.9929726519648194 -0.09626275017017062 28.539562299929862 -0.6035413978369757 -0.11828242493706743 -0.7885093842485302 274.6413430357193
-0.7956775202266274 0.0029823382639527843 0.6057131247252979 -119.44003836148323 -0.07042272194310317 0.9927509815269736 -0.09739676027135337 28.991584406394146 -0.6016127691797518 -0.12015237965063556 -0.7896996148056299 274.2796837345005
-0.7966569041569221 0.0008180401493972228 0.6044312267491004 -118.9809181217257 -0.0728565416184795 0.9925779332906675 -0.09737027620286315 29.167787785189425 -0.6000247506582569 -0.12160747162383184 -0.790684463893629 273.8830846104082
-0.7980370774814769 0.00041768839061633034 0.6026082048074284 -118.34378626933491 -0.07245260384714726 0.9926791181586043 -0.09663740770335567 28.92967083412215 -0.5982369456666745 -0.12078076795692512 -0.7921644797206852 273.6010228805639
-0.7997750749716784 -0.0005395693461506326 0.600299540495382 -117.53126077702655 -0.07142515962696061 0.9929814844778583 -0.09426673886589865 28.173964532076035 -0.5960354654098271 -0.11826867864768348 -0.7942003800204465 273.44833306468155
-0.8016579855233388 -6.11678573765595e-06 0.597782965807196 -116.67295464925579 -0.06962922915267082 0.9931940969665566 -0.09336624764009648 27.79553472544125 -0.5937139418055359 -0.11647096510878537 -0.7962024049149569 273.26521356295507
-0.8044902537526907 -0.001294324556739175 0.593964440299984 -115.35453024697914 -0.06968541161976138 0.9932972151465859 -0.0922203111544406 27.47535261305981 -0.5898638614327172 -0.11558099803159358 -0.7991881242046236 273.27457468189726
-0.8075320571364215 -0.0022898898202288465 0.5898192376496635 -113.92776661028698 -0.06821859718673601 0.9936440618726311 -0.08954161771563401 26.60909140275334 -0.5858653426299364 -0.1125443677394391 -0.8025556464166437 273.35868952524334
-0.8109007978608653 -0.004635496017204047 0.5851652828092987 -112.3318644017714 -0.06805592249160966 0.9939301987797593 -0.08643582224659166 25.71158007722862 -0.5812127729518924 -0.1099148403551716 -0.8062942641661722 273.50966325095084
-0.8145674871524432 -0.0061295729713892536 0.5800364102445145 -110.58733158640315 -0.0686107966164819 0.9939428899268532 -0.08584922918411876 25.589255841376897 -0.5759968467464088 -0.10972675106392245 -0.81005411710524 273.6502792814122
-0.8187838111325689 -0.0073826069971634975 0.574054498929458 -108.56340823377207 -0.06970709441988698 0.993797658015016 -0.08664372978701894 25.90598557640247 -0.569854360003293 -0.1109581544447925 -0.8142200540071726 273.84175555566173
-0.8240762305765619 -0.005681905964406368 0.5664504233764301 -106.01862463307351 -0.06813009661768193 0.9936854554728844 -0.08914878303438531 26.526495958920066 -0.5623670119535734 -0.11205771515722701 -0.819259673327176 274.1890162109655
-0.8304474743435184 -0.005483189472804666 0.5570699480223974 -102.88817871938673 -0.06680621739272583 0.9937158220666074 -0.08980976724256295 26.63753681537191 -0.5530767773773791 -0.11179803042850442 -0.8255951057983326 274.7864286360144
-0.8378835809583858 -0.004962923261360018 0.5458264139385838 -99.1558062859498 -0.06577618608203725 0.993589991116942 -0.09193705943054664 27.18950684862661 -0.541871385205801 -0.11293493235016572 -0.8328391819254243 275.5166612611167
-0.8460665145812057 -0.0037363703555308957 0.533064247948572 -94.95244914178066 -0.06408933244122314 0.99343521001705 -0.09475780160819705 27.890932276637326 -0.5292107428724863 -0.1143351347353313 -0.8407517270832127 276.33262178182724
-0.854584956751184 -0.005178479141596699 0.5192857932279268 -90.43738835434718 -0.06419646087784148 0.9933339402971777 -0.09574182714176063 28.19091508299779 -0.5153284060726101 -0.11515583531659632 -0.8492206824419669 277.20968469698266
-0.8628329682752209 -0.007962267124265596 0.505426425070567 -85.91942858255764 -0.0649890476976318 0.9933251855068258 -0.09529690192857786 28.12232163755029 -0.5012940180540025 -0.11507249080502206 -0.8575911784313092 278.06179361026153
-0.8707692997991717 -0.011053283021629327 0.4915675451671968 -81.4245862246272 -0.06624216831866678 0.9932701007726588 -0.09500779992986899 28.135332879422158 -0.4872091970229028 -0.11529237548735108 -0.8656413035956534 278.8156608634871
-0.8781005787918067 -0.01636077482140736 0.4781962971131598 -77.1174076003764 -0.06957964857203996 0.9931578294716086 -0.09378804968563592 28.023428473101948 -0.4733899513404204 -0.11562807101429609 -0.8732308418530734 279.4611639273328
-0.8843601614989199 -0.019968077356518173 0.4663779375573938 -73.32948958924393 -0.07136176308209909 0.9931244229380313 -0.09279751792918538 27.870018466344376 -0.4613183320912129 -0.11534797982924204 -0.8797046322635196 279.89094397962884
-0.8901114941794274 -0.023588276999609286 0.4551319820863582 -69.75028169728134 -0.07092416597461927 0.9936620854414007 -0.08720907428159086 26.272506967182917 -0.4501902826699751 -0.10990565565264182 -0.8861430224546661 280.35566536783216
-0.8956550549370795 -0.026566543684513354 0.44395522445660646 -66.21297830189307 -0.0710154973647022 0.9939496052936251 -0.08379129591246531 25.32339285740219 -0.43904307499344636 -0.10657579881617213 -0.8921226246469673 280.69718707551954
-0.901327397546004 -0.02910449476578848 0.4321595201049907 -62.49972807945766 -0.07240574473744237 0.9938248093006159 -0.08408124967917162 25.50645813060061 -0.42704371036459954 -0.10707556585432108 -0.8978688616023015 280.92907008625593
-0.9068688222546663 -0.02856826572987186 0.4204435674565873 -58.83780972772263 -0.0711578662594268 0.9937542781107436 -0.08595925084597347 25.962875907224863 -0.415361887144018 -0.10787163171929351 -0.9032376286328958 281.07525178603595
-0.9119922709204659 -0.031374210218646795 0.4090058150130481 -55.27259196213302 -0.07271420774438284 0.993645391337991 -0.08591554146298262 26.05786830798914 -0.40371121085924566 -0.10809484356770636 -0.908478267775644 281.1808372281203
-0.9171449424336563 -0.03262300795983701 0.397216432087115 -51.63344609998421 -0.07287526960735001 0.9935686747446092 -0.0866630465994481 26.288751522282556 -0.39183459475653915 -0.10842982946539423 -0.9136238955030042 281.2413457311547
-0.9221759483793429 -0.03406931817206182 0.38526718234226787 -47.96043093014352 -0.07370794089447338 0.9933376188223466 -0.08858619803020894 26.895420594614585 -0.37968231415191867 -0.11008931188649239 -0.918543239988517 281.21913503202614
-0.9268155891942972 -0.034378711925284786 0.3739397916681054 -44.491641699126504 -0.07344860269633403 0.9931628030206785 -0.09073560193256741 27.487474286383932 -0.3682637185338571 -0.11156052555661228 -0.9230038368008817 281.1183981915898
-0.9309750431146474 -0.035284810980403064 0.36337370737542024 -41.275600667232354 -0.0732472424291198 0.9931328201613258 -0.09122523222739408 27.61985678850186 -0.3576594897024404 -0.11154453654253736 -0.9271663851722087 280.97921484433346
-0.9345377430964976 -0.034652884196423525 0.3541728170610697 -38.49066373835283 -0.0710329350607119 0.9933839559107784 -0.09023656839504357 27.212546530628533 -0.34870263673331375 -0.10948741368724513 -0.9308162962579205 280.80101252948924
-0.9375235303733004 -0.033581174174438864 0.34629746568152825 -36.10891981841309 -0.06819061936361023 0.9937620775957333 -0.0882438245058438 26.487657339573314 -0.3411739577212634 -0.1063449005532326 -0.9339652524045702 280.5676726721756
-0.9397652176360805 -0.03341269359111947 0.3401836674921303 -34.274434537497186 -0.06742932105040644 0.9937763790948413 -0.08866676387365952 26.570168377172976 -0.33510389789450606 -0.10626429438024815 -0.936169470424974 280.16480773681616
-0.9415043131189209 -0.03448355201718395 0.3352320286290482 -32.79829719756582 -0.0679309740603602 0.9937514478920004 -0.0885632123161945 26.587298274444944 -0.33008333969117487 -0.10615528462036568 -0.9379637756360795 279.71143220933396
-0.9423351457400417 -0.037159842727120786 0.33260129162646085 -32.01097486044751 -0.06966521132681916 0.993826837223009 -0.08634220257846213 26.090243229194364 -0.32733962704488445 -0.10453403131902171 -0.9391067057913652 279.2282088409775
-0.942565512842544 -0.038703150894344875 0.3317714877904997 -31.755030092916982 -0.07098617571424215 0.9937853915641218 -0.08574122912119139 26.015770302468365 -0.32639120217514883 -0.10436791472763779 -0.9394552259251452 278.64935741223127
-0.9429481394758803 -0.04071223062426975 0.3304410999506148 -31.36292396577308 -0.07324684372341636 0.9935462437749113 -0.0866069360116281 26.403636831049763 -0.32478255209221657 -0.10586961678574781 -0.9398446244449694 278.0159399544582
-0.9433529260609894 -0.0413313491419229 0.32920658631059896 -30.994786688097236 -0.07411677849527137 0.9933888463612646 -0.08766586034779425 26.759075087414814 -0.32340680270775424 -0.10709957751151289 -0.9401796213805121 277.3969131437247
-0.9439799708428699 -0.04227317729223552 0.32728396405738225 -30.42120082414497 -0.0750798678114602 0.993264073640288 -0.08825810707755999 26.983491445774675 -0.3213484527688103 -0.1078863221039609 -0.9407952558373007 276.8103367048929
-0.9451000915820368 -0.04160066079126514 0.3241222021296223 -29.49101700165324 -0.07415041029742103 0.9932922427989781 -0.08872562791043284 27.061228135319258 -0.3182570243440822 -0.10788839333823891 -0.9418452957033568 276.26576868378476
-0.9462971689420541 -0.0402337104757817 0.3207848447068603 -28.509310034868243 -0.07155872627760848 0.9936817084636038 -0.08646392865455205 26.296012699287058 -0.3152792678654589 -0.1047755257977937 -0.943197260623681 275.8024315144783
-0.947730158629956 -0.03644971988279241 0.3169841704938977 -27.397263586077194 -0.06693931349212358 0.994058381470476 -0.08583159405196086 25.849254102351225 -0.31197223391263784 -0.10256389300705862 -0.944539026784386 275.3156562580693
-0.9489290700607314 -0.03235746497186154 0.3138257708574463 -26.474735812057226 -0.06345469013909265 0.9939736927150382 -0.08938568391964404 26.60723576607373 -0.3090422661919035 -0.10473439096603142 -0.9452637648063884 274.6927351346187
-0.9496530163299894 -0.03293825899469421 0.31156735976310357 -25.815397044215302 -0.06525439540882608 0.99344368092548 -0.09386967939149037 27.9371961941966 -0.3064327209277452 -0.1094747638665234 -0.945576154321368 273.9779428416418
-0.950153797912907 -0.03171268651992743 0.3101645786116904 -25.410528741151687 -0.06443340137016407 0.993310712949969 -0.09582361048664209 28.417222575713872 -0.3050509745920344 -0.1110321262181049 -0.945841302676055 273.31575777203045
-0.9503791222624136 -0.031488386981889604 0.30949637389314116 -25.216532383749076 -0.06323273793629872 0.9936490776029372 -0.09307594443202057 27.614418488864633 -0.30459997508339304 -0.10802773747566861 -0.9463344351311983 272.76111318140545
-0.9503117303799633 -0.032483568077814495 0.3096004407412463 -25.240395336580285 -0.0627818277650495 0.9941041091626905 -0.08840510306726201 26.34136162124874 -0.30490335715554145 -0.1034496880168691 -0.9467481739324839 272.2241811278726
-0.9507156246228013 -0.028286377265620416 0.3087712453569207 -25.006250293407234 -0.0572929970611728 0.9947082380247118 -0.08528208307447388 25.1835132509655 -0.30472498024583605 -0.09876943893209078 -0.9473052751606605 271.6913713932873
-0.9509783476496757 -0.024610250536979593 0.30827669044220585 -24.86832668804101 -0.053616700696019266 0.9948533511340555 -0.08597708499252793 25.153877175566333 -0.3045741809608392 -0.09829112526492909 -0.9474035164523024 271.0416744389505
-0.9509692812776348 -0.01945840701219812 0.30867263640116605 -24.97568217902451 -0.04944870632416356 0.9947463522731329 -0.08963548450342693 25.885973156716744 -0.3053068153663875 -0.10050405482290303 -0.9469354167286117 270.3077024570292
-0.9507747284335899 -0.016728840869522345 0.30943102891467666 -25.183887949777912 -0.04773699356081756 0.9945293211277696 -0.09291183381524855 26.66181765014572 -0.3061839238395898 -0.10310953059877685 -0.9463719297833659 269.5542058588835
-0.9505189532189386 -0.01600070637540527 0.3102542456874058 -25.41620602740375 -0.047182824826353 0.9945229405333939 -0.09326254228904718 26.728920381377336 -0.3070626981790181 -0.10328648579702329 -0.9460678629140314 268.85839456236664
-0.9499681985236317 -0.01710300892664142 0.311878035262859 -25.88175798654412 -0.04787715823712642 0.9946732004781973 -0.09128527794555678 26.258929278881737 -0.3086554705701862 -0.10164994508663357 -0.9457267518427197 268.1891096985592
-0.9487179270800629 -0.02220450191202117 0.3153430749703368 -26.858302360319133 -0.052961001230007645 0.9945955999367205 -0.08930131541713332 26.046979834045786 -0.31165594360708665 -0.10142264382944399 -0.9447666485079912 267.44128594350707
-0.9469814239612566 -0.02864297489543849 0.32000900403183974 -28.17535112689694 -0.05939485838632372 0.994457764291627 -0.08675255522096773 25.76572136011295 -0.3157505874413843 -0.10115994775224918 -0.9434342751358904 266.66303896265356
-0.9448213339145709 -0.03340048606279009 0.32587889546679805 -29.83646424660439 -0.06401236662127152 0.9944355642427805 -0.08366794779775015 25.23706528997033 -0.3212710131640183 -0.09991154137492068 -0.9417019804591327 265.8504985684567
-0.9422625492186752 -0.040110320701681926 0.3324642093716731 -31.703511707580446 -0.07071581409249877 0.9942453764067773 -0.08046990201920659 24.80348279942595 -0.3273233294116975 -0.09933425223433145 -0.9396766169038621 264.9930401103442
-0.9396142733487008 -0.042679727560017526 0.33956362905175164 -33.70490888284942 -0.07454489476077375 0.9938937761760852 -0.08135244522167984 25.26833519029836 -0.33401807733189837 -0.10175265369435793 -0.9370583340868689 264.02039562268146
-0.9368257855604084 -0.04521132863547229 0.34686219637218885 -35.76910566303621 -0.07894069724651712 0.9933567775770757 -0.0837297961297014 26.14892761147774 -0.34077237832218343 -0.1058217756640993 -0.9341712573013258 262.97590894745747
-0.9337069778238862 -0.04588728872035458 0.355085392964678 -38.08393879766399 -0.08062285787040985 0.9932287067428403 -0.08364622460548948 26.235652633415196 -0.3488427071787408 -0.10672906275161945 -0.9310841384173443 261.946044873113
-0.9312312948447644 -0.04319522166432206 0.36185970807360335 -39.995161175478266 -0.0785982848682253 0.9933873862824446 -0.08368877099531516 26.133761057269076 -0.35585191459020793 -0.10637515499543623 -0.9284684923475757 260.9811741565102
-0.9286590299848076 -0.03783602871976947 0.3689997844964044 -42.00387074989266 -0.07294628045476392 0.9939869018761185 -0.08166320509586891 25.294957128341768 -0.3636911412111808 -0.10275443459740219 -0.9258349096761674 260.05320126809863
-0.9259818933042661 -0.03150970109890276 0.37625080997827054 -44.042410272112626 -0.06800312123938909 0.9941337044028138 -0.08410560785131332 25.65235103886481 -0.37139346894412106 -0.10346649944303593 -0.9226925678245471 258.98106156745575
-0.9231696121517052 -0.02487044169827968 0.38358744547938817 -46.105357893116334 -0.06334888352550089 0.9941035536064066 -0.08800592970468676 26.40119943405058 -0.3791368963260403 -0.10554423639804411 -0.9193017067358307 257.8496881627142
-0.919999430732798 -0.020918530230282187 0.3913610386131103 -48.28249477724221 -0.06271930240433357 0.9935631718678964 -0.0943319278596547 27.987798914062665 -0.386868629585343 -0.11133121126085942 -0.9153895481389049 256.59296484346385
-0.917243158990808 -0.019750251352414778 0.3978377996823325 -50.10682505937366 -0.06316289472278604 0.9933449905906876 -0.09631291916781012 28.525753715797258 -0.39328798102001733 -0.11347095328718851 -0.9123863801840179 255.48548455887448
-0.9144728047655175 -0.016173792381073433 0.40432400099957155 -51.9331118955858 -0.05925166297877213 0.993783004109151 -0.09425805630311433 27.792077789196266 -0.4002858101138955 -0.11015329856071036 -0.9097458551912492 254.49965607472964
-0.9117018451099445 -0.015194242400991882 0.4105714074567089 -53.69858776768311 -0.05732344456177919 0.9942456900841068 -0.09049602451351901 26.736958983048307 -0.40683383380281385 -0.10604075983808633 -0.9073266164542214 253.54050826105768
-0.9081137773084803 -0.01660238816392303 0.41839422578446056 -55.8718251779594 -0.057546865113874614 0.9946805598239373 -0.08543384706253423 25.456978825982308 -0.41475019683912057 -0.10166092964159534 -0.9042385357892668 252.5335400426131
-0.906871724517077 -0.007816180128069568 0.42133428842147225 -56.69683275234841 -0.04964969683058106 0.9948460404389626 -0.08840963424621444 25.793602893228538 -0.41847172291094437 -0.10109531715724322 -0.9025858152955996 251.62849871635345
-0.9062958149669781 -0.0036307789599507694 0.4226283393449676 -57.06930226874612 -0.047782836334415296 0.9944320676938145 -0.09392370996742125 27.099646503034563 -0.4199341571308287 -0.10531704603885242 -0.9014231101366721 250.72467501908554
-0.9052382257372972 0.00014602811954106745 0.42490438140807446 -57.70149252157609 -0.04636046325185118 0.9939959000345815 -0.09911033327315616 28.339637138853487 -0.422367685921951 -0.10941722620424368 -0.8997963150061826 249.76989573912434
-0.9034953969832892 -0.008518524277793597 0.4285131297569977 -58.69986508315411 -0.05447896630267819 0.9939752694862527 -0.09510628728072683 27.77802322124077 -0.4251212884114374 -0.10927304513859366 -0.8985161610931316 248.9335197173711
-0.9024742021433557 -0.009873643031986616 0.4306307300216632 -59.287255386393376 -0.055841557147311476 0.9939824511836952 -0.09423697381715927 27.645691535246687 -0.42710892634207165 -0.10909352827793826 -0.8975948791781254 248.13675052364394
-0.901461571759771 -0.01699837310073737 0.43252524776286927 -59.82230500130521 -0.062410942272848366 0.9938918677498475 -0.09101554540481342 27.197725827242447 -0.4283362101492454 -0.10904132488487377 -0.897016209743354 247.3888484400026
-0.9000894672424946 -0.020055856874676863 0.43524328089488595 -60.572666544358064 -0.06534627427166592 0.9938551855526084 -0.08934055399986322 26.938697463335394 -0.43077699033018735 -0.10885601846114316 -0.8958691600043239 246.56179796623198
-0.9004417623044776 -0.018124838514667382 0.4345988068630929 -60.39774000297124 -0.062465405836577045 0.9941635039443533 -0.08796022111590135 26.45432740182906 -0.43046800783760736 -0.106350447361089 -0.8963185129039887 245.9868455681153
-0.9004987600635865 -0.017359162277211588 0.4345119591092709 -60.374945616987254 -0.06101241764634979 0.9943627890649341 -0.08671867512798409 26.08621718014265 -0.43055715998795174 -0.10460068454861515 -0.8964815830651908 245.37289277044758
-0.9008898748027256 -0.01895688348791061 0.43363356655862667 -60.15397966123075 -0.062298728935575254 0.9943490267481784 -0.08595860269898487 25.98096079028444 -0.4295536076567637 -0.10445405484410833 -0.8969799599632553 244.76943470089546
-0.9007225070380859 -0.020248439737492352 0.4339227650207147 -60.2392253676396 -0.0643282357801166 0.9941168339201835 -0.0871412565776287 26.38312259788917 -0.42960545084582313 -0.1064035770296635 -0.896725953342965 244.02241670410763
-0.9001509523162804 -0.024093541849626813 0.4349112142555463 -60.50573125028598 -0.06804113630202029 0.9939896370777013 -0.08576132667391384 26.23827855923493 -0.43023094590559535 -0.10678999308586995 -0.8963800703729956 243.32129175524324
-0.8998544352581155 -0.026409835732804525 0.43539007329389634 -60.643338827249174 -0.06987070030498913 0.9940035610425085 -0.08411305412183605 25.941342633989454 -0.4305578713543494 -0.10611051414152516 -0.8963037867840528 242.6535427632168
-0.8987726852505209 -0.025760273783176357 0.4376574785630698 -61.245632574406294 -0.06896275270430494 0.9941516149117432 -0.08310659003844913 25.656936499069797 -0.43295704057910067 -0.10487599755420572 -0.8952928158708732 241.87220028704147
-0.8979680303088142 -0.025645842848481495 0.4393127670440496 -61.69079951450328 -0.06806545606556802 0.9943808893297902 -0.08107860769822038 25.127046041912326 -0.43476489075579067 -0.1027080214992319 -0.8946678445578664 241.1497452925427
-0.8972723728279456 -0.02332444318450555 0.4408608162559257 -62.0970164697273 -0.06632506512860577 0.9943915510158751 -0.08237978516559044 25.36439833795938 -0.43646680824020806 -0.1031572276594103 -0.893787061713376 240.35743738964064
-0.896393276269515 -0.025135461969676594 0.4425463849252139 -62.55308022341281 -0.06896653332487906 0.9941410650776791 -0.08322956210004893 25.710597424447908 -0.4378615209629102 -0.10512730985708947 -0.892874872074614 239.5319597671336
-0.8958111106469733 -0.025894967648848393 0.4436799575052961 -62.860378740726574 -0.07008097830723123 0.9940420816292733 -0.08348051526939032 25.840115091989993 -0.4388748232935419 -0.10587629857813607 -0.8922886858402138 238.76209909143475
-0.8952110938861645 -0.027574681803789764 0.4447884152117234 -63.15081895877197 -0.07153183729679774 0.9940334794090055 -0.08234462986114825 25.64400843594754 -0.43986394900705506 -0.10553235872207538 -0.8918422661135061 238.04167951827833
-0.894964287863304 -0.029021751378971363 0.4451928361914941 -63.264185780910296 -0.07234936268705651 0.9941142750513585 -0.08063732298315103 25.279680065055214 -0.4402323172690824 -0.10437694231011672 -0.8917964794424144 237.3802002247096
-0.8952251455581471 -0.027220325338894444 0.4447819607952182 -63.14155950954541 -0.07008060168872689 0.9943119942711687 -0.0802020405939773 25.08399873009459 -0.4400689128163228 -0.10296947089762438 -0.8920407165795309 236.78588702510075
-0.8957240737389965 -0.025269603714423158 0.44389168819942176 -62.89934818126077 -0.06847886805376914 0.9943115634078158 -0.08157916096393458 25.34775846337664 -0.439305165408388 -0.10346961873719784 -0.8923592379999703 236.14831238531445
-0.895957055756927 -0.024518410027397578 0.44346341653974936 -62.78030417623208 -0.06852654488015832 0.9941502024550672 -0.08348345707585436 25.81897238224853 -0.43882236370331734 -0.10518660812231173 -0.8923960502969277 235.45740358139884
-0.8958216577162659 -0.025426215110303425 0.443685772987647 -62.83354409798431 -0.0698807500230444 0.9940014757986749 -0.08412934616572137 26.042463698100608 -0.4388852222878984 -0.10636998493569311 -0.8922248528045396 234.7414280335922
-0.8957105717883761 -0.02625118281926584 0.4438619683946009 -62.87664028475114 -0.07007759903359717 0.994114080534383 -0.08262157706655067 25.712468326654474 -0.4390805184703901 -0.10510980108375752 -0.8922781113620945 234.09271393571365
-0.8955516269908057 -0.027659976818331836 0.4440970716820031 -62.938045032091914 -0.07124385035308206 0.9941031024047157 -0.08175167017368382 25.5670879009516 -0.4392170274260647 -0.10485202655041284 -0.8922412540043657 233.41636291691614
-0.8958131975828028 -0.027930848624891983 0.44355223224730556 -62.799786483761665 -0.07125553219602275 0.9941386208373874 -0.08130837405211731 25.47723143287951 -0.43868139254809513 -0.10444266491540145 -0.8925527242563507 232.7738018803852
-0.895312278620479 -0.028209917944170007 0.44454485069674243 -63.041123579241265 -0.07186554420485763 0.9940662485094489 -0.08165560072946168 25.595403631780425 -0.43960353423004406 -0.10505471957000698 -0.8920270391577386 232.02606189994216
-0.8955551793261742 -0.027778954134719338 0.4440824816284076 -62.92218257042198 -0.07206146612388892 0.9939283149682319 -0.08314836020323423 25.96862976439837 -0.4390763781873712 -0.10646517933856277 -0.8921194425110732 231.32428935478683
-0.8954839880763644 -0.02741645967997487 0.4442485394882754 -62.95950614981949 -0.07233181558555665 0.993797244472566 -0.0844697894683715 26.303021525412056 -0.43917711182727465 -0.10777464737752704 -0.8919126021251763 230.581289873139
-0.8953940386900215 -0.026510968144480982 0.444484739947745 -63.00828924428328 -0.07124308858624123 0.9938957508114461 -0.08423573379299815 26.21423549860839 -0.4395383234793812 -0.10709063958625972 -0.8918170536079363 229.91108921537432
-0.8953556806403447 -0.024526695505835628 0.4446758891064695 -63.04416226031694 -0.06903177041999167 0.9940576086367363 -0.08416700888171175 26.11147634547813 -0.43996911234511304 -0.10605617341285042 -0.8917282479899785 229.22513775144753
-0.8951968916793377 -0.0236300208571259 0.44504398349145674 -63.13092500069746 -0.06789093421142114 0.9941692956223108 -0.08377489297957663 25.978286767474376 -0.4404694611202378 -0.10520947560049346 -0.8915815274355546 228.52279261646603
-0.8950982013458822 -0.02077738519869299 0.44538467666913667 -63.20057156562954 -0.06526264699002915 0.9942603574049953 -0.08477693436746175 26.107335620909122 -0.44106688478644723 -0.10495066439615908 -0.891316644738324 227.79901938258732
-0.8947266028387371 -0.019911104544265677 0.44617020753125153 -63.3949321938313 -0.06487886441905702 0.9942031737470457 -0.08573670312646399 26.321977258867854 -0.4418767238997166 -0.10565792552917706 -0.8908318380303459 227.03036662215976
-0.8946358606900866 -0.01677517471571931 0.44648098535163305 -63.46078705435753 -0.06294057411541598 0.9940617092895172 -0.08876825026114218 26.950075663711416 -0.442340548556573 -0.10751702952397835 -0.8903790919967798 226.24634636928207
-0.8945947797906862 -0.013964642440112425 0.44666001470108485 -63.49650488601184 -0.06148365682145706 0.993852505396942 -0.09207039404760806 27.662157273446677 -0.4426284445391132 -0.1098279849480101 -0.8899538604934217 225.46138410882998
-0.8938454253036888 -0.014264170168240855 0.44814828920021454 -63.87233771705411 -0.061514354477759006 0.9939440682663108 -0.09105588037793315 27.447502935596486 -0.4441354971817185 -0.10895743484327873 -0.8893098096476393 224.68325197857854
-0.8928532285174859 -0.016610581980904846 0.4500413324264314 -64.35881000702888 -0.06345523007361746 0.9939899863177187 -0.0892039285928985 27.121770155981146 -0.44585484869204506 -0.10820349193236925 -0.8885411966990812 223.88563881377078
-0.8913971386996749 -0.01974423502782621 0.45279278516910854 -65.06946141027649 -0.06667037965122107 0.9938945978793925 -0.0879123926606631 26.96859145079975 -0.4482925401957906 -0.10855272216451563 -0.8872711563639826 222.99772784917468
-0.8900788485897063 -0.022433350182595624 0.45525420162015817 -65.70843584431506 -0.06841396101411241 0.9940486924425526 -0.08477456571172537 26.339744823667242 -0.4506430663303077 -0.10660179103953729 -0.8863164699561781 222.18652481172973
-0.8888518219805719 -0.021044041096309904 0.4577112483828145 -66.32286171852238 -0.06628450728422589 0.9943422980161027 -0.08300456897149099 25.861964326726078 -0.4533749029841695 -0.10411792694052459 -0.8852178571592998 221.358674824656
-0.8883073707537931 -0.021121473644053496 0.4587634449425834 -66.59901980213833 -0.06672662651573763 0.994277391918023 -0.08342676569616508 25.992466797497645 -0.45437602531197935 -0.10472034793581006 -0.8846333004979466 220.55832021250728
-0.8875987437912435 -0.020005827287047216 0.46018282985653375 -66.95977530273083 -0.06694524256146783 0.9940513242318713 -0.08590866831263688 26.57711886368114 -0.4557266774269341 -0.10705947724244341 -0.8836580016126047 219.67435942464076
-0.8861296510502858 -0.022369583780225584 0.46289722752571993 -67.62800901244319 -0.06994326560993724 0.9938486229426328 -0.08586532635965213 26.701104652573807 -0.45812900052858085 -0.10846435541933244 -0.8822433351848867 218.80971280719902
-0.8857190579350072 -0.022624948308557068 0.4636699926938971 -67.83051124119994 -0.07045994762128505 0.9937915888222884 -0.08610269314764073 26.7946291687319 -0.458843269746794 -0.10893295965916895 -0.8818143025081667 218.05435527418774
-0.8852567554379347 -0.022118681273580975 0.4645764101740621 -68.05570855544278 -0.0697989474756611 0.9938744119814326 -0.08568407168109808 26.676195195390637 -0.4598353878104539 -0.10827934774129085 -0.8813778979359138 217.31344549623833
-0.8851211203390973 -0.019965113972626326 0.464932249423205 -68.13800968616637 -0.0665559265336696 0.9942395435599231 -0.08401213403432485 26.182511465066874 -0.46057671562173663 -0.1053049108342846 -0.88135121533999 216.64276685602204
-0.8850048094504899 -0.01820345490099483 0.46522588221117867 -68.20325434687352 -0.0644138541122092 0.9944131971889801 -0.08362564591559787 26.01931205173855 -0.46110448127069104 -0.10397609093468252 -0.8812330167816169 215.96908513412245
-0.8848877632193783 -0.015853043913526155 0.46553445361571383 -68.27273350491949 -0.06270208898917946 0.9943784914660301 -0.08532211756711067 26.3415792613789 -0.4615648324352695 -0.1046904805052429 -0.8809073780770501 215.22333189564128
-0.884621298666573 -0.014641356005845364 0.4660802384137048 -68.40349039829336 -0.061642879530537265 0.9944070306677357 -0.08576020500068844 26.40652261679858 -0.46221782024133323 -0.10459583190972062 -0.8805761742168953 214.49065923211677
-0.8847348399205438 -0.012405769291493857 0.4659295654056052 -68.36730021992749 -0.05860450671092679 0.994673242562644 -0.08479771413832818 26.09209524208802 -0.46239569074975045 -0.1023290643864338 -0.880749106021606 213.8588993963661
-0.8848903382854933 -0.01160788933410991 0.46565474991048045 -68.30140232660995 -0.05758243969788069 0.9947474243628871 -0.08462756266040929 26.02031221847077 -0.4622265157338174 -0.10169964910759831 -0.8809107954406997 213.210844099949
-0.8853175774366197 -0.009872715142447686 0.4648820458755868 -68.11132081425824 -0.05640972109507042 0.9946707225544771 -0.08630235836250665 26.352635089985085 -0.4615525218734391 -0.10262886138250894 -0.8811563915466983 212.5594876063142
-0.8862131849728301 -0.00897356491574737 0.4631907446322899 -67.72143545124104 -0.05567968450780986 0.9946281751411743 -0.08726148032464418 26.56051838971546 -0.4599195185175588 -0.10312258893201029 -0.8819522482189932 211.97716020169136
-0.8865106981371854 -0.011810469788828451 0.46255734227410916 -67.59058917927155 -0.05807154421426487 0.9946098117466348 -0.0859012114576707 26.364868886323404 -0.4590495374585306 -0.10301376209367342 -0.8824180908041365 211.3675248649531
-0.8872776627213653 -0.013707844628069926 0.4610319340689576 -67.24186250069398 -0.05971683799860576 0.9945592679440468 -0.08535667405686345 26.318768791399282 -0.45735352682051034 -0.10326643957382303 -0.8832688118362306 210.80919204699737
-0.8882116383984668 -0.01542235991591116 0.45917560500110977 -66.82645670735572 -0.06087316356016996 0.9945754054367063 -0.08434584079009305 26.152092464052526 -0.45538395159654876 -0.10286842914633734 -0.8843322582114016 210.28473900540934
-0.8890678250965127 -0.016734900990922636 0.45746950222608357 -66.44013140853468 -0.06142856232889567 0.9946547081103757 -0.08299724913555076 25.893062043414034 -0.4536352434592816 -0.1018918776090014 -0.885343498970287 209.76816259407613
-0.8899582100685361 -0.018339833081068183 0.4556731667041258 -66.02767460718202 -0.06227375921363264 0.9947186334380711 -0.08158933266364844 25.621995441226762 -0.4517702549360792 -0.10098757752147312 -0.8864001048856744 209.26618943044903
-0.8911896840828916 -0.019774623116568447 0.4531996373176325 -65.46678243402987 -0.06356646223263956 0.9946359619132296 -0.08160029502502573 25.69017395766606 -0.4491550421218295 -0.10152963877382067 -0.8876663115084379 208.7581968178734
-0.8924643028405854 -0.023182214959045988 0.45052197844817793 -64.87661973416449 -0.06805262563637125 0.9941685054396328 -0.08365299119531291 26.312100170430682 -0.44595550035767445 -0.10531651200794573 -0.8888375127092784 208.19907091211223
-0.8938315463448847 -0.027055319559746528 0.4475859430793513 -64.23364336976536 -0.07271668363332154 0.9937112304685091 -0.08514854292430821 26.819238493269236 -0.44246745719892633 -0.10865541921267124 -0.8901778188629702 207.66571486319316
-0.8953176453233588 -0.03149450110869226 0.44431341457641244 -63.52329806662004 -0.07616241758372494 0.993631573802516 -0.08303963927268454 26.50106952717968 -0.43886854537599146 -0.10818683812114047 -0.8920145783208431 207.2662079987049
-0.8971943194218932 -0.03511964427150496 0.44023739480345 -62.635888032612804 -0.07776018687239222 0.9938218973663667 -0.07919210599981281 25.74945413486209 -0.4347363644033662 -0.10528364973421987 -0.8943822709356362 206.9676173377583
-0.898245204434221 -0.036583381377770396 0.43796941550511637 -62.124334870307685 -0.07787061713858068 0.9940103828806766 -0.07667806538943965 25.22960888435548 -0.43254100348681535 -0.10298065319456466 -0.8957138300652947 206.57281043512873
-0.9003264078991402 -0.037973375936513815 0.4335555119698228 -61.15092675634274 -0.07841865728154765 0.994036055578745 -0.07578149114135897 25.06563923841651 -0.4280921319407659 -0.1022269188102277 -0.897934732394831 206.14455658127142
-0.9020713015324475 -0.03757270929305624 0.4299484369874319 -60.331054340245856 -0.07787651674462112 0.9940216662583832 -0.0765256502659876 25.213316423423947 -0.4245027857285285 -0.10251447958843174 -0.8996044499575533 205.6943445798564
-0.9043392642508484 -0.035901344263089656 0.4253017618283956 -59.27864511966319 -0.0755278407612952 0.9941913797696071 -0.07667493502925557 25.170378526090943 -0.4200786121717823 -0.10146227807371194 -0.9017978519180017 205.34025562219554
-0.9064365245842416 -0.03449674669519309 0.42093087480854763 -58.28654354325056 -0.07354938234338661 0.9943228061474678 -0.07689372882057094 25.1670125914508 -0.4158885851481714 -0.10065849016587153 -0.9038277231314491 204.9613690324332
-0.9089899882238506 -0.03298919389171528 0.41551042633750945 -57.069211057621665 -0.07222040460434154 0.9942507488674797 -0.07905480083613592 25.586531648907705 -0.4105135983954603 -0.10186835358849541 -0.9061464694350356 204.58894632354583
-0.9119398991626614 -0.03299221280737804 0.4089952740671554 -55.61670696384261 -0.0714638722040066 0.9942988781113117 -0.07913694431930035 25.58994353107227 -0.4040526392498932 -0.10139652302056176 -0.909098569922171 204.32453059830164
-0.9156024520589834 -0.03283648344200427 0.40074170626319877 -53.78677807397871 -0.070034003602443 0.9944489565323547 -0.0785271366543096 25.434152123241596 -0.39593861660993607 -0.09996518497394277 -0.91281957344819 204.17385525510252
-0.9190281121723334 -0.03492334454339015 0.392641934901076 -52.015661768713706 -0.07286451333068648 0.9939534545760144 -0.08214190668281873 26.293557873350196 -0.3873991374978 -0.10410038492873286 -0.9160158394501977 203.86564602126546
-0.9218116702778706 -0.041214331480135355 0.3854408170136733 -50.47716311472121 -0.07834225491847126 0.9936210050107158 -0.08111590162098671 26.264846329155606 -0.37963895431555983 -0.1049698875018062 -0.9191602619152149 203.61441279051002
-0.925367034026012 -0.04351523248939011 0.37656643089805036 -48.56175216412547 -0.07882025095614612 0.9937652787402591 -0.07885390801669208 25.82851963679037 -0.37078729802558225 -0.1026498675678109 -0.9230275100511355 203.4914242187955
-0.9276326479854156 -0.048667492398193304 0.37030952671412315 -47.22879510459424 -0.08280988612868244 0.9935971829059942 -0.0768580567060286 25.54971773004314 -0.36419801365592414 -0.10196133240078936 -0.9257233353135995 203.22503919156753
-0.9307331846897698 -0.05370695399545443 0.36173374463791585 -45.41595791949628 -0.08606479852414807 0.9935427062513134 -0.07393065203157716 25.057446556620473 -0.3554273334624626 -0.09994225306318887 -0.9293454452895419 203.0722329450061
-0.93392579579016 -0.05574278048856263 0.3530939682026874 -43.582342733054105 -0.08672184453082366 0.9935895491844166 -0.07251985543753144 24.782955867127317 -0.34678801830352807 -0.09834912391532895 -0.932773027154087 202.87955951444886
-0.936145100394953 -0.058679854664988526 0.34668288919849966 -42.21195512537582 -0.0902222546665045 0.9930525810341051 -0.07554148571741563 25.51218277561223 -0.3398415745158555 -0.10199630364870056 -0.9349355369610176 202.42504499976772
-0.938764603735805 -0.05764610519815503 0.3397027308224655 -40.698476925946316 -0.08961636886829644 0.9928243077687499 -0.07917575597595548 26.244103521234113 -0.3327009546178349 -0.1047703224152043 -0.9371943524890638 202.0008582385218
-0.940831280180084 -0.05756397369824022 0.33395043220030823 -39.46562525920119 -0.08874077596609654 0.9929285924964936 -0.07885356608211472 26.175926230614856 -0.32704980800428457 -0.1038229220114695 -0.9392865504995592 201.6379676785033
-0.942967731521132 -0.05761464099703195 0.3278603520596436 -38.17430076582908 -0.08706534270138866 0.9933102735118363 -0.07585727806961533 25.538538168888696 -0.3212965661350585 -0.10007623933094369 -0.9416757737731154 201.3408191141272
-0.9441526272084092 -0.056081042219716916 0.32470099051128437 -37.48069654407243 -0.08524857351774784 0.9934338984046249 -0.07630052564549257 25.57315849212335 -0.31828995781935693 -0.09971963800646118 -0.942734053987238 200.85013333857495
-0.9456194533451535 -0.05530440559743045 0.32053903378017484 -36.596074610978626 -0.08313201213856895 0.9938035545703087 -0.0737805088164414 25.021217468137014 -0.31447244396450064 -0.09641533926162925 -0.9443575405226873 200.46704581183332
-0.9466286501922612 -0.05505478624114562 0.3175896238026667 -35.97216530065751 -0.0836172455142371 0.9935180476510981 -0.07700678700064097 25.692303059085486 -0.31129143079723437 -0.0994528003803415 -0.9450961779674694 199.88134400700932
-0.9475931634562813 -0.05552264095410303 0.31461791575242376 -35.34795039603184 -0.08459311094412153 0.9932388996288944 -0.07950153360016367 26.23268513868174 -0.30807661734009123 -0.10194961797605799 -0.9458832238933212 199.31889982616164
-0.9485298145366351 -0.05572352323572909 0.311746820181528 -34.74309041648415 -0.08450864680784115 0.9932389356470964 -0.07959086209692146 26.262414876870025 -0.30520399661505804 -0.10183960758379212 -0.9468258629639217 198.81533846660327
-0.9493636671165424 -0.05923462190060158 0.3085447894995531 -34.10518236669075 -0.08724801877200097 0.9931447920470152 -0.07778949318675182 25.988752438527637 -0.30182181958796706 -0.10077044010117212 -0.9480236851589863 198.35634517406905
-0.9503457201898878 -0.06022653272874884 0.30531258878768214 -33.43712174672605 -0.08759281122471946 0.9931968580578517 -0.07673004995281182 25.796028425004064 -0.29861431904467345 -0.09966326253682087 -0.9491557946733521 197.89218236927343
-0.9514332951835054 -0.06052843954882814 0.3018459753285447 -32.718261064434095 -0.08708175521089934 0.9933518787345921 -0.07529151960111814 25.511599793286816 -0.29528198848836945 -0.09792013592842082 -0.9503789740172675 197.44351952932305
-0.9521240831443215 -0.06104832668072497 0.299554389228515 -32.23870018728101 -0.08730930336522827 0.9933488064676247 -0.07506819722908281 25.485170699732517 -0.2929792071845095 -0.09762812350357564 -0.9511214084746 196.9148135589758
-0.9532980600392298 -0.060164219946348324 0.29597816703886853 -31.49102334626381 -0.08630426591106036 0.9933620319079208 -0.07604897927862414 25.66515506667345 -0.2894380458940979 -0.09804152284626672 -0.9521625267710292 196.40180087488733
-0.9544271364556873 -0.05837856837479665 0.2926786359670041 -30.78990391193783 -0.08421849459848696 0.9935088134382852 -0.07646883540381064 25.697398593271256 -0.28631466320215165 -0.09763288572483994 -0.9531483269987305 195.90844730719283
-0.9555263355618967 -0.056248403103210505 0.28949186378202824 -30.110841067122138 -0.08185241259080002 0.993657597441971 -0.07710228011489145 25.767401237009167 -0.2833189097125695 -0.09736886665761538 -0.9540700703853425 195.39504665211297
-0.9567700193209122 -0.05524990056835012 0.28554960797705325 -29.29703596434116 -0.08076070778968882 0.9936500042524449 -0.0783414138653642 25.990796116663578 -0.2794080138542377 -0.09801590450688707 -0.9551565548420463 194.8834127828888
-0.957254594878948 -0.0561938825711641 0.28373559548410443 -28.93078105693706 -0.08202071506226423 0.9934169145616266 -0.07997147093515213 26.358501758284937 -0.27737383237035174 -0.09982525444212621 -0.9555619685251966 194.2821356765346
-0.9574313549124847 -0.06140190635225466 0.28205497075349106 -28.634552987199193 -0.08658591567124006 0.9932099022368254 -0.07769793630522204 26.050612362656533 -0.2753689885187086 -0.09881242834292853 -0.956246842696569 193.75486076774706
-0.9574175536163536 -0.06546488766438187 0.2811867289015726 -28.49109718979182 -0.08924652884360733 0.9933596207586984 -0.07260661771147497 25.147399501145937 -0.2745663583118729 -0.094609789817032 -0.9569024519532454 193.28898120043556
-0.9575963169230763 -0.06860469717814013 0.2798261770107557 -28.24334905344799 -0.09150154552689443 0.9933707389057811 -0.06958478462977556 24.640357688053268 -0.27319729314462243 -0.09223866115072506 -0.9575255967375352 192.77963068714004
-0.95766007836626 -0.07038226766106896 0.279165740560002 -28.11331144721339 -0.09320616450495643 0.9932301979153918 -0.06932809565555427 24.643880168296405 -0.2723963751627464 -0.09241271745726522 -0.95773697038924 192.18266781751265
-0.9580134211388387 -0.06891344264168926 0.27831856269593075 -27.91941468909252 -0.09178992451275285 0.9933147211831965 -0.0700033887657728 24.743889989778474 -0.2716337509879824 -0.09261102582316749 -0.9579343940062802 191.58783146617526
-0.9582307348903479 -0.06855563014635344 0.27765803479593404 -27.77114069861015 -0.09089602537996655 0.9935093772310615 -0.06838881431983894 24.431622290527365 -0.27116742297265023 -0.09077027558174168 -0.9582426549622942 191.03654796215292
-0.9587406183900968 -0.06750326911520091 0.2761516527340284 -27.45393504465465 -0.09010139565335315 0.9934719311724717 -0.06996613805089866 24.72269241742858 -0.2696259726923439 -0.09196102778460155 -0.9585640324039428 190.43191902620882
-0.9588949339081697 -0.06644223514558056 0.2758730416588515 -27.368739610973705 -0.0899648909020154 0.9932296996156151 -0.07349205539691844 25.39517150095603 -0.269122321872853 -0.09529004769824936 -0.9583803956047046 189.73987895630063
-0.9590388664107488 -0.06685760074948117 0.2752717092903099 -27.23879033654548 -0.09050745947240167 0.9931341559892201 -0.07411442496189298 25.547491467704177 -0.2684266240398621 -0.0959927571726298 -0.9585053667439526 189.1187927441941
-0.9591367214295631 -0.06799469432446828 0.2746515449602841 -27.113905580538688 -0.09161251492531344 0.9930349540529692 -0.0740859442679646 25.58426093892639 -0.267701133195973 -0.09622006845112331 -0.9586854550439644 188.51403045736322
-0.9591984138018548 -0.06848028136877136 0.27431524570037974 -27.038553847293038 -0.09189027369697352 0.9930598931596837 -0.07340453799032227 25.477061167345067 -0.2673847051719696 -0.09561641941283554 -0.9588341461268303 187.91685722462827
-0.9597549258793528 -0.06893577334712965 0.2722468391062624 -26.631960672828143 -0.09208745651123999 0.9930578876189414 -0.07318423458025114 25.45446477262112 -0.2653118591461913 -0.0953094485916266 -0.9594403193557959 187.34080953521578
-0.9599992019933565 -0.06851613935217427 0.2714904617484601 -26.457066490286444 -0.09174504038689946 0.9930441147635535 -0.07379860227590201 25.572334948377577 -0.2645456099362165 -0.0957545026708615 -0.9596075736892301 186.7247670520843
-0.9604562796148496 -0.06828168747391955 0.26992840922014094 -26.141034060716514 -0.09106248755563462 0.9931821061237052 -0.07277999337634924 25.384660027102754 -0.26311852520980306 -0.09448235407416314 -0.960125890943486 186.15877975769774
-0.9606534579134879 -0.06762920908119815 0.2693904673107611 -26.007098267773678 -0.09050678691171335 0.9931861761551073 -0.0734148555628462 25.49203064433056 -0.26258989950448663 -0.09490790047960941 -0.9602286368905982 185.52786233297252
-0.961668118659597 -0.0632802119640997 0.2668146254002762 -25.455577648958386 -0.08629739774691607 0.9934096929796256 -0.0754316978215129 25.785367609071812 -0.26028290127440495 -0.0955656667841756 -0.9607913481272998 184.9163809712716
-0.9615558737668809 -0.06502121341019042 0.26680056864833823 -25.45457462416022 -0.08848059931690279 0.9931082152938562 -0.07685867719635509 26.112128766653186 -0.259964392117328 -0.0975105867202033 -0.9606821536327975 184.22349821654672
-0.9611891014348364 -0.06499061009543708 0.26812633567464916 -25.681000727215928 -0.0885176138292969 0.9931249332985441 -0.07659960119171912 26.091706853749095 -0.2613046944179519 -0.09736060527844835 -0.9603336759767175 183.5964429256905
-0.9607177412774671 -0.056570715448252804 0.2717005258522603 -26.22997289989384 -0.08044914569862464 0.9937367390376721 -0.07755790380828376 26.08065781425835 -0.26561128844814447 -0.09636932935559084 -0.95925158108208 182.88749431371136
-0.9591728121892596 -0.06794742786359764 0.2745371803666462 -26.880842249059064 -0.0923505995111483 0.9927487922253145 -0.07694934895832958 26.249527486534102 -0.26731794389243446 -0.09916139663145368 -0.9584926365346897 182.1398445475212
-0.9578189784507255 -0.06836545216527971 0.2791217825069294 -27.747022236329403 -0.09336520338360481 0.9926296323245262 -0.07726158054565868 26.338673210755175 -0.2717825294546116 -0.100062870144285 -0.9571424547588208 181.3596558167692
-0.9548374138845155 -0.07279917698754267 0.28807254793934634 -29.20079946147864 -0.09808594623687529 0.9923987550648211 -0.07432266206622602 25.891337056731015 -0.28047220931341377 -0.09922192688982644 -0.9547200369883951 180.57193954890653
-0.952500786955827 -0.07772074961055901 0.2944515850330968 -30.694523023696085 -0.10272942257109287 0.9922137767504936 -0.07041652479874032 25.341745413879245 -0.28668609416352947 -0.09732063659108776 -0.9530686109125436 179.78005455182256
-0.9496570615078164 -0.07833034199601557 0.3033411001679904 -32.34519490467372 -0.10376251408601878 0.9922317643220142 -0.06862555311960794 25.044953516845734 -0.2956092119655412 -0.09664617629896496 -0.9504076548554842 178.90457906278618
-0.946757657208647 -0.07805905908933684 0.31234071430231664 -34.0099720675236 -0.10366342834227606 0.9924067166739816 -0.06620273653477798 24.623981971680703 -0.3048012994413242 -0.09505625699792122 -0.9476605277547574 178.00457668270718
-0.9444563908100472 -0.07797244126835552 0.31925291582178583 -35.36929801393529 -0.1046277934285454 0.9922394776450135 -0.06718514601475695 24.828722943730067 -0.31153675657991475 -0.09685616864920599 -0.9452850003540009 176.93560832212563
-0.9406524330344918 -0.0802817735483848 0.32973904388503456 -37.35620436566056 -0.10895978133375749 0.9916205237740588 -0.06940102939985515 25.321290295125944 -0.3214043656797316 -0.10121054127898768 -0.9415177428259245 175.78432452874398
-0.9369650081289801 -0.08124815209725286 0.339846011191307 -39.27763479576038 -0.11193774005735357 0.9911278082871732 -0.07166317039259049 25.80381974642809 -0.33100833205934954 -0.10518747748970303 -0.9377468094782518 174.6058374880679
-0.9331181321636216 -0.0813512152713794 0.35024638642153566 -41.22271309298473 -0.11344097902840025 0.9909277047402877 -0.0720654442519053 25.91936475869105 -0.3412062363213077 -0.10697786571069785 -0.9338811704619768 173.47418421333225
-0.9280085848425562 -0.08722924369600529 0.3622031550148882 -43.52310484079953 -0.12047190417471557 0.9902324938014839 -0.07018638417964129 25.740042695947142 -0.3525430282434109 -0.10876887084049816 -0.9294529283256084 172.26000487290221
-0.9244618853868203 -0.08248524381575911 0.37224508998736333 -45.35177595879444 -0.11753989301919526 0.990422451976093 -0.07244128774876744 26.093602747051765 -0.3627045574790611 -0.11072285750611012 -0.925303114017023 171.06686146735993
-0.9209600898733912 -0.07971247437319731 0.38141635293953724 -47.044917606371186 -0.1161294595125528 0.9905186416263867 -0.0733946130444204 26.236104609960158 -0.37194954159632676 -0.11188718434172971 -0.9214851037788739 169.90722644827926
-0.9169005088390398 -0.07790050430858565 0.39143961005393635 -48.90730409083191 -0.11637564940449034 0.990330721860065 -0.07551006267912805 26.61414296888478 -0.3817723996262601 -0.11478925371562762 -0.9171004645702762 168.6646548921231
-0.9128489564985757 -0.07708594988144629 0.40095453476714366 -50.68228222102728 -0.11789908176685232 0.9899499325781405 -0.07809569454885143 27.075303946235408 -0.3909048338636842 -0.11856174475525222 -0.9127631256479394 167.38266877700102
-0.9075742258363444 -0.07555946452181246 0.413037276669718 -52.886206382450574 -0.11790331927239371 0.9899592003099561 -0.07797171940020502 27.078038719879707 -0.4029985507444316 -0.11946358877435952 -0.9073701665004413 166.11361122278836
-0.9030466790881362 -0.07242171654771015 0.4233931864829333 -54.77611958960018 -0.1166246861495355 0.9899965900515623 -0.07940676461612234 27.307138567116407 -0.4134070366701698 -0.12108611257514645 -0.90245929291743 164.83928592634877
-0.8967185724272335 -0.06919254416372594 0.43715923151206026 -56.96862636936007 -0.11548304563748177 0.9900682767550513 -0.08017776208883928 27.413992354627158 -0.4272697836664273 -0.12238136784426804 -0.8958031774727138 163.5152413388396
-0.8925206787908907 -0.06387014933021523 0.44646101952486716 -58.89271506521213 -0.11069248016062774 0.9906649460047975 -0.07956217438708821 27.230677140459 -0.43721163384170925 -0.12043076343629316 -0.8912588953001338 162.27439365714122
-0.8872444369315129 -0.05836301057720583 0.4575926880211787 -60.86426880047065 -0.1066875878491079 0.9910316756183621 -0.08046102485055119 27.317274738852028 -0.4487929007159335 -0.12020805679082867 -0.8855139498334011 160.9427143947869
-0.8808339496834332 -0.054578171819809874 0.4702688340150666 -62.8172718674462 -0.10469797673773659 0.9911943518248023 -0.08106843144919984 27.38704884172842 -0.46170324533417273 -0.1206440221122313 -0.87879185998533 159.59885383079663
-0.877642082453695 -0.050708906565693046 0.47662666931389125 -64.25808648578244 -0.10330811500885659 0.9910287333632862 -0.08479081920631609 28.01604659739392 -0.46805107464854573 -0.12365539391095373 -0.8750071628718638 158.3168951395152
-0.8724341598925268 -0.04904565253819314 0.48626449656511384 -65.98096229949599 -0.10449765487611211 0.990662736114194 -0.08756473833759716 28.517850672843846 -0.4774294469112832 -0.1272079684683382 -0.8694131675907286 156.94673375548538
-0.8686470815205639 -0.04721803531084615 0.4931761398397032 -67.2075245072092 -0.1042438467096845 0.990582477285244 -0.08876697650927202 28.72979710145207 -0.4843402401091351 -0.12851775300250753 -0.8653887675341135 155.8065470581478
-0.8635918040265186 -0.041861359528386474 0.5024508160971164 -68.79171913580711 -0.10063798889316493 0.9908054661127689 -0.09042413125154553 28.976874342929662 -0.4940457379734819 -0.12865517828479617 -0.8598643229549328 154.4742883578408
-0.8607396137221152 -0.03643271021275053 0.5077400663686664 -69.68619355682566 -0.09819401915803118 0.9905856963241646 -0.09538297982114971 29.739211752392038 -0.49948498673243047 -0.13195694701122557 -0.8562138238573238 153.32931545325826
-0.8574686475149116 -0.036394855814850406 0.5132474383756479 -70.68089634003896 -0.09938625996404812 0.9904255786843311 -0.0958099390364438 29.82977514872926 -0.5048464022445905 -0.13316376218034953 -0.8528760300199956 152.2586975039812
-0.8536025370519763 -0.03212407612174672 0.5199334115747455 -71.82392507657494 -0.09782175160160986 0.9902257013238935 -0.09941813391527456 30.419819191412454 -0.5116577114165509 -0.13572436837549384 -0.848401604298961 151.01380706140546
-0.850227747355697 -0.0362189401420766 0.5251675599286783 -72.8305779553815 -0.1034412325880667 0.989675009847383 -0.0992133372296517 30.470920902151253 -0.5161518081215242 -0.13867791193469772 -0.8451956860480971 149.90142742037042
-0.8463814471958047 -0.04208155707234168 0.5309120345189987 -73.92953150941091 -0.11019587628015276 0.9891384566247995 -0.09727272216175956 30.265914621707456 -0.5210521228184225 -0.14083414422744525 -0.8418256524519424 148.82295859593899
-0.8438165290401924 -0.04109167057247018 0.5350562025882192 -74.67005911917025 -0.1108893103983174 0.9888962424386973 -0.0989332225797276 30.54927240241877 -0.5250497368420896 -0.1428135018133366 -0.8390036218884067 147.79228883789756
-0.8406257763224473 -0.043281509212632414 0.5398842608768658 -75.56441550024057 -0.11305355302986536 0.9888667826440342 -0.0967542264222097 30.216992557468245 -0.5296859431112045 -0.14236993061568026 -0.8361600352366048 146.8077797323422
-0.8372851004776718 -0.04662397487770529 0.5447750595288832 -76.47500637595664 -0.1163274733495469 0.9887367144928142 -0.09416808566635822 29.83958126690778 -0.5342486120358252 -0.14221784128779072 -0.8332781685351148 145.83569855419083
-0.8348623446758563 -0.052538839275569425 0.5479457416660043 -77.13018287233061 -0.12371435960761223 0.9878772059211882 -0.09377304115908437 29.876815342133636 -0.5363763815355873 -0.14607633753938665 -0.8312412892427018 144.89129717968328
-0.8315181904064253 -0.058482939631921596 0.5524103952635512 -78.00449453487292 -0.1317290723344804 0.9868368692276318 -0.09381068721048638 30.00002238523587 -0.5396526202337214 -0.15077380178603805 -0.8282767111116087 143.8173226407051
-0.8303049225553826 -0.05675845933265357 0.5544115915765866 -78.36371014483588 -0.12990485617888353 0.9871087566445714 -0.093493480504003 29.926331874355384 -0.5419579909194474 -0.14964885515697177 -0.826974459236054 143.05953013770224
-0.8254461525628866 -0.06351692101729803 0.5608959350571282 -79.5903657517139 -0.13583182095262608 0.9868025258418336 -0.08815039086056896 29.13452233558956 -0.5478944840348564 -0.1489509172065069 -0.8231799673385637 142.00272243372189
-0.822823053684753 -0.05757454754602641 0.5653736762529439 -80.29421718597287 -0.13271925311921223 0.9868126392660792 -0.09266290971146443 29.829819501641566 -0.552582864533797 -0.1512811503776557 -0.8196134402046104 140.9593240744534
-0.8230338155297754 -0.044050521643102844 0.5662816349109956 -80.33893682253186 -0.11991775335137113 0.9879911090231445 -0.09743357184449804 30.463891988671687 -0.555189220829853 -0.1480983458185397 -0.8184325317582097 140.8341995892411
-0.8170133402224207 -0.043968090844999884 0.5749400045970439 -81.80532977769126 -0.12334249361016991 0.9873362046248544 -0.09976897467155209 30.88072902471549 -0.5632724306839703 -0.1524271170902128 -0.8120899844271805 139.40089924605152
-0.8140881642825429 -0.03841702827647671 0.5794692336211507 -82.52833803904578 -0.12051482790766722 0.9872638421984395 -0.10385702740767949 31.504817259519807 -0.5680991436619709 -0.15438341175780035 -0.8083496305093216 138.45854710470505
-0.8108647381018913 -0.0374302676614922 0.5840354026647188 -83.30906775792089 -0.12021992797079321 0.987323158388025 -0.103634694139524 31.47273275831515 -0.5727526040286928 -0.15424641316246043 -0.80508539833043 137.73440481098112
-0.8090920802793121 -0.03635795392440942 0.5865561395260693 -83.72800725949433 -0.11909886192545004 0.9875178567924112 -0.1030725162406792 31.376440066942127 -0.575487155996863 -0.15325332525773466 -0.8033230679994751 137.1555222784731
-0.8075568428792556 -0.03653727438846951 0.5886569230877616 -84.09386552070687 -0.11868906977046545 0.9877282015698344 -0.10151800106700995 31.124324429741787 -0.5777238529227531 -0.15184869905231832 -0.8019832431916564 136.6494360841882
-0.8062800746422996 -0.03706243486750249 0.5903717618217355 -84.39839575723074 -0.11862849134259626 0.9878908373497368 -0.09999487247962305 30.885305825742726 -0.5795168006853533 -0.15065878468290075 -0.8009133588106044 136.18952286199615
-0.8062246244419311 -0.03752343284332474 0.5904183660177923 -84.41168712788865 -0.11865412908228176 0.98796439538991 -0.0992348280271353 30.770949491902556 -0.5795886926046715 -0.15006113897176176 -0.8009735338794318 135.87290851368508
-0.8070010314193369 -0.038268252462561374 0.5893088122042534 -84.22975313422383 -0.11833400980105133 0.9881379617031926 -0.09787967493542851 30.555453353279358 -0.5785727243938579 -0.14872427338710426 -0.8019567900410512 135.69897888332844
-0.8081141536827898 -0.04040337807097725 0.5876385637941082 -83.97239607343754 -0.11947972251983366 0.9881488161037468 -0.09636655612476583 30.334106621406345 -0.576780816709547 -0.1480860704901638 -0.8033644286391142 135.57662710983612
-0.8090847654548758 -0.04235089719723913 0.5861640076082951 -83.747911608508 -0.1209972516330701 0.9880360495475935 -0.09562651249328856 30.23980194595399 -0.5751013018643517 -0.14829418835872982 -0.8045292575742373 135.40256000266132
-0.810033871597026 -0.04485967903750323 0.5846646355494618 -83.52448528093231 -0.125018985621761 0.9873566920788244 -0.09745263383442805 30.589106980723464 -0.5729008466564163 -0.1520341139475394 -0.8054006755004294 135.13077729435582
-0.8106533277668957 -0.04498864195259257 0.5837955158064504 -83.37613361260226 -0.12816894734017453 0.9864980595405106 -0.10195243724658891 31.34587368094638 -0.5713264418160336 -0.15747253925071986 -0.8054740816834276 134.7241901835854
-0.8114025311539267 -0.04371082464560981 0.5828510069012507 -83.19716209625292 -0.12834227808960452 0.9861866535414415 -0.1047098086690198 31.792293528607583 -0.5702229319237975 -0.15976622980321237 -0.8058042936859392 134.3984607498991
-0.8124312500072475 -0.040929896013874895 0.5816186101079941 -82.94790118370385 -0.12496045548615228 0.9865769682070198 -0.105122644411842 31.82472315907698 -0.5695088661086452 -0.15808424784189792 -0.8066405779576841 134.2148747389621
-0.8134631417853565 -0.037533235585172575 0.5804041464214439 -82.6950492110207 -0.12083189572392758 0.9870485536647615 -0.10552158871086346 31.846001114931138 -0.56892650661791 -0.1559692563770523 -0.807462829567238 134.03405202500207
-0.8137668409093922 -0.03637578333246423 0.5800520071711653 -82.61824616613343 -0.11886134511514389 0.9873609946253626 -0.10483437856845323 31.722080988059393 -0.5689072940943601 -0.15425650287545328 -0.8078053119699502 133.7796582959516
-0.8135474084078831 -0.036464692495898635 0.5803541509061486 -82.65260088308682 -0.11905279569489548 0.9873358925070377 -0.10485355122531594 31.732604254861705 -0.5691810310525524 -0.15439611902023323 -0.8075857801629764 133.42724877237237
-0.8131308000519696 -0.03818642690523861 0.5808270816749634 -82.77112251550894 -0.12190749393962699 0.986888418889546 -0.1057819057450396 31.913262450367416 -0.5691720872708039 -0.15682169958874792 -0.8071245812202059 132.97873271975175
-0.8125634651343475 -0.039242380633932664 0.5815502133874971 -82.90540246057789 -0.12374508640974445 0.986601157446136 -0.10632642999456735 32.02371550690053 -0.5695856114038581 -0.15836095379899143 -0.8065321069824604 132.53797771620373
-0.8116710088863957 -0.04094987431656803 0.582677682022229 -83.1140792990562 -0.12511267492064898 0.9865763985234133 -0.10494678866344458 31.824895126354882 -0.5705584912237662 -0.15808262924820982 -0.8058988090464164 132.13261292509895
-0.8111910142436556 -0.04112409952213109 0.5833334782513714 -83.2264763283411 -0.12463091314597097 0.9867641486741973 -0.10374801385900437 31.63958704914559 -0.5713460194127117 -0.1568608406511344 -0.8055795446580484 131.77406994410168
-0.8105931934080194 -0.041450255384680244 0.5841408658270144 -83.36935570412693 -0.12392469594380803 0.987042903325244 -0.10192632991777942 31.354536538868278 -0.572347223751303 -0.1550102684463777 -0.8052269693324721 131.40863276678877
-0.809381999106839 -0.043328294265979624 0.5856820284401919 -83.6455595311361 -0.12502264909931213 0.987126989531414 -0.09974790098462472 31.033803422889147 -0.5738206311505428 -0.15395767423109802 -0.8043798342893386 130.97782255684191
-0.8077240930876396 -0.04274760148436505 0.5880088706925126 -83.92634190869575 -0.12552984727919592 0.9869675901149199 -0.10068382941073122 31.179488064776073 -0.576041705858015 -0.15513741853621704 -0.8025636015183512 130.43162573602237
-0.8064008646553974 -0.04249487602827677 0.5898405131850211 -84.32040617037464 -0.12658731893100544 0.986699673830791 -0.10197746980618608 31.404710514564805 -0.5776619220347552 -0.15690104898805832 -0.801054782557073 129.79473630642053
-0.8047527632264975 -0.04223762949465834 0.5921055418875837 -84.69270100338206 -0.1268836593408068 0.9866520562406337 -0.10206986288036385 31.427247119499402 -0.5798909613639475 -0.15726952206579048 -0.7993702335949187 129.21116979962042
-0.8029004286504178 -0.04169384027680601 0.5946532816322024 -85.09607802788184 -0.12562861036018588 0.9869817100455847 -0.1004218915100766 31.16795958451796 -0.5827249384846541 -0.1553342451569041 -0.7976859772802771 128.6863495223616
-0.8010306115020482 -0.0424852561615888 0.5971138605371166 -85.5084202122701 -0.1262113223359002 0.9870425933745614 -0.09908390877758474 30.971468177841558 -0.5851672081985443 -0.15473177396160562 -0.7960134525093255 128.12874750150152
-0.7991034187470024 -0.04340664591677706 0.5996245402225533 -85.92916125838813 -0.12731643262822262 0.9869866623607135 -0.09822349161418925 30.854393993076044 -0.5875578713026284 -0.15483278532763983 -0.7942307954606198 127.54738969893263
-0.7974772890243206 -0.0441022005479331 0.6017349660749739 -86.28119147548526 -0.12688791228626864 0.9872795554118504 -0.09580468246078089 30.48490271971569 -0.5898554324629487 -0.15275495203956155 -0.7929290595137366 127.06796719554013
-0.7966384941820716 -0.04324939696486458 0.6029067915105097 -86.46007025692167 -0.12536900929577854 0.9875695163661062 -0.09481066317988834 30.325088605751066 -0.5913118644975057 -0.1511156510973989 -0.7921580264681364 126.65053828352154
-0.7954394320453595 -0.04181080008951518 0.604589089335253 -86.70804913603014 -0.1252100637863133 0.9874310698902222 -0.09644854660428291 30.58252539632027 -0.5929574604252681 -0.1524196155726873 -0.790676742363585 126.08934736730333
-0.7948224284436824 -0.040662436920775175 0.6054782188209179 -86.83437568259326 -0.12589724993414558 0.9870934421711742 -0.0989768603345377 30.982468089763934 -0.5936389388356417 -0.15489707113540682 -0.7896832957912724 125.57320386633373
-0.7942564240612797 -0.0389073385974011 0.6063356758765361 -86.94544394633706 -0.12468838672479694 0.9871447961818526 -0.09998978741379962 31.13440865259402 -0.594650770665738 -0.1550205482326667 -0.7888973891275641 125.12868202763862
-0.7938757540071784 -0.03896690828294321 0.6068301799172507 -87.02566256185513 -0.12367982031675884 0.9874318532748279 -0.09839531078590155 30.89012434997693 -0.5953692881279219 -0.15316629915588023 -0.7887176272639931 124.80030572298928
-0.7934575284646411 -0.04032836900520459 0.6072880479444357 -87.11828389664574 -0.12429583924875273 0.9875100294781465 -0.09682192946599594 30.65945857888621 -0.5957983676280353 -0.1523074664402574 -0.7885599157948104 124.46074971486101
-0.7926461919487978 -0.04383321306467137 0.6081041554055495 -87.3001960708978 -0.12690362434119512 0.9874281530868182 -0.09423965524461977 30.28948114816835 -0.5963283361690424 -0.151869325158121 -0.7882437589717273 124.08921428052801
-0.7915579719964068 -0.046394627916318806 0.609330382854361 -87.53164646544856 -0.12909651791169602 0.987305513563625 -0.0925306000733949 30.050067496028976 -0.597302323812666 -0.15190576482600562 -0.7874989349710991 123.65125123127513
-0.7911896167785704 -0.04673425905510158 0.6097826656542064 -87.60680162637571 -0.128586399696515 0.9874998132834067 -0.09115731774424071 29.843766243899196 -0.5979000987747595 -0.15053248086644633 -0.7873089889549882 123.31565207928001
-0.7917329504555669 -0.04254555435148955 0.6093839602154355 -87.47970371657084 -0.12421917489047368 0.9879418846706989 -0.09241444206852968 30.014551787432527 -0.5981041144754423 -0.14886473161307268 -0.7874711168857655 123.02896790835904
-0.7930190955904519 -0.0394576309344407 0.6079176008226307 -87.19881336317269 -0.12486593176733636 0.9872413903819187 -0.09880757157551645 30.992897898677533 -0.5962627047810191 -0.1542644887127863 -0.7878281883820901 122.6510361889218
-0.7938524231453322 -0.03985422313124421 0.6068030744524037 -87.0279222155914 -0.12997273936732565 0.9859119882962114 -0.105283609147688 32.00485388092321 -0.594058429186589 -0.16244750608247235 -0.7878485834727048 122.18254559269995
-0.7932362007957124 -0.042919698258188886 0.6073995630955047 -87.16697003751852 -0.132246446986231 0.9858459698316353 -0.103046596383578 31.686070011003636 -0.594379682531883 -0.16206672474060818 -0.7876846892793777 121.8301603125692
-0.7931079163759235 -0.045134742737813656 0.6074065261254876 -87.20090473902972 -0.13134313082326765 0.9864615053105266 -0.09819715131322546 30.957813546313307 -0.5947510529350774 -0.15765961289588995 -0.7882985674819757 121.65629743970868
-0.793442252548923 -0.045117319357526525 0.6069710202011972 -87.12994158203098 -0.1302870703726489 0.9867230726685587 -0.09696833069219285 30.773885369754016 -0.5945373589302893 -0.1560192467534342 -0.7887859807822952 121.41960049135876
-0.7942910021495624 -0.04176825790081886 0.6061000053919933 -86.93911231038383 -0.12788341737614392 0.9867765312162705 -0.09958869916302576 31.159766251181743 -0.5939256144202257 -0.1566125476221984 -0.7891291874356453 121.1253815038166
-0.7950003026293412 -0.040003638698012045 0.6052885491318788 -86.78561644932557 -0.12657154616810404 0.9867997464093052 -0.10102427523692606 31.37483646851332 -0.5932572481814878 -0.15692663692773637 -0.7895694194323124 120.84323952489581
-0.7954103269839221 -0.03694302711488852 0.604944315185223 -86.68404527661998 -0.12392997328241596 0.986964459075473 -0.10267676584348197 31.616010725298608 -0.5932653482629417 -0.15664089271146975 -0.789620071478052 120.52193546986379
-0.7956354592350343 -0.03462179228724047 0.6047855384404255 -86.62012947340648 -0.12178412259174748 0.9871239717099383 -0.10370579521008447 31.768279809622396 -0.5934078222372994 -0.15616528415245476 -0.7896072191496027 120.19480016607845
-0.7962464242693352 -0.03309175615150644 0.6040666912792882 -86.48530051856176 -0.1213437568085535 0.9869471718537165 -0.10588188066679019 32.095685786935746 -0.5926780951932376 -0.15760779055858568 -0.7898686345420715 119.867734666243
-0.7975380288548574 -0.03287801589584319 0.6023720848454559 -86.22281995595084 -0.12131625137620172 0.9868560936738445 -0.10675868831540698 32.230461561683335 -0.5909445487373031 -0.15822163710931786 -0.7910439013532135 119.6861165241396
-0.797828062412534 -0.032738876165922505 0.6019954724202286 -86.15839795290958 -0.1199268508302751 0.9871876412793474 -0.10525260735607586 32.009241731801836 -0.5908366384010006 -0.15616890501220695 -0.7915322733978025 119.456711138864
-0.7976168820508164 -0.03604168210240803 0.6020866271715085 -86.22204471116638 -0.12224591266105693 0.9871560774651883 -0.10285336922633229 31.669966667890566 -0.5906464647360546 -0.15564021291032712 -0.7917783009277463 119.17056696119246
-0.7981205926033392 -0.038971456376902164 0.6012360145985584 -86.14054897795931 -0.12478251638247287 0.9869611746197569 -0.1016708581573245 31.510181789258784 -0.5894343417784144 -0.1561693484043912 -0.792576993957808 118.9380441151964
-0.7980191014944451 -0.041697016192387845 0.6011878845175195 -86.17445779833412 -0.12640544129678988 0.9869924605795158 -0.09933552823515693 31.177079514226573 -0.5892259142812394 -0.1552650688334166 -0.7929095663060145 118.66611600055543
-0.798328763427831 -0.0429489808541317 0.6006884138448 -86.11632775647008 -0.1263844049027874 0.9871896036296105 -0.09738412952315181 30.89542323326484 -0.588810808053961 -0.15366219941548784 -0.7935299369208677 118.44762806152588
-0.798814631437008 -0.04253142483886438 0.6000718811136988 -86.01217170950774 -0.12664773901618448 0.9870316353182265 -0.09863519190996813 31.08238108347649 -0.5880948348729526 -0.15478898146251835 -0.7938418207763753 118.14136953643532
-0.7999631213007447 -0.042399776541280985 0.5985492991458762 -85.78163596804228 -0.1269368936491018 0.9868831356818151 -0.09974317789976786 31.254444717684965 -0.5864691207467677 -0.15576885265057824 -0.7948522095046574 117.9315205550333
-0.8001815510335365 -0.04312472710716241 0.5982054356970493 -85.73859775791736 -0.12893671014474778 0.9864594231297885 -0.1013564566048692 31.497822727215983 -0.585734419479181 -0.15823420752283057 -0.7949069916707292 117.57285939720494
-0.8001584269419719 -0.044062127492190475 0.5981680539067687 -85.7422383827862 -0.13037256200056152 0.9862302132532473 -0.10174950389984466 31.56596733676073 -0.5854481077526502 -0.15940042467734117 -0.794884908487716 117.22000642103524
-0.7999355301471861 -0.04536591872219977 0.5983686831934228 -85.78634256276212 -0.1319611858335199 0.9860284495790936 -0.10165698231827992 31.560427596041652 -0.5853967825684997 -0.16028047304378226 -0.7947457309852691 116.85638308385954
-0.800278571106768 -0.046709851728490716 0.5978063217956231 -85.72290931983827 -0.13262377148645121 0.9860585337376815 -0.10049628490547602 31.397999190253678 -0.5847778585617098 -0.15970835230067165 -0.7953163511090322 116.61708421692909
-0.8007392827131808 -0.047479119686777246 0.5971284068889616 -85.63302544046095 -0.1321746270808976 0.9862880471281333 -0.09882183993530683 31.1612873563111 -0.5842486363492913 -0.15805575372615335 -0.7960351183446942 116.41495255601967
-0.800419321792032 -0.04903860735336604 0.5974312716043794 -85.69757508877487 -0.13334127067977608 0.986243458903881 -0.09769311799103558 31.00515159343002 -0.5844219493101589 -0.15785770414569605 -0.7959471907145371 116.07638661799292
-0.8010522097893623 -0.04665552886917408 0.5967735071344213 -85.56016222232965 -0.1308325482980831 0.9864998570027077 -0.09849302736471413 31.12478799053554 -0.5841217351694845 -0.15697545591452902 -0.796341952143058 115.80942738943382
-0.8002691503145887 -0.05235622613753947 0.5973509124789224 -85.73486095836681 -0.1361191927128062 0.9860365347488351 -0.09593496503216854 30.762111007955195 -0.5839870310460501 -0.15808471692464235 -0.7962213070779226 115.44454027660707
-0.7997311621082783 -0.053363152694851236 0.5979819748850366 -85.84099314774451 -0.1385531646461744 0.9855588542162782 -0.09734867971589001 30.974227392216587 -0.5841515975493627 -0.1607050677805863 -0.7955757614898561 114.97366589113746
-0.7990400553417992 -0.060221659837992846 0.5982544121406306 -85.99332033657168 -0.14504250466553936 0.9848945794606784 -0.09457980328442775 30.581770672927572 -0.5835217749148025 -0.16234536961469256 -0.7957049196561169 114.62714730015915
-0.7991079047514359 -0.061379903882452236 0.5980460383307886 -85.98084923796048 -0.14403776452696446 0.9853484005535941 -0.09133264430940649 30.1206001254349 -0.5836777183976145 -0.15912585247487207 -0.7962407199586695 114.42526881135848
-0.7991132403789085 -0.06002075046449473 0.5981768455605746 -85.97444548805666 -0.1412547659585321 0.9858938064234386 -0.08978025144708877 29.906032154009807 -0.5843501691153353 -0.1562399179773883 -0.7963190113800486 114.1503568796377
-0.800089202363606 -0.059169677005692214 0.5969557919848092 -85.78182418349019 -0.1415432806989088 0.9856466739528105 -0.09201159608849742 30.23309417446367 -0.5829431944453582 -0.15811256575239346 -0.7969803313765256 113.87603827003211
-0.8003244398371728 -0.05772296597070083 0.5967820793211378 -85.72887648076433 -0.14129030984821325 0.9854800156785255 -0.094160432461036 30.547239920505174 -0.5826815934473231 -0.1596784202633491 -0.7968594372660023 113.49942755259028
-0.79994528752539 -0.059974238391251294 0.5970683609900216 -85.80836899338843 -0.14213816122595568 0.9856149882470241 -0.09143215006836103 30.16448346178071 -0.5829959520350254 -0.15800691653281643 -0.7969626931284589 113.20570490048333
-0.7994839603476604 -0.06168446140076759 0.5975118612785169 -85.89952922966144 -0.1431380782309741 0.9856230200636885 -0.08977055687070828 29.933469753513275 -0.5833839967869909 -0.15729681987322802 -0.796819190751958 112.86141097095965
-0.8001288493393287 -0.061648177027264356 0.5966517633629661 -85.77665719075532 -0.14424418421358484 0.9852903814194137 -0.09163230654602388 30.202244209436063 -0.5822262788430966 -0.15938119886486662 -0.7972516501537759 112.54876350920883
-0.8017588038676148 -0.05741883879548937 0.5948830955508394 -85.45346357992221 -0.1410236521472525 0.9854424780205681 -0.09494973432154953 30.686234014790625 -0.5807711683234821 -0.16001937215243572 -0.7981845968071032 112.3285207987237
-0.8019863944541887 -0.05615860845604522 0.5946965897049108 -85.39931875385106 -0.14077326744557173 0.9852984802580956 -0.09679768578733983 30.953440988681468 -0.5805176227153384 -0.161347809087597 -0.7981016064509358 111.97133423115672
-0.8022086895603534 -0.055478687687595146 0.5944605399909426 -85.35424425842248 -0.13977186973283637 0.9854555605223817 -0.09664969046461737 30.93935589352211 -0.5804524466528225 -0.16062208269096007 -0.7982953737350422 111.68339831511233
-0.802826097204163 -0.05757907545952953 0.5934264130599155 -85.24631108385293 -0.14033806069389282 0.9856097476087171 -0.09422661056919132 30.60412388222501 -0.5794613760800705 -0.15892789398940196 -0.7993537628256242 111.52942526481675
-0.8036950122184255 -0.05506091346352341 0.5924885004316854 -85.06727570656729 -0.13863946871130609 0.9856336774740945 -0.09646425008436699 30.9252379919247 -0.5786652098153747 -0.1596701275676039 -0.7997824862497762 111.2467872311425
-0.8037083429263343 -0.05916685893959416 0.5920744736212057 -85.07773757696785 -0.14199058334245884 0.9853684007278447 -0.09427507140870951 30.61838738170565 -0.5778335173323489 -0.15983866131281005 -0.8003499413363224 111.00923712983234
-0.8034887902573716 -0.06188813565015449 0.592094268336127 -85.12388355755995 -0.14571113354916113 0.9847745675863602 -0.09480145882272521 30.68771547812394 -0.5772122915276181 -0.16244663647132374 -0.8002731163850186 110.63517979452715
-0.802895752316104 -0.06635230509904216 0.5924152112503536 -85.24569560447216 -0.1498098363114563 0.9843514701402457 -0.09278575417094331 30.400058169211178 -0.5769882354581348 -0.1632469137251289 -0.8002718421274913 110.29830631397189
-0.8030283449458694 -0.06654540877290352 0.5922138007381667 -85.21816668396153 -0.15063640429599992 0.984141145708286 -0.09367432425565714 30.528503090709055 -0.5765883721635997 -0.1644320950886083 -0.8003173965312144 109.96279046213517
-0.8026744121893503 -0.06974879772708659 0.5923249895387727 -85.28609351773261 -0.1536349334936352 0.9838029470348706 -0.09234754255480593 30.33849872616445 -0.5762899402443943 -0.16512681981171734 -0.8003893041214265 109.64202999921702
-0.8029084922954823 -0.0694984481492295 0.5920370923385156 -85.2411174310204 -0.15323602273223974 0.9838676872361536 -0.09232061172775774 30.344138009839373 -0.5760700255498457 -0.1648464125100445 -0.8006053871574738 109.35102301626569
-0.8032859344974687 -0.0698299187230387 0.5914858323659683 -85.16619711005319 -0.15463073370542021 0.9835008425782207 -0.09389051518473152 30.56153630793609 -0.5751704474607958 -0.16688281846572667 -0.8008302449762268 109.02902893220583
-0.8037152630575786 -0.06919788387155548 0.5909766736479418 -85.0823741502967 -0.15545008024055904 0.9831394038747185 -0.0962921860903938 30.898141758522804 -0.5743492391232803 -0.16925887101290138 -0.8009209612077505 108.68177076525664
-0.803990499515565 -0.06876668994120544 0.5906525366433657 -85.02667556783054 -0.15629310006930927 0.9828048227633908 -0.09832165185626474 31.180397911464766 -0.5737349070428235 -0.17136459000490667 -0.800913499532261 108.32606880203349
-0.8039269179549187 -0.06887904335299307 0.5907259838319979 -85.03454112417705 -0.1565001251874713 0.982764828501209 -0.09839208645665606 31.194638930393776 -0.5737675674032222 -0.17154873723745326 -0.8008506785590083 107.99573562878388
-0.8035614322879878 -0.07000611634277892 0.5910906598939615 -85.09501877361222 -0.15856775612789062 0.9823499991333441 -0.09922069299941857 31.303712559576674 -0.5737118538568323 -0.17345784178675913 -0.8004792850953959 107.59734116734731
-0.8031084816091424 -0.07272465386756896 0.5913779599268982 -85.17922416922376 -0.16301194530038352 0.9814738843718138 -0.10067829947653914 31.487920348313974 -0.573100228979925 -0.1772572678790498 -0.8000849883151241 107.1602923040007
-0.8023034030468331 -0.07634470794124455 0.5920141341461679 -85.32885778884234 -0.1682627881826611 0.9804933651733817 -0.10158934473641898 31.593599846084125 -0.5727101217653375 -0.18111942585030502 -0.7994991369646299 106.68920002219893
-0.8011950179266399 -0.08140925117385572 0.5928398409965742 -85.52802671944201 -0.17360426958464736 0.9797168270269968 -0.10008244812221029 31.363200567468002 -0.5726675307990775 -0.183105086394305 -0.7990772343803957 106.28736233080505
-0.8002641207056362 -0.08531302513287618 0.5935478286152785 -85.69087803796079 -0.1765165038568845 0.9794859633382087 -0.09720684898484941 30.96228616442081 -0.5730787563480061 -0.18256214110844035 -0.7989066301242747 105.95771643198125
-0.7999796522579609 -0.08752718999352263 0.5936089175417344 -85.73494811663372 -0.17724204803742502 0.9796279644322128 -0.09441561157932153 30.58089420805234 -0.5732519623871609 -0.1807430283973243 -0.7991959367420689 105.71801851359204
-0.8004820827000189 -0.08829959070456914 0.592816681241044 -85.63606643043966 -0.17678719628407338 0.9798677512047265 -0.0927657123025989 30.3652044533454 -0.5726907738965736 -0.17905968957416857 -0.7999768153286355 105.55149298385896
-0.8017025933842254 -0.08818104195972556 0.591182759897398 -85.40925755214039 -0.17580591973247875 0.9800958959972941 -0.09221883341421669 30.30342407048675 -0.5712838439410173 -0.17786550674079257 -0.8012481707709644 105.4427974758223
-0.8034398281569153 -0.08750413345619054 0.5889205966505736 -85.0871934708547 -0.17868322998132066 0.9789829687427012 -0.0983089529756549 31.118402063365988 -0.5679407943215814 -0.1842155626970975 -0.8021894293778514 105.16186741234573
-0.8056635130496685 -0.08350992011858754 0.586457498018615 -84.67990783884481 -0.17809613652723105 0.9783574231127289 -0.10534950780281464 32.08184345054989 -0.5649673175454848 -0.18932206918901068 -0.8030996726580399 104.90247732568088
-0.8086851304413227 -0.07663253281065535 0.583228784198898 -84.11764841590593 -0.1720404750973422 0.9789381159363665 -0.10991924351649254 32.747922960618915 -0.5625214971282267 -0.18922901490516994 -0.804836595332641 104.8479630821676
-0.8116040290519068 -0.07022893655888054 0.5799713755837613 -83.55756495183309 -0.16470153790855202 0.9799851823163922 -0.11181433651757805 33.056385014712205 -0.5605107522940745 -0.186271143525016 -0.8069267362360808 104.89333542820137
-0.8143705183863871 -0.06781469661682621 0.5763695218398134 -83.02996592127451 -0.16062540742367354 0.9806897769244316 -0.11156630282431865 33.055124350818275 -0.5576738628204357 -0.18343589713760092 -0.8095376052835701 105.01189123689298
-0.8164829173759794 -0.0701139640411675 0.5730965692443496 -82.63326418098193 -0.16072926473379023 0.9809640504810795 -0.10897538768864046 32.71172643713667 -0.5545464354689739 -0.18108993265830153 -0.8122097556656576 105.13966687651869
-0.81768479377949 -0.0731096659587212 0.5710048640468811 -82.40560392048849 -0.1620398242060265 0.9810273597439904 -0.10643502621324494 32.36785998201278 -0.5523899649641303 -0.17955583025103447 -0.8140178317640153 105.1275688014307
-0.8189044640794801 -0.07674483546199642 0.5687756226673314 -82.17239649244199 -0.1654128883500605 0.9805271996181754 -0.10585361201503238 32.271495587378936 -0.5495762504679308 -0.18076681398655473 -0.8156526858183945 105.05618288621561
-0.8212963413208636 -0.07518176997832564 0.5655263222838436 -81.709038084843 -0.16605893429224056 0.9798601798174537 -0.11089841455058655 32.94635222406446 -0.5457991847508468 -0.18499116052134637 -0.8172401852908828 104.92575803021148
-0.8238723713738625 -0.07180475436953325 0.5622084959663447 -81.206842308307 -0.16543332390410737 0.979212528635381 -0.11736540847090679 33.81875852484787 -0.5420942086287652 -0.18970213760902935 -0.818625047233297 104.7582217370988
-0.8257034578286319 -0.07024272785241928 0.5597139974251953 -80.84760729363492 -0.16439339789374255 0.9791122861231736 -0.11964088720668614 34.13541535214624 -0.5396189493140416 -0.1908011801496634 -0.8200038409633855 104.65871777024526
-0.826360281751212 -0.0745076881745465 0.5581910865885821 -80.72575275269406 -0.16709772429351624 0.979009798522099 -0.11669689341900474 33.7308969412762 -0.537779727472118 -0.18970613801509706 -0.8214648780802569 104.60961327407905
-0.8261871403360513 -0.0826932510925797 0.5572940295455149 -80.75177662816587 -0.1745672454388853 0.9780623924318964 -0.11366720428635178 33.26578338921264 -0.5356688211602554 -0.19119566609663202 -0.822498104133163 104.46831441503429
-0.8255568180703186 -0.0906135120885207 0.5569965274259745 -80.86666976704598 -0.1822024648601942 0.9769621183773048 -0.11111832006738642 32.87228963367395 -0.5340956861242006 -0.19322062695973208 -0.8230477430749734 104.24332188133621
-0.8247150661053478 -0.09892429798471723 0.556829455944172 -81.00045539506353 -0.18788357130892452 0.9765868097642374 -0.10477579217888233 31.987491824764575 -0.5334274302761866 -0.1910292811658436 -0.8239921057669213 104.15512118667904
-0.8239885105253779 -0.10647307301020847 0.5565127305335718 -81.09240801006074 -0.19155310910942047 0.9767015725975098 -0.09675455790847934 30.902741028402225 -0.5332451039744139 -0.18632638785022812 -0.8251861222039564 104.14930814669854
-0.8240764137484211 -0.1117847985235903 0.555339736668088 -81.03903786577811 -0.1956914115767494 0.9761599205833845 -0.09389718250160438 30.497887919197954 -0.5316041156148438 -0.18605367039024157 -0.8263056916152031 104.07125059316192
-0.8227117287991318 -0.12029704083793007 0.5555844069643975 -81.22563813234349 -0.20579449513458736 0.9740866423305763 -0.09382877493309122 30.397147961385347 -0.5299000255412752 -0.19153024617219544 -0.8261489742973563 103.7120740429128
-0.8198220264897113 -0.13222177182258157 0.5571438305665786 -81.64983725544272 -0.2179413333627032 0.9717970345256499 -0.0900671910255903 29.777598233482564 -0.5295218787683755 -0.19526373637531946 -0.8255172034321026 103.32300415834926
-0.8154298912472914 -0.14290994165480164 0.5609374662443681 -82.32992746909927 -0.22572760720995894 0.970833951156518 -0.08079905089225173 28.48751320648537 -0.5330301490569712 -0.19250503333171157 -0.8239057423869914 102.91773416881742
-0.8099450670277701 -0.15106814144760275 0.5667163356009319 -83.222018946022 -0.23117166954881638 0.9702638699502052 -0.07174734745802977 27.247233390976458 -0.5390256465098797 -0.18912017160741337 -0.820783109655522 102.31219302971344
-0.8030830688679712 -0.15910242037316252 0.5742334057933263 -84.33397833737843 -0.23845990770331443 0.9689732534564661 -0.06502081592934603 26.291792913093403 -0.5460718422659496 -0.18914876134247519 -0.8161055625143595 101.44058030347574
-0.7956778944948013 -0.16566934352646667 0.582623683716882 -85.54054250025946 -0.24614298551715103 0.9673058289490435 -0.0610988049139049 25.696213722430453 -0.5534530864427657 -0.19202370139311814 -0.8104422121349943 100.37662598458996
-0.7864582127941269 -0.17214507830481807 0.5931690750065245 -87.01491283992769 -0.25450661605427294 0.9653734024670878 -0.057276314421592825 25.104533718205342 -0.5627698125461872 -0.1960108819033941 -0.8030379021330083 99.06124812677146
-0.7744848448940921 -0.1790760833758962 0.6067165577039438 -88.86480021298006 -0.2634220319313179 0.9632811496511168 -0.05194477663825245 24.30559758293453 -0.5751365560652094 -0.20005295071448284 -0.7932192375301288 97.41348405507114
-0.7630987029476165 -0.1799006899277445 0.6207383597967722 -90.6706357738504 -0.2670736414471699 0.9624090330195565 -0.049401651860149845 23.935912850427005 -0.5885168133569456 -0.2034811905948175 -0.782459817160154 95.6523790620167
-0.7483948413675785 -0.18065042480547408 0.6381775500846129 -92.89025589946579 -0.2722447605746806 0.9610691485253807 -0.04721103782309881 23.58778715146551 -0.6048040606295825 -0.2090729914893385 -0.7684403246028069 93.40883513730745
-0.7288281537474197 -0.18395299062259618 0.6595231758976561 -95.63733924098648 -0.27901455110956735 0.9594225460909331 -0.04073399466684899 22.657961084367955 -0.6252682644867356 -0.2137046449972375 -0.7505797240349292 90.65807649591702
-0.707047457929193 -0.18358322192313153 0.6829210004562667 -98.5724165339414 -0.28179973926863333 0.9588709604233255 -0.03399100182370422 21.746790949354146 -0.6485929379695683 -0.2164802113015668 -0.7297009791214705 87.53151890608457
-0.6832888080910784 -0.17623533004089909 0.7085601690631844 -101.64067637722879 -0.28057397626574493 0.9592999306830635 -0.031966964727640865 21.49970697335797 -0.6740880124879112 -0.22064621328462541 -0.7049259535463658 83.85221990526574
-0.6584264598407421 -0.1659156634573503 0.7341298179484981 -104.63159717634885 -0.2774542939000043 0.960211336214547 -0.031832445735812065 21.526050099956993 -0.6996382720935423 -0.2246467948237425 -0.6782625640542028 79.93201726907344
-0.6304089009699895 -0.15916563614583587 0.7597703059794463 -107.67953128645415 -0.2780369939858001 0.9601153959380448 -0.029561063209418703 21.228131984209288 -0.7247620627165512 -0.22987980936355085 -0.6495192265774951 75.72378491270332
-0.5992483463880881 -0.14956434819066533 0.7864680064067726 -110.77716240916273 -0.2780084108612671 0.9601335815394983 -0.029237460398074358 21.190100516041824 -0.7507414620503752 -0.23616522045050897 -0.6169386078112048 70.98628664319632
-0.5665406032758955 -0.13756238255533884 0.8124705137698741 -113.71546094560632 -0.27601946238321684 0.9606895923143441 -0.02981213854421584 21.295355621294505 -0.7764309378337938 -0.2411474613687612 -0.5822395560677216 66.00502769774036
-0.534886281173889 -0.12180660767675702 0.8360979706578936 -116.27577097545897 -0.2708663289770682 0.9620467272997487 -0.03312893475995804 21.79733696589193 -0.8003299932143327 -0.24419100069028643 -0.5475789049474263 61.08353526785228
-0.5008297841356897 -0.10541753862519779 0.8591022464601076 -118.71728963429808 -0.2627804091495123 0.9642251417964839 -0.03487595869313331 22.13695803382819 -0.824691447688051 -0.24322215868985936 -0.5106143335556018 55.93857229643646
-0.4619268904349051 -0.08823554037861835 0.8825180096220316 -121.15229151632907 -0.2544039119676698 0.9664076269829218 -0.03653694137149058 22.466865336460042 -0.8496482786828238 -0.24139342974350161 -0.4688571366716986 50.17683078491729
-0.41953394672050875 -0.07440159302130267 0.9046853986359046 -123.46503138045375 -0.24529936886140952 0.9688483286893872 -0.03407544030493041 22.269592265924633 -0.8739676694164992 -0.23621456126088664 -0.4247154269190364 44.18170287744663
-0.3701088250195303 -0.06053548405044734 0.9270139766009144 -125.731046752285 -0.23520413663630224 0.9714683782722302 -0.030466442626183907 21.931136156959067 -0.8987204636325103 -0.2293134212991052 -0.37378721628790984 37.32576133368288
-0.3170770452511515 -0.044884863903338706 0.9473370553119823 -127.66782417398257 -0.22514926633768864 0.9738861653296588 -0.029215489848581883 21.8976494142385 -0.9212871187867545 -0.22255580417475254 -0.31890274189120643 29.965491606541512
-0.2611537916265887 -0.02629102871508565 0.9649391063316685 -129.1526226503868 -0.21473654991778598 0.9761632551126456 -0.03152004913210535 22.334534599421936 -0.9411094045053755 -0.2154392749175198 -0.2605743801192873 22.185341795670666
-0.20692095298211188 -0.00921513879590885 0.9783142646583186 -130.1298414857121 -0.2065841884910054 0.9778209710045177 -0.03448364437374374 22.82669384761981 -0.9562984326466751 -0.20923964700972475 -0.20423534913613361 14.686373938765064
-0.14913441298745733 0.005602946581575688 0.9888010587840663 -130.7294171485314 -0.20159505491618707 0.9788089275824055 -0.03595159409985682 23.08165231648015 -0.9680487388020429 -0.20469902362880327 -0.14484456851807948 6.782108008940915
-0.09320961968954851 0.016661154619698845 0.9955070932565313 -130.92826361344578 -0.19643715918966648 0.9798989393892467 -0.03479239964881084 23.004871149095248 -0.9760760263866863 -0.19879757169182782 -0.08806313759235022 -0.7164568154552927
-0.03436878273916788 0.027071645844926717 0.9990424979770752 -130.68094147757387 -0.1948553584494029 0.9802676908096998 -0.03326625374418969 22.824266424479294 -0.9802296547526922 -0.19581210469699 -0.028415552036735896 -8.621048799837011
0.02204322548190118 0.03933784925857285 0.9989827975626328 -129.94681547845795 -0.19267579944064284 0.9806605398045029 -0.03436483639202227 22.9987300045076 -0.9810148482669686 -0.1917222973105921 0.029196372954284608 -16.208165331091706
0.07877326055061225 0.051893584759073255 0.9955409731814548 -128.75288511235874 -0.19098158555894867 0.9809324947051528 -0.03602047763308969 23.239797744768506 -0.978427722113195 -0.1872925430773442 0.08718197008559656 -23.8093522560248
0.13540421274452252 0.06278480373273046 0.9887991543237072 -127.1533865092365 -0.19027571485424075 0.9810616669486467 -0.036237521723350985 23.27909588488639 -0.9723481123073895 -0.1832377528354492 0.14478630607923895 -31.337574969935815
0.19021549067781054 0.07161426011163655 0.9791268890470032 -125.22611727421915 -0.19113631600724748 0.9809529368324745 -0.034615667304281256 23.056309554770575 -0.962956372744569 -0.18056227033465744 0.20028053006275143 -38.59081481918832
0.24605645666352655 0.07909394046577663 0.9660229649008278 -122.85622427115892 -0.1912183907225697 0.9810381405179124 -0.031617936343592334 22.66874198833498 -0.9502061603587195 -0.17694155936566447 0.25651498471938494 -45.89323432309148
0.29739010477713357 0.08823141638450269 0.9506704701122413 -120.20178462790815 -0.1917629026429827 0.9809498624713384 -0.03105408970490045 22.587577042963375 -0.9353000132313605 -0.17306814981459348 0.30864429489166 -52.62669659659819
0.3503214568868887 0.0978238254908727 0.9315070456045833 -117.00732417209461 -0.18995707433353748 0.9812833372478347 -0.03161205387815977 22.68411805425547 -0.9171647544227215 -0.16587197233433998 0.3623469360138502 -59.47739097071433
0.4014820489577068 0.10553920101581571 0.9097657068793397 -113.52775062273119 -0.18520476458300922 0.9821720182049176 -0.03220748097928482 22.826986230182982 -0.8969455722285904 -0.15556221811295345 0.41387079717624947 -65.95644953298066
0.45117917612677594 0.11469370747690671 0.8850326008090129 -109.6335778717922 -0.1806872494713183 0.9829081682126571 -0.0352654326405964 23.288476847368127 -0.8739504956849978 -0.14400307748808916 0.4641913880781354 -72.22641793045257
0.49892528122006424 0.12175406908384104 0.8580498298006983 -105.49460846073549 -0.175509335303384 0.9837617812267134 -0.03753972587817434 23.656486488819816 -0.8486872433239728 -0.13186623699481007 0.5121925990874765 -78.16625904947712
0.5444168557621448 0.12849661719006 0.8289142938403047 -101.09618283112744 -0.17153689074834394 0.9843680777014572 -0.03993222651854577 24.024601292405702 -0.821087926031342 -0.12044960345741659 0.5579484839593172 -83.80340731804709
0.588199033439631 0.13274850808315705 0.7977466581956829 -96.49139288567478 -0.168935198431561 0.984842471370742 -0.039321817293434876 23.981265158965726 -0.790874702966009 -0.11163843507531421 0.6017092853050897 -89.20871622148982
0.62917190229093 0.1378413546148612 0.7649460623635844 -91.6758153533988 -0.168773088746216 0.9848964985482911 -0.03865917306899158 23.897480041323547 -0.758721531184317 -0.104779044208546 0.642933114726617 -94.30562462233506
0.6672136391738861 0.14390890885404709 0.7308325291424685 -86.68869487718165 -0.16951648598551114 0.9847495150607124 -0.03914784242861726 23.952618365927183 -0.7253207019515323 -0.09776818777153129 0.6814332401493247 -99.03334766245227
0.7026665185048869 0.15104446321562134 0.6953023327331258 -81.51221357580691 -0.17097213225015565 0.9844195966315357 -0.04106808690016987 24.18523055132321 -0.6906723490672382 -0.09002015274209117 0.7175430846536212 -103.42009981118727
0.7354179542354126 0.1581715014803391 0.6588946871144552 -76.24042104686121 -0.17270371663806333 0.9840146873064611 -0.043457121678351765 24.475282479077045 -0.6552357276946978 -0.0818344138160874 0.7509788744483943 -107.4414462677772
0.765852156385193 0.16406713528198694 0.6217334233258754 -70.9119788028887 -0.17381867749769855 0.983726808098232 -0.045482242488857565 24.72672359591964 -0.6190779772476979 -0.07323620791129462 0.7819072297515048 -111.11899341031608
0.7938396851514798 0.1707910114240524 0.583651423964123 -65.4621191003929 -0.17555263419952993 0.9832523197603629 -0.04895046793924484 25.159394575630586 -0.5822369164731872 -0.06360272087430074 0.8105275238961231 -114.46921761985074
0.8188551010211204 0.1762532649899715 0.5462701805078378 -60.15490750865537 -0.17687847606768733 0.9828592169898167 -0.05197849826742782 25.540030944642734 -0.5460680619077289 -0.05406057859974606 0.835994692331116 -117.41125693125784
0.8409811487722404 0.1805669950337644 0.5100453584870658 -55.0467198364717 -0.17806583465534287 0.9825229553484891 -0.05423283822341371 25.820399359555033 -0.5109239336126455 -0.04521285788077735 0.8584360963659635 -119.98502864923957
0.8606360819608411 0.1825944156830683 0.47535756414351027 -50.20737535783468 -0.17826276587786818 0.9824647237313096 -0.05463929835872583 25.873362499344616 -0.4769988686869865 -0.03771400250464506 0.8780943760703713 -122.23399471012213
0.8768748592023011 0.18517363089310995 0.4436228214607617 -45.7787561331601 -0.17990448268216763 0.982180319931863 -0.05437091363408212 25.816180708088034 -0.44578566420400534 -0.032133246963315716 0.8945627960237271 -124.13007980450067
0.8899182802099191 0.18938694731936526 0.41494341630308096 -41.74963239839068 -0.18369132967095722 0.981498839519239 -0.054014103955383766 25.715306580540773 -0.4174960478279234 -0.028153369379867583 0.9082424994684102 -125.72234316893092
0.9007667213868183 0.19444117746095702 0.388345132774493 -37.9981691474326 -0.18873364785632996 0.980586048612491 -0.05320349080073855 25.53519038351542 -0.39115076864156206 -0.02536985956086583 0.9199768727620152 -127.106524275667
0.9104770038017351 0.19546577964995876 0.3644513061220235 -34.69578880150133 -0.190075317602993 0.9804443810577333 -0.05099205124761604 25.225759670960212 -0.36729143630955574 -0.022846107724335284 0.9298252826071743 -128.27095821082486
0.9182764413445437 0.1963257617788664 0.34383800332940034 -31.848869712611727 -0.1911090815215677 0.9803268514728798 -0.04936175889545716 24.996177412767835 -0.3467646121385279 -0.020382824711463635 0.9377306885375982 -129.22084415221647
0.9241814300104471 0.19958960109378038 0.32565729772119456 -29.29326164397267 -0.19394718329524968 0.9797338998694463 -0.0500597197199963 25.046081728990714 -0.3290488938071118 -0.016896052255819846 0.9441617175582182 -129.98655529755908
0.928813115155084 0.2024160228393093 0.3103771106473946 -27.143054565573088 -0.19630559572646952 0.9792076817515508 -0.051151041878241 25.156301967466682 -0.3142774414468603 -0.013419005055139932 0.9492363352194992 -130.60386010827722
0.931848530267289 0.2050043415137018 0.2993852644991515 -25.590942970175274 -0.19794676792015511 0.9787207435880868 -0.05406277037247276 25.52057497526202 -0.3040976713305408 -0.008884032356761159 0.9525994332669038 -131.02198064492674
0.933923571226405 0.2079331152623725 0.29077582892153037 -24.35410877676022 -0.20020659488342482 0.9781274861647647 -0.05642641379870072 25.802170258791012 -0.2961487505847397 -0.005517280696403365 0.9551258959638853 -131.38209173602917
0.9346959725444509 0.21225024444388924 0.28511975140753104 -23.489392842979182 -0.203630831824551 0.9772131672318778 -0.059907513043720516 26.202432750942485 -0.2913381596008742 -0.0020638609816049994 0.9566179055601166 -131.64120880542887
0.9350385696363686 0.21660038688531097 0.2806904802331344 -22.811433356105667 -0.2068531332418872 0.9762582176658073 -0.06427809664259795 26.74559993760595 -0.2879490485491975 0.002040794236249213 0.9576435561306186 -131.8343172901057
0.9356692299041864 0.21646027508211166 0.2786898661987609 -22.53945519463902 -0.20606252901459912 0.9762798742498239 -0.06645179659614613 27.049715327830857 -0.28646348169812885 0.004749362707208753 0.9580793898249044 -132.0052596714803
0.9364078849865057 0.21475678967243605 0.27752440293546815 -22.40575174860072 -0.2043170595576861 0.9766523856403443 -0.06636758845042678 27.065679185747495 -0.2852977604342522 0.0054441631692416295 0.9584234705904205 -132.21440622302063
0.936351239974998 0.21549012788178296 0.27714682062541574 -22.342777708537188 -0.20533747094525745 0.9764959415938083 -0.06551487675808733 26.93819441912896 -0.2847505547371051 0.004436308861502463 0.9585913836148311 -132.44039814663924
0.9362462298663755 0.21776734744752435 0.2757179345756584 -22.10021686139304 -0.20739953324251842 0.9759870450137534 -0.06659370522885007 27.050325611102238 -0.28359906676818125 0.005164334515760791 0.9589290375086291 -132.65249570884714
0.9360112710574596 0.2197467073815527 0.2749441489618667 -21.960033026769366 -0.20891378162112392 0.9755343165710537 -0.06846772262174762 27.27916808610906 -0.28326300906076707 0.006646938183366421 0.9590192312517128 -132.82453969190203
0.936631323635341 0.21796831025601618 0.27424729590142954 -21.895198262100987 -0.20657610145474006 0.9759140521483363 -0.07012900346629307 27.541649071027127 -0.2829276902193741 0.009032084120039686 0.9590987141913905 -132.9792220519924
0.9367545866840005 0.21879341270922464 0.27316714092573124 -21.726625488558074 -0.20734201014450632 0.9757260512556424 -0.07048378345624577 27.578158571732843 -0.2819576832713073 0.009386983334511295 0.9593809198582983 -133.19816451185616
0.9365278703077373 0.22038466897323786 0.2726648965642815 -21.62906891963491 -0.2087410160702828 0.9753624507589661 -0.07138121503175279 27.67710142980139 -0.28167842719455793 0.009934149738139414 0.9594574385152165 -133.39490108656156
0.9361219164736724 0.22289884392955198 0.27201445342578406 -21.495613470438816 -0.2109164894483991 0.9747808060271222 -0.0729151196932239 27.84988583677962 -0.28140716404601746 0.010885107991336539 0.9595267179435885 -133.58192270450073
0.9357418083977175 0.22588923764823624 0.27085294964476203 -21.281407411833605 -0.21322698427244582 0.9740650564183433 -0.07570679654303043 28.188214401410907 -0.2809297442326951 0.013088857071124102 0.9596390783132606 -133.75050680394318
0.9353780765349675 0.22848152002457353 0.26993341576211904 -21.107045830029655 -0.21503055329940876 0.9734220445731743 -0.07881233587917173 28.57705612230831 -0.28076629976814305 0.015675399396559667 0.959648147379165 -133.90162330629602
0.9348766874370302 0.2323104690717962 0.2683978860691854 -20.819258984363092 -0.21841860292041482 0.9724922123869332 -0.08094572715753648 28.804241132075123 -0.27981939386872307 0.017051181965195235 0.9599012261730528 -134.10587244402203
0.9347133328611631 0.23438316812374002 0.26716196561609423 -20.603182792146534 -0.22034340331795552 0.9719847822571275 -0.08181911558325003 28.889831882271313 -0.2788543885002302 0.017610041477607516 0.960171920258721 -134.32943756209417
0.9340544358627269 0.23806919891056783 0.2662054983940858 -20.401860842496536 -0.2241171602035577 0.9710992375414902 -0.08208391650396045 28.863588118333407 -0.278053608765389 0.017009625992854674 0.9604149432803132 -134.5679560173087
0.9334286848874257 0.24171822117952352 0.2651097730736039 -20.1804786793888 -0.2274723323088847 0.9701833019128348 -0.08367017822059264 29.020696697977396 -0.27742968165516674 0.01779500602181245 0.9605811311374987 -134.7679328887613
0.9331524538062775 0.2440157243202678 0.26397504472919076 -19.975323564514373 -0.22891807606614317 0.9695488451041501 -0.0870146620253407 29.448924580298257 -0.27716964553410006 0.020769286017190157 0.9605964940352621 -134.9054278874728
0.9324148091305849 0.24704311447065264 0.26376565983200867 -19.895299337506973 -0.23063871771970434 0.9686842567695589 -0.09195973344577414 30.092344884812963 -0.2782236611120367 0.024910043746394786 0.9601932535265842 -134.96875901427165
0.9321183174316247 0.24820475106230802 0.26372304385194484 -19.920232460107428 -0.2310217107163791 0.9683188215686267 -0.09480310635007594 30.523325359154615 -0.27889856845476063 0.027441963232317228 0.9599283968962692 -135.06116890055324
0.9314081690968994 0.24983561421451467 0.2646903632730475 -19.967491375167096 -0.23251152682364812 0.9679027820170554 -0.0954075178263254 30.529246306173395 -0.28003073480191 0.027319780996575165 0.9596022181782415 -135.2465995823861
0.9304307198544 0.25133034646433694 0.2667053289631451 -20.220328374196217 -0.23414002201600784 0.9675547256437167 -0.09495421515054202 30.43883242239379 -0.281916877184688 0.025901927160510985 0.9590891327336606 -135.41601928528357
0.9293474629370244 0.25252504733910414 0.26934066458464695 -20.567723486293076 -0.23618507622828114 0.9673427393772467 -0.09200344744174088 30.002529772884525 -0.283777911225587 0.021888925065141014 0.9586401681861321 -135.6455796493492
0.9293644963438517 0.24981707172442172 0.2717959963107883 -20.954522685654972 -0.2347287499202312 0.9681390062526882 -0.08723117867450184 29.372946170196656 -0.2849281433913198 0.01727122598695382 0.9583932688914729 -135.91414236657624
0.9293035670166949 0.2471445301130941 0.27443480385188945 -21.36523746692094 -0.23268045435914494 0.9688660500079558 -0.08460722960364131 29.049626859919936 -0.2868007783972508 0.014770185413843902 0.957876377792861 -136.1000615228236
0.9286992180977215 0.24535522978929708 0.2780621756365327 -21.904717149683883 -0.23006199877923622 0.96928893967213 -0.08689319965900996 29.408750186654924 -0.29084229235512404 0.016726106669487997 0.9566247949605412 -136.1184369988805
0.9275119564466855 0.24591218895377187 0.28151157342533223 -22.37963681138393 -0.2288473747162723 0.9690561653689969 -0.09251501200240625 30.198382937967704 -0.2955510949631414 0.021385595252406034 0.9550875387009237 -136.04553308332743
0.9265619396657597 0.24643259739117768 0.2841723894150571 -22.736221776083365 -0.22789723248877874 0.968832255406189 -0.09709228758512398 30.84274580408411 -0.2992420815774089 0.025199917214043167 0.953844400720382 -136.0233168337918
0.9253747660187611 0.24620867169793306 0.2882062324039204 -23.308027221214367 -0.22751127857192663 0.9689096822329211 -0.09722471803953589 30.87141072596067 -0.3031833777407501 0.024399132280461804 0.952619820183094 -136.09181526801333
0.9250927366218538 0.24195069034411043 0.2926829207376097 -24.008221952952695 -0.22469327771343917 0.9701002342755798 -0.09175220111177955 30.16411775466225 -0.30613127837560283 0.01911541002629863 0.9517973741819451 -136.29944623048988
0.9245022567462251 0.23856349369009133 0.29729284678497486 -24.710382455893043 -0.22144426188672933 0.9709628226688434 -0.09051870454438593 30.045326703397212 -0.31025476007400504 0.017850951608526268 0.9504858375473522 -136.37069226708664
0.9218079566031866 0.2419366016988869 0.302880788267351 -25.44099762989609 -0.2225091341178407 0.9700284541194361 -0.09764467949041541 31.02279227692417 -0.3174268047553428 0.022615900535935658 0.9480130508942175 -136.18967420135007
0.9193288021613781 0.24404492861732 0.30866912111951367 -26.218634807128428 -0.22290918569959853 0.9694290769475966 -0.10256100476922368 31.69519881147075 -0.3242623142569418 0.025482103223596245 0.9456239284028478 -136.05529540646398
0.9174187548777594 0.2434304293299535 0.31477683249371463 -27.087540895781835 -0.22206889873169078 0.9696152350414984 -0.10262407218344999 31.71800177219464 -0.33019423437521683 0.024247103984896885 0.943601529001363 -136.0459180669644
0.9155421767327923 0.240919453928076 0.3220874715700351 -28.16628079093851 -0.2219795986539676 0.9704232927801936 -0.09488777903961124 30.651225139676242 -0.33542149663491155 0.015376916096678288 0.9419426575150696 -136.2288908538781
0.9104887211498903 0.2449803618500436 0.3331589875219623 -29.689363954000413 -0.2269790827117754 0.9694892465865367 -0.0925802179970999 30.263253038005484 -0.3456743911112861 0.008673122903038753 0.9383144421082681 -136.17151106708968
0.9069552308400761 0.2460549096059726 0.34189061220019007 -30.91368270671651 -0.22946698590201225 0.9692535707081964 -0.08883928213609638 29.698738100693703 -0.35323803820210214 0.002120643347638569 0.935531074437895 -136.18845099325765
0.9029234905081407 0.24343481243370893 0.35421555920648173 -32.79706294279634 -0.22714254586135976 0.9699162681114921 -0.0875710951872608 29.558053488044763 -0.36487728642410133 -0.001387424967763319 0.9310545853513333 -135.85457462255278
0.8970458330240435 0.2470063552533219 0.36646505142874086 -34.5295507551072 -0.22853053603775078 0.9690138018278323 -0.09373391043517193 30.392334599228267 -0.3782625643022294 0.00033515912680784354 0.925698287843216 -135.38445960462934
0.8928591584738365 0.2451588664621993 0.37775607648899834 -36.22183561659469 -0.22594580665400021 0.9694828338783987 -0.09513951476953361 30.639336230926432 -0.38955232714600174 -0.0004062143260220377 0.9210042450526793 -135.02793673174537
0.8874351130806024 0.24770829566929434 0.38871521751564064 -37.78712640180251 -0.2282327927741906 0.9688292759813842 -0.09633081699996196 30.76201306530212 -0.40046062524811565 -0.0032302102099136046 0.9163082742002758 -134.71696863804064
0.8833989898635105 0.24523500537064888 0.3993319632198094 -39.39073421544199 -0.22684262671258068 0.9694309062305179 -0.09352080384178552 30.39939314375988 -0.41005932182339927 -0.007969327822016412 0.9120240360866588 -134.4788618335947
0.8782039512898131 0.24512805272582108 0.41069460394045443 -41.07435560580032 -0.22903306507424556 0.9693577118682855 -0.08882275352733891 29.703330675855955 -0.41988293016227285 -0.01605815083778539 0.9074362020274566 -134.2742857879311
0.8730559383389763 0.24527841477756918 0.4214401829147908 -42.66682921958547 -0.2315105931612374 0.9691596332545854 -0.08445383664446199 29.04849594695793 -0.42915751628648147 -0.023834943130626236 0.9029151243061433 -134.0652989468598
0.8689877032677799 0.2440963109510044 0.43043857000680097 -44.02298390045767 -0.232748356704037 0.9692597734020556 -0.07977276550406384 28.36662961519979 -0.4366790286021982 -0.030862317552422844 0.8990878396098648 -133.91101562013193
