1.0 0.0 0.0 0.0 0.0 1.0 0.0 0.0 0.0 0.0 1.0 0.0
0.9999981667172466 0.0008285173081226569 -0.0017263027588346773 -0.0057195544016804606 -0.0008224440507401805 0.9999934812876623 0.003515816827567136 0.012178262321472311 0.0017292044206574132 -0.0035143905946469975 0.9999923294259908 -0.9999094842155841
0.9999936118207418 0.0019201734372837032 -0.0030148385824968755 -0.012517937825002878 -0.0019061906595331578 0.999987446027992 0.004634028871630866 -0.0019321722924571794 0.003023698873444614 -0.00462825241147779 0.9999847181456016 -2.0017235640055837
0.99999429945602 0.0014015777531976217 -0.003071910686437921 -0.037997593721848966 -0.0013971605600011485 0.9999979877381415 0.0014396048198153258 -0.021527917910256544 0.0030739222230380635 -0.0014353046608297996 0.9999942454347911 -3.034502443052151
0.9999921123690442 0.002563877779790241 -0.003033435416707717 -0.0446890506833304 -0.0025799695004519677 0.9999825587127875 -0.005312817294345368 0.020490936314281782 0.0030197610954803165 0.005320601559659911 0.9999812859458769 -4.0618693197689595
0.999985967276493 0.005201439341400022 -0.0010051262976809993 -0.10758554620894833 -0.0052054657384198915 0.9999782676840057 -0.004045650274211196 -0.018604417820840435 0.0009840612494608559 0.0040508256532248545 0.9999913111797445 -5.0788860350770335
0.9999712663301425 0.007579126500538225 0.0001528253249027354 -0.14170887095863716 -0.007578617265365648 0.9999664914605721 -0.0030952409241456684 0.025816629663679258 -0.00017627942646305318 0.0030939937818689318 0.9999951980524915 -6.05565408712058
0.9999786803160544 0.006307728447793818 0.0016886311590130728 -0.20720426513154078 -0.006311023452146226 0.9999781779100652 0.001953122283041692 -0.05404251322181164 -0.0016762745445652921 -0.0019637376339384665 0.9999966669135234 -7.0628279420341045
0.9999835030674901 0.004348155197084367 0.003753283795972121 -0.2913705697676594 -0.004361276816920303 0.9999843821335825 0.003494961150483334 -0.09320186729626245 -0.0037380285441970867 -0.003511272603951806 0.9999868489671769 -8.062635581895453
0.9999729194005359 0.003692866336951951 0.006365783831285646 -0.3890937266118427 -0.0036994357012377736 0.9999926363357644 0.0010205144486997804 -0.060047158601912454 -0.00636196833233694 -0.0010440366205285683 0.9999792174572796 -9.061600148772154
0.9999516442627527 0.00043547310484559593 0.009824433794991117 -0.551663227297392 -0.00044018011189338836 0.9999997893776417 0.00047695507263956536 -0.11170881382998221 -0.009824224024639347 -0.0004812565294925624 0.9999516253371793 -10.093145755442062
0.9999182618340637 -5.006697572939346e-05 0.012785427018397562 -0.6926038216888015 7.242402058617996e-05 0.9999984693131241 -0.0017481779572066324 -0.06771379425228297 -0.012785319921928868 0.0017489610363762636 0.999916734898355 -11.10517805326974
0.9998963559579379 0.006469584832921972 0.012861641191015056 -0.6853493776809239 -0.006462990568657136 0.9999789610828642 -0.0005542062296807258 0.0090557904876567 -0.012864956080229662 0.00047102412379196323 0.9999171320871187 -12.172695702468374
0.9998653409320734 -0.0036552522895724267 0.015998097808436033 -0.7515726800323268 0.0037221075551344958 0.999984456720065 -0.004151172560185374 0.07540873220177247 -0.015982675562518343 0.0042101602078781775 0.9998634049873449 -13.29784448212273
0.9998531540959776 -0.0010909068098878475 0.0171020515335864 -0.7784203129258369 0.0011165146364690442 0.9999982698062412 -0.0014878775455816982 -0.004560476662232249 -0.017100398807976817 0.0015067537477093398 0.9998526421697109 -14.33802485581467
0.9998025637005652 -9.205665476135646e-05 0.019870207430966808 -0.852398658715116 6.916539331327696e-05 0.9999993332220735 0.001152723538776081 -0.06693281620549629 -0.019870300297823943 -0.0011511216185941344 0.9998019034214195 -15.378508249423618
0.9997419011050955 0.0009045443187984072 0.02270050603719544 -0.9360728989154455 -0.0009619727413845771 0.9999963645225445 0.0025190375422235985 -0.08571290142818233 -0.022698144928919858 -0.0025402246494411456 0.9997391367129308 -16.453282858122662
0.9996791789685713 -1.5200980165657585e-05 0.025328618313154527 -0.9973136180318296 -8.021485355625546e-05 0.9999929050205849 0.003766095334528242 -0.11937913161721037 -0.025328495855469466 -0.003766918823347332 0.9996720850460303 -17.501228325724135
0.9996134159098167 -0.0019354314498649088 0.027735768210212668 -1.0558671943967477 0.0018080799309093364 0.9999877118854286 0.004615942494071589 -0.13017587117830587 -0.027744361230188967 -0.004564009558272941 0.9996046319603971 -18.527585126206624
0.9995421259689458 -0.0033986832694266654 0.030066382647638747 -1.1085735186201535 0.003250544707206421 0.9999823437216483 0.004974555665158018 -0.147878017859691 -0.030082758726329695 -0.004874545824322784 0.9995355253468583 -19.54223168802801
0.9994730420661293 -0.003038794076757361 0.03231723864497824 -1.164430139936522 0.002910919791881084 0.999987750563298 0.004003157418892899 -0.1312715828225468 -0.03232900754806194 -0.003906975033739868 0.9994696447701866 -20.56283101238706
0.9994302868675372 -0.003606644745662595 0.03355732119152111 -1.179903252476034 0.0034617947354918348 0.9999844437007495 0.0043735950557814395 -0.1633901067437793 -0.033572573167418206 -0.004254934803404069 0.9994272248947079 -21.56185121798714
0.9993606365477679 -0.003437867467681222 0.03558790786369588 -1.2325180345642528 0.0033210042900139124 0.9999888996484737 0.0033423809388638034 -0.12725487437167615 -0.035599003488102826 -0.0032220563479601026 0.9993609604660093 -22.559050583375427
0.9992940421230648 -0.001953402830715242 0.037518016934898556 -1.2658277354586898 0.0018248023920430997 0.9999923435570809 0.003461635949542358 -0.10913207429949856 -0.037524491649806195 -0.00339072921332918 0.9992899556594299 -23.52451099050708
0.9992244446810604 -0.0008483343147014631 0.03936736568170357 -1.3056078706835499 0.0006756654804957226 0.9999900952609462 0.004399188125341973 -0.13367028231568678 -0.03937070774046281 -0.00436917714154317 0.9992151208138921 -24.511461777214762
0.9991732737350605 -5.811599627234473e-05 0.0406542208890148 -1.3270975150688145 -0.00011560530678072432 0.9999908734988089 0.004270779144627349 -0.13048809700834108 -0.04065409805880428 -0.004271948223014535 0.99916414806047 -25.473439317395737
0.999114834464645 0.00027261941748484816 0.042065107052499495 -1.370836894284989 -0.000385919287416581 0.9999963199909546 0.002685343712070577 -0.09801193973850819 -0.04206422017568652 -0.002699200474504873 0.9991112629221081 -26.43785972435242
0.9990499721489274 0.002483798983927614 0.043508434720577194 -1.4165934175855277 -0.002524342462026092 0.999996429332041 0.0008769368863852063 -0.05776951214126358 -0.04350610123145601 -0.0009859339611409507 0.9990526748324448 -27.3808082440917
0.9989894122798295 0.0034664496172077995 0.04481225144814907 -1.4654860958289355 -0.0034665146777025195 0.999993988712241 -7.625858406511213e-05 -0.03844124645905245 -0.04481224641535003 -7.916080930940642e-05 0.9989954235654818 -28.30552628392047
0.9989419182097489 0.002904140414606912 0.04589782142847035 -1.4993417074981048 -0.002967874901576064 0.9999947239426085 0.0013205322846533806 -0.0669285579898915 -0.045893744257753694 -0.0014553540457441273 0.9989452668603047 -29.228015446875368
0.9988601970166764 0.002641242262388931 0.04765847936220539 -1.5506165926748061 -0.002851502367046208 0.999986497641753 0.004344360531901511 -0.14753616805626057 -0.047646361351703616 -0.004475307083517769 0.9988542415570207 -30.102515370289108
0.998782311297061 0.002889207059779235 0.04924984388469175 -1.6117969076113488 -0.0031666179194474097 0.9999795535363505 0.005555631394667421 -0.16393911293052854 -0.04923278553010202 -0.005704821803255694 0.9987710387456877 -30.95664943832422
0.9987414739499401 0.0034152735841535753 0.050038026726147405 -1.612390557121747 -0.0037072190423888306 0.9999766379730112 0.005742824667796464 -0.1663586765717291 -0.050017244419030216 -0.00592109909887385 0.9987308024919369 -31.798089127686225
0.998619670759509 0.003519812129039717 0.05240576394583142 -1.7097661131386859 -0.003868572009619495 0.9999710323736329 0.006555041130087684 -0.19724605882525958 -0.05238117336196592 -0.006748728486686772 0.9986043597646851 -32.613107316700365
0.998478262153962 0.004165990905782147 0.05498913097855833 -1.7956371718992945 -0.004532233446444317 0.9999683611368306 0.006537246003324537 -0.17799633104848045 -0.05496015707756878 -0.006776521607284347 0.9984655526801688 -33.41930021242582
0.9983061025702928 0.003958062791369223 0.05804532117106094 -1.9183217069896796 -0.004339394397340618 0.9999698155272926 0.00644497405554999 -0.17110104790630665 -0.05801805949164765 -0.006685938472044303 0.9982931448224873 -34.25476480498353
0.9981316865870111 0.004736619719410196 0.06091552072011154 -2.024198900271281 -0.005107390367102781 0.9999693602896633 0.005932372671998271 -0.1601775984500735 -0.06088555489282059 -0.006232408484297276 0.9981252958871838 -35.04014906510086
0.9979680180439032 0.005609881403033131 0.06346939571295475 -2.1136379345145553 -0.005856964566265826 0.999975974687816 0.0037075616275410203 -0.08005892926848834 -0.06344707185988367 -0.00407176593094582 0.9979768984273185 -35.8351313049596
0.9977769111633245 0.005910390892371801 0.06637998816567167 -2.2292282594153803 -0.006083073726230693 0.9999786188176817 0.002399608618686841 -0.031868941414986196 -0.06636438625811727 -0.0027980684375123496 0.997791530856823 -36.617260523365736
0.9975873748434632 0.004006419949705413 0.06930640772767194 -2.34241316238121 -0.004146210392473647 0.9999896498717258 0.0018732562036918405 -0.0038769234585593892 -0.06929818534643634 -0.0021560956866356644 0.9975936611462008 -37.37862713208922
0.997408627752065 0.0017120448622535834 0.071924253128776 -2.4407203511430757 -0.0019386279971278556 0.9999933757514374 0.003080612720405366 -0.04784106138333133 -0.07191850253746503 -0.003212064076883028 0.9974053396874987 -38.12599808286451
0.9971929263333518 0.00026548746073440474 0.07487454298448015 -2.565897662828909 -0.0005451479623025823 0.999992952100406 0.0037146417343126674 -0.06926302418354946 -0.07487302908541746 -0.003745032165855572 0.9971860429476793 -38.877781348971766
0.9970191778785036 0.000545220028470258 0.07715219813844158 -2.65693819167698 -0.0007617770148439843 0.9999958526475272 0.002777477907127762 -0.035521907577565015 -0.07715036382449826 -0.0028279715107267815 0.9970154582246366 -39.622606780111084
0.9968503363998971 -0.0011120753876793146 0.07929798299921723 -2.7515755725708106 0.0010625345934623621 0.9999992131091215 0.0006669343111586364 0.05397916364137667 -0.07929866228159035 -0.0005805768423066618 0.9968507336060302 -40.34837623340488
0.9967811248014088 -0.003756144622959139 0.08008296084192755 -2.7809614740952777 0.003727789699227714 0.9999929249739304 0.0005035732731998487 0.06299360062381698 -0.08008428574693426 -0.0002034198971698785 0.9967880746661995 -41.05729192957928
0.9967733798848223 -0.007143186558199374 0.07994875883203222 -2.778560188222301 0.00695559360950409 0.9999723650471501 0.0026246637019823682 -0.016605965689078017 -0.07996529791432729 -0.002060103833266108 0.996795519202243 -41.7653135798808
0.9968238476336276 -0.008426709037584901 0.07919095506234367 -2.7527971439660006 0.007970822454699485 0.999949802306599 0.006071149511351349 -0.16645284372168778 -0.07923813966951715 -0.005420649572644243 0.9968409771773654 -42.4590290948798
0.9969227778659167 -0.009327795957507417 0.07783294414757382 -2.6983354609491896 0.008750992739245154 0.9999316874869895 0.007748579579470558 -0.23782456822100606 -0.0778999043528419 -0.007043619949771413 0.9969363030403804 -43.14815945168528
0.997082667159323 -0.010183161597534766 0.07564693034306925 -2.6153736656762256 0.009684648231935445 0.9999289227468829 0.006953922841239884 -0.2039810695883606 -0.07571236648708286 -0.006201022023565252 0.9971104176001717 -43.825786656823865
0.9972228413353095 -0.014529739514777575 0.07304444803518582 -2.492441321101738 0.014234658590434685 0.9998882900109618 0.004558727209272664 -0.09271471411333998 -0.07310252535956617 -0.0035063041207958542 0.9973182674640361 -44.493216331829444
0.9973270999183986 -0.01876719529511824 0.07061478704288134 -2.3978913623515092 0.018740696610683342 0.999823839105381 0.0010378088087652658 0.06729032371435917 -0.07062182423941561 0.0002883354506830216 0.9975031201975084 -45.15989251213992
0.9974550019314076 -0.023593802803993407 0.06728188159721699 -2.2557544794674858 0.023633966669992578 0.9997206589795489 0.00019907018441797002 0.10343707890382237 -0.06726778383042906 0.0013915741959799018 0.9977339869824019 -45.806901299425846
0.9976413972278768 -0.027380251219540908 0.06294413698164875 -2.0612856246457474 0.027450006546419423 0.9996231479035351 -0.0002435488220550678 0.12277364733322194 -0.06291374792373494 0.0019707913593331994 0.9980170220510303 -46.42720759408554
0.9978316756252764 -0.03119888834614253 0.05795322669893474 -1.8250858016446019 0.03137475333442563 0.9995054281375944 -0.0021269641953124696 0.2157376617566844 -0.05785820574522804 0.003940620439616737 0.9983170335812636 -47.02164867431213
0.9979730516557985 -0.035902023272250734 0.05254362847930799 -1.5904706381985134 0.0361693932941087 0.9993370722242858 -0.004146211153403829 0.3071050634723629 -0.05235993847923108 0.006038278161139349 0.99861002200023 -47.62059152027964
0.9981548119845831 -0.03984605850514302 0.04581771419032526 -1.260713606390123 0.0400769891103205 0.9991880497532253 -0.004132332779127314 0.30292235956694524 -0.04561585531230194 0.005960943880872996 0.9989412699914726 -48.19220417336074
0.9982869740953323 -0.04252813033738671 0.04018053610383628 -1.0186168585371345 0.04271413709329738 0.9990801772106815 -0.0037817981236754478 0.26192968669920136 -0.03998274432752758 0.005491596733144815 0.9991852793758323 -48.74193332527035
0.9983022167984528 -0.04785643666748762 0.03320309330146496 -0.6672766229053702 0.048055637247291144 0.998830983021135 -0.005227148915972603 0.30738232797856746 -0.03291412560059594 0.006813870157534241 0.9994349561174176 -49.233479345267064
0.9981761325811026 -0.05434933953553319 0.026278463377534807 -0.36152795747407396 0.0544935665104215 0.9985025687938556 -0.004803261500905737 0.2872140561631289 -0.02597805909623308 0.006226508180605158 0.9996431218397241 -49.75836477171576
0.9982314536781116 -0.05601319307436275 0.01991198356011657 -0.12443415079458298 0.05600099982497054 0.9984300273045118 0.0011698697857273543 -0.020611008365638117 -0.019946250431793985 -5.270982895581378e-05 0.9998010523676129 -50.16885605178121
0.9989369477157085 -0.04454674811327694 0.011855872846656472 0.33741116121487913 0.04432092722832061 0.9988428133938771 0.018673230599612095 -1.0582639442208603 -0.012673985089376479 -0.01812791670150319 0.9997553444408375 -50.75308477271767
0.9982948718744646 -0.058171553153552005 0.004839338059040417 0.6175204928832834 0.05819355554439315 0.9982950085716766 -0.0045371746690729894 0.3246518473185023 -0.004567152531702066 0.004811056493071151 0.9999779971845244 -51.141031514936216
0.9984432430673055 -0.05570240723999228 -0.002886555198089503 1.014881120102217 0.05571538331427508 0.9984359617496489 0.004628860248159274 -0.2860313891166668 0.0026242018567479613 -0.004782479767196848 0.9999851206152477 -51.60595057165358
0.9984720020441963 -0.054286150625578344 -0.010328358248601498 1.3718999838545045 0.054376458309308845 0.9984828359144878 0.008673359550826787 -0.4968564242830231 0.009841845131398434 -0.009221726216871859 0.9999090447885701 -51.93135352287266
0.9978696390267106 -0.062394716252209166 -0.019054734123273364 1.8051373748485506 0.06252650145459748 0.9980227840484747 0.006399932498084161 -0.3088368636109857 0.0186177368267615 -0.0075777241925343766 0.999797958575387 -52.2703776076676
0.9972843183973725 -0.06929751564802712 -0.024936772118691414 2.029518494412839 0.06923998469064165 0.997595014171275 -0.0031642093251345754 0.26993570568066927 0.02509607138035396 0.001428994620351232 0.9996840226669861 -52.26346220542147
0.9970861186368801 -0.06905707315399545 -0.032409761940581705 2.3529509762503285 0.06891600950309681 0.9976075737426758 -0.005450912347539582 0.37908495277568477 0.0327086480278615 0.00320147757374785 0.9994598015355767 -52.397564268738144
0.9969826182102843 -0.06506498984697108 -0.04233445503109829 2.870680413907343 0.06503074442451919 0.9978808642351171 -0.002187023769542265 0.20006454402784257 0.04238704125271541 -0.0005726164416322791 0.9991011014127906 -52.592236230200086
0.9963589962977286 -0.06562956438490998 -0.05441976456426227 3.4763082099344933 0.0657651151199722 0.9978348846477022 0.0007018642059607681 0.06324474362207377 0.05425587645444119 -0.004278230797158866 0.9985178999954917 -52.63241615228495
0.995670988351532 -0.0653124204167332 -0.06613297735919145 4.050967408267357 0.06571136052752084 0.9978311568815224 0.0038729128708080984 -0.10581688358517338 0.06573659599268593 -0.008201834903885069 0.9978033021851069 -52.699958593737044
0.9945289068129308 -0.06681203906236315 -0.08030196105828293 4.754624348706764 0.06742214454905289 0.9977124699339809 0.004907317255066878 -0.1775336538067469 0.07979040003586486 -0.01029459929110986 0.9967585029923508 -52.74501412413636
0.9930976997133009 -0.06635832869525489 -0.09671365486281104 5.680374112028478 0.0671556581469502 0.9977299371660423 0.005008998053025423 -0.17862318285643441 0.09616172005013422 -0.011469293588437018 0.9952996427717543 -52.95618712213614
0.9909011947045647 -0.07078863344046062 -0.11447179438052987 6.580443944607223 0.0716787665184438 0.9974210045180888 0.003673442053600361 -0.0915669089532587 0.11391653419701914 -0.011845215141939898 0.9934197069289398 -52.91426151039001
0.9890067754179871 -0.068246920151542 -0.1311790992008421 7.4406101793697665 0.06936993775565971 0.997582964788659 0.004005009269021928 -0.11659352965100456 0.13058870515129256 -0.01306086724908045 0.9913505958204749 -52.93207732311895
0.9861145836921126 -0.06845424410781632 -0.15130117082613437 8.491856443832098 0.06969758080788398 0.9975638830422424 0.0029234361993626477 -0.048537727628230165 0.15073246186293143 -0.013428168650666908 0.9884833884428352 -52.866508571721276
0.9834175276447599 -0.06536049144309686 -0.16916847365683985 9.454593738087526 0.06681577141797745 0.9977610623247221 0.00291808129814983 -0.057749050051847606 0.1685989887599823 -0.014172814362676471 0.9855828287476159 -52.953874310134736
0.9793194846876266 -0.06952039146960878 -0.19000068968578443 10.553438257447755 0.0714919412416739 0.9974349182072633 0.0035335928411539723 -0.10282690465800792 0.18926766561845276 -0.017044034463188414 0.9817775978502256 -52.885906002828875
0.974674517326166 -0.06935529126339463 -0.21260157301575883 11.760776083412006 0.07148573923526791 0.9974388751141222 0.0023408325573836767 -0.02848135869845203 0.21189472471251525 -0.01747953045262162 0.9771361684300521 -52.798307875771215
0.9685204126969922 -0.0703846619449914 -0.2387764845041012 13.172432760828508 0.0729247946404892 0.9973358014738392 0.001809260947844114 0.009209845807143457 0.2380129923258192 -0.019165032257322065 0.9710728690591068 -52.58181314603221
0.9616668292362756 -0.07195245496448124 -0.2646124595918197 14.565279569467517 0.07524651829497858 0.9971622639859296 0.0023196480204315424 -0.06544663301191367 0.2636946549157407 -0.02214189483850774 0.9643520443602683 -52.39178574615647
0.9535812501569263 -0.07651599596843461 -0.2912526424088063 15.986180450987392 0.07993323734850735 0.9968002056772122 -0.0001659182167507208 0.05383133172319754 0.29033338925473356 -0.02312255009349009 0.9566461575530596 -52.130171235973705
0.9438726260048871 -0.07666958632547415 -0.32128840690463634 17.61304401124008 0.08046099639229386 0.9967566569724569 -0.0014814994604456337 0.12892785981849642 0.32035994434104553 -0.02445283856268414 0.9469802346131779 -51.758867705660776
0.9333211273776458 -0.07446359727262479 -0.35123616822835957 19.215027947973002 0.07794418660707865 0.9969487056012624 -0.004240539367621051 0.3003505673919129 0.3504802090912995 -0.02341903245626916 0.9362772943707068 -51.34125135939
0.920907558861725 -0.07014198539858241 -0.3834180093783851 20.931646591257753 0.07612339589688599 0.9970983127535271 0.0004281368885697776 0.009652011949848882 0.38227541985911717 -0.029581355418818213 0.9235748192664854 -50.835400686159886
0.9048957800775694 -0.0678298220127441 -0.4201936963395886 22.952919275888405 0.07624746357770651 0.9970836409032653 0.003246127085388545 -0.1497342545394953 0.41874807640844547 -0.03497611025839825 0.9074286309211425 -50.12539040957853
0.8875296357120621 -0.0677288754371376 -0.45574548287924366 24.879789708313485 0.07832983269303082 0.9969178404465698 0.004388246760300581 -0.21260404991866588 0.454043591567039 -0.0395931664731199 0.890099319247878 -49.38599146532759
0.8655369574258922 -0.06813316724537707 -0.4961891240757326 27.16435423021395 0.08232840710168415 0.9965822765812378 0.006767524529439902 -0.37423095840411424 0.4940321940056424 -0.046708002796851486 0.8681880866267981 -48.377154858098635
0.8430551612664025 -0.0688414005933181 -0.533403090192052 29.202497043387236 0.08335316275858702 0.9965151530533172 0.0031304940926550305 -0.13807112082278938 0.5313287544639577 -0.04710001379483819 0.845855391529962 -47.34932568934258
0.8189992509297472 -0.07184083155580179 -0.5692794760905086 31.148258816344164 0.08936090650100526 0.9959951786579009 0.0028692297807585906 -0.16247343362146027 0.566793485641668 -0.0532212270770518 0.822139067082073 -46.27605172564536
0.789733496855376 -0.07469546905618794 -0.6088855318095971 33.39321331724617 0.09308011711456803 0.9956576141803372 -0.0014167295639392792 0.08155131349248124 0.6063473391897733 -0.05555629781757519 0.793256832324996 -44.90205834679267
0.7585081592241667 -0.07453031345810478 -0.6473875228688013 35.546060736117674 0.09503048425923673 0.9954690211332091 -0.003261138688432634 0.16862998451030664 0.644697277372738 -0.05904794949807214 0.7621540265643499 -43.442939448545516
0.7233758553529598 -0.07070090260240555 -0.6868251264066997 37.7836591258776 0.09225094021832342 0.9957214817831674 -0.0053380468683657326 0.3017150579021759 0.6842639373233176 -0.059498849457268625 0.7268031033175713 -41.75049693234795
0.6843682999152062 -0.06818680417757737 -0.7259411751700127 40.04838931916214 0.0936268348588948 0.9955935187498658 -0.005249877861999163 0.25482513896961834 0.7231003013866579 -0.06437472453773596 0.6877367584877334 -39.846730590805294
0.6431692805304502 -0.0657362447230167 -0.7628971245926013 42.177708006061835 0.09260723816412264 0.9956727871887017 -0.007720122505244707 0.4079430997915816 0.7601033982436578 -0.06568445007456619 0.6464738022509847 -37.84805133089735
0.597789154499531 -0.06112350009475721 -0.7993197385895723 44.30631367752192 0.09137526179719073 0.9957859025074411 -0.007810115167894056 0.4275011748315898 0.7964287088586339 -0.06836924823052487 0.6008551885455947 -35.61911453573805
0.5495990359829004 -0.05751262555498906 -0.8334465775011848 46.33847097058356 0.09065884605328464 0.9958419181938547 -0.008935748444929215 0.4876238115573299 0.8304949568052498 -0.07064822623219807 0.5525277864970147 -33.26451427997526
0.5005028956988297 -0.055270054036406405 -0.8639687914062052 48.179638380183576 0.088869744775993 0.995968151326049 -0.012231516979600683 0.6830556660829663 0.8611614365846488 -0.07065877631961306 0.5033967793584685 -30.889045960612666
0.45012194304920544 -0.05493032629360412 -0.8912759929667611 49.86828045357927 0.08739348934579597 0.9960245110530882 -0.017249678299107174 0.9629319864488404 0.8886802655655035 -0.07012726028253652 0.4531330411255521 -28.452199978812768
0.4048935008066909 -0.05455915189197813 -0.9127346558279302 51.16496935651784 0.08855543260288265 0.9958654962690806 -0.020244720231567856 1.088796075072431 0.9100654857541949 -0.07263065665107403 0.40805097641522103 -25.916884118620423
0.35776057732338196 -0.0491976953480399 -0.9325164642437591 52.4049275165588 0.09034073710412731 0.9957504974104116 -0.017874510522000907 0.9434743862366849 0.9294331178372781 -0.07784942953779185 0.36068482888515974 -23.46132854012662
0.31091055357658676 -0.03713416629615596 -0.949713473300337 53.50328396536462 0.08551535018370507 0.9962765764447257 -0.010959384587419095 0.5302174730588253 0.9465842553928618 -0.07780769191452797 0.312928443132412 -21.073059326396013
0.26835917354571615 -0.022971544846037823 -0.9630449948477209 54.36862342195609 0.07895082184909803 0.9968769258140296 -0.0017783444328155137 0.030757058903127965 0.960078185203274 -0.07555595877861795 0.26933469028298523 -18.962640119740332
0.22717966922341373 -0.011927073470745848 -0.9737798225522871 55.130572971003254 0.0794772558411046 0.9968165651598916 0.006332552945167554 -0.42841341896223084 0.9706043291143451 -0.07883197537331646 0.22740438861911372 -16.86197748309165
0.18960744374192096 -0.008550151334927661 -0.9818227498840124 55.70827338713364 0.08082590021143116 0.9967041488815982 0.00692917435346127 -0.46489280164808355 0.9785275627863868 -0.08067053064383999 0.18967359951499632 -15.031251477716484
0.1561157510834289 -9.288203258531885e-05 -0.9877387628500691 56.2143733353469 0.08067421910276174 0.9966601563543145 0.012657136641174287 -0.8022669039048199 0.9844386941987888 -0.0816610317637598 0.15560184206962896 -13.408670994952843
0.12645786035065212 0.007050261734753538 -0.9919469256794975 56.61093897779729 0.07810473478639914 0.9967994904857373 0.01704189459305664 -1.0434096816375362 0.9888923399235536 -0.07963083307894042 0.12550247194247893 -12.02158284982654
0.10104186606166173 0.014355922693211603 -0.9947785928468724 56.91157348083258 0.07599574831364664 0.9968630861406852 0.02210506114710909 -1.324837111908081 0.9919753966409781 -0.07783248019750552 0.0996339173438384 -10.886696477547499
0.08003316639941804 0.01755822921359286 -0.9966375473876979 57.1527693726383 0.07419722605594925 0.9969661345557794 0.0235222914383252 -1.4106160715099296 0.994026892956969 -0.07583030486415096 0.07848758463938418 -10.027153729361547
0.06315437699816767 0.020933907172337618 -0.9977841931983457 57.345087278025986 0.07643641891626736 0.996741896675039 0.025750053900979564 -1.58276128197388 0.9950723584389382 -0.07789327919112418 0.06134850061430503 -9.419352787419879
0.049207299808010516 0.0214638012379779 -0.998557933663351 57.48476995753389 0.07553920773135545 0.996825639302597 0.025149014380044955 -1.5398414561136975 0.9959279440506346 -0.07666779027326376 0.04742973954905451 -8.98307565806553
0.03688339305289675 0.02250906102182997 -0.9990660426062038 57.60410473523767 0.07619617270151216 0.9967725671814728 0.025270389393468293 -1.5615123976303251 0.9964104368093235 -0.07705706642723766 0.03504925007873096 -8.622920100520059
0.027977431909688953 0.027845143930813956 -0.9992206519399062 57.691697489855535 0.08048231135158733 0.9963039489580461 0.030017309175023345 -1.8698356560004792 0.9963633177025563 -0.0812593948419199 0.025632984349858428 -8.502257870047519
0.021411621856839758 0.032294857909067894 -0.9992490103082878 57.74862909271651 0.08271798729995092 0.9959941309840153 0.033962120405553006 -2.1357463573114437 0.9963429515114286 -0.08338305102374963 0.018654484057885466 -8.496132076532263
0.016731867177366473 0.03354010668228145 -0.9992973060428513 57.79935691278561 0.08272511526653831 0.9959641488459617 0.034813352577377464 -2.193369165478602 0.9964319344164442 -0.0832494772192596 0.013889730660565761 -8.620454626169366
0.012943717618360525 0.03231198910599607 -0.9993940141576946 57.8532971828466 0.08108195748946107 0.9961524314616583 0.03325732194123749 -2.094399129069328 0.9966233874156744 -0.08146329635510632 0.01027399645059064 -8.806955906191476
0.009831087670446086 0.03106780107129453 -0.9994689297080777 57.90594672934996 0.0750047859978339 0.99667858287001 0.03171883550270282 -1.9620120229556528 0.9971347109556636 -0.07527678383687 0.007468200756675314 -9.047442413220335
0.00881860422929569 0.03335687674065742 -0.9994045982451529 57.92185102820574 0.07032019935302694 0.9969484298987331 0.03389539327698186 -2.065410217273797 0.9974854895096958 -0.070577240641437 0.00644603141809729 -9.395130255597138
0.007026914352812151 0.035368833157909035 -0.9993496225624576 57.967413290046125 0.06725751118900072 0.9970945344900577 0.035761941763796094 -2.135850796400135 0.9977109048533748 -0.06746506452308257 0.004627678203658768 -9.720671163755917
0.0070403027142625415 0.03889924273359876 -0.9992183360269385 57.98373280390907 0.06887483634149484 0.9968512258634493 0.03929237093216104 -2.350063797683296 0.9976004666481585 -0.0690976295489997 0.004338955414077687 -10.122015783680759
0.00730117285321899 0.04004638317014758 -0.999171146535946 57.99260356754649 0.07698500266428736 0.9962097419543533 0.04049023832999557 -2.504157505468635 0.9970055176576239 -0.07721681960706421 0.004190528609020536 -10.511312459138871
0.01038978303783133 0.04130700749038135 -0.9990924799740095 57.93487145915353 0.08542023300356252 0.9954574826398367 0.04204502408105472 -2.708380604085451 0.9962908391639682 -0.08577955110950956 0.006814133063505372 -11.020492436655218
0.01277984610317524 0.04252187065816592 -0.999013796726206 57.8964601502331 0.08659140816733893 0.9952950185218622 0.04347130245533684 -2.7973042019476115 0.996161936416553 -0.08706156799240566 0.009037688505766311 -11.529114067530518
0.015580850597327271 0.04268943810984073 -0.9989668908269832 57.85643304258469 0.0830408604986415 0.9955813750921849 0.04383994818882924 -2.7843242985136767 0.9964243335960382 -0.08363813390684985 0.011967036987948305 -12.104397107257906
0.018527089518360705 0.04187189284131061 -0.9989511957767828 57.802127631067805 0.07578639048051272 0.9961894849437911 0.043161708786369136 -2.658123906869463 0.9969519396500083 -0.07650656623656485 0.015283172143773513 -12.681851465042183
0.02150634846231505 0.039402022670993575 -0.9989919707311227 57.760817209607495 0.07380346329257959 0.9964341714769607 0.040889983113766376 -2.490298593433061 0.9970408847092674 -0.07460846146689898 0.018521654777689637 -13.251461309051042
0.02596214989638506 0.04753575332105739 -0.9985320820729583 57.65848997448382 0.07921151593322404 0.9956302163835213 0.04945713262677927 -3.0573774916357666 0.9965196949967011 -0.08037925341965936 0.02208332183753053 -13.821826736965672
0.028618274530350797 0.04703427940326505 -0.9984832351741921 57.6139668313024 0.08354610735158499 0.9952847371523085 0.049278189273326 -3.0888193413410687 0.9960928883941009 -0.08482964430360357 0.024553800887463173 -14.353416002428535
0.031881679358290164 0.041504375339072225 -0.9986295335854075 57.55790589997834 0.08405651643271261 0.9954865430156933 0.0440572890661846 -2.7834932198923186 0.9959508324041365 -0.08534594016341755 0.028249069562200867 -14.940085637844692
0.03617711104488319 0.03697918708404053 -0.9986609816945138 57.48131055582591 0.08077626742665953 0.9959371449258028 0.03980449695270222 -2.4964511613094835 0.9960755047972334 -0.08210811823227 0.03304308798058375 -15.601681615782834
0.0409581231588286 0.04058300469561946 -0.9983363420597197 57.379220347658844 0.07717517596976838 0.9960612838907651 0.04365674000559476 -2.6552548749095335 0.9961759003114569 -0.07883488100933585 0.03766480021057253 -16.251408422790135
0.04635933988977817 0.045600173980545 -0.9978834780363526 57.2491664685896 0.07702017592758531 0.9958205888522861 0.04908408416146372 -2.963948730554728 0.9959511554815665 -0.07913266677441037 0.0426534517255321 -16.929256381736433
0.049454160357660135 0.04500791163675712 -0.9977617821471298 57.17686949280371 0.08241859087793175 0.9953931549308288 0.048986151048509396 -3.0315193998178507 0.995370012558654 -0.08465668908567792 0.045516844047406455 -17.47220681746832
0.05409976739493036 0.04075352205597515 -0.9977035459533296 57.07740265230763 0.08226964057453029 0.995587846218831 0.045128114309010064 -2.799293506502057 0.9951406540824025 -0.08452213261260405 0.05050829328996718 -18.14386445252176
0.058622805774466505 0.039065561634382115 -0.9975155379929274 56.97359766013957 0.08287836528808327 0.9955939894047323 0.04386097158459476 -2.744598491563054 0.9948339274523684 -0.08524371035659983 0.05512682318378144 -18.798845572650862
0.06402686145671413 0.0423019738151723 -0.9970512043136717 56.81737043568956 0.07742626877912984 0.9958790296826375 0.0472242643278859 -2.8211753131444506 0.9949400654888436 -0.08022157596126225 0.06048772466663589 -19.476254270479142
0.06838096912447378 0.047837938911122646 -0.996511703223968 56.700467360003046 0.07919160031308392 0.9954377252923093 0.05322053649415829 -3.2186442473222736 0.9945113038580561 -0.08255462837181793 0.06428063342049845 -20.093392280427054
0.07188953073707995 0.04970970734480486 -0.996173097592028 56.6121417973338 0.0785899739617716 0.9953697686207096 0.05534112131718129 -3.327365826084621 0.994311576601163 -0.08226766504313084 0.06764998097014316 -20.668941608307243
0.07582127282901438 0.04975206737081915 -0.9958794436973369 56.5021112556362 0.07801937477906172 0.9953964323036163 0.05566794154912142 -3.33639318637044 0.9940644404391862 -0.0819187057366116 0.07159059927648297 -21.288997024445585
0.07878810195879857 0.050039226716071576 -0.9956347275880786 56.42233273171015 0.07770042935439608 0.9953928495694259 0.056175780405801214 -3.366583279317673 0.9938586812358547 -0.08178722892796825 0.07453704392053424 -21.837905996052083
0.08318679015292783 0.05154406906814242 -0.9952000637499733 56.29835040424163 0.07659032677298756 0.9953768682238275 0.057955259034287325 -3.4469229652225444 0.9935863725861277 -0.08104381005865237 0.0788544295668756 -22.474315396266284
0.08777018147598564 0.0510393382873051 -0.9948323382313558 56.160075052534154 0.07619842616559731 0.995416438033091 0.05779199549591205 -3.4257107488836933 0.9932221277708015 -0.08087707240440603 0.08347876416031745 -23.13582354902805
0.09216742025631268 0.046834951402258476 -0.9946414700636829 56.025212920380994 0.07975800886980065 0.9953364703856191 0.05425837024295828 -3.309382720916742 0.9925441182458444 -0.08433147720421615 0.08800213229310827 -23.780164018090936
0.09618412532956015 0.047686313287391716 -0.9942206141293009 55.89258246212629 0.07901017869385359 0.9953341489681966 0.055383423156398465 -3.3527402981020336 0.9922227601185898 -0.08388055449752402 0.09196764039506024 -24.399797215348293
0.10048958371585545 0.04542210333939914 -0.9939007375451729 55.75170406058236 0.0781738913285474 0.9955085841662934 0.053399452860253396 -3.220182382128215 0.9918622315015158 -0.08306317703680079 0.09648742063806325 -25.052884474215762
0.10404090095978512 0.04310312578721666 -0.9936385718533917 55.63082155179499 0.07928390655902254 0.9955215788848091 0.051486387865507396 -3.1404788339314114 0.9914078641448315 -0.08413623786495723 0.10015757779476783 -25.673815915485115
0.10783653940651593 0.037433561260370125 -0.9934636426463692 55.50929638931473 0.07959416333312233 0.9957580310496179 0.046159644317175876 -2.8115325948645293 0.9909773205942338 -0.08405160374171369 0.1043996071655385 -26.324018508347784
0.11323142832842537 0.037653095783274415 -0.9928549179092787 55.320139211251195 0.08228165302906457 0.9954937590884269 0.04713708933311611 -2.939042735380447 0.9901557317985437 -0.08703114381604496 0.10962302127090642 -27.016887833902132
0.11832706010203972 0.03482436390101235 -0.992363829714938 55.13683151232412 0.08571802563260986 0.9952959720142911 0.04514806943574866 -2.8895177026114736 0.9892679752874121 -0.09040570651799483 0.11478537058234674 -27.72063625675591
0.12116326762548112 0.03071583572783884 -0.9921572456087071 55.07403643108497 0.08896013889103746 0.9951630378209351 0.04167279500459942 -2.755331132522139 0.9886382332616939 -0.09331165838494385 0.11784472046998191 -28.382385904274685
0.12599515945688872 0.02740926822472508 -0.9916521324581611 54.90152993988757 0.09191719641674564 0.9949955445154413 0.03918029348162311 -2.680623335302558 0.9877633566782675 -0.09608641116102626 0.12284523919906551 -29.09260448332894
0.13059681559856465 0.022523742507401093 -0.991179677343606 54.71648977315135 0.09136228732966735 0.9952145928624857 0.03465323372282099 -2.4053901026677287 0.9872169995545083 -0.09508204445118672 0.12791403603036197 -29.799703450379628
0.13592742425979606 0.02316466847891749 -0.9904479458650814 54.523160860045365 0.09293226600078283 0.9950204815443164 0.03602548047252961 -2.531175235393791 0.9863505103511923 -0.09694142273341523 0.13309782600915815 -30.5369691626752
0.13900010586652053 0.012719654529170475 -0.9902106750372641 54.41081811369826 0.09487638049200453 0.995146821538358 0.026101264468208513 -1.9628606528726722 0.9857370049834957 -0.09757568329641118 0.13711871876372678 -31.223728326918497
0.14238807942162646 0.004693837366979599 -0.9897997791116105 54.27712527144232 0.09754990763420845 0.9950539603855844 0.018751838350448843 -1.590127871767395 0.9849922082733334 -0.09922491527704275 0.14122593893858768 -31.89253281114562
0.14721569854778735 -0.00020448696376301062 -0.9891043909952928 54.08805215048423 0.09672641380742072 0.9952098388350941 0.014190756068029733 -1.2985520130551866 0.9843635197288871 -0.0977616226896238 0.14653029091641434 -32.65657820598961
0.1502100173361241 -0.003927195131699021 -0.9886463107857526 54.00457002589266 0.09931378897727988 0.9949938402932528 0.011136835163601033 -1.1879318082036932 0.9836532529356357 -0.09985907528553656 0.14984806662836836 -33.33024101212344
0.15341424176359622 -0.015101348298036325 -0.9880465675785136 53.90514184230209 0.10364074082869798 0.9946143994960398 0.0008905928423765599 -0.6663871600185755 0.9827118943335221 -0.10253850786272262 0.1541531288709602 -34.104113326904134
0.1612521687908929 -0.019525487195032325 -0.9867200684135446 53.59547026508034 0.1139825707004331 0.9934822135138718 -0.0010319922957364655 -0.825990392027638 0.980308987838403 -0.11230247896362003 0.16242672680895695 -35.024692080014596
0.1700903129361598 -0.02250881074838207 -0.985171375388045 53.21209556309323 0.12054413179368687 0.9927062099503623 -0.0018689612336586642 -0.9609578247957173 0.9780278103077565 -0.11843873591304573 0.17156301495349843 -35.919407312558356
0.17497505988245954 -0.03139206822423888 -0.9840722872186446 53.02060415819007 0.12616781456699264 0.9919661546926624 -0.009210348073886543 -0.6834110401539463 0.9764555345669964 -0.12254666864855165 0.17753000596131185 -36.72408695170384
0.1842798692408976 -0.04141420289308276 -0.9820009132334289 52.57780933120669 0.12463711062396879 0.9920308755371394 -0.018448106578331708 -0.0716041174760571 0.9749392393620571 -0.11899414178751613 0.18797306661430582 -37.74541905058015
0.1893714199586704 -0.04714985231592224 -0.9807728364557329 52.37937789311432 0.12489091598815906 0.991890477237359 -0.023569901770763207 0.23591275355060826 0.9739305542011072 -0.1180261521546456 0.19372429636236382 -38.57134306650876
0.1960762405181348 -0.04946208307358617 -0.9793403954919333 52.11458252195294 0.12300169542171295 0.9920793336154026 -0.025478986176908337 0.39604851429221277 0.9728436106731948 -0.11546470521869698 0.20060710610818527 -39.45702978619926
0.20345198726348754 -0.05907865686742098 -0.9773008754632727 51.75880410619499 0.11789555313303818 0.9923931135916753 -0.035447801726983426 1.1632140013640573 0.9719608672318 -0.10800750158466813 0.20886946203656778 -40.4115494049384
0.2114698617184719 -0.06464588620652097 -0.975244280670922 51.354007680384086 0.11334615806342839 0.9926999188461012 -0.0412252298381032 1.632990715312927 0.9707899597941002 -0.10182229873420492 0.21725347740243803 -41.31612013424321
0.21606576213146406 -0.06685806302380413 -0.9740870524974935 51.17472848895593 0.11289914779228895 0.9926716181201822 -0.043091078037499175 1.755016204322315 0.9698295566038005 -0.10066309148523098 0.22203056805384147 -42.074678014511974
0.22264312267805877 -0.07174673597486116 -0.9722563683520495 50.86544591659713 0.11628214720728915 0.9921231460826883 -0.04658460312003075 1.8737699218443196 0.9679403401889111 -0.10268431664057566 0.22923225983930096 -42.96375389234969
0.22736656018176143 -0.07580647515789465 -0.9708541732079278 50.63429096985029 0.12502833509577305 0.9909866385998524 -0.04809779142273496 1.6928853758576712 0.9657496377086002 -0.11044845150884339 0.23479518058300541 -43.74248887204547
0.2312464998063008 -0.08155772089905867 -0.9694706774777078 50.40264613723939 0.12984267191420193 0.9901529295190639 -0.052326443744979106 1.8024841905745546 0.9641918568819772 -0.11377835614283938 0.23955907162100493 -44.43962523240933
0.23508007464629754 -0.08353632607693019 -0.9683795953704621 50.21906937793078 0.1346505815778448 0.9894923223296466 -0.05267034204778837 1.6648102086029977 0.9626040615876494 -0.11801112776451064 0.24385814388432675 -45.14145134086451
0.23984675181923715 -0.08231278647342512 -0.9673149129547944 49.99519623372819 0.13441611546647714 0.9896177691026208 -0.05088201036962346 1.5431949588173846 0.961460266232913 -0.11781882811898998 0.2484207724728428 -45.82468914807311
0.24339956372402646 -0.08514246764911597 -0.9661818734490794 49.81176360039201 0.13330322908411146 0.9896233824489313 -0.05362657947403613 1.7533207174707681 0.9607220729715241 -0.1157424775653064 0.25222366540898195 -46.50576847646984
0.24708306258241008 -0.08446101994257921 -0.9653063225190002 49.64035040101021 0.12711075163027993 0.9904108634156775 -0.05412188511311515 1.9825409863592174 0.9606210579645242 -0.10932821108236969 0.255449653075996 -47.1593574972921
0.2484201275461443 -0.09266284741834227 -0.9642100585133317 49.522496635961346 0.12349856051954847 0.9903203527141484 -0.06335380454025204 2.672238721180662 0.960747389160937 -0.10334019406044316 0.2574592366025991 -47.766195175849866
0.2500151482323405 -0.09834971955590034 -0.9632340101541457 49.41210580602972 0.12127227058503541 0.9901745498227418 -0.06962325236931188 3.1310328398880354 0.9606172297234268 -0.09940670775459112 0.2594857306517693 -48.36658906953558
0.2489004551028199 -0.11394866322556868 -0.961802612597156 49.35605988334186 0.1268820256938644 0.9883328276504241 -0.0842565922900897 3.852793532884631 0.9601820218091103 -0.10106395963756218 0.26045452781041556 -48.92907020790007
0.24963300652468023 -0.11604342689346354 -0.961362202881032 49.28853807797682 0.1284924800594595 0.9879839524530152 -0.08589174735379068 3.899050794949117 0.959777601646141 -0.10208639855602405 0.26154411216512263 -49.4189518969992
0.2502709996377538 -0.11678012528942236 -0.9611070851251208 49.2497347281115 0.13327622512664297 0.9874038731790236 -0.08527038786739034 3.678925329028545 0.9589587449709772 -0.10675201903687644 0.2626825686550947 -49.91127762674838
0.2524636506126063 -0.11672389856228306 -0.9605402837069237 49.12583230653099 0.13902367661517578 0.9867733396606286 -0.08337141881609307 3.3381869825186543 0.9575669806649323 -0.11248958902685717 0.26535178518490105 -50.48087354913501
0.2547562068449249 -0.12063196734440268 -0.9594515118173532 48.94043691608871 0.1451434382420363 0.9857185034068934 -0.08539563441156921 3.2586713466565067 0.9560505517017737 -0.11750302334788305 0.268626845447064 -51.08055937214908
0.2556564280142511 -0.12227426085741439 -0.9590040646143096 48.85868488704322 0.14820512635494326 0.985201072113643 -0.08610509873545978 3.1934643607611424 0.9553402699232925 -0.12011599659454587 0.26999465925271504 -51.571886628766336
0.25787582436088313 -0.12556415328496492 -0.9579841870406969 48.67228904165003 0.1506128594032796 0.984622390087166 -0.08851279863050675 3.234864159364924 0.9543667145246437 -0.12145942675999478 0.2728218866927113 -52.13557472906522
0.25839225712262337 -0.12527558054982382 -0.9578828061808922 48.621866673797186 0.14871027398270661 0.9848953042069775 -0.08869325883647318 3.308472334320058 0.954525377279758 -0.11952936320816694 0.2731190865904206 -52.57167938409407
0.2606605326712144 -0.126393844855861 -0.9571210386832542 48.44288880464191 0.14850324504886867 0.9848434067008612 -0.08961166490919482 3.3476859037922817 0.9539407072336908 -0.11877735584022191 0.27547970310367853 -53.11397035362211
0.2640781171660709 -0.1282384900680448 -0.9559380930264738 48.14226294970719 0.14593142188030903 0.9850237925314091 -0.09182672952376673 3.6138631301027284 0.9533974869601947 -0.11525197530675006 0.2788372536908906 -53.648025266403955
0.2642555812272398 -0.1317231164906049 -0.9554150974169583 48.03832158909083 0.14626892011743706 0.9846440585839766 -0.09529680426411588 3.8267183709599415 0.9532965912023038 -0.11456482216316202 0.2794646860066412 -54.08823454554883
0.2642698286097482 -0.13624601625177238 -0.9547766653736863 47.91880513578083 0.14993641796597082 0.9837388497683079 -0.09887844064334833 3.8852276587334997 0.9527226922111743 -0.11702520460160806 0.2804007368639458 -54.50603459287626
0.26433018472111713 -0.13971154866054322 -0.9542589987085125 47.793625856175694 0.15407943635573104 0.9828602414759412 -0.10121893606512089 3.871676251594626 0.952044684212669 -0.12027646859102356 0.2813263058543801 -54.900397239473136
0.26388121153894917 -0.1419155029874116 -0.954058015116778 47.73147366066726 0.16095408749413073 0.9817274720248239 -0.10151331139648896 3.5878628649793107 0.9510312759923661 -0.12677208164094644 0.2819013150035897 -55.27977992939976
0.26458254272977977 -0.14313659612187338 -0.9536812847766741 47.59244224708931 0.16293550546437066 0.9813413267232187 -0.10208438433072292 3.528888427788166 0.9504988685641421 -0.12837879620777107 0.28296781714981173 -55.648523782062455
0.2618630442456564 -0.15066050640638903 -0.953272866427954 47.60984706486636 0.1663459588832845 0.9800033410227016 -0.10919007989530399 3.7858004458838854 0.9506612267372632 -0.12998024232056443 0.28168842465513083 -55.805028624097304
0.25714289240605737 -0.15193613436895043 -0.9543547264817558 47.9115403848364 0.16427936294165701 0.9800616628819829 -0.11176505652700916 4.005739814175152 0.9523076308612306 -0.12804119658150054 0.27697586209171265 -55.73366188860781
0.24595482772655855 -0.15964875286413832 -0.9560431467391649 48.612441884359455 0.16821784292774622 0.9784054025928824 -0.12010672544781056 4.201035194651533 0.9545726688098372 -0.13128268692399972 0.26749930107437675 -54.97814922778565
0.2550443485069548 -0.14598762269148272 -0.9558451727741017 48.10841946390307 0.15559662325708332 0.9818502844044674 -0.10844219587346957 4.217575294606088 0.9543280731099009 -0.12106871204302103 0.2731305472454295 -56.12790980228474
0.25517058066548 -0.14218289682943192 -0.9563848590457887 48.14408415852691 0.1599312612892187 0.9817106599019283 -0.10327716057948169 3.681024885604341 0.953577456961563 -0.12660254375055624 0.2732431691563525 -56.33277888515261
0.2539307535445431 -0.13736967921230916 -0.957417747713822 48.2632818766251 0.16260909010482902 0.9818371130487761 -0.0977454206360826 3.207066924457882 0.9534555344742514 -0.13086426048831054 0.27165619651918027 -56.466299324029734
0.24870364391965186 -0.14105310126803317 -0.9582538912646049 48.5618552709373 0.16311394558562364 0.98130876735686 -0.10211240798282353 3.4743851433859065 0.9547462166757078 -0.13090884512220852 0.26706279413687034 -56.52434792523083
0.24873202264980032 -0.13762643979338737 -0.9587446708995762 48.60335927654528 0.16388407148239406 0.9815612622112158 -0.09838444816473249 3.2191637064474943 0.9546069306384135 -0.13265161738977213 0.2667004994014536 -56.720287681931865
0.2455251676110599 -0.13833915561526694 -0.959468431003968 48.79615438617196 0.16263524226877651 0.9816144355775154 -0.09991435251260203 3.3736775236351164 0.9556501295148437 -0.1315118925781661 0.2635098709133523 -56.800183465068756
0.24957745319931998 -0.12978602799876213 -0.9596179874256451 48.644254709385265 0.1600850756601712 0.9828722076010139 -0.09129617777533863 2.937803007531671 0.955030818039616 -0.1308350505858942 0.2660795485052693 -57.151607953382964
0.2508179313484025 -0.12570596701256861 -0.9598376816793259 48.63148248682212 0.15725191326975438 0.9836537686135114 -0.08773311384784163 2.8352978335531023 0.9551765287563916 -0.12893127374640997 0.2664855072288521 -57.408616087753735
0.2537493660769839 -0.12028236306841429 -0.9597621644710772 48.52964037144649 0.15617919233386057 0.9843134677875266 -0.0820673931231953 2.523289690845139 0.9545780843375109 -0.12907033069908924 0.26855452078815567 -57.756534378547244
0.2575189240579372 -0.12455345671208545 -0.9582121060460013 48.24742435267215 0.15666316771755912 0.9839189060680025 -0.0857918303957046 2.733913313474215 0.9534886761953404 -0.12802352402201736 0.27289067712958176 -58.19720877832468
0.2633277330190727 -0.1246346199565956 -0.9566215116394314 47.90057403537571 0.15716028761622597 0.9839144613963671 -0.08492924497180997 2.6522229306029264 0.9518188635551519 -0.12797868636367368 0.2786795773235049 -58.72111521543948
0.26982688211200084 -0.12362823632565584 -0.9549395336212257 47.52628825919269 0.15575076221549378 0.9842679578423876 -0.08341634872175163 2.6169242928177754 0.9502290006935218 -0.12622458693845645 0.28483714626643575 -59.269179227339855
0.2788101747872083 -0.1250529772828335 -0.9521694383395348 46.94802867350971 0.15646044482406773 0.9841534317023994 -0.08343951146695958 2.5817769708144818 0.9475151796359681 -0.1257130690942241 0.29395783476262316 -59.94925896526147
0.28604499500217956 -0.12529114433035765 -0.9499896788842459 46.51106817646932 0.15405566880405275 0.9845309925318408 -0.08346002428471148 2.689313773609523 0.9457510833953822 -0.12247797310805773 0.3009219738732996 -60.537364535953465
0.29577939207978937 -0.12859864435295815 -0.946560584374551 45.85315105289469 0.1540604119778392 0.9843472119284828 -0.08559179767852154 2.8163258143958165 0.9427512612996753 -0.12051122370635814 0.3109615800684506 -61.270330195163886
0.30586473504071815 -0.1296247876343275 -0.9432095092232832 45.194781944340065 0.1538231003848884 0.984400653690924 -0.0854037868063354 2.8104544404410436 0.9395665051748342 -0.11896540439824063 0.3210327318357292 -61.99759842620455
0.3144874333056131 -0.13491761112175651 -0.9396248679670235 44.57857787510548 0.1573946739801497 0.9835580327705895 -0.08854667003976227 2.847073662263144 0.9361220918745216 -0.12004513476874698 0.3305519546498302 -62.69666443181532
0.32375460425702224 -0.13855453373362356 -0.935941022396303 43.92622571672588 0.16015488493059762 0.9829696702762633 -0.09011681391306002 2.8159123057341233 0.9324877313162065 -0.12071979331837936 0.34043114200366836 -63.415135633448216
0.3344041376374956 -0.14298001213455708 -0.9315205788714089 43.156797101336544 0.16316505181083363 0.9822814519364168 -0.09219715315156324 2.8046041653125604 0.9281977367988412 -0.12116049402213055 0.3518083229399532 -64.19732148173105
0.3436937068918188 -0.14559105079890142 -0.9277272669110422 42.49489123007111 0.16585997211729533 0.9817893285315253 -0.09262928279365297 2.7050311223126147 0.924318725057656 -0.12203671705223891 0.36158254133586315 -64.89824221755826
0.35358073696444065 -0.14820120746100315 -0.923589229341044 41.78322394717848 0.16584630556589489 0.9816586982053946 -0.0940276723514599 2.792279915083224 0.9205844151286869 -0.11992748786158403 0.37167422869682903 -65.62471524196467
0.364308509833863 -0.14962796813512286 -0.9191794062175157 41.006443613693065 0.16628526491161344 0.9815982747247525 -0.09388310673738784 2.760678668195937 0.9163124578089642 -0.11864357635010786 0.3824855310400008 -66.36856183068504
0.37465555633369724 -0.15385353735480964 -0.914309741363232 40.208258406658906 0.1674189155751157 0.9811518745163781 -0.09649821677445805 2.867781181221665 0.9119233086263012 -0.11691915230795255 0.3933519937761212 -67.12099643454279
0.38472370554268465 -0.15466741240512397 -0.9099811327348546 39.47294196552392 0.1636045481812516 0.9816777973660229 -0.09768446126688779 3.115354423089612 0.9084168768841288 -0.1112955241620115 0.4029790119765407 -67.8245787585971
0.3953322337615944 -0.1502162798941881 -0.9061718899876662 38.76876588204366 0.15518489612524342 0.9832783252265858 -0.09529629139792366 3.3593159581002823 0.9053342327359909 -0.10295049487181453 0.4120329145128857 -68.50787712643725
0.4051388388093787 -0.15042943434772435 -0.9017946033160832 38.04350857423183 0.1517659515977063 0.9837513495412897 -0.09591860200885821 3.560576514828031 0.901570639064866 -0.09800136507985371 0.4213859456824044 -69.1892574417731
0.41501315502354186 -0.15192055129257181 -0.897041931713544 37.27304074551602 0.14831111915352108 0.9840687319221364 -0.09804357596797715 3.861129826019615 0.8976457503340812 -0.09235191902781166 0.4309329761796431 -69.86757159012076
0.4250634330670315 -0.14663329237311123 -0.8932075657074848 36.584212147458004 0.14628968660866132 0.984947305974686 -0.09207677256044484 3.5695312135109716 0.8932639058314228 -0.09152858581355829 0.4401160216553826 -70.55837248084943
0.4330671159455492 -0.13892478154371718 -0.8905912520116256 36.082286777015256 0.13901953666311528 0.9865231246620139 -0.08628842873218626 3.551186936683209 0.8905764658425334 -0.08644090224035894 0.44654398317220184 -71.1028925715284
0.44146570831635157 -0.13046134438729512 -0.8877431306416296 35.533870875187425 0.13048666875445103 0.9881901687160333 -0.08033317951098382 3.5674807690861976 0.8877394086431604 -0.08037429983295258 0.4532755390138039 -71.70318569161194
0.4492488578168082 -0.12635585306592612 -0.8844261767645025 34.97329823807198 0.12763787537960464 0.9888705687506538 -0.07644325364176449 3.4437938360545006 0.88424206896012 -0.07854423374596453 0.460376766167001 -72.32539176231398
0.45692993203199744 -0.12409430109425192 -0.8808039745875148 34.37601866542356 0.1270662949380242 0.9891714073961764 -0.07344442443501871 3.282877453013378 0.880380141702411 -0.07836154175229888 0.4677502270125002 -72.92092678858405
0.46434262264298226 -0.12121533581935072 -0.8773213613945798 33.803297817631915 0.13171005249230688 0.9890256383781119 -0.06693839483616014 2.6381265699529637 0.875807279525302 -0.0844696927481682 0.4752120370292816 -73.50508875334985
0.4718836029282305 -0.1186442953472358 -0.8736414576180722 33.209768182127476 0.13681761256966307 0.9887545320723046 -0.060377282128423033 1.9549088646139468 0.8709803707192312 -0.0910384890474106 0.48280968024031456 -74.11259937343821
0.477666088284868 -0.121008485582039 -0.8701678312370402 32.68542403975872 0.13936326990640993 0.9883641692076821 -0.06094381041091661 1.8619834316333066 0.8674174237952716 -0.09215864280440585 0.48897218474349247 -74.65937622330128
0.48097212254879557 -0.12865309670849193 -0.867245177581416 32.3019321799615 0.14218552528478592 0.987526211438998 -0.0676406543465456 2.1513222128930196 0.8651295242507885 -0.09077644203346365 0.49326518612339687 -75.12472262139435
0.48560282619067874 -0.13348854455438666 -0.8639274875059695 31.835670563655896 0.14376907284678017 0.9870107236131305 -0.07169578206186059 2.3435010986169966 0.8622762601906668 -0.08939037949039103 0.4984867211532933 -75.6372435382665
0.48773872870629076 -0.1355954823323284 -0.8623948038404653 31.63837774070563 0.1491813850381132 0.9862789047977079 -0.07070244910287318 1.9957662956085582 0.860148735323189 -0.09416892864473594 0.5012747410351145 -76.0440282016407
0.4943583271082133 -0.13741945705473851 -0.8583272902812478 31.017325447530034 0.15067331259546318 0.9860247344047128 -0.07108288129799582 1.9548448169949966 0.8561001093857414 -0.09418660183325438 0.5081549829971418 -76.60695968408021
0.496293313810794 -0.1415396748579981 -0.8565392385102932 30.784226017285654 0.15554444599612774 0.9851524615089761 -0.07266741293429566 1.804536311119084 0.8541070611969312 -0.09716557015680974 0.5109402900434097 -76.97428481830617
0.501717346837727 -0.141968141406805 -0.8533022622187342 30.28980795428587 0.15281275801059688 0.9854725771195083 -0.07410843902437536 2.0403501103975223 0.8514270167614525 -0.09321398270073125 0.5161232300117493 -77.4684376493297
0.5061344825778473 -0.14102581853945317 -0.850846404500208 29.91138129034118 0.15007707518971475 0.9858909565252907 -0.07413429263267832 2.177677822437123 0.8492966248891816 -0.09017061798016082 0.5201581515317437 -77.91463765873159
0.5103757913252288 -0.14035423742166067 -0.848420438029949 29.53208233938213 0.14676344186777604 0.9863331880411075 -0.07488213605252872 2.4014429962181816 0.8473352605434702 -0.08629907419230873 0.5239994523215459 -78.33174530153936
0.5133819819212361 -0.14370049281974623 -0.8460432075266521 29.204301776518253 0.14792280671875585 0.9859417891489688 -0.07770219856719485 2.527246156586057 0.8453151979534433 -0.08525817716261727 0.5274213299970324 -78.72972926597373
0.5185918384723358 -0.1424071952600747 -0.843079293903036 28.723709200859435 0.14830754768566326 0.9860678187578336 -0.07533344615529802 2.352752185338003 0.8420613851551131 -0.08596771224318711 0.5324867848898459 -79.15717149446563
0.5220503106537452 -0.14075343295742682 -0.8412205086997269 28.419194498413997 0.14933967505858303 0.9861374531678424 -0.07232278280761875 2.092088613365178 0.8397387299629122 -0.08787146618977243 0.5358334357148075 -79.53031616786357
0.5199053561404485 -0.1427318062770493 -0.8422149678872755 28.636820653267534 0.14816067572633546 0.986065677169205 -0.07564981478598 2.3802837317797514 0.8412769073407336 -0.08545239485074875 0.533808067932176 -79.77590782052728
0.5210281098424979 -0.14148539876036442 -0.8417313055195078 28.55988043026408 0.14658586127392986 0.9863462668771699 -0.07505749191154296 2.4292873993353776 0.8408580700858704 -0.08427884524061663 0.5346538901161891 -80.07633995236756
0.5234405688833396 -0.14225902367930637 -0.8401025776825687 28.313274931731048 0.14699279296716983 0.9862579086561686 -0.07542185644010246 2.4277221468505394 0.8392872509831163 -0.08401016483123475 0.5371584519880817 -80.41381719168335
0.5247611615015001 -0.14086517381150296 -0.8395133865440453 28.218909245401324 0.1462998729172992 0.9864630983560287 -0.07407363070760196 2.37562260678985 0.8385833712660767 -0.08394973727701092 0.5382660782987743 -80.71600433481159
0.5258187128322491 -0.14154876996486457 -0.8387363274336401 28.128896368766494 0.1480238757674541 0.9862381248705501 -0.0736430122591588 2.2564587746658726 0.8376178206307563 -0.08543012801848744 0.5395350589058387 -81.0292139479394
0.529266651486009 -0.13853493716522147 -0.8370692222327946 27.839213465995464 0.14780549750218314 0.9865489857923623 -0.06981857589634366 2.0083067142450313 0.8354821042565302 -0.08677078895970408 0.5426237035463812 -81.369424588003
0.5314757723360134 -0.1372607129163457 -0.8358785797647494 27.6575829516391 0.1471820136967266 0.9867380205304537 -0.0684509582388623 1.9520458347201597 0.8341888025285491 -0.08664626667859618 0.544629659683208 -81.69148673255071
0.5349794549960678 -0.13407723147508108 -0.8341584254397288 27.365390202808666 0.14529683483512676 0.987217972411631 -0.0654943107022445 1.8523930709697995 0.8322774852890135 -0.0861624683226158 0.5476223301998834 -82.02784033884724
0.5367778499621004 -0.13306339419226493 -0.8331648533850302 27.223417136386875 0.14480064037014567 0.9873628384356257 -0.06440030919755453 1.802766798421899 0.8312053382519031 -0.08607414479609309 0.5492621662368169 -82.33164193152165
0.540342272814111 -0.1316283651875323 -0.8310861578008255 26.892921699338757 0.14444100363672296 0.9875378064505977 -0.06249701832214072 1.6912104219420776 0.8289553815969211 -0.08627313781704848 0.5526209560021258 -82.67198129670864
0.5439012801389498 -0.13068323611309632 -0.8289109055032515 26.55478779059089 0.14382344619213597 0.9877001192727215 -0.06134566581323966 1.6435798359589981 0.8267322503620078 -0.08585083684892433 0.5560066726431526 -83.010875154561
0.5464804714907786 -0.12931346757002365 -0.8274280158323337 26.33021095334113 0.14337232495509272 0.9878667628875437 -0.05969619099286515 1.55505876610414 0.8251081569807606 -0.08600747576287641 0.5583898668463734 -83.3240941903847
0.5505736280622971 -0.12914258436581502 -0.8247368507503698 25.920344091536457 0.1450965959502448 0.9877276548695366 -0.05780188275114602 1.3258021201404793 0.8220800799958425 -0.08784231730347379 0.5625549478626822 -83.68158963813224
0.5540694290889966 -0.12688930487547595 -0.8227430777935552 25.616461776288283 0.14518002947534497 0.987898094731963 -0.054590415518619206 1.0995122355528937 0.8197132588841853 -0.08919898392457196 0.5657859263681738 -84.02253037204345
0.5581399136355524 -0.12928853620155364 -0.8196122932300111 25.1650443618071 0.14886342756742163 0.9873615555857667 -0.054376819363899445 0.8803086858384204 0.816283968199656 -0.09166042198307121 0.5703322280058424 -84.37951542764903
0.5634445722876257 -0.13297836506015387 -0.8153814864132879 24.556544135992056 0.15477759134466545 0.9864764211719361 -0.05392742984189408 0.521429692822503 0.8115257920591051 -0.09581766485224483 0.5764068562440114 -84.77596486153598
0.5695287414560424 -0.13782923317898915 -0.8103333358172972 23.840747528406084 0.16231670350486077 0.9852869861418064 -0.05350553899280922 0.06827913831998389 0.8057855176278684 -0.10105769352645913 0.5835212439665763 -85.19823780013057
0.5741940177539943 -0.14195889505675752 -0.806318114697785 23.296756796599702 0.16892313664651726 0.9842040852153103 -0.05298388954197573 -0.34759343876958304 0.8011031168838553 -0.10578275265731521 0.5891042398075348 -85.58427656748248
0.5811403440201897 -0.14548247587523558 -0.8006939176522493 22.487481199902724 0.1739693756203576 0.9833556673183887 -0.05240503696277024 -0.6777153390761892 0.7949909162363796 -0.10884153970804478 0.59677714629133 -86.00687483515497
0.583165972641761 -0.1480942590524616 -0.7987399694446818 22.268484720804206 0.17601212534331245 0.9829202636487497 -0.05373534256708809 -0.7220275787566476 0.7930555970957641 -0.10925129630523675 0.5992720368669862 -86.34346350211578
0.5892784283673581 -0.15578375626036173 -0.7927687904719184 21.44923947684251 0.17521424350158332 0.9825233411673618 -0.06283194200000272 -0.03821226456832305 0.7887020367255712 -0.10187887586117181 0.6062753433203429 -86.75943726427772
0.5950657676330778 -0.160558466213117 -0.7874755304887557 20.72323742488465 0.17368277456381645 0.982377818319654 -0.06905154519148322 0.47025124864923884 0.7846853038072463 -0.09568072429078021 0.6124656504556981 -87.16362237830681
0.6000744966113596 -0.1664150573946478 -0.7824427309324047 20.057809004797452 0.17261125362815127 0.98201623204517 -0.07648186138376173 1.0428056248192665 0.781099195773201 -0.08916360620871605 0.6180080077881804 -87.55335155962366
0.6069069638980096 -0.1687357377464142 -0.7766544842974085 19.237962713241004 0.1708903978718712 0.9820515402257934 -0.07982007426293598 1.3728943633698252 0.7761832316452694 -0.08427943490152497 0.6248492360284886 -87.96019753374445
0.6137126591136017 -0.1740908077759604 -0.7700968527994551 18.34309806593079 0.17440225828153103 0.9811850258251805 -0.08282389391197344 1.3865568851076175 0.7700263789962095 -0.08347655805286468 0.632527501303803 -88.37936205140547
0.6203733822363983 -0.17796076259950175 -0.7638500072576915 17.49030004873794 0.17852291449700966 0.9803930913462597 -0.08342035387132936 1.1844469946844807 0.7637188197314932 -0.08461296245569129 0.6399798520050508 -88.7951171544307
0.6267236500666492 -0.18121236891683068 -0.7578783172770459 16.67371897884032 0.18107614313743886 0.9798286186295642 -0.08454175596088537 1.1305396551670512 0.757910876576927 -0.08424936478116968 0.6468950051595416 -89.19389731951546
0.6327797753059173 -0.18311508864798437 -0.752368673107296 15.926997167170532 0.18345348732936612 0.979425720922724 -0.0840837391039213 0.947540808221466 0.7522862313976553 -0.08481816730184066 0.6533538892094162 -89.57822375176922
0.6398138516651043 -0.18704750135615322 -0.7454203293806011 14.987470237498824 0.18459649371081122 0.9789383593554759 -0.08719990305088408 1.1084790114723888 0.7460310782582308 -0.08181027330860711 0.6608666351496592 -89.98493731878003
0.6463381577933999 -0.19343994871467324 -0.7381246317672231 14.040845673573921 0.18760687859870584 0.9779255758477339 -0.09200666935243586 1.2633646571884776 0.7396287209693012 -0.07900983700870802 0.6683612801271277 -90.39518666158375
0.6537588988973321 -0.19429137275699668 -0.7313345093626784 13.110914734956255 0.18647425466602283 0.9780351619773002 -0.09313739465320729 1.3977954606713585 0.7333666575862985 -0.0754856569702999 0.6756295295000531 -90.7982827717231
0.6623441588135415 -0.1948064333099396 -0.7234297953683151 12.024944309393941 0.18442461922438227 0.9782851046875102 -0.09458231214391369 1.6231343711197375 0.7261458359789195 -0.07077222257077395 0.6838885270297119 -91.2123976734396
0.6702518065702866 -0.19651858314079337 -0.7156416437502795 10.977963731687957 0.1860782774847761 0.9780003943388764 -0.09428734443869285 1.4878492977972524 0.7184270251302951 -0.06996910141867704 0.6920743705766723 -91.61926652025818
0.6776172105943545 -0.20186175439483808 -0.7071681186386757 9.894828991558917 0.18962070931756467 0.9770345171743899 -0.09719845085036269 1.474741112996913 0.7105483111683749 -0.06823037712371818 0.7003325732345493 -92.01573849354155
0.6867314818021606 -0.20131937879452114 -0.6984771861869196 8.716129947184488 0.18889956687426765 0.9772966493441653 -0.09595943317559619 1.4337442232890623 0.7019379071802027 -0.06604367420469376 0.7091695196220869 -92.41852064056155
0.693701504473681 -0.20360693869766666 -0.6908852561787059 7.730020539894875 0.19015015314482253 0.9769526301098839 -0.09698699799653991 1.426922327991859 0.69470939388348 -0.06409191084329523 0.7164293998814558 -92.79643267180793
0.7006438246296344 -0.20413370719896717 -0.6836868146992192 6.763435888356729 0.18995024727001175 0.9769857764449452 -0.09704481535006851 1.4288395433260448 0.6877624114259369 -0.061872628920014716 0.7232942991757273 -93.15499844359624
0.7059759543202184 -0.20103979793952886 -0.679103049298183 6.10647111337099 0.1868866998996342 0.9777605752016025 -0.09517152400826379 1.4812150897782443 0.683133452059172 -0.059726520289272333 0.7278471195600449 -93.48039109316228
0.7094016316866344 -0.20223498263520137 -0.6751668954850205 5.595301529914636 0.18907008578209275 0.9774425807091616 -0.0941196264281074 1.2450872896979426 0.6789711537485912 -0.0608852462847462 0.7316359471500515 -93.80402660724334
0.715407581061337 -0.1940555668456873 -0.6712186156060972 4.968466103586634 0.1825910281055832 0.9791992199981722 -0.08848391950132742 1.2318911759081161 0.6744275420053015 -0.05925643029385282 0.7359593508160059 -94.12208614196666
0.7207259908801709 -0.1883581063701151 -0.6671396179469934 4.359410254101208 0.1776262244546347 0.9804274552857528 -0.08491719088556074 1.2620299998456201 0.6700768392175539 -0.0572994649762755 0.7400768884768967 -94.42778634671397
0.7254643121731431 -0.18380004720312423 -0.6632639553083505 3.7954656231884094 0.17359906111206744 0.9813900895686369 -0.08207836546539816 1.2868581834979522 0.6660066799546059 -0.05559707496435494 0.7438710019292666 -94.73263089250577
0.7309261593325731 -0.1773201653751693 -0.6590178362947824 3.1593509056834295 0.1664147227425494 0.98281576108952 -0.07987064422269363 1.5696159650160766 0.6618557921918146 -0.05129072728427919 0.7478744357422543 -95.03905959144814
0.7354039931953891 -0.1783535672054128 -0.6537361637980419 2.4625497780243006 0.1661432233626839 0.9827513154498226 -0.08121749388093985 1.6783673448539305 0.6569455046827959 -0.04888616416479693 0.7523514782535614 -95.33652522415406
0.7389587664332559 -0.17839552592988717 -0.6497037616018855 1.9398865147810815 0.16702712311248508 0.9827127286601169 -0.07986008436105067 1.5252753911106356 0.6527188381349258 -0.049504840749025045 0.7559810772011467 -95.66712353854001
0.7418522285107096 -0.18372800040695192 -0.6449025452889429 1.3817107181553947 0.17220933379059566 0.9816768984392785 -0.08157458198506355 1.323077268395301 0.6480734652869945 -0.05054195224861931 0.7598988713334197 -96.02040941788532
0.7447284734858609 -0.1905161459317301 -0.6395960435452513 0.7588844823379597 0.1765170061994229 0.9804871630758908 -0.08652554285171807 1.4204824755764187 0.6436002231990076 -0.048461543338108065 0.7638260479425119 -96.34138938482474
0.7483552705220021 -0.18979590361371007 -0.6355642406975053 0.23291524640844252 0.17317719333128556 0.9808611616043975 -0.08900023239278933 1.8057880015530066 0.6402921589335915 -0.04346143839689666 0.7669009418305817 -96.66765566718595
0.7516455336082378 -0.19210001904342608 -0.6309727208765074 -0.32571100371178585 0.1710680030560989 0.9806891432071935 -0.09478682780818896 2.3661000171055133 0.6369966484505126 -0.03669314757629906 0.7699927809945739 -96.99446759597721
0.755389949756458 -0.19182633210665445 -0.6265689763445388 -0.8857913473383021 0.16586923451685692 0.9810263095766332 -0.10037318844812973 3.106863676800627 0.6339348711403465 -0.028107618699551078 0.7728755015675635 -97.31444474522965
0.7609654960798581 -0.18600133625667922 -0.6215585384231038 -1.5793856340734602 0.16120240759045854 0.9821861878333202 -0.09656125629096432 3.10325670966542 0.6284467340697818 -0.026716948556662908 0.7773936628869864 -97.6433278664198
0.7665806220406802 -0.1796476128138748 -0.6165070033032876 -2.2804157195840973 0.1570235117551409 0.983365463261742 -0.09130160141039537 2.9726663378476816 0.6226538096469072 -0.02681605627782934 0.7820378075629704 -97.9674631505769
0.7732520925195806 -0.16968820099552487 -0.6109722709395186 -3.0716663267238093 0.15259106397970504 0.9850094708577245 -0.08045066509437512 2.4377966678560687 0.6154650019356355 -0.03102026375594024 0.7875535376270494 -98.29151767047972
0.7793041608729485 -0.16439682334285313 -0.6046972046577429 -3.9016890011184993 0.15376893542863737 0.9856389625408001 -0.06979219167384604 1.5419824475262438 0.6074867400554954 -0.038594300049023436 0.7933916691398221 -98.62439943271532
0.7844443508228611 -0.1614508513763827 -0.5988160677970666 -4.657856562218962 0.15478647058104028 0.9859336652730726 -0.06305518381758758 0.9535590612075248 0.6005732336586145 -0.04322534292572122 0.7984005014663939 -98.92299683767047
0.7908793224414742 -0.15827722182404552 -0.5911499119395828 -5.643299702909607 0.14993124165515787 0.9866498429381844 -0.06358231047861164 1.3002074499009835 0.5933215992278195 -0.03834590567085106 0.8040516596637463 -99.20160234755696
0.7966705921754079 -0.15200094004401682 -0.5849886168026008 -6.440586219723317 0.14427044781395437 0.987707490334497 -0.060166032150130944 1.3889981025297848 0.586942932021884 -0.03646406125028752 0.808806754909162 -99.5004565561236
0.8033580621579497 -0.14659095920119442 -0.5771714776791188 -7.4528071154487625 0.139017147328518 0.9886137906389443 -0.057593451946715696 1.5322393385132835 0.5790423617616114 -0.03396856839743595 0.8145895160426285 -99.75643683284147
0.808178301656266 -0.14497474253241782 -0.5708153438369125 -8.24833250482296 0.14053499174648798 0.988702103683882 -0.0521350771159004 1.0149890376730153 0.5719246006483792 -0.038085091554642334 0.8194216112444598 -100.04199254969342
0.8124188559283889 -0.14632826203889238 -0.5644144242138792 -9.033267597503805 0.14224626909639787 0.9884894371640318 -0.05152311659139784 0.8553388099081651 0.565456984624085 -0.0384274946335675 0.8238821069764923 -100.31699539296059
0.8152577789051255 -0.14376476892320952 -0.5609692016065922 -9.47428079160239 0.14141700333493054 0.9887913088805284 -0.047885056647140475 0.6077031804154504 0.5615656552019982 -0.04029191852949893 0.8264505890848906 -100.60394533224964
0.8189538614822023 -0.13913645274031408 -0.5567365806934482 -10.02909032099988 0.1340965490177902 0.989701727527924 -0.050085986760394795 1.2580717723422778 0.5579719422201347 -0.03363834191938409 0.8291777696296526 -100.87845764543114
0.8215003056477109 -0.1376332088182808 -0.5533483059078622 -10.467048234603807 0.1312343322159857 0.9900172145987459 -0.0514146364955053 1.5501247446098994 0.5549007099189384 -0.030381155812841714 0.8313616466393756 -101.16926277319017
0.8236652311452025 -0.12990456803245093 -0.551996730250119 -10.68380428007508 0.12389461683291864 0.9911155330827897 -0.04837482818410979 1.7758243496810544 0.5533766447207042 -0.02854475934948819 0.8324418813294627 -101.47044740678342
0.8240862986376956 -0.13012325381099946 -0.5513163440487333 -10.756863672728823 0.12386434187454785 0.9910997259329846 -0.04877456373508591 1.804182603884205 0.552756182425496 -0.02809398642416281 0.8328693359208219 -101.82287162909083
0.8249763317672564 -0.12809738013983812 -0.5504590023109366 -10.880556440155246 0.12202501834616143 0.9913742181525245 -0.047823158407718 1.8402060296185192 0.5518368843430645 -0.027716796059078123 0.8334913510617604 -102.15084194112632
0.8255755568190247 -0.12888390111893286 -0.5493759550756862 -11.016578317747406 0.12367818215837498 0.9912236418845495 -0.04668403396376939 1.634062869024686 0.5505712553711436 -0.029404622111084792 0.8342701366808878 -102.49046932443783
0.8248517514337532 -0.13052768854232014 -0.5500746410083532 -10.926100614336674 0.12638291827552608 0.9909317666273415 -0.04562446555278849 1.362344918144927 0.5510416918208925 -0.031886618080551536 0.8338682734476432 -102.8436512165479
0.8232666922074845 -0.1339487265789285 -0.5516245934960028 -10.720461152436691 0.13095265017066762 0.990364657807457 -0.04504717504125531 1.0031127120837717 0.5523435135086007 -0.03515086362811297 0.8328751766448392 -103.20336021725944
0.8214553826138863 -0.13742801098759874 -0.5534659846554856 -10.47138704818955 0.1342801559609065 0.9898524697009475 -0.046485782149484435 0.8867528855801492 0.5542381203867056 -0.03613350277688477 0.8315734939783042 -103.57281284970965
0.8200113386824027 -0.1385849575021011 -0.5553157786218889 -10.237812696409907 0.13507410772340056 0.9896948134578368 -0.04753063893305878 0.9130423331463107 0.5561801775099694 -0.03603312044214961 0.8302802083490732 -103.93312512803347
0.8176425479009971 -0.138771863792489 -0.5587513164919833 -9.805981943599543 0.13473087777349266 0.989687573198351 -0.04864255370704642 1.0235733120778727 0.5597394522778878 -0.03550883377861901 0.8279075239948799 -104.28797357199534
0.8151541053265119 -0.13907313907390423 -0.5623010284157983 -9.340779564106457 0.1338215071494207 0.9897033747196196 -0.050784193336645606 1.2510487588232118 0.5635739426140918 -0.03385102741020943 0.8253717460330718 -104.68471743991826
0.8130284780389146 -0.13509334544821197 -0.5663342492851161 -8.839210672568615 0.130052855385923 0.9902699085133513 -0.04951528146872463 1.3995111465905885 0.5675129502519692 -0.033396052290186835 0.8226869118855221 -105.05874016970651
0.8104690810373896 -0.13596356360695158 -0.569783974900758 -8.394041099271899 0.13408826002324467 0.9899247570630163 -0.045489711778233806 0.8000327455142947 0.5702282062528545 -0.039533336882009905 0.8205345258236398 -105.41605722594383
0.8064783900881203 -0.1413781341952753 -0.574112209844327 -7.790315866442485 0.14441822899578147 0.9886835402443959 -0.040598428338175986 -0.30897442360073657 0.5733550221761345 -0.05017051346429207 0.8177694896021332 -105.80051150599608
0.8025163051722961 -0.14504667963415235 -0.5787305423594936 -7.156522888078682 0.15114105292535368 0.9877822360035874 -0.037982053082588875 -0.979323179612011 0.5771689198607471 -0.056988726629577637 0.8146338582356601 -106.16201692186588
0.7988274148570502 -0.14723170461293258 -0.5832645938419134 -6.539022263651937 0.15160665821828798 0.9875630056760003 -0.04165010208951878 -0.7183825190886705 0.5821427509268542 -0.05515555254871705 0.8112137095527665 -106.52770819875099
0.7950121469588348 -0.1504086364418189 -0.587650345249296 -5.930609996642374 0.1516908306734751 0.987287057539108 -0.04747797284384855 -0.24823854904850073 0.5873206773794835 -0.05139560389257886 0.807720814281161 -106.89145366358406
0.7913533093840417 -0.15223527954408997 -0.5921016461631042 -5.316753752390921 0.15090746389243062 0.9871728588585342 -0.0521218195636267 0.18291227654644404 0.5924414545492912 -0.04810578338621352 0.8041759487427604 -107.24345638622657
0.788043116218136 -0.15054235843901997 -0.5969296820370279 -4.671582524119679 0.15006171185472988 0.9873653921849733 -0.050902504365128304 0.13743537029420627 0.5970506926689204 -0.04946292178017299 0.800677144517396 -107.59104293410948
0.7850256963547352 -0.15011895554596572 -0.6009982988732594 -4.119819420514868 0.14973293802553606 0.9874073967379785 -0.0510556572513699 0.17451072410442348 0.601094587675687 -0.049909238152037 0.7976179314772701 -107.929286266408
0.7829233259089255 -0.1476531529300672 -0.6043422971938308 -3.6816277320870174 0.15024885249331704 0.9875478775391802 -0.04663123301288628 -0.23827970087277628 0.6037022014802893 -0.05429305662486525 0.795358985572038 -108.27226572354753
0.7793479649025897 -0.14541677924119506 -0.6094839701889702 -2.989264728367149 0.14935345229708963 0.9877732335343975 -0.04469435534764629 -0.33250150185656535 0.6085312612258577 -0.05619608018463783 0.7915375573418794 -108.59748290739348
0.7758845920089996 -0.13898706873653985 -0.6153744344763217 -2.2005742601642626 0.14749267356752868 0.9883608712100738 -0.0372652586837433 -0.8341729502747592 0.6133914012495862 -0.06184968055607266 0.7873535456757537 -108.94027351388203
0.7729269773839795 -0.1420730456405981 -0.6183842958342893 -1.7817791647561705 0.15052648201706684 0.9878438630291951 -0.038810829508302294 -0.9246152578613848 0.6163811043856156 -0.06308527544491964 0.784916926928199 -109.23855665331281
0.7689198985366621 -0.14520662863647127 -0.6226373138789542 -1.165686430551713 0.15285907446112562 0.9873763979477507 -0.04149641105701851 -0.8572950645757914 0.6208029421557676 -0.06326834734489997 0.7814095105864708 -109.55930117171427
0.7652355931419782 -0.1433466389235964 -0.6275876258324035 -0.4933018953332554 0.15154060277417725 0.9876085946478903 -0.04080085156535454 -0.8271663313437758 0.6256595981038601 -0.06388274326394533 0.777476084785628 -109.85972542623156
0.760177695531383 -0.14601540761250548 -0.6330950733944704 0.30566159729524 0.154805753109428 0.9870613931709459 -0.04177301659749256 -0.977885820893706 0.6310032092000949 -0.06625184413422348 0.77294608034972 -110.16681068733489
0.7540351223589237 -0.15336878624609485 -0.6386775787943105 1.1621070861387135 0.16445621159759855 0.9854690008181745 -0.04248532562420478 -1.5935129847723417 0.6359128782436544 -0.0729990673353331 0.768300688176213 -110.47258529527662
0.7485931432981844 -0.15649035061790376 -0.6442973505846733 1.991902616229417 0.16998818020418396 0.984566314132203 -0.041631618596904715 -2.0585461121397053 0.640868414261316 -0.07835778991021769 0.7636411018027857 -110.75954458491319
0.7437542978891789 -0.15603252456898278 -0.6499872272960479 2.8050407537549558 0.1716533482676669 0.9843498202667675 -0.0398818175273096 -2.328381846233838 0.6460376710377449 -0.08191021070301518 0.758897914730772 -111.03003484405237
0.73777105381358 -0.15783449125811944 -0.6563399618521565 3.759115895880856 0.16800267284891712 0.9846205571443953 -0.04793183038733579 -1.3765805528019501 0.653811114979257 -0.07490415087264007 0.7529411624500479 -111.34974667441183
0.7306210319543144 -0.164081740684296 -0.6627745393721942 4.78727164476437 0.16605212463351518 0.9842520258914675 -0.060618820783955175 -0.13919922623226666 0.6622836247188273 -0.0657657350187252 0.7463613525141415 -111.65994346677645
0.7240020627063805 -0.16427535155749579 -0.6699512087216257 5.877546500248458 0.16215841510361767 0.984543388147195 -0.06617375058680261 0.6259458121925214 0.670466749069623 -0.060728294281189144 0.739450074491651 -111.93647152814462
0.7168505667613813 -0.1702054938461847 -0.6761326458606054 6.883361221734285 0.1645587266486441 0.9836511404111747 -0.07314956904570423 1.06680346618079 0.6775291066940692 -0.058826217219636 0.7331396768351613 -112.20419909021703
0.7102293450231408 -0.1687766315326555 -0.6834388971345504 7.987946298734528 0.16525988870067057 0.9836778497578003 -0.07118326406194429 0.8493900521799455 0.6842977763040314 -0.06238859306284084 0.7265288822896148 -112.45344218333932
0.704458360392767 -0.16367619087280055 -0.6906145980314239 9.063054170839385 0.16412724015846725 0.9842389314447282 -0.06584811968845126 0.47650711922432254 0.6905075434133211 -0.06696140955737374 0.7202190653678854 -112.70450447441509
0.6984576608454641 -0.16384909264690317 -0.6966422115010467 10.006945219970369 0.17164318775523685 0.983378940771555 -0.059198605931516254 -0.6376850955684895 0.6947629179104935 -0.07822617008265832 0.7149721352687082 -112.94090952976842
0.6915503946047691 -0.16042445950414091 -0.7042883248462893 11.203816992348287 0.1724079926078384 0.9835037170539382 -0.0547350219331524 -1.0843486086884189 0.7014510216735904 -0.08357291028731374 0.7078008426522144 -113.17558860542276
0.6857512450009504 -0.15809628451580274 -0.7104581583752451 12.167856566449021 0.16810926520861638 0.9841344278329326 -0.0567336135369979 -0.5890917319164093 0.7081557066992156 -0.08052945284953016 0.7014488593568955 -113.40748022927247
0.6782079977616154 -0.1544867114907724 -0.7184481663592351 13.462695543048133 0.16245306534637757 0.9849838294388091 -0.058445336029698015 -0.01774232058946723 0.7166888539190114 -0.0770760125903357 0.6931207506282209 -113.6148401409529
0.6713596020183942 -0.1548514135176405 -0.7247739816724191 14.518415753315667 0.16230146250478752 0.9849098266558494 -0.060090503622051344 0.14481585544226383 0.7231421160785135 -0.07728954061406645 0.6863612801325233 -113.82460085601423
0.6649370964570194 -0.15679849944436924 -0.7302553583009869 15.451041300340208 0.16438338473800473 0.9844648307251173 -0.06170170084724803 0.13450502260955766 0.7285854518019047 -0.0790140977127519 0.6803822541669161 -114.02675995370917
0.6594490286733462 -0.15227743183360445 -0.7361647657528456 16.408953603370424 0.16189696676316226 0.9850581013115587 -0.05873592761976765 0.055235965498874995 0.7341092226192691 -0.08044949219621583 0.6742488624170627 -114.22928231303462
0.6555979910011952 -0.14649493366257077 -0.7407634633311742 17.13180978018992 0.15631931502498841 0.9860799648276671 -0.05666193356729977 0.2741474254758065 0.7387526960663597 -0.07864818737050239 0.669372031592312 -114.45253141552658
0.6507661843582699 -0.14666291827208577 -0.7449787659387975 17.861306161392736 0.153956870844561 0.9862736223299406 -0.05967934161775646 0.7255828493290873 0.7435056524435638 -0.0758573022199788 0.6644132859029668 -114.66287787740396
0.6465359979582825 -0.14889840025188358 -0.7482115140429995 18.43957189745527 0.15348255090814275 0.9861015805086555 -0.06361430251964612 1.118831504196923 0.7472846244308906 -0.07370847523020371 0.660403475739204 -114.88498131458552
0.6421594111742702 -0.14918282122806367 -0.7519147401738779 19.088680014859396 0.15629316784936517 0.9857566702285729 -0.062098573119570996 0.7661731111447967 0.7504690109017993 -0.07764195354518162 0.6563291786335292 -115.09952501994485
0.6383010747901752 -0.14861894863079825 -0.7553040090119894 19.683902747175036 0.1587124680281967 0.9855128218527155 -0.059789885903022734 0.38155080158494836 0.7532476952597371 -0.08171221494840276 0.6526415735410366 -115.31735908388737
0.6348340845249639 -0.1494547517724255 -0.7580560416605052 20.18441989657441 0.164739923139211 0.9847355362779362 -0.05618435116197604 -0.4009302410015574 0.7548817409696952 -0.08921435290382401 0.6497648469919822 -115.54400279449005
0.6322581482223278 -0.15172203467572007 -0.7597565782540698 20.498103577268928 0.16818145135628806 0.9841314445328588 -0.05657118790834298 -0.634221889811348 0.7562834345839962 -0.09200936949859043 0.6477419567222015 -115.78806194023346
0.6290006161905695 -0.15096374675207638 -0.7626061709679899 21.010495893169008 0.163995607888866 0.9846555815082287 -0.05965589994169171 -0.038605918296941044 0.7599103009073145 -0.0875404647649689 0.644106358921947 -116.01457277968137
0.6277490220864429 -0.147153883358495 -0.7643800755396681 21.279018774370336 0.15686213285926492 0.9857382890915716 -0.060945030098143525 0.6141865185201825 0.7624470057285009 -0.08164410591913995 0.6418791190125345 -116.27621877994116
0.6266397961024868 -0.14223707608044733 -0.7662187547487459 21.545111616154276 0.1514694681884431 0.9866824077028589 -0.059285972509519495 0.88190604870515 0.7644472291449188 -0.07890779757270071 0.6398390370514148 -116.52084697110749
0.6250730546171002 -0.13621882749176198 -0.7685883862174977 21.91104561502725 0.15003486099554877 0.9872615018312596 -0.05295533483920334 0.4043069081782651 0.7660112380883809 -0.08221409878272326 0.6375481355032344 -116.75694581637853
0.6214421249937206 -0.1346705546090848 -0.7717988902587061 22.50072755525799 0.1531607362270179 0.9869908538140574 -0.04889625104029726 -0.2108807579735983 0.7683433309150842 -0.08782309610051006 0.6339839348356028 -116.9599040308643
0.6191570142654366 -0.13798666451041575 -0.7730486867611895 22.75844393907382 0.16084806442784855 0.9858526158002112 -0.04714361133489206 -0.9585922300181478 0.7686172596655142 -0.09515408733822556 0.6325924500079847 -117.20238470990796
0.6170262996165111 -0.13909511740666258 -0.7745521892649856 23.042384649117146 0.16902812398457256 0.9847081034471761 -0.04218346012030617 -2.0488438848567645 0.7685753306500354 -0.10489279917655092 0.6311017840230657 -117.42146246916046
0.6105337892575613 -0.13654579129866237 -0.7801305910252629 24.106973340727663 0.17080170235135902 0.9845469065917992 -0.03865445891998559 -2.507004931467333 0.7733532638120058 -0.1096477797273672 0.6244214071860263 -117.52749199114984
0.6071330979480614 -0.13524229597943221 -0.7830063363435837 24.64707622897321 0.16628186617307616 0.9852157020953066 -0.0412354377550593 -1.9307351900837884 0.7770069126835288 -0.10516435576308086 0.6206454027211893 -117.73433132268417
0.6022352970472502 -0.14051099432279157 -0.7858557803215745 25.25069032038532 0.16180447122486763 0.985441305104318 -0.05219911192673271 -0.5958810558023742 0.7817492949034565 -0.09571883131713957 0.6162028442398085 -117.92111751464401
0.5976257361329939 -0.145765844489089 -0.788413468994461 25.80903618559767 0.1601754723287325 0.9852181425949247 -0.06073738194945601 0.3088559793364216 0.7856126892914629 -0.08998627718818782 0.6121398307103091 -118.1009416626316
0.5944708778207308 -0.14653121762193685 -0.7906535130417636 26.25636104677746 0.16468873549752158 0.9846003091367315 -0.05865024849120411 -0.2530844389950566 0.7870717856862086 -0.09534586257455112 0.6094482510161446 -118.29601466189483
0.5905698836729955 -0.14430708766291286 -0.7939790154334766 26.887051694663118 0.16855773981052832 0.9842381584463058 -0.053512015549695605 -1.0391493017330036 0.7891866071142052 -0.10222872350016417 0.6055854912752584 -118.44514074867332
0.5880873225024204 -0.14251264311599482 -0.7961428563166457 27.27958841033405 0.17201310424845023 0.9838724543803572 -0.04905594233509216 -1.7379479467350136 0.7902941180843661 -0.10809782635957665 0.6031169595174627 -118.62447548257072
0.5844350965380366 -0.14283338151679367 -0.7987704570519957 27.806462685497657 0.17290597461201304 0.9836991251722023 -0.04939185235354046 -1.7777326743697337 0.7928046051064827 -0.10924585236942452 0.5996050382226888 -118.78449004644057
0.5813799952104493 -0.14182529097526742 -0.80117594073267 28.26503052231696 0.1736471529742375 0.9836318294544216 -0.048115385773048726 -1.9690398442771064 0.7948861348853933 -0.11114859838940058 0.5964914262946551 -118.95826506257438
0.5756769412218273 -0.14755685497021323 -0.8042530906976858 28.998626909338824 0.17832349905499653 0.9825634284680103 -0.05262925728120876 -1.966676059633802 0.7979954818357452 -0.11311977540858398 0.591951963744735 -118.9810515725047
0.5701653573881416 -0.14833649279203123 -0.8080270726532699 29.809586080924127 0.17957752826615878 0.9822819054582661 -0.05361128193855445 -1.9645212719420946 0.8016628821245686 -0.11453620875268176 0.5867010144087808 -118.97416113370315
0.5634866806158795 -0.14859604299849616 -0.8126512024070884 30.798849601825673 0.18292183972951043 0.981715399814803 -0.05267327896032804 -2.333060141611382 0.8056192409063161 -0.11897096188419391 0.5803650135129448 -118.93099827197176
0.5574891999702568 -0.14883736463531325 -0.8167332678451013 31.670541172504468 0.18531576987429557 0.9812846457600952 -0.05233076945145597 -2.5596394633413113 0.809236589232358 -0.12217971551734404 0.5746375029213467 -118.91580242595974
0.5509886298397333 -0.14901400103496265 -0.8211006986252573 32.61090089458504 0.18792095436784445 0.9808121357150277 -0.05189671804271269 -2.815258990780787 0.8130788674518677 -0.12570752535022894 0.5684191880764667 -118.86751756261559
0.5446973388974791 -0.1471563414334558 -0.8256208695121053 33.565348588126824 0.18734946676587183 0.9809559622317123 -0.051240388997339494 -2.8106028462267663 0.817438062669306 -0.1267691261229459 0.5618937643020043 -118.81543307476333
0.5377567997356894 -0.14653473464206723 -0.8302681469750653 34.570539556002466 0.19118208366719236 0.9803212053560322 -0.04919090580551212 -3.3190799406491545 0.821137646940329 -0.13227965025911975 0.555189210003783 -118.73037708653129
0.5303124745955345 -0.14510433149818766 -0.8352924112362237 35.65806107700049 0.1939323007757955 0.9798836848538439 -0.04709805593714959 -3.738288251918382 0.8253235377742276 -0.13701349253893408 0.5477849585906102 -118.61436830714025
0.5214556994051117 -0.14680845866338843 -0.8405541208172177 36.86591556812038 0.19713262391073422 0.9791653866323904 -0.04872242000466125 -3.8487693792980426 0.8301943640786745 -0.14029405577543821 0.539532108188274 -118.46017115282935
0.5129362922589561 -0.15156251202737395 -0.8449409239891195 37.936219524209484 0.19981871570074297 0.978333431301275 -0.05418651173473704 -3.552968708339403 0.8348465972496626 -0.14104078185484248 0.5321077493463464 -118.35570723337304
0.5043761186378979 -0.1547385301906423 -0.84950616137978 39.04345752439854 0.20129764677793768 0.9777764711960806 -0.05858694203493301 -3.256042692473278 0.8396927940320994 -0.14145373678266565 0.5243156034305927 -118.23211432990408
0.49664639775665553 -0.1543108524205761 -0.8541255858599326 40.114494493224484 0.20173119883358695 0.9776425518403415 -0.05932591548614186 -3.2198569451240573 0.8441841499415288 -0.14283977617015586 0.5166719649169655 -118.09826326723663
0.48773312680653497 -0.15485056989483 -0.8591494037818842 41.31672043022832 0.204651337550828 0.9769996583216882 -0.05991241672610237 -3.4036784285542745 0.8486661458159962 -0.14660480429560097 0.5082054744916381 -117.91095923544513
0.47715885156880417 -0.15845012211101706 -0.8644148247066009 42.657145683112624 0.21097289408337372 0.9755010400531667 -0.062355102576096846 -3.6976570293365376 0.8531177341560926 -0.15261480812225842 0.4988976368055683 -117.6535443336552
0.4674199662022152 -0.1601962165668529 -0.8693996476840705 43.917089664872755 0.21529313223276408 0.9744627535646581 -0.06380602736881522 -3.922091728629842 0.8574190588090081 -0.15735156215573587 0.489972492573026 -117.42606174544312
0.4576815916641227 -0.16218041317402493 -0.8741996764095133 45.16029019946635 0.21896064850945834 0.9735011832077192 -0.06596726989566873 -4.0244383820426135 0.8617330184321085 -0.16122332298979922 0.4810646994615321 -117.19548906592003
0.4493946934964064 -0.16038952345886792 -0.8788171654115026 46.28834696641411 0.21913471513199528 0.973486174887235 -0.06560978530249328 -4.069042060557288 0.8660394829805916 -0.16309465983917817 0.4726264337197535 -116.99032413642847
0.44074458621087187 -0.15889027372473052 -0.8834580299264293 47.45438027980657 0.2180456539505487 0.9736814052774052 -0.06633712241494272 -3.8982942132015883 0.8707469796209947 -0.1633964563039778 0.4637901417109007 -116.78652640217945
0.4302593394531019 -0.15653380618310686 -0.8890298467066278 48.8809392493763 0.22135476295970208 0.973077526001679 -0.06420434023884955 -4.386049593086368 0.8751451135259996 -0.16916647396065626 0.45332519713698255 -116.43598091450295
0.4210202776065872 -0.15361829094873575 -0.8939481788840233 50.13866043672933 0.21904943010270855 0.9736032245778081 -0.06414131479298293 -4.189446890077748 0.8802041087246473 -0.16881404496570626 0.44355669897608996 -116.1719820590273
0.41010619843085766 -0.15322850530983012 -0.8990739297572283 51.54804894074034 0.21785526527113697 0.9737077750672662 -0.06657516178873965 -3.863107231495646 0.8856364882965431 -0.1685651029545252 0.432705230686778 -115.84964946181705
0.39903093133789513 -0.15496647449832135 -0.9037475906563587 52.91432861614978 0.21643614458403077 0.9736827435423581 -0.07139544975295842 -3.2899721920258806 0.8910273346835172 -0.16711465139055826 0.4220698782635402 -115.53255818898884
0.39026463241602416 -0.15182554659719297 -0.9080982986910883 54.09784975433154 0.21323614220114304 0.9743977469548303 -0.07126975788175804 -3.046329255059587 0.8956695062043584 -0.16582531209020562 0.4126476723862943 -115.29226091141336
0.3796013542960885 -0.14794927748487943 -0.9132435727166536 55.53206575072049 0.20914802949907355 0.9752981779290937 -0.07106733345810129 -2.711992056248677 0.9011991531139109 -0.164025837659475 0.40116780903616556 -114.90901261644119
0.3699179102768789 -0.14915742936769888 -0.9170129775094826 56.71203779472886 0.20475481025100956 0.9758481620392729 -0.07613036400573447 -1.8584991233381958 0.9062208380607124 -0.15960083304604797 0.3915244139968126 -114.66202004788386
0.3603775952925428 -0.1468901679876099 -0.9211684250774861 57.95262364868196 0.20169308899508792 0.9764333814485514 -0.0767968062133289 -1.5479448884048672 0.9107402959476341 -0.1581174567893115 0.38151144569422346 -114.37289545279783
0.35073772546563964 -0.14262237792034851 -0.9255495152889092 59.24610422578524 0.20490875164028985 0.9760731294492169 -0.07275747018987334 -2.22938933979247 0.9137808552582 -0.16413440615409552 0.3715702427267754 -114.01789196076517
0.36866882019183106 -0.1371562435474482 -0.9193864616548997 57.07895355257197 0.20377455294152058 0.976921934567349 -0.06402706720342279 -2.939740596166527 0.906950512757916 -0.1637427818779847 0.38810960924848537 -113.94309646603236
0.35879373131457215 -0.11959501479474212 -0.9257235498817193 58.70817634998097 0.21373889239268984 0.9759333787238098 -0.04324033038119661 -5.8058781059435836 0.9086158397519344 -0.18234876673280326 0.3757208844646687 -113.55321534558746
0.3572286997964106 -0.13097190498139832 -0.9247886332277823 58.62353922009581 0.2227656551267267 0.9734938139235985 -0.05181946688693875 -5.729456289644925 0.9070629079274085 -0.1874997449545728 0.3769359716241525 -113.41835707784766
0.35355587484764006 -0.10672235886277695 -0.9293054295975487 59.58668179913077 0.21612837220785577 0.9759086174904995 -0.029847898327426237 -7.311773027916737 0.9101026151415579 -0.19029636997732371 0.36810395472739915 -113.16335596783487
0.35063617957003723 -0.1094160235585231 -0.9300980611554727 59.8706305354744 0.20949272285819986 0.9771482099944289 -0.03597464070898884 -6.144347911053511 0.9127798577126832 -0.18223476477698783 0.365545375925739 -113.01970855788439
0.34663037104356503 -0.10607667262319967 -0.9319845092035547 60.40836333327106 0.20368811300318557 0.9783883241943283 -0.0356011193842907 -5.682036703472131 0.9156192104206868 -0.17749373680612907 0.36074566512044837 -113.02246921506365
0.3418100761740926 -0.10845762483881136 -0.9334895904294729 60.9350187351196 0.2075141565319177 0.977509602235797 -0.03758792858965401 -5.802948469188201 0.9165717356894156 -0.18086437225484134 0.35662912413900577 -112.50900078728884
0.3371748563013564 -0.11285896591149308 -0.9346528607411139 61.394146363322726 0.21799839536217613 0.9751652427330513 -0.039108170308846724 -6.55508981135136 0.915854691475496 -0.19056653215813593 0.3534042740595339 -112.24259928366
0.3311278345293804 -0.11533526618448348 -0.9365106158362744 62.066181621572504 0.22161679571111487 0.9742450605276535 -0.041624006248882184 -6.6235263719519795 0.9171915574505805 -0.19376361477744822 0.3481598893177607 -111.91042914302788
0.3254135248881527 -0.11630387819642656 -0.9383919467559058 62.72201742589972 0.21727753637592534 0.9750488268176727 -0.04550008250419675 -5.8823989648606085 0.9202698028329933 -0.18908514811573923 0.34256429579828207 -111.62655716411103
0.3193925500652379 -0.11885937964976223 -0.940138738076513 63.372086942326376 0.21407032815852872 0.9755065544225663 -0.05060490965027814 -5.113368095026199 0.9231263692284629 -0.18509297703556093 0.337013792428721 -111.32609978681874
0.3150398799648096 -0.11979384727224593 -0.9414878162713909 63.85105833845205 0.21637313649420223 0.9749436581232205 -0.05164812957866059 -5.21133945784381 0.9240847038207156 -0.1874414512348499 0.33306630349459504 -111.0762074156325
0.30988704900636477 -0.12165537996216114 -0.9429581037269837 64.40541817796033 0.220881148388326 0.9738567161715758 -0.053052941993533796 -5.466735953334948 0.9247602581992702 -0.19184124919781234 0.3286569639630988 -111.01283006901618
0.305487503019045 -0.11677864201116142 -0.9450080075159247 65.01321243003181 0.21970941528975765 0.974315033474557 -0.04937598989899494 -5.715087679733946 0.926501569524964 -0.19254340891212518 0.32329843388466384 -110.43673998699356
0.30197860845291574 -0.11436272823667998 -0.9464301804291239 65.46309984456647 0.2185652193310174 0.9746394321681198 -0.048033552458561155 -5.740685116324569 0.9279214217462731 -0.1923516146364994 0.3193159742498123 -110.20387260393993
0.29860177555338935 -0.11402400253818838 -0.947541823077765 65.85276026221584 0.21759554559323246 0.9748215523668835 -0.0487351985632878 -5.586074306277202 0.9292411733098931 -0.19162846314206772 0.3158945614274839 -110.01120200213776
0.29560310219410124 -0.11167075264345906 -0.948761534305258 66.23527830028324 0.21671761232343828 0.9750903261366531 -0.047247564842470086 -5.653843040050681 0.9304043650381546 -0.19164680764040629 0.3124407442047043 -109.80359841472804
0.2923005688903825 -0.11090453990443207 -0.949873970827154 66.62665647873246 0.216228598140986 0.9751952784391371 -0.04732190038447355 -5.606192742298922 0.9315608250524186 -0.1915576987192117 0.30903086785798106 -109.60230056287162
0.2900865515541192 -0.11346438503374945 -0.9502502964673847 66.82900111496417 0.21465490023209977 0.9753609495696807 -0.05093419147172622 -5.1192311579792005 0.9326162482038294 -0.18920055862349938 0.30729478063053584 -109.5439514372549
0.28716483173302826 -0.11385930447074512 -0.9510901209670825 67.15253852339457 0.21405223917284416 0.975429476560419 -0.052143793131672125 -4.953076024174765 0.9336583948751455 -0.18860910646759677 0.3044808805765341 -109.39625891295736
0.2839974168801025 -0.11738831149053286 -0.9516120278405642 67.44150887052614 0.214380150468246 0.9751258234080914 -0.05630967597050969 -4.578454128034046 0.934551559995831 -0.1880149271948725 0.3020989388615347 -109.27131376351274
0.2823044115996638 -0.11922803666906384 -0.9518870176987435 67.59490335948003 0.21780971813669142 0.974299604122926 -0.05743873336978224 -4.764328959444035 0.9342714519220754 -0.1911150351959528 0.30101810152458786 -109.20271543228802
0.2800173640653997 -0.12027333732765676 -0.9524308899599662 67.83177454792941 0.21872381654874978 0.9740199605280802 -0.05869419534524914 -4.72113149294182 0.9347460446004648 -0.19188392538444984 0.2990491452635179 -109.09538645214026
0.27876970648453786 -0.11822524985369964 -0.9530531155416023 68.01440913428327 0.21746906735050986 0.9743861271836514 -0.05726150450123148 -4.751052301988064 0.9354114899295517 -0.19129679936965865 0.2973396695005571 -109.01718266618448
0.27745624776158084 -0.11816506898136589 -0.9534437828475747 68.16318480140363 0.21730405602485184 0.9744073163439955 -0.057526768468610004 -4.711118503393524 0.9358402522937407 -0.1912260398793063 0.2960331465543439 -108.95942583401927
0.2766170992874005 -0.11796027957860947 -0.9537129299865662 68.26089924742345 0.21298058528498806 0.9752822126365897 -0.05885470249981972 -4.2127336871613945 0.9370817737388176 -0.18684212093747662 0.29490298603116416 -108.95484456860217
0.2752247895420861 -0.11397897190914286 -0.9545994496038898 68.49677009683649 0.20991492600661849 0.9761131026261063 -0.056026196741099765 -4.221084447431336 0.938182838822556 -0.18496487462264652 0.292576410694161 -108.83947815101409
0.2741002538683904 -0.11579191424599539 -0.9547048148116422 68.58710678340454 0.21068124856946668 0.9758405250183757 -0.05786779098144011 -4.109258417895904 0.938340270014292 -0.18527682620098257 0.29187332071019506 -108.82772266655601
0.26993135179748884 -0.11604337932635346 -0.9558613913278956 69.05181091296924 0.21817743093560066 0.974262642468306 -0.056664910844500246 -4.869997489581995 0.9378356326921694 -0.19325174670670897 0.28830207846577255 -108.53426854763536
0.26932202271047745 -0.11525538285282495 -0.9561285712740656 69.13417274893199 0.22021338456940331 0.973879217341594 -0.05536547016519314 -5.170745980666378 0.9375349131310392 -0.19564116835056353 0.2876678986379977 -108.50137254832865
0.2657372770102895 -0.11668538337631282 -0.9569577947399139 69.50565895217787 0.22179661528156344 0.9734195513410382 -0.057102000986425386 -5.139754935225386 0.9381843960846921 -0.19707586958665052 0.284554284047643 -108.30009181903108
0.26188853293928127 -0.11742970012650546 -0.9579272737755773 69.92005768139057 0.2174531614599397 0.9742262348569715 -0.05997804504555404 -4.487292101167507 0.9402810850410575 -0.19259675190565423 0.28067413893945325 -108.09368346403106
0.2581414684103345 -0.11727538797383444 -0.9589627029569726 70.33865248727501 0.21201076869559823 0.9752858521306578 -0.06220080860309064 -3.8040704886483465 0.9425573808761235 -0.18725381173520445 0.2766253671422395 -107.88766553446176
0.25461609437080457 -0.11621048387985182 -0.9600342535158671 70.74891013678517 0.20830915504620917 0.9760383048268041 -0.06290090170063606 -3.41748749553294 0.9443399496004031 -0.18396834224189063 0.2727227688358247 -107.66445854298775
0.2500381765667827 -0.11779126169715037 -0.9610442908248047 71.22054336710617 0.2092273233581735 0.9756942220362197 -0.06515145620406561 -3.2799059872599186 0.9453596339063419 -0.1847863732879928 0.2686059545645589 -107.39712075225874
0.24640871447155746 -0.11695411803596881 -0.9620834057954141 71.63479500877683 0.2100775675810487 0.9755359532639076 -0.06478440775919009 -3.3881182334843594 0.9461237556639747 -0.18614869906584836 0.264949996800128 -107.15217649963341
0.24243708657688515 -0.1159486515431693 -0.9632134598610179 72.0881948032593 0.2106987285315967 0.9754282967315733 -0.06438698417002048 -3.4803428700385393 0.9470112485326035 -0.18733805844158485 0.260910227879355 -106.87985316893534
0.23844767953785326 -0.11511149622035449 -0.9643091037426353 72.5393818451409 0.2095714226667011 0.9756540987042033 -0.06464440024583436 -3.35783020176913 0.9482734431188443 -0.1866773235280601 0.2567665358958052 -106.61228877603841
0.23394232032215 -0.11478840488176072 -0.9654504714727679 73.03370799130187 0.20913774831253784 0.9757014762576479 -0.06533017265711566 -3.254468817854576 0.9494905965795819 -0.1866286455326404 0.2522644558268206 -106.31244751451321
0.23024300553781218 -0.1149476153319545 -0.9663204458824267 73.42968853848893 0.20842350266460855 0.9757812433268809 -0.06641241381294877 -3.088321454378577 0.9505513147315777 -0.18611289826592742 0.24862459082143432 -106.07715068359514
0.22589284812397273 -0.11609871943571934 -0.9672091338029362 73.8749243959304 0.20940072183060046 0.9754499153856119 -0.06818211107780592 -3.00201463894746 0.9513799235128223 -0.18713243951701397 0.24465831524219206 -105.80652442474455
0.22107745932173373 -0.11814373221419869 -0.9680737655356366 74.35051500979372 0.21047375855871883 0.9750232093928521 -0.07092628640658331 -2.8304073647023285 0.9522738859897468 -0.18807392079648433 0.24042180928157172 -105.51268849991042
0.21773622637218193 -0.1201070784945774 -0.9685892965652159 74.66582294092701 0.21020673964375725 0.9748801313166641 -0.07363325452773162 -2.5459965023274163 0.9531023357087862 -0.18757137110844363 0.23751403833658952 -105.33231002904851
0.21328518951531417 -0.1236685581535299 -0.9691313201303751 75.06613417315428 0.21114529748811367 0.9743482934194982 -0.07786569500856744 -2.218671023840987 0.9539009860997485 -0.18801992137733242 0.23392609491715377 -105.0915556423103
0.20917612295624957 -0.12791699136464219 -0.969475421506502 75.41293084951313 0.21560496474211266 0.973042693948021 -0.08186827794042309 -2.218308746110658 0.9538133196614231 -0.19189882509957187 0.23111683660404236 -104.87771994277576
0.20590896619949411 -0.13006044362974978 -0.9698895703333901 75.71218695851029 0.22078620481979422 0.9717467992689153 -0.08343626233173546 -2.5162324926951536 0.9533388429094491 -0.19695796280793265 0.22880693059132093 -104.68917882062414
0.20205065094393204 -0.13104887308483743 -0.9705677345329008 76.09711495303402 0.22293568467305358 0.971145088693583 -0.08471656984138043 -2.579540953018994 0.9536640996454097 -0.19925714433747876 0.2254359675783414 -104.4423607599272
0.19867466094070105 -0.1325585149442463 -0.9710595343313785 76.41840165932678 0.22064812477167406 0.9714238786919687 -0.08746458107025734 -2.116072162359263 0.9549045942578983 -0.19688546930341988 0.2222460974737934 -104.25023095444487
0.19528064094880143 -0.13153480500907672 -0.9718868588173469 76.79582149892258 0.21744807329961213 0.9721083574376951 -0.08787307220117598 -1.7991325436032013 0.9563377053577423 -0.1941750150534583 0.21843593303318354 -104.01382034420519
0.19253882589232799 -0.13067255478221088 -0.9725499904635719 77.0998846297942 0.21414467464743883 0.9728016975025019 -0.08831146956309385 -1.4705029563160772 0.9576381669733858 -0.1912630146236872 0.21528492839238153 -103.82694368101895
0.1884716398625227 -0.12957753388874485 -0.9734927342712131 77.54677205220042 0.2135554058069444 0.9729450052364101 -0.08815954534906127 -1.434357854932069 0.9585783899181969 -0.1912790618359288 0.21104452346603095 -103.52986514422918
0.18530406206681443 -0.12830234954094744 -0.9742694245863467 77.90261917367955 0.21314604929575753 0.9730847249823154 -0.08760639060994763 -1.4516048533243613 0.9592868008323417 -0.19142785875719542 0.20766369119440828 -103.29469116473668
0.18089901992411855 -0.12881399728148904 -0.9750294860643229 78.3460843927691 0.21512722428695188 0.97256092932733 -0.08857491810073329 -1.5306028893780117 0.959685272347703 -0.1937322710606693 0.20364671661627765 -102.99171463433335
0.1761338494819611 -0.12880393219270628 -0.9759028712522382 78.83661868243387 0.21782808700066872 0.9719239879900942 -0.08896452148502923 -1.7273674160535455 0.959962390711373 -0.1969093919068561 0.19924582755625567 -102.64660225930461
0.17257350826498005 -0.11844958134329486 -0.9778487004259478 79.41493432738318 0.21288363724059772 0.9737653036230696 -0.08038464066651624 -2.126882534261518 0.9617166637010771 -0.19429572856722693 0.19326207237893325 -102.22680995569563
0.16801055690464625 -0.11783055544973808 -0.9787177391725344 79.893183567205 0.20805222103544307 0.9747052997496936 -0.08163241979801505 -1.5868532125426213 0.9635801606980137 -0.18990929108989485 0.1882756889960141 -101.89761817030919
0.16279364351488618 -0.11640848228306944 -0.9797690007770712 80.45124023199726 0.2091969625855996 0.9745109759784745 -0.08102461689166321 -1.7448639551981842 0.9642275978606438 -0.19177440639989965 0.18299649333760126 -101.48775853298986
0.15904827924062023 -0.11406863335691364 -0.9806589579230305 80.87615500832804 0.22113848476848347 0.9721806890606092 -0.07721708601040918 -3.1517833224805702 0.9621857489200811 -0.20458019137180838 0.17984863044620988 -101.14746488744099
0.15390965136334545 -0.1126708801126047 -0.9816400012183002 81.42071998323608 0.23337573425249478 0.9695139993133453 -0.07468849842881972 -4.463386119094669 0.9601289423193753 -0.2175956753019093 0.1755122110013536 -100.69380488046633
0.14815363805528364 -0.11396056002232652 -0.9823764503948483 81.97162794503276 0.23787054165112925 0.968283369655193 -0.07645208606561013 -4.685328869382119 0.9599313022011432 -0.22235176367320045 0.1705625640222227 -100.26662416201066
0.14225541846151005 -0.11720288677292925 -0.9828666640243896 82.49453553183338 0.23307359322815016 0.9690112094240761 -0.08181672292513063 -3.748603357603167 0.9619979709220073 -0.21744139289146563 0.16516399304739457 -99.90789813167167
0.13666177525091214 -0.11929500414303423 -0.983408491508886 83.00612752423712 0.2265936601258477 0.9701674794154538 -0.08619962340658467 -2.759916218440099 0.964354121874346 -0.21105393592913319 0.15961630165111695 -99.54680154183689
0.131376689095608 -0.11999280496856399 -0.9840436435026915 83.51354035834107 0.22208364715232334 0.9709800550081212 -0.08875013489538043 -2.1204373261128393 0.9661361287260705 -0.20688030242679473 0.15421258456429443 -99.17258309032647
0.12513400491852494 -0.12221388968744329 -0.9845837932753697 84.07940585553709 0.22201063731977405 0.9706685431471045 -0.0922705601020446 -1.7742231955916885 0.9669812602785631 -0.20704189071814116 0.14859642579126509 -98.730484682019
0.11768252814591454 -0.1259934125635822 -0.9850261329324055 84.72646193748535 0.22046344948916724 0.9704804176957598 -0.09779379483587305 -1.1066211809591042 0.9682699468683944 -0.20565363808998469 0.14198553141721926 -98.21708459308948
0.1093904722294367 -0.1287393525776639 -0.9856266553230512 85.47010540454009 0.21693317143994645 0.9707668128487779 -0.10272192658061213 -0.32426795234126116 0.9700380011702777 -0.20257831613800575 0.13412047612599107 -97.61099440357589
0.10212852454908243 -0.13031820390235854 -0.9861982205444759 86.13263256590564 0.2139769741864243 0.9710532164198558 -0.10615792668790945 0.265223215649244 0.9714852644232179 -0.20018195875831707 0.1270573272040368 -97.05909515630917
0.09584207775649893 -0.12548812221117772 -0.9874548229236766 86.8329675172616 0.21529040896648066 0.9711537383017506 -0.10252051692017809 -0.20014567736678496 0.9718355498428541 -0.20276377330886192 0.12009378125111114 -96.46565908093645
0.08980762789376609 -0.12271086619655429 -0.9883706962923305 87.46132444723884 0.2191514531256067 0.9704929996808191 -0.10057821913048798 -0.7254531522180165 0.9715488822313728 -0.2075701830413434 0.11404993883011663 -95.92507811919596
0.08349707220604552 -0.11981883598030021 -0.9892783660210832 88.1137896554283 0.22117496593909727 0.9702122936817613 -0.09884199325496568 -1.0700542098636106 0.9716531651648429 -0.21055059186119957 0.10751081290754426 -95.35432798998579
0.07690685197415743 -0.11931888987075229 -0.989872890142687 88.73979829722892 0.21991493884924135 0.9703919175455167 -0.09988466365398177 -0.8596526602289254 0.9724827791741915 -0.21000602106212554 0.10086979392907772 -94.80795333954012
0.0706615901911096 -0.11948204175422382 -0.9903186261854846 89.31610582948991 0.21751898857449292 0.9707536864803997 -0.10160103244673999 -0.4846013886076959 0.9734949559608377 -0.20823381541660282 0.094584612045781 -94.29971996575527
0.06521375448480911 -0.11554249018620083 -0.9911594721272491 89.8974775194308 0.21598875371435422 0.9713615199555329 -0.09902351144348126 -0.5990780966984646 0.9742155944630096 -0.20762160415344283 0.08830201013474163 -93.77583712303483
0.06032027180851794 -0.11349314472965316 -0.9917059901545017 90.3869442839769 0.21836850873739633 0.9709497419347781 -0.09783554072316022 -0.9221725230354871 0.9740003383986847 -0.21065589176702723 0.08335128111244802 -93.33433172996172
0.05529543489527022 -0.11310043587313195 -0.9920437018020177 90.85397996985249 0.22228264184000324 0.9700242960391672 -0.0982002659382713 -1.2305081057939475 0.9734129863610675 -0.21508406844540096 0.07877817898759973 -92.90917219716984
0.052668462724242894 -0.11050949499182985 -0.9924785562171687 91.14293346566375 0.22362296194389172 0.9699235106577364 -0.09613092304151093 -1.5479683566871356 0.9732516652570937 -0.21687792647022164 0.07579684085944045 -92.65124138679906
0.05068329774060219 -0.1052590628106341 -0.9931524218499216 91.42319170369858 0.22232024443698875 0.9706677555762134 -0.09153041679198287 -1.8777127073639825 0.9736554381523349 -0.21615882582227242 0.07259786343633982 -92.40166261027026
0.04878129507647521 -0.10347130956282959 -0.9934354902800762 91.62922337665798 0.21999769732836083 0.9713060330271265 -0.09036372820621216 -1.7869673720558572 0.9742799384267753 -0.21414546061605025 0.07014501605002932 -92.23173292119628
0.04767183024862734 -0.1012074224231708 -0.9937225237696908 91.77065226532093 0.2183207993372717 0.9718552223858063 -0.08850680933221733 -1.8191397037660682 0.9747119703673904 -0.2127310141185168 0.0684258025501097 -92.12084397878377
0.04608858086624332 -0.09956306748981357 -0.9939632982689827 91.94382203888655 0.21752307181696462 0.9721439961090625 -0.0872912599085062 -1.866823701702623 0.9749664383664945 -0.2121868196215815 0.06646200145820948 -91.97956950077769
0.04494519031080143 -0.09779344638965104 -0.9941913154474646 92.0795894921959 0.21924399719735121 0.9718999060083304 -0.08568921982330319 -2.1727476524928933 0.9746342901626506 -0.2141191596850524 0.0651228523247664 -91.86923275308028
0.04526648525713315 -0.09603640507473596 -0.9943480045802813 92.08166462307912 0.2205049803226002 0.9717777762147729 -0.0838182993623754 -2.464184294070156 0.974334900824863 -0.2154645273714268 0.06516546999149357 -91.89087142595208
0.04601807496895685 -0.09265840767183427 -0.9946339810522621 92.07359226985282 0.2218573641411884 0.9717700418082087 -0.08026391356267298 -2.9263871261532253 0.9739926317752489 -0.21697328252988263 0.0652759367281093 -91.91621120202949
0.047112446849420994 -0.09133967720343042 -0.9947047203669205 91.99764923991997 0.22298371781584334 0.9716433186290128 -0.07866080950907364 -3.1805600535299323 0.9736830485023783 -0.2180970534692561 0.06614375501242435 -92.0152397528255
0.04870605064302534 -0.09035664014789047 -0.9947177480129445 91.87008882616102 0.22313904460812833 0.9717136011269782 -0.07734108970147807 -3.3217855065930157 0.9735690460373783 -0.21819338891457046 0.06749042622360785 -92.16870801603463
0.05075128130813768 -0.0890460191820101 -0.9947336899459169 91.70659998198302 0.2232056781186753 0.9718346689286244 -0.0756082106915222 -3.495298762974486 0.9734492964202937 -0.21819299424186012 0.06919743176308658 -92.35533225559892
0.05322123456568535 -0.08864348932337959 -0.9946405541661171 91.48836109247569 0.2219592282052981 0.9721852694651545 -0.0747656528726546 -3.466889436007781 0.9736023835251294 -0.2167905293954092 0.0714161407431509 -92.6025219609187
0.05594250988183502 -0.08839419154873744 -0.9945133998537002 91.24355735815526 0.22015473027351556 0.9726489558094779 -0.07406688531947338 -3.3757543127627643 0.9738595023545832 -0.21480334183428695 0.073872823220086 -92.87741945328057
0.058881342021846944 -0.08902039799190475 -0.9942878639021344 90.96326220109064 0.21707750239988782 0.9733234945802818 -0.07428817436076277 -3.0833568599172203 0.9743769011596761 -0.21146333875968018 0.07663491924100753 -93.19151668813234
0.06205935957681598 -0.09109025150302749 -0.9939070388975174 90.63435744047612 0.21464636641614201 0.9737429168969832 -0.07583975987107758 -2.7191450765149927 0.9747182019810973 -0.2086319675267206 0.07998205331614489 -93.55221907245979
0.06530440778589763 -0.09308982053011355 -0.9935137742565043 90.29939790682239 0.21249274239549054 0.9741000993342502 -0.07730349866757219 -2.387954963740615 0.974978035010521 -0.20606620729919517 0.08339394136475514 -93.91427195714
0.0688201236180584 -0.09850905459588818 -0.9927536233869003 89.87537733269174 0.2128418504249813 0.9736516167440055 -0.081858878073513 -1.9782232731230707 0.9746600111284269 -0.2056659801095181 0.08797367408904921 -94.35739307505187
0.07160488326757858 -0.10185693847654771 -0.9922186779014097 89.5547985226229 0.21442103249829408 0.9730863635405604 -0.08441889547828817 -1.8699801098558806 0.9741131153590954 -0.20670774822341176 0.09151800538585092 -94.69241162837284
0.07585261464473408 -0.10238281772152139 -0.9918488491130889 89.1478379770713 0.2143574887846094 0.9731316433987539 -0.08405754944082341 -1.8992667211788818 0.9738055493031005 -0.20623424364407125 0.09576110324680019 -95.10198036681584
0.07978621429261039 -0.1030611825610268 -0.9914698949831895 88.76520318465622 0.2116910403769433 0.9737046617556636 -0.08417918447821149 -1.652054720877595 0.9740744650348767 -0.20316895511965433 0.09950533775937291 -95.49046472543412
0.0820479536949627 -0.10574817525235278 -0.9910022485974826 88.50199760149825 0.2088141015972578 0.9741084187644188 -0.08665713742337422 -1.1590694715246792 0.9745074675283917 -0.19982520342309462 0.1020053126475258 -95.76978878454878
0.08575572331689238 -0.10895022252062002 -0.9903412568055034 88.08967830052401 0.20707502673880185 0.9742456819182196 -0.08924844292662945 -0.755205958699118 0.9745593307846994 -0.19742137745545876 0.10610801338291179 -96.17808665915223
0.08962131526966666 -0.10863071724903862 -0.9900340333136507 87.728741152673 0.20808742000225555 0.9741390294257334 -0.08804985511796966 -0.9603396502857023 0.9739957112257426 -0.19812248388168863 0.10990830675799768 -96.53171555042722
0.09385567446706418 -0.10866557104077584 -0.989637765063922 87.32399364510586 0.20896777582658116 0.9740329286060314 -0.08713393516448698 -1.1261057137402517 0.9734082293860188 -0.19862438838556407 0.11412612015676514 -96.9207642094806
0.0969850065121955 -0.10976852627253043 -0.9892142230840527 87.00293414179644 0.21109412411877604 0.9735563129959203 -0.08733485093773678 -1.2945063457370132 0.9726423696685006 -0.20034713890082562 0.11759185626520703 -97.23106340022004
0.09999070913042923 -0.11126591456782031 -0.9887475685648893 86.6849330595414 0.21396633979326884 0.972883390088139 -0.08784255646371977 -1.4991439299645757 0.9717099688297252 -0.2027752587126864 0.12108646055995606 -97.53600173684221
0.10260083976789589 -0.11482283538467909 -0.9880732686158176 86.36281436044258 0.21450091802430538 0.9724997237591378 -0.09073942613401834 -1.2666481149033617 0.9713199389725575 -0.20263268187196168 0.12440889193190166 -97.84893222280131
0.10557512711287717 -0.11710577866005298 -0.9874918375052638 86.02942061596518 0.2149268685250915 0.9722568206279395 -0.09232072317983814 -1.151384618680578 0.970906964503344 -0.20249175624423071 0.12781531571775423 -98.16651381468303
0.10883517346498076 -0.11919984453601691 -0.9868871779891746 85.67053388998593 0.21474341662849133 0.9721616393873207 -0.09373906292725007 -0.9981736093071903 0.9705875385721627 -0.2017254172541134 0.13140276253596841 -98.50379377352351
0.11144934279381082 -0.12050294696863201 -0.9864370652822729 85.38963861315828 0.21457360319187552 0.9721243353787321 -0.09451161504129765 -0.908576268173571 0.9703284046157175 -0.20113009803690238 0.13419936981812866 -98.77165136645155
0.11434280752962515 -0.12226814837437036 -0.9858885445421028 85.07067501404227 0.21576120751147462 0.9717655231755447 -0.09549277093345976 -0.9191714749922998 0.969728221564905 -0.20179759131481917 0.13749512151383309 -99.06854179096216
0.11685779617225846 -0.12548620040416605 -0.9851890524066375 84.75709003991757 0.21898650955499474 0.9708260321322257 -0.0976817483838146 -0.9934690724359263 0.9687048901015639 -0.2043282379959367 0.14092837560545696 -99.3576226913109
0.11902479748983404 -0.12705739134473393 -0.9847281436453288 84.51127500377864 0.2186201221683844 0.9707919403360894 -0.0988344614067973 -0.8498397914607932 0.9685237941143134 -0.20351763531242728 0.143325616521448 -99.59039012768737
0.12203090185480824 -0.12851079622317244 -0.9841714455553913 84.18430224845808 0.21870079279773777 0.9706921171905132 -0.09963321160055091 -0.7800693478979717 0.9681314075176691 -0.2030807447255535 0.14655984750118786 -99.88835976079362
0.12459413762891053 -0.1300569686048297 -0.9836470331301927 83.89764309317032 0.21777835197862896 0.9707820564133283 -0.10077096980471245 -0.5881602179223028 0.9680128564631674 -0.2016615577229141 0.14927734543053509 -100.15007715324657
0.12737294868990978 -0.13048001028558903 -0.9832350171031901 83.61340224042573 0.21867024081872782 0.9706119925519717 -0.10047728944677634 -0.6959150293449269 0.9674499768578826 -0.2022061493381551 0.1521618067963132 -100.40798892406943
0.130291742597576 -0.13208267603545526 -0.9826384017033934 83.28837124369524 0.21957725968060154 0.9703203771145464 -0.10131235259059748 -0.6956235688892577 0.9668556711536859 -0.2025648845372683 0.1554270848673373 -100.69644384473449
0.1322259342912915 -0.13294473486863645 -0.9822637119284735 83.07717651823211 0.2208757603109872 0.9700005492202983 -0.10155211971870981 -0.787780076980806 0.9662971596811399 -0.20353042028902657 0.1576234982771725 -100.8902620803403
0.13513708278974015 -0.13216841049878947 -0.9819722399952568 82.80312478436021 0.2217861386546408 0.9699511204868295 -0.10002865872842756 -1.0152538857729776 0.9656857032988235 -0.2042702502386661 0.1603894862878779 -101.13154119897602
0.13681082428322708 -0.13344553110755197 -0.9815676688778859 82.60792211552902 0.22314014843173297 0.9695696672971872 -0.10071312930837487 -1.069205641119379 0.9651379551736673 -0.2052485090923796 0.16242468100183305 -101.30879481764839
0.137730664216454 -0.13564669562880582 -0.9811372167538445 82.46717606818383 0.22496555061823736 0.9689726044255218 -0.10238453451500497 -1.071396422884835 0.9645832080072344 -0.20662058425482943 0.16397307398675323 -101.44233275547022
0.13894223531267366 -0.13607539535171911 -0.9809069996825341 82.33613985299262 0.22645175056518577 0.9686356103242048 -0.10229691626739412 -1.2115659468189852 0.9640615436331232 -0.2079147450079688 0.16539890838814744 -101.56549692838561
0.13953890940738106 -0.13683226636233373 -0.9807169946745833 82.25932014446707 0.22765445701576328 0.9683099274896284 -0.10270994365634227 -1.278555363355511 0.9636920363696366 -0.20893256138567384 0.16626738655119633 -101.64508175672731
0.13982309595851156 -0.1360813060713781 -0.9807810051048523 82.24790715746344 0.22821145115316718 0.9682737040060423 -0.10181143203483795 -1.4147814128333647 0.9635190892759428 -0.20958986680735964 0.1664423393627078 -101.66981602600691
0.1387932196738574 -0.1366463247173308 -0.9808487264169793 82.3391555306438 0.22893026922827042 0.9680348575661797 -0.10246680617594243 -1.4165043704162152 0.9634974696404947 -0.21032426507198904 0.16563915454472622 -101.61555002040917
0.13753453130590915 -0.13756135656663224 -0.9808981220687557 82.44539691882734 0.2282060763578955 0.9680676109715501 -0.10376457633108524 -1.226234145106104 0.9638496975212464 -0.20957569937228673 0.16453506258794393 -101.54955499055728
0.13578940898655745 -0.13775370019132407 -0.9811142413045896 82.61631415370677 0.22700701902114997 0.9682670118452625 -0.10453136891564108 -1.0455802587141332 0.9643801375610205 -0.20852556643214137 0.1627514621192139 -101.43106020304685
0.13437490449210576 -0.1353030458569412 -0.9816498718099912 82.81256590099152 0.22732468932755256 0.9684241995066301 -0.10236237312643322 -1.282661344269423 0.9645034321685276 -0.20939831802518827 0.16088963218104813 -101.28687087054227
0.13204577482930996 -0.1326221087431142 -0.9823315578877921 83.10583609753033 0.23019742002637733 0.9680184912257471 -0.09974642077902945 -1.7914337631827633 0.9641436932132713 -0.21295909681804437 0.15835201899412593 -101.05746741933231
0.1310682711812613 -0.12707109027058167 -0.9831958331415981 83.32321783339228 0.23396253736774003 0.9677025201855898 -0.09387951605599243 -2.6931559939076304 0.9633704580264045 -0.21772636598240508 0.15656497104426528 -100.87775514519855
0.12903247838114532 -0.12420559546556001 -0.9838310777658252 83.58706551755512 0.23851249305407338 0.9668867128625136 -0.09078477376220183 -3.397671221987728 0.9625291736773229 -0.2229418187441944 0.15438437510020536 -100.65719437896458
0.12607945754745956 -0.12528272056881912 -0.9840773395985773 83.85844594007654 0.24173403187056358 0.9659707130614397 -0.09200673531418976 -3.5674353892529966 0.9621167435504592 -0.22628482369449618 0.1520741606763328 -100.44544951481718
0.12348171557385983 -0.12475556456838191 -0.9844736233277968 84.12816079070467 0.24198772841093982 0.9659030751214595 -0.09204992541779464 -3.5863878121701975 0.9623898405622587 -0.2268640530805456 0.14946068447059166 -100.23941573471876
0.12246145258150035 -0.12004583775058139 -0.9851863729621873 84.32719567179615 0.23880917529807386 0.9670570733955793 -0.08815211051943651 -3.679671162805909 0.9633137445428062 -0.22447630973966543 0.14709526144841997 -100.08990526299414
0.12263714044815437 -0.11017824913980424 -0.986316828001625 84.50820699790359 0.23317581435053847 0.9691980158192071 -0.07927323466388628 -4.035732245556652 0.9646704988671848 -0.22026338676366433 0.14455057615498298 -99.94452921264082
0.12188803875136099 -0.10550025499948387 -0.9869209705971348 84.67179021290582 0.2301545203438817 0.9702370963109695 -0.07529192325433183 -4.148845209530376 0.9654906539033014 -0.21796713774581328 0.14254165737872285 -99.82237333512253
0.11677587782230725 -0.11117373684406676 -0.9869163057701276 85.06790359267512 0.23443535472108715 0.96871906250364 -0.08138453415033539 -3.9424141788953295 0.9650924612779999 -0.22186432380667978 0.13918607331977265 -99.51555279956783
0.11271195576849352 -0.11744596847466178 -0.986662282402591 85.34310632310941 0.23946109863538945 0.9669331036376793 -0.08774255142140575 -3.781213098598685 0.9643414318938981 -0.22637759955140102 0.13710866184954204 -99.31090552532723
0.11523389084167777 -0.10339007577061798 -0.9879431373483163 85.36969025734406 0.2310519672478853 0.9700794837238796 -0.074570662387386 -4.295876830911888 0.9660932350619016 -0.2196731378438366 0.1356745137358979 -99.2873107273907
0.11218423872590799 -0.10470162393512693 -0.9881559930126599 85.6457241736659 0.23409779176657092 0.9692285997774064 -0.07611928312552481 -4.425184699822914 0.9657188620253329 -0.22278575205536794 0.13324259157499324 -99.06886534373265
0.11228629855483023 -0.09841977694760236 -0.9887898334137744 85.75281439532873 0.2304792865273383 0.9705251638248436 -0.07042872187261026 -4.649117536268215 0.9665769941596503 -0.21998739483966936 0.13166039827127507 -98.98782687889774
0.10811414327125812 -0.10325644813462194 -0.9887615677924299 86.07154550190397 0.23257346753707792 0.9696183996799077 -0.07582704794434934 -4.314029654364767 0.9665510406711596 -0.221761730063591 0.12884417276967303 -98.750581439525
0.10668417629769307 -0.10309443878592149 -0.9889337810081619 86.21310854610708 0.2339878867752787 0.9692798927732231 -0.07580341884089856 -4.441613244544353 0.9663685401388656 -0.22331150027919575 0.12752967683222866 -98.64473637540618
0.1036942431448328 -0.10538957247810002 -0.9890098796025769 86.46183774305389 0.23750442565357152 0.9682277145598743 -0.07827349840865636 -4.5179814422634035 0.9658359859383928 -0.22677771224493407 0.12543012993442396 -98.44913637432174
0.10056612405410141 -0.1057626295317881 -0.9892930409576615 86.75960255501225 0.24119764914530079 0.9672643160116068 -0.07888876356857953 -4.790945450482173 0.9652513396724791 -0.23068161861128123 0.12278372080762144 -98.19940272973265
0.09839030301897869 -0.10877308077237045 -0.989185404851447 86.91187320914158 0.24015226224830344 0.967225603218244 -0.08247134906212081 -4.351281822517793 0.9657361126150641 -0.22944073173347287 0.12128772160755968 -98.11042470826918
0.09588258024356949 -0.11108662952497639 -0.9891745505959079 87.10895656131395 0.23818715185732564 0.9674433677845575 -0.08555823057876541 -3.8757543108655272 0.9664747340183969 -0.22740512498722307 0.11922037423869594 -97.98051270055197
0.09268124225730856 -0.11195237530814184 -0.9893820561322643 87.40103714868836 0.23973163020050509 0.9669371609731745 -0.08695557607505706 -3.879782100911676 0.9664051597622242 -0.22912702239587918 0.11645546270118858 -97.7464849873859
0.09129319843271623 -0.10814877602112938 -0.989934035259449 87.60962752671342 0.24481699698519255 0.9660137608686128 -0.08295813281186373 -4.722344486234945 0.9652617209374237 -0.23477916444525096 0.11466714453282985 -97.54861978588859
0.08939286612647267 -0.10656312506392601 -0.9902793625347871 87.82320622118397 0.2507365391854766 0.9646463111493877 -0.08117069855045171 -5.426318566768635 0.9639191373777077 -0.24104313879985967 0.11295176773529085 -97.34606432194987
0.0874010592335505 -0.10622425084235282 -0.9904935453489004 88.02086360164094 0.25423550271909834 0.9637509270121887 -0.08092255458346825 -5.764745842197987 0.9631850102664704 -0.24474590745531982 0.11123882767204668 -97.17479662453631
0.08690242557407836 -0.10166676916137915 -0.9910155581410559 88.1554216434704 0.2514436372651002 0.9648098233466742 -0.07692920155998205 -5.901149164867911 0.9639626889606457 -0.24249922231225085 0.10940777609345254 -97.0719997502571
0.0857912885289658 -0.09670853384683539 -0.9916084480750126 88.35424599286767 0.24555289207709782 0.9666285354639815 -0.0730277455446296 -5.750686551791082 0.9655794281182221 -0.23722717784426284 0.10667536776094842 -96.92856824373183
0.0838304329778224 -0.09177335722811245 -0.9922449845727779 88.63190388125001 0.2439401695553096 0.9673424429482455 -0.0688606690952619 -6.010147771269284 0.9661602621636214 -0.23627579007169058 0.10347994415306164 -96.68750954885263
0.08278506402097796 -0.08880799019920498 -0.9926025257129969 88.78399581261158 0.24480806847496134 0.967313861553254 -0.06612792796157342 -6.354126321853444 0.9660308705132572 -0.23752270233329348 0.10182005250287621 -96.55414670283922
0.09196194474372278 -0.09212161719362731 -0.9914921121040667 87.83324842986465 0.2498066303062601 0.9660037630208068 -0.06658361123183322 -6.76157294606517 0.9639189012432445 -0.24155814512301427 0.111848175446651 -97.41266744908918
0.09464426371901077 -0.09258919919641817 -0.9911960974182921 87.56059939947897 0.2517878537867441 0.9655191460932846 -0.0661487355340957 -6.982641313317736 0.9631434680412632 -0.24331053968018027 0.11469368443810639 -97.66272259934108
0.09832774737190834 -0.09154723302508003 -0.9909342855216071 87.21812698826787 0.2512444855666065 0.9657859710777357 -0.06429359642924487 -7.114803694290473 0.962916332071036 -0.24264493028886275 0.11796429644589723 -97.98238024747424
0.09769184424558287 -0.09275069388028677 -0.9908852669974573 87.2599553546953 0.250464287171474 0.9658927465048287 -0.06571790548278417 -6.907747786652793 0.9631842733452318 -0.24176126868066378 0.11759058017687361 -97.96561781073162
0.09688201382183785 -0.09234958383766942 -0.9910022349938644 87.34676852233186 0.24896889797621893 0.9662800773736651 -0.06570616341904852 -6.774349730326363 0.9636536531546654 -0.24036298890584817 0.11660733392850897 -97.89533228567691
0.09532564335065853 -0.09317432188881038 -0.9910759645255974 87.48597990024166 0.24880356988416708 0.9662401542153166 -0.06690850465266251 -6.643707803655818 0.9638515473519133 -0.24020514174871715 0.11528956823928709 -97.78037033940532
0.0948661503204306 -0.09477994052943604 -0.9909677978605651 87.50296486050223 0.24789630291469555 0.9663480589268503 -0.06869390081756889 -6.390777717265827 0.9641306117557966 -0.23914052747609527 0.11516931706773281 -97.78764830684317
0.09714085608152782 -0.09403984860323414 -0.9908179252286611 87.29521403189263 0.24628168189328156 0.9668366638952475 -0.06761803392383271 -6.3501519428122775 0.964317887028735 -0.23745183137341547 0.1170796333007868 -97.98445815953602
0.10140199276407004 -0.09255937314305407 -0.9905303621327519 86.90468642999015 0.2450308621485281 0.9673133100861546 -0.0653057173983717 -6.462100270457023 0.9641978596005203 -0.2360883787345998 0.12076740027111474 -98.33951595367637
0.10343727477886101 -0.09307147147941568 -0.9902718977043521 86.69595780495182 0.24486564130278898 0.9673528084759977 -0.06534035233279498 -6.4441280822615115 0.9640236241377576 -0.2357249353171111 0.12285034380923604 -98.53336635880027
0.10484416283319044 -0.09476028370383338 -0.9899637317357523 86.529319428111 0.24667368560683 0.966819744956905 -0.06642043052109495 -6.502892424246217 0.9634105014732558 -0.23723420789134483 0.12474027520097883 -98.69408147974957
0.10927096774397611 -0.09259638738148997 -0.9896897315079065 86.13284687589294 0.2454606849726026 0.9673309001841377 -0.06340332547845477 -6.686373029207527 0.9632283777698183 -0.23600177667306482 0.12842995626442125 -99.04032142574455
0.11353996675085125 -0.09059038100299352 -0.989394794215104 85.74677176819017 0.24400103648647295 0.9678784898762266 -0.06061949379895616 -6.825323384269891 0.963105482355771 -0.23453061997241909 0.1319970384198458 -99.37737151487599
0.11724511434680879 -0.08989405122613614 -0.9890261082074409 85.39211434502181 0.24340916486128844 0.9681191069235984 -0.05913859375216855 -6.915773433136701 0.9628112803781091 -0.233804307838001 0.1353882713275394 -99.68917490336939
0.11999147736385525 -0.09048329200085402 -0.9886429179581105 85.1091433015298 0.24415276012264409 0.9679429846446231 -0.058955985292020424 -7.000945568090441 0.9622845083885191 -0.23430568142054622 0.1382366542184795 -99.94038386638387
0.12329334247634526 -0.09112771463653936 -0.9881773582339014 84.76808503886056 0.24560798116619054 0.9675972464021759 -0.05858573497358821 -7.168405853895379 0.9614964749225444 -0.23548101490364093 0.14167999270000123 -100.2312750716261
0.1264909017290361 -0.09186107179375132 -0.9877052167872145 84.4352789426969 0.24660786774086202 0.9673549405370662 -0.058386458933852886 -7.277744298482797 0.9608249639492517 -0.23619052162911244 0.14501526176401888 -100.5189831821211
0.12955544891234003 -0.0958602410690645 -0.9869276568418289 84.05423023719003 0.2486163850230131 0.9666631425010087 -0.06125571016781772 -7.180732116021286 0.9598985773274232 -0.23743037529401245 0.14906890397575687 -100.85741435875343
0.13151056245502368 -0.09788056207866525 -0.9864706622753299 83.82022463677686 0.24939310384424812 0.9663743827064775 -0.06263890327589446 -7.116896384996828 0.9594311083750076 -0.23778130291475685 0.1514991757946731 -101.07262355772222
0.13334414285802212 -0.10040736884712954 -0.9859704355844833 83.58819810083112 0.2501243609454805 0.9660594069411735 -0.06455250825555037 -6.997397080577226 0.958987561768699 -0.23800752622903415 0.15393269253560538 -101.28718008304145
0.13498870717077951 -0.10064053301779391 -0.985722847483133 83.41764402786272 0.24823909621739604 0.9665365826845596 -0.06468682587377399 -6.814621041282555 0.9592473091156064 -0.235962957784369 0.15545443868902611 -101.45517396781558
0.13676674781539072 -0.10164650537313343 -0.9853744692437646 83.2184386596998 0.2463484448004346 0.9669617441093161 -0.06555477994377322 -6.560732481770896 0.9594828296725316 -0.2337797539875916 0.15728867152179968 -101.65181817796518
0.138030601738806 -0.10148897941106627 -0.9852144639832097 83.09309939089175 0.24335520163514768 0.9677168711048272 -0.06559194475085649 -6.2877347555142995 0.9600655179834028 -0.23070336893331866 0.15827241307971926 -101.78865748540461
0.14125477485975363 -0.10000902844506071 -0.9849087687744461 82.79278459036776 0.24358964038816283 0.9678080844918099 -0.06333718250648329 -6.5280456858862665 0.9595369589937043 -0.23096689334571113 0.16106867635684188 -102.02990949236755
0.1427104542605638 -0.09977401797576058 -0.9847227384303238 82.64856212321827 0.24698894008462352 0.967020891355331 -0.06218568290382161 -6.946765437836406 0.9584519756986353 -0.23434107838642593 0.16264706963259193 -102.13633305148328
0.14417607024287638 -0.0989148745253145 -0.984595911207721 82.51509395740023 0.24503637925025507 0.9675725259861858 -0.061323566437685634 -6.854134360179768 0.9587337657625533 -0.23242042628468215 0.163738547179338 -102.26425679668334
0.14393291242494982 -0.09883792263441675 -0.9846392140120079 82.54199338540244 0.24116417817020125 0.9685040734441301 -0.06196530391774316 -6.441849748029117 0.9597516115580964 -0.22854086017918088 0.1632357783704202 -102.27885426088864
0.1431714431197984 -0.11264890571206757 -0.9832660687305691 82.34949279667606 0.2484186270461 0.9657855543843861 -0.07447448340858005 -5.886769474195331 0.9580136343557565 -0.23359898754985625 0.1662569980607045 -102.48912639103142
0.1441826071594496 -0.1106293810718682 -0.9833476068188498 82.28719459950801 0.2471082695191133 0.966273599198171 -0.07247644188204498 -5.961422409760712 0.9582008552114598 -0.2325434831085738 0.16665728167637728 -102.54472081529816
0.14419535060046984 -0.10943253182234196 -0.9834796499390109 82.3101515260267 0.24679855701389314 0.9664364894074231 -0.0713511331214566 -6.041901028882396 0.9582787554365731 -0.23243285680128747 0.16636343936732156 -102.53167291290919
0.14536106087162742 -0.11050397829499557 -0.9831881980390398 82.16892838492227 0.2479312855945664 0.9661037427042766 -0.07192799146517691 -6.088532729217963 0.9578101271158603 -0.2333075847754808 0.16783125835353574 -102.65686624621836
0.1445964583936482 -0.11019298204250806 -0.9833358383220827 82.25390394043328 0.24694987640900928 0.9663514588743929 -0.07197649944883142 -5.994677365501858 0.9581793270372665 -0.23242711683431447 0.16694314181330994 -102.60088547283512
0.14419035814473047 -0.11100212445574272 -0.9833044640315665 82.27950056604273 0.2483567246475975 0.9659424226885123 -0.07262350427351476 -6.059485514924094 0.9578768594868612 -0.2337386669273177 0.16684770793339843 -102.58642568855657
0.1437397189441224 -0.10817012022269286 -0.9836859856117056 82.38292239793869 0.24535507571505433 0.9668686854554005 -0.0704686590379407 -5.996610330717896 0.9587177791293559 -0.2312232042351151 0.16551752114057772 -102.51134949095838
0.14630470613624294 -0.11107003224930954 -0.9829844255625443 82.06044752969292 0.2472473932030098 0.9662453131947086 -0.07237901134704715 -5.983890664913807 0.9578432332676908 -0.23245094679393558 0.16882801253908986 -102.78589130082919
0.14548910675324084 -0.11065187844421374 -0.9831526237634272 82.15330500309987 0.24704204170553418 0.9663113331102696 -0.07219859508754041 -5.982472009267069 0.9580204326871662 -0.2323759223745448 0.16792343866915763 -102.71953797555184
0.1459510847612567 -0.11240373667639282 -0.9828853854026912 82.07043721647828 0.2507869990465711 0.9652745687879232 -0.07314976391284146 -6.229092505761559 0.9569765733633336 -0.23581858881876433 0.16907226620974522 -102.78215592478904
0.14780803242133544 -0.10815820508430149 -0.9830842223455096 81.96455038497135 0.25097253345383863 0.9655676826009032 -0.06849699094473531 -6.696497494620588 0.9566428659659232 -0.23660273242222601 0.16986339807869505 -102.84547843429254
0.14934419320595135 -0.10688136298158873 -0.9829917020010197 81.83174727363287 0.24836308635781496 0.966323798125539 -0.06733568527202748 -6.5740389907370265 0.9570852048226868 -0.23408265938217393 0.1708602331910065 -102.96920522990939
0.1513769223396914 -0.10451423144461018 -0.9829352994009857 81.6687538388549 0.24444541669389286 0.9674669545317313 -0.06522369313712353 -6.425097769445213 0.9577742247734129 -0.23040066691448405 0.17200019489828738 -103.11712999946475
0.15430423836192178 -0.10183741662080222 -0.9827610811380091 81.41823592170763 0.24652250101726403 0.967182707300418 -0.06151639774260989 -6.972667652042022 0.9567741941104705 -0.23278047872412985 0.1743456056493098 -103.28992465542183
0.15832303867404696 -0.09535799659508343 -0.9827719307705057 81.1243446290755 0.25063750457447503 0.966606426431718 -0.053412149194570394 -8.13061081823897 0.9550469395405107 -0.23786313053156244 0.17693635694234428 -103.44626146204254
0.16134348875110507 -0.09509163171786543 -0.9823063983375329 80.815510257661 0.2551681241791585 0.9655212381023789 -0.05155547668423774 -8.72119721680407 0.9533401843206397 -0.2423351405605124 0.1800449183093073 -103.65062544535904
0.1666234930674865 -0.0915078750805525 -0.981765206327985 80.32991257720347 0.2539500178008036 0.9660773728410105 -0.04694569355737156 -9.05893327947677 0.9527570519376704 -0.2414970361781964 0.1842096129418497 -104.00492520664787
0.16938221211284837 -0.08859218437095308 -0.9815605386771318 80.09387027257779 0.2509394288431504 0.9670034071989434 -0.043975146588812936 -9.075103788693601 0.9530682395671526 -0.23886363334341457 0.1860244483780326 -104.19423675072885
0.173842567461745 -0.08882728633123826 -0.9807591319693826 79.62075015442024 0.2542440418905344 0.9662083026301833 -0.04244388167527009 -9.523210540125122 0.9513877910197676 -0.24197361246947646 0.1905519403391076 -104.52465505968343
0.17712150943446342 -0.09019020984599813 -0.9800478033971568 79.2504298831733 0.25471786887166925 0.9660647312822561 -0.042868896067163556 -9.525139863152846 0.9506559725648035 -0.24204268429447934 0.19408390146117377 -104.81415458134514
0.18133213821867117 -0.0914792499870252 -0.979157904768611 78.78102048630403 0.25197811230943057 0.9667477582358354 -0.04365550209266818 -9.20158235815102 0.9505922819831965 -0.23881021495697863 0.1983532068462241 -105.20443009335014
0.18538170758274158 -0.09319171036046349 -0.9782376641766551 78.31935089644435 0.24725647415714191 0.9678882592476231 -0.045349240324228116 -8.61048125718176 0.9510509231797662 -0.23346867612315247 0.20247103197301344 -105.60569401396859
0.1882483009067951 -0.09370619289505093 -0.9776408986017413 78.00501408520964 0.24478974025551076 0.9684988230419094 -0.04569477904614312 -8.354180430848787 0.9511259434330157 -0.23071449711613656 0.20525657248698254 -105.86394706454529
0.19600027388709312 -0.0988812066479841 -0.9756056578392847 77.07566385494583 0.245732105976105 0.9681109469136975 -0.04875373378945243 -8.142010039244177 0.949315345250846 -0.23018188772729964 0.2140482978992453 -106.57212857259141
0.1999045827083447 -0.10084730461142054 -0.9746117067657324 76.61768057349705 0.24540647929945042 0.9681381467304742 -0.0498416368424147 -8.00749777551248 0.9485851663029793 -0.22921245602692297 0.2182838341977136 -106.91691142378374
0.2058975091358802 -0.10353831757139365 -0.973080691682928 75.91616342716914 0.2457505234495242 0.9679906677844204 -0.05099752255312748 -7.926465739694596 0.9472132262357431 -0.22863482647391478 0.22475146310384256 -107.43009841243483
0.21092262823710026 -0.1048650929242239 -0.9718615936354044 75.34349457848165 0.2465208630437672 0.9677986206083515 -0.05092439526129448 -8.003790963255188 0.9459065011837641 -0.2288430515321937 0.22998206187379824 -107.83040322412107
0.21927442555205243 -0.10912894618063174 -0.9695409219854116 74.34264740600436 0.24832139318294605 0.967242594155495 -0.05270910489686653 -7.993401864221081 0.9435333655925995 -0.22919999379767214 0.23919061615508438 -108.53249272782787
0.22617353511234287 -0.11070939020605854 -0.9677752646844145 73.54927211887987 0.24817412395974614 0.9672834089724222 -0.052653688603011145 -7.985387157637447 0.9419422149004676 -0.22826790761491852 0.24624911399131705 -109.07643182707332
0.23558588874286793 -0.11532911772115649 -0.9649862608508438 72.40584755730232 0.24967214401533183 0.9667903658126252 -0.05459129119812159 -7.932719944195456 0.9392353855812826 -0.22806925083743826 0.2565566356468474 -109.8510670743544
0.24383581993418418 -0.11801056972901885 -0.962609785089086 71.42327202416338 0.24978644930231603 0.9667238599169096 -0.05524227015875459 -7.8799688090757884 0.937097018809667 -0.22697683604188268 0.26519934622553404 -110.50246011892065
0.2529590303116003 -0.12142557418012309 -0.9598268379863331 70.31658547775886 0.2497084902214485 0.966672373755912 -0.056481782270350236 -7.752351358673038 0.9346964207137736 -0.22538933371421532 0.2748495030970994 -111.22703201424078
0.26237980030529473 -0.12500350068922372 -0.9568338231935538 69.1616484291339 0.2501516929175793 0.9664876740053323 -0.05766893900733676 -7.67735720515758 0.9319769154449176 -0.224222436012104 0.28485668022108096 -111.96287437725682
0.2687364509535675 -0.12547308880160882 -0.955006399934296 68.41971891456254 0.2482789462607751 0.9669992716215985 -0.05718368234852966 -7.554844912024575 0.9306655063837491 -0.22174064280118333 0.29102027860202123 -112.43148011225757
0.2766864333970289 -0.12900214447190694 -0.9522620775268125 67.41860400402818 0.24873245239838732 0.9667918768066587 -0.05869952354613085 -7.448650201633013 0.9282116055608849 -0.2206171200571434 0.2995852159900026 -113.05107857740386
0.2823762080102007 -0.13147504608795946 -0.9502515400702851 66.69837284975061 0.2491518583954475 0.9666224651562374 -0.05970227226306431 -7.3893871587468505 0.9263838451785926 -0.21989843590041092 0.30570843835373296 -113.48920248880196
0.28727831417422434 -0.13350453287758995 -0.9484976066951103 66.07664833953217 0.2500923454648174 0.9663443668874664 -0.06026925687917589 -7.419493723288409 0.9246215382225973 -0.2198979406133631 0.3109982423887308 -113.85814031771518
0.2911202105051127 -0.13419560094380487 -0.9472278309481779 65.60831137495708 0.2491929222043706 0.9665716966552558 -0.060349339252609005 -7.3302807097818885 0.9236622275262236 -0.21847355884022002 0.3148291497447204 -114.1409672697843
0.29646387861656154 -0.13714496579139224 -0.9451457173545795 64.90663582106097 0.2503808739848559 0.9661818715328625 -0.06166043353590034 -7.310855433710315 0.9216390761128809 -0.2183663194710515 0.32077650148111275 -114.551624771613
0.300320980823955 -0.13580937025637857 -0.9441202907614598 64.47912733490887 0.24843040115061454 0.9667869020365747 -0.060045164956617145 -7.290713414039597 0.9209178270948403 -0.21651535973479685 0.3240855670001815 -114.80028639183566
0.30467590827237273 -0.1366237314744497 -0.9426062523219343 63.94008455992859 0.24880048199572133 0.9667131813864072 -0.0596987863567426 -7.35784086256054 0.9193861599334097 -0.21633210795387892 0.3285262668206757 -115.10452198443994
0.3086278392589787 -0.13837455528977174 -0.9410639400607654 63.42534310716506 0.2493551270613875 0.9665303491623967 -0.06034156739938802 -7.3459838783088465 0.9179165961254505 -0.21603603078276895 0.3328025780565607 -115.39721799221411
0.31290249195139036 -0.13937754080822357 -0.9395030237571683 62.886855285388656 0.248319583389214 0.9667732214435811 -0.06072003627311273 -7.215581131528174 0.9167493741672353 -0.21429754879105106 0.33711592300888105 -115.70754970118979
0.31687623628367856 -0.140758693259967 -0.9379639871287367 62.37394664296229 0.24659830761102444 0.9671434935217222 -0.061828291436663865 -6.952145458943724 0.9158486368183713 -0.21170841553973474 0.3411756457128588 -116.00781231481879
0.3217756986271461 -0.14059322526592793 -0.9363193604654002 61.78269803606661 0.24414796029288188 0.9677912873764923 -0.06141496204490342 -6.7705484599650285 0.9147962468538212 -0.20883861972220463 0.3457372668005099 -116.34215697063752
0.32607008673065435 -0.1415791342743817 -0.9346837151023762 61.235171438518385 0.24223385440145265 0.9682249325841565 -0.062154965241895635 -6.52559219116347 0.9137839232123092 -0.20614516404835215 0.3500044471406022 -116.65293971096425
0.33028898080691393 -0.14287237505966874 -0.9330041123180215 60.6876235088611 0.24061663374731893 0.9685645142220213 -0.06313808164624975 -6.283844313012281 0.9126953624959637 -0.20364249614132424 0.35428365619047697 -116.95883324014704
0.3341852210199476 -0.14353436029703098 -0.9315138890354618 60.1926489736091 0.24052579332555363 0.9685987440453864 -0.0629588419430761 -6.292968890602977 0.9112999400839231 -0.20301320264411937 0.3582151012383703 -117.22105977826321
0.3384988719676611 -0.14578399631004027 -0.9296050452189332 59.60574459528458 0.24367158801148428 0.9678064499420259 -0.06304627385162533 -6.569136069075613 0.9088688964160795 -0.20517724501144574 0.36312480947593034 -117.51234630317455
0.34201540586563917 -0.1485201060799886 -0.9278832039866608 59.102754683198114 0.24641408746536153 0.9670516885679677 -0.06396193505871796 -6.7284613505536734 0.9068106525891585 -0.20676752580574986 0.36734402216858425 -117.76454792100725
0.3455293995832862 -0.15122739073329128 -0.9261423812328285 58.598560304843176 0.24770978318636133 0.9666229868120761 -0.0654206747157699 -6.704733691801772 0.9051239126978027 -0.20680976200001094 0.3714571644269622 -118.02484054494364
0.3484040831364198 -0.15410023683439367 -0.9245905644453951 58.16743907743445 0.24500541710809576 0.9670733877620202 -0.06885788458976266 -6.126744575450245 0.9047579457742045 -0.20253932874894404 0.374687709790925 -118.27664805419782
0.3493372191069001 -0.1580467736216102 -0.9235717214675084 57.950532726611655 0.24305226431753976 0.9672183012162698 -0.07358229815947478 -5.49190149118421 0.9049249163089578 -0.1987711627478004 0.3762989778130057 -118.42111393683308
0.3487855301939706 -0.16603862237921607 -0.9223772708635674 57.81032373362681 0.24669906896801996 0.9657380589069271 -0.0805578732899039 -5.148270341344042 0.9041505534465057 -0.1994521934125874 0.377797034458034 -118.5135884577401
0.348559633273661 -0.16885478541599175 -0.9219513238204338 57.76407195263573 0.25207682361562905 0.9642855210521339 -0.08130626596437615 -5.562173422720212 0.9027532647672818 -0.2040624789894855 0.3786753855489947 -118.52353935330356
0.34958393795020204 -0.17136975050341707 -0.9210990603293578 57.56753532133621 0.2574408550874485 0.9628566706276878 -0.08143241344580213 -6.037421878054104 0.9008414269221152 -0.20866106594226272 0.3807168017053701 -118.60336235908889
0.34477080252892633 -0.1700031265051786 -0.9231641407149782 58.21002366821673 0.25596927459584035 0.9632191853910648 -0.0817834418293413 -5.867813593349491 0.9031128524090659 -0.20810511255862554 0.37560542852909146 -118.30330408994715
0.3461180798868273 -0.17191916515857092 -0.9223047627691379 57.989273207165525 0.2534856815307388 0.9636416214572066 -0.08449754229693676 -5.380870646264374 0.9032980040021967 -0.2045449242746096 0.3771128344662132 -118.44321408260893
0.3451803738813284 -0.17762267296010226 -0.9215751166007332 57.94931953237209 0.2523119448847779 0.9633416185235834 -0.09116802338991281 -4.629872999109882 0.9039851724202158 -0.20105499762719514 0.37734294212761077 -118.50309045460925
0.34531774191741044 -0.1767527037024794 -0.9216909128612064 57.95741873744164 0.25100124369175714 0.9637211944706503 -0.09077353685548373 -4.549231611316756 0.9042975355391895 -0.19999985265476133 0.37715517516775754 -118.50883387906688
0.34561553526932703 -0.1778781365574075 -0.921362724617922 57.8879359260101 0.2506745511635612 0.9636881963853925 -0.09201809358173045 -4.397961071024292 0.9042743893196598 -0.1991593047847206 0.3776551338698086 -118.55613698617907
0.34467134076184536 -0.17639398877407528 -0.9220015333944966 58.04789689277204 0.24975666843035757 0.9640169206568637 -0.0910658182954857 -4.406217656770667 0.9048885419939852 -0.1988882535788109 0.37632457952726167 -118.48128982587326
0.34311662781165464 -0.17378907957773115 -0.9230754766207818 58.316109342983246 0.249237725727675 0.9643518520362327 -0.08891603650851829 -4.566903833064737 0.9056221815929946 -0.19955666186277252 0.37419995044485554 -118.349545616283
0.34325381629093155 -0.16804646107621682 -0.9240872277666601 58.4553083250379 0.2444814805481609 0.965934984126717 -0.08484345648957552 -4.530698779658177 0.9068658242930376 -0.19679937337267822 0.3726451171952083 -118.28658188361618
0.34368002365125244 -0.16917965394864756 -0.9237219744235223 58.370869333312896 0.24607749266299375 0.9654916792041099 -0.08527417541273719 -4.6346019909230876 0.9062725356909855 -0.19800015676115984 0.3734515081972321 -118.33272897882533
0.34595890799912876 -0.17104326974111175 -0.9225273079168549 58.03380584025485 0.24911527273966003 0.9646976037094079 -0.08544070625393183 -4.894406116219003 0.9045739410705435 -0.2002566684872071 0.3763552203205234 -118.49756401599004
0.34507127766445167 -0.1670417754067476 -0.9235923660360044 58.25347242433771 0.2518617490122691 0.9644238357884647 -0.08032636147333799 -5.638488087710449 0.9041523503898576 -0.20489926850046652 0.3748663989376349 -118.36150396583852
0.3446160007291442 -0.16633820549912232 -0.9238892863502541 58.32996572712496 0.2561992389359651 0.9634797229052939 -0.07790233320619964 -6.267609074923883 0.9031067279176268 -0.20985334150703733 0.37464625054609585 -118.29731483834459
0.345552435161178 -0.16878304217291668 -0.9230957692618005 58.145889862543534 0.25617878417117385 0.9632937250670466 -0.08023484147820083 -6.040100168135601 0.9027546427987834 -0.20875220698547908 0.37610712700497007 -118.40680385295096
0.3434216612980533 -0.16543648292671037 -0.9244957180366631 58.502343212236674 0.25084076480406386 0.9647614461858004 -0.079462334888896 -5.630090985328802 0.9050637951347946 -0.20461212591223182 0.3728181925092705 -118.25302727306074
0.3441266836061363 -0.16666765411618195 -0.9240122935879429 58.380460164253364 0.25066929355784356 0.9647072863141726 -0.0806520737461644 -5.499140266843033 0.9048434841990374 -0.2038669782082273 0.373759982206218 -118.32698929139941
0.3471485579152405 -0.16802156450767672 -0.9226356987445054 57.9642855525479 0.2529557802480461 0.964131173545245 -0.08040182483856287 -5.73084986409031 0.9030510793839245 -0.2054746555141567 0.37719877248589706 -118.52957840439866
0.344885949362455 -0.16535844804446453 -0.9239644287485772 58.32067118527022 0.25533106991632587 0.9637686572272326 -0.07717525563159197 -6.259746959963329 0.9032495373194181 -0.20930016485120925 0.37461141777248885 -118.3328792782781
0.3470958742991471 -0.16685238214968914 -0.922867670154007 58.00284330051179 0.25839578169359123 0.9629720071559814 -0.07691900569390231 -6.563454603626934 0.9015298520001812 -0.21176684349764185 0.37735756246241664 -118.4824593436178
0.3473849018556441 -0.16651509191174527 -0.9228198383912039 57.97549150477417 0.2564149662787619 0.9634688101736513 -0.07732539615695756 -6.343894109938884 0.9019839771476021 -0.20976314258751955 0.37739147974060305 -118.51455539485063
0.34889901833822773 -0.16496781777476577 -0.9225264733877574 57.82661545393814 0.25280631928582464 0.9644595639194705 -0.07685515267969047 -6.0618426260027265 0.9024181070500386 -0.2064058348567126 0.37820390189067166 -118.60981574441519
0.35060938550047943 -0.16255581726164753 -0.922306166667758 57.67531243282347 0.2522533529832299 0.9648156401552013 -0.07415542070966134 -6.273605042261686 0.9019098096304831 -0.2066552365325076 0.3792786686672467 -118.68040015018953
0.3526257789224515 -0.15800688011485486 -0.9223279708843836 57.540148689707536 0.2519361169936696 0.9652777309861051 -0.06904415265950195 -6.741275407781969 0.9012121021121978 -0.20802097946766437 0.3801894515998927 -118.72801042576417
0.35542003565267566 -0.1555696271176879 -0.9216695120134518 57.249909828176364 0.25273648703791596 0.9653171895716582 -0.06547512227715793 -7.160945469210825 0.8998893634088493 -0.20966834438211937 0.38241119098122234 -118.85261177068742
0.3575483922903271 -0.15291227793479084 -0.9212909325654929 57.04865662410174 0.250310262975444 0.9661003304678022 -0.06320540893916521 -7.161160720521364 0.8997243574672001 -0.2080095832571094 0.38370313245194815 -118.95683776767748
0.3603021168123872 -0.1494656991816023 -0.9207835735875546 56.78639534122768 0.25116616543096176 0.9661714197065692 -0.058552071567957234 -7.692163975728229 0.8983862988510117 -0.2101732440401185 0.38565433425080703 -119.057797553993
0.3633712571669461 -0.14404493959330922 -0.9204414076096713 56.53036312830722 0.24810451972010622 0.9672589633085412 -0.05342513634743247 -7.912292222579008 0.8980008222487151 -0.208952514406614 0.38721230605933127 -119.17198886849928
0.36398807987239445 -0.14584034599244253 -0.9199148173562659 56.4076872383157 0.24511879950551133 0.9678481037726533 -0.05645194551702039 -7.3468718423827974 0.8985707828767773 -0.20494058042389834 0.3880333834294819 -119.27343253512281
0.3648207147867309 -0.14981428739941166 -0.9189458772710746 56.20225418006167 0.24143399334296411 0.9684325182540285 -0.06203293034050411 -6.470304304180155 0.8992304893190444 -0.19923387482847077 0.38947450519881904 -119.43085191225494
0.3661866643914081 -0.14966391190102613 -0.918426937919602 56.03183039212896 0.23824070412890475 0.969164367384422 -0.06294279854373382 -6.092473392437237 0.8995269277337161 -0.19575786693472957 0.3905511026934975 -119.53845266995882
0.3674382295081975 -0.14978472326538253 -0.9179072307004635 55.868709267839286 0.2396025484275133 0.9688772511652772 -0.062189154693221824 -6.289323253089347 0.8986544198316294 -0.19708223880078363 0.3918913431888341 -119.6119112090133
0.36747539751749886 -0.1485625919995928 -0.918090947824734 55.89494218180789 0.24140692193229932 0.9685609033732393 -0.06010386426833854 -6.655825335757362 0.8981561836688142 -0.1995468183539308 0.3917863410358947 -119.58640054451956
0.36931600279081833 -0.14783261962511846 -0.9174700031376432 55.67760549763332 0.24322716009667433 0.9682275395118174 -0.05810318685062359 -7.015581500316943 0.8969092700345552 -0.20169518661997554 0.393538832925563 -119.67474089126847
0.3713084842596259 -0.14711304803517616 -0.9167811956048285 55.43975138743789 0.24243214570706584 0.9684794512549744 -0.05722068878239368 -7.029484521961841 0.8963016591776939 -0.2010107051742855 0.39526956897875326 -119.7923887224983
0.37163156272802444 -0.14414323894977127 -0.9171219702141017 55.47216036014604 0.23846264916115928 0.9695498873184247 -0.05575464963455201 -6.811741663273194 0.8972321586631681 -0.19797914704811448 0.3946881183855587 -119.79609168670426
0.372500910706847 -0.14562689551615915 -0.9165347122858443 55.323674534086805 0.23785203659665693 0.9696044243040618 -0.05739049622377587 -6.597284508604965 0.8970337118578053 -0.19662163581944472 0.39581618476041813 -119.88478710464466
0.37176639041835535 -0.14669872847789656 -0.9166620064223647 55.39163917468456 0.2386452041255277 0.9693525383325714 -0.058344862465225675 -6.5766531822806895 0.8971277598554135 -0.19706633271862867 0.39538164222133343 -119.86096277423214
0.37227678135926556 -0.1476364023640972 -0.9163042566515622 55.3022187188122 0.23909296113095752 0.9692012946440656 -0.05902038967931075 -6.551608563108328 0.8967968298329427 -0.1971099773153395 0.39610996307127944 -119.91111172263773
0.3722569000352729 -0.1456054741583378 -0.9166372490092547 55.35533725065014 0.23635980682797098 0.9699280924248955 -0.05808215940585788 -6.394758104638386 0.8975292987375805 -0.19503471849937098 0.3954777066883771 -119.90116925078436
0.3717652008277266 -0.1455521406149647 -0.9168452485648392 55.41928129746284 0.23466561011196202 0.9702910576797177 -0.058883909666014436 -6.163197717064109 0.898177425058268 -0.1932610611302139 0.3948765318001603 -119.89151889595388
0.37125940780941014 -0.14568088966820045 -0.9170297326142092 55.48074069046603 0.23302645795020596 0.9706266488132294 -0.05985464483881538 -5.920133531657906 0.8988131741403145 -0.19147059042861242 0.3943017765528473 -119.8818769080071
0.37044760720651104 -0.14472287003426165 -0.9175095973361895 55.60813782348139 0.23245225058323277 0.9707998773784015 -0.059275199543070214 -5.9242580554060496 0.8992966815872059 -0.19131881499509412 0.39327164850153196 -119.82924563275813
0.36979173715795943 -0.14325150217020743 -0.9180049445703862 55.72787993701204 0.2343002716420826 0.9704882840770319 -0.05706025917978928 -6.307446273696141 0.899087011272071 -0.19398839551683877 0.39244241433190885 -119.76124228036262
0.36838186896898356 -0.14304301106608322 -0.9186041016673433 55.91344132249918 0.23804721616321986 0.9696647730759216 -0.0555315291754407 -6.796244595106659 0.8986814349322344 -0.19821434065367205 0.3912579119549791 -119.6536357204929
0.36673081203335406 -0.14468428690266494 -0.919007599875444 56.084190060269115 0.24358064307248606 0.9683060017459143 -0.05524452283471852 -7.32681109851805 0.8978735890011192 -0.20359259344659109 0.39034993796328465 -119.54862658064032
0.3653689525722219 -0.14518053972503187 -0.9194716631747962 56.245632593190706 0.2476581129055398 0.9673232640591067 -0.0543245977629163 -7.786875517376977 0.8973132048556648 -0.2078660955884441 0.3893850262869278 -119.45012696919885
0.36463328545116996 -0.145512902184313 -0.9197111298875228 56.33105935515484 0.2495042837954048 0.9668639155853149 -0.054053502261876565 -7.98135303251333 0.8971009862377967 -0.2097621606413586 0.3888568585665439 -119.40364033227486
0.3620150795865358 -0.14586020807105704 -0.9206898945103189 56.65588015072756 0.2452093228589141 0.9677985154160325 -0.056907130850152976 -7.31305918352702 0.8993427990121604 -0.2051605060921608 0.3861239394352304 -119.29909555687139
0.3609440314716313 -0.1459155100296397 -0.9211015525325078 56.79038022092111 0.24107046276540373 0.9687130715846274 -0.058991668251971024 -6.734206355153973 0.9008909135556203 -0.20075768696083998 0.38482712092451754 -119.2760146682993
0.36054950756792536 -0.14345950517502393 -0.9216416998852992 56.90070520129508 0.23832004230390558 0.9694727302427155 -0.05767306782199014 -6.612519215419812 0.9017802448650065 -0.19885169270255784 0.38373219083175225 -119.23641497891057
0.36041435449495246 -0.1399488590941322 -0.9222341405045886 57.00308488869869 0.2370720054722443 0.9699598034542081 -0.054542129628774125 -6.8036145976634845 0.9021631544767026 -0.1989781307614597 0.38276539313699787 -119.18160557254092
0.3584388908105323 -0.14151561516777064 -0.9227648087233294 57.215928709400046 0.24046212197774994 0.9690868552549653 -0.05521444436014605 -7.046365094619719 0.9020529526854136 -0.20209897979883368 0.3813875626128854 -119.0726198448448
0.3595553978749733 -0.141529997670338 -0.9223281279557746 57.073749923359244 0.2417306257921413 0.9688156912284124 -0.05442849422639699 -7.23816638281595 0.9012692274859434 -0.20338489665913567 0.38255504623236025 -119.13573158096058
0.3589232872496137 -0.14013452054249814 -0.922787294029483 57.187449184574035 0.2420931218964006 0.968806589458477 -0.052959536934236925 -7.414100479557472 0.9014238704407522 -0.2043920457702756 0.38165284936111216 -119.07709000391232
0.3593124456637774 -0.1393697495928547 -0.9227516671832894 57.15649849235431 0.24271003579661526 0.9687147899371258 -0.05180245438853531 -7.582848138503064 0.9011028825360181 -0.2053478235957117 0.3818977172356281 -119.08776413524056
0.35980137544662666 -0.1382919233183162 -0.9227233139850952 57.12013295849883 0.2441324541301222 0.9684546028214072 -0.049950246390126934 -7.892548113786395 0.9005233562030024 -0.20729453977119502 0.382212844778834 -119.09176276726092
0.3593993284500869 -0.14024573751709302 -0.9225850940796264 57.124317873297265 0.2461971323842675 0.9678653633439582 -0.05122119136481644 -7.956638477956543 0.9001217110565604 -0.2087289427639452 0.3823782600217429 -119.09198362494708
0.35926751746238705 -0.1397650458608128 -0.922709370740288 57.15263396568575 0.24639358270109757 0.967844614611282 -0.05066561330583719 -8.028670957458298 0.900120577089609 -0.20914715853547744 0.3821523423667649 -119.08049146294239
0.3606990725109611 -0.1394835692323981 -0.9221933165036078 56.97768390085982 0.24478630656515263 0.9682502556658865 -0.05070607972557624 -7.8784684639031415 0.899986579459896 -0.20745065995830475 0.38339063691610975 -119.1802899278326
0.36182016015723034 -0.1390853514167428 -0.921814209439775 56.84468668927559 0.24316477961444785 0.968658600568975 -0.05070902778413178 -7.730762559142412 0.8999761450498858 -0.20580520052961732 0.3843008688203955 -119.26020350934272
0.3625319135981931 -0.13940142301357045 -0.9214867632715208 56.746729798032106 0.2421084666960691 0.9688908725731227 -0.051322192067090905 -7.575156875085014 0.8999745007370547 -0.20449381483625503 0.3850041268828229 -119.32372003568045
0.36481421250624035 -0.138935204206497 -0.9206560700856486 56.467206317745884 0.23986537345048056 0.9694523778119197 -0.05125124168521608 -7.378105355259963 0.8996528180208815 -0.2021363306951868 0.38699575041616785 -119.4750847436331
0.3663824241273701 -0.13929462808687468 -0.9199787638183238 56.258698657383626 0.23866384351036937 0.9697208913192001 -0.051778014059575606 -7.217527277806012 0.8993350260561465 -0.20059511341315112 0.38853328220804356 -119.58986694488888
0.3679903813360477 -0.141239661869047 -0.9190399540603593 56.00645139526632 0.2396879929709855 0.9694018641340236 -0.05300652638138624 -7.191083481346557 0.8984056685427195 -0.20077695019248865 0.39058401273184745 -119.7163854616374
0.370183917023527 -0.14292830408573104 -0.9178972532197138 55.684612408542236 0.24099559675386267 0.9690394746652398 -0.053699337852212425 -7.242426111554425 0.8971538273464412 -0.20133056507071456 0.3931679204181575 -119.86940181714817
0.3727801797502796 -0.14367174664701032 -0.916729713056551 55.333045587329664 0.2413872446707382 0.9689421436936039 -0.053696557475430506 -7.278332426783104 0.8959727315580639 -0.20126984719485508 0.3958829535538772 -120.03581467567507
0.3737150127384254 -0.14499297514351117 -0.9161408878622062 55.18058007188122 0.24121223557964383 0.9689154922653889 -0.05494930622664171 -7.14053824844524 0.8956303627393327 -0.20044901099070553 0.39707234521212764 -120.12058950142756
0.373893340423429 -0.14637091097361785 -0.9158489648450572 55.12393914815438 0.24065604987082959 0.9689581020233239 -0.05661150222283802 -6.92819262403755 0.8957055518682344 -0.1992379304854145 0.39751202674675207 -120.16452341802852
0.37381048561764946 -0.1472222573321088 -0.9157463228363711 55.11380757282455 0.2398245536120192 0.9690880695054318 -0.05790075152388524 -6.727210349671128 0.8959631154947689 -0.19797454505131035 0.3975627940145228 -120.18668334455768
0.3751241723426717 -0.1480830890055479 -0.9150700815100451 54.92319407837439 0.2397011554700253 0.969078986157839 -0.05856000899615668 -6.651845508029925 0.895446933877469 -0.1973760809669454 0.3990206401573351 -120.28404132131708
0.3760209487220901 -0.14885388602489874 -0.9145768238575839 54.78829999314421 0.2400031630319267 0.9689755779254774 -0.05903228878044371 -6.633374798542132 0.8949897920405628 -0.1973039533290546 0.4000805195756431 -120.35221764719661
0.37663633790684536 -0.14866026126668805 -0.9143550709042088 54.71391519023534 0.23983501198550303 0.9690338442921325 -0.058758621855224374 -6.644671294805339 0.8947760814829788 -0.19716372723331158 0.400627293964645 -120.39107199491751
0.3778237183081828 -0.1481435629611595 -0.913948971571691 54.573633357685026 0.2394713889652038 0.9691636761139192 -0.05809666744685177 -6.676047027072852 0.8943727923807022 -0.19691433074950893 0.4016491685471514 -120.45847045668708
0.3789136062295482 -0.14717702664399496 -0.9136538742009205 54.45695515295434 0.23903145975351298 0.9693365121490196 -0.057014800384441025 -6.741359584674244 0.8940293285246427 -0.19678833563757214 0.40247473298925324 -120.51295859060502
0.3795955523606185 -0.14751754876948572 -0.913315821297912 54.36036881546617 0.23927001730587624 0.9692720923358 -0.05710927978381694 -6.753839107616506 0.8936761580385162 -0.19685066376322688 0.40322790172493567 -120.56105859216703
0.3803689591439248 -0.14868147983194172 -0.9128051667660252 54.23117176037952 0.23999121037939405 0.96905056881102 -0.05783782523290547 -6.748571782223655 0.8931537795141443 -0.19706550342975454 0.4042790045223431 -120.62480043381025
0.3808431413540052 -0.14947122631134577 -0.9124784129986834 54.150019858806644 0.2400746709620635 0.9689884833856759 -0.05852752709951911 -6.688950846569249 0.892929254782298 -0.19677314748438227 0.4049168734234465 -120.66946344703564
0.38173986712959074 -0.150167003273644 -0.9119893338036887 54.01616299305381 0.24078259923024728 0.9688002696996246 -0.058734805165768456 -6.7333091779800425 0.8923555422317994 -0.1971697455436509 0.4059872875970914 -120.73223572207952
0.3816365644877894 -0.15039744629773397 -0.9119945947170285 54.02398213731983 0.2411752750036957 0.9686971054850104 -0.05882520337282242 -6.7604244917305065 0.8922936844855782 -0.19750069866226394 0.40596238083727476 -120.73202126363893
0.38171232875067 -0.1518107055818865 -0.9117286919640459 53.97838219131533 0.240624834756718 0.9687271317727866 -0.06055933508198648 -6.541379786167838 0.8924098761096508 -0.19626832102507002 0.40630451533788975 -120.76916738053632
0.3820419709520798 -0.15328486691171392 -0.9113438878968291 53.8979198223547 0.24069564808306762 0.9686173311129809 -0.062016698246828844 -6.406189979475239 0.8922497057578233 -0.19566352609371093 0.40694747465938824 -120.81727970261204
0.3831272082931059 -0.15182847503258534 -0.9111320740895968 53.79429785121078 0.23714626277784245 0.969503950782858 -0.061836392738677304 -6.09969570127217 0.8927346707258733 -0.19238036174648665 0.4074488975298098 -120.88368200399096
0.3828131588624152 -0.15302203147365737 -0.9110644012831663 53.8047071003742 0.2391431806551169 0.9689857542632307 -0.06226674217487216 -6.240425093546417 0.8923366094405931 -0.19403831044047176 0.40753467279910516 -120.87653321041495
0.3832043239159102 -0.1532997562674598 -0.910853243316665 53.746846322729375 0.2414249737030225 0.968473343908038 -0.06142771534151398 -6.530183124026571 0.8915539401542933 -0.19636335418789475 0.4081335626084117 -120.8914862745507
0.38363103721866665 -0.15429701915209448 -0.910505165917969 53.665701594432996 0.24428337871297257 0.967778521681444 -0.061076704697070994 -6.8245586981076825 0.8905912969298007 -0.19899035869322157 0.40896207523441414 -120.91559366363218
0.38362524224863526 -0.15578245834829302 -0.9102546342538654 53.628168238349225 0.24755868298367895 0.966941202478832 -0.06115071077409755 -7.1157791149997776 0.8896889186614961 -0.2018824822012879 0.40950835326179175 -120.9198957777754
0.3845404699719532 -0.15645271180431278 -0.9097533599403886 53.49165019679175 0.2491867999685158 0.9665393379687627 -0.06089044982882799 -7.289382250252361 0.8888388862303451 -0.2032836863301696 0.4106594418698016 -120.9741776984986
0.3851709788194826 -0.15482924935191456 -0.9097643764296139 53.45177978708601 0.24935899298298708 0.966616294603422 -0.05893243271460115 -7.495602311316792 0.8885175348262702 -0.20415886596538751 0.41092061003796665 -120.9830327203526
0.3863817287416056 -0.15325609753960734 -0.9095173050918705 53.33436243724281 0.24817518047956943 0.9670063648276566 -0.05751321740899551 -7.5255267962083074 0.888323274201786 -0.20349756497248706 0.4116679506127322 -121.03711866347514
0.3844882148030434 -0.15423482191457705 -0.9101540706861381 53.55609845515617 0.2483491662913312 0.9668761677111584 -0.05893358901835659 -7.4036314191732915 0.8890958914987571 -0.2033767342179595 0.4100565810944485 -120.95065218403761
0.38285771773845806 -0.15573467243036582 -0.9105858991721242 53.72944214315212 0.24772706225086832 0.9668944784047422 -0.061207599683175296 -7.1255805052551295 0.8899726235096524 -0.20214296780602603 0.40876270618773225 -120.89438017754259
0.38126203667630537 -0.15593057294364776 -0.9112216611839851 53.9316383612529 0.24671747925564058 0.9670852979370048 -0.062261641030711384 -6.930853555451302 0.8909375650510972 -0.20107631122427214 0.4071837082267186 -120.81903252849374
0.3793202378973741 -0.1555125577330639 -0.9121030651789304 54.19440430857787 0.24626274398357054 0.9671864749661858 -0.06248986772402537 -6.867258935645756 0.8918917075784267 -0.20091333213553614 0.405170352966544 -120.70878788135416
0.3779118488138923 -0.1551235951173115 -0.9127536933718462 54.38674671767727 0.24621754397344064 0.9672015627670316 -0.06243442976994802 -6.868614122792278 0.8925018518556432 -0.20114126185070075 0.40371108136308964 -120.62552262959865
0.37621498501185147 -0.15541251453246635 -0.9134052963385031 54.598744107071255 0.24580752961438945 0.9672476291207139 -0.06332994824906454 -6.744042753676362 0.8933313738123181 -0.2006962238983436 0.40209461856078416 -120.54012552369346
0.37572438113583523 -0.1552755375984421 -0.9136305034550941 54.66541437250223 0.24532498475995523 0.967357769760572 -0.06351847870013978 -6.681858029726272 0.8936704321351477 -0.2002709482360514 0.40155286827516434 -120.51658639304448
0.3743528416322615 -0.15430320115388677 -0.9143579562050708 54.86753450840072 0.24449939526364026 0.9675886530911837 -0.06318420787588883 -6.639146624598657 0.8944719088252941 -0.1999067795820154 0.3999466011851862 -120.4301982677122
0.37353260939061966 -0.15381344750494536 -0.9147758266856849 54.98568824279898 0.24419569541559027 0.9676776460758942 -0.06299552067816247 -6.62990652576381 0.894897676867211 -0.19985343792804752 0.39901973796544077 -120.38000231753767
0.3717149251625679 -0.15425827392165126 -0.9154410955042926 55.20833025815462 0.24398880157747127 0.9676648031957351 -0.06398666549327907 -6.514604740354388 0.8957106000914448 -0.1995725772316233 0.3973327412899066 -120.28739350918538
0.37041448751386474 -0.15553770272263598 -0.9157516751126398 55.342518236995986 0.2442342108993881 0.9674991894441807 -0.06553601033940593 -6.386195028480764 0.8961823238974278 -0.19938240006735403 0.3963633445176123 -120.23538468525298
0.36852719541052 -0.15656309567315627 -0.9163382035668349 55.5583213946875 0.24448012569078428 0.9673400019635684 -0.06695363129316731 -6.270687169651467 0.8968930674194525 -0.19935224522026632 0.39476766324075235 -120.14468401280358
0.3677916348305482 -0.15612278656292727 -0.9167087808374583 55.66386411277625 0.24495675286196156 0.9672539946270097 -0.06645223175647673 -6.363044550837593 0.8970649377698341 -0.2001134313181383 0.39399125882446195 -120.09363898149604
0.3665241678345698 -0.15503161069375493 -0.9174013484178428 55.8543476007505 0.24523272261165002 0.9672504282747495 -0.06547916281376316 -6.4827990941259275 0.8975081872348875 -0.2009771347392877 0.3925394822923327 -120.00139972122955
0.3661792170526222 -0.15412228627980096 -0.9176922697018952 55.92178192211866 0.24636208713649654 0.9670552170965279 -0.0641087287983205 -6.71917999887331 0.8973396809572605 -0.20260929879517967 0.39208541036520056 -119.95953333398884
0.36506187102046567 -0.15416057081571502 -0.918130899563243 56.06370138296547 0.24698164883911097 0.9668947666291641 -0.06414495616841757 -6.772074749922276 0.8976245849260988 -0.20334460570889762 0.39105124455158297 -119.89288093107984
0.3649124152962766 -0.15450829914040662 -0.918131861259251 56.07384153274282 0.24646407124809647 0.9669850180075984 -0.0647721895002626 -6.6638653727667965 0.8978275952244122 -0.2026503403539785 0.3909455829242296 -119.89669200665368
0.36471855677235604 -0.15551110726448056 -0.9180395796823059 56.0728649114593 0.24632877253370647 0.9669410186831352 -0.06593331638904541 -6.5385637385968485 0.8979434894067261 -0.20209245880387444 0.39096819298592195 -119.90649892934722
0.3655639252024728 -0.15659843548384048 -0.9175183630830362 55.936735397443364 0.24676992654895355 0.9667769079081479 -0.0666859331987257 -6.5056826717324405 0.8974784788180633 -0.20203796756940087 0.3920625456720404 -119.97431798597245
0.36600941023112865 -0.15805495755285354 -0.9170909126227492 55.842041865578004 0.2464228739720853 0.9667550569893425 -0.06826731991861776 -6.320030993252976 0.8973922658489982 -0.20100569688070732 0.3927898051323405 -120.0307430205833
0.3672916368849123 -0.15965671296572284 -0.9163004897299699 55.63603948264405 0.24677192706750004 0.9665781315350435 -0.06950058740483277 -6.2318610368629 0.896772250622082 -0.20059025311117473 0.39441485883648025 -120.13344942225638
0.36977907678344657 -0.16036703868838367 -0.9151753095858193 55.2983276237192 0.2469488369168524 0.9665268696869873 -0.06958507108918474 -6.23984648708169 0.8957006789762949 -0.20027037493196917 0.397003867243145 -120.29125836625671
0.37394848000152664 -0.16071147313248518 -0.9134190477038096 54.75274478449102 0.2468375260304559 0.9665962551303815 -0.06901387767026522 -6.2851864757043465 0.8939987528222351 -0.1996584633104963 0.40112682281390677 -120.54052904053871
0.3792301353964266 -0.16108054808305916 -0.9111737273629378 54.06033849988374 0.2464856084186715 0.9667356413131277 -0.06831577165906211 -6.321019501595385 0.8918684596114413 -0.19868381122818496 0.4063193250463946 -120.85329651251183
0.3863218090146132 -0.16323418853558724 -0.9078050779615661 53.08060075449021 0.2473849756813239 0.9664920904476337 -0.06851067733801648 -6.38411668925695 0.8885697123393457 -0.1981101683288654 0.4137586585412819 -121.28598047935704
0.39433900758152574 -0.1657704508834301 -0.9038898742178283 51.961765423727385 0.24803162155160655 0.9662910871666017 -0.06900615605050887 -6.394848577003117 0.8848599108390536 -0.19698145211235207 0.42216258208610946 -121.77149628278994
0.4043161698355589 -0.16848020574131845 -0.8989676607547495 50.568345402100014 0.2490268653327531 0.9660321049407783 -0.06904775569293922 -6.481548564170689 0.8800648016777209 -0.19594997447576248 0.4325384981142161 -122.35458333719416
0.415089604980504 -0.16972289577015992 -0.8938091286670328 49.09467727053939 0.24912107019195617 0.9660992271558858 -0.0677567389653185 -6.615759973625126 0.8750081783752329 -0.1945415686689899 0.443299296002447 -122.94891439360777
0.42936956339289606 -0.1733489403433564 -0.8863362358121376 47.060581330021044 0.24897503653893527 0.9660960135957034 -0.06833683995420103 -6.5459047981378475 0.8681320229160019 -0.19133383756232375 0.4579717823091775 -123.74792609799084
0.44356881269555987 -0.1780669968847777 -0.8783728439701947 44.97580819960543 0.25054642809469096 0.9656259186928761 -0.06923201945292938 -6.6021669815417265 0.8605075222058453 -0.1893640139228558 0.4729355922936878 -124.52047567331647
0.4592305124343222 -0.18385383932239657 -0.869082908712238 42.62132652341794 0.25228199782504745 0.9650565759345036 -0.0708491271574655 -6.603273220276107 0.8517400601255718 -0.18671789151547946 0.4895664397865739 -125.34863244186478
0.47661836500813953 -0.18727923160482726 -0.8589303950533322 40.05059732151628 0.25391120459062405 0.9647307302826869 -0.06945299296338318 -6.887735666680406 0.8416436504366358 -0.18498947931636267 0.5073606786320308 -126.18109980586331
0.49460764542172564 -0.19089751327273866 -0.847892337809855 37.33771451325618 0.256385340623919 0.9642129683132192 -0.06752709715194496 -7.301058829457296 0.8304395427745078 -0.18398774731730302 0.5258504299071844 -126.9897279790962
0.512995034438422 -0.1938137437503986 -0.8362250458907441 34.53435450683093 0.2573583287313887 0.9640889192552784 -0.06556863885864944 -7.580487365300273 0.8189034041168157 -0.1815730941043974 0.5444524095118387 -127.76704823954745
0.5297852509664424 -0.20103568220429202 -0.8239613111906884 31.775090411525866 0.25945867366303293 0.9633418644951384 -0.0682176573333505 -7.51439234085583 0.8074706090746854 -0.1776432002404977 0.5625247629117059 -128.48774065215733
0.5416115082071077 -0.20802580291720058 -0.8144828049125875 29.731494792659582 0.26395616197660293 0.9619786368827188 -0.07017297724799504 -7.735116641257664 0.7981128483693288 -0.17698126313799517 0.5759283929151924 -128.96519473707747
0.5458642767651812 -0.21523977818321774 -0.8097555367141772 28.824303438505122 0.269578010381379 0.9601698005392678 -0.07349592132356764 -7.926022786193271 0.7933220579754751 -0.17817348854423365 0.5821463049006969 -129.16210037165786
0.544146949923392 -0.2169877588013307 -0.8104445751681266 29.028527716310887 0.270765106950422 0.9597072614089346 -0.07515470216220389 -7.873200612095063 0.7940971941438884 -0.17854491011882295 0.5809744928337778 -129.12210248548325
0.539379926569182 -0.21804485495466241 -0.8133423240198583 29.72624903529893 0.2719103556124192 0.9592499692730124 -0.07683914992015788 -7.814195083545213 0.7969529806236699 -0.179710705517298 0.5766888320381481 -128.96911511656177
0.5290733844285731 -0.21664831575560517 -0.8204540579274108 31.351911145727698 0.2725620974702291 0.9590139558275838 -0.07747345061734753 -7.81219625610699 0.8036113842597831 -0.1826355381851759 0.566438878679674 -128.58620817632564
0.5166592243296173 -0.21195203256803657 -0.8295417902706265 33.38856429061555 0.2717054604379475 0.9593826212425149 -0.07590210027426009 -7.886548174556966 0.8119355816093546 -0.18617551382531183 0.55326240552613 -128.0701905196294
0.5033025677539918 -0.2066772139746782 -0.8390298293361824 35.553353954996865 0.27104194520072994 0.9597325650303289 -0.07382186371333209 -8.028197288956248 0.8205015473684634 -0.19025754346141005 0.5390540584412539 -127.47944157052085
0.4865479736312483 -0.19980320049268835 -0.8504997063069479 38.22916324563163 0.26939670980412883 0.9603713567294643 -0.07150013930278906 -8.1035044989247 0.8310815135123848 -0.19433357467634568 0.5210930623712784 -126.69992877431824
0.4676319070705427 -0.19457424721763555 -0.8622419972428027 41.10869279092037 0.26898314911796223 0.9605337196506618 -0.0708734005438404 -8.126701227053502 0.8420026514092168 -0.1987859042632399 0.5015134088796576 -125.79602749959086
0.44746227658422816 -0.19086284516033766 -0.8736983949689737 44.05771118556263 0.26897637926752826 0.9604474752560337 -0.07205799518749753 -8.010803569482327 0.8528946115612354 -0.20276099627791236 0.48110161084556546 -124.8032999001813
0.4275323332223378 -0.18729776996768405 -0.8843843335420388 46.90863874723329 0.26885756079635864 0.9603776085853817 -0.0734197584472691 -7.867538189057687 0.8630942683462196 -0.2063840940890444 0.4609489013491064 -123.77134710383693
0.40791142038290723 -0.18292914734042282 -0.8945083566823203 49.68453289442992 0.2675259253072097 0.9606691344690487 -0.07446269782253682 -7.644299122003587 0.8729479666106797 -0.2089299909821351 0.4408062005671932 -122.69971579705216
0.39212949056617474 -0.17647318081565683 -0.9028242791823429 51.96087439090629 0.2657266700142784 0.9613189957134779 -0.07249224319576235 -7.6713342809917044 0.8806950661105326 -0.21147814292081163 0.42385515874568486 -121.75322732965842
0.3780737571520391 -0.16885239346249115 -0.9102467266488405 54.007259537316195 0.26412764292818347 0.9620341145238966 -0.0687528234578326 -7.888894317739354 0.887297482468052 -0.21442768411333915 0.4083184368745147 -120.84744494649536
0.3707896885637516 -0.16535663201522663 -0.9138775580477818 55.04134480807954 0.2615117083651534 0.9627946221292785 -0.06810390581221197 -7.712629058849357 0.8911378306652316 -0.21373745541556494 0.40023701341798 -120.39209567262864
0.3687851056498968 -0.16721383215723765 -0.9143506330648465 55.24686182819907 0.25876427634263344 0.9632688587957647 -0.07179244363565308 -7.102016088604558 0.8927701804718098 -0.21012529597741525 0.39850817413289774 -120.3351674543171
0.3615827386693315 -0.16512440800322833 -0.9176011404624393 56.22428135282843 0.2570802238766119 0.9636955000815176 -0.07211616749512338 -6.916678865134729 0.8961962293984154 -0.20982114527429535 0.39090587793974907 -119.89413729782005
0.35061330667114 -0.161940161876261 -0.9224129732156956 57.70055660364691 0.2530185398328071 0.9646890833063058 -0.07318873581715604 -6.441194616738682 0.9016939212870425 -0.2077266389299399 0.37920669270579466 -119.22010307690866
0.34603582517588977 -0.16147790325704675 -0.9242208039503055 58.288442735201876 0.25665747621836427 0.9637945902841001 -0.07229749401136693 -6.860773043800928 0.9024334588190206 -0.2121906560120207 0.3749519674640039 -118.91162320340388
0.3475287916460023 -0.15955352156036734 -0.9239948120713423 58.15081115205684 0.2505782470280576 0.9653812749485582 -0.07245368241188391 -6.289732129104689 0.9035675299021183 -0.20635325957295117 0.37547842970029977 -119.01173531825192
0.3519320766009412 -0.16024415316455945 -0.9222069316785265 57.57759355681236 0.2515913826160367 0.9651741634610873 -0.07169805004699237 -6.455839991978152 0.9015794971341685 -0.20678647335781708 0.37999179567924424 -119.28277692225875
0.3569548820711317 -0.15916345778251076 -0.9204619524305714 56.97025747107873 0.25097752299370724 0.9654860721055999 -0.06961987878504071 -6.602070068363155 0.8997741356126702 -0.20616410520945566 0.3845814173951425 -119.56796714283746
0.36766963443898754 -0.15910241153476748 -0.916245306975879 55.60504419069302 0.24855134537666215 0.9662258425821131 -0.06804299991870208 -6.533929853342556 0.8961256991198011 -0.2027166588376663 0.39479702076730616 -120.21418260628936
0.37940035914531073 -0.1625561723970641 -0.9108407425538371 54.0008537715095 0.24767503898615367 0.9663616146375767 -0.06929866389955079 -6.33172213624403 0.8914664562077569 -0.19930057845041899 0.40689904999362175 -120.95560328710167
0.39088862569912886 -0.16927274726147168 -0.9047390890934247 52.32007266302581 0.2503764489487747 0.9654335813630365 -0.072454356586354 -6.271381403813274 0.885730046973031 -0.19820377648040627 0.4197589151859162 -121.6968603740968
0.402896876081991 -0.1764494823468606 -0.8980755466122534 50.53372845593071 0.2526498343003109 0.9645551814010899 -0.07616668077536459 -6.1178359896407155 0.8796829931693566 -0.1962113202948183 0.4331962018725072 -122.45880543679557
0.41646385053864277 -0.18153333349384249 -0.8908442681103921 48.57226543809839 0.253456314205842 0.9641976779941612 -0.07799188765414591 -6.014080446735973 0.8731081021177827 -0.1933093028834381 0.4475642472707161 -123.25631681002166
0.4293318036531925 -0.18557532087518863 -0.8838755583530791 46.70839192331925 0.25131418947482925 0.9645570211285411 -0.08044209818400036 -5.580216167782844 0.8674764437957414 -0.18759411844113213 0.4607527169597465 -123.99624576366762
0.44377803120391074 -0.1855872229353363 -0.8767088694110095 44.721875399495815 0.24990753453541387 0.9651385019812975 -0.07780678746566999 -5.708043511410326 0.8605854305083322 -0.18456720910401936 0.47468690957339604 -124.72212351209446
0.4607826428314007 -0.17774267984613756 -0.8695325731831001 42.579043988144576 0.24780440065712095 0.9665418348769901 -0.06625602197224216 -6.639732790064345 0.8522161316709951 -0.18494437324161717 0.48941111933219344 -125.42491999282828
0.47654740683864066 -0.17537007218258774 -0.861480067568624 40.410367009595134 0.24997384045718704 0.9664857324690018 -0.058467153350764245 -7.59615267705587 0.8428615830149409 -0.1874851106529021 0.5044141999993825 -126.08742513174406
0.49140810233201415 -0.17917763301616824 -0.8522989222034558 38.15450599503107 0.25190097951491097 0.966022541808574 -0.057847603555640004 -7.832524250806124 0.8337049678884476 -0.18626815225482166 0.5198463253440361 -126.77481031635182
0.5020893634539993 -0.18920287268884184 -0.8438652404695004 36.286498108142254 0.2541817064682027 0.9649617529185033 -0.06511893350909517 -7.332653711779249 0.8266183709567978 -0.18179958297735294 0.5325889413290427 -127.35290099694927
0.5140844749027214 -0.1968649599029066 -0.8348421049674124 34.265466834194314 0.2547477380105724 0.9644303257066231 -0.07055307814626757 -6.855529536844771 0.8190364721076162 -0.17640389570483855 0.5459495607999575 -127.93884928352144
0.5258212714303437 -0.20058582331834032 -0.826605902468087 32.38081941671719 0.254498968722912 0.9643796406921663 -0.0721261640281988 -6.67980011889701 0.8116293892105875 -0.17244487844569914 0.5581402139852467 -128.43899182906327
0.5370781524167783 -0.20238860604036396 -0.8188931006801914 30.60770990868529 0.25354722972874083 0.9646310289463845 -0.07211643564902817 -6.593797896773442 0.8045252391898348 -0.16889591510417787 0.5693973211806158 -128.87828682033145
0.5483989467664557 -0.2041305496285971 -0.810918808447411 28.803850618554147 0.2528527246026611 0.964831090466512 -0.0718781366634681 -6.553548659435483 0.7970722017775134 -0.16562513570569007 0.5807273194675957 -129.296251567253
0.5583407891640585 -0.20586282825972918 -0.8036641457079952 27.193193894518988 0.25251434748544194 0.96493004984911 -0.07173913305996665 -6.536165944795983 0.7902481050085839 -0.16288184318425236 0.5907431232703795 -129.64611358368032
0.5690097308952276 -0.20672238636792561 -0.7959232256448425 25.478213834997938 0.2514074432006089 0.9652755173640812 -0.07097515819523095 -6.509454476586234 0.7829573574913729 -0.15971546747843662 0.601222708984176 -129.99609497413604
0.5776606074878604 -0.20720177247197788 -0.7895414162925382 24.07939067485692 0.24875062872990236 0.9659252762112809 -0.07149465352485662 -6.216289101245537 0.7774518295452358 -0.15509927872376367 0.6095185530204424 -130.27745325210023
0.5840962387622277 -0.20972675016592573 -0.7841213389065866 22.95293422011568 0.24965237533028017 0.9656320805121863 -0.07230751397783895 -6.219573843294848 0.7723375397815178 -0.15352320785648604 0.6163808476045363 -130.48110718162545
0.5904898228308988 -0.21715771761897595 -0.7772800620186079 21.645782606953 0.2537887144614589 0.9642229345555091 -0.07658603586269788 -6.181172650407126 0.7661025111204988 -0.1520416329683402 0.6244760077850764 -130.70670908360378
0.5965787221327256 -0.22744706482543464 -0.7696503498347667 20.262214753023496 0.26088777448631384 0.9618774800591976 -0.08203220391130686 -6.300407567097569 0.7589673230265335 -0.15185369951786656 0.6331737964577143 -130.92309882093636
0.6005399768384662 -0.23446143617304435 -0.7644472324278033 19.335761180678745 0.26583286712110865 0.9602052215448041 -0.08566690887539087 -6.399407978331667 0.7541118106600808 -0.15176879608722932 0.6389691773139041 -131.0587840078485
0.6052346052270289 -0.23437458929176627 -0.760762528342451 18.558086884978824 0.265087497888457 0.960469959715332 -0.08500632298638744 -6.39541122978317 0.7506128769871457 -0.15021986679112917 0.6434394303447183 -131.171685490607
0.6123271896034379 -0.23068262943427517 -0.7562016512476312 17.514539915107093 0.2596370901534408 0.9621105932921588 -0.08325735818331045 -6.0669835517638955 0.7467556456358461 -0.14535725214896875 0.6490202423335436 -131.3311559375157
0.6177545885721836 -0.22667409090055785 -0.7529927787252795 16.754470291367486 0.2546789743120012 0.9636155744608085 -0.08113966169483981 -5.8197546526535335 0.7439878280868573 -0.14164703022291597 0.6530070677164445 -131.44188619559807
0.6221574078773147 -0.2260856245059297 -0.7495368237886276 16.029753281831947 0.2533574256661315 0.9640191873853066 -0.08047994292246718 -5.763209899390268 0.7407632379399042 -0.13982952744229915 0.6570521505725797 -131.53510241766753
0.6260031504561555 -0.2304484545879716 -0.7449923257302612 15.202447737406388 0.25482065310789476 0.9633442898253792 -0.08387022123794531 -5.567347101615175 0.7370118658262118 -0.1373364082785461 0.661779586110447 -131.64209208945118
0.6290036100412898 -0.23563094346690464 -0.7408323137093316 14.48038117406005 0.25823822494155874 0.9621762414139641 -0.08677499431017022 -5.597420078990603 0.733258124901496 -0.1367294369892363 0.6660612459275411 -131.72242658133115
0.6313523217670464 -0.23958564195995236 -0.7375587881423402 13.91441435424252 0.2605524252906499 0.9613265203230305 -0.08923987336821117 -5.569523795599664 0.7304154156878948 -0.13583092979970207 0.6693603506596639 -131.78487470015432
