1.0 0.0 0.0 0.0 0.0 1.0 0.0 0.0 0.0 0.0 1.0 0.0
0.9999903371310896 -0.004304588691186826 0.0008922783475496399 -0.016181343428929094 0.004303609869765332 0.9999901387884916 0.001096023659429745 -0.008666747374527285 -0.0008969874796537838 -0.0010921730507937105 0.9999990012852457 -0.9998315116132225
0.9999973346947459 -0.001274865416889563 0.001924921186208151 -0.05523839377803519 0.0012681009144150642 0.9999930312810291 0.003511311642336351 -0.014667986264857769 -0.0019293842217540996 -0.003508861289302574 0.9999919826523497 -2.016518274033565
0.9999930692870176 -0.0003167307016401665 0.0037095902189676 -0.10481695467752772 0.0002998367236446129 0.9999895864158115 0.004553806964883968 0.026084549196525142 -0.0037109939193126717 -0.004552663132377599 0.9999827507424985 -3.0203565805858688
0.9999852098657281 0.0013444097874861683 0.005269972686735443 -0.13396319958574665 -0.0013788251520083662 0.9999777138361384 0.0065322792538433675 0.029849321916378457 -0.0052610731790971406 -0.00653944901144697 0.9999647777375116 -4.040476222293044
0.9999730070216916 0.0028654000214724928 0.006765701051110011 -0.18838690360792398 -0.0029195139156796297 0.9999637216775499 0.008001985208670266 0.06428690510245971 -0.0067425267142369304 -0.008021521769625147 0.999945095253738 -5.063160871898162
0.9999626142044554 0.0036245233765309546 0.007850670269758008 -0.22349040698770395 -0.0036907033344764028 0.9999576405855314 0.008431829191466995 0.08599524153995786 -0.007819776357950808 -0.008460488455767247 0.9999336334141389 -6.117661431419656
0.9999571581292163 0.0008452104330075389 0.009217783110134171 -0.27440135192752635 -0.000921286837019158 0.9999655264404896 0.008252100408885252 0.06460671379612704 -0.009210490578979756 -0.008260239095711703 0.9999234647278642 -7.183305483798037
0.9999449845511401 0.0014162623766893593 0.010393366725973319 -0.32888489439939406 -0.0015010888386939667 0.9999655935278684 0.00815833884784065 0.09249930814665808 -0.010381454778524228 -0.008173491379955797 0.9999127059075423 -8.283154914166147
0.9999333059692386 0.001250529259867091 0.011481279980883115 -0.37739485154103036 -0.0013785058758226728 0.9999369378231061 0.011145407058512375 0.10933597925945371 -0.011466618288734194 -0.011160490738306779 0.999871971860148 -9.408760351464238
0.9999089003470867 0.0031445166809495897 0.013126424552142978 -0.40453188630288395 -0.0033366012635549724 0.9998873023829411 0.014637268371282456 0.05873615323534631 -0.013078918100818415 -0.014679732565960871 0.9998067049950725 -10.602568293650151
0.9999053728019534 0.001316972513816072 0.01369346651452751 -0.38561747119995005 -0.0015655112621974418 0.9998339529509667 0.018155321559587802 0.03568292801596895 -0.013667282695348266 -0.018175040848426 0.9997414032007894 -11.823878241291425
0.9998953861233515 0.0019854758629983325 0.01432741061152361 -0.38202729012364856 -0.0022517627990239282 0.9998245864599479 0.018593705238366464 0.06888838799300956 -0.014287980036753979 -0.01862402200900159 0.9997244617546764 -13.078153193891715
0.9998732967807293 -0.003742302904785874 0.01547208950996675 -0.417879639889172 0.0035514198625645936 0.9999174738460496 0.012346372515628635 0.13322062070791807 -0.015517016523654722 -0.012289860304483518 0.999804071571976 -14.376796054858538
0.9998661403935525 -0.002995113732636366 0.016085104545182763 -0.447199147910716 0.0029663258426758754 0.9999939564381067 0.0018132838324573096 0.33722043722568174 -0.016090438325165643 -0.0017653274457026002 0.9998689821239148 -15.704332329602508
0.9998490176423113 -0.007057850526974907 0.015878559936088533 -0.40367789488575845 0.007139661311647512 0.9999614991998235 -0.005101505110887464 0.4617696145949566 -0.015841942938290103 0.005214102413678429 0.9998609133174272 -17.059400157793952
0.9998329969817173 -0.01013804292625486 0.015205204115128148 -0.3341030771251017 0.010219518243943711 0.9999337849543815 -0.005290288618456118 0.5097803218602226 -0.01515056412873784 0.005444794985146688 0.999870398908854 -18.427802090538258
0.9997966665846437 -0.012257408818231836 0.016011914791724733 -0.3639755716721247 0.012220383117020056 0.9999224284269602 0.0024081871197834436 0.3843617406304607 -0.016040190856344946 -0.0022120257216796044 0.9998689010162776 -19.84047587497298
0.9997801835462206 -0.012927531949171294 0.016506468610475684 -0.38969600253090597 0.012797563371455082 0.9998864613373237 0.007955300502070517 0.23858193180705545 -0.016607436889509917 -0.007742309218043906 0.9998321107505665 -21.248170041090802
0.9998132873382352 -0.011554044054250241 0.015488528913492412 -0.3009195590718008 0.011466568675422386 0.9999178693560816 0.0057247135479261075 0.308191453567054 -0.015553400423170102 -0.005546044390953907 0.9998636572687749 -22.774478074753738
0.9998012052687151 -0.011677204909354665 0.016161461218888045 -0.35083854803808023 0.011727578857055106 0.9999266519515869 -0.0030256587781062605 0.530418310848757 -0.016124944569710403 0.003214592103972255 0.999864817142912 -24.335657167761475
0.9997957022274111 -0.011739772930851959 0.01645392169453811 -0.39738487943388634 0.01191391222302596 0.9998736262708066 -0.010525691597685455 0.7322673261975003 -0.01632827312179671 0.010719571801130359 0.9998092209403054 -25.91288707981905
0.9998136032718138 -0.012173362644716497 0.014985591564977366 -0.32558628774613574 0.012369550890857525 0.9998380784797465 -0.013069469487584157 0.8360117107169573 -0.014824065683562846 0.013252398418725136 0.9998022909619485 -27.536585350226893
0.9998212144799329 -0.012612528123920653 0.014087697121791755 -0.2870206729814164 0.012802595175321011 0.9998271226639959 -0.013484003196820027 0.8977210341744932 -0.01391519430869998 0.01366195153549873 0.999809841143601 -29.228763687943363
0.9998316354757427 -0.012667918770651248 0.013274958980035678 -0.29726734755794304 0.01280486732518359 0.9998651427104753 -0.010282595263124545 0.8079236246826786 -0.013142909673504333 0.010450848127351552 0.9998590119105459 -30.941832112506717
0.9997750227818702 -0.017050015732517725 0.012617479345403413 -0.3389851485819779 0.017146102032171723 0.9998245135356085 -0.007546742236629285 0.7667517316343231 -0.01248659307469977 0.007761384979800052 0.9998919171073353 -32.676393770603624
0.9998444066702346 -0.014082676486745289 0.010622649067738786 -0.2902429289353652 0.014103110783620556 0.9998988325436561 -0.0018512007072503803 0.5592806613103578 -0.01059550454068073 0.002000725069386119 0.9999418645014945 -34.47773379676024
0.9998554186109836 -0.013287008721925632 0.010611186242742713 -0.39254049419332837 0.013239745579311938 0.9999021707820511 0.004511984301507608 0.36003929451491734 -0.010670098933458397 -0.004370842546401468 0.9999335201523073 -36.3161424841732
0.99982693150491 -0.016166571242966325 0.009205922643724822 -0.4246404927396892 0.01607139746755476 0.9998175860236774 0.010320119244767053 0.17908734819702232 -0.009371084297776097 -0.010170381115397347 0.999904368490833 -38.185813230624035
0.9998035719753138 -0.01774854934557299 0.008820797102949115 -0.4838422895098162 0.017652395735903346 0.9997851856919762 0.010861647924868444 0.21082000926831013 -0.009011680763691994 -0.010703806191654359 0.9999021042796263 -40.10464740701017
0.9997882876159696 -0.018375522685416115 0.009258515645876013 -0.6224323435405523 0.018279207455209657 0.9997790150582389 0.010382274509341578 0.23511531913618144 -0.009447249374107838 -0.010210838125035275 0.9999032394507219 -42.06425306412856
0.9997342115005733 -0.020981707806211072 0.009553758049149952 -0.745584217453283 0.02086891981546278 0.9997130998464433 0.011756112501635697 0.20909443139220985 -0.009797680391944874 -0.011553611251470756 0.9998852531795772 -44.08282451881541
0.9996520450164758 -0.02452682485727948 0.009706892231727915 -0.8946185156555728 0.024390555319784714 0.9996056410084908 0.013916295311493921 0.13319994972960725 -0.010044386769263914 -0.013674696575226944 0.999856046122643 -46.10501087514062
0.9995351227840288 -0.028757151809791485 0.01012741531216571 -1.0778683120505441 0.028613057907751392 0.9994911592012348 0.014096651933693884 0.20143265624364393 -0.010527641629735865 -0.013800322400605587 0.999849348583753 -48.14304801032128
0.9994512361500238 -0.03140554620755699 0.010531772196277829 -1.2725772306208807 0.03125674520358633 0.9994132282480124 0.014007679399684352 0.2495131277466589 -0.010965511272502115 -0.01367080357152648 0.999846421552951 -50.22229319647326
0.9993882718544909 -0.03325988950000241 0.010810265035687624 -1.4453272366727479 0.0330948187359466 0.999338052304617 0.01510596533986866 0.13662573408975653 -0.01130553194365567 -0.014738960833861555 0.9998274591053242 -52.23017335246659
0.9993190419605888 -0.03485998022731376 0.01209273143347249 -1.76680225658051 0.03467576796990656 0.9992841947267792 0.015122476151400357 0.1824490303327435 -0.012611244612170606 -0.014692853630379771 0.9998125207065214 -54.379007235533436
0.9991437776561615 -0.03952090801041712 0.012239665069237177 -1.83826412861578 0.03935451734417929 0.9991334428020345 0.013549370434093969 0.46064948057689703 -0.012764542121895634 -0.013056083049129112 0.9998332886835848 -56.75287644668633
0.9990890766774259 -0.04058165819560762 0.013196434440541423 -2.0959179108425907 0.04043140795101574 0.9991165954933874 0.01145992411848468 0.6283311626988048 -0.013649839374409375 -0.01091593458196586 0.999847250462417 -59.00136374367732
0.999025641965285 -0.04165962896011493 0.014568528091600521 -2.423683864406307 0.04149985525834771 0.9990768198417497 0.011102705455529787 0.5911179136906428 -0.015017613305262257 -0.010487295638133524 0.9998322298870006 -61.26237467525921
0.9989947021498378 -0.041944379744481695 0.015819421114809745 -2.7384767162509327 0.041753314364542084 0.9990532071973441 0.01222088083062119 0.522559009961185 -0.01631704066712769 -0.011548081942523353 0.999800178029248 -63.593457669744765
0.9988503711301782 -0.044606562301624554 0.017555360797674655 -3.161409753711446 0.0443701178401523 0.9989221048286443 0.013635289786507307 0.47321147876869896 -0.018144661362401976 -0.012840680836401138 0.9997529135639973 -65.95029328048618
0.99859715063764 -0.04973799009436026 0.018162133128020556 -3.3121077976150843 0.04951191154103742 0.9986928812684074 0.012692498546750912 0.7291844059159498 -0.018769692430594218 -0.01177545095442675 0.9997544885625074 -68.58152019130813
0.9983842524568924 -0.05376662456029193 0.01838571536505157 -3.3834895538727814 0.05358828054638053 0.9985124463898247 0.010059353492632015 1.0455866912084026 -0.018899223110342242 -0.009057841243912762 0.999780363318777 -71.29243448387886
0.9982667143026811 -0.0547597100320932 0.021562496899254834 -3.9729901592388153 0.05462490641626839 0.998483842482346 0.006792341327077923 1.3116390085766616 -0.02190175139899143 -0.005602718883781519 0.9997444287550524 -73.95809168268778
0.9981061311110498 -0.05707985133483362 0.022935597008255787 -4.290415223734396 0.05697934253015506 0.9983627737955754 0.005012626460859833 1.453578396334632 -0.02318416622100268 -0.003696277965486677 0.9997243779991757 -76.56857770745101
0.9979261343019904 -0.059278960590802184 0.025088549347460565 -4.710442013345602 0.05917828393077398 0.9982361896587832 0.00473712639924747 1.5583093581371381 -0.02532510983381003 -0.003242604938605679 0.9996740090275017 -79.24926767713865
0.997609953126339 -0.06357291376831424 0.02707149900301332 -5.1417476765788095 0.06342071244728843 0.9979660689136727 0.006445039151862759 1.55009697928078 -0.027426167357872396 -0.004712741452400064 0.9996127227141823 -82.03461114324425
0.9971868677914522 -0.06892506256547618 0.029456518032826028 -5.654905434695706 0.06873885637126959 0.9976080582724914 0.007289149097072132 1.5796851888822436 -0.029888464815760983 -0.0052438363947181115 0.9995394848883272 -84.79786998674763
0.9970705667257551 -0.06907073873689892 0.032856019532508135 -6.344786458674406 0.06889504827119072 0.9976030555918882 0.0064510307268132 1.6859136171513764 -0.033222842938132296 -0.004168515811057564 0.9994392758857544 -87.50156890528949
0.996860806555403 -0.07066176306508333 0.0357134091658235 -6.934990084895311 0.07051721531589324 0.9974965219646454 0.005292543105882222 1.7212425466555272 -0.03599798185736882 -0.0027575186254480185 0.9993480581825468 -90.12029312041048
0.9965275564911377 -0.0734987624414646 0.03912494183223268 -7.689910088954317 0.07341613113518923 0.9972950887014375 0.0035465111211728777 1.9195364544032323 -0.03927977651340617 -0.0006617942014392082 0.9992280326259326 -92.80629334183214
0.9961305515398573 -0.07690798726518468 0.04253334907714096 -8.461429959317874 0.07679705690077597 0.9970377367490826 0.00423834279478634 1.8990032249101896 -0.04273331651391822 -0.0009555067165277378 0.9990860576880431 -95.43178211714694
0.9957326512063753 -0.08090431881723172 0.0443957038264136 -8.859517030215791 0.08062674378532565 0.9967121739905584 0.008010643269433283 1.6576352573104902 -0.04489783411366699 -0.004396978022959856 0.9989819072816921 -98.4171214734019
0.9954624850351457 -0.08242454134100882 0.047546144663650446 -9.62598684452242 0.08189374628344095 0.9965561589114883 0.013009091253574448 1.0954151935874368 -0.04845467167689665 -0.009056330399491429 0.9987843249032192 -101.13925606588622
0.9945308617845965 -0.09284508027518927 0.04783467389542362 -9.699148833583845 0.09232813013687048 0.9956449371738042 0.012910285264107013 1.4565697540641285 -0.048825007357060066 -0.00842319113312589 0.9987718300531497 -104.55973566381245
0.9936977057617807 -0.10025636095574672 0.05013513390512202 -10.282540507515694 0.09987427156508091 0.9949490510203898 0.010075502616266059 1.9649698976968022 -0.05089203712878826 -0.005004793855588552 0.9986916203690432 -107.5851832679219
0.9927469534373966 -0.1076248666077357 0.053575876366462605 -11.187677265129468 0.10737191933641387 0.9941899847527415 0.007585852315879986 2.4312747161111474 -0.05408102605149079 -0.0017782871002183735 0.998534966997254 -110.44961190651583
0.9927621588602903 -0.10617936113972552 0.056118082674084704 -11.73371186392164 0.10593258959643391 0.9943460573601421 0.007362382340954535 2.429197775407684 -0.05658252730701557 -0.0013643607663083373 0.9983969932462989 -113.57274673568013
0.9922572076957091 -0.10868811268707149 0.06010430880092367 -12.757240373341586 0.10834110386875981 0.9940729280653855 0.009012152906465044 2.2647398063784934 -0.0607275801297313 -0.002430606515534887 0.9981514179539864 -116.51404493697278
0.9918150094672319 -0.11018550488732679 0.06451466118828787 -13.91342072602225 0.10956421923499005 0.9938933774354313 0.013100998184042987 1.6853605535757685 -0.06556423460196671 -0.005925268155632104 0.9978307583645345 -119.38294828085876
0.9915808686172163 -0.10871782403954634 0.0703407117424408 -15.417458041043902 0.10776488042987041 0.9940273553208954 0.01721474425259131 1.020168237976339 -0.0717921412012669 -0.009489552668731607 0.9973744717265851 -122.08850442708615
0.9910335630066179 -0.10902407632532587 0.07724136052541701 -17.098934614379655 0.10770288737810935 0.9939595896909502 0.021081321396348593 0.47010211160076576 -0.0790731626079685 -0.012573179502710065 0.9967895214699873 -124.87019162961253
0.9906568842216638 -0.11061360400914143 0.07977197723721043 -17.72257541940776 0.109046333947891 0.9937527579033688 0.02375611946369962 0.28669688944226834 -0.08190137237403415 -0.014835321619613878 0.9965300188331973 -128.23835542792204
0.990063764212477 -0.10604330018284769 0.09235020996051495 -20.91470205772849 0.10371688342310487 0.9941648160931481 0.02965006805177977 -1.0042435333578785 -0.0949555205684157 -0.019777182023927198 0.9952850406716528 -130.1528026933994
0.9900951151526629 -0.10221957248640279 0.0962435553766184 -21.814611010866358 0.09982529337799445 0.9945709886557442 0.029384678428270163 -1.1446788995526198 -0.09872473728925542 -0.01948608542094993 0.9949239763530352 -133.26484811593343
0.9898325880271719 -0.09935142665853805 0.10178772863338761 -23.20060964172663 0.0971404147503161 0.9949187526126442 0.026465364570257492 -0.9902712112145986 -0.10389989173029773 -0.016308578129720697 0.9944540425669852 -136.21815728832047
0.9882844967245681 -0.10438362086864811 0.11134546792850397 -25.6742799666947 0.10319379601760639 0.9945258632109263 0.01641182098484535 1.0017784727834167 -0.11244907290566614 -0.004729386737442623 0.9936462342824753 -138.9746505025712
0.9873378828577698 -0.10458109325830105 0.11927573100524382 -27.64440109477306 0.10376168256341227 0.9945162184022323 0.013076871435218566 1.755831297722259 -0.11998924245759036 -0.0005350400191668865 0.9927750477457778 -141.8014843095224
0.9866570719028622 -0.1008768123374672 0.1277955053853676 -29.662997587288032 0.09958928824082192 0.9948927851650509 0.01644140183239951 1.3485101171796483 -0.12880138249163547 -0.0034949619682287667 0.9916642522089238 -145.0387093374927
0.9854690777563501 -0.09626647517128528 0.13994092519397341 -32.652840946085924 0.0930595078045911 0.9952294045492118 0.029297787080059 -1.4737262036768026 -0.14209371834538007 -0.015849229593817384 0.9897263142546359 -147.70342491877142
0.9844516738929256 -0.09614289938115989 0.14700831496211697 -34.34802346448353 0.09220451298101703 0.9951801008746705 0.03339003757132169 -2.112299482851437 -0.14950996473596762 -0.019316048293193354 0.9885715253450227 -150.9083548691754
0.9820083674308245 -0.0982197331846391 0.16128375711454962 -37.88649986080458 0.09341472632712965 0.9949347625790219 0.0371282522757634 -2.630005581097679 -0.1641135436247545 -0.021393976371015314 0.9862094313957671 -153.6588178790492
0.9791427530883952 -0.1031946229062779 0.1750152532715624 -41.46476198279002 0.09724179709149802 0.9943624205072359 0.04227776698699747 -3.6954485324521027 -0.17839142909034042 -0.02437717141552797 0.9836575885646814 -156.40878540196616
0.9774007066025707 -0.10466822433801887 0.18366388198750877 -43.646547271588815 0.09827648863037541 0.9942039898014332 0.043590806890850195 -4.306218224577357 -0.18716193660912755 -0.02455584404653717 0.9820221076981328 -159.57505831741034
0.9728032844564745 -0.10977750919817456 0.20396732146336682 -48.77102464771161 0.10341820597744183 0.9937670891746364 0.04161306460449163 -3.8323294234413865 -0.20726418991978118 -0.01938739145978335 0.9780928813917837 -162.16788825989255
0.9691799892823805 -0.1124303334634732 0.21920211790011768 -52.62675346696091 0.10391189976815754 0.9933264745181658 0.05004829775211302 -5.8191575400054765 -0.22336621378618848 -0.025728100174789416 0.9743949914691776 -165.01066737075666
0.9645237517983186 -0.11210692115660711 0.23901039819573083 -57.604118039684195 0.10318975043558842 0.9934271236254516 0.049542158312922635 -5.7541913766071255 -0.24299343123207368 -0.023121165066838322 0.9697523416336851 -167.3881103763395
0.9595822772971092 -0.11410305797245243 0.257259295767187 -62.21075823776379 0.10493990454268137 0.9932648341531086 0.04911807884446047 -5.662210519724575 -0.26113113474242544 -0.020136072013500317 0.9650932955274326 -170.1683938834416
0.9524170878225423 -0.11129732383138675 0.283750941023284 -68.85737032300295 0.1019400316366142 0.9936519531823811 0.047581781038180226 -5.399875123045036 -0.2872454016578052 -0.016392121424960854 0.9577167522715866 -172.34467521501233
0.951198224977224 -0.1092341431828509 0.28859978995710817 -69.94314860885471 0.10163389163288791 0.993966810397229 0.04123750599046097 -3.824651557668297 -0.29136315633884274 -0.009893522722839169 0.9565613568069744 -174.50326930708465
0.9451542157196912 -0.11304186549345253 0.3064393009276971 -74.43221380172996 0.10229231458176642 0.9934477113104454 0.05096986628923793 -6.057296219911752 -0.3101931509314808 -0.016827998627229616 0.9505246065081122 -176.75087241168893
0.9404245510202944 -0.10976235185023243 0.3217979023464624 -78.22395516414268 0.09840299759287309 0.9938178913900353 0.05140864536049451 -5.905959959370752 -0.3254512465839002 -0.01668007402171405 0.9454116887513162 -178.7659021512442
0.9348576714993677 -0.11453429199584016 0.3360402208007129 -81.81098426742446 0.1015444390037185 0.9932513425406708 0.05604014140395316 -6.80617120489527 -0.34019091837702004 -0.01826654039950088 0.9401789577285982 -180.68233140386548
0.9306893782229391 -0.11922294128777965 0.3458369146486387 -84.2451363821784 0.1033077465758971 0.9925776395765469 0.0641649352065496 -8.878886872622845 -0.3509199207232461 -0.0239899913159871 0.9360981196200799 -182.8830967819495
0.9234911662212135 -0.12642767035866664 0.3621879485558061 -88.398190919622 0.11039447065836674 0.991778550712604 0.06471759570986658 -9.025851430888839 -0.367392333561061 -0.019782581077479735 0.9298556461765832 -184.7985577375989
0.917063226593737 -0.12948576594311462 0.37713190643011 -92.2052477868227 0.11077457692459147 0.9913068751683517 0.07099064974442593 -10.750645691869448 -0.3830457303464719 -0.02332628693304902 0.9234348124265486 -186.32990115239352
0.9070136206884698 -0.13304539401816842 0.3995312441050673 -97.98697398876826 0.11350141803913091 0.9909033889171599 0.07230423179589276 -10.97168984552138 -0.40551660877046575 -0.02023356031542779 0.9138637114188652 -187.3377205191431
0.9046812048199343 -0.1346657884513509 0.404248739102954 -98.99732715902168 0.10266205536029836 0.9896831757705725 0.0999385510494975 -17.948762940525757 -0.4135364796904273 -0.04891152233829965 0.9091728344752712 -189.7110286326913
0.8951058408440729 -0.13486371672522487 0.42496742416082156 -104.22790440622845 0.09843980275898927 0.9894119014104925 0.1066475249597715 -19.626667646522375 -0.43485070877209875 -0.0536271130896685 0.8989043296269472 -190.7258495036085
0.8853201810665363 -0.13792704741391604 0.4440543959786849 -109.13755208081194 0.09414771962222557 0.9883848228041967 0.11929647496993143 -22.77701750235159 -0.4553508360443078 -0.06380886805136124 0.8880225472766745 -191.4570219957784
0.8738759511107419 -0.1318769460988916 0.4679201781906036 -115.08345750936031 0.08287348318787242 0.9888261287872938 0.12391478044141305 -24.14002756826864 -0.47903320120280346 -0.06950797159437333 0.8750404756525438 -191.74635076980178
0.8656196674165673 -0.12586879090612865 0.4846231926532826 -119.14266479328889 0.06848198440310874 0.9885536635613773 0.13443166320324806 -27.049610756345054 -0.4959967834511064 -0.0831787336715847 0.8643312380511002 -192.54174128774704
0.9142805558649828 -0.14096417197258646 0.3797633044243493 -91.96943205939222 0.10531520528729892 0.9879771846206082 0.11318034371935204 -21.244349606680807 -0.39115185376335876 -0.06348373720268566 0.9181340002462975 -200.87835936763256
0.9207007986393192 -0.1321857889081563 0.36720152041576304 -88.48913385537922 0.09861942411944578 0.989158954146238 0.10880612399432944 -20.223885826304354 -0.3776032952335938 -0.06396468277924043 0.9237555254425721 -203.3528461398799
0.9362328451709947 -0.12504708992340266 0.32837674236265985 -77.97600332729871 0.09589003934815088 0.9899860444008168 0.10359890079259496 -18.957931597339837 -0.33804313330821306 -0.06550463489946573 0.9388482214020824 -207.20836072550443
0.9296414488379197 -0.1395865293893615 0.34100201966493776 -81.4415364069712 0.10169886890350355 0.9867198538557475 0.12665413562391248 -24.831697137000106 -0.3541526742328535 -0.08306341444899391 0.9314914666886611 -207.3423344383943
0.9383801016072618 -0.13586685476508994 0.31777819730715795 -75.06400390190572 0.09873914432012565 0.9865545791710195 0.13023303611458162 -25.770274379774094 -0.33119988871748496 -0.09083094237612245 0.9391785632245825 -210.00637170679153
0.9470725811925373 -0.13345246338317532 0.29196569313922316 -68.02340626502618 0.09775896833484046 0.9861933437698364 0.13366328147317438 -26.68502600290702 -0.30577231735952237 -0.09804656404500686 0.9470428507810805 -212.64035917705036
0.9407586916079926 -0.13549098249798458 0.3108299821859991 -73.00940292687446 0.10176765306695343 0.9872574453124132 0.12233593692963488 -23.675570634157705 -0.32344463042886007 -0.08345615817264912 0.9425596218329109 -213.08995962913338
0.9446096367105203 -0.13456516687564016 0.2993406923512905 -69.83347671369077 0.10224408512213304 0.9873476014420741 0.12120586200395264 -23.39081785427341 -0.3118634016539242 -0.0838864100454556 0.9464165514817082 -215.00895327746173
0.9468498478317953 -0.13382920316477176 0.2925151449774669 -67.91775015002894 0.10303533997673263 0.9876144310342961 0.11832774116276615 -22.670810027469827 -0.30472788578793597 -0.08189920630314865 0.9489117111882058 -216.63110418810012
0.9483674027169504 -0.13139924523247745 0.2886754368079157 -66.7759526191066 0.1038285553036915 0.9886157891189092 0.10889652248049397 -20.197849642726826 -0.29969801562148174 -0.07330115863430611 0.9512139820121519 -218.16226195323048
0.9497139796443432 -0.13303175155906266 0.2834535410701933 -65.32258951304703 0.10560196150684201 0.9883040576781026 0.11001506852656633 -20.472897825055256 -0.29477378206687815 -0.07454959861813783 0.9526545936234513 -219.53635069523844
0.9511577734857459 -0.13373341139853814 0.2782341902307259 -63.85492959278737 0.10784134726860371 0.9884537615096822 0.1064396785820615 -19.424714088640016 -0.2892561732391045 -0.07123577775998162 0.9545974702512047 -220.92436659678464
0.9528256192956628 -0.13493284057723065 0.2718758314885607 -62.10621295505889 0.10850010239228282 0.9879822473223242 0.11008545206699188 -20.23988920056539 -0.2834626377403215 -0.07539368348667866 0.9560150236767254 -222.22753321805925
0.9540608281551479 -0.1362323397911012 0.2668495564451162 -60.70200031807022 0.10927502657046362 0.9875150821391423 0.1134589402195674 -20.997605205841943 -0.278974738548023 -0.07908673809662939 0.9570362496317981 -223.36611985801872
0.9552243537954817 -0.13787409657797892 0.26179604162173753 -59.31521595948726 0.11064495272481648 0.987053724334424 0.11611476957763008 -21.57186533258102 -0.27441597685362185 -0.08194924508712172 0.958112828886621 -224.5085527997671
0.9567008110712901 -0.13992622116245726 0.2552336394888628 -57.57707386259318 0.11236290282217634 0.9864407949172894 0.11962080167061351 -22.433698800802617 -0.2685109609772194 -0.0857625253484364 0.9594512249619305 -225.67897102510256
0.9586270072914893 -0.140812164449538 0.24739885859558686 -55.52793183847959 0.11511918421311032 0.9866156957578002 0.11548611306325877 -21.305717038103804 -0.2603494465472721 -0.08222775217277974 0.9620066332698237 -227.0355818725824
0.9607926862538257 -0.1436735899235975 0.23713986084086197 -52.919303839186604 0.11765267690590733 0.9857137766787339 0.12052467831370138 -22.643720133458803 -0.2510682410382317 -0.08789909000787759 0.9639701698277574 -228.2803934202478
0.9636219114930464 -0.14473056891726133 0.2246906186545695 -49.79265004015959 0.11994877094804957 0.9854587741886619 0.1203465692183716 -22.61704006204078 -0.23884116906123962 -0.08901722752066497 0.9669699215415103 -229.70581230722803
0.9669364124363354 -0.14417152238862715 0.21035338465756784 -46.19750227181684 0.12186506555252309 0.9858070564348486 0.11547014021442333 -21.32058826804339 -0.224015356845526 -0.0860175541119655 0.9707822105302336 -231.24968287617952
0.9695342471210879 -0.1438542310999746 0.19826574049487275 -43.27985835318442 0.12168736898630182 0.9853071211884352 0.11984181726154622 -22.51390953120584 -0.21259239847307984 -0.0920643097513543 0.9727942408245794 -232.44020411455563
0.9738414578542574 -0.14117611699512045 0.17805088866522056 -38.21847438896331 0.12166756293610015 0.9857521551851623 0.1161451362606184 -21.55104171765108 -0.19191096657951784 -0.09144393111621771 0.9771428699880728 -234.01001070564936
0.9774551392742815 -0.1381377328993178 0.1596853701994381 -33.69443981644394 0.12025790956298399 0.9858579729022757 0.11671372006990885 -21.728899930292556 -0.17354966405567032 -0.09487899669817662 0.9802440971980966 -235.3220760022227
0.9805099864105776 -0.1363844639785384 0.14141939235626658 -29.254455713734792 0.12015566344815595 0.9857663998527645 0.11758920640370463 -21.927005448512094 -0.15544382615743343 -0.09830505025992475 0.9829411650770006 -236.5100867706779
0.9839851340904323 -0.13214353962035424 0.11963001640741297 -23.925563738648666 0.11786341505110348 0.9858158268944813 0.11947958334728725 -22.3661477897734 -0.13372161860194984 -0.1034661315646522 0.9856030074718323 -237.68267174714097
0.987033520722055 -0.12904749724205455 0.0954545568665348 -18.055998507204187 0.11674705851430336 0.985285788803407 0.12482803655551829 -23.67747073276506 -0.11015876406025275 -0.11206541767026036 0.9875760167516765 -238.66348303230137
0.9893274468807202 -0.12609490492112882 0.07301559971271487 -12.735333850739577 0.11575357606890732 0.9844975228505685 0.13177912250563117 -25.396591189285875 -0.08850035296955383 -0.1219208860451151 0.9885863569108359 -239.49853915047038
0.9918860868632988 -0.11884281122961318 0.04514838763516264 -5.984658339936081 0.11214666572307291 0.9852116667915887 0.12954187348088297 -24.795389862829058 -0.05987583865141034 -0.12342754083583725 0.9905455699305348 -240.4094912732905
0.9934808549568135 -0.11324967752569529 0.01304995688134726 1.816985204363038 0.11056382485884347 0.9850995173133399 0.13173678917298628 -25.34087664290074 -0.027774655116886288 -0.12943512478979916 0.9911988281892726 -240.9956669479216
0.9940656442173488 -0.10689346240122923 -0.020181245814477878 9.864969634279884 0.10863637082408133 0.9850946403886222 0.13336674402482773 -25.745735458678457 0.005624404050215186 -0.13476771562020418 0.9908612561330631 -241.37049971522356
0.9934168688536985 -0.09854797372166542 -0.058405663700257036 19.208888899196428 0.10565990388452769 0.9852248566946222 0.13478859915502286 -26.10126484788596 0.04425956832173076 -0.1400724049426403 0.9891515616858516 -241.28135534121176
0.9909245120369551 -0.08915052691041828 -0.10060216198430999 29.58223255078595 0.1023908316856306 0.9855118801772804 0.13521261633503892 -26.211098398279173 0.08709034981585173 -0.1442862348979845 0.9856960755668637 -240.6468631671613
0.9881784495690804 -0.08051891207725508 -0.13046093900146352 36.69556312890901 0.09822087558548863 0.9858979497029935 0.1354912999814146 -26.28002125236107 0.11771156020743366 -0.14670357040416224 0.9821517454162584 -240.00794810499985
0.9824110150055575 -0.07453947639059699 -0.17120883170901507 46.594202855087865 0.09853397332983979 0.9857660346077209 0.13622180850951837 -26.445770461590598 0.15861794884433678 -0.15069569162117774 0.9757720813956661 -238.705373585381
0.9741255300516444 -0.06932073346565483 -0.21511412694982757 57.26185392233089 0.10021289875399049 0.9856005245435564 0.13619464359066719 -26.427083792791066 0.20257548377068074 -0.1542278896025296 0.9670454650345167 -236.77445484892928
0.9640750530403588 -0.062420048511471496 -0.25819184659677924 67.71069631734301 0.09994275132682585 0.9858124631998355 0.13485263756077256 -26.082218786338842 0.24611123209324173 -0.15581246722807 0.9566356341334187 -234.45529746842342
0.9521869727439375 -0.055173976288451776 -0.30049259770792586 77.98112136028215 0.09956025894648182 0.9859050459825895 0.13445815387910628 -25.99305020964272 0.2888385773667456 -0.1579464233421868 0.9442590765135198 -231.63891105103778
0.9374382271328271 -0.046388791859083456 -0.34504731603059424 88.82214262344598 0.0985875733776114 0.9858873277872543 0.13530213333137509 -26.21340552400665 0.3339012738603676 -0.16085476958536776 0.9287818271349101 -228.0941507960535
0.9205304216968094 -0.03769462155566304 -0.3888481171826211 99.50710084009138 0.09827247759389295 0.98567138102138 0.13709284730781351 -26.63144973314808 0.37810879767370115 -0.16441120442713447 0.9110448358783266 -223.96653948334693
0.9012865227199012 -0.029354362319157647 -0.43222786279496683 110.09461520309611 0.0992672380097391 0.9851504873475179 0.1400875895176508 -27.35506622855656 0.4216973078185191 -0.16916512256308516 0.8908167835682204 -219.2448508738817
0.8778222222912313 -0.02316224136210933 -0.47842622903303245 121.40985352316504 0.10290283770682142 0.9846273466470785 0.14113820966208118 -27.591274178458935 0.46780247118155305 -0.17312567345664653 0.8667112259262684 -213.6482682701453
0.851914161413404 -0.0187181642724666 -0.523346817998892 132.38290305663173 0.10915140318668211 0.9837589152913313 0.14249339552134208 -27.916140031390096 0.5121798832106497 -0.17851618109037684 0.840121265248793 -207.40476706318108
0.8229023563662173 -0.013392963743838374 -0.5680249469953614 143.30664779418052 0.11375540253916923 0.9833644351626702 0.14161248550305852 -27.670215720166475 0.5566789202763821 -0.18114915450909128 0.8107364328439686 -200.43989542224756
0.7918720533834787 -0.0017712060170211041 -0.6106844634502162 153.794632664365 0.11355458671248309 0.9829829643664793 0.14439476306932386 -28.381814186227565 0.6000366713016716 -0.18368819938835018 0.7785978670011083 -192.8347119323401
0.7575611931886167 0.009108088682399297 -0.6527006061703888 164.15255429922445 0.11108864738118251 0.9835178556015117 0.1426602261880421 -27.924112887970526 0.6432420625220794 -0.18058147865591753 0.7440631549598352 -184.64062832647335
0.7208051985371932 0.017956448343154657 -0.6929050668920362 174.0534610735365 0.10949824622505994 0.9841618560614515 0.13941153161526937 -27.10626801401694 0.6844340726727403 -0.17636044634945425 0.7074227824491007 -175.90122332292944
0.6813035183983689 0.02747773995152561 -0.7314851260450618 183.5801202888554 0.10853014456678178 0.9844588339941492 0.13806524505172776 -26.7793889702228 0.7239107151702598 -0.17345252370039624 0.6677331042292621 -166.44091363339868
0.6388661328041875 0.03418923825103765 -0.768557844500748 192.7582122439649 0.10669533624470046 0.9854200393770549 0.1325271716205925 -25.35880732715762 0.7618833044367442 -0.16666865926723431 0.6259036574734246 -156.45794997378522
0.5942571427143883 0.04455184024667255 -0.8030402118596339 201.32000816999116 0.10305335392812093 0.9860165010535672 0.1309636052277344 -24.95121155954616 0.7976455695213861 -0.16058204501349269 0.5813561320242422 -145.79820358032745
0.5472107693276232 0.05021991680140003 -0.8354868843305269 209.39666589201676 0.10374205222710126 0.9864317452918538 0.12723992486706595 -24.007183480202972 0.8305407639192554 -0.15630218116497177 0.5345761569986939 -134.6433852894474
0.5003621853336752 0.05407350351183829 -0.8641259975871944 216.52992899290436 0.1087907970641574 0.9862112788033721 0.12470716112221712 -23.356300610647825 0.8589541582426004 -0.15640770370724233 0.48758013111566934 -123.47705364819305
0.45309705143176454 0.06089659799672835 -0.8893788092462435 222.8933318417354 0.11395542057089732 0.9855228132514389 0.12553464335983044 -23.585897404590582 0.8841477388459188 -0.15822891301337683 0.43959798336691036 -112.1343213361792
0.4099128812820829 0.06942138783427212 -0.9094790270644975 227.98201745638212 0.11602213951445087 0.9850317121763035 0.12748093641603725 -24.080473846809255 0.9047155867461942 -0.15777578051837998 0.39572276934781714 -101.78056632058839
0.37149588021044444 0.08158924810546182 -0.9248426923430019 231.9423891779353 0.1147338522216154 0.9844613961804725 0.13293570846383987 -25.445820811179324 0.9213180526512305 -0.15549583281869614 0.35636230417226294 -92.58356770655183
0.33874171372199197 0.09465287121273291 -0.9361062361483731 234.89725634816853 0.11357387925086554 0.9835382617961039 0.14054700827483987 -27.369041843481174 0.9339994782314375 -0.15392635107181582 0.3224153425460989 -84.78945471738851
0.3096679669232481 0.10277831328115548 -0.9452737003538725 237.32785128802288 0.1149862018206786 0.9827970593858659 0.14452720661989274 -28.40114032307386 0.9438664755422115 -0.15344887872374843 0.29252267940443194 -78.03277806890608
0.2825286192993185 0.10459029601105252 -0.9535399568225449 239.51756208362696 0.11407809115732603 0.9833205649522414 0.14165752948539448 -27.676720708538518 0.9524514519883527 -0.14880032433541604 0.2658847402220621 -72.10355549500784
0.2565837327964785 0.10175598457538464 -0.961150616535889 241.54822972335137 0.11179556537137166 0.9846432343466942 0.13408748121497568 -25.755658073450167 0.9600346554304802 -0.14185704303408828 0.24126756871594685 -66.69041987776662
0.23350306367976337 0.10014567934603795 -0.9671851747005251 243.14711259422225 0.10918591003653168 0.9856907282050188 0.12842205955424701 -24.309133353921425 0.9662063735567361 -0.13558993782350037 0.21922730774098495 -61.92851248585569
0.21241714179171076 0.10686334954743042 -0.9713182703916076 244.33171803944114 0.1063336959941817 0.985571940920031 0.13168558906478758 -25.09940210867011 0.9713763961355336 -0.13125613812171552 0.19798919979664534 -57.38197078119916
0.19282192465773465 0.11687586940292627 -0.9742482930560346 245.28696210312745 0.10584368592391569 0.984610266099342 0.13906738669372534 -26.966271581647803 0.9755084927981541 -0.12993327150153947 0.1774838737338715 -53.146158723903554
0.17663871501936454 0.12332813408090552 -0.9765187841001473 246.00513107707886 0.10731946675015254 0.983790921329294 0.143659163183286 -28.108368290290123 0.9784075308442646 -0.130175245166588 0.16054005460646914 -49.779230601791994
0.1625731788722473 0.1252833397742411 -0.9787103996006093 246.68416325657242 0.11281417009919262 0.9830413924015031 0.14457725910441288 -28.406664174629842 0.9802259558572212 -0.1339167861036329 0.1456824281218264 -47.0236172209608
0.15093735345323567 0.12418170416801824 -0.9807124041646766 247.34474624488325 0.11803106575717437 0.9827174308556743 0.14260125738803633 -27.979354484980743 0.9814716413879512 -0.1372783866540914 0.13367146931522522 -45.06968894211057
0.14535212180826446 0.12768289524409562 -0.9811064360954527 247.50330497361554 0.11739676019657941 0.982406243692088 0.1452445284688839 -28.64674338299535 0.982390330459936 -0.1362903173996117 0.12780527376415585 -44.54226366080828
0.14345057403019718 0.13375638284949565 -0.9805769540721553 247.4405645903073 0.11314816979631825 0.9821108574026184 0.15051828939911882 -29.919486966704437 0.9831680550557723 -0.13254242271405975 0.12575007633769866 -45.04698028708808
0.14398808801164498 0.1353999084188739 -0.9802725617454116 247.3956106689248 0.11164258843340684 0.982048162759369 0.15204387021132165 -30.291183269684826 0.9832615943677654 -0.13133267232912327 0.12628684104154092 -46.2775136089086
0.14567100371326128 0.13389307425631727 -0.9802308928733899 247.37011431028523 0.11167813987528358 0.9822414119354594 0.15076405988507774 -29.962307949391978 0.9830096397040914 -0.1314323146917341 0.1281311628902406 -47.842643919811856
0.14703851892830708 0.13063646951265892 -0.9804661069025478 247.4026542899677 0.11258447686104114 0.9825878780937186 0.14780323877780693 -29.21365952918019 0.9827026048206526 -0.1321180330483006 0.12977062773275228 -49.400677703688935
0.14799988993589985 0.12990530483137905 -0.9804186066959502 247.3834859006407 0.11413656815857354 0.9824684080995318 0.14740648186343383 -29.145640565234395 0.9823791917523217 -0.13371775821871243 0.1305782705851825 -50.737222016303264
0.14957349016975052 0.1310791745467537 -0.980023479840448 247.29223683777676 0.11487787601123625 0.9821571223923183 0.14889748331381347 -29.54944100640363 0.9820544000418644 -0.13485413206195057 0.1318465715300607 -52.29378179999706
0.1497038415423172 0.12932348704979468 -0.9802368058406878 247.35030498483343 0.11463812528314558 0.9824524185760846 0.1471235720935566 -29.069053641308127 0.9820625540458401 -0.13439747367894872 0.1322514990829128 -53.544460751073586
0.15012955047020193 0.12830929300149235 -0.9803049746915866 247.37642058719157 0.11349589937464896 0.9827509905213737 0.14601086074124306 -28.748540149217405 0.9821302352034351 -0.1331811396509142 0.1329773858237898 -54.94454018221135
0.15068177102137992 0.12967134729743113 -0.9800409917814302 247.33819270580514 0.11234623540603046 0.9826914127988882 0.14729531764933326 -29.05717894129666 0.9821778491047094 -0.1322986352967944 0.13350559473914408 -56.31615371409339
0.15041550346434907 0.13026616930535942 -0.9800030109403101 247.34635012488368 0.10976961185819074 0.9829509737079682 0.14750598496013265 -29.01627121370045 0.9825099534508891 -0.1297617371225592 0.13355179874815354 -57.54231467782498
0.1485338209510524 0.12884662017295362 -0.9804775634881644 247.5509719774053 0.10897557478466889 0.9833046176834103 0.1457269808334523 -28.549907678257366 0.9828845446612902 -0.12849349132344784 0.13201285753092115 -58.42386851020824
0.14695547491790753 0.1279307680371336 -0.980835259858189 247.70313336193203 0.10818001253151634 0.9835740516475318 0.1444962622850135 -28.20268742808618 0.9832096283500956 -0.12734128755076868 0.1307020397873699 -59.36832040293449
0.14575011724357298 0.1305804243393635 -0.9806659248198831 247.74723780041046 0.10500984574667611 0.9836093938859443 0.14657930466332839 -28.626112277198274 0.9837326037189903 -0.12434352833451892 0.12964895426334405 -60.378750948113364
0.14395753821996346 0.13159366920852675 -0.9807952556032704 247.87338966589348 0.10370523108651258 0.9836552833144918 0.1471988744956285 -28.732288263273755 0.9841348750221897 -0.12290398623203237 0.12795764116822259 -61.21179932290092
0.14169007831024943 0.128987360000585 -0.9814714375204787 248.1103061090097 0.10347348026913487 0.9841131485624508 0.14427248423553565 -27.962441244943086 0.9844882734646607 -0.12199824501434196 0.12609229803597147 -62.044039714837304
0.1399075326627032 0.1262975916300721 -0.982076779408147 248.32367685327094 0.1086153105738774 0.9838889953906332 0.14200408113202517 -27.50653549793374 0.9841893093369664 -0.12653601502202516 0.12393562961945624 -62.82155552025739
0.13849400011065655 0.12797582547448227 -0.9820598759889715 248.43358998004692 0.1131163040596986 0.9830824354706589 0.14406119125202074 -28.180400325503427 0.983882164534566 -0.1310385941743971 0.12167486654019549 -63.631227031757994
0.13706083018195023 0.12861665041246131 -0.9821772172406125 248.54886689874772 0.11452997648882442 0.982827232098898 0.14468419516411535 -28.368701817510704 0.9839193124008208 -0.13231926950182732 0.11997665440909272 -64.53051475418351
0.13457665780252254 0.12497037228534233 -0.9829911135028464 248.8484376575503 0.1130911311524603 0.9835963052933369 0.14053008314220164 -27.249867687585805 0.9844285241851538 -0.1300796458488415 0.11823606263099344 -65.42742226474692
0.132637878044725 0.12251305535971878 -0.9835637979176638 249.0762456574545 0.10967171035740249 0.9844240101073299 0.13740991329407498 -26.31261015219378 0.9850783264568735 -0.12609488328488855 0.11713569547450368 -66.44502973008338
0.13172422623446203 0.12116905392077432 -0.9838530320098002 249.22002094180885 0.10520903851515831 0.9851866147105033 0.13541932066723142 -25.625585263575232 0.9856874689462418 -0.12134823677006189 0.11702486485849406 -67.74761253737294
0.12953715192532617 0.11723795327137854 -0.9846194130646689 249.53234530694027 0.0998191148580056 0.9863997329745766 0.13058220053532718 -24.15082297339494 0.9865375160530082 -0.11519908463361234 0.11607282334611566 -68.84913054231941
0.12875215849693336 0.11503674199078218 -0.9849819438317267 249.66796164768354 0.09896698193645842 0.9867998785883856 0.12818555341510254 -23.44638976140978 0.9867261110200587 -0.1139848569332506 0.11566777520613566 -70.03119321448557
0.1297521228655389 0.1184464538810027 -0.9844464557175783 249.55096735448893 0.10607475731761071 0.9854836778963086 0.13255212733100485 -24.868790486287285 0.985856243309285 -0.1216238387939652 0.11530442040582603 -71.30864236905327
0.13058938362527767 0.12071178083933047 -0.9840605056859905 249.46284060233413 0.11627433242685821 0.9838459343266817 0.13611560207245466 -26.205503094882484 0.984594684376804 -0.1321962309427005 0.11444415241280642 -72.40948893375622
0.130943112565654 0.12249597508165265 -0.9837929850128092 249.42958603849252 0.12142020603655253 0.9828848879132347 0.138543966587612 -27.076156992951788 0.983926336082971 -0.1375937251497442 0.11382851998404024 -73.61019180208397
0.1316075806899114 0.12323707115767397 -0.9836117470818588 249.38892341751298 0.11532729836874588 0.9836011365514493 0.13866657284891404 -26.819991066402622 0.9845704946604457 -0.13168685760991988 0.115236767469892 -75.22641790859913
0.1326051023749491 0.1259233953610725 -0.983137419349334 249.27018385834097 0.1080646308398704 0.9841471835707315 0.14062843464690572 -26.98432795267441 0.9852603322906955 -0.12489043026003045 0.11689507279561737 -76.87382784339351
0.13288955169958042 0.1263729505321536 -0.9830413238632861 249.25350434828798 0.10473655100996265 0.9844941033576916 0.14071821252585595 -26.82939489145324 0.9855813624108473 -0.12166033794023559 0.11759311306639367 -78.31706117752742
0.13176646202862397 0.12438945750753169 -0.9834454038458065 249.41474409909068 0.10548728877924543 0.9847028427893343 0.13868216651252596 -26.307491268990013 0.9856520843535326 -0.12201464774192426 0.11662930311868822 -79.35434355310284
0.13002062134779854 0.12110591706421682 -0.9840873918897486 249.64641516865188 0.10657518806137532 0.9850553262672026 0.13530607333855268 -25.463379640921495 0.9857668929894203 -0.12247187858708772 0.11517061969675586 -80.24616824353295
0.12712729133654077 0.1205484640615633 -0.9845337574760106 249.94302739697983 0.10830884790984635 0.9849647980560339 0.1345865522809679 -25.365929578532917 0.9859552957725192 -0.12374334084238196 0.11215944157889705 -80.80942603467976
0.12465456988718703 0.12150832371882057 -0.9847319256900746 250.1559505686109 0.10804259248671798 0.9849090641203819 0.1352070028595503 -25.486625642326665 0.9863001756133827 -0.12324716094318669 0.10964534146262138 -81.40059154144393
0.12264160024947299 0.12064457790538793 -0.9850908200314726 250.34305551095485 0.10856834334155924 0.9849958560133055 0.1341494631397565 -25.217031374571494 0.9864947808844798 -0.12340198320386249 0.10770328606424161 -82.10797884138967
0.11969041810484249 0.11798044969431803 -0.9857762511360344 250.66326706341988 0.10875639356935571 0.9853805700492735 0.13113801518688492 -24.413455140009166 0.9868364862892307 -0.12290543380703209 0.10510948420114079 -82.68470835506358
0.11648826507569525 0.11504104732688111 -0.9865069901068056 251.0169409327823 0.10788988395540183 0.9859255302710017 0.12771304436092137 -23.438889586304583 0.9873146697176868 -0.12131119564895501 0.10243698926889873 -83.23552660349543
0.11455622097008071 0.11766167374933374 -0.9864241495257299 251.16066570783144 0.10755037282594755 0.9856557590127596 0.13006014773934593 -24.02776551886497 0.9875777384803962 -0.12098948406984035 0.10025844205083245 -83.90248802131856
0.1119164616517875 0.1179098832180987 -0.9866975043298926 251.40857193989166 0.10823858105797338 0.9855813000707556 0.13005349100041866 -24.045412901478677 0.9878052010299908 -0.12135386434034054 0.09754037332184921 -84.39765472156398
0.11050378167317472 0.1178192630478487 -0.9868675369525483 251.5193690643986 0.10931306694918486 0.9854837002777744 0.12989430272721186 -24.050542941603375 0.9878459230214448 -0.12223132880602815 0.09602049066851444 -85.15493130325714
0.10900107466986432 0.1181699377662397 -0.9869927211125405 251.68094198602233 0.10903366435578148 0.9854964662315053 0.13003220786545772 -24.043699490505755 0.9880437367636946 -0.12178908347441429 0.09453567257124 -85.9893006465257
0.10835558212980471 0.12114067983968226 -0.9867036046905325 251.68457256800582 0.10859908472248113 0.9851648435698229 0.13287764970635968 -24.7569134443619 0.9881625911856563 -0.12155314344773754 0.09359234316557753 -86.90440144525928
0.10567797120819603 0.12187584336549884 -0.9869034629614328 251.94503736286964 0.1080518371062548 0.9851770412483113 0.13323287092600936 -24.788434402985438 0.9885125021461707 -0.12071651171721158 0.09094260222549848 -87.37820880973655
0.10413443883916948 0.12039765930099243 -0.9872489160705589 252.1200636023538 0.10800520089634931 0.9854062398332343 0.1315652654657195 -24.32656924350093 0.9886813921719122 -0.1203284926049029 0.08961115243339601 -88.18869744731742
0.1021164902983005 0.11913335937386106 -0.9876130138335842 252.34855921537792 0.10745800170783955 0.9856724316260514 0.13001013576388837 -23.85694642101005 0.988951465077086 -0.1194030996946277 0.08785157656638694 -88.86510113517144
0.10053732984819978 0.11840742351434574 -0.9878623018233305 252.52667322506696 0.10678946245962581 0.9858729167946457 0.12903721416088537 -23.53183810927995 0.9891856529562985 -0.11846634115862778 0.08647236551586386 -89.6138610167861
0.10024262835731078 0.11884833160466633 -0.9878393034976921 252.5405772114006 0.10743105563228068 0.9857428046526908 0.12949784307540055 -23.68156826572384 0.9891460881718898 -0.11910582332629469 0.08604544789826822 -90.54636837486795
0.10069236179918681 0.12018810552866532 -0.9876314431835047 252.44841773125415 0.11010888508929642 0.9852324690217378 0.13112213928137065 -24.26726982718692 0.9888058867642799 -0.12194999497647162 0.08597160592628686 -91.54288095849174
0.10044420253407879 0.12022574913429704 -0.9876521307739837 252.47894018114627 0.11285384719233948 0.9848892374133581 0.13136665939736206 -24.50127498878957 0.9885216089449848 -0.12465536198828961 0.08535847571499522 -92.45817732076236
0.09941765302812622 0.11674774102017792 -0.9881731099524336 252.66095323302562 0.11420691265422155 0.985191387326766 0.12788554038339403 -23.650258196309352 0.9884699850619492 -0.12557028033673875 0.0846120164502816 -93.3713735681988
0.10009925951695042 0.1201842197018105 -0.987692204879043 252.51770347583104 0.11605748669323619 0.9844914792535178 0.13155678264411244 -24.73168578458854 0.9881856090971005 -0.12779781145187066 0.08459858959524443 -94.28887167916278
0.1008594045876774 0.1203118523265999 -0.9875993310528118 252.41522578439105 0.11503015313240463 0.9845937989196818 0.13169326102441387 -24.65891292029829 0.9882284373446023 -0.12688620617959734 0.08546605352298645 -95.49128232308055
0.10195183203659935 0.11883877343162824 -0.9876655151789226 252.26641470203836 0.1142531505686247 0.9848701007754064 0.1302962093991357 -24.19213236900072 0.9882064771744434 -0.12612783407284203 0.08683160681784845 -96.68869624769695
0.10218860489978515 0.11673572448641514 -0.9878918258884762 252.26766075495263 0.1149757809491452 0.9850489695318235 0.128293013915127 -23.70839324728127 0.9880982030262832 -0.12669371828518008 0.08723899886693819 -97.7875144067177
0.10321281931292252 0.1160825639101551 -0.9878623144373526 252.13440401640906 0.11574896684387086 0.9850170829125683 0.12784178911839195 -23.614294846520274 0.9879014579420635 -0.12753895376103597 0.08822995335760885 -98.9166499332849
0.09899132989896961 0.11295879420621023 -0.9886561724969468 252.71105000639946 0.11207572695575206 0.9859487496901744 0.12387128162621634 -22.20699700726979 0.9887566677561134 -0.12306654214635566 0.08494043896735047 -99.13716014949753
0.09991211520854848 0.1152736714518405 -0.9882962864974082 252.53772497960708 0.11232613117502 0.9856100192992715 0.12631599309724098 -22.8741486939377 0.9886356302955129 -0.12363199637190675 0.0855261362584029 -100.13198114115461
0.09463458670389352 0.10991412070738656 -0.9894256824383049 253.17050915113913 0.10994899772997639 0.986651855932255 0.12012215900328563 -20.97776189177574 0.9894218073691105 -0.12015407298364483 0.08128644319862964 -99.97660049327189
0.08815653315251994 0.10690221842813968 -0.9903536445925119 253.89666927209421 0.1108700218593632 0.9869938501317278 0.11640866829859875 -20.072948607657757 0.9899173015537375 -0.1200627148505779 0.07515770477652867 -99.43244440284063
0.08298198736793805 0.11233308842144984 -0.9901996096839093 254.3544753914083 0.11451900931654094 0.985969186168772 0.1214502384964632 -21.688000300217375 0.989949183684509 -0.12347486048337335 0.06895340855234135 -98.78160237239986
0.07564937106933468 0.11448464371359651 -0.9905404782292264 255.08088967030395 0.11711755260526074 0.9854909736047391 0.12284551198695404 -22.264036720375724 0.9902326249566653 -0.1253028622871551 0.06114361106508317 -97.76819130658917
0.06719903591681464 0.11354235121951309 -0.9912580007502565 255.94178613142236 0.11863234756548391 0.9855466480884422 0.12093043683349028 -21.870059245795947 0.9906617261623429 -0.12572167244028093 0.05275798892931598 -96.56489006463059
0.05954155766724244 0.11067047372417137 -0.9920719979700193 256.7623217628801 0.11810908063981275 0.9860731251098909 0.1170898672235647 -20.799899018937374 0.9912139264462424 -0.12414442469028279 0.04564114193731409 -95.72062183790803
0.05371355618099002 0.1113519699211138 -0.9923283693803574 257.3381727368342 0.11752233943817993 0.9861514968811577 0.11702019027513721 -20.732010482398653 0.9916165355697578 -0.12290632202510768 0.039883359824514325 -95.20687391089481
0.04915607154777155 0.10952086989018618 -0.9927682809641368 257.792619693487 0.11860919697192142 0.9862963141442832 0.11467972401029451 -20.195579084649225 0.9917235194466582 -0.12338865330287986 0.03549226975603849 -95.06050355142735
0.04297868405868485 0.10899509775197316 -0.9931127334711912 258.4415608687286 0.11836751453720773 0.9864745516020721 0.11338911122226067 -19.826050657610704 0.9920392957029814 -0.12242560070315398 0.029495899267597207 -94.5019425620057
0.04025210603291317 0.10972751991452569 -0.993146333292996 258.7031625058593 0.1168367830427162 0.9866164647918324 0.11374145035956026 -19.804460789092925 0.9923350916339422 -0.12061435559283323 0.02689318011655002 -94.81720108381853
0.03814355432534201 0.11107174693302457 -0.9930801258189974 258.91273256282403 0.11267046428738925 0.9869879211488487 0.11471795841775682 -19.666231923300636 0.9929000129623797 -0.1162665495296054 0.025132722092642206 -95.39659470747326
0.03542739956116103 0.11102978880820288 -0.9931854234520057 259.1955373554323 0.1108942361925852 0.9872352038586099 0.11432025472991228 -19.3955391846962 0.9932005677302027 -0.11418860827356977 0.022662612403433535 -95.74385527374395
0.03318533560552976 0.11065928969247812 -0.993304210755952 259.4355607280037 0.11112020054601027 0.9872813404628551 0.11370072912907318 -19.241054500635435 0.9932527546054746 -0.11414935995713955 0.020466780157429913 -96.19664985023243
0.032967740591756514 0.11298309579648465 -0.9930498215822392 259.43599257998596 0.11495897122592898 0.9865668027403042 0.11606196045841204 -20.20612064227705 0.9928230270370197 -0.11798628647015015 0.019536457970496506 -97.0307422578777
0.03165848130370673 0.118003557031727 -0.9925083884226886 259.5420510759492 0.1175486987486722 0.9856752333815997 0.12094063717635414 -21.715234232651188 0.9925623627682225 -0.12049686645713478 0.01733381637074391 -97.56850981317635
0.03129059094196451 0.12532098116156296 -0.9916226856013359 259.4921326242427 0.12217873655456267 0.9841888386929077 0.12823683607387004 -24.079748380065887 0.992014745481353 -0.12516781324689275 0.015484291219088963 -98.2014772649289
0.029494883923333506 0.12756211244045945 -0.9913919302133122 259.66048929162093 0.1242286571138914 0.9836658731200776 0.13026392751101476 -24.808951846687187 0.9918151504055724 -0.12700140758528342 0.013166240819931691 -98.66351570472403
0.02822285070780107 0.12680711776204717 -0.9915258068163468 259.823011986171 0.12337828933738437 0.9838944007743483 0.12934297756378896 -24.485017931593624 0.9919582997374969 -0.12598318542475598 0.012123059520010193 -99.48168633490245
0.02765654949375074 0.12858237459700902 -0.9913131131045801 259.88387031282315 0.11937388470160104 0.9841709436874052 0.13098637048445694 -24.50347156075047 0.9924641005705691 -0.12195952830524148 0.011869394854600661 -100.45782365332212
0.026730177873656502 0.13083753632199313 -0.9910434080705213 259.96478721460784 0.1177349979088556 0.9840855301015887 0.13309447664000482 -24.895096722213435 0.9926852310064074 -0.12023813261135648 0.01090062419723734 -101.2650323773477
0.024648527615620468 0.13117079894482736 -0.9910533142018937 260.1983330652415 0.11883255369196843 0.9839413518956414 0.13318498493757802 -25.023173313155613 0.9926083186581841 -0.1210522099507197 0.00866534457592106 -101.788054632636
0.02260770113284599 0.12948391634495504 -0.991323765102734 260.45211024661705 0.12118678106223348 0.9839103123891262 0.1312793253719202 -24.72217857336543 0.9923722365852756 -0.12310325983622403 0.006552211262841876 -102.28144866660962
0.01810855884296137 0.1281352946589367 -0.991591360571127 260.9677674667883 0.12230740393525504 0.9840218169799607 0.1293907363379431 -24.299959136980572 0.9923270524576308 -0.12362204483879168 0.0021473217333258868 -102.15665667729667
0.017516591566734626 0.12778110418791572 -0.9916476987480995 260.91486766502453 0.11973886080362399 0.9843939954943122 0.128961493664562 -23.809205684293854 0.9926508823515621 -0.12099773157899088 0.0019428637121296551 -102.68157886397994
0.006816398598760933 0.12522918845683556 -0.9921044234699212 262.4146234428084 0.1214060916039004 0.98468464747682 0.12512675950777163 -22.98944404512339 0.9925795170320653 -0.12130043438460034 -0.008491583273990286 -101.19586379131357
0.0051475025138320515 0.1275099973301324 -0.9918239278212337 262.558916234438 0.1224589107805055 0.9842915123181101 0.12717717542460116 -23.676071499470044 0.9924602351672949 -0.12211232271723117 -0.010548092352672157 -101.46763900990467
0.0008003780141034571 0.1260489970332432 -0.992023694143415 263.0968331927762 0.12506062249299962 0.9842231106226443 0.12515873608321998 -23.434849410680137 0.9921487792144371 -0.12416327501801454 -0.014976015494880784 -101.3847446425751
-0.002436763683099155 0.12809109310543845 -0.9917594133910737 263.50877891978894 0.12980945963613563 0.9834114816946009 0.12669396931268612 -24.433066734107058 0.991535963226613 -0.1284310302780573 -0.019023776964355036 -101.30893771177514
-0.0013895838022331582 0.12741374604443173 -0.9918486811887091 263.3472442015681 0.13264273098040547 0.9831090385540925 0.12610521096016367 -24.642926308696442 0.9911629406787343 -0.13138628403365646 -0.018266619635581044 -102.24146338593489
-0.004126201011369783 0.12927589528274938 -0.9916000793485534 263.690736132109 0.13642754746996813 0.9824096475872202 0.12751003340476222 -25.521641278311975 0.9906414582262059 -0.1347554348677544 -0.02169041302186374 -102.22810155877305
-0.006517270825966089 0.13069650738988328 -0.9914010026911749 263.9683082101156 0.13608992240940262 0.9823138825615693 0.1286039235226419 -25.801533734619937 0.9906750517700461 -0.1340815389339671 -0.024188483158629134 -102.39772639198793
-0.00885414960416149 0.13130806195348296 -0.9913020714700476 264.2623640509487 0.1353956311713179 0.9823689883361233 0.1289154521970962 -25.82569458045185 0.9907520512693917 -0.13307653294808072 -0.02647657991529115 -102.66642267893694
-0.011573614665662115 0.1290791484936085 -0.9915667526030386 264.5962681291747 0.13431863860961638 0.9828466586665131 0.12637621955941503 -25.03148781673763 0.9908706044512724 -0.1317232666321147 -0.028712824001389775 -102.87298147438823
-0.015731789522487803 0.13164596180030966 -0.9911719586126778 265.0509985012674 0.13404065843837124 0.9826244712998609 0.12838321653579832 -25.534246676424328 0.9908509538189022 -0.13083764421733218 -0.03310435276260142 -102.58638097311388
-0.017585021470808457 0.1352304812017467 -0.9906581064998233 265.2319849395849 0.13828265083738733 0.9816183801297129 0.13154187268282114 -26.915055501612922 0.990236676505802 -0.13467766238490458 -0.03596180970531423 -102.7357764595554
-0.02001783222508825 0.13516790600088519 -0.9906204740365223 265.4981368260143 0.14071325925796613 0.9813376688202649 0.13105784380726168 -27.07918229447739 0.9898480009890451 -0.1367699416602349 -0.03866416941106224 -102.8391429770207
-0.02316201258262164 0.13752904559826504 -0.9902268845017048 265.8363430796245 0.14428225390452384 0.9805829212246792 0.13281478009131636 -27.953857540885664 0.9892654610271971 -0.1397959091651274 -0.042555274635965624 -102.67337401196805
-0.023702639823621693 0.1398176573669824 -0.9898935334437744 265.8804925155346 0.14916411232985474 0.9795824793381513 0.13478959072037883 -29.055807355347024 0.9885283265836333 -0.14446172109638544 -0.04407446743446824 -103.15182069907749
-0.024551260422597202 0.1437912898857825 -0.9893034421069425 265.9185800921442 0.1553924197833919 0.9781224773220674 0.13830985225645898 -30.746580245934187 0.9875476856767594 -0.15033457456727733 -0.04635821614505692 -103.42197945452105
-0.02248128919898889 0.14564663837860195 -0.9890812142412593 265.60948743828965 0.15694168107626807 0.9775792338827399 0.1403857194382318 -31.480666139831996 0.9873519637783206 -0.1520720165258807 -0.04483526974208897 -104.59736550043647
-0.022733617173355616 0.15130557183058338 -0.9882255848657409 265.5828540074561 0.1574261072854544 0.9766908204774266 0.14591799731383237 -33.014160820332535 0.9872690633232484 -0.1522552630556696 -0.04602316239335286 -105.16198884015749
-0.02085153953055795 0.15172143038861097 -0.9882033297151146 265.3040314892388 0.15521490066991794 0.9769253330760326 0.14671478522736034 -32.9518618902961 0.9876606441026355 -0.15032465251952806 -0.0439198239483045 -106.46061017013098
-0.0173366277443114 0.151908989958714 -0.9882424298258895 264.83960584679306 0.1540657200591426 0.9769924813506659 0.14747693137208248 -33.03046539822243 0.9879084953785512 -0.14969752888405127 -0.04034172287961394 -108.15197086519245
-0.018145321277773012 0.1515414056808555 -0.9882843465723803 264.9806643458331 0.1541774974369342 0.9770485631170625 0.14698777022244836 -32.92770570337074 0.9878765340870337 -0.1497040669960356 -0.0410931347676951 -108.87034733006331
-0.01503299432622416 0.15138563389138313 -0.9883604600209844 264.5733318134735 0.15180510881173823 0.9773591556355671 0.14739162063695432 -32.76306863622664 0.9882961185900935 -0.14782242978193688 -0.0376737472667681 -110.53163157081526
-0.011393571839239117 0.15081410973142723 -0.9884964799262874 264.0802107715055 0.14820718330895627 0.9778965866265796 0.1474886323745321 -32.32373176010492 0.9888907003993765 -0.1448218566722629 -0.03349346941761933 -112.37790259723673
-0.006738769561566698 0.15011780681382497 -0.9886451502243884 263.45055532639026 0.1485936146162627 0.9778415768294044 0.14746453241053573 -32.38504264996112 0.9888753848084549 -0.14591262694226106 -0.028895996586704453 -114.35519397711961
-0.003161886121131649 0.14967220932469008 -0.9887306166150733 262.94363683284666 0.15227665745622151 0.977276782782141 0.14745137988146587 -32.792282177006996 0.9883328498386146 -0.1500943689511833 -0.025881621646034754 -115.9281678420311
0.0004259031326366916 0.14865542063971876 -0.988888964707843 262.4483796250838 0.15810629676536248 0.9764408920072705 0.14685225003107286 -33.32271828485366 0.9874220057957309 -0.15641211695541332 -0.023087488816702702 -117.42520266370937
0.001461348968454592 0.14446808579518122 -0.9895083812913708 262.3640545490818 0.16029031815946382 0.9766811273282364 0.14283203220980942 -32.4600841803882 0.9870688316239808 -0.1588173407015819 -0.021729563478068117 -118.43152872115441
0.0016718648440754054 0.1436114551085311 -0.9896327373473218 262.4078074095612 0.16006611891075392 0.9768356022821887 0.14202479956275904 -32.28501360067373 0.9871048791515477 -0.15864411768358716 -0.02135419114845172 -119.3325628849093
0.003053060394003354 0.14331496501044455 -0.989672420362559 262.22658363715 0.1575027686736361 0.9772553923436202 0.1420027323520779 -31.955512153427726 0.9875138260714985 -0.15630968920502608 -0.01958888404831979 -120.54608431181377
0.00441657458885554 0.1450550385088339 -0.9894137302827882 262.0186445135284 0.15633718602912772 0.9771567786339712 0.14395594546309676 -32.31909418841023 0.9876938686320752 -0.15531795058164038 -0.018361810741975106 -121.6275476973068
0.004660440542464932 0.14301337580913814 -0.9897097830342108 262.0162326938985 0.1561277723643953 0.9774791294275126 0.1419812319645228 -31.74863766506623 0.9877258723909594 -0.15518287880209689 -0.01777287641919553 -122.47192224981916
0.0062410842970766454 0.14229838366777361 -0.9898041315696433 261.7899407352465 0.15678042144400575 0.9774430211576509 0.1415098577557182 -31.718440151231306 0.9876137647474525 -0.1560650838456276 -0.0162092962716002 -123.67112647821186
0.008229643961236353 0.14554242933943576 -0.9893177822228035 261.48150602405593 0.15451092294516375 0.977284356012878 0.14505744442505306 -32.34763772435529 0.987956804547094 -0.15405417473885294 -0.01444519278604536 -124.809578838145
0.010051239407995714 0.14735486280155496 -0.9890326167498714 261.2026054209012 0.1540514320138467 0.9770463448501087 0.14713461968389946 -32.839641647972165 0.9880117048298801 -0.153840776206367 -0.012879700903987868 -125.93694956964006
0.011653391890656164 0.14977723924784225 -0.9886510896472717 260.947374832234 0.15479096747868165 0.9765296075956339 0.14976542283227764 -33.61018063701201 0.9878785121888504 -0.15477953382928836 -0.011804281559318862 -126.93776069865473
0.012683734450521393 0.1496152200860372 -0.9886629399340279 260.7983010640502 0.156826937665244 0.9762082386342792 0.14974240029163394 -33.87346018314814 0.9875446493718298 -0.15694827409425344 -0.011081730726956304 -127.85913998693557
0.013682060683608098 0.14697075556956302 -0.9890462063133159 260.68989234137797 0.1592646455737725 0.9761906537142848 0.14726364205444176 -33.54613591310836 0.9871411114352957 -0.15953496359165248 -0.010050945532606102 -128.85301351961218
0.014481749241079558 0.1416787642927987 -0.9898067521932673 260.62512716284186 0.15588906268216474 0.9774860096486048 0.14219599529284807 -31.737472388051614 0.9876684054251176 -0.1563592935828029 -0.00793046248917717 -130.08662145086757
0.014249252308939689 0.136867544282529 -0.9904868672176861 260.69515946361275 0.15445770079488658 0.978396073174092 0.1374188584680936 -30.26800196792207 0.9878966431129288 -0.15494644016429227 -0.007198833698588302 -130.96612236696527
0.013402964632305238 0.1338061023373874 -0.9909168923357506 260.8265229927884 0.155090997671568 0.9787345659667347 0.13425882400477518 -29.500720383543484 0.9878092644738167 -0.15548175571167222 -0.007634177133982584 -131.52601073560544
0.01136409725980477 0.1312635027794904 -0.9912823765867768 261.139461456498 0.16004636251899762 0.9783270071078177 0.13138275765068083 -29.392576774704985 0.9870440816589233 -0.1601441850381045 -0.009890442890692816 -131.6814934975787
0.012137261392063982 0.1318687154191024 -0.9911928817236414 261.004132849498 0.16297856478566414 0.9777494303840635 0.1320758827494414 -29.966976619159333 0.9865549525020417 -0.1631462328016032 -0.00962457356662144 -132.4266311889547
0.01092267641378305 0.13182047718222226 -0.9912134265310429 261.1804564749115 0.16261883048878747 0.9778419407121555 0.13183419493722012 -29.836118476925233 0.9866285071446187 -0.1626299504388327 -0.01075584073162237 -132.8111918687641
0.01142600440229406 0.13327876136325834 -0.9910127235272383 261.0873598605532 0.1624132982272693 0.9776696131423125 0.13335684495781025 -30.207933648685785 0.9866566611452734 -0.1624773809108117 -0.010475385912898736 -133.57543462302567
0.011543804795931598 0.13522058729992742 -0.9907482694111033 261.05046106590345 0.16298095242276606 0.977310106795899 0.13528549183839492 -30.78259702491258 0.9865616806455649 -0.16303480586933286 -0.010756503007365036 -134.16626688339804
0.01147318956477091 0.13655368974057586 -0.9905662298601974 261.0422114412605 0.16622655909733886 0.9765870700019211 0.13655191597235658 -31.559476315434743 0.9860208400291901 -0.16622510196506776 -0.011494281396985261 -134.6606098328265
0.010182095332538015 0.13546096310032493 -0.9907303631213548 261.24100822727104 0.16731464264735732 0.9765829637703852 0.1352461653032615 -31.35037970628978 0.9858509701219683 -0.16714078601401405 -0.012720941796555143 -135.02764537922866
0.009752410698866619 0.1348043002052251 -0.9908242483567609 261.30118200899057 0.16853181079977475 0.9764752171406721 0.13451088825305813 -31.325415301027107 0.9856479692233477 -0.16829721018560384 -0.013195825462362244 -135.57865993608198
0.007957889124784397 0.13366352424396366 -0.9909948205149011 261.5495610874803 0.1674078775782077 0.9768615930017326 0.13310158016671844 -30.780242556992516 0.9858556053121763 -0.1669595472106968 -0.014602570655937208 -135.8457634070537
0.00465341615162013 0.1339694697246613 -0.9909745339310253 262.0098492071237 0.1685892530482798 0.9766952762668143 0.13283072338399068 -30.860354716198525 0.9856754077660367 -0.16768577309892516 -0.0180408432583637 -135.610647782272
0.0009310821289845693 0.1332152097055319 -0.9910866970094897 262.5334799507262 0.17108191502269204 0.976454106323672 0.13140911915010683 -30.822189988026572 0.9852563683824821 -0.16967936276032436 -0.021881554218400347 -135.2511199400607
-0.002174244438047486 0.1319517951368205 -0.9912537497640523 262.9703817018439 0.1730389891270975 0.9763525430642332 0.12958865650155327 -30.615174148606805 0.9849125752588379 -0.17124378941198387 -0.024955634330312195 -135.08683362358863
-0.004908441866083579 0.13315695159383867 -0.9910828085688317 263.33362385957173 0.17301178799919553 0.9762615140443451 0.13030877717623118 -30.789085962623016 0.984907522771437 -0.17082939570834804 -0.027829645167553766 -134.96396810170623
-0.007017709055544236 0.13484299587589682 -0.9908421257813097 263.6010119004871 0.1714459716600828 0.9763568008184809 0.13165742021257873 -30.90481663920755 0.9851685290147781 -0.16895195754626322 -0.029970076412045726 -135.01631111312335
-0.009465487600003774 0.13631655492061903 -0.9906201095268902 263.92761718126684 0.1722361770583334 0.9760806062972546 0.1326700769680727 -31.27602874286601 0.9850102049506008 -0.16936483361358629 -0.0327177211648006 -134.94161273481657
-0.011720030790949965 0.13192451249078604 -0.9911904781031381 264.27421362607964 0.17737546011707936 0.975812537004656 0.1277804318852892 -30.71899296518188 0.98407346627501 -0.17431527652103557 -0.03483672408366414 -135.03460766241835
-0.013027740007657329 0.13050310833781148 -0.9913623034513983 264.4548857306065 0.1841083571741169 0.9748087752458483 0.1259045849933068 -31.19824961989191 0.9828196125479693 -0.1808778328537205 -0.036726268163276045 -135.15734780425134
-0.014929106036703322 0.1345829695915561 -0.9907898597022797 264.6812015237015 0.18705657533098566 0.9737820353876018 0.12945418178576787 -32.568314616490326 0.9822356944330561 -0.1834011228218018 -0.03971232465260896 -134.97988743797157
-0.017011835625733586 0.13805578050584083 -0.9902783441626734 264.94984086599334 0.18545799150990305 0.9736706979957815 0.132554536887728 -33.15438119364728 0.9825049266206026 -0.18140003675118266 -0.0421674736368428 -134.96979347886173
-0.021268779921740495 0.13555003612254735 -0.9905421882523815 265.5622475228979 0.17812158738853306 0.975428977555881 0.12965727843232283 -31.28366502347605 0.9837786026880384 -0.1736792948265965 -0.04489057185764552 -134.85672623849
-0.023153056606252435 0.1353635173990479 -0.9905254434526887 265.8208049991145 0.17612269305003342 0.9758471230132593 0.12924081978828816 -30.857932422289426 0.9840958962228181 -0.1714616886190694 -0.04643443090321995 -135.04100121863644
-0.024968032600172288 0.13504934103806782 -0.9905242414162616 266.0748574060453 0.1793054678651983 0.975370026089226 0.12846346328954827 -31.121026223823765 0.9834765612569112 -0.17439893259961897 -0.048568155888344164 -135.09550409560697
-0.02794374267936621 0.1331082617096418 -0.9907074936174182 266.5036901250323 0.18352928437845767 0.9749299371354936 0.12581184146380286 -31.049789459460456 0.9826169899918281 -0.17830818360809847 -0.051672455310155935 -134.8914100968692
-0.030402711095763684 0.1328341892383085 -0.9906718696558556 266.84390107801755 0.18643024874752298 0.9744911231534997 0.1249432401011245 -31.25366714886086 0.9819976769371526 -0.1808925898549517 -0.054391483024495514 -134.76404943199768
-0.03183708108616741 0.1364547960497815 -0.9901345812074867 267.01418207713385 0.19030387095017648 0.9733421494446827 0.1280214701360027 -32.64636504428633 0.9812088651094073 -0.18435061363992636 -0.05695624883444512 -134.66653851003167
-0.03351291854579544 0.13631372639247488 -0.990098708355657 267.2349252196554 0.19482193869068007 0.9725423095627839 0.1273022714451378 -33.14406537156226 0.9802659315182528 -0.18862667920335166 -0.059149635648650216 -134.6616529990748
-0.03659640516958863 0.1358902682874923 -0.9900477453706041 267.66521053573433 0.1974253961242588 0.9721688481373509 0.12613858916475754 -33.2345510825952 0.9796345829409264 -0.1908443493951271 -0.062406075105776754 -134.38215270386823
-0.03820665321374617 0.13729739069942254 -0.9897927450518793 267.8758246338448 0.19482978000854612 0.9725302603356656 0.12738229685974461 -33.14937918891835 0.9800926530037994 -0.18797425153082192 -0.06390674682223496 -134.55747538747002
-0.042330457144103995 0.13974485184645127 -0.9892823200585282 268.4202616035321 0.1908276718664307 0.9730719318867259 0.12928965551919744 -33.01862221413517 0.9807104221165434 -0.18330955173325877 -0.06785776444403911 -134.06742327185816
-0.04813031755354439 0.14065333806221803 -0.9888883208048066 269.19968783399594 0.18882326452394277 0.9734655527459452 0.1292694565299631 -32.67901103213073 0.9808308963866891 -0.18050334099120244 -0.07341182864019673 -133.11935827017356
-0.05348822022925516 0.14225950710794874 -0.9883831458164946 269.92410565468424 0.18863706189018922 0.9734181005975333 0.1298971143271756 -32.824001865000554 0.980589143922236 -0.1794977271903293 -0.07890181718669405 -132.25452629863614
-0.06218670850652713 0.14153015199503158 -0.9879787595699554 271.1101789353721 0.18898891645234125 0.9736559071238481 0.12758277305736676 -32.252975743561564 0.9800081646309353 -0.17878308253048114 -0.08729608615284513 -130.56431302861174
-0.07307831612878697 0.14165520323854108 -0.9872149528381489 272.55466645587757 0.19044189017962837 0.9736295038356694 0.12560842219181917 -31.95565072774621 0.9789746912850155 -0.17882782964671784 -0.09812828933214424 -128.1682585015575
-0.0846258432633673 0.14341362348172335 -0.9860380313414927 274.0410023788668 0.19171578420233307 0.9734413814682327 0.12512767452847198 -32.02469228517621 0.977795236611249 -0.17845001945940284 -0.1098729530653031 -125.49811203995
-0.09665554996039112 0.14580737949009098 -0.9845800692417489 275.5564590644726 0.19318151671310474 0.9731486932882694 0.1251499994077438 -32.265350283276106 0.9763906012771112 -0.17810622908131662 -0.12222751286087268 -122.64014114474634
-0.10723126312226199 0.14952077742789394 -0.9829267487084491 276.8313185124815 0.19344710248499897 0.9728709330280502 0.126887218463052 -32.76707778412856 0.9752331386644747 -0.17653805478278667 -0.13324654015826184 -120.13104615249361
-0.11859581907542843 0.15339745836522833 -0.9810220443317859 278.20444688918724 0.19409944687111502 0.9725156855843374 0.12860266722255095 -33.33058955715431 0.9737866483076032 -0.17516409751862685 -0.14511065611570198 -117.37214425486016
-0.12783214822710562 0.15818363381275685 -0.9791000356824807 279.2578163143004 0.1938936239879091 0.9721362431529597 0.13174364244731268 -34.12010233909795 0.9726583184533398 -0.17300018133586365 -0.15494106234720248 -115.11059211506013
-0.13517964502201504 0.16490184400857144 -0.9770024797380479 280.0378795667175 0.19396843923635043 0.971378288793513 0.137114786368213 -35.540824555009856 0.9716494780279235 -0.1709725179763088 -0.16329632557073823 -113.30396399851563
-0.14188166294971236 0.17046006266605163 -0.9750963853663442 280.7408204609322 0.1936377738665503 0.970810039728287 0.14153543476730113 -36.65204040273831 0.9707594996963106 -0.1687342105165635 -0.17074764991273256 -111.72985528252939
-0.14773268132428236 0.17090307179094477 -0.9741494725765432 281.4078235597267 0.1949118835811292 0.9706715788871552 0.1407339460811568 -36.650459777127296 0.9696310703084934 -0.1690823053815413 -0.17671095466684805 -110.58257740822206
-0.15118740548350643 0.17497499682235346 -0.972895738972159 281.7388068393991 0.19293321600515106 0.9705041299468665 0.14456316238234754 -37.339449222850256 0.9694942715586697 -0.16584777430852868 -0.18048649027512229 -110.04673785631655
-0.15217865954831727 0.18050533396823024 -0.9717301477195689 281.75524246983156 0.18968228813218105 0.9702388721180287 0.15052295705332186 -38.37817188823488 0.9699805591593152 -0.16141361603084664 -0.18188831576775022 -110.17651936779174
-0.15115626221625428 0.18659956787087462 -0.9707380623336109 281.5093882124966 0.1876956765518354 0.9695743598891531 0.15714927187004926 -39.79445183749676 0.970526721629322 -0.15844924081844233 -0.18158116831736576 -110.79817847493885
-0.1510484237964295 0.18833600805357995 -0.9704194565954746 281.45581379471525 0.18637967689932697 0.9695022887944698 0.1591475040997735 -40.09955998183794 0.9707970898738402 -0.1568274851316784 -0.18154379691897066 -111.35046905619656
-0.15049983961771998 0.18917972613841022 -0.9703405739704161 281.375324595431 0.1927937952280535 0.9682914660909752 0.15887790663573453 -41.08587128958779 0.9696289758441647 -0.1631645424520472 -0.18220038773232664 -111.73581154502617
-0.1478348214629475 0.18985020519692075 -0.9706192688947122 281.03728190193925 0.196159157411243 0.9675344098543327 0.1593698550904135 -41.76613271823 0.9693639412144077 -0.16683544387963636 -0.1802761330258531 -112.85460658061515
-0.1457138939798338 0.19148371514179288 -0.9706191054871786 280.7410965896693 0.19631807817184763 0.9671768490344461 0.1613324359039828 -42.308008122248296 0.9696528622574917 -0.1670416999652994 -0.1785228197977973 -113.8940818182781
-0.1422720441387053 0.1923122390733749 -0.9709658429415421 280.28528236462745 0.19453485760344114 0.9672456064336796 0.16307092325718878 -42.46382410314789 0.9705229799617333 -0.16568626840305187 -0.1750234436550392 -115.41128550887784
-0.1390984268076693 0.1938948432452915 -0.9711109192170146 279.8645585373207 0.19180396348905288 0.967349231885253 0.16567046556613638 -42.6839249690376 0.971526050731282 -0.1632184221645772 -0.17174655576338155 -116.89420598816908
-0.13615935034696564 0.19479417053284373 -0.9713474468178283 279.4697389419301 0.19220156816010667 0.9670435402714513 0.16698906675604258 -43.08779397966878 0.9718637705511448 -0.16395737966215357 -0.1691117652454503 -118.17289345140185
-0.13166644357675367 0.1964214815764405 -0.9716391044061399 278.85484055699305 0.19417639640547538 0.9662944543125648 0.16902826581304825 -43.947452924379846 0.9720902605801753 -0.16641402927667742 -0.16536896971641296 -119.77018401705772
-0.126152701304883 0.19699984024251582 -0.972253340903442 278.1374560799753 0.19629910695511749 0.9656607979411987 0.17019366594615368 -44.60973769279137 0.9723950619794943 -0.16938207184938683 -0.16049161091441766 -121.69183557729157
-0.11905232238433017 0.19707735435714266 -0.9731326019276544 277.2062972583256 0.19581819582758328 0.9655134369226632 0.1715780793243016 -44.89210849243475 0.973386757007577 -0.17013030159667417 -0.15353794892760853 -124.19303277540621
-0.11160913124589121 0.19883512121473604 -0.9736570219507784 276.1760772842717 0.19311950108832762 0.9654392280822062 0.1750198708130852 -45.328093523965286 0.9748067809170865 -0.16849834257806465 -0.14615077292478584 -126.78050763963665
-0.10550705502691073 0.19802701128219838 -0.9745017004306296 275.3614297414141 0.19102228860268491 0.9657568074316224 0.1755684315487053 -45.10452051133535 0.9758989428196656 -0.16762783689506924 -0.13972172952457707 -129.08519449508015
-0.09975249089942165 0.19748317163442564 -0.9752178410388979 274.5716444528067 0.18879904922459906 0.966057671631356 0.17631646007701987 -44.90334475263734 0.9769362105947597 -0.16653219509575887 -0.13365129414016114 -131.27384334019334
-0.0943765207069082 0.19665982035848684 -0.9759190475627713 273.8261065860513 0.1878382391544947 0.966204626055929 0.17653729492507222 -44.786170921707466 0.9776552911177834 -0.16665393978148482 -0.12812726526665524 -133.2995011014991
-0.0884562806339047 0.20045682736377474 -0.9757010540015141 272.907639484004 0.18445894070049312 0.9658949255143677 0.18171926717122203 -45.55427722109271 0.9788515646470959 -0.1639025723679888 -0.12241552662586691 -135.3619317999375
-0.08283022456719678 0.20117283368062078 -0.9760474603660709 272.07158371949515 0.18207431192147117 0.9659827673576092 0.18364704763882786 -45.634709048951414 0.9797898238073666 -0.16250164355182492 -0.11664097481796455 -137.42150180183114
-0.078273636750508 0.1977714620115651 -0.9771180515186778 271.4671808552246 0.18192774860664707 0.9665007006168063 0.18104886079216162 -44.923035836934076 0.9801915792725248 -0.16359353447196787 -0.11163164158160042 -139.27745287155446
-0.07402360513057202 0.19614799478669165 -0.9777762883321691 270.87638617105614 0.1822974431224757 0.9666071272794647 0.1801063678039967 -44.723954402671254 0.9804530320798038 -0.16491399465691436 -0.10730902222934624 -140.90948306361557
-0.06834376986069701 0.19631710799958846 -0.9781557760540527 270.0324243386489 0.18572584980776957 0.9658128257763692 0.18086319216204935 -45.502418469159046 0.9802219329490693 -0.16930794037062316 -0.10246845120839689 -142.72668713612336
-0.0609659874169052 0.1982464455407425 -0.9782543100895306 268.8777896283878 0.188874849401227 0.9646620534499986 0.18372102192535414 -46.7986246602034 0.9801068511350922 -0.17356690198333916 -0.09625534215803482 -144.88384695017098
-0.05309630729977004 0.19518102133257098 -0.9793289289420092 267.7259176110632 0.18847756016434414 0.9650441467775435 0.18211535927784744 -46.28231375464749 0.980641112469605 -0.17491187404512565 -0.08802752326629261 -147.57289529170373
-0.04431419069971202 0.19122566918144981 -0.9805452544114098 266.43642365499215 0.1883447928400823 0.9655076373723035 0.17978109240345416 -45.64766594174601 0.9811026916244069 -0.1767137391994735 -0.07880204861223093 -150.52138485958142
-0.0326255248021469 0.18860234681081117 -0.9815114517461522 264.6337980389512 0.18571122641578552 0.9660767146241873 0.17946342759482242 -45.09126481632846 0.9820625822800345 -0.1764226069368428 -0.06654433294487905 -154.27080306959422
-0.01942427760937932 0.18780699170410026 -0.9820138651294134 262.51406362038364 0.18362097222733342 0.9661627083079702 0.18114347803135727 -45.155432088657314 0.9828051872052989 -0.17679975945137477 -0.05325231506980142 -158.26371204111123
-0.005187206429016718 0.1850162631529395 -0.9827217689958765 260.1963522450529 0.1818358585769007 0.9665257857330242 0.18100725413297875 -44.79621287675601 0.9833152156989455 -0.17775513461523867 -0.03865615983066934 -162.5674226136508
0.009934379342582938 0.1826466568752482 -0.9831284284565129 257.6805136332859 0.18241524723262728 0.9663481270325625 0.1813724757445792 -44.99078142295418 0.9831713918153524 -0.18113943831466922 -0.023717466199175245 -166.94378186061275
0.029174987530749152 0.17832492350659152 -0.98353903926532 254.3861512840905 0.18040018043957262 0.9668611646001378 0.1806523270966495 -44.431538184720445 0.9831605133445658 -0.18270114954327324 -0.0039616859562874775 -172.52336936733366
0.05028789826134544 0.1751399881214899 -0.983258415600528 250.6332484956074 0.18025803197068385 0.9667443772842577 0.1814176146335527 -44.60673237407029 0.982333023571188 -0.186363337462272 0.01704515331144979 -178.36091730383595
0.07202798313016989 0.16793382136445953 -0.9831633644965263 246.66315045465697 0.1802321236716912 0.9673052330103834 0.1784291674237133 -43.805314473656736 0.9809833593099282 -0.1900495141605395 0.03940597574417798 -184.42273158899002
0.0929188335271488 0.15872353402710168 -0.9829409596318089 242.73071460818906 0.18228519056092432 0.9678147873249214 0.17351267025028672 -42.86313499019387 0.9788453400196179 -0.1952981750584596 0.060995271461923704 -190.1972736515118
0.11197406703948685 0.1481592781026346 -0.9826040080432924 239.02809675305127 0.18416462428674232 0.9685984490182712 0.16703423517567498 -41.48062456511499 0.9764963898919236 -0.19966440061139049 0.08117220987834822 -195.51225876981704
0.1294046152620086 0.1392123812542147 -0.981771031582427 235.53414794052495 0.18644435278289623 0.9690207709168671 0.16197916176794974 -40.55766448868015 0.9739060267111291 -0.20400651567342615 0.09944039771908432 -200.3345182686602
0.14304528307434272 0.13085989452478777 -0.981026877814845 232.72197830697888 0.18760564295331397 0.9696645942500871 0.1566993854164331 -39.363127295441664 0.9717726944724547 -0.20646128611140538 0.11415589172254573 -204.24415459668126
0.15057138155134656 0.1203791335309051 -0.9812426424020041 231.1419103137012 0.1858843856099541 0.9714076115027696 0.1476964708477976 -36.677525252532824 0.9709661447466275 -0.2046365473829955 0.12388958483681481 -206.9552149675052
0.15240022566239636 0.11386274286105239 -0.9817379726822266 230.7376805500736 0.1855506859473883 0.9723814110100989 0.14158154705491405 -35.012687073764475 0.9707446184051212 -0.2037392139725856 0.12706383642613908 -208.10276037406842
0.14458924159942269 0.10717552368668104 -0.9836703504407303 232.3678846149449 0.18396568856078843 0.9738726591283267 0.1331490489439437 -32.50069337892241 0.9722399789383578 -0.20021351334215026 0.12109489018589449 -207.1006242492513
0.13251403275597656 0.10906830366150319 -0.9851619847817669 234.91173802537327 0.18139064877753738 0.9744734113889553 0.13228379731484935 -31.810818343770926 0.9744421294560351 -0.19622863102099602 0.10934743119439873 -204.6984100651626
0.11933156737903051 0.11433289045637288 -0.9862494447079575 237.66889969968224 0.18099710865042914 0.97419681935008 0.13483546947436373 -32.416591379774566 0.976217201081321 -0.1945984258108949 0.09555851079246155 -201.76597510199232
0.1079201021795993 0.1206580798083294 -0.9868104576475218 240.0191890731524 0.1798502922823003 0.9738604103596206 0.13874355300395919 -33.238467172120444 0.9777561679230236 -0.19245136765208526 0.0833987240749276 -199.19348251158672
0.09685897007435962 0.12341852602840397 -0.9876164272373716 242.23581563571483 0.178740156323542 0.9739931108787695 0.1392457413285339 -33.150677506278996 0.9791171004704035 -0.19001391368442833 0.07228012294370109 -196.81233656469095
0.08343349909906282 0.1253723399830014 -0.9885952799782495 244.8929621710965 0.17917711975432254 0.9739987984944584 0.13864306794029263 -33.0677153915124 0.9802726207462044 -0.18870113115330855 0.05880027310166177 -193.79876249409477
0.0672269341027234 0.12428719208850392 -0.9899662788266596 248.04295842530573 0.17832699622841758 0.9747375165239588 0.13448515270041908 -31.81064086456927 0.9816720540726919 -0.18557873736896804 0.04336485315600119 -190.294923945198
0.0514715175776638 0.13050690087628092 -0.9901104138942893 251.0436267674334 0.17857827107927454 0.9742426911450678 0.13769887381076715 -32.69989772688512 0.9825784874383265 -0.18389977589460252 0.026840053079783332 -186.4737930155224
0.03928648729523329 0.13713020803837137 -0.9897736498610955 253.28711739701416 0.17736704444395165 0.9738516543916389 0.14196438561796168 -33.58512118175308 0.9833603121243092 -0.18113050897632085 0.013936830943948892 -183.4617996996762
0.025708043580300453 0.1418391778455706 -0.9895558317363229 255.78375845953576 0.17552098497463947 0.9738650561924572 0.1441500473839488 -33.81077129158021 0.9841399698868072 -0.1773936299740069 0.00014041310247983062 -180.2699687719202
0.010074390876330087 0.1447834693560403 -0.9894120747442389 258.6207321009068 0.17464090640495078 0.9740001081218477 0.14430642116235284 -33.68913280339434 0.9845806520841897 -0.17424562083409065 -0.015472658517985028 -176.5983209775684
-0.0027529911062308225 0.1433616227341693 -0.9896665429158421 260.8838128095781 0.1721296172507742 0.9749666032502351 0.1407533921857657 -32.26552424260974 0.9850704624061523 -0.1699634304011416 -0.027360855637302426 -173.81127390777814
-0.013942263406145877 0.14644750159297118 -0.9891201861089937 262.8130580858003 0.17129882711184344 0.9749418102760167 0.14193371130859125 -32.40705878597055 0.9851204622386139 -0.1674562505638427 -0.03867918078086871 -171.14261825172107
-0.023969478630273853 0.15169394154752586 -0.9881368387991455 264.5129031760306 0.17240602804039862 0.974238837995919 0.14537829286277387 -33.51314411892438 0.9847342918724452 -0.16687610565367644 -0.049504946948127355 -168.6207500832054
-0.0313285880591305 0.1608329865993339 -0.9864842978941731 265.69420727014324 0.17526440574348154 0.9725607082531016 0.1529969177519896 -36.04071665258289 0.9840228186630661 -0.16810240683512917 -0.058657251611639226 -166.5186167334831
-0.037840390194551876 0.16120827703704899 -0.9861947050581189 266.7853813595946 0.17534890650797746 0.9726599205578851 0.1522676588339927 -35.85457417320308 0.98377887040553 -0.1671662955116093 -0.06507352601899383 -165.15613141462543
-0.04093269886582736 0.16453990105535046 -0.9855207431222617 267.252385561623 0.17461947255739094 0.972345562045348 0.15508754874100922 -36.44459173979744 0.9837848108033271 -0.16574296042792225 -0.06853259882165647 -164.54420959961982
-0.04340426761907662 0.16331324766104682 -0.9856190200533131 267.66585498949445 0.1737756447225003 0.9727442601874532 0.15352729260181813 -35.87977809722409 0.9838282852478532 -0.1646128409656018 -0.07060111709812067 -164.33588021302302
-0.04438103159732516 0.16501499210166937 -0.9852920259578086 267.7988502765782 0.17319050822883936 0.9726009639418858 0.15508840317299877 -36.18507991544261 0.9838878858354714 -0.1637602434078561 -0.07174406445975978 -164.34992634749426
-0.04366196721540895 0.16697791512123206 -0.9849934052980494 267.6539345962866 0.17230417305803902 0.9724180194793627 0.15720835645289163 -36.56617104793666 0.9840756599803016 -0.16285444806206775 -0.07122867527010014 -164.83820415982166
-0.04296207591677545 0.169218684665135 -0.9846417098585267 267.4860277830446 0.17263737012090002 0.971983872166181 0.15951078548667796 -37.22345205363677 0.9840480671545779 -0.16313304082569913 -0.0709719136017916 -165.2245543471463
-0.045246385602054795 0.1690754574943134 -0.9845639919594048 267.8594811965852 0.17344837683016634 0.9719337166478615 0.15893555617939908 -37.21499219604252 0.9838030418559046 -0.16357976683001763 -0.07330235138729387 -164.92896536019686
-0.046575924851273 0.16857068802401096 -0.9845885467358232 268.06131513791195 0.17644411162716325 0.9715483477883438 0.15799140287319777 -37.52770227245333 0.9832080953167289 -0.16636625573971273 -0.07499406813074462 -164.81402227830935
-0.04965472515274403 0.16907242914504877 -0.9843520315278461 268.5609872127045 0.1785349427006796 0.9711963223446977 0.1578067732988656 -37.8745780619324 0.9826798474095572 -0.167905381590725 -0.07840982290505773 -164.23552205648224
-0.05398233325564573 0.16891202498648905 -0.9841517339878239 269.2669840405159 0.17753079537506966 0.9715103713066096 0.15700450674165062 -37.46419745826425 0.9826335656742913 -0.16624177049904626 -0.08243148276945454 -163.47081204154773
-0.05866651268655462 0.16942317710237792 -0.9837957244010235 270.0329604421529 0.17691387310321988 0.9716586493489476 0.1567831325398125 -37.27713225310417 0.9824763212377264 -0.16484919231198827 -0.086977134933665 -162.58024091605094
-0.06268163927358754 0.17254769589601082 -0.9830047328161517 270.65708603379426 0.17479493801149504 0.9716159188968434 0.15940274712752164 -37.487361793019154 0.9826076234914594 -0.16183262584293925 -0.09106294234893672 -161.78556449793973
-0.0664706556037769 0.17581966033625293 -0.9821756965954965 271.2274858332783 0.17665381315669118 0.970876274990219 0.16184155510349577 -38.53009827182279 0.9820260089431466 -0.16274736772175966 -0.09559399593506596 -160.90670626064832
-0.0708290578686424 0.1761963307190699 -0.9818034923560708 271.9225631716645 0.17534264890445958 0.9711483958541316 0.16163461481104643 -38.1214166078788 0.9819563126924784 -0.1607035975673354 -0.09968025728451939 -160.11846485207366
-0.07562078822602653 0.17625633815726993 -0.9814352753225577 272.687531422055 0.17866960914376756 0.9707193235842644 0.16056514437611288 -38.53787036063073 0.9809988109862764 -0.16321059426243986 -0.10489821144334849 -159.0761669995485
-0.07933999284226544 0.17929612620438162 -0.9805906713118842 273.24896025099906 0.17977467484819376 0.9701363504129419 0.16283896306069784 -39.33844630155101 0.9805030503874097 -0.16336572693058837 -0.10920351388771778 -158.25154404766135
-0.08228455743440077 0.1842899292302364 -0.9794214994537027 273.6460306340022 0.17982174944531487 0.969369801945073 0.16729113994290415 -40.513783471675815 0.9802516972871056 -0.16235581006322006 -0.11290350262265746 -157.5930555640059
-0.08513097851542643 0.18846401802609802 -0.9783833759863587 274.03304356325214 0.18038848247691563 0.9686363723203733 0.17089053106507354 -41.580449257535534 0.9799044401811237 -0.16194101434623023 -0.1164577004144962 -156.9882839879104
-0.08839298783537837 0.18674174175249653 -0.9784243463798203 274.5773896853325 0.18002826917934694 0.9690880217844402 0.1686956677873175 -40.94832967805025 0.9796818371276581 -0.1612325274910875 -0.11927937827224144 -156.582373801127
-0.09077422943472463 0.18834914233002467 -0.97789807232353 274.93124090729054 0.1773481633970225 0.9693133120968751 0.17023316930460017 -40.79449223324029 0.9799528908117139 -0.15797564234821063 -0.12139204345604886 -156.36280262817743
-0.09233103064536381 0.18847050541507374 -0.9777289242773539 275.16485565264003 0.17402331269177254 0.9698651986940284 0.17052091661134902 -40.24956950115691 0.980403420750737 -0.15440325433999033 -0.12234691507951397 -156.47210255221336
-0.09283669265618723 0.19315477947770784 -0.9767663895024125 275.1721426862455 0.1710277652628945 0.9695160088611428 0.17546570055466912 -40.93197466763161 0.980882690236626 -0.1507645174664072 -0.12304149002381477 -156.64092537000167
-0.09275033992756243 0.19613649109528802 -0.9761802350509611 275.0992253859131 0.16896600256111283 0.9692872143776915 0.17869747066607575 -41.36912671621421 0.9812481156271534 -0.14836702094725426 -0.12304211747770509 -157.02278751947426
-0.09312679988879072 0.19469939497664088 -0.9764320481929111 275.17549963753453 0.16742570474229243 0.9697913972578819 0.17740710018528769 -40.72593419292714 0.981476455415014 -0.14695846828385214 -0.12291125280316749 -157.4371317646372
-0.09134455332300301 0.19510722674083242 -0.9765189924685144 274.8707214146838 0.16978118315916269 0.9693124046791644 0.17778585989940415 -41.2863579628459 0.9812392788832375 -0.14955477995904082 -0.12166694443482577 -158.21073844527842
-0.0886572592207031 0.19564386695850622 -0.9766592894704862 274.4089619420365 0.17124455446703857 0.9689148845644167 0.17854760999494773 -41.773637527659936 0.9812314675716725 -0.15141804314890883 -0.11940428491514311 -159.24916754082074
-0.08555252311689564 0.1976171393479551 -0.9765389045113687 273.85629185126214 0.17173160793031406 0.9683879679722182 0.1809226307688105 -42.490210855403575 0.9814219381214188 -0.15222420872702652 -0.11678514311088004 -160.37689911891277
-0.08170010301686509 0.1963039592819081 -0.9771334856288983 273.2243285836538 0.17119809672079203 0.9686030046039974 0.1802759860638302 -42.183852711892115 0.981843319907108 -0.152554826348939 -0.1127418294664102 -161.90081042369292
-0.07776296794348626 0.19607333638837726 -0.9775009808558509 272.57019535854266 0.17170027856720166 0.9684538624055536 0.18059936525832668 -42.37629428718968 0.9820753205108891 -0.15379324806146524 -0.10897569313447354 -163.34808999452977
-0.07317198485668057 0.19648124152880825 -0.9777734821314351 271.77649033625823 0.17169472278717623 0.9682456091997685 0.1817178098932617 -42.653611248649405 0.9824290217614545 -0.15458189412950984 -0.10458324535108188 -164.9483317405622
-0.06753795317296732 0.1983716300086349 -0.9777971779919 270.76389695041496 0.1733142005611098 0.9674677614011534 0.1843049606855566 -43.63273562742312 0.9825481223660598 -0.15701855641024862 -0.09972141283481743 -166.68204350554868
-0.06214556093779496 0.19775248873672066 -0.9782800634042177 269.84106024588505 0.17643836430868656 0.9669140027904186 0.18424661410155257 -44.24904716932616 0.9823479184361323 -0.16115602503860788 -0.09498053873269813 -168.39814827987678
-0.056767320701409746 0.19744341962274198 -0.978669283950437 268.9044798549481 0.17596841159590937 0.966882841457788 0.18485856489469502 -44.28163171224939 0.9827576453128186 -0.16172095393668487 -0.08963115327280309 -170.23827344759914
-0.05040223566466799 0.1978811287793789 -0.9789293506239366 267.76435925550834 0.17526027603590932 0.9667176294464546 0.18638900332703093 -44.53603686736001 0.9832311276011455 -0.16217300573901297 -0.08340543103272066 -172.29983654752454
-0.045725260319527075 0.19515843690451107 -0.9797052541829605 266.9715997049934 0.17524764594432535 0.9670887083680403 0.18446596634069973 -44.03558084743746 0.9834619785023129 -0.16325628518382912 -0.07842143959589355 -173.98651097700255
-0.0376633601093982 0.19413397967574691 -0.9802517376880931 265.50489704827675 0.17127004014944713 0.9676866892494611 0.18506497452684859 -43.36571899238369 0.9845039586779102 -0.1609175856911638 -0.0696956667437109 -176.68012052714977
-0.03036355764399294 0.19607315753481505 -0.9801190597379114 264.1598294689158 0.1663406837203857 0.9678887233256233 0.1884733302049116 -43.289398086641704 0.9856007464012161 -0.1573109536981536 -0.06200348812722434 -179.0599052602716
-0.019826709310499433 0.1950661806206065 -0.9805896627927535 262.1821896865676 0.15943763332663063 0.9688481924931874 0.18950678347195446 -42.12084838141645 0.9870088868278339 -0.15258559919196926 -0.050309961658779795 -182.4317068224617
-0.008680479745080131 0.1931005656565319 -0.981140571383389 260.0977579087717 0.15810938445214567 0.9691000057868484 0.18933198708114277 -41.805445050649986 0.9873834472075977 -0.1534840393235005 -0.038943264544505175 -185.7365207582172
0.005467998530449623 0.18931079166093262 -0.9819019936596431 257.3984390304146 0.15643840538168002 0.9696647305181471 0.1878226176763777 -41.06759925834081 0.9876725805213529 -0.15463419592664668 -0.02431335304747769 -189.84411299186527
0.021197555583470314 0.1870995252449687 -0.9821122294780739 254.33363520010613 0.15651787740029854 0.9695993093476781 0.18809394824557965 -41.12052304162808 0.9874476278220484 -0.15770525344963313 -0.008731285300354247 -194.2147338494886
0.03974374248277842 0.18267093302090545 -0.9823704826401976 250.63813900036317 0.15922409053974154 0.9694269571245642 0.18670582152681053 -41.313536068003685 0.986442154373613 -0.16383743476226953 0.00944304216152244 -199.1688018103277
0.06233573049666197 0.1797204954103529 -0.981740699081435 245.97167095320722 0.16118566785763938 0.9689281994670106 0.18760950070533103 -41.90605076928401 0.9849535203149102 -0.16993730551904776 0.031430479032167946 -205.00638970198094
0.08840655333842817 0.17694918016443065 -0.9802414340181482 240.41633404447728 0.1638413946472619 0.9681075931451032 0.18953544653925747 -42.94794556873374 0.9825173172656347 -0.17736029920456103 0.05659545511088994 -211.51001900539305
0.11672883170099538 0.1704363434341984 -0.9784302901517822 234.203616549263 0.1658012215416742 0.9679957208563472 0.18839914898716872 -43.0493483531376 0.9792263960826472 -0.18421654985527416 0.08473445565063785 -218.58730463169607
0.1455355124638108 0.1622305942281299 -0.9759613972428846 227.68897786325226 0.16363968165316184 0.9689299508887012 0.18546375618775437 -41.85037652285632 0.9757261240739369 -0.18669757515084875 0.11446635415022773 -225.88007693472025
0.178490722578036 0.15285116107078217 -0.9719966998467043 219.91068230835035 0.16326365503290569 0.9695654596906336 0.18244944044909128 -40.984022298014665 0.970302035914007 -0.19125726635661178 0.14810340025444754 -233.87822225873424
0.2105788523756679 0.1423283675444303 -0.967160370737079 212.0367644202327 0.16330541610235677 0.9703209208872696 0.1783498011216079 -39.903338150038905 0.9638401776247879 -0.19549922322254512 0.18108607267153012 -241.4836590525633
0.24227623016165042 0.13019539627402804 -0.9614319461551648 203.94075165500735 0.16243330518581317 0.9715251062959653 0.1724946063012566 -38.179368950266735 0.956513277307258 -0.1979599116630987 0.21422937172401615 -248.91030455505773
0.2740850081373183 0.11991147699836108 -0.9542005271421923 195.4890536642344 0.15878099840024873 0.9729371948804102 0.16787438567351104 -36.230348410929516 0.9485072497674365 -0.1975207647370525 0.24762783493844862 -256.15000745529187
0.3050010950596749 0.11101475555993395 -0.945859427219694 186.98861855375617 0.15506926017874906 0.9741389727708415 0.1643374159361931 -34.54384032655998 0.9396424088769167 -0.1967968134318694 0.2798984774218098 -262.9148028599868
0.3371610741290721 0.1081408765465001 -0.9352154622929868 177.85775265252772 0.15220055487088135 0.9740523023419345 0.16750254744144133 -34.773837466586 0.9290626465363497 -0.19881565109953264 0.3119534191009016 -269.3822159676216
0.3663619367824789 0.0939936986173593 -0.9257127610102498 169.19031193799853 0.15660603820417052 0.97446320572846 0.1609223709724879 -33.979505614040654 0.9171987135157706 -0.20392803951796856 0.3422862466173203 -275.2744666001741
0.39439278959883584 0.08090710922364852 -0.9153733485248087 160.57020381277346 0.15978113448392847 0.9749058631404282 0.15501144176300605 -33.1033690003373 0.9049443720889573 -0.20739478704029582 0.3715684132606446 -280.6376808146484
0.42703051105575657 0.07376557567755755 -0.9012233810062953 150.2635592769548 0.1612297400956873 0.9744842691371366 0.15615818938799805 -33.69162616723532 0.8897471065061895 -0.2119883229077 0.40424131087092546 -286.37224188697803
0.4640900775925578 0.06914734177886178 -0.8830849591092871 138.14984502082623 0.1592185606325392 0.974198864301532 0.1599563151104314 -34.22991755779214 0.8713609182366606 -0.21483765479664513 0.4411064862946831 -292.60530027768544
0.4990463240821805 0.062061695046459815 -0.8643501098675372 126.21384557477406 0.1604339718035752 0.9735727558017442 0.16253316539072032 -35.15685008289821 0.8515948021866933 -0.2197826998845856 0.4759011007762529 -298.04597652771884
0.5331108753691989 0.050054193972228496 -0.844563421081494 113.99411469050779 0.16421306782366452 0.9731426477839148 0.16133026814597506 -35.62509034133841 0.8299559403480566 -0.22469527082228985 0.5105733760695623 -303.05040879364464
0.568452654157141 0.03534311622205151 -0.8219564733715627 100.69057140826165 0.1685634022790315 0.9728787851694196 0.15840848708131736 -35.743349986804056 0.8052626648453407 -0.2285995045991768 0.5470779716851992 -307.9298171430871
0.6048500377567861 0.020434388732456205 -0.7960771743887305 86.31258696350734 0.17425224520644797 0.9720485264501055 0.157346170168487 -36.624124332281674 0.7770409171119153 -0.23388907196213637 0.5843828498087228 -312.38969467352115
0.6414591614506008 0.008271855006317691 -0.7671125866558616 71.20405955102225 0.17683151767623137 0.9714209325047465 0.15834135987773199 -37.40150490840095 0.7464990010357769 -0.23721919885701329 0.6216641321052904 -316.32526744881596
0.6765416877222787 -0.0006206387500158062 -0.7364040735774299 56.06869498101285 0.17786933608109215 0.9705288378875756 0.1625923556341557 -38.73957581065114 0.7146004786284167 -0.24098421034610185 0.6567136105700137 -319.422201607647
0.7118386550853756 -0.008277439155248367 -0.7022942496755008 40.037724538164916 0.17706540281315655 0.9697472393596183 0.1680420628325347 -40.006651831677615 0.6796569518903327 -0.24397085021663978 0.691769218736792 -321.91993936706695
0.7457897318969308 -0.014852752652011858 -0.6660158192834177 23.75469055105714 0.17418355031954916 0.9693204176497977 0.17343015517867397 -40.846792451166074 0.6430068169119058 -0.24535142890531533 0.7254963195902091 -323.68854777966
0.7767590888136333 -0.023743445103766192 -0.6293501146103165 7.852814329228707 0.16890024874402154 0.9705368973241351 0.17184538663184695 -39.33753693494553 0.6067273060606567 -0.2397798568417409 0.7578836298095721 -324.9175731850169
0.804037514204023 -0.03941150345325768 -0.5932709407582419 -7.427110281974443 0.16998050749985733 0.9713930767646248 0.16583762384889258 -37.970226179926875 0.5697633744131914 -0.23418416643596915 0.7877356621151438 -325.3456800417243
0.8306794490858094 -0.05814410606589926 -0.5537065249717522 -23.652623685122073 0.17697944370059326 0.9705232244321892 0.16359384873880478 -38.810158095464566 0.5278730239119297 -0.23388872090706697 0.8164840089423254 -324.7992852058657
0.8543877269672597 -0.07111285175946787 -0.5147470974394661 -38.883564710814674 0.1797537733215226 0.9698822097200361 0.16436873256569956 -39.59749737169874 0.48755532299872795 -0.2329623608723429 0.8414382600241033 -323.50871579518935
0.8768273757521935 -0.08049232973587422 -0.47401976539508667 -54.229125358126495 0.17848811245289437 0.9699304024210064 0.16545998964229242 -39.619270321446464 0.4464479217607857 -0.2296867417007692 0.8648284534185722 -321.59854130321656
0.896663180672183 -0.08991028207349364 -0.4334873488399737 -69.01729674671721 0.1771172074641106 0.9702385692579638 0.16512605349966614 -39.23553996584911 0.40573961508208617 -0.22484052104041258 0.8859018596048416 -319.10846366209046
0.9137213846873191 -0.09718002871470079 -0.39454945594196184 -82.75996933028021 0.17491358403621915 0.9704824271174175 0.16603944343405552 -39.0224778921103 0.36676759573971723 -0.2207258495856259 0.903748654239668 -316.18688111677835
0.9278019955159558 -0.10651193579684728 -0.35754533229986174 -95.51587812282845 0.17519982867214293 0.9705205639090398 0.16551391199210738 -38.935502727164284 0.3293758903591185 -0.21620601879338971 0.9191117887872239 -312.9415196197617
0.9394921901658851 -0.1146548801371933 -0.3228136971660809 -107.17626100382193 0.17483029473466874 0.9708451374717058 0.16399416785524276 -38.448303714631685 0.2945993765443118 -0.21050885375268782 0.9321465710023463 -309.5861888643004
0.948669320480652 -0.1226185654875016 -0.29153251581352874 -117.44431700651451 0.17561792382386032 0.9708475923379838 0.16313582464724552 -38.38612392516798 0.26303016026793374 -0.20596028706847186 0.9425473436067272 -306.23463852862363
0.9560663195279986 -0.12804479018219084 -0.26370764943661673 -126.35621456212812 0.17435813208280526 0.9715303872636554 0.16039934039741824 -37.385795879576634 0.2356616948949953 -0.19933198020019402 0.9511731320998758 -303.1762805079616
0.9618016161856002 -0.13393383023147232 -0.23874542974116691 -134.2425535168486 0.17431702668384985 0.9721083194996285 0.156904395629027 -36.436950495570436 0.21107161180715256 -0.19252829474946118 0.9583222998605403 -300.31891087903307
0.9663320736215789 -0.13683973602938307 -0.21789265736510766 -140.69662213810318 0.17248339390121484 0.9729080276267195 0.153946252334394 -35.25591514166448 0.1909235509792802 -0.18634606629305409 0.9637548138705024 -297.92966169453416
0.9699440488596608 -0.13849584796357556 -0.20006859368371172 -146.13477899823062 0.1706019175136761 0.9733417044013375 0.15330007245189478 -34.69209839977315 0.17350368244617992 -0.18282457868117594 0.967714650921265 -295.80780428210846
0.973516654283508 -0.1374806842469084 -0.1826592053296156 -151.36042328410565 0.1663897551065236 0.9740063514451199 0.1537077640854772 -33.92276884285192 0.15677937756043014 -0.18002968867263947 0.9710867818934601 -293.71188878074145
0.9767812512975421 -0.13626233405742533 -0.16532078946953543 -156.50871182114773 0.16198827824608947 0.97475396790246 0.1536701004401225 -32.99528073183617 0.14020764895138682 -0.1768821030393761 0.974194301358765 -291.5752280595564
0.979470574452714 -0.1362564123597717 -0.14856508295058546 -161.44172760548676 0.1589954267289601 0.9752246235389759 0.15380958332476793 -32.409666243089696 0.12392678508113715 -0.1742731296961947 0.9768679686658515 -289.41289551749986
0.981470801413877 -0.13894772835400618 -0.13194163390402303 -166.33090980901756 0.1588289887072609 0.9751322513618719 0.15456534119962342 -32.569339742345775 0.10718403947524428 -0.1726575255793634 0.9791327594062925 -287.11302867213453
0.9830594525684553 -0.14156068760728183 -0.11642458692201793 -170.84264440617966 0.15868403141777446 0.9752284025845352 0.15410691407402305 -32.40193227355727 0.09172508320416894 -0.169970981395558 0.9811709201737581 -284.96683796377874
0.98403000288422 -0.14479577832454943 -0.10353326037109972 -174.58002402525796 0.15965961970526898 0.9751302652189798 0.15371978301289302 -32.49068248144836 0.07870044001942347 -0.16779495949923517 0.9826754765981489 -283.20563335422395
0.9839874398655755 -0.15019591334219934 -0.0959682541369446 -176.80067279164436 0.163601561550418 0.9747640467246836 0.1518867415911721 -32.79835748986023 0.07073363588177428 -0.16515520224389313 0.9837278647709047 -282.3193004949478
0.9835789929627291 -0.15432761649061033 -0.09357003468392436 -177.52927015193146 0.16718442994495664 0.9744055968094327 0.15027674234702162 -33.08810167595696 0.06798331402927923 -0.16345249981196477 0.9842060502348154 -282.3813699625635
0.983194113661056 -0.15700533350318063 -0.09315932649931193 -177.68848701514924 0.1696451219619905 0.9742591541744391 0.14845751278331404 -33.088536034515215 0.06745270533308313 -0.161766578003188 0.984521054515538 -282.8457135790949
0.9833465788956417 -0.1559287438523936 -0.09335808810623802 -177.6416930494503 0.1686115057826986 0.9744366972124601 0.14846980583055752 -32.859956752028424 0.06782083670914482 -0.16173852344536555 0.9845003728499977 -283.4827851546395
0.9833685926041998 -0.15529806935930582 -0.09417388562073574 -177.40509241178717 0.16809922276658004 0.9745691423876026 0.14818109869738622 -32.631375389001924 0.06876672440146377 -0.1615471954543472 0.9844661707016286 -284.25752765681744
0.9838187309196326 -0.15223662184525888 -0.0944707132439855 -177.30371460415745 0.16521463827808253 0.9748429454166917 0.14961736219420294 -32.421729669551155 0.06931686656453849 -0.16280430811392124 0.984220467816648 -284.9791860453816
0.9838409841430903 -0.1514471104999458 -0.09550230699607654 -177.00608593027636 0.16467160358677907 0.9747837768295364 0.15059831141849886 -32.57664016865739 0.07028642039906671 -0.1638913089555443 0.9839712688672998 -285.7928879812469
0.9832685356642077 -0.15376281555048196 -0.09767283822411058 -176.41007716657575 0.16731286727912922 0.9743594201098382 0.15043312429799616 -33.04423858599566 0.07203742926841092 -0.16425808046244889 0.9837834577726902 -286.74944863286726
0.98308568604317 -0.1536810420427894 -0.09962264408091252 -175.84996665656442 0.16737832079977646 0.9747068242010555 0.1480915412241359 -32.390044397511836 0.07434400865757039 -0.16226134528141697 0.983943201716536 -287.8502293759069
0.9828824262473833 -0.15382392525827834 -0.10139199274199501 -175.3550972702715 0.16760175416078774 0.9750721057824924 0.1454099051891682 -31.679584852845984 0.07649698148478831 -0.15991431625414781 0.9841623968028266 -288.9392722777464
0.9831964273695126 -0.15110657220803464 -0.10242845817137247 -175.04237765029106 0.16491763865794823 0.9758192684046667 0.14345357391737376 -30.519948212764614 0.07827488529096041 -0.15793530082194737 0.9843421575280458 -289.9778917140261
0.9829361530062125 -0.15139483280435273 -0.10448025513698561 -174.44405345154362 0.16547047967637768 0.9758343395384843 0.14271251568506405 -30.38995232472172 0.08034948331518385 -0.15756568908754293 0.9842342272819772 -290.9940213168867
0.9831201703976193 -0.1501779687337532 -0.10450506334316853 -174.47934509943298 0.1642748103016354 0.9760211905865709 0.14281604330863681 -30.112530000049542 0.08055133305984155 -0.1575728822893602 0.9842165765263792 -291.78602902294534
0.9834059650890782 -0.14853950481010286 -0.1041572049259584 -174.61180992066988 0.16230839181736334 0.9768511938343319 0.13934751899514264 -28.64342735771858 0.08104747851031474 -0.15394076982791077 0.9847504991681447 -292.5742506458291
0.9835529485313409 -0.14768274954886335 -0.10398751329363105 -174.71839359973788 0.1611834269879452 0.9774607437037782 0.13634660752097416 -27.536292732015553 0.08150767018954193 -0.15086517160612162 0.9851884082227766 -293.4369278697544
0.9836756203006574 -0.14714376482624433 -0.10359047494280431 -174.89537294774271 0.16035092559229006 0.9779924654467138 0.13348527331190557 -26.502106182051005 0.08166917832213523 -0.14791703756571511 0.985621983982688 -294.1984971778263
0.9842946020825296 -0.14447095643506314 -0.1014508701684361 -175.60807257671152 0.15721310797348637 0.9787716848729561 0.13149154943292657 -25.196875440686835 0.08030052921688441 -0.14537582893209222 0.9861124141647317 -294.79510403648896
0.9845097005460964 -0.14332646507280325 -0.10098600863669241 -175.7672946417149 0.1560675662520262 0.978854284350456 0.13223919529748357 -25.137864457701742 0.07989721080741813 -0.14595141115621701 0.9860601509475494 -295.5090370866624
0.9844686840490318 -0.14451955138059605 -0.09967702541468139 -176.2895025359767 0.15705762344118465 0.9787019723190263 0.13219437317017296 -25.25457306293741 0.0784494298626499 -0.1457962573168432 0.9861993400457263 -295.9908794861824
0.984578953520497 -0.14493263413797736 -0.0979735466659764 -176.90034405857406 0.15736836524194414 0.9783887415353655 0.13412929604647078 -25.83266051111611 0.07641650283519345 -0.14747881881365515 0.9861087749816284 -296.44592675845377
0.9843133097064246 -0.1476007652924128 -0.0966505169146975 -177.38546051851074 0.1597917433317668 0.9780522418934064 0.13371765362238563 -26.149597181894052 0.0747924267408066 -0.14706402079494363 0.9862952228870652 -296.963094433468
0.9844997628955721 -0.14792377350054456 -0.09422724707812492 -178.24049883321513 0.15969446451009808 0.9781789298365898 0.13290469979867855 -25.842685362418713 0.07251134299815058 -0.14589221520390808 0.9866395322910496 -297.3456285345429
0.9843092994802302 -0.15101055377300393 -0.09127439731879569 -179.29793528974946 0.16221074662470403 0.9779897584750811 0.13123911763383908 -25.8268706757653 0.06944693395820115 -0.14398557207936938 0.9871399487391754 -297.59214447847745
0.9844247743471951 -0.15205503245030885 -0.08824472085065262 -180.3478973551535 0.16262448780681624 0.9782866398708 0.12848550975059572 -25.034202876173417 0.06679176309280037 -0.1408350714731074 0.9877774764723682 -297.94120044655796
0.984197215637985 -0.1552200674615012 -0.08522072158627064 -181.42074669779927 0.1654112637443262 0.9776755886905264 0.1295745233645007 -25.906678838456717 0.06320565288755894 -0.14162335236774903 0.9879007397037305 -298.0836048514725
0.9843105892311853 -0.15663518146970853 -0.08122859012261731 -182.80715534744795 0.16627584527541808 0.9774706911316093 0.13001304264049518 -26.190661949999434 0.059033949599378036 -0.1414795670923737 0.9881793991427127 -298.13739321601804
0.9843746913075915 -0.1580015298956665 -0.07773019788803306 -184.01779601803727 0.16716853932357048 0.9772413913812906 0.1305907440501929 -26.544146731659218 0.05532762938630061 -0.14154426700431189 0.9883845779375072 -298.2216363621805
0.9844519578250976 -0.15947926379938587 -0.07362545179717472 -185.44989745734344 0.16799015240731302 0.9772624964217193 0.1293728015533289 -26.359501728727505 0.05131911367609499 -0.1397296586469571 0.9888589237428689 -298.2791702965005
0.9845375542505731 -0.1607754106629319 -0.0695490589186182 -186.8561749156605 0.16863871055139376 0.9773370163720034 0.12795835936988814 -26.005628014425866 0.0474003119595542 -0.13770847379604428 0.9893379537200123 -298.29334533845713
0.9848139107788108 -0.16115048529513454 -0.0645916575548822 -188.56594006666006 0.16833346441928 0.9773737313644386 0.12807979542206147 -25.996784141471032 0.0424900681706625 -0.13700770171014745 0.9896582661600699 -298.1209219701087
0.9842740308321133 -0.16570457233004846 -0.0612096964411674 -189.7527908852791 0.1724265690216917 0.9765321221078561 0.1290507372583935 -27.15220791044895 0.03838893753299136 -0.1375754672913847 0.989747078942214 -298.2080212827754
0.984908585257441 -0.16363203965929754 -0.05638824596601864 -191.3418746414004 0.16973215946611755 0.9769103623327563 0.1297579978646838 -26.818086885390535 0.03385369594526686 -0.1373706648590627 0.989941022337707 -298.0572593910397
0.9842437543919772 -0.1684387256979371 -0.05378315373460721 -192.22129389428937 0.17412110364316763 0.9762243522840629 0.12910404824654867 -27.439387121875768 0.030758303049267438 -0.136434635239066 0.9901714584357157 -298.42941477104137
0.984047136996429 -0.17055120232169496 -0.05063121128074595 -193.3068755621865 0.17584095490499618 0.9756510206421464 0.13109174076972682 -28.412009175835873 0.02704053895968707 -0.1379034927279307 0.99007647984699 -298.47468114078055
0.9842641646949142 -0.17060093118734934 -0.04603668510473198 -194.81265581101738 0.17520552806637887 0.9760678728335543 0.12881975996391892 -27.564369614558128 0.02295815829730853 -0.13485855516128614 0.9905988557773555 -298.49725795778346
0.9844039949799283 -0.17118389381757523 -0.04055674006882939 -196.61513974305475 0.17499082341509994 0.9765104113007923 0.12572043724734122 -26.609324042475095 0.01808276494518392 -0.1308567580165827 0.9912363605585334 -298.33983931967026
0.9853944884689959 -0.16701830806553722 -0.03320522347238852 -199.03356419965073 0.16988375219383142 0.9776030999548087 0.12422435227962865 -25.18442085117806 0.011713788263018362 -0.12805102002590107 0.991698403464912 -297.66167626568387
0.9853148819619955 -0.16805622160342557 -0.030194200843857745 -199.97539086713329 0.17055267128190474 0.9771194731898171 0.1270799804527093 -26.104760028671762 0.008146760265618294 -0.13036349755063625 0.9914327959087997 -297.9034452143736
0.9844868091880895 -0.17339888124345243 -0.026805792623486813 -201.14503851211134 0.17542445586852612 0.9757545671280748 0.1308788944480153 -28.211712199394658 0.003461620702189574 -0.13355093677029103 0.9910359047329678 -297.7847407014917
0.9837377130164265 -0.1781668967499912 -0.022730351772220932 -202.52172364611323 0.17960318031256078 0.9746047517705946 0.1337470577163907 -29.913268300529054 -0.001676189376147618 -0.1356544681485123 0.9907547908844648 -297.56335458319353
0.9838954931160843 -0.17788875303614998 -0.017471410049021273 -204.24728691352342 0.17860475395001646 0.9745508206148135 0.13546601014811 -30.26076939841311 -0.0070711026234581585 -0.13640487374810845 0.9906279371819933 -297.1649445354687
0.9836805925799436 -0.17944170505822368 -0.013159265457028805 -205.6423852599 0.17957338282836396 0.9745757493541245 0.13399816771293774 -29.991121462635455 -0.011220158695353673 -0.13417445083414434 0.9908942046365025 -297.0818965486304
0.9832835841138083 -0.18194415976622724 -0.007050953074928581 -207.61864677057372 0.18128396389531287 0.9746277823707968 0.1312890333020457 -29.49472000078078 -0.017015218091642734 -0.13037257594273552 0.9913190575164736 -296.6113325730411
0.9829563189134033 -0.18383618553784917 -0.0010639525860412866 -209.52006587699222 0.18247254608677935 0.9749279907620306 0.12735455529080292 -28.499176859483192 -0.02237509849855502 -0.12537810700279167 0.991856685843059 -296.1822106919426
0.9820921655240277 -0.18834004699963486 0.004796364508788146 -211.40834141262263 0.18625394992055855 0.9744174220850125 0.12577819237128762 -28.816310992154765 -0.028362731802770824 -0.12263243548659504 0.9920467938617161 -295.58047226692076
0.9826215649287036 -0.1852408926845969 0.011860514933144795 -213.6283513304655 0.18226360956502355 0.9749774796436302 0.1272748632530525 -28.466398669338687 -0.0351402442420986 -0.12290128504278637 0.9917965705574089 -294.7459348396417
0.9814556272044057 -0.19088493525923264 0.017544039440364152 -215.4814059042466 0.18714676562747698 0.9739821298213583 0.12780805492544228 -29.608265329455758 -0.0414842131898473 -0.12215462447132004 0.99164374035048 -294.0494231214234
0.9811526721988061 -0.19184802684756463 0.023103429006063294 -217.26408172271755 0.18730382847490878 0.9736124363726589 0.13036908981479128 -30.454562980904278 -0.04750483844603669 -0.12358462014017473 0.9911963135469304 -293.35129236134367
0.9804646048557059 -0.19489805208702976 0.026531263027340473 -218.40257066562276 0.18969053452358992 0.9725822768311058 0.13454075927456718 -32.28846759234517 -0.05202556811125887 -0.12687972291388297 0.9905528134208681 -293.00803166124473
0.9803216539037899 -0.19527316189047406 0.02894558917407994 -219.209332088619 0.18973000350248387 0.9725079652089069 0.13502141821273728 -32.39914432268208 -0.05451587528679469 -0.12687257327936624 0.9904197945776257 -293.08412301278355
0.9797457281929761 -0.19746792689308515 0.03323741771200382 -220.65622267862202 0.1912305848751388 0.9719012775693537 0.13725439908203432 -33.42541952595955 -0.05940683038108825 -0.1281184003475113 0.9899780320777161 -292.49935661232587
0.9794985185861794 -0.19804941672861173 0.036865710639244625 -221.8351022952815 0.19116226477536077 0.9715115360073864 0.14007970563405533 -34.26237357797416 -0.06355816716547669 -0.13016053141419417 0.9894536853478993 -292.153928880659
0.9799617254497802 -0.19514908932926198 0.0398979897670205 -222.76784291507215 0.1877317606843454 0.9718369383407623 0.14244209808483238 -34.29034726443187 -0.06657178594453672 -0.1320976843491704 0.9889986850879741 -292.1129905166165
0.9800475278509102 -0.193987380019817 0.043309808893211905 -223.91056566316857 0.186156469534237 0.97219798392118 0.14204523543625766 -33.84318077141742 -0.06966069195656989 -0.13114868071254202 0.9889122365222768 -291.8538626592339
0.9790151596625698 -0.19833437132309942 0.046827281607454065 -225.04129712052287 0.19002471002034035 0.9714818355947934 0.14182260994304213 -34.60215273429976 -0.0736201516743782 -0.1299481445086525 0.9887838757818616 -291.53767843316405
0.9789710554515367 -0.19696964626812344 0.05309078109346769 -227.02338420954482 0.1878918848121716 0.9719608312457748 0.14138168957029829 -33.99945083607315 -0.07945006110654561 -0.12843325493435437 0.9885305189103335 -290.64486459677715
0.9786188323594109 -0.19685702179187026 0.05960280129942179 -229.0278514158329 0.18681084639086298 0.971945885951139 0.14290872070445837 -34.25717860968819 -0.08606328266010206 -0.1287187156317628 0.9879395748849606 -289.6374202303578
0.9785040856591916 -0.19431435252248594 0.06907739682440647 -231.85982711017957 0.1831105455389889 0.9727194889393853 0.14243357732611733 -33.30558359542587 -0.0948698184918857 -0.12672303753172992 0.9873910012239571 -288.09448749992555
0.9774843026685787 -0.19482997902176052 0.08102911397086107 -235.3220694542443 0.1820513971188078 0.9728379797605592 0.14298095657283869 -33.25328317591666 -0.10668517630679802 -0.12501017722479316 0.9864029241372986 -285.9548309076714
0.9760230892924869 -0.1947210731172335 0.09727606515491437 -240.05809116170587 0.17973437985371218 0.9730550033229118 0.14442822856647333 -33.19108266801881 -0.12277818155743976 -0.12348143258126286 0.9847222217159148 -282.57144578615896
0.9732921914723497 -0.19796495483836762 0.11624193165460599 -245.50799566497938 0.18045051551805552 0.9727333449476979 0.14569643467199506 -33.727093160863774 -0.14191519111151926 -0.12082928569972586 0.982476647177466 -278.33699894076585
0.9697836644817975 -0.1991729953971893 0.1408891834342426 -252.45387878904623 0.1788398696302042 0.9731720956610402 0.14474934631061603 -33.08932992739604 -0.16593958278514506 -0.11517894829876811 0.9793864736322846 -272.719417150318
0.9644781443617148 -0.2052899482855671 0.1662466426172042 -259.47404876134794 0.18171031526437023 0.9723714347087434 0.1465440353237994 -34.27459511658275 -0.1917375038303837 -0.11112978941476036 0.9751342982018039 -266.40017955892665
0.9578108459642141 -0.20873451724982497 0.19755577607804617 -267.9567798542221 0.18213948335080019 0.972588834743237 0.14455506610802715 -33.75198071901927 -0.22231417399261835 -0.10247370316952069 0.9695749317101308 -258.5019436109897
0.9495035834987964 -0.21250023384448835 0.23083889520395393 -276.7002416421901 0.1829067771058593 0.9726674245656084 0.14304961404231067 -33.43989116833472 -0.25492755012295504 -0.09360412279886132 0.9624189380843271 -249.68008608123031
0.9394054997678053 -0.21540946591773344 0.26667596254450243 -285.85632106392404 0.18296930541370635 0.9729061907684899 0.1413356899044702 -32.90535999959305 -0.28989574036612864 -0.08397800877243722 0.9533667467245701 -239.7134336277537
0.9269913452088935 -0.22103878566830973 0.30303283838238587 -294.8012021764846 0.18611012883033698 0.9724974987308859 0.14004154708130737 -33.16178752535729 -0.32565329087015465 -0.07341982152286722 0.9426343214380585 -229.06416395514935
0.9113622944906726 -0.22833570277968498 0.34246397623225105 -304.1548210494562 0.19047297741873495 0.9715315678830213 0.14087745554204384 -34.38267477771109 -0.364881916589379 -0.06316026791318907 0.9289090200354368 -216.76267762963738
0.8938181164402719 -0.23688006268231157 0.38075846757070136 -312.7871513029339 0.1970833456804719 0.9702027548944274 0.14094243239938498 -35.78364225342164 -0.4027993664078387 -0.050935746768725365 0.9138699142233297 -204.299991291554
0.8742659496819775 -0.2425988759945321 0.4204816697465653 -321.33189569440555 0.2003966202470084 0.9692859316502249 0.14256920178822532 -37.01792540558986 -0.4421540951074029 -0.04038029310375384 0.8960296803725916 -190.79718164715138
0.8522817740823923 -0.24570841564455925 0.4617825809278764 -329.7639726404088 0.2029589835063234 0.9689830031533111 0.14099500208897617 -37.07328773107565 -0.4821031306484642 -0.02644454729109493 0.8757152832613572 -176.27136746956245
0.8269234956983151 -0.24902348572108646 0.5041674680316042 -337.9148813575199 0.20679369514742468 0.9684370293673368 0.13916209181182265 -37.29456210359386 -0.5229090742273963 -0.01081774974234577 0.8523198204788853 -160.49054422945648
0.7990564297301559 -0.24772921426848127 0.5478494852647188 -345.779017347159 0.20680035508334282 0.9688199651272738 0.13646057418973184 -36.42944605325793 -0.5645727900318077 0.00425576887399623 0.825372311861133 -143.41352961999104
0.7678646866104276 -0.24751118337471298 0.5908654983675379 -352.82364879579944 0.20947661339636817 0.9686523291905548 0.13353731161627289 -36.039698586467225 -0.605395219254875 0.021233917635760748 0.7956417216594285 -125.57359850184241
0.7339760882512337 -0.2477956258114823 0.6323578335911662 -358.8966742852021 0.21349876216096764 0.9680483783161298 0.13153180526110647 -36.22798202819322 -0.6447459813222194 0.03846641480833517 0.7634284213340772 -107.23679920785074
0.6966739108705929 -0.24821125755061244 0.6730799607308307 -364.0790954533135 0.2169064549778049 0.9672041627810776 0.13216541638384904 -37.148525349263224 -0.6838106841087193 0.05391919068474813 0.7276645306558972 -87.91048511220605
0.6565909112641551 -0.2484571226637162 0.712149867263186 -368.187179380603 0.22065865380952007 0.9661534735143344 0.13363092499551382 -38.40426658422582 -0.7212476230423756 0.06940118020504664 0.689191803812168 -68.07545742975338
0.6140860190914943 -0.24778832445542054 0.7493325746422186 -371.19871892943985 0.2231091264431861 0.9652124695659963 0.13633490489258107 -39.78662082799132 -0.7570473425447839 0.08346157713514632 0.6480073196253224 -47.810445386036065
0.5696964703727679 -0.2445549657170775 0.7846265356129176 -373.1518179549485 0.2230884595905708 0.9648721853571898 0.13875591923066583 -40.57277283715249 -0.7909977691765737 0.09599236775473277 0.6042416689458977 -27.182069959304012
0.5196251091971391 -0.23604396949587478 0.8211412730806383 -374.1932185907387 0.22676158957195128 0.9647133443788383 0.13381832711627556 -39.697748600944294 -0.8237529528849429 0.11666793750652815 0.5548149826485489 -4.602169805027396
0.47313964331082514 -0.22558210670865747 0.8516170448391631 -373.90679511155093 0.22972979523638376 0.9648095644609512 0.1279325037092563 -38.39495724768307 -0.8505075538220426 0.1351118701578568 0.508312584375099 15.727791321041341
0.419851927358623 -0.2187704695759479 0.8808313350095855 -372.11980304986486 0.22685025552336266 0.9650047948727591 0.13154735817023805 -39.01350142044679 -0.8787851390768022 0.14458640155319957 0.4547872599619104 38.0152172967336
0.3674492568868568 -0.21034794522105524 0.9059441404162712 -369.1589657671885 0.22877761337443467 0.9646003482774484 0.1311753472330936 -39.28694122368354 -0.9014664981195887 0.15905945443231256 0.4025645820532411 59.12064668971584
0.3136949305303323 -0.20185729437615643 0.9278195531819255 -364.9476701604523 0.23121151899991874 0.9639688502770062 0.13154956927857106 -39.91668404028357 -0.9209433880762272 0.1732561352528824 0.34906387317497456 79.98305813003658
0.2579396787043768 -0.1986042399849322 0.945528147656055 -359.3119043063211 0.23402649234404693 0.9623441981766392 0.13829405307858716 -42.67706701327458 -0.9373893124156177 0.1856071121906938 0.2947054069290324 100.39648017882885
0.20344321831274748 -0.1952548031131272 0.9594198344748798 -352.7208969282069 0.23487244297275617 0.9610325156906525 0.14577873410516712 -45.266477574995804 -0.9504976551546885 0.19568358553171888 0.24137552050464706 119.7803425363811
0.14820928437441117 -0.1903109777385056 0.9704719160168619 -345.05047020976474 0.23470553573044403 0.960042146995865 0.15242174217956986 -47.36619685142097 -0.9607014726348192 0.20518481362855298 0.18695419956103096 138.84136124732134
0.09543701062118852 -0.18158800029129188 0.9787326372170801 -336.8173942020826 0.23302740868151675 0.9599758528107717 0.1553852915285368 -47.96753324168132 -0.9677758024495489 0.21324202252473778 0.1339322068163244 156.85094050934765
0.04401789811426405 -0.1726453075712422 0.9840000113918868 -327.95616849993434 0.23150986307420185 0.9599060818451453 0.1580616883880008 -48.51498106006633 -0.9718362042777406 0.22084816460711723 0.08222213962614376 173.71793542237796
-0.003086899021605719 -0.16620683705452455 0.9860860806089706 -319.04012922268765 0.22937289697018554 0.9596823023741213 0.16247446767234003 -49.492988449672346 -0.9733337275518275 0.22668296324654907 0.035160901351196865 188.615339264498
-0.0473580140792914 -0.1608175710869934 0.9858473144113878 -310.0448243777648 0.2276632787360735 0.9592403615548214 0.1674137398164118 -50.728425719924076 -0.9725876053176942 0.23236961417934174 -0.008815463035901278 202.0337875502568
-0.08588977240635473 -0.15522943229185965 0.9841375769405065 -301.7055352600753 0.22583058958590463 0.9590444052270406 0.1709806234928231 -51.49429679148423 -0.9703728622561882 0.23693385607181336 -0.04731655147698243 213.40502930846654
-0.11994807223426752 -0.14374327502584003 0.9823188539634821 -294.0025497340225 0.22445565205303827 0.9599158469545536 0.1678726512180213 -50.21028227269655 -0.9670739993551313 0.2406230197848238 -0.08287606482515876 223.47672335700116
-0.14797714370397733 -0.13021711086824034 0.9803806755430979 -287.3476133611955 0.2251236185126803 0.960835325016119 0.1616008495922167 -48.3216442179727 -0.9630275807727262 0.24462007734096047 -0.11286671977484286 231.69902319994196
-0.17105626306578642 -0.11962488521311643 0.9779722090651234 -281.6497991257101 0.22824704535457213 0.9607883298141455 0.1574454558882315 -47.60615345850756 -0.9584586799402864 0.2501512984789283 -0.13704483469445233 238.02022188463596
-0.19392379457118844 -0.1186991007621577 0.9738090600201696 -275.8891964280157 0.22878599032489041 0.9598091021950266 0.16255293899107373 -49.36482488771809 -0.9539656872918283 0.2543167529319131 -0.15897313184308098 243.5549074510941
-0.2137792222215108 -0.11866236778909661 0.9696482282854184 -270.77124886259435 0.2298438873529895 0.9586199823184269 0.1679866570483648 -51.329835801807086 -0.9494578619363958 0.25877977504145067 -0.17765921433087564 248.04666053893234
-0.22835365983302494 -0.11886032820424922 0.9662954146740225 -266.93233472578123 0.2305967407985596 0.9576741918991538 0.17229418244207967 -52.879464562880976 -0.9458751234565507 0.2621685804010101 -0.19127960235365943 251.04051702443294
-0.24150880376488396 -0.11289355560272837 0.9638093913256026 -263.38883472067454 0.2301731809519009 0.9582014015095954 0.16991286271360212 -52.01700854582674 -0.942705576770679 0.26287852565095843 -0.2054290054423673 254.12160178653295
-0.2557566100342087 -0.1047275358874584 0.9610518714672746 -259.4582359193477 0.22661767219498655 0.9599210448955774 0.1649121530255074 -49.69670837495585 -0.9398047600819733 0.2599687111817956 -0.2217730419454556 257.7533363804989
-0.27021700798119364 -0.09777274134574088 0.9578221440577736 -255.39657099982958 0.22209956698405747 0.9616691997466149 0.16082329621108735 -47.49344317564434 -0.9368321893184423 0.2561890733588063 -0.2381440903074659 261.30784192578744
-0.28627468829358454 -0.08852121759179907 0.9540496826048821 -250.79980232471627 0.22070976412144208 0.9628534586259914 0.15556483289427445 -45.53623181419604 -0.9323808250194061 0.25510235445411217 -0.2561030766861267 265.17476459530656
-0.30102626665232185 -0.0843119381097675 0.9498814051646344 -246.5468896060894 0.22245873508980168 0.9623931240841692 0.1559217300370893 -45.98752292436586 -0.9273053962787076 0.25824595216128415 -0.2709496820900536 268.0951846428417
-0.3147143508302625 -0.08465435826002639 0.9454038909424213 -242.58799377834313 0.2238314644809674 0.9613066854868446 0.16058932700090084 -47.75860107571005 -0.9224176672688961 0.2621509032330042 -0.2835887004877454 270.35915354771004
-0.32838256553419337 -0.08680307771336807 0.9405477746253341 -238.61586624707033 0.22422353314674473 0.9601402662385167 0.1668966037120609 -49.84671094420637 -0.9175449296009279 0.26569888002571074 -0.29583003112718476 272.42825755666905
-0.33937997959041355 -0.08730620912180873 0.9365889468181811 -235.37164311964162 0.22371897459456 0.9596212465276956 0.17051945231846885 -50.90651945269204 -0.9136580595931768 0.2674036070463728 -0.3061441834806272 273.98623075525
-0.34608978533535023 -0.08707294751931881 0.934152108757899 -233.3545585937464 0.22265637634024638 0.9596153843931982 0.171937349377401 -51.164618802353814 -0.9113978267263765 0.26750068382378733 -0.3127257354172253 274.5573340527898
-0.35024566333003787 -0.08693746458454603 0.9326145251764592 -232.10936693696095 0.22243602627786896 0.9594794233952244 0.17297817866678553 -51.46378384196552 -0.9098627311480633 0.26803192595804326 -0.31671548294172336 274.4355769731587
-0.3533939535243786 -0.08769646975514718 0.9313549499545776 -231.18011842059428 0.22214986176188678 0.9592490833341696 0.1746156781097544 -51.92554712998658 -0.9087145605367969 0.26860849821820476 -0.31951106734098694 273.98364056096807
-0.35581963995020954 -0.09053091327685348 0.9301594151364388 -230.4994909460094 0.22091482941423624 0.9589418691222122 0.17784018046908442 -52.724639643331166 -0.9080688420877473 0.26876503750610203 -0.3212107293409755 273.2331434080737
-0.3571462063586106 -0.09484387903385179 0.9292207627326592 -230.15828116400164 0.2181705568427083 0.9588425344017943 0.18172122151495237 -53.46837687628997 -0.9082115367085992 0.2676296561141084 -0.3217548317549385 272.1647858569664
-0.356919704813813 -0.10084660667923695 0.9286755548828147 -230.3135659946154 0.21607121846516808 0.9582823409529881 0.18710473956754362 -54.77828126932982 -0.9088022627979082 0.26744142711805885 -0.32023980107797 270.57235191801715
-0.35224670198405406 -0.1083171261270836 0.9296180189351573 -231.75307044319806 0.21339820314068647 0.9578200139387716 0.19246305566174784 -56.02207592187877 -0.9112537889291232 0.26617329145859137 -0.3142742609193704 267.8497553728023
-0.34437722440412094 -0.11588425910676721 0.9316518479576958 -234.06227583255207 0.21065585160740663 0.9575112209810356 0.1969679514006406 -57.03823861487296 -0.9148925835830524 0.2640891898330609 -0.30533335932722044 264.33428263091537
-0.3359061019276822 -0.12315707588291039 0.93380909470176 -236.49418440584847 0.2107861439184139 0.9564409600269377 0.2019650749876206 -58.60156237472239 -0.9180066950843851 0.2646753192927527 -0.29531454948499264 260.5333602307197
-0.3272648277792268 -0.128217179205409 0.9361934028048056 -238.97524061154232 0.20978958270853607 0.9561665440548106 0.20428869527523597 -59.17087869629805 -0.9213501307785283 0.2632601279853976 -0.2860210508467877 256.8076894904472
-0.31894691840358586 -0.1336273147383197 0.9383051763667736 -241.3322888256244 0.20859256679487323 0.9558390205640648 0.20702876091271594 -59.8175428487768 -0.9245333981629773 0.261754670489285 -0.2769882455236379 253.14896329634445
-0.3091181651130181 -0.1403932316853295 0.9406039020193944 -243.9590359737784 0.20712895296262493 0.955362351952454 0.2106664978502329 -60.73317313084393 -0.9281937065299288 0.25994714264408614 -0.2662403541715785 249.03340428161272
-0.2993560083661661 -0.14616147887034284 0.9428800572445629 -246.57580936000477 0.2049106811239826 0.9552914619272483 0.21314275856853693 -61.1502563819624 -0.9318785291100881 0.25701176016543376 -0.2560221906794099 244.93545684239763
-0.29099212262485646 -0.1511644472381641 0.9447078355033691 -248.82922833845552 0.20538803786013624 0.9545461996737994 0.21600302449796696 -62.10830701461573 -0.9344192519818091 0.2568868672771856 -0.24671805557411047 241.07043016472298
-0.2813253561361934 -0.15720031033055337 0.9466488823353788 -251.3244488782535 0.20542738949668493 0.9537558904723238 0.21942946254758683 -63.21985132586087 -0.9373663273445562 0.2561986803660847 -0.23602246617484432 236.7832378775922
-0.27142969893724017 -0.16299192818495742 0.948556561245237 -253.80149155434614 0.20637074000735242 0.9527772807402992 0.22277022012364903 -64.43093169612045 -0.9400728887717468 0.2562207732633538 -0.22497528563082686 232.3447079214461
-0.2601143160749799 -0.1700281724055321 0.9504898543179092 -256.4142610508757 0.206813362707336 0.951719194870097 0.2268453374471226 -65.82394636533762 -0.9431695370284865 0.255579722795549 -0.21239168937889497 227.60313906206963
-0.250207036999137 -0.1767093206481338 0.9519297529924083 -258.6826449875567 0.206613474763262 0.9508094057507087 0.23080802841806702 -67.08234389417828 -0.9458896926610224 0.25443130690239235 -0.20138867740162864 223.22341924859145
-0.2414600646390638 -0.18136155748222904 0.9533126573439163 -260.74802826444073 0.20642675893793416 0.9502973608376584 0.2330727765728154 -67.77915470567403 -0.9482009440930119 0.2530670098068921 -0.19202098366720033 219.1064608398212
-0.23433481619748384 -0.18418310054375456 0.9545489926618647 -262.45858246000023 0.20545136818698403 0.950328720620774 0.2338055988922824 -67.85404537441417 -0.9501983630946687 0.25090218858625307 -0.18485443607022387 215.62303693022452
-0.22934475666677293 -0.18990103491839494 0.9546405499068126 -263.57402568876927 0.20370829119552486 0.9496983142014355 0.2378571926622169 -68.88985902004288 -0.9517898479641701 0.2490194951000308 -0.1791239134578847 212.5195290376741
-0.22458080856590032 -0.19171585742271416 0.9554101163566147 -264.6736509859084 0.20272583686534099 0.9498111905583388 0.23824554005772752 -68.86006299617807 -0.9531346680774619 0.24719169141139158 -0.17444360752415605 209.7256995451413
-0.22581308327644703 -0.1904541752878979 0.9553720000798596 -264.73493573873384 0.20343261871825416 0.9498619467173829 0.2374393645116514 -68.58700374460244 -0.9526928261840844 0.24797074281791812 -0.17574666325057803 208.39555455702146
-0.22565597326882555 -0.19343419131970657 0.9548102404962938 -264.8371335613886 0.2021877625417145 0.9494505956418482 0.24013261984519052 -69.23202030211415 -0.9529950106933794 0.24723830622262133 -0.17513917188823003 206.69745655781168
-0.22616496897254415 -0.19534683455329735 0.9543002782351342 -264.8794220536229 0.20119474138554314 0.9491916207932554 0.24198335284617617 -69.63186665034044 -0.953084509814556 0.24672835517199732 -0.17537113760727038 205.18923881834166
-0.22617977036989123 -0.197516173826743 0.9538501310752477 -264.92291130930454 0.2000894269270694 0.9489239050880365 0.24394188567047753 -69.97164323956935 -0.9533136591423729 0.2460300457857032 -0.1751064929214921 203.34543619638544
-0.22676280372456808 -0.19888076635949534 0.9534280631590581 -264.9464179513871 0.19949570563657462 0.9486884233366051 0.24534004740292903 -70.29117830477513 -0.9532995826494095 0.24583880124863555 -0.17545138791441828 201.79122194051155
-0.2291834650478705 -0.20126066449004557 0.9523492449084405 -264.6098438119956 0.1982263924029314 0.9482378966042779 0.248095120464739 -70.92795439102025 -0.9529854336261234 0.2456400544954336 -0.17742527137899433 200.6731584170927
-0.23002098431082282 -0.20483447864557064 0.9513848764483684 -264.49486718109904 0.19722859086260236 0.9475001543960313 0.251683015648353 -71.92687123423408 -0.9529906766191537 0.24553267354365316 -0.17754570256549002 199.10915841905947
-0.23202535594891757 -0.2031718045136796 0.951254672549593 -264.3845252662897 0.19853145386257343 0.9474655549632367 0.25078732819945027 -71.6970759533752 -0.9522339502580188 0.24704299222779233 -0.17950003890570035 198.01704767899207
-0.23633851138824757 -0.20779175081593176 0.9491926550114242 -263.58487287500276 0.19691771367122746 0.9463533703278711 0.25620053183312336 -73.0930351298864 -0.9515080252300994 0.24746289976868957 -0.1827418703001254 197.12957511328887
-0.2394995382414613 -0.20778757360630407 0.9484009149283499 -263.16747689364274 0.19677830070995778 0.9461680843475145 0.2569907712970549 -73.21863652642905 -0.950746165678215 0.24817389148933158 -0.18571873365714406 196.29623902090827
-0.24282199139796212 -0.20898634813185904 0.947292028251076 -262.71226192659475 0.1939294153223257 0.9463482572058566 0.2584886031456295 -73.2759612765389 -0.9504887492055174 0.2464745065477305 -0.18926556806715755 195.70540920800977
-0.24765625598596858 -0.2098595802472671 0.9458463593255795 -262.01059125748134 0.19055834630950771 0.9466381553885277 0.25993022027919643 -73.36725376465871 -0.9499230997942929 0.24461226326790472 -0.19445036676785962 195.49846006008792
-0.24949822979634786 -0.21135009688520534 0.9450300364936044 -261.67983901523615 0.19260081365945486 0.9455653918441425 0.2623185398029458 -74.24036812743454 -0.9490287455636972 0.2474615652848903 -0.19521069079470837 194.0707489721243
-0.25476472955943974 -0.2126365362695577 0.9433348482992613 -260.9310489322145 0.195890379735442 0.943950024284516 0.26567896187008316 -75.66762888916296 -0.9469540071722647 0.2524758505214823 -0.1988317208189987 193.59401575233267
-0.25699162777382484 -0.2111308028549785 0.9430689727373986 -260.6687732449533 0.20057547562757547 0.942942654053306 0.2657604743818749 -76.05321824676632 -0.9453701824316927 0.2574547246657546 -0.1999807063602605 192.39997700562373
-0.26015501177154265 -0.212861839190643 0.9418116623118049 -260.19017836554553 0.2001887956402012 0.9423131387330079 0.26827298535497873 -76.6973564412693 -0.9445865846762138 0.2583327040611075 -0.202534930474232 191.62668476613024
-0.2663541269011616 -0.21905706107672893 0.9386530152698311 -259.11324514887394 0.1938267740684481 0.9417667980738555 0.27478442404899195 -78.08276378384828 -0.9441857130548728 0.25512605127298094 -0.20838434976004705 191.32390423923567
-0.2707134004866835 -0.22039579763119 0.9370912160421994 -258.51438181038884 0.19246372805173168 0.9413947954904658 0.2770082172208849 -78.59438628907144 -0.943224240666749 0.255345905410632 -0.21242998942865615 190.8143443369591
-0.27449273021479237 -0.22068687497018466 0.9359225631830465 -258.0964508872952 0.1924632307289477 0.9410043968377604 0.2783318701647003 -78.94811666869087 -0.9421314376861677 0.2565307551696244 -0.21582475709588358 189.9382395265163
-0.272795934425952 -0.22327508884291325 0.9358047942080983 -258.3263386507657 0.19461959553249203 0.9397799676613701 0.28095698143517195 -79.87989365726229 -0.9421812942292163 0.2587698728302496 -0.21291444694988537 187.94408015712844
-0.27570818682727305 -0.22192045219356876 0.9352733870984566 -258.222807366064 0.1974095968416249 0.9391730506783984 0.2810399116749387 -80.02105969165427 -0.9407520644629193 0.2621169467578016 -0.21512847192113638 186.73575565644416
-0.27704008034493205 -0.223963763438689 0.9343923300995425 -258.0362410834653 0.19507683864929432 0.9390932052425031 0.2829292824893849 -80.34582912090237 -0.9408473951205214 0.26066105296675973 -0.2164763140881451 185.49503705227335
-0.2778737484614491 -0.2241177477349099 0.9341078176882017 -258.04200390886456 0.19450238943100345 0.9391356815951171 0.28318367195250765 -80.32781753969005 -0.9407204688012342 0.260375510955056 -0.2173697147103982 184.43297096855684
-0.281987813574213 -0.2244816364130633 0.932786614349149 -257.55985221042766 0.19243301947049107 0.9392515493996438 0.2842112945817561 -80.41312485907267 -0.9399214892814742 0.2596430662730692 -0.2216598117007548 183.93545492591448
-0.28589127716949425 -0.22550013033358507 0.9313516354513643 -257.03933259430386 0.19051468786097786 0.9391401406026685 0.2858670145680213 -80.71974657026855 -0.9391327549114817 0.25916305201231005 -0.22553088729492266 183.429740840663
-0.28874385260262597 -0.2297214638292585 0.929438021946776 -256.5159877651217 0.18723058692220562 0.9384943824343126 0.2901258372844535 -81.70668505041911 -0.9389204944535824 0.2577912783539844 -0.22797359912862525 182.55103059124895
-0.29398631834514577 -0.22738340422979014 0.9283689094895079 -255.9742001596406 0.18914644104446043 0.9382421605877049 0.28969858808066157 -81.69814197296176 -0.9369075026202324 0.2607650965458879 -0.23282159684473583 182.3435959897138
-0.2995608427791958 -0.22835108762304943 0.9263471715586917 -255.2705842404928 0.1875741855519877 0.9378897740636003 0.2918538960189447 -82.19742337669155 -0.9354566940205871 0.26118681530333593 -0.23812228187167764 182.19520834091458
-0.30340792365329683 -0.22822211111652144 0.9251260994382945 -254.81131775413306 0.1880832177571902 0.9374472053871226 0.29294613892313903 -82.5852282113273 -0.9341136628175911 0.26288287336643257 -0.24150416109895828 181.70548988951134
-0.3042672963028621 -0.2304501978676123 0.9242911439061419 -254.60787598964856 0.18931184028525247 0.9363134016659287 0.29576720742602247 -83.43795869624748 -0.9335857965545304 0.2649715459507965 -0.2412625961646097 179.94914255986114
-0.3117937934556756 -0.23014490421753367 0.9218557118254579 -253.64577758688873 0.18594451162171147 0.9366812435012632 0.29673706656009535 -83.48564971620017 -0.9317774782426772 0.2639347857627514 -0.24925721635308337 180.6693932620209
-0.3144126841535637 -0.23024322773733402 0.9209412142609568 -253.30955753115055 0.1857235031443148 0.9364726150022862 0.29753289184657095 -83.56085609076266 -0.9309411605591167 0.26458854365197626 -0.2516772896885438 179.69127118364335
-0.31894046374677404 -0.22854630645247406 0.9198062656842062 -252.7948425341536 0.18645655344228648 0.9363941568889163 0.29732126836591977 -83.41593589524028 -0.9292528903713005 0.2663316893485027 -0.25604003004482756 179.3722100790528
-0.3248955213358924 -0.23277640814562744 0.9166559027392445 -251.7467150649042 0.1814542035872661 0.9358878470085097 0.30197402176725063 -84.34223927763861 -0.9281795474025432 0.26444107402708306 -0.2618275122117863 179.25168418807274
-0.32859239190667616 -0.2317400229360123 0.9156001320176108 -251.32541899296905 0.18653798974939256 0.9344110289355876 0.3034462182723538 -85.03461383620085 -0.9258674950344166 0.2705043267179916 -0.26381203699896105 178.15653544200873
-0.33071072800004875 -0.2307130746558448 0.9150966569540753 -251.14157561062962 0.1824478216875037 0.9357340985187477 0.3018517669830536 -84.34134322670072 -0.9259282946034011 0.2667830093018546 -0.267364207029819 177.42959060709637
-0.3358692404728875 -0.2286456143135332 0.9137357584987865 -250.57564837832803 0.18600336230482645 0.9348861410416431 0.3023088693696637 -84.67576317128015 -0.9233604943441457 0.27149417368233153 -0.27147064508171576 176.81919542908412
-0.3415778543234917 -0.2309886107340701 0.9110262516233567 -249.62306162067972 0.18557381079986893 0.9336689244208516 0.30630817866329474 -85.73701349401753 -0.9213506011182573 0.27369070368201154 -0.2760551911069079 176.30928652650803
-0.34712818773858556 -0.23165025848442264 0.9087574918653629 -248.84006836443908 0.18168265387699487 0.9340439151196314 0.30749532989657363 -85.85439131020989 -0.9200507782495144 0.2718457694577769 -0.2821461377909892 176.25863638296227
-0.3536003583536874 -0.22298042494882125 0.9084307990495408 -248.45747126891743 0.18781857331087043 0.9344682462483422 0.30247856167506726 -84.81494895647924 -0.916346533846019 0.27757670443175053 -0.2885484414534163 176.2264392327951
-0.3518712715370508 -0.2246781969224223 0.9086838372583659 -248.69872444366007 0.1894600627937318 0.9335781646813768 0.3041984468013393 -85.51781377764847 -0.9166741475972224 0.2791979911422023 -0.2859317905883577 174.11754117754757
-0.3591091680838086 -0.22850157379657038 0.9048909526405076 -247.4317126474952 0.1825105668406677 0.9336520757733765 0.3081942478301043 -86.25157824382421 -0.915276186945587 0.27582754064189474 -0.2935790684531015 174.48427549119697
-0.3630365214525418 -0.22253116555986782 0.9048117839894685 -247.24828953039574 0.18294073698689814 0.935139815190195 0.303391187737445 -84.66825773169259 -0.9136395190896289 0.2756690160330205 -0.2987798901483457 174.1248316174781
-0.3665819923191847 -0.22284393697907057 0.9033040588079768 -246.70504824532102 0.1772405496877152 0.9363851543128503 0.3029333760563456 -84.11477982413622 -0.9133473766610891 0.27115202845298203 -0.303764953561367 174.02084368716055
-0.37220550228805255 -0.22136624267777977 0.9013656586919766 -245.97255417337496 0.1772716999405946 0.9363092348882875 0.3031497337341428 -84.0950702420736 -0.9110641077699583 0.2726206214974065 -0.309257478919585 173.79476849355797
-0.3777072965906182 -0.22403124733933502 0.8984137122271614 -244.88925528089905 0.1707948729836394 0.9367805932669252 0.30540339133835936 -84.4949203521216 -0.9100364330424962 0.2687975451786163 -0.3155654769477176 173.74789101738185
-0.3824136679051858 -0.22262537436553348 0.8967707228092966 -244.20402407244865 0.17093655391946466 0.9367422950934429 0.3054415936266806 -84.49627629385864 -0.9080421141849314 0.27009593716247277 -0.32016824263953053 173.50648743428957
-0.3929087544477232 -0.2200696449798924 0.89285612616858 -242.52316706603793 0.16791556486758086 0.9374475795754766 0.3049531088926333 -84.22971823687381 -0.9041167367953876 0.2697431869510426 -0.33137824210402667 174.64925291004883
-0.3711165437547264 -0.19599745303956914 0.9076659679383977 -246.9634545107739 0.19337179755094505 0.9397296763730169 0.28198489898535695 -78.67776438723085 -0.9082289683023014 0.2801662608985377 -0.31084884974963306 173.1593500474309
-0.38323255170892556 -0.20923986092869817 0.8996396455855005 -244.20628152501754 0.1809184308417865 0.9381309339552757 0.29526068505296804 -82.00165838771615 -0.9057600856145138 0.27591489875456404 -0.3216669643479841 174.52791386362716
-0.3877628199133667 -0.21134303831756576 0.8972034973446847 -243.15654707914803 0.17946807870254397 0.9374219296890653 0.2983811898643186 -82.81936600281014 -0.9041190210473682 0.27672051946454745 -0.3255680418708501 174.9067713276629
-0.39272780292420373 -0.20634362529441735 0.8962071083799128 -242.36598047090953 0.18291743302652336 0.9375072583525526 0.29600904248226484 -82.3174411585816 -0.9012802480390409 0.280182884624734 -0.3304413195380503 175.77290032773692
-0.39754158440854837 -0.20542964560855648 0.8942926530901861 -241.40745123415584 0.18455451100848858 0.9367985445424819 0.2972341154872784 -82.77827437174051 -0.8988327548172456 0.2832086645006293 -0.33450340987710614 176.05693842784927
-0.4026080307499327 -0.20682971227923053 0.8916996375989799 -240.30279891637238 0.18252257545150985 0.9364375582307807 0.29961677020040267 -83.3511591413387 -0.8969906816830424 0.28338343221378304 -0.3392661894744702 176.58168319740668
-0.4064716322956268 -0.2036844587052604 0.8906702270879352 -239.67260247473925 0.18049703131827813 0.9377208913063784 0.29681703403420123 -82.32372831753536 -0.8956570961167101 0.2814110361899773 -0.34439250120504367 177.27118422417269
-0.40713412106171243 -0.20688715968551172 0.8896288611688405 -239.3467435439945 0.1745654581654382 0.9384287472775232 0.29812478444206514 -82.28510512189251 -0.8965314876136796 0.27667524182766834 -0.345951011382831 177.08846760456078
-0.4094483051641409 -0.20732901768629364 0.8884631471386132 -238.86554618793753 0.1720648096170071 0.9388112448428649 0.2983741742310368 -82.14498126110523 -0.8959608176084909 0.27504204220778056 -0.3487206451136752 177.0635282141234
-0.4103160154302534 -0.20495948830559513 0.8886126128043358 -238.81307417186335 0.17237519556259173 0.9394197771944517 0.29627229733926164 -81.5278447924774 -0.8955040811946074 0.2747400414381461 -0.3501290479157184 176.7503485947101
-0.4110458438739941 -0.20071524557331918 0.8892438947939753 -238.88173179495837 0.17463845933683805 0.9400560749045581 0.2929095159865791 -80.67115575665011 -0.8947305308048742 0.2756954229389357 -0.351353541345679 176.3764799641514
-0.4111750336456934 -0.19893111657869922 0.8895850170518919 -238.93980124573613 0.17533568192397514 0.940414098357764 0.29133953088142395 -80.28021456393144 -0.8945347899051871 0.2757675370066346 -0.3517950755519141 175.83913860637037
-0.4120349414592634 -0.19766302731024699 0.8894698053622787 -238.82486635594654 0.18003965879386746 0.9392785377929014 0.29213276040700514 -80.85094183663408 -0.8932037439901654 0.28050874509750573 -0.3514283933403409 175.0619787228159
-0.4131741969299281 -0.19883098455799614 0.8886806640019839 -238.5291416659622 0.18251357477879232 0.9379920260956566 0.2947197889562749 -81.82488821054967 -0.8921748023861552 0.2839668969451597 -0.3512647483402823 174.36479932451775
-0.41385616805245984 -0.1984608235656067 0.8884460443237929 -238.4173236791592 0.18321842593982726 0.9378179606919161 0.29483636308940536 -81.8994005909416 -0.8917141249083509 0.28479953320417634 -0.3517600678383166 173.8327280399238
-0.41400327706589685 -0.20118973162165638 0.8877634698886321 -238.2436974808111 0.183566411379459 0.9367801318009007 0.2979032683210344 -82.83998361090897 -0.8915742589330209 0.286296483654782 -0.35089836741561176 172.9415157855013
-0.41441622930184896 -0.20086124113226786 0.8876451716209818 -238.1818695668525 0.1821283556937103 0.9373064482386424 0.2971294063915016 -82.51378550923408 -0.8916773244529338 0.2848006037582535 -0.35185247640934914 172.54563470492954
-0.4160160353913659 -0.20177113138673836 0.8866899507923643 -237.82571959096916 0.1829708211483761 0.9365583913449111 0.29896497823277157 -83.10009950769371 -0.8907594158388329 0.2866126133657557 -0.3527050792859568 172.1186888823582
-0.41719451776164224 -0.20208054368137668 0.8860655665440736 -237.58948070639514 0.18150782086511108 0.9367962663003426 0.29911146151650003 -83.02847285192065 -0.8905075212003714 0.28561549207138115 -0.3541470674372348 171.85052408014687
-0.4184724964984318 -0.20341449747660065 0.8851572243905104 -237.2741253816015 0.1785568956635973 0.9371501010234271 0.2997784568022855 -83.02013417660528 -0.8905044664039308 0.28349996537587546 -0.35585048116663864 171.66073801734137
-0.4189743848023234 -0.20544007834185601 0.8844517166529821 -237.07526080794133 0.17665648153241648 0.9370117571654946 0.30133279686456244 -83.34403124928622 -0.8906474905438749 0.2824948515363151 -0.3562916031053408 171.13662716946357
-0.41887503073558724 -0.20760020006403343 0.8839942678318871 -236.9754890557251 0.1757644999210903 0.9365668945392029 0.30323141760161043 -83.82904062799388 -0.8908706691735617 0.2823908797864523 -0.3558157413882691 170.39015569149612
-0.42021536115039065 -0.2065761171653111 0.8835979617847419 -236.7800200036524 0.17424389970713622 0.9372532213613979 0.301985864673383 -83.36383536565084 -0.8905381034341519 0.2808606538206892 -0.35785357266250506 170.27158757795905
-0.42135594919615255 -0.20735875254049005 0.8828711750996637 -236.51980972816526 0.1741213413575253 0.9369004249035249 0.3031490595391161 -83.67737604961516 -0.8900229899058031 0.2814603729842733 -0.3586629837029301 169.8688526414503
-0.42123653367389857 -0.2071532962276554 0.8829763839199866 -236.5694227672636 0.1743774710271139 0.9369028971067623 0.3029941566947179 -83.64685436640245 -0.8900293704685179 0.2816033970941623 -0.3585348608551768 169.19368629497652
-0.4204616419339602 -0.20862453885869534 0.8829993258480975 -236.6399216242157 0.17606261931163905 0.935945970347432 0.30497064558991344 -84.28684344372806 -0.8900640211486603 0.2836916325456224 -0.3567983966896102 168.08995718726635
-0.4216472966331198 -0.20792968866574896 0.8825977576525711 -236.47995562250458 0.17466952756372184 0.9364986457205489 0.30407374550303445 -83.93987383570145 -0.8897775639915001 0.2823748061264366 -0.3585531417829291 167.88479319686826
-0.4226536882769926 -0.2089864499487333 0.8818664998307173 -236.25878365479926 0.17240459593460786 0.9367409979245749 0.3046193659436254 -83.96055715745341 -0.8897418249618703 0.2807863361082539 -0.35988681327387273 167.56340767388437
-0.4203114966020921 -0.2096666520597927 0.8828239580109657 -236.6610435496502 0.1746404755818464 0.9360545219861742 0.3054548021521049 -84.33982742046251 -0.890415043736715 0.28256296091893024 -0.35681819320778907 166.18235018425457
-0.4214509999730605 -0.2102336219703132 0.882145610891394 -236.430497045238 0.17502242409858482 0.9356107650614052 0.30659361924845596 -84.68468696925501 -0.8898012169492479 0.2836094506437603 -0.3575184943764197 165.71654552092906
-0.421433202218437 -0.21101720588431597 0.8819670032879293 -236.4137938435838 0.17405949023388514 0.9356466811036703 0.307031890850458 -84.74151405117797 -0.8899985111939425 0.2829081599396944 -0.3575830296757695 165.10857138735398
-0.42032019133996634 -0.21321781162888837 0.8819688778840905 -236.50524896706813 0.17147003025253138 0.9358216406226969 0.3079543564677075 -84.84163370073368 -0.8910269162472758 0.2806706642070592 -0.3567842664362292 164.2971680383743
-0.4211356747083165 -0.2142903715707693 0.8813196810125327 -236.31527906760417 0.1708620837275055 0.9355479287745665 0.30912169336672657 -85.16704551109865 -0.8907586046916783 0.28076629003083553 -0.3573785087971223 163.8316314068167
-0.4219038730709159 -0.2160400704005347 0.880524735523706 -236.0841709999495 0.17243124264697524 0.9343483335397846 0.3118664107765477 -86.07440410500249 -0.8900924606168621 0.2834076209151026 -0.3569531229170871 163.10306402500532
-0.4214040354771163 -0.21878171737141835 0.8800870405974707 -236.0196901548421 0.1720033210432855 0.9335660420222707 0.3144348942674021 -86.82684682415032 -0.8904119812949968 0.28388202712902544 -0.3557773155211466 162.21319113539735
-0.42123520932030195 -0.22204615230864683 0.879349989863994 -235.85099669626445 0.17083938545424882 0.9327841631741748 0.3173761322296754 -87.62590668127729 -0.8907158934287047 0.28391761336059984 -0.35498730402244655 161.440446499225
-0.42059161180106874 -0.22135524146409583 0.8798321164625391 -235.99191437770097 0.17080142503540444 0.9331189895181038 0.3164108478016967 -87.31760433878922 -0.8910272550761027 0.28335632775197583 -0.3546542291224801 160.8242551203972
-0.42047782069778994 -0.22298188497518895 0.8794756854365838 -235.91074908647937 0.17016298595107548 0.9327485961655138 0.3178436951765404 -87.69865146947375 -0.8912030972306207 0.2833004329756222 -0.3542568336142208 160.1480819435484
-0.4198598752558163 -0.22494975979857276 0.879269748550884 -235.89221067935043 0.17052125644134272 0.9319923323098444 0.31986371100411215 -88.31138207155722 -0.8914259286400841 0.28423212007480925 -0.3529474687059577 159.246165528487
-0.42074475854788895 -0.2283067735780309 0.877980560885529 -235.51774215986924 0.16839708936816408 0.9313380059418179 0.32288068846037854 -89.07762479755836 -0.8914125130638503 0.28369972828098944 -0.3534093882828858 158.80024243025443
-0.4205964013153881 -0.23108354549337856 0.8773249467573315 -235.36176540282625 0.1636508419458042 0.9318314784088538 0.32389581315107924 -89.08925319522261 -0.8923659950552657 0.2798043796093604 -0.35410794967134884 158.46029635676356
-0.41981126589236845 -0.23622012929180475 0.8763324435094312 -235.1812156983109 0.1582664772330637 0.9316911672159862 0.3269606874166212 -89.67147345826183 -0.8937058930174308 0.27595582880069114 -0.35374872061512874 157.83095739219308
-0.4175121422966766 -0.2406613274525125 0.8762224241045388 -235.33224109951027 0.1539773064276767 0.9316065745842602 0.3292418249503835 -90.09717517573296 -0.8955303457393932 0.2723808283638483 -0.35190067376989603 156.7882909275112
-0.4149627683291302 -0.24369362571128433 0.8765952986916558 -235.61100701735884 0.1545169809340059 0.9305913267019257 0.3318497932351165 -90.89359265123618 -0.8966216612951444 0.27315416792507113 -0.3485059497935399 155.33770145902756
-0.4119757396679202 -0.24448564200894402 0.8777828665316637 -236.12237864688282 0.1565259643752946 0.9300235238686752 0.332499424852549 -91.20731657716956 -0.8976500500760048 0.2743775061887661 -0.3448787782630001 153.81696915819487
-0.40938128192497614 -0.24607907526618816 0.8785511110490957 -236.4952705996007 0.15782934007532645 0.9293213443091176 0.33384388330907067 -91.67635067031635 -0.8986082936523844 0.27533057899120306 -0.3416082651978999 152.4031771452648
-0.4066361435507147 -0.24605153761577708 0.8798327611512964 -237.01597582977251 0.16009054274309759 0.9289576542663616 0.3337794102459867 -91.77415588725475 -0.899454315061317 0.2765796764349291 -0.3383572338531081 150.9733817629299
-0.40434811528468945 -0.2462372510535602 0.8808347278912801 -237.44008391607696 0.16069955514178147 0.9289665653745927 0.3334618020004184 -91.713609769863 -0.9003767292877761 0.27638440008386633 -0.3360556631680655 149.78459540598925
-0.4009812707903397 -0.24829302512170948 0.8817962316495089 -237.91135584826077 0.16102461613839525 0.9284789539626168 0.33466088066274996 -92.08042242243721 -0.901823205219763 0.2761836449256094 -0.3323213818019512 148.2441209072839
-0.3984992979331715 -0.2522856886071772 0.8817880929513461 -238.07806631109483 0.16008294591378938 0.9275340395453076 0.3377189007330301 -92.92433712646866 -0.9030901173052067 0.2757399804322288 -0.32923502732379784 146.89061965267118
-0.3954408086190998 -0.2529601313437776 0.8829709728123634 -238.5754409727209 0.15976620450316673 0.9277285762411978 0.33733432781757156 -92.77945268716263 -0.9044895393410168 0.27446468037986116 -0.3264472582924475 145.60490524327508
-0.3934537207031081 -0.2549339753830478 0.8832909134935536 -238.79517831180857 0.15678954020497013 0.9281006415432982 0.3377073277991352 -92.7248646518516 -0.9058759350745524 0.27136298082515625 -0.325193669819219 144.74089397309163
-0.3908741170874566 -0.25538784852933893 0.8843045128317828 -239.21062091740967 0.15364931560980727 0.9291525517811617 0.3362549974813658 -92.11807080087634 -0.9075292350132524 0.26730615844404126 -0.3239415151754249 143.9058048689981
-0.38919328642867884 -0.2551147384453285 0.8851243167074418 -239.51768728422138 0.15033563213219334 0.9304098449515456 0.3342704266438394 -91.35594386148826 -0.9088056907338653 0.2631615295692214 -0.32375642981187197 143.34770132496934
-0.38732860021655885 -0.2569534727195041 0.8854103389455469 -239.69671784741527 0.15091010184990986 0.9297519608461653 0.3358384023043828 -91.83152219689417 -0.9095068425327711 0.26369718269275777 -0.32134265080435764 142.18343690541082
-0.38681067388596363 -0.2570947029303144 0.8855957408959576 -239.78406682039946 0.15135668734350458 0.9296258332806016 0.3359865522513474 -91.90963627742772 -0.9096530414197972 0.264004022360494 -0.3206761924639753 141.4569765406832
-0.38575399380286857 -0.2559696814178489 0.8863821853241305 -240.03624898362827 0.15322333028632515 0.9296254865317823 0.33514036737837855 -91.76023989953424 -0.9097892433531538 0.2650961655426041 -0.31938621713139737 140.60033430874756
-0.3841439094772262 -0.25337714880925755 0.8878251389056541 -240.47176899391792 0.15426971799022196 0.9304725131190699 0.33229769250041297 -90.96905885968305 -0.9102935300894816 0.2646146685109746 -0.3183469275586886 139.82573799199923
-0.3842097962862519 -0.25375154655733595 0.8876896896198789 -240.42335686573225 0.15374053102760804 0.930478871827192 0.3325250640215641 -91.00408455744783 -0.9103552501946841 0.2642332713776908 -0.3184872002765852 139.37102554602183
-0.3840892515676397 -0.25390001744184815 0.8876994018096663 -240.4156168457183 0.15394960514680672 0.9303756458699125 0.33271711204457866 -91.07116985318686 -0.9103707848483235 0.26445403894660335 -0.3182594780669944 138.80070296112382
-0.38400005859713093 -0.2540413958360333 0.8876975409445943 -240.39610736772744 0.1569488217147772 0.9294558032066335 0.33388467656940246 -91.56049946218258 -0.909896160207165 0.2675348184576939 -0.31703958515154795 138.0153048069236
-0.3838576411472954 -0.253998035199766 0.8877715412466726 -240.41991157439526 0.16188931934444212 0.9280212938436705 0.33551203622957115 -92.2617646564522 -0.9090902923335104 0.2725095893493993 -0.3151084957559767 136.93615147409525
-0.3814113786058535 -0.25631250045785986 0.8881606061850649 -240.64438399828063 0.1618059220540233 0.9274471218064382 0.33713599606271855 -92.72949446272119 -0.9101341680533863 0.2722971508517738 -0.3122660048416682 135.68466060723185
-0.38158270618881 -0.25739288606426475 0.8877744874353692 -240.53757207094554 0.1559927419165634 0.928739015109678 0.33631845962191415 -92.21292850450062 -0.9110767820589967 0.26681968446239696 -0.3142393246816989 135.7529513126201
-0.3791037220332387 -0.2568578203609337 0.8889906793999447 -240.98271742150106 0.14864967220480246 0.9313220652942144 0.33247930108432916 -90.74574309985783 -0.9133365441577106 0.2581923136260054 -0.31488583056482683 135.43375937812033
-0.37756799916874983 -0.25550710553801487 0.8900328786192635 -241.3255279238482 0.1472301825385966 0.9323851144256956 0.3301231160446578 -89.97927175986443 -0.9142022092258137 0.25568362758880125 -0.31442042432016526 134.82071781286996
-0.37634965435088913 -0.2549641362578963 0.8907043431421175 -241.55750893912926 0.15089501692880608 0.9316824892749326 0.3304518619171644 -90.2342039214131 -0.9141070131751652 0.2587682909491235 -0.3121655651465231 133.71221043549522
-0.37568842884344417 -0.2550381511501685 0.8909622583987765 -241.65097326656416 0.15490448933040482 0.930581351709231 0.3316970711904272 -90.77825574273545 -0.9137082705209748 0.2626288051774303 -0.31010209137096206 132.66412595934807
-0.37614597015279566 -0.25460261323364974 0.8908937750778195 -241.60200551354498 0.15658961451146097 0.9302083227300251 0.3319520582116405 -90.92030397872799 -0.9132326657347315 0.2643671417903308 -0.31002598693762257 132.15163752957233
-0.3769155430186661 -0.2559139451490342 0.8901925219351157 -241.37402238007783 0.15499359112351185 0.9300969725439368 0.3330114237908984 -91.15212529372303 -0.9131876368751286 0.2634913173955848 -0.31090298408918093 131.9026404256824
-0.3770897230899999 -0.2564997503835641 0.8899501215197831 -241.2920244919891 0.15489941943681737 0.9298859450958727 0.33364397038054305 -91.32794657358158 -0.9131317049572008 0.26366646955258655 -0.3109187711213828 131.41340206633126
-0.3792125857996724 -0.2553730842873216 0.8893719146637736 -241.02277988887292 0.1559832787194116 0.9297636967974158 0.3334796618649262 -91.31803298513393 -0.9120674490031252 0.26518683213761524 -0.3127441646613855 131.4327609499747
-0.38110317133419946 -0.25330566715617464 0.8891549987407038 -240.84932185012875 0.15700328165708177 0.930033983806952 0.33224502782295573 -90.99884894844519 -0.9111039141326981 0.26621988646743666 -0.31466907967155316 131.4607328813322
-0.38308680679823354 -0.2519246763186015 0.8886948047102001 -240.61156007604367 0.15774665654573575 0.9301149724111858 0.3316656907869437 -90.85122328097549 -0.9101431155624782 0.2672453845407002 -0.3165744993456022 131.4899143497426
-0.3846827243418618 -0.25232944945216096 0.8878902243701596 -240.31304092957114 0.15607064434944834 0.9302803368535983 0.33199465181822285 -90.8702806640456 -0.9097588447304434 0.2662862065573889 -0.3184815546181669 131.5091843803086
-0.38709468225819116 -0.25310092342541857 0.8866214691336041 -239.85639759525412 0.15419421951687223 0.9302757160156452 0.3328832150456996 -91.04634509011909 -0.9090554711539955 0.26556922779715886 -0.3210780833570054 131.74193959467436
-0.3885253146445678 -0.2526548835071757 0.8861227847879295 -239.64385700114826 0.1541545836087993 0.9302977036193256 0.3328401222704486 -91.01858069867271 -0.9084516741317269 0.2659167021467154 -0.32249629964803894 131.64248803620168
-0.3890451062053584 -0.2569943928052974 0.8846455716298466 -239.2271119706159 0.15083491044280295 0.9295689609417391 0.33637832368541043 -91.91654399474174 -0.9087864078700633 0.26430177623378104 -0.32288052891169405 131.2797827307001
-0.3908040191368807 -0.25752790483982935 0.8837146580516071 -238.91523748584333 0.1494337536868731 0.9295783608686812 0.3369771865627519 -92.03029789293446 -0.9082630521415653 0.263748837406925 -0.32479959803082253 131.29368421785992
-0.3917376242873526 -0.2606616239836779 0.8823815226419311 -238.51048434284732 0.14974606939185475 0.9281805131707299 0.3406714688256274 -93.1041868759422 -0.9078093128071505 0.2655869965798633 -0.3245701755064641 130.77987419305774
-0.39302857619054266 -0.26451628096521407 0.8806586599823831 -238.0206988177249 0.14856628179894305 0.9268806776652749 0.34470316111576077 -94.22491866909574 -0.9074450937715581 0.26631437526932905 -0.3249923927030218 130.39457877351995
-0.39441713188418803 -0.26845000753829684 0.8788456744667629 -237.50345849919623 0.14596054759929575 0.9259347763427356 0.3483393582465838 -95.1793316974523 -0.9072654763743436 0.2656678065024374 -0.326021428693604 130.1799943047305
-0.39491005946775637 -0.26918589284752836 0.8783991120345308 -237.38893446682377 0.1440897369980427 0.9261321401645457 0.3485934690238379 -95.17920086620609 -0.9073500937471756 0.26423136461464514 -0.3269519740433975 129.94266350726235
-0.3954725851522474 -0.27325723036858207 0.876887632735398 -236.99337755835575 0.14036219327553778 0.9255237798704645 0.3517160610395397 -95.94625570362332 -0.9076893130867407 0.2621759312858072 -0.32766429766231897 129.6570346649838
-0.39622879724137033 -0.2750154779791617 0.8759961341858482 -236.74264448724034 0.13876988243802224 0.92518831083934 0.3532272769965347 -96.3176236552476 -0.9076043521076762 0.2615206996743134 -0.3284223860778419 129.40166741974858
-0.3974626925897678 -0.27609527723518845 0.8750970265563219 -236.48815664604106 0.13674221785138777 0.925191946238151 0.35400766725192007 -96.47099266069615 -0.9073725661801636 0.260367548869837 -0.32997540156674965 129.34573962192906
-0.39908727365141344 -0.27894848794312327 0.8734512516928046 -236.00759344970146 0.13604178931580457 0.9240427063098131 0.35726419982331004 -97.3949566769779 -0.9067645667808353 0.2614054666411568 -0.33082503297193655 129.13003252052363
-0.40093975247351193 -0.27810563205402644 0.8728714523378053 -235.79720447133215 0.13615040881964025 0.9241373142107445 0.3569779974474574 -97.32023733062667 -0.9059306712241969 0.2619684750178589 -0.3326591905119918 129.16662198065833
-0.4036462728431685 -0.2858327930763904 0.8691198426120346 -234.75451874467984 0.13103168115331038 0.922092715009073 0.3641094937808313 -99.20958413890635 -0.905483508935395 0.2608536741726008 -0.33474613622370464 129.24256532714944
-0.4059101090868291 -0.2833436823998312 0.8688805101883813 -234.62392956562303 0.13102075636483052 0.922863324781612 0.3621558299608276 -98.63919078770424 -0.9044725229340612 0.2608440940813722 -0.33747564925511586 129.51808646027342
-0.4082669987355495 -0.28826334534488146 0.8661537400912408 -233.8508014647175 0.12728553288598904 0.9215872014578741 0.36670890802784395 -99.8154225861416 -0.9039449379588321 0.2599639856588245 -0.33956188728857933 129.62960548721793
-0.4117276709090574 -0.28653295567279247 0.8650891227620519 -233.4845495103198 0.12623765390653932 0.9221994559916352 0.36553005089172164 -99.46022104345457 -0.9025211242646765 0.25970565777846544 -0.34352378603799605 130.23219834795404
-0.4139874132638676 -0.28384566398623595 0.8648965606911063 -233.35913057028122 0.12746520559529828 0.9227032083469908 0.36382882055812776 -98.97418337688023 -0.9013140645866125 0.26086477022086146 -0.34580706851650267 130.46038289044503
-0.4162161136586667 -0.28348033499862896 0.8639462057327071 -233.02926672957238 0.1271448456328344 0.9226779055108155 0.3640050424254826 -98.9617240916751 -0.9003323469474361 0.26135107107345046 -0.3479903485570852 130.61817420709605
-0.4182615704161458 -0.2812795844164093 0.8636776332078722 -232.88233934716735 0.1241345778252915 0.9242227037671343 0.36111355614197765 -98.01713057666987 -0.8998043483453257 0.25825218146590884 -0.35165031702949334 131.13527706624896
-0.4215535718362239 -0.291264925941447 0.8587533574830699 -231.48198594432935 0.11147026215917859 0.923184551050569 0.36783782480289334 -99.58933665274081 -0.8999260895908541 0.2507888107908394 -0.3567043673069211 132.10205409881695
-0.42046812571500053 -0.30989721130324877 0.8527427945659722 -229.9904985855738 0.10322581751732116 0.9174192789052891 0.38429974927233473 -104.06286863497391 -0.9014161002864298 0.2496108673903607 -0.35375617171299856 130.82658074752075
-0.4259237784478897 -0.2975143451186326 0.8544437660848748 -230.2253960650026 0.11026846823023957 0.9202784160701812 0.3754044509985398 -101.73370090079425 -0.8980143650670794 0.25411188749050995 -0.3591620090838962 131.91510515459578
-0.4300416980536223 -0.2954461385246757 0.8530977184156662 -229.75444255310194 0.11280242210246536 0.9199481953666258 0.3754609585689372 -101.82039382940162 -0.895734196903844 0.2576953571032005 -0.36228904403042544 132.3356994561917
-0.4302110626347587 -0.2962906686510782 0.8527193449529386 -229.61591545133496 0.11361334005251598 0.9193203498484076 0.3767520448739621 -102.21261355043359 -0.895550361816008 0.25896319048254235 -0.36183921211819947 131.97675852903618
-0.42881473233762696 -0.30328021593956034 0.8509635926112603 -229.20448141188177 0.11129242831741568 0.9170543605845936 0.3829168253446104 -103.88445705381045 -0.8965109707802924 0.2589061805991421 -0.3594936284805923 131.00277985227382
-0.4306284527970165 -0.29669077916969744 0.8523694722345032 -229.50399120494737 0.11312157128667753 0.9192322721976479 0.3771147568844024 -102.27242508520594 -0.8954119977704569 0.25881771830001626 -0.36228544401161433 131.4405305988372
-0.4294716839182651 -0.29667536505728065 0.8529582642078914 -229.68617050758257 0.11506072803590142 0.9188254524263094 0.3775192933313951 -102.43593728322655 -0.8957204371768337 0.26027584548266647 -0.3604738307866814 130.65655931445065
-0.42913436382902176 -0.29872695025782153 0.852411817709446 -229.5482285798948 0.11663285002809021 0.917498715769608 0.38025371116590656 -103.25950216168397 -0.8956787795160639 0.2625991541318835 -0.35888885211696603 129.91210663705502
-0.42872112595344586 -0.29758215938286336 0.853019961418396 -229.70998405802413 0.1176758729135543 0.9177565604029967 0.3793089568825052 -103.01329186580126 -0.8957402442088012 0.2629976316514909 -0.3584433855582554 129.49177809843587
-0.428366923094891 -0.2993410988371375 0.8525823630272861 -229.59944473356651 0.11771122283579592 0.9170083937251248 0.38110323254489537 -103.50972352506136 -0.8959050436383967 0.26361053162694786 -0.3575802572830896 128.954020271812
-0.4288900762051824 -0.29709945515706176 0.8531032858207088 -229.7067612275751 0.11654157155957813 0.9182811695255285 0.37838836635558903 -102.70153217507922 -0.8958076605115279 0.2617090129135884 -0.3592172433620895 129.08388745725028
-0.42967261164927384 -0.30018841562719306 0.8516268912626748 -229.28363093342404 0.1168139286983005 0.9167209585428318 0.3820696143772487 -103.74183243788725 -0.8953970922783703 0.26364673199481675 -0.3588237002315936 128.6656113794453
-0.43097647446761594 -0.29932177669037296 0.8512730187515537 -229.12909443789215 0.11716586100887692 0.9168334221119934 0.3816918090717437 -103.64086901599491 -0.8947242253731108 0.2642403264025581 -0.360063342251272 128.69774278105163
-0.43225023768748533 -0.2987586943216137 0.8508248789183102 -228.95476623804973 0.11818125013017797 0.9166159648838693 0.38190098852671417 -103.72216234936062 -0.8939759080292828 0.26562834089618104 -0.3608997927070082 128.61608626958497
-0.4338509104426784 -0.29797400525710405 0.8502851755141324 -228.7461726113697 0.1184671510051495 0.9166692249080552 0.3816845113954578 -103.66282642095841 -0.8931623153944542 0.266325035055861 -0.3623976463247413 128.71706096251242
-0.4350245429503338 -0.2980550380184941 0.8496568962485077 -228.52681046473282 0.11825753443581598 0.9165380014082058 0.3820644546720016 -103.75275630137425 -0.892619069133085 0.2666857444379925 -0.3634692712369766 128.7065994288507
-0.43669076804685814 -0.29718053602123173 0.8491082982239536 -228.30988624610893 0.11806785075373881 0.9167638685585182 0.3815809113726905 -103.60147975730226 -0.8918302280821379 0.26688525308782723 -0.36525485070455727 128.89417258855403
-0.43795741799944954 -0.2973455869120424 0.8483978441528411 -228.06010899095673 0.11724822618743568 0.9167644438267937 0.3818321725455436 -103.6425555672783 -0.891317089186085 0.2666993747253317 -0.36664054610198493 128.97654642927748
-0.4389110013465794 -0.29766585684355895 0.8477925280199943 -227.85137903449944 0.11704122106122357 0.9165534625434585 0.3824017558433725 -103.78772102039173 -0.8908751233867969 0.26706701025994645 -0.3674462226794185 128.907499071282
-0.4395407592139073 -0.2971264928510098 0.8476554537285305 -227.7789324138872 0.1175283824307319 0.9165652349859366 0.38222408262482727 -103.73676143353843 -0.8905004212873106 0.26762663780205814 -0.36794698317269625 128.75017817806133
-0.4401325407366883 -0.29703034242127124 0.8473820403252418 -227.67315388471886 0.1178472323967959 0.9164323346884538 0.38244451330079915 -103.79663677223814 -0.8901659263311997 0.26818790356496675 -0.3683474880874649 128.56637284211425
-0.4401568756765256 -0.29688420753803085 0.8474206110953374 -227.6615326874181 0.1181364005505904 0.9164078120214529 0.38241405953626245 -103.78760506103299 -0.8901155630925853 0.268433398407443 -0.36829036772606605 128.26452647017598
-0.44022156809674634 -0.295931397189671 0.8477202245669327 -227.71862969399524 0.11964598551961123 0.9163723746471956 0.38202946107924873 -103.7083399275669 -0.889881907407653 0.26960393012867867 -0.36799988006477374 127.90446019330963
-0.4402896923534769 -0.29677155332412947 0.8473910737934783 -227.615066270865 0.1189458510851098 0.9161960399379628 0.3826704860733765 -103.8733027660904 -0.8899420606516583 0.2692795230602928 -0.3680919275717707 127.6577429017671
-0.43997347007289545 -0.29680047117148106 0.8475451763442475 -227.66267211427964 0.11751009993804762 0.9166590693029795 0.38200461656522605 -103.67186316746242 -0.8902891227261877 0.2676670151082911 -0.3684286185660023 127.48340386343543
-0.4373715260941744 -0.2985452422094256 0.8482787787727384 -227.9256934965935 0.11714085975109792 0.9163348862580319 0.38289475734626294 -103.89383857853372 -0.8916188463344785 0.2668353698080436 -0.3658069412689952 126.522591964463
-0.43395333949072246 -0.3019994118123335 0.8488114363095343 -228.15744195331231 0.1171101812599717 0.9152427145570587 0.385507430402429 -104.59908555075137 -0.8932915003458315 0.26669669798336787 -0.3618054265688423 125.19544757123718
-0.43074068679679944 -0.3023790656870605 0.8503113320261243 -228.65168675318725 0.11509806614391013 0.9160982929129684 0.38407857645523186 -104.15357840224084 -0.895106080812634 0.2633074597427228 -0.35979756215972447 124.4068528510961
-0.4272598528286472 -0.30389471265668344 0.851526289541406 -229.06670917757128 0.11419849749903568 0.9161375929711713 0.38425331997778556 -104.17674667176529 -0.8968877975141625 0.2614190397891851 -0.3567244935603595 123.34222752556234
-0.4234027672634966 -0.30268058107430734 0.8538820542171695 -229.79582547629164 0.11530424701589104 0.9168656182551489 0.3821810679268433 -103.60907854904856 -0.8985738852724976 0.26027274905783687 -0.3533030834908813 122.17878940627179
-0.42058219847704165 -0.30337500337120454 0.8550287841083128 -230.18470551632498 0.1150111244563712 0.9170038585259837 0.3819376450413584 -103.5249083394237 -0.8999350285301153 0.25897399633549933 -0.35078399856111064 121.24806533098804
-0.4166425568869241 -0.303655742478839 0.8568559796432254 -230.76632755433204 0.11551483786630773 0.9172379985753621 0.38122273830686615 -103.3245385195378 -0.9017013374856704 0.25781319599487096 -0.34708364114066714 120.02383295904185
-0.4131188648672163 -0.3042462869693734 0.8583513268797179 -231.26039218048112 0.11474381129641763 0.9176402100841654 0.38048692829828057 -103.09206037483273 -0.9034194270990606 0.2556768305929157 -0.3441841034068348 118.99598608726629
-0.40997897007090317 -0.30519309335765754 0.8595198775283709 -231.65236367005315 0.11507030020816453 0.9175213846984192 0.38067484107975713 -103.14701479989097 -0.9048072005182123 0.254973889619858 -0.34104581144256285 117.91220920266933
-0.4066540282312858 -0.3045917912284242 0.8613108277733009 -232.20616597537622 0.11760909713160304 0.9174856124996082 0.37998454064357434 -103.00039400926025 -0.9059804642458676 0.25582023292241585 -0.3372764546071415 116.66142199848234
-0.4039180375685 -0.30472717088005224 0.8625494595988402 -232.6037273770744 0.11925697545734898 0.9173011280718608 0.3799163253176379 -103.01418573818361 -0.9069884192929792 0.2563200962966647 -0.33417363077132745 115.58725008374775
-0.4017664356202159 -0.30545869126106506 0.8632952676472311 -232.84528293353338 0.11981047543650636 0.9170902447684592 0.3802511445429269 -103.11155406046996 -0.9078706852766562 0.2562039634424201 -0.331858927756494 114.73416026512365
-0.39906817290172897 -0.30505149912589213 0.8646896415812564 -233.27822378624379 0.12028050894558923 0.917470739487941 0.37918338749375724 -102.81684096013439 -0.9089979056877227 0.25532533181119466 -0.3294416221287735 113.85138946784431
-0.39691511031730925 -0.30651488175791963 0.8651630034061366 -233.45573701340803 0.11899118231683709 0.9174537882999798 0.3796309324394634 -102.91722532483062 -0.9101096053402795 0.2536280221011545 -0.32767870341603955 113.14867698532586
-0.39467060284761313 -0.3071946581164905 0.8659483571625931 -233.71679958807803 0.1191212727171463 0.917393315484691 0.37973625990976034 -102.94382407606379 -0.9110681849533265 0.25302360903421306 -0.32547475422396865 112.32962777068997
-0.39219028980898896 -0.3077576769931835 0.86687484034969 -234.02132182005366 0.11989303692572444 0.9172340693009646 0.37987803544074455 -102.99994420753569 -0.9120375191165482 0.25291673405560183 -0.32283229292990473 111.39409829145919
-0.38940803785982414 -0.3080986801787522 0.8680072484272655 -234.3886891410132 0.12169444817820105 0.9169229693045515 0.3800562190575594 -103.08307791735791 -0.9129906030911626 0.25362860965166245 -0.3195632754767039 110.297550725354
-0.38596322860788806 -0.3082054798618375 0.8695066235203212 -234.86832070224577 0.12232904347068459 0.9171176917110171 0.3793820563418922 -102.91446889295912 -0.914367536216221 0.252793436888282 -0.3162712237622761 109.19506792641339
-0.38210633590102394 -0.30879096004982964 0.8710010855652238 -235.35728378695956 0.1226192649330691 0.9172457270680733 0.3789786168672782 -102.80064681401669 -0.9159471949471584 0.2516116435439065 -0.31262168335156537 108.00078999862424
-0.37827931082716515 -0.310059447105297 0.8722200996657223 -235.77253992470415 0.12258376426596006 0.9171594502062104 0.379198844454766 -102.8569310794893 -0.917539091122832 0.25036310063226136 -0.30893419057023724 106.80395799829495
-0.3746804905370069 -0.31112697249440224 0.8733925446197804 -236.1764328493745 0.12287761018629059 0.9170412098444257 0.3793896576897915 -102.91116955815083 -0.9189753113799378 0.24947029168527998 -0.30536691150255196 105.6412591609825
-0.3699298273937748 -0.31036297305540805 0.8756864437460591 -236.9010089460236 0.12346206862225792 0.9177693676431068 0.37743410739821015 -102.3763766123915 -0.9208197654350848 0.2477381940117002 -0.3011922090823338 104.32100669322008
-0.3660346121919111 -0.3098568638392348 0.8775006476403485 -237.47989382799076 0.1238672757427023 0.9183268985231383 0.3759422900512179 -101.96942295182068 -0.9223207471794171 0.24630150503110332 -0.2977583045723742 103.20746916048907
-0.36102790915079347 -0.31104311616131197 0.879153586526761 -238.03926529791096 0.12566928391096052 0.9179101721352168 0.37636172357454606 -102.11756436725705 -0.9240487432465416 0.246359687813078 -0.2923026245607965 101.55129548541207
-0.35544362668887486 -0.3129540389467808 0.880749452314991 -238.59959181720905 0.12689491336286218 0.917402006807818 0.377188598538741 -102.36697040912074 -0.9260440104060343 0.2458319088562032 -0.2863724207727132 99.76957248306525
-0.34919130550865357 -0.31389342177977375 0.8829135585778185 -239.32646062867244 0.12683841194903334 0.9177203691519307 0.37643238609063745 -102.1549295765352 -0.9284274066459959 0.24343426999300752 -0.28064623065625166 98.04667631900328
-0.34210103968271705 -0.31461562977713864 0.8854286443005661 -240.17120421584195 0.1272087072588769 0.9181022531776131 0.3753747427674318 -101.86326585485399 -0.931012794458556 0.24105032298282586 -0.2740618877997193 96.09484024161856
-0.33345125525763714 -0.3152282541016208 0.8885051537178329 -241.19849006156582 0.1270018476093581 0.9188335723176563 0.3736514379549247 -101.3751634119968 -0.9341738548422961 0.23743633714749224 -0.2663516373726035 93.83986300375626
-0.3234503055342924 -0.31689807241953866 0.8916027767714465 -242.26205834599415 0.12633356942248986 0.9193555147348178 0.3725926284343953 -101.0582669223301 -0.9377738155262951 0.23315456080347047 -0.25733095750374646 91.2295725920795
-0.3125934794946196 -0.3192797350143559 0.8946204599642295 -243.32400778565997 0.12394167916835021 0.9200564626509717 0.3716645876312542 -100.74738405940263 -0.9417663068630012 0.22706068867891505 -0.24803158450947368 88.54804596850126
-0.3008345961329335 -0.32214261361048235 0.8976205669801369 -244.4010386883458 0.1222525770549042 0.9204292377440593 0.3713008560578947 -100.60651136381024 -0.9458080424552171 0.22143657060679517 -0.2375141933125941 85.53618381086368
-0.28754556173664975 -0.3238826273873935 0.9013421068618693 -245.6981885695975 0.1216860409383897 0.9211063590264195 0.36980479012829703 -100.17652331426835 -0.9500052933359345 0.21601647862543294 -0.22544805076995628 82.10087204164253
-0.2738835528178059 -0.3245287416176263 0.9053556734013302 -247.08248355884453 0.12103826052944439 0.9222350542313775 0.3671951037729867 -99.43598342109668 -0.9541161035135621 0.2101513754676093 -0.2133046188088046 78.64742613253034
-0.2591112171902528 -0.32537497058848386 0.9093912830243804 -248.4912094114851 0.12083823732065684 0.9232286271428649 0.3647561136227024 -98.74870466012815 -0.9582585755042436 0.2044016402538013 -0.19990115540970083 74.84942957284721
-0.24396216650235678 -0.3279005766041577 0.9126684355110225 -249.70440055194678 0.12012515599677909 0.9236388509355746 0.3639522220555339 -98.50750628273288 -0.9623161685289435 0.19842501078511274 -0.18594382722398195 70.89720282994949
-0.22719073539688608 -0.33052115814433314 0.9160459233950833 -250.974490959319 0.12019770554061678 0.9239341718757501 0.3631778594890422 -98.2907131964732 -0.9664040983628914 0.19261726313910704 -0.17018139912518848 66.45209006225252
-0.207771585237017 -0.33339489564082747 0.919607966433925 -252.3423953621031 0.12129163918816856 0.9240876193255281 0.36242297122605927 -98.0997368488083 -0.9706283050844664 0.18684195291721717 -0.15156113617592176 61.21692377646051
-0.18657425815224712 -0.3344327145943152 0.9237666402311872 -253.8964315081459 0.1227667717290622 0.9249703916326483 0.3596638630195823 -97.35584910621644 -0.9747401530429342 0.18051186667923483 -0.13151843990032402 55.59807254310911
-0.16380904643642194 -0.33471847605673577 0.9279709791215708 -255.49590591454043 0.12090022071608424 0.9267746904408409 0.3556287527592304 -96.1914142993378 -0.9790555310790049 0.17044710306878236 -0.11134654066951355 49.92516131571864
-0.13936285682795443 -0.33528244364652726 0.9317530129380661 -257.00452554467324 0.11737964770090689 0.928708067150375 0.35174329320603226 -95.03802852296865 -0.9832598905896456 0.1583887906141942 -0.09007207428171551 43.933556990369375
-0.11496161110476058 -0.3367499365282033 0.9345497890537716 -258.23865550174736 0.11557085842105749 0.9298645053240238 0.3492783680996132 -94.31571532961826 -0.9866241455873751 0.14816032527893572 -0.0679802424033799 37.7159451309804
-0.08910260553043159 -0.3398584026448623 0.9362462239386447 -259.20276972457094 0.11647845544086564 0.9299799456549089 0.3486689979017392 -94.15927184530626 -0.9891883011367444 0.1401198302574457 -0.04327745444022818 30.76829499566179
-0.060238741173147134 -0.34225612036573066 0.9376737397059134 -260.1395164820924 0.11972895053872872 0.9301201869983823 0.347190748927717 -93.80679354932072 -0.9909774328736094 0.133181026465082 -0.015051303097669007 22.836184494004193
-0.031114332038464157 -0.3439049635120359 0.9384888248741087 -260.9111141351558 0.12126760285286665 0.9307082827655779 0.3450742831476552 -93.24786662550103 -0.9921320813481033 0.12454504592047802 0.012746163993390174 15.02564074746093
0.0005538066170559051 -0.34793990513456174 0.9375166748987364 -261.23671132580745 0.12415020777242974 0.9302875800111463 0.345183638643356 -93.33324466128973 -0.9922632811952145 0.11620172499561542 0.043712010932350435 6.314391521935242
0.03325715239728329 -0.3504427210594169 0.9359935155068628 -261.4221513799872 0.12558610836522965 0.9305539958723187 0.34394387645622965 -93.01051382187431 -0.991525133922535 0.10610918915218003 0.0749583135974005 -2.4991539991692004
0.06658730685773655 -0.351495149765629 0.9338186602636894 -261.4297229609064 0.1255078487957761 0.9314128252054374 0.34164005756568117 -92.36098883155901 -0.9898554997857466 0.09445267986702852 0.10613567171241903 -11.308928969244828
0.10186832648019291 -0.3522021410708731 0.9303636363730138 -261.1158728920707 0.12381191385350984 0.9324458534392712 0.3394338527487208 -91.71186641936356 -0.9870630446167336 0.08061254386881739 0.13859351977254245 -20.502609598276052
0.13930340018575546 -0.35346038740748703 0.9250190901978385 -260.30941719531256 0.1210598542051624 0.933199016302934 0.3383550024324474 -91.35666596803132 -0.9828219952750917 0.06484867388764282 0.17278765898785153 -30.219654098255077
0.17705479096525945 -0.3555266994175507 0.9177430833286138 -258.97661909160286 0.11577311789069122 0.9335248742497636 0.3393050166602777 -91.52532301730064 -0.97736798912698 0.0461743993813207 0.20644548595611845 -39.819328742878646
0.21617417202363282 -0.35751818680184866 0.9085424995319785 -257.1315104074835 0.10948262974918706 0.9335528453516118 0.34131017963007215 -91.96813486715273 -0.9701970321193006 0.025687176602892353 0.24095204465841868 -49.69733638651561
0.25595605908994984 -0.36164115067417624 0.8964943803249409 -254.512583807807 0.10438405435053658 0.9323042494185857 0.34628421233632856 -93.26380138006338 -0.9610361413664349 0.004946175806115116 0.27637849108135865 -59.86838060273396
0.29592712423244644 -0.36137776494847085 0.8842133499016862 -251.81131579779895 0.10136941908104372 0.9323276215455794 0.3471158984810901 -93.44218556193171 -0.949816497023865 -0.013088815989633296 0.31253368598809245 -70.26836221148119
0.3366265920925967 -0.35705632190619874 0.8713170034395871 -248.92988590610204 0.09976978953028823 0.9336361436999951 0.34404874694450494 -92.55725437523739 -0.936337827172013 -0.028884843150327882 0.3499101873952436 -81.03856766311772
0.37733715847908195 -0.3494185501917212 0.8576265770210527 -245.81109567386557 0.09842062709082161 0.9359728398244171 0.3380358313464199 -90.8574485756432 -0.9208311729052083 -0.04314533454420544 0.38756732461997745 -91.91502525736271
0.4177332206840785 -0.34633824435031785 0.839969509468794 -241.60303587552306 0.10003408458931873 0.9364079239176814 0.33635306144668137 -90.41287763063914 -0.9030460332991248 -0.05648026668242201 0.42581432716408035 -102.99738790073371
0.4576207761851954 -0.34450364945011 0.8196953462837369 -236.66076241431927 0.10169852862913643 0.9361189869550841 0.3366580632286357 -90.52217304459924 -0.8833123085739993 -0.07069991356248637 0.46342301166852834 -113.94242284976215
0.49669944534467375 -0.3404281292285698 0.7983723127866031 -231.40011045177073 0.10124594386566403 0.9363122064157254 0.33625691214853387 -90.3995136684906 -0.861997053269351 -0.0861866633931967 0.4995327208583073 -124.50365861087705
0.5350427016785407 -0.333681375954225 0.7761353275826471 -225.85594229576435 0.099115626106417 0.9371421422861843 0.3345753992940811 -89.89338316678948 -0.8389907031916747 -0.10208498661681853 0.5344841021633693 -134.78447616819932
0.5713461768223423 -0.3284944190815552 0.7521003675459574 -219.78252166780578 0.09733223132595975 0.9370566548731164 0.3353375348855464 -90.07340972366376 -0.8149171632599246 -0.11839021154756328 0.5673568320150209 -144.51160517365983
0.6050416925098537 -0.3251541376024204 0.7267732363845257 -213.30776261529454 0.09564160720507842 0.9358811459391005 0.33908577623802694 -91.08610660760836 -0.7904285124513418 -0.13565127155962095 0.5973453768367316 -153.43791357197588
0.6377798788539423 -0.3209967283277649 0.700141361820541 -206.4472548564584 0.09439246049909887 0.9347388713485292 0.3425686876978161 -92.03707457382741 -0.7644127743110896 -0.15239535029963652 0.6264573151277543 -162.16696643074872
0.668104016617109 -0.31819887741567493 0.6725968312380679 -199.3012632313385 0.09664945948704978 0.93339949312789 0.34557816512253675 -92.91448171235214 -0.7377641255583975 -0.1658760399816756 0.654361699978728 -170.54845303153007
0.6988689772700987 -0.31433123005078434 0.6424780388653041 -191.408607859031 0.10010775118450124 0.9324021673952836 0.3472817824035108 -93.45020140904148 -0.7082094257790051 -0.17838743243664434 0.6830939416994074 -179.2053717265695
0.7283045041277264 -0.308979961146735 0.6116403623674853 -183.2994159758734 0.1034672484973416 0.9319260881302249 0.34757487646647545 -93.58635538998693 -0.6773972820698766 -0.18985560268809154 0.7106952739200435 -187.58128100594013
0.7572005936292888 -0.3000115679405248 0.5802071355208592 -174.98945725814067 0.10483589396826598 0.9325815672401317 0.34539984913113997 -93.00140514723421 -0.6447144300722044 -0.2007104370624698 0.7376032972478263 -195.8011952596596
0.7838104217488847 -0.2932375388852364 0.5474056709117698 -166.25957792003416 0.10757340813452597 0.9322779512776579 0.3453777401973897 -93.04021061764003 -0.6116119559166238 -0.21182437855464692 0.7622737356289927 -203.41599862464403
0.8074084467097628 -0.2851853397901951 0.5164890339111561 -157.99894146838545 0.10630911730456949 0.9314102179416783 0.3480996660322422 -93.7800382060174 -0.5803360851779351 -0.22615111735869498 0.7823462790591914 -209.74483798504136
0.8276964053977272 -0.27731330123506776 0.48786882811857313 -150.32501514944505 0.1037425907048591 0.9299974173144846 0.3526220053573409 -95.0094018528414 -0.5515035225322912 -0.24125119014524476 0.7985247196474118 -214.96457595499984
0.8457943645240403 -0.26644384960797335 0.46221160516094645 -143.41378807682403 0.10052970658928373 0.9304358825070501 0.35239586637246395 -94.89792562385873 -0.5239519739751416 -0.25158844081040493 0.8137429479990238 -219.88016006886437
0.860220659608523 -0.25801168760995125 0.439829951048519 -137.37259454499915 0.09923745679205788 0.9307585217204009 0.3519097915862794 -94.7375475668161 -0.5001723142599179 -0.25907246727801675 0.8262621331916155 -223.97696541476563
0.871996794365825 -0.2490509425571362 0.42142047722806153 -132.38893208830748 0.0958624540239473 0.9311117232218635 0.35191099554762195 -94.67906612872412 -0.48003331189015586 -0.2664668588965875 0.8358010723764085 -227.1920319192304
0.8806118311631677 -0.24056862786877586 0.4082273118016326 -128.80371685492872 0.09214357154024992 0.9320278976184952 0.3504761907528878 -94.2155566495276 -0.4647928194790231 -0.27101795760831454 0.8429216461893467 -229.6396647210432
0.8867286445147204 -0.23414366486197102 0.398608900053789 -126.18251390575303 0.08902632839662437 0.9325976676043777 0.3497654974852308 -93.96416800492862 -0.45363710589997264 -0.27466039864508973 0.8478060164724106 -231.40318598799433
0.8918933880513547 -0.22948424542459192 0.38969624767526473 -123.75328061993822 0.08812020872623597 0.9333599043516253 0.3479570631022878 -93.43604868711631 -0.443577516522558 -0.27600048922172316 0.8526797269696572 -233.12490835807176
0.8957396684755754 -0.2243983942294025 0.38379135866578856 -122.13731498821183 0.08552668774354816 0.9341215921106234 0.34655740770661886 -93.00117214175268 -0.4362747207928554 -0.2776008137956006 0.8559218166264582 -234.37447908849225
0.8981095860974572 -0.21991621535999387 0.38083596151307847 -121.33140315538982 0.08283500498704746 0.9350798361363355 0.3446216214923837 -92.4113033013951 -0.4318999112163025 -0.2779614330675764 0.8580209253965599 -235.25875897795248
0.8993810385486177 -0.21664997807503378 0.3797058526007957 -121.018726918959 0.08039047348985189 0.9357136847214247 0.34347819726604417 -92.04900643273146 -0.4297105063543213 -0.27839304449849595 0.8589797398679268 -235.78368530766477
0.8992337544678383 -0.2143266100694374 0.38136958326775205 -121.4870910706201 0.07791655356182134 0.9362927002119477 0.34246896240516106 -91.7291980976247 -0.43047376866276454 -0.27824464729076664 0.8586455908856189 -235.8940543746838
0.898786085464948 -0.21215432948125923 0.38363278412689467 -122.10179363596663 0.07554446669118914 0.9369626303503725 0.3411657410691393 -91.3221116271184 -0.43182937154267204 -0.2776536868281574 0.8581560604364409 -235.97228965946394
0.8969300476798252 -0.21423809753355 0.3868055417574463 -122.99261475764659 0.07679779919207029 0.9369670752848792 0.34087358048307875 -91.2595687528103 -0.43545216454660196 -0.27603394247321217 0.8568469379033657 -235.76824946449221
0.895320015990631 -0.21528946777622032 0.38993911580036167 -123.85337379557666 0.07700191896577945 0.9370635244070746 0.3405622640595686 -91.17455464579318 -0.4387171907301144 -0.27488615150717133 0.8555494318082695 -235.5968506884546
0.8936282107269251 -0.21445676756866394 0.39425488689044097 -125.0419394034752 0.07461448333485883 0.9372142491196521 0.3406789252709344 -91.16861204495257 -0.442562198871149 -0.2750231737346635 0.8535226734183731 -235.2118483813225
0.8921317557987433 -0.21271038932912723 0.39856645690135867 -126.22125196231852 0.07057267681285634 0.9370081361151722 0.3421041510146273 -91.51367666596775 -0.4462291200526021 -0.2770740751593731 0.8509462552309978 -234.69987141743275
0.8903457060346436 -0.21494103745786927 0.40135380172885704 -126.99705719457684 0.07037650209481702 0.9359223055425745 0.3451037321455245 -92.36179583314778 -0.44981292967029085 -0.27901574938416385 0.8484212042947908 -234.2008639491901
0.8891240567458124 -0.2162530865911779 0.40335222108680385 -127.55111674245086 0.07063207711065464 0.9356028310278648 0.34591682852338823 -92.59689073126714 -0.45218306182220486 -0.27907336869080357 0.8471413893138872 -234.0624860280124
0.8880020493261879 -0.21652818358024112 0.40566970075164843 -128.18816120243056 0.07166175092286337 0.9365832702518613 0.34303989759064246 -91.79300995232863 -0.4542212608929266 -0.275549131008919 0.8472046521077828 -234.27902142375754
0.8872175972881402 -0.21661316432890654 0.40733729525011286 -128.6490817586256 0.07375719296660739 0.9381631907454026 0.33824503546407314 -90.45710153009279 -0.45541718407186405 -0.2700528921708182 0.8483316709178258 -234.79793603425097
0.8861004131686958 -0.21886665572633882 0.4085626571205876 -128.99596770863383 0.07651341714847334 0.9384655043020853 0.3367910245705731 -90.07804393450972 -0.4571342852800807 -0.267170141007937 0.8483209068361269 -235.01002512103403
0.8855158584191277 -0.2199911743765955 0.40922554622682333 -129.17583047468247 0.07715035516991343 0.938191656677304 0.3374081179199045 -90.25753665716691 -0.45815880127461456 -0.2672083429414252 0.847755987461667 -235.0898530251487
0.8844905878908847 -0.22290465115159536 0.4098657297547854 -129.35741092736944 0.07832273057814805 0.9369607913920429 0.34054372005482564 -91.16334359798206 -0.4599368976362084 -0.2691059120290415 0.8461915021458191 -234.89184059034062
0.8836925214821284 -0.22627104193211717 0.40974253264643157 -129.3271034342166 0.07904752856697413 0.9349617339779523 0.3458295016686605 -92.69792826590435 -0.46134479048105803 -0.2732178097780134 0.8441048588392878 -234.5741749018978
0.8830415884890342 -0.22653033467717765 0.41100068183618504 -129.66791800532593 0.07936127088609568 0.9352519737712137 0.3449717876006568 -92.44992915150897 -0.46253577340796775 -0.27200689886121415 0.8438441238106705 -234.73241466368938
0.8828753290793306 -0.22609191664463923 0.4115988320331062 -129.81886723977127 0.07996124415767476 0.9360510071981262 0.34265830116331675 -91.79366236200448 -0.4627497733503717 -0.2696126056981146 0.8444949319639832 -235.15691049772295
0.8827548915979423 -0.22463146400560385 0.4126554334291556 -130.09083676869005 0.0783716920384107 0.9363968681922398 0.3420800829145153 -91.61204270086681 -0.46325120533781855 -0.2696323619643314 0.8442136637928779 -235.3291381244593
0.8819704789327469 -0.2261654625903779 0.4134939634655159 -130.31579637418463 0.07866301582790998 0.9356720795172996 0.3439911184211451 -92.17011448159215 -0.46469366708832927 -0.27086332926967555 0.8430260094593455 -235.24386235453372
0.8805900016166948 -0.22420440556535728 0.41748489023890956 -131.4202555467677 0.07619730556961693 0.936523139491174 0.3422256270671811 -91.62785474755837 -0.46771275338250073 -0.26954924174013123 0.8417766845195228 -235.08335892666122
0.879290729441566 -0.22100580829882935 0.42190549393946003 -132.64639330430094 0.07268537478517215 0.9377145984646897 0.3397177771600194 -90.86589926299203 -0.47070654277421903 -0.26804433313238807 0.8405876432979227 -234.93193192440825
0.8778277619480294 -0.22276293975206135 0.4240225147634658 -133.24800551370132 0.07455542269032049 0.9380260033517049 0.33845044834287763 -90.5176930740165 -0.4731383616879757 -0.2654880217807325 0.8400334523042351 -234.96074580336813
0.8766928655608698 -0.22347297779606667 0.4259923094019767 -133.80060438495175 0.07580731135785933 0.9386614184448452 0.33640450809673145 -89.94223363432731 -0.4750398625582524 -0.26263010055602914 0.8398586543356964 -235.09219467039992
0.8754413406076824 -0.2236472315736704 0.42846747246956424 -134.486392960372 0.07538805903183793 0.938835768584526 0.3360119643431084 -89.82739235024647 -0.4774087344303996 -0.26185743341699375 0.8387559745562644 -234.97633089341136
0.8740821105363841 -0.22404377943265583 0.4310276660932474 -135.20324511149522 0.0742986222269387 0.938511563455724 0.3371583604110555 -90.14369921841819 -0.4800626821316557 -0.262679329520661 0.8369823122785433 -234.6845978586542
0.8724548916976014 -0.22253397155629143 0.4350874549516572 -136.34063437380516 0.0719998690682779 0.9391219840258398 0.33595523209725586 -89.76425357637412 -0.48336164598267156 -0.2617795458448843 0.8353639856793975 -234.39683363560525
0.8710826821513068 -0.22395966997668243 0.43710070587911537 -136.91075047404286 0.0732098237377553 0.9392451548657959 0.3353488642733326 -89.59920786388837 -0.48564934115508923 -0.2601165225145507 0.8345562366614757 -234.35292115194872
0.8698293264935315 -0.22416181376826771 0.43948654589182823 -137.58361390742377 0.07116919701890757 0.938511261874762 0.3378336228529156 -90.28793532958252 -0.48819247041253466 -0.2625796880612866 0.832298035111308 -233.91609077550058
0.8683784116048785 -0.22390642585215376 0.4424758148426897 -138.42398936922078 0.06864985310530895 0.9379512405761173 0.33990390990740593 -90.85428257059445 -0.491127409057169 -0.26478931769207836 0.8298677516983991 -233.4264373982846
0.867424534372443 -0.22510094879024503 0.44373893228167594 -138.78861115973007 0.06795101509581433 0.9370506927810673 0.34251811442020136 -91.59829889304929 -0.49290702644230866 -0.26695610502899764 0.8281165988383207 -233.14047026627748
0.86688732921078 -0.2260516455626937 0.4443050888659716 -138.95167292949264 0.06989054775299323 0.9375862830217778 0.3406571197321337 -91.08467151460783 -0.4935804592856034 -0.2642586146709412 0.8285805421222537 -233.46514670878906
0.8661348445872943 -0.2258216316479697 0.44588678122545 -139.4024413501876 0.07078089162626922 0.9385396489288442 0.3378363402138855 -90.27911868615412 -0.4947731766904244 -0.26105156208758934 0.8288857494005404 -233.72465199513007
0.8658514753959999 -0.22479895377384485 0.44695262941027086 -139.7010096369945 0.07007407912976893 0.9390527517483795 0.33655542317411996 -89.89825575413748 -0.49536940356534437 -0.2600872157872833 0.8288327902510458 -233.90647043861432
0.865110812210935 -0.22353341196788762 0.4490168107429064 -140.28163226795266 0.06835071152688084 0.9393908396205811 0.33596581771172623 -89.70516645150819 -0.49690186438521794 -0.25995704293389393 0.8279558400057095 -233.8430107262058
0.8647191047928159 -0.22189361553738352 0.4505819494720787 -140.7133692539775 0.06366979640194548 0.9383077261461402 0.33988934681833544 -90.84219526904943 -0.49820380049980134 -0.26522035072408706 0.8255005382974299 -233.37336223787844
0.8645076649521165 -0.22408627136794795 0.4499020340290201 -140.5187879659404 0.06536009256809938 0.9376345980836694 0.3414226395187716 -91.2487339769277 -0.4983518391041902 -0.26575685026144846 0.8252385964074787 -233.49526379474094
0.8631741136926677 -0.2257225317341135 0.4516412161422158 -141.01383810175088 0.06575514856838965 0.9371420685882614 0.3426966642949174 -91.62243671204881 -0.5006063422367185 -0.26610915420115944 0.8237591930671955 -233.23961332881885
0.8630783452743779 -0.22487487951446872 0.4522466787957597 -141.15887493040736 0.06500213972964874 0.9374228008444692 0.34207194314570427 -91.43354051999815 -0.5008697353095005 -0.265837884847634 0.8236866681152045 -233.40047957486135
0.8635344380251789 -0.22264660028701566 0.4524784699023504 -141.17760142124854 0.06452236099821189 0.9386645462873944 0.3387413976388131 -90.45690796890769 -0.500145118216458 -0.26331988326693817 0.8249348457911881 -233.92775620520231
0.8625503382857388 -0.223198269174099 0.4540808810782987 -141.61842633036468 0.0655787633983578 0.9391900481775942 0.3370778533147952 -89.98581086227935 -0.5017034380132349 -0.2609685537413556 0.8247357602552744 -234.0153276335257
0.8612682181314806 -0.22306146660570517 0.45657489917026345 -142.3049246081386 0.06350737962858452 0.9387084823607466 0.3388114488571701 -90.46378246306004 -0.5041665093690131 -0.26281165738927154 0.8226458311879838 -233.56729784260995
0.86059051414705 -0.22163877418193884 0.45854140569772284 -142.83082226103363 0.06131392570614484 0.9388802646115638 0.33873950350884857 -90.41065414397953 -0.5055932846415362 -0.26340102980445507 0.8215809929783765 -233.4250236374379
0.8601667085696021 -0.22077953744003764 0.4597495288918742 -143.14291209451233 0.06060293817077399 0.9393059016076297 0.33768581120643365 -90.08682718889759 -0.5063995629476852 -0.2626039204826173 0.821339554382688 -233.4979021196245
0.8592908442284037 -0.22086736625340558 0.46134244499018406 -143.57287032689277 0.05979726100331302 0.9391570131286037 0.3382430964082805 -90.23662798928575 -0.5079798545235221 -0.26306218127211606 0.8202162862212732 -233.31552331060465
0.8585872471664062 -0.22021286668420076 0.4629624524191339 -144.00992496276353 0.05883873744056704 0.9394061904889528 0.33771883608622294 -90.06919037811979 -0.5092798267942806 -0.26272095960878245 0.8195192221068569 -233.25055906516064
0.8590187563126587 -0.2202349586715575 0.4621507754856532 -143.75845921796918 0.05929494074492782 0.9394629649554788 0.3374810327694231 -89.99854512725295 -0.508498659098634 -0.2624993342010572 0.8200751265822498 -233.55990487773835
0.8604572842021061 -0.22007294422345997 0.4595445150193329 -143.00010105528017 0.05994137618981764 0.9393707053653896 0.33762362079955427 -90.04123769171467 -0.5059844794892495 -0.262964973184925 0.821479841136619 -234.13278191720488
0.8631216746800304 -0.21915300950879385 0.4549647603065299 -141.67609093962702 0.06040575904388723 0.9392634719083867 0.33783912534360955 -90.10481152240392 -0.5013702414103489 -0.2641137799544769 0.8239367647254774 -235.02931989591542
0.8669314120269409 -0.21706552475615012 0.4486785985572651 -139.86508494134648 0.060306947241231895 0.9392562157165303 0.33787695001628304 -90.11259137265814 -0.49476560001218517 -0.2658577047975096 0.8273612764955721 -236.22540245890855
0.8721201105488818 -0.21442490730141417 0.4398050385170527 -137.31206214067794 0.06018975012759836 0.9390486208718293 0.33847434410645183 -90.27867173069136 -0.48557564473085296 -0.2687185270268788 0.8318693686371202 -237.7676763117558
0.8787086004560083 -0.21199390015755382 0.42770291299058527 -133.84158136208367 0.06156228152420662 0.9388223114231675 0.3388550620362567 -90.39343327896222 -0.47337224356543905 -0.2714244901810634 0.8380020675104403 -239.80614948837209
0.8867902562341343 -0.20817664070729663 0.4126324365728212 -129.51506548056776 0.06227170824778695 0.9384891171658062 0.3396474809464191 -90.63025741381503 -0.4579577227213236 -0.2755007499539171 0.845206519718541 -242.19430922440375
0.8952843651972153 -0.20266213982415163 0.39672907949293956 -124.94277479769691 0.06209252290431874 0.9386086354850782 0.3393498902198382 -90.5379284063311 -0.4411467148611625 -0.27918074158998785 0.852905439947752 -244.73706225531737
0.904698511657034 -0.1942148859735574 0.37921126179456444 -119.88251314100211 0.05954960652660202 0.9389630604777099 0.33882475621013786 -90.35154939907984 -0.4218701783346086 -0.2839523712255465 0.861043903356452 -247.43694386639436
0.9148211805930931 -0.18784172021080525 0.35751600759477176 -113.63152937380393 0.05908551137448212 0.9379753618496456 0.34163009660836724 -91.15782937457607 -0.399513591613446 -0.29140643217209866 0.8691784519906444 -250.18682596348344
0.9252075394388886 -0.18182844986130373 0.33306069084548645 -106.59070743802172 0.05938974513795461 0.9362894534924195 0.3461718033741556 -92.48547181864593 -0.374785094604743 -0.30050037287814074 0.8770608067643955 -252.8966116753557
0.9361144356979697 -0.17227667813104272 0.3066113328792739 -98.95024711906252 0.05786808397535031 0.9353767799778752 0.3488861767614814 -93.25656907947587 -0.3469020728316474 -0.3088543761230444 0.8855890278310541 -255.8169123383702
0.947184821892301 -0.16116999799730553 0.2772456400421808 -90.45303431435426 0.0566282964296832 0.9350072212793927 0.3500781801238983 -93.59246218920673 -0.3156487750971353 -0.31588879040088963 0.8947514307776998 -258.94477487713976
0.9578843998993007 -0.14846339421897942 0.24579686126258066 -81.3375188029722 0.055276839421100274 0.9352998408708457 0.3495120580045622 -93.41090268311962 -0.2817835116772632 -0.32120527430904755 0.9041157140006356 -262.14484129005535
0.9676853518801374 -0.13251189826342805 0.21453590975693945 -72.24913495826311 0.050978915701003095 0.9360294539608822 0.3482097234019217 -92.98748888451506 -0.24695386190656102 -0.32602064065993686 0.9125373044172603 -265.0872602231386
0.9767557761980581 -0.11318470472206074 0.182036744314737 -62.75799238281433 0.04417069104618906 0.9372809961471493 0.34576478177210235 -92.19781517785529 -0.2097548657748638 -0.3296870590095816 0.9204940735308302 -267.8946104044839
0.9844231794119858 -0.09616291731356119 0.14718592721501136 -52.58657284279703 0.03987758002989247 0.9374693054996776 0.3457760544874556 -92.16077640695879 -0.17123312310226943 -0.3345205443312825 0.9267012587522181 -270.22119684845507
0.9907055374243686 -0.07598359979912508 0.11282300597954009 -42.5130552535239 0.033007948645883176 0.9389356417141876 0.34250596497719193 -91.12775865410246 -0.1319583776911632 -0.33559850011633413 0.9327168022914475 -272.4663198371306
0.9954386333519396 -0.059423691560290204 0.07463747123107912 -31.336237039750245 0.030552129418392925 0.9396859521386604 0.34067121795253136 -90.55887406174266 -0.09037972459807807 -0.3368369579404951 0.9372152202919929 -274.2873142841264
0.9983928998025879 -0.046075725379063105 0.032994623116088265 -19.163608463779745 0.032039020985386156 0.9391500121873301 0.34200987667439636 -90.95778664213339 -0.046745253856167374 -0.3404031171116548 0.939116925149681 -275.3935999308455
0.9993416996397583 -0.03475764098700049 -0.010395852737405575 -6.479761245070169 0.03620804938129876 0.937645584318599 0.34570180122156513 -92.08354059479917 -0.0022681536809638107 -0.34585063915056147 0.9382868382738978 -275.73391322929467
0.9982402295056101 -0.021441504095487632 -0.05528748591417554 6.695509122072703 0.039507343678037744 0.9357598582733612 0.3504178326508577 -93.50136359544175 0.044222324589424086 -0.35198543939535665 0.9349602325562116 -275.3687832419071
0.9952363710657832 -0.0027054872582387354 -0.09745381494075098 19.13800810040255 0.037430439896807145 0.9336079748115899 0.3563356725579595 -95.22270137746308 0.09001959718273647 -0.35828596080072317 0.9292618804277729 -274.3232140669337
0.9898225327018579 0.01777764186509136 -0.14119245449171833 32.08826593244263 0.034721787610533114 0.9320100546862399 0.36076537448718826 -96.49865079326612 0.1380063448570696 -0.3619961511031142 0.9219072813280752 -272.7895563995431
0.9822218176215881 0.04025169437046532 -0.18335785254100886 44.6228766234579 0.030105195695998073 0.9303247276198808 0.3654990812178604 -97.85449700354269 0.18529430153204754 -0.3645211959259724 0.9125734598049899 -270.6668246509244
0.9721300655521834 0.05689787245556073 -0.2274329961978656 57.685689374650345 0.031899366848142416 0.9289787671029052 0.3687558550947414 -98.8313767893564 0.23226184801683475 -0.3657336221650903 0.901273183653995 -267.9485736034669
0.9581488130822716 0.06584966260705585 -0.27859410245655075 72.79406487852842 0.043145226585190204 0.9288506700203205 0.3679333121989829 -98.69731315068334 0.2830006032006766 -0.36455487205266995 0.8871360683969031 -264.43357422147415
0.941326769520485 0.06673275452718172 -0.3308332698767502 88.17431639064391 0.06064508382569169 0.9308558451481568 0.36031870526144705 -96.62207460771316 0.33200314274401466 -0.35924105420556496 0.872192512110355 -260.6257599907649
0.9232598281743751 0.07661959575643727 -0.37645813475809414 101.72926600675552 0.06778701657192411 0.9320455211626448 0.35594390971743206 -95.40161302781013 0.37814839688104046 -0.35414768674491426 0.8553263739120437 -256.2378464377172
0.9036838550777606 0.09725640032805946 -0.41700921172921973 113.90495726584943 0.06428978909516375 0.9320094480341926 0.35668643343011935 -95.5736739085184 0.42334656381019126 -0.34914120548887934 0.8359892975031892 -251.09672595799478
0.8814048428712118 0.12072205583847873 -0.4566745977140678 125.87864894223904 0.06033344088266449 0.930099506075632 0.3623186231883801 -97.19369137303181 0.46849266683101076 -0.34690213898446426 0.8125106319880195 -244.76973209456102
0.8561073481661599 0.14112924959318696 -0.49715464729314307 138.10365864963418 0.059419064786871895 0.9287306057023625 0.36596288988308123 -98.25312747432532 0.5133708047364586 -0.3428439833816348 0.7867073279837009 -237.7487889057271
0.8266246608128399 0.15172140313452073 -0.5419153863537642 151.54504274644646 0.06784907163802123 0.9290766227326781 0.36361123823322555 -97.64214352781723 0.5586485242206551 -0.33733847234273934 0.7577034917852438 -229.822916951405
0.7956030497858682 0.1545127586328292 -0.5857828903195266 164.6625953315663 0.07982857781486476 0.9317587575604103 0.35419347237567333 -94.975498054748 0.6005357485907741 -0.32855962187882104 0.7289755754038435 -221.85834940557288
0.7631485584447789 0.16970905684731852 -0.6235407875733948 176.1672690188284 0.08054855352708479 0.932394487827615 0.3523527346188387 -94.45256282618041 0.6411834435388598 -0.3191227899926187 0.6978856902380051 -213.28976028361657
0.7295522537358747 0.1789369384356354 -0.6601023262587304 187.26479442440126 0.081668477573699 0.9354690934497795 0.34384274744574994 -91.93453779423464 0.679031493260585 -0.3047608033581898 0.6678600780828052 -204.9071682385982
0.6969563201987595 0.19530983646348293 -0.6900043155775274 196.48603632542864 0.07874583923055939 0.9355339444977371 0.34434768983743774 -92.04628673564874 0.7127769500614335 -0.2943302676809045 0.636646458395873 -196.18910088081856
0.6660015451275514 0.20826396200140243 -0.7162876964036117 204.61039895890832 0.08003120313575154 0.934743266295478 0.34619363460338964 -92.6032146266427 0.7416447589057434 -0.28789086169369743 0.6058728442015718 -187.60710707574023
0.6378759274862117 0.22435404286792832 -0.7367357494939558 211.02067449743342 0.07893049933693393 0.9325445717053154 0.3523217252134365 -94.40363354767132 0.7660837274136733 -0.2828884678309913 0.5771393569669346 -179.5724821310693
0.6113723234775583 0.23362085789402892 -0.7560722034584461 217.03700674303647 0.08134303681301225 0.9318154011303986 0.35369954562909933 -94.84349140039025 0.7871513148357746 -0.2777433221034348 0.5506827167973033 -172.18697642891556
0.5876645159806018 0.24079843164722975 -0.7724419278971847 222.1477427408802 0.08119639606379637 0.9323164894814485 0.35241042650188337 -94.46120412967659 0.8050202245431702 -0.26981860343056896 0.5283373537042798 -165.94868805199627
0.5662077606914391 0.24948025426255796 -0.7856006456628427 226.30770247853442 0.07595661477484253 0.93324742835737 0.3511122756844334 -94.01099397513202 0.8207553620931952 -0.2584740609760383 0.5094622610143199 -160.67531222163186
0.543579981541761 0.2510548099366606 -0.8009321357485452 231.05834003732417 0.07579331851715988 0.9356408929818194 0.3447194399048885 -92.1086509134645 0.8359283321763985 -0.24808789125600408 0.48956738216197976 -155.1143261139643
0.5213178214924687 0.2569698393781992 -0.8137531755048879 235.1203266203464 0.07558823810498912 0.9359310557860769 0.3439759832827617 -91.88671770316523 0.850008321873692 -0.24083097903945372 0.46849364166482377 -149.23843670196376
0.5011221805911042 0.2587583145038196 -0.8257848962016433 238.88601433577765 0.07913798926841657 0.9365477700048599 0.341490048395961 -91.19099729885397 0.8617503923841104 -0.23647919395597192 0.4488472480162546 -143.78260104837466
0.48219799834532734 0.2660571626212842 -0.8346847767928149 241.78959286295895 0.07961869685386083 0.9355168673687726 0.34419333808168245 -91.99811248178518 0.8724367905487782 -0.23242585287878342 0.4299212362869708 -138.5409734723315
0.46459585421614624 0.27588823806436663 -0.8414489719186238 244.0861867810656 0.07839184982538301 0.9336838411750104 0.349412653762901 -93.53539978894663 0.8820461496577852 -0.22829841179127316 0.41215825243158516 -133.65041615675977
0.4486228183275969 0.28100905467966153 -0.8483934688950917 246.36534654962358 0.07557585122340829 0.9339534664682135 0.3493124864413873 -93.47533652062191 0.8905199928062598 -0.2208276107284824 0.3977553378048981 -129.68725455834095
0.4343095736783858 0.28384362122445755 -0.8548730858446097 248.4736892514002 0.07317178708682705 0.934799863546451 0.34755590152960514 -92.92731755954654 0.8977867696651688 -0.21349944684641042 0.38522318519328236 -126.26935552871448
0.4206119335452286 0.28511656910994004 -0.8612747200390367 250.54420610166943 0.07153122686791363 0.935956896541547 0.3447723472076712 -92.0813304553606 0.9044163227972588 -0.2066234009866566 0.37327990198052724 -123.03399958835251
0.4107950266481632 0.2894561809395282 -0.8645591740286134 251.68689597207612 0.07022099381277758 0.9354030211407531 0.3465403296424496 -92.58493687980284 0.9090195037011477 -0.20306724836037665 0.3639330083054632 -120.56577214066891
0.40465116221575587 0.2962302409308617 -0.8651618815432645 252.02063476609305 0.07002734385945285 0.9332631760202208 0.3523010295140228 -94.29942260969909 0.9117859441938265 -0.20314400961557805 0.3569018118865158 -118.79992496113388
0.39929288290831116 0.3013872744646391 -0.8658700274576698 252.36453951429806 0.07050651339983578 0.9315328827584475 0.3567566676432764 -95.63771760811976 0.9141083224798734 -0.20349987501350641 0.3507046843749293 -117.28070990817704
0.395854517859528 0.3026887070053994 -0.8669940872587311 252.77194408609867 0.06770105886261706 0.9319273208056582 0.35626961049866246 -95.45283716506684 0.9158142646405335 -0.19972735262699415 0.34841529428762347 -116.87672984448692
0.39231024139446796 0.3018460145755648 -0.8688968051396336 253.38943591954592 0.06603555269294617 0.9329449637310431 0.3539110063694263 -94.71626323183504 0.9174595251440533 -0.19622099310147956 0.34607129552841814 -116.45319677163364
0.39144720885103823 0.30282172345770575 -0.8689465383352628 253.42607380542844 0.06618366695398711 0.9325906596691433 0.3548159857255533 -94.99297075442728 0.917817413711058 -0.19640179556199863 0.34501815863627744 -116.42106144262135
0.3910402468345783 0.3018945527228641 -0.8694522438822122 253.5737243846196 0.06701692929901343 0.9328258247215871 0.3540405512364675 -94.77426987099771 0.9179304203167488 -0.19671212410208117 0.344540394857213 -116.56555768947331
0.38952167281778444 0.3041416754554207 -0.8693507391475573 253.5952780034035 0.06534946171678982 0.9323970265062672 0.3554788781567719 -95.17345304936823 0.918695985763822 -0.1952783301174014 0.34331335471839497 -116.48682089584
0.3889960563507706 0.30621684583055603 -0.868857474775428 253.4921263777178 0.06188078638054691 0.9323242838362535 0.35628948629750756 -95.3628186539668 0.9191587656223886 -0.19236078888069208 0.3437215304293937 -116.88045763585588
0.39070209657542365 0.3080977170080207 -0.8674258864629382 253.0657901189239 0.05850499431608168 0.9321081438583125 0.3574235216001972 -95.64454313975452 0.9186561039756084 -0.1903948658117046 0.3461513508581173 -117.839280063277
0.39465503984695777 0.3082563722465519 -0.8655780776410591 252.46882644689956 0.05736921162455341 0.9319395625817035 0.35804668027032516 -95.81099173411307 0.9170366258121718 -0.19096245878292015 0.35011022015160903 -119.27850416981164
0.3976736600957106 0.309907195283495 -0.8636047651429436 251.8686968320098 0.0587923108462057 0.9306899180175463 0.3610536534725219 -96.72843956487105 0.9156413731649767 -0.19435484766789463 0.3518907059536315 -120.10255356560577
0.4013965714051533 0.3109334489046095 -0.8615109882157466 251.2015771702634 0.0594340727021547 0.9297873830530737 0.3632671376788049 -97.39757668864938 0.9139739511967628 -0.19701729027575587 0.35473342648554546 -121.21313209161578
0.40457526471086425 0.30967518229774205 -0.8604766915222017 250.84051591080865 0.05759718485197407 0.9304244796938611 0.36192934653539155 -96.96361067899481 0.9126891143654896 -0.1959886962436055 0.35859031144674014 -122.61108488774235
0.4075208255262502 0.3084630724458178 -0.8595215586008822 250.5043715776641 0.057477380356640184 0.9306933367873975 0.36125650666372533 -96.75700751847108 0.9113852794014954 -0.19662259737076573 0.3615472675784344 -123.74872995677329
0.41096667974308454 0.30899743797211476 -0.8576869892143719 249.91771431607089 0.056513525418567745 0.9303626315530693 0.3622590168020842 -97.03264497139251 0.9098970324084532 -0.19734730080828805 0.36488550708129414 -125.0039116516947
0.4138791474531314 0.3082605457834433 -0.8565509250574438 249.53268555870818 0.060246744184470874 0.9295835423433803 0.36365473683083466 -97.51156258212886 0.9083360507646056 -0.2021135169097465 0.3661635497475597 -125.68877304340364
0.4161408587432983 0.3058570530752437 -0.8563166755170177 249.4063294645376 0.0636143602472569 0.929631530397788 0.36295789130503586 -97.3599143051904 0.9070722125909945 -0.20551564605740738 0.3674007626160893 -126.35364619938781
0.41822786281392466 0.30468219965083915 -0.85571853549051 249.1845730484907 0.06275574310559733 0.9301232687396757 0.36184585344630593 -97.0096495514707 0.9061717119141169 -0.2050352705388695 0.36988290898835985 -127.35269704979784
0.4195513970917216 0.3009128085187634 -0.8564041726122863 249.33236245820845 0.06166368036993418 0.9318278879776987 0.35762323429869086 -95.71904398300025 0.905634703244978 -0.20285036074991775 0.37239430100635146 -128.3413467347411
0.42104528981074113 0.2987060163524023 -0.8564435648208628 249.30121229021015 0.06042821922256099 0.932883115172398 0.3550739694033237 -94.91577379122901 0.9050244716303417 -0.2012555818384194 0.3747357689480685 -129.28557175912616
0.4220334090040557 0.29684090353414716 -0.8566056733838776 249.32144951772253 0.06255053419890164 0.9330896846872156 0.3541624923700194 -94.67697124668878 0.9044198319120647 -0.20304954646426362 0.3752274634469196 -129.7261379803685
0.4243105181148941 0.2975768918288222 -0.8552242850074872 248.87636147770095 0.06528807483655986 0.9319482083071249 0.35666511508314835 -95.4858833118808 0.903160036483682 -0.20717270689605127 0.3760072047396924 -130.2404101458176
0.42562544014525044 0.29698767324800207 -0.8547755884674642 248.7136637995314 0.06593165199347738 0.9319198011553731 0.35662094930043176 -95.47988142770951 0.9024943224012951 -0.20814371514236998 0.37706788762789006 -130.82239886557332
0.42699985377351335 0.29563089578802537 -0.8545604123366398 248.60132128147816 0.06572164510011959 0.9324013748592361 0.355398848515214 -95.10258755511661 0.9018601833115442 -0.20791837248347195 0.37870590190950565 -131.54661967406395
0.42662247219429883 0.2952367657997551 -0.8548850907220954 248.69669407418397 0.06439907371869708 0.9329045904700258 0.35431876098243437 -94.74879662583096 0.9021341505136576 -0.20621415373357427 0.37898508846252416 -131.86404425800333
0.4282907350144434 0.2986350827679589 -0.8528681806943921 248.1058052037441 0.06139216453454706 0.932016253187086 0.35717881506168403 -95.54589769520854 0.9015531312321814 -0.2053358009098265 0.3808400719858261 -132.66043405571986
0.4285252995195509 0.2983311569468969 -0.8528567221206651 248.09288276147362 0.061325460907408216 0.9321363126986333 0.35687684485420146 -95.45051215959 0.9014462022307117 -0.20523258840477013 0.38114869688942277 -133.01420760475
0.4292890811263559 0.30090457602572374 -0.8515675668744487 247.7212403400046 0.060356957627236044 0.9312023507273683 0.3594707493883297 -96.20653321497194 0.9011481135150166 -0.20571489524728814 0.3815933167414285 -133.39392880137842
0.42874918473310675 0.299739718858837 -0.8522501026864835 247.92097583702326 0.060658031244667426 0.9316762013236409 0.35818997631518307 -95.82571150654846 0.9013849010473922 -0.20526947368173326 0.38127379052094174 -133.56574351926184
0.429472504329142 0.30085176008078235 -0.851493738368962 247.69516693486955 0.0602059644614209 0.9312414356879632 0.3593948111771941 -96.17861519149172 0.9010708129045826 -0.20561519135053286 0.3818295211443957 -133.99143143187828
0.4267641414026757 0.29713735394009055 -0.8541555833139055 248.4993054804258 0.060552568614748434 0.9329752507645044 0.35481060848721285 -94.80167885394579 0.9023335048899565 -0.20314175925789207 0.3801679518299977 -133.77204085554126
0.424954880913841 0.2967360413843026 -0.8551965101256417 248.84651400784918 0.06191021747398025 0.9330050582377981 0.3544977944571833 -94.73674259436052 0.9030949419412267 -0.20359096995263903 0.3781140605609846 -133.45680884237726
0.425058858260302 0.29941015425674017 -0.8542122257041302 248.58033662890537 0.06094166862320545 0.9321006755910477 0.3570356334991401 -95.48180968284807 0.9031118867780825 -0.20381827712613992 0.37795109454724973 -133.67837518481406
0.4225687858964505 0.2963374493443677 -0.8565160461439553 249.28784896477967 0.0606985623667646 0.933661975439481 0.352974503533972 -94.24394528481923 0.9042960276992308 -0.2011453000557564 0.37654915024850605 -133.50154623012452
0.42132915472105764 0.2963740675663199 -0.8571138520968109 249.49811526367006 0.057503075107628504 0.9344628841353035 0.351386559968786 -93.69715345480762 0.9050829463287913 -0.19733608450490048 0.3766740368237095 -133.78818246162643
0.42001936879660134 0.29812192924355685 -0.8571505382018986 249.56622469408234 0.054072863295948834 0.9346034782800073 0.35155719853515965 -93.6782771966055 0.9059027846798365 -0.19400941650087944 0.3764312566967654 -133.95494962121006
0.42204921618678304 0.3004580477600497 -0.8553358525470224 248.99749958493803 0.053719687381094436 0.9335363469212574 0.35443488000560947 -94.53643836401987 0.9049799192820797 -0.19553733790029199 0.37785777110318575 -134.5985949543517
0.4219815440114433 0.30335289005130206 -0.8543468854108622 248.74801409308634 0.05502673644921659 0.9320516813287769 0.3581224952553925 -95.67603873709668 0.904932944913305 -0.1981330043928139 0.3766160880536178 -134.51419248310728
0.4221692506087364 0.30498466833079374 -0.8536729326408409 248.57471110504596 0.058325121247107925 0.9306169182909945 0.36131749420984643 -96.71756083795155 0.9046387699363586 -0.20232771306404856 0.37508957923981834 -134.35448396035883
0.4232975389752138 0.3072954864531705 -0.8522843876917121 248.1705645431962 0.05987746737358811 0.9291751648882581 0.36475773035784054 -97.79420510991467 0.9040098906530019 -0.20543368019968755 0.37491748510993755 -134.57769509853253
0.4248146243785877 0.3118396772085634 -0.8498756089172922 247.4798767195512 0.05963094508982139 0.9271202628174652 0.3699894169580651 -99.37847737959036 0.9033142782563409 -0.20785580095761869 0.3752589515341275 -134.92517678489457
0.4251797766990441 0.31368165437659223 -0.8490147096450775 247.2501065112947 0.05958397230054527 0.9262897508533224 0.3720712938523715 -100.01372484493703 0.9031455628695957 -0.20878485857852347 0.37514927042086477 -135.1572051944604
0.42525343213796524 0.31468071766658806 -0.848608015743265 247.1393140241354 0.05949938746133593 0.9258632765462187 0.3731447655197989 -100.33959658647274 0.9031164605667458 -0.2091727493531148 0.375003226094726 -135.34445467437143
0.42433831125991067 0.3155317505310162 -0.8487500880729969 247.22947767806383 0.05892775276259077 0.9257141178640416 0.3736052621973499 -100.46835259077618 0.9035842614562509 -0.2085499613858323 0.37422238849984607 -135.36881429676362
0.4240324978457018 0.3188473664446665 -0.8476631392729281 246.96478652237496 0.05677629350274313 0.9247750968092403 0.3762545319561621 -101.23229416683334 0.9038655283098396 -0.2076713201979532 0.3740317225856838 -135.5461607038164
0.422456803480631 0.3183550270503429 -0.8486343888534701 247.298168071753 0.057591186333347005 0.9249665987139457 0.37565948213810885 -101.08276110173769 0.9045515488072778 -0.20757376523860094 0.37242398893603107 -135.31799841950402
0.4209342064646222 0.3229404116953989 -0.8476578816491978 247.1226077959275 0.056371780897320645 0.9233598425329267 0.37977470099525257 -102.31097106669553 0.9053378464123012 -0.20764414677899132 0.37046901646691244 -134.99148719894956
0.4192640223555678 0.324907740319436 -0.8477338260555303 247.23878785021495 0.05733641251288424 0.9224267497508564 0.38189190505197085 -102.97139657007854 0.906051993738981 -0.2087195525689654 0.36811130520133256 -134.55438427776912
0.4177354690025386 0.32791704804824384 -0.8473296215384866 247.22624971839673 0.05919348418691203 0.9207944233665575 0.3855304933813443 -104.12583038685808 0.9066384115881275 -0.2112061540210765 0.3652379377016884 -133.9840797000967
0.41597295865870676 0.3298211777293899 -0.8474576617070143 247.3702486450512 0.05814475724774687 0.9203568771156445 0.3867329905122387 -104.45153668435306 0.9075162174139494 -0.21014568629200298 0.363666200881441 -133.75782975818638
0.41492064652870053 0.33219483472812916 -0.8470463085712352 247.33817591615548 0.055890765920126456 0.9199019379187418 0.3881451363835507 -104.82112395180826 0.9081393501930564 -0.20839149789109562 0.3631196830765839 -133.82205907590634
0.41876675161312926 0.33440692279543516 -0.8442786374946812 246.4505334678407 0.05514834285580869 0.9186449319116843 0.3912162437236407 -105.72755713516436 0.9064177116670028 -0.21038892332883105 0.36625596639084174 -134.9624305689315
0.41288946199955145 0.3338776567445727 -0.8473771312092829 247.57422469221234 0.051016910227524415 0.9204460044590062 0.3875260349270588 -104.464393596597 0.9093511791604812 -0.20323597910361385 0.3630090491396017 -134.23954694232367
0.41221896660571977 0.3312150314992718 -0.8487473867290839 247.99553901389672 0.047704202940911294 0.9224545266528935 0.38314743282365693 -103.01366781344801 0.9098350579046101 -0.1984294563982946 0.36445290263790253 -134.87356652704506
0.40875084844446635 0.33227700098349433 -0.8500086696695182 248.53609073586952 0.049553861235364455 0.9219130190959841 0.38421452348654633 -103.38978119055413 0.9112997085111985 -0.19916922412547217 0.3603671203490439 -133.87298322596908
0.40988046143876017 0.33980858065011166 -0.846479849640442 247.54177878005598 0.05138732569790039 0.9179396510704139 0.39337785874441955 -106.25525539455009 0.9106905896562052 -0.20473623399213722 0.35878367354486723 -133.67573047936608
0.4090204034722966 0.3357665028702166 -0.8485064319695312 248.13322180185952 0.05477057989212872 0.9191347838135011 0.3901172038790252 -105.31692549116627 0.9108800651686477 -0.20603908545325528 0.3575547540502664 -133.5749398478399
0.40767810856459386 0.3343960949865856 -0.8496927747456241 248.51630342666041 0.053897250012747894 0.9200975180592578 0.38796345665830084 -104.62471537402448 0.9115336780603659 -0.20396031211712823 0.35708058592259684 -133.6370621492992
0.40624291734897666 0.3344567122854154 -0.8503560429085122 248.76530662437304 0.04903431796148697 0.9212868089333811 0.385780055663068 -103.80586929741415 0.9124485343107547 -0.19841704385606312 0.35786638420166933 -134.03548526214297
0.4113265483326035 0.3351235010701591 -0.8476453914622939 247.77773190721544 0.04923978153179201 0.9204301296153357 0.3877935280674469 -104.42304337371867 0.9101570823497929 -0.2012476472577392 0.362095940217143 -135.4121864843053
0.4103085230744357 0.3325592970973592 -0.8491473545896412 248.2194336138508 0.05805134411491525 0.9197237657499657 0.38825022364598116 -104.80405185185691 0.9100972241134061 -0.20859652113305502 0.3580649857669135 -134.50970312194568
0.4123180963340165 0.337583527551032 -0.8461862379888334 247.3516340410697 0.06707866602123952 0.9150432423567894 0.397739006362194 -107.96138698412112 0.9085671356593876 -0.22075603399086513 0.35464423505298986 -133.8169775790516
0.41501887042358465 0.34397633158104984 -0.8422823876256558 246.1906034942128 0.07092636063899416 0.910726013624936 0.4068753856813414 -110.87095400384428 0.9070439838060993 -0.22860098735324097 0.35357149209499933 -133.7510473935459
0.41682541606650925 0.3445992843244057 -0.8411348915388595 245.7977758525142 0.06649627669950331 0.9113154128660336 0.4063034130522582 -110.57031179352026 0.9065510563151336 -0.22528992768412498 0.3569448567748206 -134.89408915659436
0.4167434832247813 0.3427645860389109 -0.8419247637094721 246.0265077945713 0.061467188263781475 0.9134397511884228 0.4023053637670981 -109.20081441556721 0.9069435781550147 -0.21940888657118301 0.35960128828603 -135.8251931441106
0.4195910992108294 0.3425291742848452 -0.8406051833213916 245.54900059254106 0.057095156146328374 0.9142761095689217 0.4010478009117413 -108.68567572164928 0.9059158087856037 -0.21627057181979115 0.3640653611057583 -137.28159495631076
0.4212357160156457 0.3430613593773517 -0.8395649916801854 245.2042881386078 0.05492685062263866 0.9143514111694395 0.40117893510643465 -108.66416792492596 0.9052864257424081 -0.2151055568659677 0.36631419133295573 -138.1224012797629
0.4221967039155589 0.3423298436264358 -0.8393808559679795 245.11659574233505 0.05572001622006248 0.914402607127027 0.4009528050428528 -108.61397856249287 0.9047901541215365 -0.21605126762413593 0.3669831423413481 -138.5134086889863
0.4229514297562061 0.33793680128624726 -0.8407798798755833 245.451947078219 0.05615836939968161 0.9162980137833023 0.3965402722084401 -107.27156438294494 0.9044104851302587 -0.2149341021643479 0.3685715752920397 -139.14391020197004
0.42368540537749705 0.3338398007866292 -0.8420461179061688 245.7556803063811 0.05867571739945615 0.9175388776262748 0.39329323440910424 -106.35112588146939 0.9039069849590525 -0.21604026350441985 0.369159541509055 -139.52108944921596
0.42295920093151357 0.3327065372612692 -0.8428593443813688 246.00231236632663 0.060881518436846443 0.9176199575917834 0.3927684485063396 -106.25029455672326 0.9041011862950956 -0.2174395858459744 0.36786012483949887 -139.33165983290138
0.4230174650446713 0.33328877503350013 -0.8426000336481414 245.9253365968691 0.061778942421339855 0.9171252519363882 0.3937824710851373 -106.58631756637702 0.9040130455587911 -0.21863180166042898 0.367369771160113 -139.37130474969652
0.421317652008792 0.33223472700635504 -0.8438670050883676 246.34373807485778 0.06237994876073624 0.9176628477691852 0.3924329749355389 -106.18856309755836 0.9047652613238455 -0.21797932010895466 0.36590277111062103 -139.13464286818635
0.42144548496763357 0.33267780480393777 -0.8436285802361305 246.26937330512976 0.06183057891587235 0.9175746376382943 0.3927260672197368 -106.25850450032904 0.9047434347434218 -0.21767467136482885 0.3661380268899824 -139.36920562122597
0.4217861649070268 0.3350397112437703 -0.8425228916668753 245.95385458779182 0.059286760291808405 0.9170440461185804 0.3943542792116812 -106.68040027033899 0.9047549453565445 -0.21628363176198517 0.36693307221443255 -139.76284333564772
0.4212827437436702 0.33798520779687813 -0.8415977953478172 245.7294624822928 0.057981984173762935 0.916028305043762 0.39690078592757466 -107.41803042169587 0.9050739966075033 -0.2160049621401186 0.3663098647262551 -139.74827829276143
0.4202068139712214 0.33733928922947587 -0.8423944666451145 245.99660650429007 0.057763391727385816 0.9165049606182202 0.39583083222298776 -107.08062243548603 0.905587999074802 -0.21499037444580282 0.36563576798140196 -139.72938106182
0.4216314068666354 0.33446410970723406 -0.8428289957407784 246.03767231083648 0.058499563125530285 0.9175180041057363 0.39336816502603306 -106.34264289325338 0.9048783110771215 -0.2151615008768381 0.36728840259752626 -140.37125977193497
0.42315915911869256 0.33446296600124786 -0.8420634479821629 245.76364785134237 0.05912589119949874 0.9171987080911679 0.394018602182381 -106.5582956749904 0.9041241369656192 -0.2165203321850872 0.36834561312255837 -140.8622345159293
0.42469049622548766 0.33381813236388114 -0.8415482380237268 245.5530164865937 0.06086129655914971 0.9169100864715518 0.39442590674025224 -106.73291489363477 0.9032905872402789 -0.2187266509408976 0.36908639526713855 -141.26305161437574
0.42577638062857365 0.33347127874222626 -0.8411369567156447 245.39045492381752 0.06394792272566996 0.9161947577350797 0.39559806505824846 -107.18698018673935 0.902565862903037 -0.22222527343392529 0.36876929233507694 -141.3637081664222
0.4265685498079519 0.33334514894947653 -0.8407855160423446 245.25604956226866 0.06588297052170278 0.9156827787582731 0.3964649831709776 -107.51012520482365 0.9020524965377442 -0.22451294028937047 0.3686397063972413 -141.50635814344977
0.42774356140646463 0.3351356931434626 -0.8394757369076041 244.85071007806144 0.06470773914194564 0.9149901772128377 0.39825354248161826 -108.01882296754279 0.9015810302853827 -0.22467096560363797 0.36969528404386903 -141.97308366362338
0.4283566706391304 0.3344341710361413 -0.8394428795113629 244.8123584738298 0.06397875916711288 0.9154317043757421 0.39735565051872646 -107.71574241537415 0.9013419335049246 -0.22391645733865273 0.3707345937979233 -142.4299719774912
0.4296261152019546 0.33175891506371236 -0.8398555967618633 244.85423679350382 0.06382319635406389 0.9165835810503589 0.39471652936765983 -106.8969438386643 0.9007485779859037 -0.2231827977794178 0.37261432880623907 -143.1272021867343
0.4296660346718344 0.33243969660223627 -0.8395659275913923 244.77806761798752 0.062121954804957275 0.9166790863081342 0.39476615287597133 -106.85459088449052 0.9008484674908386 -0.22177308413848834 0.37321406427291853 -143.4582793488609
0.4293573903625544 0.3358604229045479 -0.8383615017803687 244.4801428375836 0.06031921236836804 0.9155426920851654 0.39767219111814656 -107.69265294847035 0.9011180965668799 -0.22131279966560047 0.372836184863885 -143.51686916912118
0.42748432831881517 0.3379705208135874 -0.8384706769486957 244.6013571290387 0.06027231775784336 0.9147696802266394 0.3994542274781301 -108.23755224406194 0.902011306333745 -0.22129699319928545 0.3706794356948419 -143.05410648264618
0.4252657067854958 0.3373747603007918 -0.8398376925002926 245.07100426273743 0.06020049978993364 0.9153280954231232 0.3981838489367946 -107.84046872840483 0.9030642161315412 -0.21989258477961726 0.3689475202541195 -142.70356747030954
0.422915599922625 0.3368258046775556 -0.8412435869861971 245.55920170691 0.060517034938915304 0.915780853776974 0.3970933345420427 -107.51424379177124 0.904146052263841 -0.21884653334890575 0.3669143101827428 -142.2624641890307
0.42145610066817585 0.3371050049131924 -0.8418639859692613 245.79684420267486 0.05948166558898907 0.9160646702980662 0.39659482004995306 -107.32545324970498 0.9048959535042335 -0.2172227784882871 0.3660294767330801 -142.15581563144872
0.4191642046143006 0.34123487695559773 -0.8413442388934262 245.7721260366943 0.06059104216442798 0.9141022342017069 0.40093120486796274 -108.69478833334416 0.9058863588659944 -0.219033933847123 0.36248315911772355 -141.2998026511831
0.4143355267073173 0.3432665997374075 -0.8429081283348077 246.4311890774794 0.06298054136349687 0.91311205025761 0.4028148893522989 -109.3518141988889 0.9079424666341644 -0.21998732958755252 0.3567156460028165 -139.8072015945641
0.40880683314731503 0.3440156808126207 -0.8452988729006399 247.33529495480346 0.06675754071304082 0.9124784153205616 0.4036416385013108 -109.72941832218825 0.9101760290899832 -0.22144153388446625 0.3500617704647064 -138.04604892845438
0.403664095720944 0.3434487602317118 -0.8479966078476334 248.30334276425393 0.06861427170758763 0.9128916979608738 0.4023938736016621 -109.40418747896942 0.9123307402164141 -0.22061662876903287 0.34493611519636047 -136.72154340276518
0.3993217160927945 0.34341927992985843 -0.8500619772870465 249.06358162693041 0.06925034715687403 0.9132474802330328 0.4014765612917752 -109.14212797803117 0.9141917503868421 -0.21918539645805246 0.34089764666856875 -135.70103946517196
0.3947104890567235 0.34616144374225194 -0.851102746262096 249.56899772951672 0.06690127322385386 0.9130276063764406 0.4023739673929397 -109.33712726774498 0.9163666566771346 -0.21576108282261425 0.3372229317077704 -134.776249318625
0.389866369009639 0.3498933832100179 -0.8518091539195193 249.9914588163987 0.06626313036413484 0.9119462601574517 0.4049237164444468 -110.10044520175636 0.9184843013735103 -0.21430968006761772 0.3323521463143118 -133.5128061919341
0.38435735615483557 0.3508896213430166 -0.8539004019225074 250.81837983972804 0.0671014350183606 0.911886115208753 0.4049211161546973 -110.12617805012768 0.9207425374056213 -0.21293235198823957 0.3269449392307745 -132.10351763004564
0.37913233996779294 0.34971563010711393 -0.8567132815880293 251.81895647581837 0.06715840333653994 0.9129929352906887 0.40240980227944095 -109.35036042167091 0.9229021712250071 -0.21010206607284093 0.32265880459099683 -131.0068649050229
0.37392765104848624 0.35034080328860684 -0.8587429378646761 252.61269494785572 0.06453546323795831 0.913837658502306 0.40091882954992875 -108.79863552050905 0.9252098603916971 -0.20533400949213546 0.31909976305202736 -130.10850217985433
0.3700282187452517 0.35338132542531886 -0.8591861010123832 252.92093508759123 0.061767304097446296 0.9134256410542669 0.402291434670358 -109.12522574965129 0.9269648954932165 -0.20192879216507542 0.31616585112564577 -129.40405156039478
0.36588220688027745 0.3579651432426397 -0.8590641227007995 253.08942838350055 0.06005189286589452 0.9120641382802475 0.4056264017865855 -110.09467302226572 0.9287216918171132 -0.19999990971594414 0.31221155529860395 -128.4152111661037
0.3607788017912547 0.35882918136728065 -0.8608601946758565 253.81496575231768 0.06362756506040951 0.9114044070916916 0.4065630820651639 -110.50608463376481 0.9304784732289886 -0.20145377964468425 0.30598396285478935 -126.7955123313718
0.3563133491866952 0.3626372288908432 -0.8611242868562762 254.10537107006175 0.06554963465225094 0.9096407196872363 0.41019142663376496 -111.69521929789587 0.9320643983053513 -0.20260306342515444 0.3003463935232555 -125.35503455929928
0.35247550932324423 0.3647243000683026 -0.8618220235448885 254.47764055804998 0.06615926421075732 0.90891005356458 0.4117104155693946 -112.18505321294607 0.9334794947326966 -0.20213534937986266 0.29623864272689016 -124.34156938080493
0.3486501840824773 0.36768506102097553 -0.8621199133770522 254.74419018396767 0.06364633550683652 0.9084255972662726 0.41317318185957663 -112.5466117113047 0.9350894038089651 -0.19892367916720496 0.29332094495752764 -123.65823918382722
0.34548055135968725 0.3706502588483768 -0.8621261939228141 254.90028301819726 0.059996772858035896 0.9080904389178969 0.414454028804791 -112.81593059738397 0.9365060468992327 -0.19491059581647308 0.2914897661319171 -123.28812277612244
0.3437688497246417 0.3738689262865877 -0.8614203410161099 254.79355826011647 0.056325687652444945 0.9074664697941108 0.41633162636279986 -113.2656151258863 0.9373635339981368 -0.19164193736426494 0.2909002801198294 -123.2845799851882
0.34228324568199875 0.3769697100103675 -0.8606602218414047 254.66460692421182 0.052966920336381035 0.9067909948094437 0.4182398798328289 -113.73648062554633 0.9381027049718361 -0.1887430249497955 0.29041244025923707 -123.31940785218174
0.3419110830225509 0.3791592217327887 -0.8598459721841651 254.46386701295415 0.04998319984839342 0.906357595199389 0.4195445022370048 -114.03121978407107 0.9384020945411735 -0.18642476820252865 0.2909421158261066 -123.65830211336447
0.34208938365800146 0.3813618855987867 -0.8588003061253682 254.17678446814972 0.04915693022594789 0.9054263260271997 0.42164767798204233 -114.65159820673725 0.9383807594997085 -0.1864571810079318 0.290990154217158 -123.88263864346433
0.34305996298834074 0.38289070869948816 -0.8577322233576411 253.84307359682558 0.05059249698860527 0.9042904873539145 0.423909322532164 -115.40211393756341 0.9379500312078978 -0.18882113142554785 0.29085446409549864 -124.07599521077707
0.3446174720027463 0.38669377172157643 -0.8553985766309046 253.14199238347865 0.05153035069312628 0.9020504623495176 0.42854356410108974 -116.87312480652199 0.9373278086922844 -0.191762588339756 0.2909358842861387 -124.34063343724283
0.34681106371775816 0.39012806950588774 -0.8529491048512604 252.3761202303542 0.052415887483804574 0.8999077268363639 0.4329187659590348 -118.26499283768925 0.9364692524702786 -0.19484910203492753 0.29164904699645455 -124.79300072875357
0.3491583429202293 0.39469067360611604 -0.8498868887902379 251.43867758367384 0.04853709640679971 0.8981330432413541 0.4370368255770002 -119.40164506836253 0.9358058569177673 -0.19384609566966948 0.294433505824369 -125.81662794504268
0.35346985520404856 0.39890808181956616 -0.8461272975865176 250.21181485407342 0.046373960496872896 0.8959330154338851 0.4417617996651368 -120.78971658406319 0.9342957332931922 -0.19538775323591878 0.29818636560975803 -127.15117171334893
0.3577080122456127 0.4001395825177144 -0.8437613954654727 249.365216337477 0.04426622487540055 0.8952645269760426 0.44333049531206786 -121.19954546468657 0.9327837259035844 -0.1959330019187991 0.3025306256373308 -128.6462399173861
0.36319890919803954 0.4041899317215272 -0.8394742708697518 247.93249103412967 0.04157837118850735 0.8930733663110694 0.4479857156596906 -122.5508405416639 0.9307834288418897 -0.19761189610132682 0.3075577134662265 -130.3588798369506
0.36835571349708085 0.40341884589121824 -0.8375961455939575 247.1677829511281 0.039833769598588115 0.8932702490524119 0.44775164204881335 -122.41291066945068 0.9288311682612848 -0.1982964874566353 0.31297150657645717 -132.1730792406952
0.37353378411977767 0.4042278264314215 -0.8349086036565246 246.1780456714564 0.040215201672211875 0.8921548199661411 0.44993612298374713 -123.1083578420844 0.92674443601007 -0.20164236050421264 0.3169938623611922 -133.60625588477058
0.3780306552418806 0.4030914025258835 -0.8334327476810055 245.55572147781507 0.04239836165635344 0.8917540553947354 0.45052978105326186 -123.3760248512619 0.9248217139677526 -0.20565025138997323 0.32001995481061707 -134.76050500459877
0.3834022204622374 0.4038879554127609 -0.8305885002918867 244.5141267237791 0.04211901511029234 0.890730841039339 0.45257547148237115 -124.00214670801861 0.9226205752695766 -0.20850201028731413 0.32449681939178365 -136.3274312423814
0.39004778869408024 0.4075541355284391 -0.8256890147922067 242.83203544602003 0.03732234021503589 0.8889790905470618 0.45642438529398466 -125.02783587281215 0.9200379152272646 -0.20884396851186615 0.3315334543609188 -138.59286071329322
0.3955246593890223 0.40686036881309107 -0.8234226643130934 241.92656392724635 0.036900897693739304 0.8887665229246979 0.45687240174663535 -125.15159282159172 0.9177137721340974 -0.21108933657960616 0.33651556341094785 -140.28258742049096
0.39858925966120345 0.4072325347709133 -0.8217592498455923 241.3252757063715 0.04180912144651139 0.8870124513418294 0.4598487887647739 -126.2726158853524 0.9161760744783749 -0.21764782054644088 0.3365276017874012 -140.58909629857163
0.40084538256861907 0.40699901889875884 -0.8207769355244245 240.94601419636012 0.04941501366463663 0.884992933825753 0.46297479791346124 -127.54405596018852 0.9148120767119012 -0.22614001347380847 0.3346334690495327 -140.3467515090732
0.40280807109004757 0.409498032703105 -0.8185701063910177 240.24975296906055 0.05133680015978498 0.8828182105863018 0.4669009959365628 -128.85338630588953 0.9138436358666998 -0.23009425953179857 0.3345839818587313 -140.60297930169912
0.4049665612288692 0.4125140761288041 -0.8159866550882214 239.4370696348928 0.04807653482779958 0.8815992556221764 0.4695438204101679 -129.56129213815646 0.913066663001895 -0.22937935714013996 0.33718597158327956 -141.58864742321308
0.4058344075785171 0.41474020347174817 -0.8144255627432179 238.9854695155267 0.041014149990561355 0.8819462147969784 0.46956225753975767 -129.2879090076162 0.9130258885299726 -0.2239674927963763 0.34091390268594113 -142.8878241740939
0.40735645503493095 0.4215093088461711 -0.8101793758775876 237.75976299177873 0.03598917096681617 0.8790219435757092 0.4754210789242565 -130.9285462081917 0.9125598600171364 -0.22282352943171418 0.3429054922527466 -143.69665078288693
0.4091008924453359 0.4224484951787384 -0.8088100696218173 237.29933023033752 0.03308015703104508 0.8789288802363656 0.4758042945342651 -130.93267773780602 0.9118893370421824 -0.22140752563467148 0.3455959267426356 -144.71598598049627
0.4102049364547295 0.42239319889994376 -0.80827959001279 237.10490939632618 0.03308779964275818 0.8788015235455049 0.476038947701656 -131.0086746998562 0.9113929490746414 -0.22201771942160797 0.3465126615866383 -145.2373166200292
0.41145306300138473 0.42514059834363493 -0.806202113980604 236.48139397911717 0.031911223914650316 0.8772834533706029 0.4789106557912639 -131.8562401903514 0.9108721374238252 -0.2227761524090168 0.3473942071808148 -145.7309277596167
0.4125740885281048 0.4267478731565837 -0.8047787734722729 236.0504715494983 0.03666796302647454 0.8749788147550569 0.4827706849191703 -133.2713859060581 0.9101857403644009 -0.2286882736087884 0.3453456117444368 -145.43333563010424
0.4154700373245899 0.4304175125424695 -0.80132728206536 234.94976749448483 0.03801862571875633 0.8719730784173638 0.4880753370267782 -134.9974786176786 0.9088119894587444 -0.23324604050679854 0.34591480512394945 -145.8478969905386
0.4149213023558611 0.4313319607181515 -0.8011198739978626 234.95337786950967 0.03649156058366765 0.8718921086787392 0.48833647911036737 -134.9997952171393 0.9091252272693157 -0.23185532231712255 0.3460266328705619 -146.1382140203598
0.4173593288767664 0.43531428068056444 -0.7976920882364935 233.89208578471704 0.0341139912486432 0.8696746626799539 0.49244514079600366 -136.1951636386665 0.9081009999997922 -0.23273903438845647 0.3481165259956876 -146.9943522588129
0.41788484571577933 0.4351566172244773 -0.7975029618796715 233.83805839286606 0.034790070227473935 0.8695150511878181 0.4926796390875243 -136.28372699595084 0.9078336338419427 -0.2336285390178083 0.34821803373997984 -147.27594697450579
0.419527750501446 0.43772757285090297 -0.7952301795865484 233.14864930093236 0.03899025429697134 0.8665545674609696 0.497556973302947 -138.00032481426263 0.906904750582471 -0.23974518468279907 0.34647657899540135 -147.06030938419184
0.42124155522201684 0.43916826974678536 -0.7935280606265612 232.61438774103686 0.03951081393903458 0.8652260228093143 0.4998227936333547 -138.73758413340042 0.9060874393434729 -0.24189907048434653 0.3471172596728628 -147.50781613071655
0.4233155276249814 0.4409198467883609 -0.7914503476401483 231.94966176466966 0.03541925605237917 0.8648604753396872 0.5007612549867511 -138.84926245150822 0.9052896996941252 -0.2400125973846754 0.3504918154884392 -148.7145269026664
0.4247065426319946 0.4453922170367819 -0.7881942182283743 231.0170149839707 0.029850992127343046 0.8632516499740488 0.5038903720910888 -139.59209847617413 0.9048388093547886 -0.23753391719950803 0.3533332241174981 -149.7823874031323
0.42720936745348126 0.448007195496925 -0.7853545117607565 230.12231291841263 0.02679512074849638 0.8619533955548324 0.5062789403042239 -140.2096773032264 0.9037555963113422 -0.2373307748153923 0.35623015798982494 -150.87005732401428
0.4287381687876464 0.45120645751783295 -0.7826853233061315 229.3399779323009 0.026975495529731913 0.8595698261716398 0.5103058265160045 -141.47880381451114 0.9030259715343414 -0.23990091002216943 0.35635887544018585 -151.18579060873358
0.4293928783163077 0.4524561551713866 -0.7816042372574261 229.04462914428035 0.025817776512345708 0.858947522567712 0.5114123540654337 -141.76565206672703 0.9027486906482862 -0.23977610623728987 0.35714453714216143 -151.66373068884286
0.4289595774950938 0.45241896273758725 -0.7818636473392764 229.1859854236356 0.025161278368638518 0.8592209679659676 0.5109855558413384 -141.57916444676658 0.9029731950318827 -0.23886483701681868 0.35718762393291587 -151.9409972950903
0.42961498804393283 0.45510480899872985 -0.7799426740948602 228.6695937705936 0.023834108170166707 0.8576965379223236 0.5136035281457804 -142.35088993009205 0.9026975669268996 -0.2392410116645771 0.35763227063838277 -152.34114065211864
0.4291119181101759 0.4518776674217827 -0.7820930478026604 229.31343906684938 0.024877952124196245 0.8596230403805815 0.5103227566402967 -141.33214193996167 0.9029086605155097 -0.23844245035709147 0.35763270073329995 -152.62668385370384
0.43119344514394686 0.4449538929712029 -0.7849128907048638 229.9085146091713 0.02921624413456031 0.8625994810061677 0.5050431134532578 -139.86181984183762 0.9017863516063901 -0.24070348667533212 0.35894736042876024 -152.9599637804392
0.42984613399241506 0.44753601215796596 -0.7841835364973685 229.8049420671127 0.029348080787753306 0.8611301797847342 0.5075367017447969 -140.67959674206958 0.902425061290881 -0.24117697088581322 0.3570191556044204 -152.51500085371922
0.4291226476125942 0.4286838707444881 -0.7950370383004053 232.78610307124313 0.043261327127394916 0.8694349954820774 0.492149617704064 -136.3881580878428 0.9022096269055955 -0.24558690436300307 0.3545488140217978 -151.99296081075073
0.42954042038468226 0.4319849047331409 -0.7930221115066399 232.205040878529 0.044340634133447326 0.8670136507309592 0.4963076038212775 -137.7407442885369 0.9019583889628137 -0.24834728009155568 0.35326292340229 -151.72236822287164
0.4315137528183526 0.4476134913479419 -0.7832228568497779 229.39660384794107 0.037968795648971515 0.8584345409972117 0.5115158935750412 -142.2771959413903 0.9013069686214505 -0.250464171462132 0.35343096515189415 -151.88372983715328
0.42933852222189656 0.4448287870718266 -0.7859998622954877 230.31837502724062 0.03584719101373604 0.8612141666764239 0.5069764669215499 -140.75208963783814 0.9024319432692655 -0.24584041430985296 0.35380655513884574 -152.20577162734475
0.42713812737844264 0.4432110469161325 -0.7881097563354631 231.04198430039577 0.0330388562134456 0.8633905761434695 0.5034532222627589 -139.49877549730508 0.9035825662991426 -0.24108231149993872 0.35414384783884345 -152.39778317361174
0.42077077452468725 0.42031815364543235 -0.8039182825523932 235.73428794726195 0.04297878410121839 0.8759540247916014 0.48047619146902093 -132.65464965735399 0.9061483208741687 -0.23672176952593343 0.3505110902802295 -151.51054331661587
0.41873647522253965 0.4240457513658819 -0.8030223938762532 235.64858533076696 0.03881165034297712 0.8751161093278457 0.4823540722255267 -132.99926703835624 0.9072780280133858 -0.23314586838166101 0.34998511959896716 -151.60886423071202
0.4250167953571379 0.4363628853155918 -0.7930625170712585 232.46861377849677 0.03899688576858401 0.866492274769598 0.4976649281042007 -137.95003203590457 0.9043450483995036 -0.2424429212900614 0.3512569762319893 -151.88727216101282
0.4135783464951527 0.43679266461571387 -0.7988523765053466 234.8335819835888 0.03735239898900078 0.8685293621074013 0.4942282321428805 -136.74753866145087 0.9097020114301726 -0.23424114774141422 0.34288968357867383 -149.7399508605623
0.40301001084471544 0.432688169337324 -0.8064514116017514 237.6953603304904 0.03875638063905365 0.872320097713364 0.4873967481273418 -134.67088862731254 0.9143745808577046 -0.2276809066234187 0.3347843046506735 -147.2207608149966
0.40828449092267005 0.42382136355375744 -0.8085043143159162 237.7299251560111 0.04031660318136793 0.876451640111984 0.47979901422671695 -132.29777353108906 0.9119640047611156 -0.2284906438794529 0.3407545739672775 -149.16498836108815
0.40396706822095135 0.4294007348905116 -0.807728677631578 237.82164807768277 0.03948577891675625 0.873974101719195 0.48436571182058596 -133.69217277851556 0.9139209380774171 -0.22756159254060074 0.33610153308796337 -148.16220825718992
0.39953453746219036 0.42833375704839505 -0.8104951239505886 238.85693803152972 0.043233108108545915 0.8743390652672367 0.48338607480035 -133.5533186250854 0.9156981226027212 -0.2281696551262268 0.3308104544016564 -146.74480601025957
0.3939758509858111 0.4306518327835399 -0.8119864701829608 239.613318857873 0.04388545671308283 0.8736166877134529 0.4846317670537702 -133.97733172145416 0.9180724892562081 -0.2265676099285897 0.32528452561128135 -145.27225733907633
0.38882032708682407 0.4351467962755281 -0.812075131336528 239.95995756287508 0.04380271588848564 0.8717039274321988 0.48807129087877366 -135.06790184134874 0.9202717399360298 -0.2253431352192118 0.31987559470001503 -143.8614002755756
0.38152262818609983 0.43620405391496836 -0.8149641142590994 241.20035591141365 0.04405286880857251 0.8720706732419596 0.48739315303053854 -134.8593043012314 0.9233091729922897 -0.22185302391327155 0.3134986552584103 -142.09628657976253
0.3724614985723994 0.4369643404916495 -0.8187396394580518 242.79147859146414 0.04372535619127549 0.8729748370969597 0.4858014275622121 -134.3376856937729 0.9270170037853399 -0.21674201008165214 0.3060430946102466 -140.03355331286
0.3638302947465546 0.43720790160257705 -0.8224820772520861 244.3350625676129 0.04088265652745918 0.8746518578199238 0.4830245708112718 -133.32025125516316 0.9305676359190088 -0.20936422423238124 0.3003506227589352 -138.43668175777813
0.35879241412599605 0.44401731788953663 -0.8210460553341827 244.24569871638295 0.03589237949284946 0.8723995847032902 0.48747379591509143 -134.49871560454213 0.9327270450994658 -0.2043711966587003 0.29707351500312146 -137.56666774457088
0.34729775561606546 0.44272912202945464 -0.8266651035643588 246.48036371354135 0.03793272660268343 0.8741824443209163 0.4841137906459537 -133.5280848041859 0.9369873943637288 -0.19948929431961135 0.2868076781666309 -134.6446770984355
0.34012538788923 0.4448684190238689 -0.8284967171138363 247.40639809159796 0.03564328221666291 0.8742913964396757 0.4840910147321318 -133.40335155465803 0.939704356138687 -0.19418198646312457 0.28151212973371287 -133.16200451438658
0.33303973320627017 0.44826741431812067 -0.8295425615159494 248.11316466666923 0.034382668271665945 0.8734074835896237 0.48577484468852605 -133.87776403375736 0.9422857147534484 -0.19030421138321496 0.2754667655115507 -131.47695883171912
0.32259262189217985 0.45214757881361867 -0.8315627260006978 249.29660265953942 0.03537609700043157 0.8721577485334834 0.487944047441939 -134.61707074499017 0.9458765945205246 -0.18682459325792122 0.265356438196376 -128.5962630496991
0.3137963375678623 0.45702192443914985 -0.8322636716275271 250.01119387750109 0.03702632547669621 0.869980582220266 0.49169384558013424 -135.88793246487774 0.9487681011452114 -0.18510739353581523 0.25607487793160594 -125.97166221601101
0.30484489282592203 0.45945425794484374 -0.834248989315723 251.07748543443603 0.03771272883963961 0.869431787164774 0.4926115280329272 -136.20847846541744 0.9516550537886195 -0.18163191438681858 0.2477145661336036 -123.58997089464295
0.293057946121259 0.4638167597974949 -0.836056848274172 252.27039813715052 0.03703546618690931 0.8682865371484417 0.49467854577602777 -136.83615627922694 0.9553771058903952 -0.17593323374996597 0.23728059929706072 -120.57477164681681
0.28108380852395026 0.46762533998098665 -0.8380444105137494 253.5153624071832 0.0365192075269907 0.8674066481582949 0.4962580520378407 -137.31609456447956 0.9589881334340231 -0.17009482102185922 0.22673665736768245 -117.50850163179467
0.2726273471168996 0.474209636803299 -0.8371377126655355 253.7555500657092 0.03347245583928202 0.8648956583766335 0.5008343986003125 -138.6181875467596 0.9615372714066204 -0.16456220855388584 0.21992124774968558 -115.54865779138169
0.26328542721598663 0.48040401123056686 -0.8365959417838916 254.15115236370775 0.03733934655161794 0.8614678606625423 0.5064374573869908 -140.59901299203693 0.9639951021736538 -0.16457554812025788 0.20887396186725407 -112.39790084779338
0.257363204858354 0.4848540633344136 -0.8358712329379121 254.29240501771594 0.03541395862103161 0.859695652296136 0.5095775082928105 -141.507127634279 0.9656655903157287 -0.1607480099137461 0.20408342654156272 -111.05350979926122
0.2526835704554156 0.4909111063846193 -0.8337609362701828 253.9827199372181 0.03173677608053452 0.8570557958515493 0.5142452137271489 -142.81695985681367 0.9670283296087643 -0.1564022008332879 0.2009839827165012 -110.19868031680488
0.2521281740311171 0.4970484611266017 -0.8302856202243969 253.05991684938323 0.03328345622782167 0.8530425573819108 0.520778846379977 -144.9829568884331 0.9671212930141002 -0.15893779470914376 0.19853257166452223 -109.62663321774251
0.25118972889529617 0.5012372056568151 -0.8280489017943656 252.50255645104386 0.0344275696608532 0.850309489750569 0.525155704612807 -146.4332302953954 0.9673254170881455 -0.16042143031862785 0.19633263139318163 -109.10966763574535
0.2529405787740426 0.5062836783197784 -0.8244379301539002 251.41037357233728 0.034067919796999524 0.8469588392411419 0.5305658314215138 -148.1431894333823 0.9668818130723926 -0.16228851375957629 0.19698222724791764 -109.44208895704048
0.2571622494424344 0.5090904403451586 -0.8213978944524265 250.33042052252728 0.033511833765290905 0.8447751040908169 0.5340711380575033 -149.23073205795922 0.9657870026353608 -0.1648694849191982 0.20018371183261546 -110.54105009057966
0.2635999877603889 0.512122409638977 -0.8174629557345644 248.87334572199615 0.032099162325145786 0.8423088383309985 0.5380385345377293 -150.4371214731764 0.9640978634094916 -0.16806682722968036 0.2055938991171723 -112.30790182754914
0.26940843266843134 0.5158520619260688 -0.813213223339219 247.36831691479293 0.02452767217536264 0.8404859335953916 0.5412779218903545 -151.1041890455745 0.9627136073125783 -0.16577106392524038 0.21378134778389027 -114.83270567534487
0.2750161517656161 0.5178243454226168 -0.8100765788218235 246.176904396479 0.016967482991201488 0.8398209951930002 0.5425981943887962 -151.15738062082903 0.9612898734455569 -0.16296822794850843 0.22217816249656058 -117.4087557112709
0.2799177938246315 0.519410570154281 -0.8073776615143349 245.14722258889034 0.01586914412750301 0.8383790893561629 0.5448565616701259 -151.82620487394476 0.9598928059762777 -0.16532743916947315 0.22643462388215393 -118.81501849152328
0.2857854562624859 0.5193365429755885 -0.8053671387131507 244.24602539028638 0.019879656419010572 0.8370241416593017 0.5468047051189036 -152.6456015237587 0.9580874032412203 -0.17227925414765907 0.2288850941866278 -119.73599276280024
0.29055406206612605 0.5194139717492087 -0.803609023697834 243.48204709312628 0.023628443581594744 0.8356901029664958 0.5486927632635217 -153.42755882672856 0.9565667951956022 -0.1784129416706082 0.23054021031840627 -120.4085026144704
0.2961602254400784 0.5191262054382767 -0.8017462838669963 242.63455999829014 0.027367477465869622 0.8344465930680477 0.5504088521220236 -154.15838823169025 0.9547461139195265 -0.18495098308574798 0.23292271639146384 -121.29549005885502
0.30163434601080197 0.5183927921045596 -0.8001785015861616 241.87767774783154 0.025815719012017596 0.8345201174678235 0.5503723486816744 -154.06498787586472 0.953074115669148 -0.18666838681343156 0.23833724720643804 -123.03193761346722
0.3071048833222613 0.513509176001833 -0.8012458529075448 241.84921692077847 0.024793419711893888 0.8373287482162187 0.5461372114676404 -152.65720120237822 0.9513526564731978 -0.18758702932926602 0.24441609899679476 -124.95066371899296
0.31419075256619733 0.5137301867786179 -0.7983517183511868 240.62262264363892 0.021176864151572106 0.83693510044332 0.5468922911055116 -152.72153600890488 0.9491236544447685 -0.1887350863997898 0.2520780746813801 -127.34317229169068
0.32029627578359465 0.5137337984897596 -0.7959195185497351 239.5801696003661 0.019775956444876508 0.836373332861358 0.5478033950470497 -152.94333856379345 0.9471109793819569 -0.19119945702764596 0.25772768645701133 -129.1474107716993
0.32492501046631966 0.5123354232203272 -0.7949441185939489 239.03215309514013 0.020628091815965782 0.8365134105848047 0.5475580295638174 -152.9056016157857 0.9455147906836224 -0.19431347875385868 0.2612356265387238 -130.3299002732096
0.3286603788142248 0.5106199811252214 -0.7945121712556509 238.68241495077575 0.02336121772155289 0.8365922092561818 0.5473278075508564 -152.96486309813872 0.9441592073926179 -0.19844573638035057 0.2630260078551243 -131.00353756244172
0.3301107437610923 0.5110850394774378 -0.7936113527891623 238.34488002420818 0.025883681466405267 0.8355242856204849 0.5488435142844671 -153.5737829143226 0.943587267764484 -0.2017207241726148 0.26258678099255445 -131.01547692597418
0.3312722499752665 0.5138165910451795 -0.7913603522814594 237.6515428088057 0.025405590814455536 0.8335568891087364 0.5518491357017191 -154.51744503916308 0.9431931150892128 -0.20291728212766083 0.2630804520716625 -131.28574965197006
0.3318265014573909 0.5151861851739138 -0.7902369059570036 237.30623428439714 0.02177659944533869 0.833294037956436 0.5524009649003659 -154.51361274468962 0.9430890481005203 -0.20050995215252487 0.26529004210608204 -132.01925452220587
0.33196567298501367 0.5177813007214263 -0.7884803843995328 236.81629289450586 0.015081059516267092 0.832861930329887 0.5532753081884655 -154.46121852268638 0.9431709037091177 -0.19555952963331324 0.2686728805929685 -133.07837129151795
0.3326899396387193 0.5188469235618483 -0.7874739830455295 236.49418653659362 0.008776600918147637 0.8333013468615331 0.552749343369197 -153.9789625332593 0.9429954269981955 -0.1908054905634546 0.27267726240251594 -134.3127214397883
0.3332593279668729 0.5205863373338759 -0.7860840194943338 236.07266075169852 0.007710269157891914 0.8322122167908479 0.5544036237016993 -154.45639916679622 0.9428036763147357 -0.19082109842824635 0.2733286233127743 -134.6036427175946
0.334334617986914 0.5248533371082267 -0.7827830719566581 235.09315020825522 0.010627161325994727 0.8284269167126851 0.5599963456202777 -156.40019845117763 0.9423945175231526 -0.19554492627596448 0.2713940956432767 -134.18906946696583
0.33425498288519706 0.5260627602839203 -0.7820048456748073 234.885134480464 0.015871533726481757 0.8264690845009165 0.5627583378159636 -157.550740148029 0.9423490334443952 -0.2005163948575767 0.267901986852906 -133.3111830788164
0.33073602063842217 0.5233476996552999 -0.7853157771990622 236.0335033513801 0.021709677085593182 0.8277067429527645 0.5607407935859181 -157.19330366553382 0.9434735685609323 -0.2025061306134507 0.2623907248567822 -131.80504098989056
0.3295158705339816 0.5216352421742373 -0.786966304989011 236.5726404713673 0.023996604626188245 0.8286218866469693 0.5592941372265863 -156.84224688089435 0.94384503708641 -0.2031808137877243 0.2605265876564452 -131.3612994890463
0.3274780759538647 0.5229113210092308 -0.7869700503385985 236.70626862780477 0.024180616883875072 0.8279860764767637 0.5602270565830699 -157.15358293968998 0.9445493145075435 -0.20249149987344217 0.2585029689236347 -130.85845903798403
0.325435850684512 0.5238582225760378 -0.7871874425629024 236.8940632345552 0.02273897210581305 0.8279290723464561 0.5603716537362575 -157.12809032499933 0.9452906675921535 -0.20026485913162978 0.25752580445495044 -130.63931134610866
0.3245734191844238 0.5213749148979072 -0.7891896436688285 237.49080059945211 0.018834838111000562 0.8306334875008778 0.5565009059430737 -155.68002112544204 0.9456729584968923 -0.19548966099855328 0.25978153901000345 -131.32531155037813
0.3191136692510096 0.5221010628788776 -0.7909342237113676 238.33497554216302 0.01555267182131509 0.8315710231445097 0.5552006374866765 -155.09404370883374 0.9475888245944947 -0.18947325301250245 0.2572456139499458 -130.63484365893694
0.31422940233943286 0.5239198656820416 -0.7916867164788821 238.8637973969305 0.014319146985695919 0.8312170713893312 0.5557635668704322 -155.21271157842574 0.9492390872351415 -0.1859735319196115 0.25369075799157603 -129.66292117749893
0.31005217745945485 0.523274195106685 -0.7937580008970628 239.71040484058648 0.016972940018774307 0.831722705352033 0.554931762209566 -155.07696506132282 0.9505680231102716 -0.18553020815313645 0.24899593430994824 -128.37584919568806
0.31155385298036087 0.5301266959197302 -0.7886062914828423 238.17980390891637 0.02384971781641254 0.8252882819212223 0.5642078009772593 -158.41931303579588 0.9499291487543527 -0.19458915179615513 0.24447837194746636 -127.22196449656282
0.32515226985353446 0.5296620079377258 -0.783411870446492 235.81303434682428 0.027945722356039315 0.8226835881430037 0.5678122492533532 -159.792210806808 0.9452486646439092 -0.20651845231729168 0.25269564863957794 -129.72519869942798
0.33333862675594483 0.5391480168218592 -0.7734369889457817 232.49007449680403 0.027125139103437057 0.8145315606643704 0.5794847396698938 -163.5203050440755 0.9424168858531135 -0.21414423326048637 0.25689036692760264 -131.07465885208072
0.32624068072927953 0.5335651153817565 -0.7803046109596872 234.90967833812243 0.029060129837940374 0.8194175002109373 0.5724600153738777 -161.36043823135472 0.9448399478700602 -0.20943549841349982 0.2518218515403113 -129.65138600364372
0.32927426752048017 0.5297328772824212 -0.7816402852175279 235.09544067989978 0.025877325022791997 0.8224297591059526 0.5682777977244838 -159.84891717266552 0.9438796643632683 -0.2073460153053629 0.2570968866759615 -131.20415978736818
0.33170068642321915 0.5266519808021166 -0.7826955638966995 235.24530330455949 0.021130823401779464 0.8253115839237106 0.5642820905750057 -158.3036086872527 0.943147996302133 -0.20371175851811577 0.2626278289000022 -132.81971959375818
0.33654323738861036 0.5258692781207615 -0.7811530910754578 234.5071230937608 0.02227909928525801 0.8248631906221967 0.5648932275143748 -158.56557339010945 0.9414044248371849 -0.2075143828396448 0.2658862347163732 -133.87579323664335
0.3405039146514225 0.5286423628240879 -0.7775566450972061 233.25903608990166 0.019757181673130675 0.8227686581707252 0.5680329118143418 -159.44323325469685 0.9400354982017393 -0.2087797580219651 0.26971146575720134 -135.02691135049903
0.34207246973992 0.5278774101624693 -0.7773878474006368 233.12162321676843 0.023677962083366977 0.8221907657847839 0.5687193497409855 -159.87133837860344 0.9393752070166692 -0.21295019252960276 0.2687497645468643 -134.84880719945136
0.34589600062810355 0.5297797533878922 -0.7743961322538659 232.04675681751274 0.023584164592420298 0.8201722613714097 0.5716303428417575 -160.80282959889274 0.9379764090476692 -0.21598813526944446 0.27119989213284645 -135.61378400310278
0.35012744440022897 0.5283238095305944 -0.7734886715142275 231.5150357348944 0.022845317598459147 0.8206953972844104 0.5709090613574189 -160.52940225424342 0.9364234427552474 -0.21756152499755943 0.275278256858667 -136.8528295067523
0.3510796495799131 0.5322185510502868 -0.770380745845052 230.60032354635067 0.016989542437143068 0.8189963184214979 0.5735471958433839 -161.08205212496014 0.936191452160626 -0.21444916490852947 0.27849079081975475 -137.83444074858286
0.35273676083160616 0.5228310323179266 -0.7760312424145034 232.05348929659118 0.015226869082400396 0.8260219681024213 0.5634322059220169 -157.72354309292845 0.93559869603157 -0.21055977739723683 0.2834072337228751 -139.22746112638094
0.3525329746145741 0.5246929377203773 -0.7748663258367603 231.75395720944655 0.014900202275115848 0.8247738838473592 0.5652663305871876 -158.2994181110558 0.9356807606131274 -0.21082068596251005 0.2829419597527664 -139.16726392017256
0.3531559943607456 0.521750246101788 -0.7765677847682046 232.1870393733717 0.020044756816088194 0.8256424372184011 0.5638375418400607 -158.10145853527447 0.9353496946977942 -0.2146887201433322 0.28112221910044943 -138.70163028450924
0.3537988420564554 0.523046603154824 -0.7754022377371059 231.82439930399778 0.023895317653239906 0.8236969127107614 0.566526618778863 -159.16690919190825 0.9350162528821422 -0.2189649444978818 0.2789246491927119 -138.14166888778445
0.3530727984161034 0.5185119303260979 -0.7787714537193344 232.81380037368572 0.027801443313772045 0.8261980967261664 0.562693330967883 -158.13073998458296 0.9351826980693627 -0.22032267943987094 0.2772926940186905 -137.72516827223396
0.3523503058027353 0.5168168282082406 -0.7802240883755724 233.2671122738182 0.028387963356920093 0.8274042882769015 0.5608888189984185 -157.58034253008296 0.9354375369511132 -0.2197783197264199 0.27686477681544547 -137.64179262675577
0.3506475050743154 0.5154642776718499 -0.7818842021868686 233.8448864065211 0.02682582279757728 0.8290226814248248 0.5585711851809281 -156.75194128179106 0.9361232303582638 -0.2168362795461858 0.27686698152032757 -137.66080386271096
0.3483735328408098 0.5159670602912305 -0.7825687665058189 234.18888288180594 0.023170032665956686 0.829873274178223 0.5574706255857562 -156.20888014853608 0.9370693844119932 -0.2123401551735835 0.27715091069413206 -137.74986872237994
0.3476282786476686 0.5166750377596754 -0.7824330547979786 234.20324669209273 0.020549644318317628 0.8300786580120605 0.5572675601820791 -156.00497917726855 0.9374072178103011 -0.20980068367127547 0.2779413267727847 -137.9987462574661
0.3466632234656006 0.5146896390569006 -0.7841678295772635 234.7522311464437 0.021950322565779806 0.8313286741174792 0.5553474758467276 -155.4569803648711 0.9377327939427612 -0.2097312829254398 0.2768934743303855 -137.7296484832323
0.34606951200053443 0.5140353918000733 -0.7848589101492427 234.98661039528173 0.024685897110959004 0.8312717529542463 0.5553178182124194 -155.58760757989705 0.9378840543199032 -0.21155351265653713 0.2749883850913367 -137.22197607737903
0.34566432456331003 0.514234412869244 -0.7849070921741083 235.0297155833754 0.028238045640339854 0.8303891518141159 0.556467851117966 -156.1440812640813 0.9379332532235992 -0.21451532619012734 0.27251493046609127 -136.55813524542847
0.34520922488468947 0.5161254062879101 -0.783865521654481 234.77541096846997 0.03059377078726136 0.8285771222632636 0.5590384366489883 -157.09578372113884 0.9380269784198791 -0.21696662749388007 0.2702422437562334 -135.94600885527313
0.3459710521040172 0.516179325319079 -0.7834940556374245 234.62431360627176 0.03231036608139823 0.828013277321031 0.5597767883931694 -157.42328086700363 0.9376886857319572 -0.21898154418403726 0.2697906817461439 -135.85908020009902
0.34460636429977887 0.5143712868831396 -0.7852825178967576 235.2175618798322 0.03305801648925538 0.829353552313568 0.5577453297076207 -156.80599809492952 0.9381650287821884 -0.21816247270107952 0.2687964178985027 -135.59494285567493
0.3437036520161958 0.5140653222276743 -0.7858782628840723 235.44785658511213 0.035127665319643286 0.8292377173800783 0.5577910497699547 -156.93048887162914 0.9384209325883138 -0.21932088946845546 0.2669541172614586 -135.09662077569573
0.34241443374619074 0.5134051933603359 -0.7868719482818736 235.81135384722535 0.03663360070396848 0.8295673032785175 0.557203794522857 -156.81910230190178 0.9388345620298273 -0.21962057454128486 0.2652479375535618 -134.62543662434769
0.33929356252419496 0.5152477368954504 -0.7870194712037034 236.0602529918309 0.03944362900980608 0.828120583151843 0.5591605314136436 -157.59810210714033 0.9398532218172032 -0.2207624727719097 0.2606527422749563 -133.31228845547523
0.33492501745338465 0.5161304283935004 -0.7883112415602049 236.70609518774847 0.04271230600904449 0.8274546873137874 0.559905705773599 -158.01183896419656 0.9412762036720357 -0.22119701925836163 0.25509015479233277 -131.70492617483723
0.3303832207763284 0.5163165933387559 -0.7901038557509522 237.4982979524683 0.044852965074057116 0.8275758608805147 0.5595591175308827 -158.0113162372568 0.9427805359432943 -0.2203074441114885 0.2502588482262678 -130.29395713617527
0.32581391787006264 0.517110921160098 -0.7914806290359321 238.17663550589427 0.04483189837738774 0.8277690729742336 0.5592749437577704 -157.9170455465902 0.9443703679224796 -0.21770313972088806 0.246515620490118 -129.1919044465423
0.31961199512759797 0.520709118206047 -0.7916502932404162 238.6276998542546 0.04550419365839803 0.8260734600431806 0.5617223575502281 -158.74389494293706 0.9464552503579106 -0.21555661165774587 0.24032853813181743 -127.37147032967897
0.3133160736530858 0.5232605070360699 -0.7924843719386329 239.2664207913006 0.044615651402719225 0.8254702449385286 0.5626795876616076 -159.00580338351853 0.9486002749527987 -0.21165376561138913 0.23528748768685934 -125.87055633023868
0.30932894705708996 0.5231988190434411 -0.7940897923182871 239.96339221302446 0.04302210829244524 0.8264900286988686 0.561305024616221 -158.47616317675534 0.9499814212449763 -0.20779130928143233 0.2331481740792387 -125.21563446560832
0.3026604900097842 0.5264693252479423 -0.7944977516393696 240.50729298888004 0.04063229397967982 0.8257094903138729 0.5626302998342279 -158.77805598718075 0.9522319278794353 -0.20256822845298464 0.22851798254936787 -123.82216018049414
0.297745741628913 0.5310938204584829 -0.7932760094775723 240.48309530923896 0.04158917263085171 0.82295901949616 0.566576378743237 -160.10532479283603 0.9537388605177676 -0.20168739698040494 0.22294479100786083 -122.18281961833766
0.29321355111226327 0.5306123154527531 -0.7952838387230085 241.32890077905756 0.041528425592340684 0.8239919988955235 0.5650774952375832 -159.61684199851615 0.955144598116933 -0.19871526475343435 0.21957012602358933 -121.16993859900457
0.28842594148783074 0.5307782218795579 -0.7969221765362244 242.0880597344883 0.04338196686272153 0.8241941166755107 0.5646433059805069 -159.5724708199468 0.9565189392939275 -0.19742982858689145 0.21469276083783195 -119.72693692364406
0.2844561492239953 0.5316457956122673 -0.7977702972513172 242.57413910810448 0.045955890926392184 0.8236286776441891 0.5652644137492165 -159.908929120283 0.9575869439679183 -0.19745518319325842 0.2098539858384851 -118.3053138377528
0.2804799136763897 0.5345730373070796 -0.7972218548235922 242.67279253676926 0.04673257728597646 0.8219704382168485 0.5676096060831004 -160.70788447697726 0.9587215884939148 -0.19645932526069057 0.20556422177465355 -117.03641409329296
0.27478529792684425 0.5374739718904287 -0.7972545199518046 243.0411343228812 0.04523193947042811 0.8210291204998577 0.5690916050540321 -161.10732382244046 0.9604411026684558 -0.19243937443142337 0.20129574131968977 -115.74436700689803
0.2684455574016539 0.5409381074736447 -0.7970714814834028 243.38769520236377 0.04456737151293241 0.8195825173010256 0.5712252154194015 -161.76294947661466 0.9622633382332215 -0.18886625219277542 0.195905096092244 -114.12007098553003
0.26173538289942694 0.5414480529967121 -0.7989546891060593 244.32990285287173 0.04387140865843567 0.8202823005964448 0.5702738349517078 -161.41742467468268 0.9641420480618064 -0.18431210821395533 0.1909428132319003 -112.60807336816494
0.25596471646666097 0.543576890374311 -0.799378651313091 244.80639333456915 0.044200047463199 0.8194809265781227 0.5713994809053582 -161.79777895496665 0.9656751108568519 -0.18159068044824386 0.18573207866696312 -111.04088866161965
0.2473637288268859 0.5454123519345078 -0.8008349093403259 245.74786750431798 0.04607578744803292 0.8189644135883385 0.5719915306077118 -162.0910031682513 0.967826537904341 -0.1783890569322509 0.17745178752246926 -108.55305936169442
0.24339569258249868 0.5420732898580773 -0.8043103165164095 246.9517514862085 0.04578078460355567 0.8219033883899151 0.567784237113236 -160.7139308869339 0.9688460438033325 -0.17501819498445717 0.17523120393073235 -107.85640918719804
0.23454151544940038 0.5453630997756984 -0.8047169483326049 247.6065818034146 0.04747694306228942 0.8203935694141291 0.569824824960623 -161.46367314620463 0.9709460424803011 -0.1718530787242002 0.1665241781990082 -105.22668317552723
0.22339717330154624 0.5475935520649 -0.8063715053855912 248.74902800489713 0.05052385972672038 0.8196615371719448 0.570615723652301 -161.8807258785421 0.9734171986148558 -0.16821494053106623 0.15544353065642919 -101.88131049877447
0.2107476705215926 0.5506180508586643 -0.8077160277215797 249.8878280509134 0.05423986346068688 0.8184142054955 0.5720631306551188 -162.54672411022264 0.9760345570631649 -0.1643713792354827 0.14261343943239307 -97.99731317519345
0.19862218455627936 0.550556592690202 -0.8108246826826664 251.47041046183574 0.054481272738489905 0.8198262606440083 0.5700146430393322 -161.8951656086164 0.9785606872968513 -0.1573923143098738 0.13284065896138997 -94.97433040924703
0.18457180040965218 0.5518484537079478 -0.8132628939240292 252.97543320485096 0.057238024231161616 0.8200396774769816 0.5694372098357827 -161.8575632541859 0.9811508849691024 -0.1516516122683675 0.11976948451401237 -90.9585394569291
0.16594920092970164 0.5555581607581053 -0.8147490366523085 254.48842428532853 0.0607097975398829 0.818882167400048 0.570741899983579 -162.46515440386696 0.9842637772434073 -0.144177411300351 0.10216501787436585 -85.56004353420673
0.1508341130534375 0.5579154260060518 -0.8160756385065471 255.7331125087142 0.06296553460294893 0.8184220159441112 0.571157373470869 -162.72202643985284 0.9865517785659035 -0.1375346546964171 0.08831651581663326 -81.28026400284976
0.13146764246790926 0.557415775010784 -0.8197584478082899 257.8714981463796 0.06454103121502147 0.820368507343577 0.5681812804453986 -161.84378412352518 0.989217222996866 -0.12760550900332693 0.07187572468066145 -76.1595186283818
0.1145037318816347 0.5585888603375829 -0.8215031226306682 259.31248954908466 0.0658445567184873 0.8208562487644299 0.5673266371455986 -161.63819166883775 0.9912383112731893 -0.11905252610149866 0.057211067925073536 -71.56922754097674
0.09422809358892731 0.5615829950283842 -0.8220374724266203 260.59439807588154 0.06684366207027964 0.820279219258081 0.5680439483828587 -161.92251771701922 0.9933040779235888 -0.10847369334683554 0.03975508309720984 -66.08193812197672
0.07177976467506353 0.5647078559696681 -0.8221634282728301 261.8676158851998 0.06999322124392499 0.8194057576250562 0.568924558575921 -162.3773655334713 0.99496161451741 -0.0983831376662081 0.019291030554651138 -59.65536989580685
0.049220839368935704 0.5646457865412361 -0.8238643363521971 263.56204567342814 0.07083079785187063 0.8208139912971575 0.5667868997837702 -161.72774228240203 0.9962732090383064 -0.08625269521620199 0.0004068420529996092 -53.65275530984857
0.02206190366725777 0.5645480849220423 -0.82510528553478 265.3612433925473 0.07325865936368478 0.8221745781251592 0.5645016668823502 -161.12017541693996 0.9970689250171283 -0.07290008844693321 -0.02321929950745895 -46.14049405190287
-0.002639244290845305 0.5640553950568045 -0.8257327326059478 266.8253706642949 0.07470198543274784 0.8235396152953612 0.5623185177562393 -160.49327131030876 0.9972024106278419 -0.06019977862484782 -0.04430958013274945 -39.37867454513535
-0.03303587883900737 0.5614196942425805 -0.8268715484438329 268.70819746561676 0.07477580774433043 0.8263927783065753 0.5581071174415559 -159.13597551283385 0.9966530034498053 -0.0433924288247059 -0.06928122281813062 -31.302732139808988
-0.06355011877574158 0.562001676686351 -0.824691152981114 269.6316494672473 0.07575662971126673 0.826693833150047 0.5575286892048443 -159.0035296064171 0.9950991485567552 -0.027044807882696642 -0.09511184420569757 -22.926414808887554
-0.09388589175369608 0.5626660207921708 -0.8213357342618898 270.187018950735 0.0755428333114804 0.8266275176966494 0.5576560116433333 -159.03271454385347 0.9927128082506477 -0.009689996521164368 -0.12011404706583102 -14.733377903954581
-0.12767478522122533 0.5615149673340794 -0.8175573928957661 270.7519717640481 0.07295514192732722 0.8273873066869197 0.5568732279430653 -158.6386863279012 0.9891292617676811 0.011453654140635094 -0.14660190081219676 -5.952797289038076
-0.161484967615128 0.5601952144109126 -0.8124678005837848 270.91190122746457 0.07148124548885171 0.8277502345237062 0.5565249147965541 -158.44675471008736 0.9842830064456581 0.03179419753761642 -0.1737126714584617 3.0754596366116296
-0.1959991924723561 0.5572908975430019 -0.8068526334256458 270.9138503228521 0.07019128809261976 0.8286744293725031 0.5553124104322316 -157.98500957369842 0.9780886972182448 0.05220675837352651 -0.20153648492033657 12.394466757007436
-0.23114064832184522 0.5540678374591848 -0.7997392276152644 270.4790548546897 0.06960798989389136 0.8293098431351007 0.5544365715049531 -157.67105640903813 0.9704270855846353 0.07248458851740414 -0.23025476323232408 22.06154377405039
-0.2643486847720222 0.5543558555824956 -0.7891827153712256 268.9519975305418 0.07194450281712958 0.8273467144789994 0.5570649895256391 -158.6455585443676 0.9617399655695389 0.09048203922438783 -0.2585908722366245 31.619682360436347
-0.2999569446269062 0.5502511853362567 -0.7792621281739127 267.6586996399897 0.07097878034459168 0.8274862303158843 0.5569816436637761 -158.56530186390285 0.9513084905070939 0.11175943662014334 -0.2872663993847224 41.44084684035561
-0.3348141873125631 0.5443283245415046 -0.7691593691011418 266.2311793551507 0.06827619115877859 0.8281397893518971 0.5563477788335685 -158.2149642039983 0.9398073322203215 0.1337578573169958 -0.31443761529258607 50.866557461369425
-0.36886913889244183 0.5397064382528127 -0.756738078122947 264.07471637884936 0.06836107594483043 0.8276987443260058 0.5569933140862814 -158.42640564879056 0.9269640347221751 0.15372621490694624 -0.34220743589520347 60.50828153601525
-0.4057203633795113 0.5301008677391067 -0.7445697124926877 262.04229760368963 0.06697775024761912 0.8296834538081359 0.5542015404604819 -157.4517705311459 0.9115398881623146 0.1749812461358349 -0.37212443589448074 70.97103303927616
-0.43980335856676367 0.5232789372926749 -0.7298987324137803 259.14836584503945 0.0673123825644501 0.8296399784223097 0.5542260814477482 -157.4772434712107 0.8955680035301014 0.19461926931647278 -0.4001016009263527 80.82785403645688
-0.47278284031612294 0.5164687073388986 -0.7139583042743509 255.80320079165367 0.067713399182076 0.8291287452396626 0.5549418162190624 -157.72882185922563 0.8785734354473895 0.214022424425549 -0.4269696949072404 90.38806778067564
-0.5061005851774943 0.5084127849579384 -0.6966912069018173 252.04487942040035 0.06940839138269969 0.8291707733148325 0.5546695447616975 -157.73267939952783 0.8596770747720702 0.23236236522250278 -0.45493192714904107 100.36382202886652
-0.5361877927227571 0.5003976608146243 -0.6797829300492545 248.2283994135125 0.0707200608002381 0.8291354093486812 0.5545567112249243 -157.766563169194 0.8411309790606384 0.24927224878723625 -0.4799604380040565 109.38756048857692
-0.565567842066929 0.4908585492053187 -0.6627147958902132 244.29655449185492 0.07029893708183702 0.829350678587904 0.5542882926518896 -157.65676806928798 0.8217001128543923 0.26689948781860307 -0.5035609078723706 118.02812025894306
-0.5939984819961258 0.482707864699924 -0.6435518011342507 239.69711090155823 0.07186664283326757 0.8286158007016885 0.5551855910192334 -158.03053717191216 0.8012496421429303 0.2835294908547253 -0.5268871214800058 126.61749617999138
-0.6228115299724641 0.4700756382640176 -0.625407621031304 235.34080931963737 0.07017912518393282 0.8297178610756223 0.5537537010264696 -157.47755162778256 0.7792179980735663 0.3009936300368685 -0.5497473475656361 135.16166185451357
-0.6515303370334511 0.4564052311674475 -0.605972346636434 230.56117195391207 0.06713041158487693 0.8303320924970743 0.5532107410470944 -157.13735144908034 0.7556465627299067 0.31975440752618123 -0.5716252190920711 143.5094630401168
-0.6795582460673107 0.44453150065218827 -0.5836028916393696 224.8772340792046 0.06478106300337441 0.8287627001908112 0.5558379266014398 -157.85759141782424 0.7307557759457486 0.3399178308067235 -0.5919897500984104 151.4867643299384
-0.706772132356144 0.4344042609081572 -0.5583601803760606 218.30055492945658 0.06408922711853579 0.8253384791705505 0.5609892742003106 -159.48141109010425 0.7045322731373617 0.3607067131414111 -0.6111668701775496 159.1784749865806
-0.7335346415196239 0.4206316410289257 -0.533850121528496 211.8518039475157 0.06126793857843346 0.8232020149829921 0.5644330626657966 -160.43965295703404 0.6768849011412695 0.38132330782848145 -0.629618428505487 166.7197590617776
-0.7600363509703141 0.40313814399549347 -0.5097297147112361 205.4354876773275 0.05860830959687935 0.8236663725630989 0.5640379178343793 -160.168351328702 0.6472324244426617 0.39881492394921036 -0.6496436293734125 174.78552117968718
-0.7859940511812719 0.3852881755901856 -0.48349392266918767 198.33182854348775 0.058048753874051284 0.8245944561278838 0.562738238523764 -159.7177423338274 0.6155027974601919 0.41424268813528287 -0.6704918356289902 183.17301288032468
-0.8092507727984312 0.3729107075209416 -0.45392817817510805 190.17143939823865 0.06251963631642579 0.8229729678432824 0.5646297807183758 -160.5691571943621 0.5841271109955466 0.42854766177806886 -0.6893057520321051 190.88669831700918
-0.8319496643363327 0.3601441221177368 -0.4220852607172016 181.2732826694451 0.0688468896938193 0.8218438559863463 0.565537604547196 -161.2032995944437 0.5505632223370449 0.4414395628866292 -0.7085275227740353 198.81622747494814
-0.8536646688125766 0.34317866122425755 -0.3917716678135881 172.71050985340068 0.0722702347406026 0.8229918705089045 0.5634371253714064 -160.71189831496034 0.5157844960753011 0.4526729366292865 -0.7273606849780692 206.65010044084076
-0.8737248730983332 0.3246606093093848 -0.36221586780835596 164.264193385884 0.07497643851974267 0.8256454368736215 0.5591852521630569 -159.48769163825705 0.4806073031032681 0.4614164077410179 -0.7457288507702903 214.3113600881183
-0.8900594649006011 0.30981187263391397 -0.33438114856541057 156.22946182632018 0.07942624881692945 0.8277231769225136 0.5554870055943462 -158.53716233873948 0.4488714960205503 0.46785782665289405 -0.7613300428197377 220.88994764971582
-0.9042877437756198 0.2971821703913546 -0.3065068254683454 148.1184343470343 0.0849953520568898 0.828892307789684 0.5529134943332608 -158.0107464550989 0.4183771822003731 0.4739412407551966 -0.774816258041544 226.74330752540746
-0.9167703428206547 0.2835368145358077 -0.28131657137002464 140.72446211990962 0.0869848683196286 0.8291478270280851 0.552220529877351 -157.89761739088954 0.3898278738211469 0.48178911957151177 -0.7848015501097023 231.4502476851874
-0.9275482838342051 0.2712139368541078 -0.2570937214564314 133.56657325430263 0.08802026761297917 0.8271608623739642 0.5550291345921388 -158.8582351802528 0.3631895010122961 0.49218686310471044 -0.7911039616520602 234.97352113374075
-0.9370994957097365 0.2577758617162961 -0.23536384653760742 127.09287981904451 0.08765461342922884 0.8264477257896182 0.556148204421933 -159.1992267107261 0.33787749834093694 0.5005354749201987 -0.7970589905780383 238.27305580392837
-0.944693729074974 0.24580984629920605 -0.2170973922201288 121.61322808536775 0.0872152992019698 0.8264408218486031 0.5562275249997222 -159.20101558173508 0.31614434967516125 0.5065304407876849 -0.8021718411437184 241.08162836014202
-0.9512443220467314 0.23452472842651229 -0.20033070541064102 116.55626818906866 0.08642172490898996 0.8261430976971311 0.5567933796222291 -159.33920640095485 0.2960836456773816 0.5123336158050333 -0.8061319624469255 243.44320081146512
-0.9573675018058126 0.2223444038412308 -0.18441917624418858 111.72515918497577 0.08412169502279701 0.8253263361863592 0.5583547073533924 -159.7158056902312 0.2763530475905575 0.5190369976000638 -0.8088446007792365 245.41955999179737
-0.962899890076522 0.21029849774985715 -0.16911044773985767 107.05077190674042 0.08173974123151286 0.8245121922188337 0.5599091529756405 -160.0861860471287 0.2571816797402706 0.5253134176152815 -0.8111124440417159 247.21641656534345
-0.9676226813703628 0.19993988305859609 -0.15404671259116293 102.44256958375202 0.08037979896791766 0.8226500948553934 0.5628373738055152 -160.9551815574199 0.23926018142496375 0.5322319650273997 -0.812086018219478 248.56942684052626
-0.9724529294067218 0.1877039917656957 -0.13821183583003674 97.56765892497853 0.0779317405880518 0.8206146737904042 0.5661432689423997 -161.88708323051054 0.21968601206540664 0.5397765914108295 -0.8126372422352452 249.88767939172064
-0.976790007115249 0.17342601781789815 -0.1257167385180588 93.65301646328814 0.07199912398325406 0.8185974297593582 0.5698371470315152 -162.75282658418482 0.20173598624300004 0.5475597358601149 -0.8120843105979608 250.78874864410872
-0.9803298430197452 0.16124495825071863 -0.11381327832729277 89.9219307488473 0.06811149317246373 0.8176305452162552 0.5717001976798551 -163.14072348421712 0.1852409873184097 0.5527027727161246 -0.8125302589129888 251.86756686786575
-0.9835595999347749 0.14912933700301917 -0.10183788205371055 86.15541793228388 0.06511287536723474 0.8188711243197669 0.5702722115066556 -162.51717694195304 0.16843641778889887 0.5542657508815791 -0.8151187953679653 253.5437720645713
-0.9856592260284202 0.14356218087157935 -0.08868929117120994 82.10123191695577 0.06894089154631163 0.8222938256705989 0.5648716825410978 -160.98464503480338 0.1540228671913863 0.5506566666148762 -0.8203988005200505 255.82252268416906
-0.9876792512171423 0.13558376157202212 -0.07814563527879304 78.7983989687991 0.06930887036961182 0.8267042164193995 0.5583515192443511 -158.90596297624782 0.1403067254383532 0.5460560247377257 -0.8259157588061865 258.1171009492569
-0.989330366456854 0.12838534709994917 -0.06886674564964237 75.88093710265686 0.06925616981738397 0.8303084997679109 0.552984066818735 -157.17709035154874 0.12817569562351763 0.5423144824390983 -0.8303408897484457 260.0080998622235
-0.9902881083144175 0.125216028506627 -0.060418612497144905 73.26503309407693 0.07083761191504767 0.828361289903343 0.5556974051836508 -158.13412997889023 0.11963066191083989 0.5460206219500295 -0.8291863392121684 260.1417909964109
-0.990817506682572 0.12478486586830506 -0.05205195194765269 70.70734841336913 0.07460821062985717 0.8256668294512512 0.5592029163465884 -159.4654233203895 0.1127576310408413 0.5501845363095439 -0.827395124863514 259.9998438263078
-0.991179631440354 0.1251258660565668 -0.04366298044520064 68.14994836086994 0.07934612757897183 0.8241995105140092 0.5607132590787282 -160.20935805738137 0.1061467392621431 0.5523030730604904 -0.8268580199961497 260.18912864322226
-0.9917148073725981 0.12337806432481423 -0.03577141430517632 65.7158951987035 0.08261064584078052 0.825781532589581 0.5579071084219767 -159.4855512198339 0.09837287243798312 0.550329640922115 -0.8291321151003839 261.22331568999937
-0.992415970024362 0.11870038618561586 -0.031949346785030405 64.48444122834265 0.08087672166556091 0.8262372036804337 0.5574863578124301 -159.25621900783696 0.09257158491262783 0.5506744061364419 -0.8295710940558627 261.6340892190629
-0.9924018310657164 0.11954795091385129 -0.02910142831052353 63.6223271491805 0.08336140244813431 0.8272571441054051 0.5556046203087665 -158.786479678347 0.09049575834973331 0.5489571066657829 -0.830937189420379 262.0906687720564
-0.9925367166453475 0.11922684389910343 -0.025609096132665328 62.54921394141575 0.0849361952541188 0.8265799192379594 0.5563735075004224 -159.11809636885872 0.08750262194144517 0.5500459951735193 -0.8305375935783674 262.1116384420743
-0.9924685532674392 0.12036771440533993 -0.022754869897907884 61.69046554506138 0.08751416128622923 0.8266618224263953 0.5558520512843664 -159.09076598761285 0.08571722317949906 0.549674307814641 -0.8309697425170733 262.29234178114956
-0.992304042326124 0.12187063353378111 -0.02191429363015822 61.4558441478776 0.08922490748358819 0.8264519344341432 0.5558921801524184 -159.19840768058805 0.08585804253405205 0.5496587566410076 -0.8309654913292626 262.2490409385536
-0.9919964937396969 0.12428425464440515 -0.02227959729510496 61.60139870804563 0.09097780956754992 0.825901881962863 0.5564253045436475 -159.4645687886595 0.08755566557589528 0.5499450021753857 -0.8305988803314612 262.0153693550278
-0.9912388943696085 0.13011665458064633 -0.02269604568326212 61.80650436332828 0.09556223295762692 0.8251241864830463 0.5568105032350257 -159.8396456471866 0.09117737614709143 0.5497633427952713 -0.8303294243837808 261.6997231624323
-0.9907937699185051 0.13322245881162736 -0.024072431511181033 62.271831096721314 0.09732640651300899 0.8245423875147289 0.5573665057991686 -160.1152168551333 0.09410247651332442 0.5498923782520488 -0.8299175237662866 261.38691748980784
-0.9902647392228141 0.13629534518988984 -0.028272338628785296 63.598984200942176 0.09735328449084807 0.8233187031053337 0.5591678201719019 -160.6946436083554 0.09948911624301392 0.5509717705985682 -0.8285722803429179 260.6722656425095
-0.9897808389356952 0.13912200819721465 -0.03128829990468277 64.56105458202589 0.09789742884723046 0.822495942268056 0.5602825344214151 -161.08159630586135 0.10368213105859989 0.5514938728469763 -0.8277104106578523 260.1608103479519
-0.9892164737659681 0.1422051910693877 -0.0350492747848313 65.7520284644664 0.0983409718781419 0.8222485282057245 0.5605679362161049 -161.19713159351906 0.10853488508348905 0.5510762574239971 -0.8273663863268041 259.7543997581143
-0.9886722716839805 0.1446484189021875 -0.04004964559562064 67.31229807379691 0.09760927088769532 0.8223581604392596 0.5605349999738908 -161.14656142765918 0.11401565436381988 0.5502761950766674 -0.8271617373234423 259.35334233275785
-0.9878768552599877 0.14921590610402952 -0.04282443469785386 68.21761098269724 0.09997499314416185 0.8225504915618475 0.5598354129359701 -161.05319413132705 0.11876160822194223 0.5487670746290422 -0.827496452086425 259.1399045652239
-0.9874561353030825 0.15048366124077345 -0.047802181455164926 69.7534055322315 0.0982659805624438 0.8226807612252883 0.5599465708207182 -160.99356798827492 0.12358874510408216 0.5482253485651246 -0.8271485895981724 258.73179023012966
-0.9870613031655485 0.1518568586330552 -0.051473083055411734 70.89211282571127 0.09725694577794208 0.822241411754562 0.5607674627631412 -161.2013709713634 0.12747968579768096 0.5485057477200805 -0.8263718136692222 258.25982112382314
-0.9864369093041682 0.15430219771217027 -0.055973705823668334 72.29264322332179 0.09670121668627382 0.8218588679819493 0.5614239715320521 -161.38182497689712 0.1326314391606853 0.5483966018317605 -0.8256331318724697 257.7267825138148
-0.9861453868291166 0.1558735624379041 -0.05675128693315144 72.55207411308635 0.09776546901406784 0.8225112281709559 0.5602831361027788 -161.0758714312072 0.13401189911388994 0.5469723138017338 -0.8263547052145744 257.8106850547614
-0.9864095409691546 0.15351103526862503 -0.05857114934655726 73.08234247885517 0.09470925771747063 0.8225309642162235 0.5607788952948707 -161.06663007858506 0.13426233272078764 0.5476104226147314 -0.825891307047173 257.6351128448
-0.9866538156322056 0.15175462162310344 -0.05903204989188853 73.2069973033374 0.09292089848493651 0.8224447974340607 0.5612042959550457 -161.1035094546097 0.13371594790136976 0.5482290488378695 -0.8255694733256329 257.54708309946164
-0.9872090820969012 0.1480248310132039 -0.059218895877128155 73.22373167827604 0.08975627917332867 0.8229998871962324 0.5609055143461757 -160.83305194541882 0.1317650886022288 0.5484157502100947 -0.8257591212618519 257.68197175321444
-0.9875294513862065 0.1459828593949927 -0.05894563094682801 73.1182280090528 0.08846617516337438 0.8242639526984537 0.5592518861245659 -160.23225750070918 0.13022794821704373 0.5470630137788361 -0.8268994742158178 258.0539566663789
-0.9880469163767224 0.14389057683960782 -0.05530635528775337 71.99112157533482 0.08896656181764548 0.8252619180715343 0.5576985901535343 -159.7623458664944 0.12588980068614514 0.5461119559922285 -0.828198943253096 258.63566785529645
-0.9881990436442454 0.1446019055065394 -0.05052661738605324 70.54803244788012 0.09224864492741752 0.8251582150728629 0.5573186768867713 -159.81973645528902 0.12228179606815567 0.5460807715179541 -0.8287598888270968 258.96799166022015
-0.9886672719113903 0.1431409480769027 -0.04525145782109741 68.92820704189431 0.09410274749627026 0.8257661841371866 0.5561068980413423 -159.5342962741237 0.11696879226931561 0.5455464032684626 -0.8298779570008482 259.55440894545626
-0.9895011274934609 0.13816159404489392 -0.04241335426659514 68.00455020273509 0.09159943264066808 0.8265249277121447 0.555397234248014 -159.16998602010418 0.11179026178105803 0.545681150307952 -0.8305028714998601 259.9931507893692
-0.9902756132780741 0.13423834056453784 -0.03652776572983003 66.16440969490355 0.09161467585349868 0.8268418035992724 0.5549228621970455 -159.0175772708441 0.10469460786015942 0.5461800982672125 -0.8310994762011499 260.53265088023284
-0.9908810716337461 0.1311957967126271 -0.03069796089153245 64.3480557305635 0.09247612169067781 0.827888353740001 0.5532169923806762 -158.51989518573208 0.09799422837601193 0.5453334178891014 -0.8324713776090927 261.26454496885077
-0.9916522305975005 0.12654338703028725 -0.024751257541883127 62.47296580233801 0.0918887540803962 0.8282131086926058 0.5528286384254009 -158.36301596630904 0.09045612430650654 0.5459393902152812 -0.832927290816439 261.7907787740687
-0.9925534148689104 0.12064668501224245 -0.01679571456120655 59.96390878429571 0.09138543138692025 0.8286952429396532 0.5521891861123457 -158.12968083350265 0.08053832356270685 0.5465423787088656 -0.8335496426206201 262.49198309965817
-0.9930970462023235 0.11703236158677124 -0.007853863103165729 57.17686506825426 0.09354569948051081 0.8306333911371582 0.5489056126846278 -157.19926886023947 0.07076340108362514 0.5443818474833707 -0.8358474413418217 263.6483280640999
-0.9941935960117643 0.10757465833858651 0.0026050974133718825 53.83987158291676 0.0913442776180379 0.8309023638406267 0.5488692783445784 -157.06605746644087 0.056879843491658755 0.5459202823191275 -0.835904138497333 264.4046117348776
-0.9951218586588327 0.09738035305593629 0.015797254764396283 49.640462541637426 0.09003324954303016 0.8309900166882442 0.548953191211412 -157.02038665404913 0.04032989457105608 0.5476975981352955 -0.8357037995610141 265.2284038062412
-0.9956715564836145 0.08730498554375649 0.03187461542828241 44.536856122511224 0.0904669401485671 0.831769751008392 0.5476995654988162 -156.6440776744904 0.021304561709925146 0.5482124777918147 -0.8360676975243733 266.3327594575432
-0.9958340531152922 0.07529175257200729 0.051436277573373226 38.3057317504303 0.09116983859515285 0.8321166431704481 0.5470557126008997 -156.47638906446093 -0.0016121992752886755 0.5494661446835283 -0.8355144263626552 267.37584375018014
-0.9953260459505466 0.06261032069241747 0.07352557374983959 31.249859483953344 0.09269897424751551 0.8328663730947929 0.5456560315266239 -156.1129437542897 -0.02707327881710882 0.5499214055760315 -0.8347775064431079 268.4814548347425
-0.9942691912260218 0.04815484323726903 0.09544572516119637 24.180096553017652 0.09251399482385915 0.8349682032463205 0.5424659070663721 -155.0898565568209 -0.05357178492904217 0.5481872040100945 -0.8346381570591602 269.7879096443217
-0.9922209902400565 0.026757090029241003 0.12157945821646343 15.633927458476377 0.08913185037439453 0.8344953915782913 0.5437581766589178 -155.3107183719673 -0.08690811110522556 0.5503648785739889 -0.8303887527275164 270.26861139062794
-0.9882825722639333 0.004187906643559121 0.15257791058121206 5.47035797743351 0.08724739428639502 0.8357184641545132 0.5421831248401751 -154.70393414230384 -0.12524156478429133 0.5491421583790187 -0.8262913773852507 270.9936637613718
-0.9821080251964034 -0.020357629516554218 0.1872148331871365 -5.965401963619843 0.08554248033631635 0.8374305073417624 0.5398079560651463 -153.8510602432507 -0.1677686231174696 0.5461645469030252 -0.8207057796820257 271.45066155121185
-0.9737211991385549 -0.04377359152500556 0.223496977682421 -18.00346453774663 0.0853305566272256 0.8397446915346034 0.5362346027114822 -152.69964562392764 -0.21115331504350687 0.5412141218819546 -0.8139419830809087 271.5487397402122
-0.9628449147609022 -0.06675199305420206 0.26167506862970885 -30.745881390497885 0.0863472297790391 0.8420076553655549 0.5325103418857577 -151.56581737211138 -0.25587853764737073 0.5353197920207067 -0.8049589394760148 271.017769327669
-0.9492837199755014 -0.09278361863282485 0.3004190724685641 -43.86172218457541 0.08506974473114322 0.844040827798246 0.5294886396713615 -150.53147936502563 -0.302693834626429 0.5281915193592656 -0.7933411380711948 269.7640575699271
-0.93294375500807 -0.11767094072827937 0.3402491729594123 -57.43458532062982 0.08599428461864371 0.8448883236560714 0.5279855145385725 -150.10249361328027 -0.349601105553701 0.5218402727442136 -0.7781142568658377 267.4237025718437
-0.914067591358121 -0.14419169934263956 0.3790635728600742 -70.86134867435736 0.08507311794122852 0.8456974520098192 0.526838100622817 -149.68699775004123 -0.39653877872475574 0.5138137537131343 -0.7607577955319931 264.4008065279038
-0.8916526599584766 -0.17322756771527675 0.4182675504655154 -84.64223178776685 0.08371303899188215 0.8448783461508271 0.5283679658232379 -150.1003394472515 -0.44491309386409034 0.5061351499242983 -0.738836618556086 260.05844369299575
-0.8672600675099077 -0.2072949031414975 0.45264643866296733 -97.14618879117529 0.07780653145370388 0.8415858201535966 0.5344898979209446 -151.72242554703078 -0.4917378559414091 0.4987605943215193 -0.7137448778003179 254.66812332660336
-0.8404335821631488 -0.22730403510658687 0.4919392946255476 -111.00858107620752 0.08092260280128828 0.8449616400261404 0.5286694234019971 -150.0447311643032 -0.5358385263568519 0.4841205454311959 -0.6917401037695579 249.94015420579794
-0.8114129193665054 -0.2507975656866379 0.527929593156873 -124.04060927997979 0.08231850806360594 0.8452152634235303 0.5280481244224567 -149.92205580749155 -0.5786473343197107 0.47192344667493363 -0.6651733029543083 243.79444271864824
-0.7801718324725987 -0.27243500877732263 0.5631261650898914 -136.9108945921515 0.08472687252975766 0.8458747609602436 0.5266091965032298 -149.59448690135284 -0.6198009913574466 0.4585575806405901 -0.6368450960393548 236.99772631547668
-0.7465595087240077 -0.29884315607262557 0.594425494071646 -148.80116871562905 0.0821949377042489 0.8451724697746152 0.5281358618299561 -149.94320885006155 -0.6602218507059296 0.4431436160023387 -0.6064081492252629 229.47386952474068
-0.7117082216177221 -0.3234150134721284 0.623597735998586 -160.06715015846427 0.08116025078053983 0.8439135481014988 0.5303045700576021 -150.57809818049634 -0.6977710376441395 0.42803347111126877 -0.5743717669188304 221.31449355600793
-0.6752462526640981 -0.34663722648481077 0.6510646139040356 -170.86838573633983 0.08130632341053623 0.8423289815362375 0.5327956161959158 -151.38042693003962 -0.7330973878254882 0.4127039133313886 -0.5405956898500055 212.49906765466633
-0.6376260532105396 -0.3657562611405042 0.6779788888333246 -181.48077844805573 0.08250430683400464 0.8426107147759727 0.5321655970640765 -151.24402593315716 -0.765915175212628 0.3952588275816795 -0.5070940776599205 203.59531221720792
-0.5989043473321245 -0.38237687784406454 0.7036344974750083 -191.7154126168973 0.08162458912916587 0.8449185020694298 0.5286304487165363 -150.07251984074693 -0.7966498661244957 0.37403295062197 -0.4748140084842129 194.88173533779857
-0.560697922084069 -0.401559782922093 0.7241322951713788 -200.38804749010075 0.08215722652887936 0.843238794298051 0.5312236119750813 -150.92399179123842 -0.8239344818003976 0.3573486764076942 -0.4398112017331748 185.2395383507381
-0.5245713801819167 -0.41850163916811206 0.741404913058743 -207.91958445971719 0.08270792845136915 0.8416715698847845 0.5336181846779264 -151.71728830762493 -0.847339522072069 0.3412408921294249 -0.40690341344524505 176.04344917851515
-0.4904189374600325 -0.43317172007561533 0.7562086528910559 -214.54543136230143 0.08499858551174619 0.8398105648346319 0.5361841620685369 -152.6613919147521 -0.8673318316778043 0.32723153289203255 -0.3750400213837925 167.02452986354396
-0.45975178041633263 -0.44208204281653035 0.770189436322763 -220.62133953368613 0.08973824594325047 0.839717008947973 0.5355580193578457 -152.71980603739325 -0.8835017530367673 0.31533920197563986 -0.34638972282434366 158.83542567560266
-0.43202370380236504 -0.45160846608009086 0.7806441652364244 -225.47203482792705 0.09319087247424915 0.8386034301894255 0.5367119787763432 -153.27599530945952 -0.8970345481866207 0.3046212077963665 -0.3202107729610426 151.2858225569934
-0.407179226540584 -0.46007456773310074 0.7890098032337824 -229.50942723156572 0.09282011140167445 0.8385485859229825 0.5368618965487745 -153.30346050118575 -0.908619559768109 0.291834989629014 -0.2987353920027569 145.0360180616867
-0.38502193112107197 -0.4686530015634932 0.7950613037252717 -232.6967929031451 0.08943902267859952 0.8384724481551616 0.5375542901949407 -153.33915990561064 -0.9185634293711552 0.2780796968680347 -0.28091441474528234 139.80224842610357
-0.3657324067510082 -0.4756803246335298 0.7999800218809558 -235.35543174559734 0.08541063055034051 0.8387477209909642 0.5377799593899506 -153.19115603271132 -0.9267927658549715 0.2650103569466738 -0.266129066187608 135.42170055530045
-0.3492250489522529 -0.4822667484838447 0.8034056562478986 -237.40102778457708 0.08217492772131935 0.8383222478129765 0.5389462775414585 -153.38673055608888 -0.9334287045287886 0.2542333418901206 -0.2531328928311937 131.5499735403881
-0.3353572601479608 -0.48793159683930615 0.805889734933941 -239.0009099532555 0.07948676276653704 0.8377217265270701 0.5402815594200874 -153.66681427194507 -0.9387317841699775 0.24524490965226986 -0.24215195989027388 128.26057916628272
-0.32329958858839086 -0.49226440777617425 0.8081788965664409 -240.41980985772926 0.07933260461899744 0.8369379816074651 0.5415174538158384 -154.0526771284022 -0.9429653831731806 0.23918730689481663 -0.23152908749757947 125.08049616531085
-0.31217981754720253 -0.49525492618161004 0.8107196307041316 -241.8407463029426 0.08142026239093347 0.8362810407702996 0.5422220594187734 -154.39056635761614 -0.9465276025496494 0.23527978863683213 -0.22074627668574773 121.85675026673576
-0.3005543775030319 -0.4983469509358045 0.813214229251279 -243.27540222259498 0.0835240036511242 0.8356078321677618 0.5429394916875918 -154.73316029370753 -0.9501004194177856 0.23110574919910673 -0.20952165928435082 118.49255049664782
-0.2899244772314923 -0.5018317400316082 0.814928648532431 -244.42613268239447 0.08337428599548558 0.8350201568699984 0.5438658529964414 -155.0204029321034 -0.9534109952883851 0.22562411732271045 -0.20025291944328538 115.68816765988832
-0.2805832481866344 -0.5047742509420331 0.816379811376388 -245.41783120555914 0.08312936703825693 0.8345707071278589 0.5445927314424275 -155.2388584731785 -0.9562230645476275 0.2206687345094784 -0.1922049958693296 113.24144667244708
-0.2734568494177771 -0.5044440016370985 0.8189979247341559 -246.58804652963545 0.08336921881379097 0.8358177326421447 0.5426401120036394 -154.62776470929484 -0.9582645380378434 0.2166678725914274 -0.1865049815040433 111.49264174416925
-0.26974978962933865 -0.5041792308921804 0.820389147985209 -247.20439203073846 0.08324184710888899 0.836572490679808 0.5414953949274948 -154.25544364704803 -0.9593257246028735 0.2143589768933239 -0.18369644291716591 110.6114323026192
-0.26777922420638284 -0.5045484356359144 0.8208076286078116 -247.44350508150734 0.08265473966909048 0.8367489271780767 0.5413126886343723 -154.1648001259137 -0.959928372897511 0.21279593267656569 -0.18236065897733508 110.17097199424202
-0.2680030787282528 -0.5054194559354048 0.8201984658325918 -247.26249610052847 0.08122456344415557 0.8364575882530518 0.5419790340476229 -154.30021624614085 -0.9599879791359287 0.21187231205574594 -0.1831207342128912 110.3566353497902
-0.2697996379238084 -0.5049104491252345 0.8199229193895826 -247.0748411414694 0.08108098130688812 0.8365631278998464 0.5418376209795124 -154.24725703594422 -0.9594967586430369 0.2126677488538861 -0.1847657943206115 110.81747798438919
-0.2707291125855766 -0.5057554795989884 0.8190953195167359 -246.78933959229803 0.08075833527621912 0.8359389946917246 0.5428481264932238 -154.55272172663948 -0.9592621325175097 0.21311356599096767 -0.18546905161932947 110.99561036326618
-0.27202161168801064 -0.5070866381533795 0.8178431293230755 -246.36441552658607 0.08057020927250469 0.8349055173387796 0.5444641572179472 -155.05768655051125 -0.9589122400681107 0.21399980963442067 -0.18625626787839847 111.20108269226714
-0.2727920711123821 -0.5080006380266303 0.8170188723051344 -246.08988409525426 0.0796110091630384 0.834395623304761 0.5453861302140918 -155.29988391971412 -0.958773473328429 0.2138207089465288 -0.18717406675964526 111.43643560715796
-0.2723657953110382 -0.5089478988245255 0.8165714358380938 -245.99328044440216 0.0792034991915308 0.8339169167978433 0.5461770606627452 -155.52952827043848 -0.9589284015297506 0.2134352645662833 -0.18681998977389389 111.29336410805931
-0.27207178405496035 -0.509551900118945 0.816292720417329 -245.93522798591226 0.07879726509036628 0.8336467633202731 0.5466480266313155 -155.65790078777897 -0.9590453249640652 0.21304913773776601 -0.18666046601721759 111.20720665743356
-0.2706497851029386 -0.5096461165057888 0.8167065138434374 -246.13756647463597 0.07905554922657382 0.8337375344168082 0.5464722717952535 -155.6151202320566 -0.9594263462925215 0.21246778493491328 -0.1853605308706076 110.78053761454844
-0.2702682181092322 -0.5094315183998955 0.8169667180129416 -246.2333975120949 0.07929373825062522 0.8338848377353629 0.5462129442527963 -155.54458668557572 -0.9595142486457935 0.21240434424899118 -0.18497783972642295 110.62901044536143
-0.2693362556052618 -0.5094727822946259 0.8172487170485555 -246.36890296368475 0.08013945679252724 0.8338079301703053 0.5462069232901667 -155.58733655957164 -0.9597060221138219 0.21260719575330503 -0.18374583378237483 110.22751717977097
-0.2679722600834337 -0.5102248349279542 0.8172279275994659 -246.44714379796514 0.08053132070129623 0.8334201929808369 0.5467407871358134 -155.77813041035242 -0.9600549849940269 0.21232380873214768 -0.1822444129008975 109.741365269993
-0.2664324139378681 -0.5107245231379037 0.8174192499989229 -246.59456805917765 0.08107980339587076 0.8331923130069563 0.5470069789567638 -155.89175952973514 -0.9604373140838124 0.21201658192622402 -0.180579995303448 109.20602081770973
-0.2646875083944743 -0.5102111605436949 0.818306235193513 -246.94737304797283 0.08215487747406092 0.8335555577340303 0.5462926946957386 -155.7198251492771 -0.9608283400312186 0.21182470070170148 -0.1787154083046212 108.61220356151672
-0.262379610193037 -0.5100115800343171 0.8191734421878247 -247.32816625657503 0.08288487752994869 0.8338666586279981 0.5457073324644112 -155.57098824233427 -0.9613984799404436 0.2110795676030187 -0.17651736149378439 107.91451307552703
-0.2593339653762834 -0.5107569032771233 0.8196787664426693 -247.65445350676592 0.08315883821559325 0.8337540627147535 0.5458376778248968 -155.6264142280953 -0.9622008636604135 0.2097177833694757 -0.1737467965452838 107.04000597528912
-0.2568029943501174 -0.5102114162488136 0.8208145544653758 -248.1223934658645 0.0834319902460576 0.8344228216698997 0.5447730331798966 -155.30058675456894 -0.9628558173975974 0.20838153806377063 -0.171714325255006 106.38443872197777
-0.2539146295153751 -0.509006305066674 0.8224596903924483 -248.75130797699936 0.08349847877363786 0.8356179372852809 0.5429278653095462 -154.71548217530668 -0.9636157766249774 0.20653146077405346 -0.16967436680293652 105.72127998314332
-0.25332220061905836 -0.5082017397766472 0.8231396323598483 -248.97404905526685 0.08464995329915212 0.8359852114460798 0.5421836512196803 -154.5384117772607 -0.963671234436293 0.20702588710458764 -0.16875435990986887 105.41147619422965
-0.2529156246326346 -0.5067721576847053 0.8241454161810721 -249.27431161616818 0.086825509713302 0.8365139546387524 0.5410228595518497 -154.2823749504143 -0.9635844631788691 0.20838998030189318 -0.1675666984518911 105.02720335705864
-0.2533338801376456 -0.5051689163055841 0.8250007946499487 -249.48236011584356 0.08708035327027652 0.8374500055959833 0.5395317416071194 -153.81993750486006 -0.9634515853164232 0.2085230302051295 -0.1681641716458704 105.16384412010912
-0.25382513267571444 -0.5045578011343683 0.8252237438032227 -249.5115519054946 0.08753689471994938 0.8376809027238088 0.5390992462196669 -153.70544291603022 -0.9632809009239954 0.20907446167878974 -0.16845704315575466 105.21288668042456
-0.2545839311387228 -0.5046578906822239 0.8249287456369325 -249.3819931450559 0.0881170148110344 0.8373813597938381 0.5394699713335446 -153.8533300150198 -0.9630277325740657 0.21003064453072554 -0.1687148916108535 105.25467763326233
-0.2557602619943554 -0.5046900913896661 0.824545086722169 -249.20237458236622 0.0885022484627141 0.8371077520454548 0.5398314213552687 -153.98901640806952 -0.9626806533849234 0.21104151989240436 -0.1694326901158133 105.43372569391519
-0.2562539079768622 -0.5042726948417457 0.8246471875193835 -249.1970414929994 0.08905318842051396 0.8371890155831512 0.5396147531517784 -153.9487542120452 -0.9624985528709777 0.21171585066772358 -0.16962586564942234 105.45350761367425
-0.256351479256416 -0.5034771749706495 0.8251028138157216 -249.31293179836894 0.08996076738108547 0.8374951014402441 0.5389888824417453 -153.79661933616853 -0.9623881646275859 0.21239747961585909 -0.16939991510498809 105.34920879810592
-0.25682957925431743 -0.5043801163728064 0.824402368645193 -249.0870389574806 0.09041984347834242 0.8367337072436039 0.5400934688252836 -154.17229272610774 -0.9622176568351896 0.21325431149247553 -0.16929199480326262 105.28043935412471
-0.2565505320475908 -0.5038108447023186 0.8248372307712802 -249.21931228786448 0.09016876204760393 0.8372023319638442 0.5394087964661894 -153.93963582026262 -0.9623156544798076 0.21276016571397158 -0.16935670352384244 105.25285414106644
-0.2568879495956073 -0.4990533277536834 0.8276196937063179 -249.96162106283185 0.08932861917657431 0.840430970570198 0.5345055486170764 -152.33171349387646 -0.9623039951847708 0.21123815887384084 -0.1713168441427134 105.77721075338827
-0.25709061974421715 -0.4961520315130766 0.829299448248328 -250.40885678068838 0.08873290835935338 0.8423994620523132 0.5314975233320128 -151.34023267444962 -0.9623049850300189 0.21022917960982482 -0.1725479870266676 106.08508562405468
-0.25626878631720434 -0.49511027919857487 0.8301759576086363 -250.69673545899656 0.09169260140453997 0.8425322269675667 0.5307842437080637 -151.2681645116622 -0.9622467334354403 0.21214442710800166 -0.1705167617562642 105.44781290511386
-0.2547259555553378 -0.49477605101839867 0.8308497739694336 -250.97111114268515 0.09555984846658322 0.8421069538790974 0.5307769716081432 -151.47170820573933 -0.9622801062723181 0.21459854977866677 -0.16722577404643513 104.44202576076896
-0.25431844253704505 -0.49039201714396335 0.8335693128390743 -251.7387179640138 0.09732443296991317 0.8445557757569998 0.526548664780927 -150.22007148817514 -0.962211039498413 0.21503769706022896 -0.16705898452467793 104.34781941872708
-0.2518004086182921 -0.49093734777398207 0.8340126346646729 -252.00800431179337 0.09683305459932695 0.8446745529239117 0.5264487241695561 -150.16087789389462 -0.962922589701075 0.21331999485148553 -0.1651504345738674 103.71756586591209
-0.25017115954174035 -0.488534298847747 0.8359118552711651 -252.6216260459231 0.09688589925411073 0.8464002210694012 0.5236599930292469 -149.2738125702788 -0.9633418466252068 0.2119926994568653 -0.16441283988097707 103.44145485058021
-0.24829251169680078 -0.48669004166820345 0.837546196920681 -253.1769164956834 0.09729346710756065 0.8477200382789043 0.5214448369277448 -148.59004168497833 -0.9637867035259844 0.21095862163328316 -0.16313077595935468 103.00209866451524
-0.24662935670218245 -0.484945242646705 0.8390483132972717 -253.68335668013833 0.09838694567159115 0.8487900093929958 0.519495456068727 -148.02543584230537 -0.9641026757218774 0.210674230956156 -0.1616242527498558 102.5014597505203
-0.2437716634428509 -0.483684541953659 0.8406096834901348 -254.27489368620994 0.09938334735384052 0.8497360130103153 0.5177563697938237 -147.52253562971123 -0.9647270735140853 0.20975693568607423 -0.15907137253615686 101.68636158543183
-0.2415448781110421 -0.48084338766452195 0.8428794150989976 -255.0228717730805 0.10030766150195056 0.8515738709934171 0.5145486520099896 -146.5480948100092 -0.9651914032472171 0.20883385448866626 -0.15746103110634918 101.1469580284388
-0.24026100557788466 -0.4761532056593071 0.8459035251960292 -255.9212951250681 0.10108796566672593 0.8544179945852377 0.5096578398556264 -145.03189078320662 -0.9654304078472287 0.2079615716167439 -0.15714996765709932 100.99190576653982
-0.23714467933021854 -0.47525163141429705 0.8472887866031376 -256.4766128824408 0.10014779489953848 0.8555616316830409 0.5079219561789123 -144.43022928298575 -0.9662985150780932 0.20530509304423533 -0.15529648588416317 100.36919566756585
-0.23525731343612355 -0.47346371241801144 0.8488145318608609 -256.9976744744635 0.10050618300834893 0.856793277340048 0.5057704885439566 -143.76201595965497 -0.9667225577444183 0.20429731502948065 -0.15398085406905418 99.91743104831276
-0.2329255274167811 -0.4733014430458189 0.8495477871717163 -257.3281349778492 0.09989690444245602 0.8573098930212516 0.5050152035441162 -143.48975943876303 -0.9673501471341333 0.2024981267533993 -0.1524080099631745 99.3819759290955
-0.23070545796234643 -0.47163364077701964 0.8510797263205118 -257.8697252852085 0.10114778511165459 0.8583121238045845 0.5030600597315096 -142.93180424254535 -0.9677520949258599 0.20214353073367616 -0.15031259344822961 98.70188722511358
-0.22733793292119972 -0.4701799446464622 0.852788534108759 -258.52503574163484 0.10154860481591585 0.8594979926477146 0.5009501786550137 -142.2820905478102 -0.9685067604901151 0.20048446395369104 -0.1476503796071792 97.84247738071156
-0.22417828499379608 -0.46821022041024807 0.8547065496652213 -259.22467128767454 0.10347738553045085 0.8606346768646485 0.4985984192332189 -141.63506267499838 -0.9690389709506129 0.20021773767943032 -0.14448643637901812 96.84263079481036
-0.22102660680130254 -0.4671082343450992 0.85612915876806 -259.78839659643916 0.10383157669694329 0.8615803613428681 0.4968886038428726 -141.11068212776308 -0.9697248283747968 0.1987188424767421 -0.1419315992940774 96.01356521481735
-0.21684159654817137 -0.46567561120962075 0.8579778243818346 -260.5258163310575 0.10405310028095896 0.8628570286106438 0.4946217751971002 -140.40200184440698 -0.970645493642432 0.19652982802047186 -0.13864830460515176 94.95971413062196
-0.21104927788280847 -0.46423488552395953 0.8602000775213295 -261.45830990478106 0.10338247460712705 0.8644850708745608 0.4919122138950325 -139.50642061205662 -0.9719929352877271 0.19274733019567783 -0.13445519868412126 93.61982103893854
-0.20513633875976103 -0.46490111058164496 0.8612700156746395 -262.08375972165135 0.10167188075836989 0.8651011193254987 0.49118518097029845 -139.18556045495913 -0.9734381907359585 0.18832687201172899 -0.13019630599591325 92.25402083451506
-0.19850446952739742 -0.4634500151698686 0.8636029521815537 -263.090729819071 0.1006842678749397 0.8668332842932738 0.4883264640011057 -138.22785635212912 -0.9749146905140643 0.1838862166677654 -0.12540815579332015 90.72677266218047
-0.19342669606638913 -0.4582506795400583 0.8675208515937329 -264.438049169742 0.1035666720517508 0.8697426257297317 0.4825160198676076 -136.53532042077742 -0.9756331573337214 0.18317772705715932 -0.12077194467759081 89.27392824429876
-0.1866978429926323 -0.4637428991291809 0.8660753078856139 -264.42054154525533 0.10436842890743445 0.8672242577501349 0.48685656801271726 -137.9475526230699 -0.9768577923471217 0.18128599029431422 -0.1135087805137453 87.0281881578452
-0.18061144824356454 -0.45713209334058535 0.870867242466621 -266.0566366153961 0.10550625043436479 0.8713148323875808 0.47924825923594405 -135.59657520436792 -0.9778793053759974 0.1784396595475791 -0.10913914063204248 85.6325357756892
-0.17383679885507514 -0.45686741601616787 0.8723834773461322 -266.839370392034 0.10577398642410629 0.8720840833996241 0.47778783500314237 -135.14891443404375 -0.9790774387962234 0.17533258585826753 -0.10327561753134241 83.78707189649882
-0.16815952247863983 -0.4561981731397062 0.8738452962760346 -267.5431132460351 0.10868213913165842 0.8724844947558581 0.476402140050171 -134.8571077448506 -0.9797502577869133 0.17508293244805614 -0.0971359826833844 81.88264920104378
-0.16177188725119881 -0.45308556810562617 0.876666027897504 -268.65184385218936 0.11469354043230254 0.8737144066451474 0.4727245788023102 -133.99958605439986 -0.9801404227345636 0.17702147777916621 -0.08937644055673148 79.50971249028315
-0.15792580049545935 -0.4545543838220595 0.8766069550750876 -268.8408439345068 0.11750801121817137 0.8727878811442736 0.4737437934445581 -134.45861878887507 -0.9804342450350348 0.17782470772037787 -0.08442194315901366 77.96837093296813
-0.15138932311351164 -0.4559234212641011 0.8770490902965863 -269.3108632378554 0.11740540263706564 0.8727012266392408 0.4739288347990581 -134.50416918357962 -0.9814770727219567 0.17471806708294757 -0.07858977513606567 76.1147214103931
-0.1452665464796438 -0.4528779706784458 0.879658555433897 -270.3371250796872 0.11513291398773642 0.8753116226970636 0.46965303713286677 -133.02989728503135 -0.9826708719559006 0.16950252754931483 -0.07501233607763329 74.92599280724302
-0.14140808949938194 -0.45455945573056317 0.8794199528269012 -270.47407085631045 0.1164869597121419 0.8745347331634988 0.47076510990903975 -133.44469160607855 -0.9830740259213223 0.16901095141020486 -0.07071603681104285 73.56035386696355
-0.14394208362013247 -0.45793832879156093 0.877253192406096 -269.74677623561087 0.10402430600097504 0.8745715036683771 0.47360704041668256 -133.7251298585838 -0.9841034601728165 0.15942763874192556 -0.07825092766903008 75.71594014131774
-0.14883155025972472 -0.45615250028074017 0.8773676915267145 -269.5109273646809 0.11220586783385778 0.8737288414192461 0.4732945751810723 -134.0312953183733 -0.982475960454472 0.1688869685908602 -0.07885543081647516 75.93348380150972
-0.15352330781989387 -0.4459289391549146 0.8818038189870865 -270.44826264551614 0.11207680725079502 0.8787663796527567 0.4639056361680195 -131.05713716667492 -0.9817684977796477 0.17005008443443714 -0.08493282964398705 77.7180121527173
-0.15678569279551513 -0.44774553472280454 0.8803080044339142 -269.8597584702494 0.1132730503167402 0.8772974871473025 0.4663886095489147 -131.90032668633955 -0.9811154175766335 0.17283823414053556 -0.08683019182640232 78.26544362589743
-0.15842473038924687 -0.4424774892298765 0.8826750683722288 -270.39347185758817 0.11280094232919091 0.8800010459167297 0.4613828200042861 -130.29528670435784 -0.9809064951414791 0.1726610283482798 -0.08950205069702874 79.03057942661363
-0.16255816164494688 -0.4414494576347042 0.8824382247141387 -270.0954403870889 0.11419336407731473 0.8799071412295086 0.46121936040675815 -130.313076192752 -0.9800687321220491 0.1757435608133017 -0.0926254886591167 79.94492259229227
-0.16552213165510105 -0.4402600591147548 0.8824814469894674 -269.9331464123199 0.11548800194484271 0.8800149581524099 0.4606909971280105 -130.21124274712272 -0.9794207192719274 0.1781705749451496 -0.09481719719848002 80.57811229825496
-0.1692307506493603 -0.4390418504788678 0.8823849537264026 -269.6991049854821 0.11600407767353527 0.8802019502555094 0.4602038469303691 -130.08331302521339 -0.9787257056998997 0.18024089517778616 -0.09802659183988748 81.50260173132126
-0.1695000058120413 -0.43849930735503584 0.8826030282515871 -269.7366649502165 0.11491658144686279 0.880658673469372 0.45960252409199465 -129.83523293694955 -0.9788074005330591 0.17932835328614316 -0.09888080890342527 81.68741712557271
-0.17033301672922183 -0.4405869063377562 0.8814022018214203 -269.3618308714421 0.11177279220721678 0.8800617628552454 0.4615172114692151 -130.27621311244565 -0.9790268159423035 0.17712840405717856 -0.10065794624386047 82.14378759976721
-0.16965023597717205 -0.4371696231808463 0.8832335580132848 -269.88714278247267 0.10858711433655052 0.8824758520977963 0.4576518426318512 -128.89034960075205 -0.9795037703005285 0.17354852644774799 -0.10224124869574193 82.52846532137156
-0.1676206691922153 -0.43907669111926667 0.8826748951767632 -269.8448936462667 0.10766375714954118 0.8818344432713996 0.4591040514487595 -129.30006693779595 -0.9799550125674129 0.17198742388900606 -0.10054103325520779 81.94189995294117
-0.16657609826785286 -0.4345971070451755 0.8850862997661997 -270.546774249039 0.10585190656661422 0.884558425596872 0.454259579515717 -127.68169549847038 -0.980330442943639 0.16935686066276573 -0.10134335885681499 82.09952632884094
-0.1635732050567735 -0.43379536887458303 0.8860391551903444 -270.9645537258986 0.10671160517847633 0.8850860893787752 0.45302897005425546 -127.33821141741474 -0.9807428000794538 0.16865406111668635 -0.09848536825925618 81.17323450412736
-0.16030288365343337 -0.4337483095684008 0.8866596807337912 -271.30624379573686 0.11118976948503209 0.8846238321121364 0.4528548451999872 -127.50971682088843 -0.9807853081354039 0.1711814230744495 -0.09357937668069334 79.66547549141399
-0.15783044080176395 -0.42966415562243576 0.8890884462918074 -272.09109133984515 0.11476717792763194 0.8862900684018196 0.4486852009179991 -126.37621496702322 -0.9807742078719486 0.1728543549510895 -0.09057220957663888 78.71340805604461
-0.15515303744394482 -0.4309750882240303 0.888925198372848 -272.1905265463434 0.11480045363909441 0.8858595682191838 0.44952606291379715 -126.6438333243387 -0.9811974270329983 0.17179435009571833 -0.08796766712272043 77.8586101584876
-0.15122806180040052 -0.43195417890551957 0.8891263468428731 -272.4547903911859 0.11660786530019054 0.8853954426959498 0.4499750168657989 -126.8739513373344 -0.9815970044138415 0.17172797494672154 -0.08352738201614683 76.45814681063383
-0.14895091116551157 -0.43621646075049747 0.8874282086080393 -272.1203420632962 0.1135194849165356 0.8839629224767409 0.45356683987110913 -127.85317448355855 -0.9823069543718238 0.16829958721485194 -0.08214801480292834 75.94731206584939
-0.14555571298003048 -0.4366907953417327 0.8877582349281138 -272.39023626841623 0.11447457792588414 0.8838538611357408 0.45353932923632234 -127.89031279515024 -0.9827049940992291 0.1676409896751014 -0.0786599844469021 74.82539709537595
-0.14177985794620357 -0.44085620267015446 0.8863093593367981 -272.20138335462167 0.11152262365548005 0.8825401147175332 0.4568212454859788 -128.7757180499193 -0.9835960432483206 0.16361159641545728 -0.07596097171991041 73.91007761048925
-0.1380487555704639 -0.44013503653734964 0.8872562711515273 -272.6566096032268 0.11014076037962195 0.883454843159669 0.45538615811278665 -128.2513044578233 -0.9842822532121795 0.16058857278770206 -0.07348303410695525 73.06477597406108
-0.1330073542412327 -0.4436532018780648 0.8862735921717899 -272.6592490081838 0.10813862705650942 0.8823840120488472 0.4579350310021208 -128.95409909560402 -0.9851979907897095 0.1567491363418671 -0.0693875147270628 71.72537646625429
-0.13060418104469115 -0.44722650747815273 0.8848338820945655 -272.3989737828163 0.1072847292257105 0.8808623787557697 0.46105472187983654 -129.89376345128 -0.9856127712081514 0.1551448378181536 -0.06706373483312203 70.94503223780997
-0.12354282556592305 -0.4534247398713221 0.8826908720066227 -272.19031827487004 0.10266569992694669 0.878891688519833 0.4658424131713072 -131.17621480902613 -0.9870141459521733 0.1481735641853183 -0.0620295942830623 69.28688613533413
-0.12280824137212035 -0.45544957815717857 0.8817504281867603 -271.97847259438817 0.10017648897137929 0.8782489221999683 0.46759330802735155 -131.60470268946793 -0.9873615380945595 0.14575497388097117 -0.06223086597905629 69.25657749102581
-0.11356703829385807 -0.45973479491080144 0.8807646939798874 -272.1907153011945 0.0943686026020088 0.8775006528136374 0.470199076088612 -132.14225077889952 -0.9890384697554011 0.13651564987195994 -0.05627062007771838 67.28744770580819
-0.11085461253886966 -0.46268771115778723 0.8795631511281183 -272.0080901745525 0.09458239654675188 0.8760892734814681 0.4727808743532108 -132.96509958680468 -0.9893257426865685 0.13560113139012356 -0.053356424387213136 66.32835017221551
-0.10345303661292861 -0.4652321269077966 0.8791225951529239 -272.2687781644971 0.09225897258979707 0.8755661697932438 0.4742068792101854 -133.30083763012343 -0.9903462784260054 0.1301650890463188 -0.04765814097638274 64.47696937745003
-0.09870489301394283 -0.4730575856603255 0.8754849311920394 -271.52734182130865 0.08846267973535249 0.8721266964507226 0.48121656209235947 -135.32876239890052 -0.9911769258760752 0.12494617235903221 -0.044235230571123524 63.3101355979725
-0.09253634376983048 -0.4754305070899018 0.8748730525110203 -271.67584955359325 0.08799449017543043 0.8713005358438191 0.48279638144567727 -135.80570062591667 -0.9918134879000576 0.12166022014821723 -0.03879170082645886 61.554606117634954
-0.0922287659064826 -0.4785800834010809 0.8731866687662964 -271.239119892328 0.0773069861227384 0.870835853442029 0.48545704882771235 -136.12147759635621 -0.9927323328249091 0.11227653419885919 -0.04331853220397054 62.74130588754383
-0.09564772141565446 -0.48016203883062103 0.8719494996007592 -270.7315672190516 0.07064916665988705 0.870481890333678 0.487103658220065 -136.31876720568823 -0.992904934340774 0.10819286051827809 -0.04933656143891221 64.45786820053496
-0.08650988659542905 -0.4820103811814212 0.8718841849434976 -271.17444638991964 0.07028196106119716 0.8700319463489086 0.48795989413241936 -136.5715060886878 -0.9937688289892365 0.1034910854405856 -0.041389730171759065 61.926424860735295
-0.08294890953766862 -0.4770838443870732 0.8749345597422488 -272.186045601907 0.06829330414523585 0.8731748469298914 0.4825989134860199 -134.78158555347125 -0.9942109952195449 0.09978322561338446 -0.03984726930105045 61.35322632475997
-0.07883562787029055 -0.4726818405261385 0.8776997330608681 -273.14487544205326 0.06526415309077463 0.8761039353399386 0.47768450341539914 -133.08157211265117 -0.9947489804466455 0.09494088749687749 -0.038219023818829495 60.73939776865723
-0.0729167787531323 -0.4646839228884596 0.8824692601928176 -274.73553447261406 0.06644986953676613 0.8805949293252333 0.46918758006285066 -130.45329823045037 -0.9951218810853338 0.09285161417917967 -0.033331959580967366 59.17234766949418
-0.07010580665437818 -0.4695985461712101 0.8800922572703529 -274.23393328519643 0.05798722790259411 0.8788526506825579 0.47355622663883845 -131.422539582147 -0.9958527287071677 0.08423315156236377 -0.034381956086882354 59.31502492229721
-0.0571807687339506 -0.4571890085958457 0.8875294756266647 -276.8811872656408 0.06126591132164566 0.8857016435699596 0.46019461827296604 -127.36273544929715 -0.9964822365686821 0.08068958418916508 -0.022634999590389615 55.64776965216858
-0.052196862955902736 -0.4580892790264316 0.8873723569835871 -277.090101670555 0.058629393844461 0.8856452488330044 0.46064637998898494 -127.3727681100179 -0.9969142800035485 0.07607039937169605 -0.019370406924916886 54.529673881723475
-0.0368564555222528 -0.4579278270056788 0.8882250317009724 -278.06519014350476 0.052642328335681166 0.8867051442925586 0.45932861042233275 -126.66702095096034 -0.9979330573509101 0.06368745825490238 -0.008574421688693462 51.00722139157747
-0.04187148488729981 -0.48207215015576044 0.8751304021673196 -274.2817019601891 0.03300859641069728 0.8747529658999005 0.483443565695442 -133.3400294074096 -0.9985775940388051 0.049129326206751256 -0.020714680546469827 54.43298188907733
-0.04539660359912335 -0.489002661091892 0.8711001927601165 -273.017495288167 0.026599069620075355 0.8710983267731545 0.4903878002034274 -135.23074441031568 -0.9986148596315851 0.045432395248968444 -0.02653788960959519 56.10430996413141
-0.04051348186881591 -0.48533111385140837 0.8733913027472944 -273.8763179449525 0.03577482785059452 0.872843917626699 0.4866864053518818 -134.4957905684298 -0.9985383415168019 0.05096278436101356 -0.0179993091825041 53.59838985798973
-0.04082300662046714 -0.47694624390152285 0.8779839193052992 -275.11776240835786 0.044102353798027294 0.8769998966395249 0.47846229076462854 -132.29303639385648 -0.9981925989106204 0.05825342670170927 -0.014767320595479153 52.70055305171124
-0.040128763193795915 -0.4780826077074719 0.8773976878087607 -274.9945299958167 0.044108288797608614 0.8764014206145421 0.47955709650067624 -132.640065469215 -0.9982204872791797 0.057944543767602746 -0.014081499340672321 52.461877013041665
-0.0366787013711844 -0.4715509382644966 0.8810756979327011 -276.16271575751523 0.05003508452911093 0.8796965840753301 0.4728957710556954 -130.82049699401347 -0.9980737263258103 0.06142989978885599 -0.00867203724870437 50.84016355700965
-0.03274982312823335 -0.47515330330060496 0.8792933455039864 -275.8670658738102 0.046029420613546146 0.8781147485600646 0.4762308062266406 -131.68359460241464 -0.9984030957098695 0.05606983791503364 -0.006887071448095791 50.194623163265646
-0.031171304181292166 -0.4747005552069812 0.8795952095605236 -276.02626621017913 0.04764826271086012 0.8783165885342256 0.4756990785845996 -131.5924530614672 -0.998377680467805 0.05673934430167485 -0.004759616785181775 49.53463434745293
-0.02904248003674701 -0.47484346919641374 0.8795909356711386 -276.1280153731486 0.04664935639358889 0.8783594547913093 0.47571893564033896 -131.5502981748986 -0.9984890444573634 0.054848408730130305 -0.0033585947051529563 49.05534434898566
-0.02716735208295057 -0.4736695620896967 0.8802835230370701 -276.4063627382757 0.04392115283626585 0.8791925313488808 0.4744380098114829 -131.0144270814116 -0.9986655432697847 0.05155229160864061 -0.003081219817426914 48.897426684669206
-0.025446300770676583 -0.4724909681972393 0.8809680872478435 -276.6751587119978 0.03999949120881502 0.8800664899566907 0.47316277744381663 -130.42409346519946 -0.9988756311373926 0.04727851760944091 -0.003495038272981546 48.93458967835099
-0.024706154209497976 -0.47111431472916965 0.8817260960193033 -276.91629882798895 0.0383453426378961 0.8808996666845602 0.4717471906996524 -129.89819050242676 -0.99895907856236 0.045465148105957864 -0.0036986031882964288 48.94631159439944
-0.02509533128784943 -0.4692601513541663 0.8827033106874689 -277.16277501642395 0.03923417755969846 0.8818387862720084 0.46991598646728916 -129.36295665094036 -0.9989148630683033 0.04642483578189904 -0.0037190003840507635 48.94665961143494
-0.024694242740858553 -0.46514417394669505 0.8848904405738048 -277.77442031736535 0.04139344968799477 0.8839255055464089 0.465792102731952 -128.1655326389051 -0.9988377128935327 0.048131051182917106 -0.0025739490368727053 48.60340375232412
-0.02566654626305917 -0.4621679274538757 0.8864209131309546 -278.1423344836182 0.042129145083279 0.8854251892910477 0.46286863071876494 -127.27888239510338 -0.9987824405432237 0.04922439437820869 -0.003255066914873886 48.80752956454786
-0.025466819201741903 -0.46054991246929555 0.8872684031589707 -278.3803471328727 0.04098662983488688 0.8863289303657607 0.46123868373268984 -126.7104710611749 -0.9988350901397706 0.04811242377193772 -0.003695589840029573 48.9036584966083
-0.02767172332786369 -0.4581402922556302 0.8884490690748637 -278.5940908880175 0.0426705601062512 0.8874379133420452 0.4589478982012394 -126.06898057260119 -0.9987059121825028 0.05061049866423106 -0.005007833530868408 49.32292822107127
-0.02984848141108471 -0.4561410403149574 0.8894067795434443 -278.748026334293 0.04686583923701146 0.8881859975012334 0.457087767234423 -125.68347365007564 -0.9984551373347043 0.055326170869922114 -0.0051335705711973295 49.41354926155634
-0.032158733086134206 -0.45455186212007526 0.8901395511544618 -278.83418923221933 0.05147914529188277 0.8886648040078597 0.4556586043494505 -125.4538999713747 -0.9981561568644016 0.06047702671960617 -0.005178392882355332 49.486219691112126
-0.0350529060141742 -0.4523577755673551 0.8911474270084133 -278.9660947080027 0.04944426742213767 0.8898184466531047 0.45362803750974545 -124.71654144156368 -0.998161589222431 0.05996311265777718 -0.008824223554574157 50.570140860148086
-0.03895095266368546 -0.4506663487214225 0.8918422873001102 -278.9647497182811 0.0412535528659789 0.8910333907236394 0.4520593334856248 -123.83093751333165 -0.99838918647115 0.05439980464702626 -0.01611501138194278 52.68648953262871
-0.04232461134662838 -0.4492243248825116 0.8924158969943378 -278.9553157501543 0.03537521099380683 0.8919824262006105 0.45068386458405235 -123.11788892295526 -0.9984774517842155 0.05064442005911868 -0.02186140424069416 54.3567377438286
-0.0463132979455042 -0.4484386081858327 0.8926129581861134 -278.81420335323344 0.03636766647566114 0.8922224728746785 0.45012937221704274 -122.99039034642912 -0.9982647300533692 0.05330922608467656 -0.025013099482607465 55.3370441648299
-0.049130893684988665 -0.4468660091279726 0.8932507627602412 -278.8480246964169 0.041017732483308034 0.8926736083864822 0.44883334826211896 -122.80315611813131 -0.997949748688601 0.058690704343154015 -0.025528421730736828 55.556209979678755
-0.052423773078722744 -0.4472541840594675 0.892869219347095 -278.58396025439254 0.04174381066885646 0.8923357225631288 0.44943788503928145 -123.02807157624214 -0.997752074559123 0.060832993342755215 -0.028109511449455227 56.35315236999742
-0.0551436993849683 -0.4475398950225365 0.8925621629787795 -278.36741913021865 0.04201138405149224 0.8920907444883117 0.4498990411285274 -123.18560149493247 -0.997594214111238 0.06230686929630916 -0.030391413430019693 57.04842392959473
-0.05701315544038853 -0.4465192363685391 0.8929558061066555 -278.38083216035454 0.04409503308905732 0.892411626418969 0.4490624868424502 -123.02044464152273 -0.9973991819545497 0.06497738518213492 -0.031189922271263257 57.3101187969706
-0.05874010012497504 -0.44691242592435326 0.892647121874998 -278.21209042815167 0.0444795053417637 0.8921313592493253 0.4495811511268053 -123.20217366288662 -0.997281893068284 0.06611294425723901 -0.0325254417307326 57.711689482649234
-0.06017273359811627 -0.4438178574131637 0.8940944869377727 -278.5300047764652 0.045688911285173855 0.8935541717766002 0.4466245240537175 -122.32817092014875 -0.9971417980994006 0.06772482219853276 -0.03349004241967281 58.00755001729904
-0.062360966532160306 -0.44011918106030856 0.895771296881061 -278.87227580213226 0.04531120528223495 0.8953442696874455 0.44306380287011293 -121.18872271779263 -0.9970245756896096 0.06821836410130644 -0.03589220347506751 58.72265790099534
-0.0637802480056219 -0.435321614152579 0.8980129020319998 -279.40213703582435 0.045216017837709344 0.897660376000337 0.4383621346442147 -119.70393881628466 -0.9969391113278889 0.0685634130606538 -0.03756949153545791 59.2163855221569
-0.06452761385501751 -0.4375836896114258 0.8968593544342552 -279.05437592742527 0.04490929284970094 0.8965484592247063 0.44066315443606674 -120.41238255390135 -0.9969048813532401 0.06871226126286614 -0.03820055871615061 59.38719168170695
-0.06599174276935368 -0.4358063860132954 0.8976178940931904 -279.1841594793128 0.043657174718641945 0.8974563303511671 0.43893756527347133 -119.81015134700503 -0.9968646552977237 0.06815371613233917 -0.040198631761579964 59.96378766279914
-0.06713571786410674 -0.4374291611771854 0.8967432878693293 -278.89125814906237 0.048049992139951425 0.8963107243745576 0.44081547571121626 -120.60775299252407 -0.9965861697024605 0.07268297134115564 -0.03915599615383418 59.691950369872764
-0.06911019136855237 -0.4325158338771712 0.8989737676342604 -279.38981560708316 0.05233496913094823 0.8983156219165779 0.4362225285639138 -119.36501784010568 -0.9962353298568891 0.07719518680699716 -0.039447061725406726 59.82458695888887
-0.07031483489523102 -0.4345288600891967 0.8979089562663018 -279.0427101888034 0.052831614796310045 0.8972513524743342 0.4383478424276688 -120.05651295295651 -0.9961248137014109 0.07826033626660031 -0.040133219354643423 60.02564172383358
-0.07147790998261004 -0.4320714859356455 0.8990023022361407 -279.2757831794864 0.0521007082757696 0.8984599492272726 0.43595324959413917 -119.26751510300073 -0.9960805311728972 0.07799968381916658 -0.04170880893083603 60.47848837332685
-0.07146602857941252 -0.4315422035229072 0.8992574344077897 -279.34215559432 0.05261025806802985 0.8986768685710931 0.43544465393580045 -119.13046115106677 -0.996054600664593 0.0784296657767165 -0.04152132007837231 60.40545856466431
-0.07135896607418168 -0.4287314357841994 0.9006093792156746 -279.70642481023106 0.05242436674324075 0.9000511454476626 0.4326194879451462 -118.2323787323476 -0.996072077578924 0.07808515575171243 -0.041750745129121095 60.44772043435006
-0.07097399501780186 -0.4287762094094365 0.9006184843071391 -279.72532924307274 0.051699764033943774 0.9001005621620879 0.4326038746871421 -118.19324345124319 -0.9961374535826107 0.07726538837001426 -0.041716103964575896 60.40305849082186
-0.07141884138080395 -0.42607264824003716 0.9018655373821227 -280.03467140189747 0.0534263331635339 0.9012423738351014 0.43000908191428927 -117.4578272875806 -0.9960145460888221 0.07889411908242855 -0.04160218688584695 60.369040452139785
-0.0700774639733312 -0.4242604294050081 0.9028245882142026 -280.353715792714 0.05369888367228676 0.9021329214175484 0.42810351784000744 -116.87111815011443 -0.9960951656018698 0.07848108138728413 -0.04043687585442032 59.98713574527884
-0.06860424458234668 -0.4238838888130665 0.9031145588628265 -280.50094341272415 0.053894311398457656 0.9023508221376524 0.4276194534704769 -116.72698324670182 -0.9961871615435384 0.07800924683789193 -0.03906016620053247 59.53969769773521
-0.06667839910597613 -0.42567322797595225 0.9024169181022689 -280.406135915902 0.05353284447343104 0.901600822239978 0.4292437441580007 -117.2188700394855 -0.9963374055284925 0.07693023021367243 -0.03732980074985348 58.97485952407868
-0.06503656237398547 -0.42294427570711907 0.9038187789602267 -280.85763016120205 0.05387398869035698 0.9029271778667256 0.42640368761564607 -116.34082298513364 -0.9964275382069515 0.07642415270194788 -0.035937584596399424 58.52215640137148
-0.06290084748319034 -0.4240370883394602 0.9034578192137636 -280.86241679431555 0.052065385731802 0.902623502264982 0.4272704164431431 -116.52610315789855 -0.9966607642495492 0.07391455114854659 -0.03469812868172854 58.084931078408594
-0.05924325123011571 -0.42191875425920433 0.9046959721298898 -281.3671180490481 0.04828763075588369 0.9040156207633481 0.4247635367258368 -115.55831222880515 -0.9970749931172022 0.0688499979681845 -0.03318336752218119 57.524415486545166
-0.05914076068133255 -0.41690225781133394 0.9070252906384946 -281.990131375814 0.04478557312546044 0.9065926921853685 0.4196235728792056 -113.77902185870923 -0.9972445150843687 0.0654385047804272 -0.03494537489060079 57.98817954988689
-0.057590575176128936 -0.4141096273871676 0.9084032926823549 -282.42922110321194 0.04418258851244489 0.9079647669179888 0.41671078808677653 -112.83672356085093 -0.9973621330906959 0.06413422285194997 -0.03399377790057771 57.65753725529368
-0.05936131465593376 -0.40350291457990917 0.9130507281897527 -283.57343293873924 0.04753206420713704 0.9124836538212795 0.40634257023006554 -109.74132600518872 -0.9971042759884884 0.06752021500621636 -0.03498690284930193 57.99126629643479
-0.05637600146420839 -0.40781369675549844 0.9113230685094733 -283.25841251163183 0.050986874407472904 0.9104077531788994 0.41055823166745187 -111.2255965135693 -0.9971068574115136 0.06961114630835241 -0.03053200308812045 56.64458258912551
-0.05738756137746137 -0.40281202174814246 0.913481878820988 -283.7794497918338 0.05121968072922409 0.9125969003999601 0.4056395465020415 -109.69289545543182 -0.9970372170110524 0.07006691455715428 -0.03173980748675058 56.9980039304892
-0.05550572142436212 -0.40546846614482546 0.9124222914042179 -283.58819817923074 0.052885188207771994 0.9113544081002148 0.4082110969884763 -110.57712289277131 -0.9970568046793471 0.07091167603765425 -0.029142107750489255 56.200136739869535
-0.055449950573234125 -0.4031842079845438 0.9134373527578683 -283.8575841980208 0.05203940014463734 0.9124344507313855 0.4059005715087154 -109.81288688225764 -0.9971044096853712 0.07004189853503079 -0.029612980863064964 56.30884142894801
-0.05442140655213426 -0.4040967679719647 0.9130958945387389 -283.8153223393822 0.054063549983743714 0.9119172244613887 0.4067973799003538 -110.18947614008435 -0.9970533802520518 0.07150369113024649 -0.027780912200785483 55.75249585434981
-0.054528692563127215 -0.40429725818920836 0.9130007386130883 -283.7833360008606 0.055280975996991555 0.9117363938964462 0.40703901746334403 -110.32192600904985 -0.9969807597843481 0.07266687736096178 -0.027365846495786425 55.62234170611431
-0.052932299475867695 -0.4043852660473599 0.9130557092948945 -283.87276446717743 0.05440604908699251 0.911811641784362 0.4069883434808052 -110.26435984654373 -0.9971149148894227 0.07121858261937003 -0.026263282253883267 55.2454855471665
-0.05126897404861053 -0.40587342502462775 0.912490139759757 -283.80126879180506 0.05429240646696043 0.9112078434328238 0.4083535241264965 -110.68628596860341 -0.9972080158623021 0.07047715179603029 -0.02468084631227331 54.73295613323308
-0.05155772667737808 -0.40347719147015715 0.9135359635959687 -284.0633219685619 0.054269253998375705 0.9122690005738472 0.4059804412314142 -109.94008950539398 -0.9971943887178271 0.07050834387041119 -0.025138109601386044 54.849624315459614
-0.0488628114323896 -0.4004668639009866 0.9150074953661482 -284.57760524024957 0.05541712029886969 0.9136036314922933 0.4028118013438481 -108.99909726499351 -0.9972669494356583 0.07038959753687904 -0.022448521597042186 54.011855809914756
-0.04716031825741704 -0.4046421433666686 0.9132582549276451 -284.1946500481709 0.05516410702947264 0.9118252212060327 0.4068558556395747 -110.25630077113993 -0.9973629357849128 0.06956652775723407 -0.02068024512190208 53.44100126957912
-0.04653137373947231 -0.4057505954467924 0.9127986007616856 -284.10150105995587 0.0570895644712853 0.9112146227421178 0.40795672923659276 -110.68991618797216 -0.9972841184368658 0.07109406160512388 -0.019235943389663702 53.0036307951811
-0.045070890694684604 -0.4045531566513359 0.9134031739902306 -284.3290535276101 0.058367610982444584 0.911703942333649 0.4066806407016251 -110.34802747622692 -0.9972772116117914 0.0716426198342992 -0.017478507461687783 52.45704765536518
-0.043506405226899525 -0.40523679357629167 0.9131759599530851 -284.34152229707314 0.05887248010943075 0.9114131046627951 0.40725935684117687 -110.55163513013434 -0.9973170126845312 0.07147932414992697 -0.01579501279113646 51.92192467047455
-0.042041859033063025 -0.40408394260860503 0.9137552459028235 -284.56215794198596 0.057824922407084506 0.9120467470426337 0.4059889278755827 -110.10346605356176 -0.997441106250218 0.06990635546812687 -0.014978018143438715 51.630760246980415
-0.039809791851983675 -0.4018806129823313 0.9148262968354416 -284.94883439346205 0.058210245692512985 0.913064379629837 0.4036396981809378 -109.3838856729816 -0.9975102745180718 0.0693210758725436 -0.012955333679765146 50.9871499525872
-0.03708537270805732 -0.40246779638173835 0.9146826487950518 -285.0378246094834 0.059108214409847565 0.9128262912612888 0.4040474984100759 -109.55198129423732 -0.9975624762992962 0.06904951019224106 -0.01006335042754792 50.08286335376863
-0.03622056198996236 -0.40161971139947844 0.9150899837199241 -285.1849992814174 0.061199744751804064 0.913080722189649 0.4031602485463356 -109.3707991954703 -0.9974681258724237 0.07060596420295306 -0.0084932730749685 49.61104168867371
-0.03366238957733356 -0.4044466117162371 0.9139418919161103 -285.0011480347883 0.061951014208876415 0.9118572567322778 0.4058058836231634 -110.23503617173567 -0.9975113610212344 0.07028002287947938 -0.005639416425876065 48.719514135254755
-0.030047839393767532 -0.4086564441225691 0.9121935310145891 -284.70767532503095 0.056359328377341006 0.9104610790969343 0.409736805223184 -111.20817389414755 -0.9979582924414335 0.0637223204751991 -0.004325785551160581 48.201906393948924
-0.02487808632089227 -0.410588670291082 0.9114812256155425 -284.76037873575905 0.05591604899416841 0.9097645442264455 0.41134154851331195 -111.6901827835907 -0.9981254812326414 0.06119981942006694 0.0003252953414938503 46.72800492601294
-0.018408773936691915 -0.41113329819003397 0.9113893395039971 -285.0369106141246 0.05416220789507886 0.909795279264199 0.41150820777295355 -111.66006024648836 -0.9983624453464173 0.05693822044955965 0.005519671544513931 45.059846037036515
-0.011935523881160932 -0.41171712965172835 0.9112335312207427 -285.2952178765028 0.05510638380094218 0.9096426835357538 0.41172014130262774 -111.7697538261455 -0.9984091494643192 0.05512888028261054 0.011831180191346116 43.08891912107658
-0.0014924009316417686 -0.4140730994109752 0.9102424078692708 -285.51070515254656 0.05310886330394976 0.9089259986704133 0.4135613347250371 -112.25442283079227 -0.9985876132708744 0.04895913893422185 0.020634469627251142 40.282291396224856
0.009233732224593571 -0.4155295273993074 0.9095328196654109 -285.81013589970667 0.054195734273640134 0.908442674029159 0.414481278695784 -112.59299119834144 -0.9984876366664464 0.045465589868157213 0.030908244243163126 37.06257613787964
0.022171280952678597 -0.415470605729758 0.9093363569524013 -286.33939112136414 0.0522750255683824 0.9087974781216477 0.4139498344746111 -112.33683724975602 -0.9983865764335687 0.03835778322949507 0.04186794075395526 33.56740898692821
0.035017254433398454 -0.4142294214227829 0.9094986411862819 -286.9530060919462 0.05276607376460596 0.9095537354045156 0.4122229298221537 -111.8172562710174 -0.9979927521537492 0.03355575717278089 0.053707334779772506 29.83223524875819
0.048167286426244675 -0.4118018395551199 0.9099995370643609 -287.6620963541339 0.05168187787835843 0.9108641592487994 0.40945752758368414 -110.89873467078714 -0.9975013263235785 0.027308026933417634 0.06515654723590852 26.18622518404482
0.06183294471858312 -0.4113623711832072 0.909372138633001 -288.08592308140175 0.05378961007077779 0.9111648802737368 0.40851589785977804 -110.70104869144998 -0.9966360242314455 0.02365503181727238 0.07846702921521564 22.001400443003895
0.07438082058510916 -0.4086682019031342 0.9096470712767367 -288.6936914830533 0.05216979383156595 0.9125194193172229 0.4056927679667577 -109.74123240214354 -0.995864351275141 0.01728033918118338 0.08919407904746565 18.56056311196184
0.08723099684521693 -0.4065157608294815 0.9094700046656939 -289.18652573808487 0.05518657258093393 0.913520075276241 0.40303289477914866 -109.04722826782967 -0.994658330984142 0.015033571249667088 0.10212147834477386 14.503345433161009
0.09886753436448852 -0.4041712744064232 0.9093243599471944 -289.6302791085814 0.05690149171678763 0.914602460866816 0.4003305619319726 -108.2795387616702 -0.993472410733731 0.012162216946444232 0.11342243865239628 10.932435507926352
0.1098730153123427 -0.40036022010408245 0.909747005856235 -290.1921346368191 0.05672433475618646 0.9163224754745731 0.39640316697349787 -107.04000791248984 -0.9923256876412311 0.00805078246888713 0.12338928052710599 7.748621206229637
0.1195296550722032 -0.39719122647963745 0.9099185629307281 -290.6272759879784 0.05534231867972056 0.9177297852507937 0.39333099169361696 -106.01293125638044 -0.9912869863573678 0.0033422853159600363 0.13167740811313966 5.071403728002346
0.12784739835189254 -0.39399251835398474 0.9101785199705261 -291.02758491422065 0.05523471070175984 0.9191135596434402 0.39010177032827886 -104.99631065600948 -0.9902545983070947 0.0003999508085899828 0.13926834016030099 2.6399777304462675
0.13237739671353563 -0.3893475041294343 0.911528795961777 -291.5625721132038 0.056352915940787646 0.9210908667055028 0.3852479255449349 -103.52785311785999 -0.9895961669814195 0.00036918814351288853 0.14387247824305022 1.190176555424036
0.13574879575916768 -0.38537564797972557 0.9127200416305881 -292.00764734057867 0.05705920003523732 0.9227597159656787 0.3811282648692942 -102.27098216053743 -0.9890988384086166 0.0003413724457821121 0.14725274640419686 0.12303515333888732
0.13777883307715036 -0.38158147962095024 0.9140090631750787 -292.4243760144674 0.056763425969494435 0.924335200587378 0.3773358589205344 -101.07044324535936 -0.9888351261095575 -0.00010660852724991843 0.1490136973788566 -0.44682999533430173
0.13888164656508742 -0.37862788016166304 0.9150698424774228 -292.74399048734995 0.05645225984072466 0.9255489254850311 0.3743959520245638 -100.1356933390892 -0.9886986551049037 -0.00033896576452840943 0.14991615822173748 -0.7438075752999227
0.13686211323570202 -0.3762545159628701 0.9163521709355001 -293.0000091297076 0.05721714136613057 0.9265150751199018 0.37188172085953697 -99.38466569244868 -0.9889362773680345 0.0015345335150114547 0.14833301895513756 -0.22635041017742602
0.13506474653373382 -0.37471642937917615 0.9172486641021066 -293.16306721372933 0.05932884538757782 0.9271288239928563 0.3700165291262003 -98.89852610909455 -0.9890589478634503 0.004443115454753982 0.1474539127195362 0.09031499145516686
0.12922777375330197 -0.37168050412452885 0.9193224599369371 -293.47642530382075 0.05871384041059835 0.928337663508431 0.36707201944025303 -97.95009853845056 -0.9898751777042417 0.006541052319223334 0.14178979934943484 1.8850568523552045
0.12638313213890773 -0.3704993490583134 0.9201942926676548 -293.5912197216104 0.05985121212732078 0.9287905501669015 0.36574027167862566 -97.58616017923895 -0.9901742959285754 0.008851342724721933 0.1395582939646357 2.6132094028854986
0.12145886323236949 -0.36800971247830083 0.9218549756138102 -293.8291235283457 0.06021031682297737 0.9297522091821839 0.3632293315096195 -96.81832726334775 -0.990768621975069 0.011387758448733742 0.13508462779730357 4.042772076708948
0.11732417786737967 -0.36618123845124495 0.9231177269958887 -293.99310028051485 0.06191011203505725 0.9304263030262198 0.36121189441208623 -96.26658375080792 -0.9911620328258898 0.014771433352046115 0.13183182256638928 5.10613860289096
0.11477876350655725 -0.36640498196109084 0.9233489181463301 -293.95119818377805 0.061094741120153034 0.9303360091931 0.3615831060850566 -96.34421466197372 -0.9915105990635538 0.014909701296420302 0.1291682342988563 5.929980808052484
0.11028992221602903 -0.3658702152521029 0.9241077419051105 -293.9690376034373 0.06128586709417677 0.9305140582859935 0.36109227328571547 -96.19943109242378 -0.9920081529665457 0.016809905517605722 0.12504899649494194 7.236919019741708
0.10583367779420227 -0.36492479615212375 0.9250022301583299 -294.0223703924709 0.059702122552269754 0.9308803041255265 0.36041297972453934 -95.91325325930524 -0.9925899904831333 0.017080765337020215 0.12030527107402614 8.709450073776017
0.10180080288470164 -0.36531047160998886 0.9253025753039477 -293.93758891248893 0.0573724928232994 0.9307426354136317 0.3611461528114731 -96.03347016959994 -0.993149028897109 0.016321947046077062 0.11570911997485103 10.117533780849424
0.09870096896560797 -0.3663978425675545 0.9252084844439613 -293.78712394207554 0.05496856012664533 0.9303362071831365 0.36256447564771116 -96.36476057431898 -0.9935977939402109 0.015071913147903626 0.11196544695221192 11.251828789032423
0.09407008535737257 -0.36672423173815233 0.9255615359860838 -293.69053508416437 0.05411914216131397 0.9301931683213225 0.3630589319381404 -96.47981811291719 -0.9940935255259338 0.015937611627897585 0.10735015157426736 12.693405869295562
0.09119974451969359 -0.3663729554965259 0.925987831496874 -293.68355988582766 0.052715426789679 0.9303353279362351 0.36290117301017377 -96.36520256922026 -0.9944363681895009 0.01571734947498213 0.10415985093862544 13.673217656350749
0.08835012557030865 -0.3671849906301706 0.9259424593178738 -293.55468622411365 0.05222703813174076 0.9300065671224303 0.36381330596493944 -96.62720224256712 -0.9947193532849838 0.016216280864440963 0.1013431814935232 14.549735918563455
0.08487347375772808 -0.3676104926624618 0.9260988171554687 -293.4522703196019 0.05054380301884076 0.9298443448989453 0.3644651125085143 -96.75322500077002 -0.9951089475171495 0.015875136028188602 0.09749955193434297 15.729994564142498
0.08195651369377951 -0.36939624692726347 0.9256508751247488 -293.2151949812244 0.05032292663992238 0.9291244404958092 0.3663268719705696 -97.3249016944502 -0.9953646230992712 0.016558587784027246 0.09473690016590336 16.592982890211275
0.08082340708123914 -0.3708997683746603 0.9251491440234941 -293.0372170461444 0.050563961169538846 0.9285163800683394 0.3678323229076431 -97.80662230886799 -0.9954450575991755 0.017049743822433794 0.09380001885374922 16.887250848791737
0.07754797790918047 -0.3709458401213722 0.925410986977595 -292.9694995748974 0.04964546173695977 0.9284914171436407 0.36802040217835447 -97.82314375149562 -0.9957517960069775 0.017403217726703613 0.0904184094177487 17.93629567517949
0.075627053165382 -0.37086921630842495 0.9256006553715783 -292.9385826660564 0.048764506251189804 0.9285239275411598 0.3680561627165299 -97.79329565572884 -0.9959430564844549 0.017301455959363166 0.08830678265053063 18.58403260399972
0.07466477792200843 -0.37062928735526446 0.925774865878517 -292.9433998111433 0.04741150471211675 0.9286357381967733 0.36795083226521874 -97.69745710679817 -0.9960809807233497 0.01641941223865781 0.08690847336679502 18.997646645896022
0.07279318358636533 -0.3712138591619909 0.9256897013521448 -292.8428485845507 0.04479548805141545 0.9284322753949522 0.36879109839472357 -97.83897412377807 -0.9963405625957407 0.014621243825773872 0.08421224706294242 19.796668439906234
0.07077987057850577 -0.37082994375116063 0.9259996559062001 -292.83912061223873 0.043659624150935106 0.9285900033665289 0.36853011120768564 -97.70461781956325 -0.9965360240050979 0.014344283365197691 0.08191577622686523 20.498418347034896
0.06844802839911955 -0.3697179481719701 0.9266193966282931 -292.9024708704874 0.042856891685664616 0.9290300046150329 0.36751399614169206 -97.34990899325389 -0.9967337429039497 0.01455641867015428 0.07943523419857623 21.265388063325677
0.06662937529775698 -0.3690339567741573 0.9270245223806328 -292.9311713455931 0.04125832198082674 0.9293135172894552 0.3669797507362337 -97.10911588225163 -0.9969244089773093 0.013795844690020459 0.07714530092320435 21.956332948036348
0.06441807558810977 -0.36996561767523545 0.9268094482015741 -292.7819671661343 0.0394767120730542 0.9289562090609351 0.3680787291477706 -97.37032602362785 -0.9971418659054618 0.012876466336623343 0.07444659745922613 22.770552969174883
0.0648200472297735 -0.37104793237309625 0.9263486348879564 -292.6781607331291 0.03815149530799905 0.9285436598985674 0.3692575457156396 -97.67764566554374 -0.9971674006318567 0.01140629404426119 0.07434427734050679 22.77288199199251
0.06146196189870891 -0.3702115593929398 0.9269119853208337 -292.68301125548527 0.03783943221687572 0.9288643557312745 0.36848227368684805 -97.42120982438142 -0.9973919012148967 0.01242617977386673 0.0710984208485774 23.789504311695815
0.06031364565255963 -0.36852883667409836 0.927657674300026 -292.82791812637885 0.03829755528636575 0.9295196583619326 0.36677854623437756 -96.90960760713422 -0.9974445154529574 0.013405269797785502 0.07017647279867623 24.087811529128754
0.057615361350124183 -0.3670061047726544 0.9284325442357662 -292.91470843601303 0.038614280513974863 0.9301007000512781 0.3652692501491338 -96.45247522396456 -0.9975918040345373 0.014805634863992029 0.0677597646054904 24.85476562939729
0.05717320938514432 -0.3664367535364248 0.9286847311043118 -292.96080187888793 0.03878206600559331 0.930319359659256 0.36469417379433067 -96.28043493954365 -0.997610733445135 0.015165576180188628 0.06740051790737697 24.968374486013076
0.053566164867346014 -0.3653586040712112 0.9293243547935995 -292.97318813187934 0.039460207203786624 0.930708055947418 0.36362811585741206 -95.97852570691734 -0.9977843244052486 0.01719316799526019 0.06427158738858274 25.965587421765324
0.052603013295941414 -0.3659786984812293 0.9291353589494764 -292.8824961176893 0.03979479562780516 0.930452706937046 0.3642446079140564 -96.18661771734179 -0.9978222773786563 0.01781438776688371 0.06350866362444477 26.208219590107028
0.049930594657004404 -0.3668866460387674 0.928924714212956 -292.71332568936424 0.039567168045519796 0.9300812972552313 0.3652166750148238 -96.48044634073736 -0.9979686242212504 0.018519434506756333 0.06095617782878483 27.003927359341816
0.04896162917575467 -0.36980736511871687 0.9278174775096704 -292.3833934084637 0.041823658728650126 0.9288759147629181 0.36802216854953373 -97.46094371643218 -0.9979246166113978 0.02078575659686213 0.06094597512297842 27.042844891259804
0.045190624965965834 -0.37469890675924555 0.9260445651741669 -291.7593814894725 0.035840813280846706 0.9270029261688878 0.3733376634866713 -98.84788190425343 -0.9983352360397548 0.016318828013854092 0.055321355132546636 28.694847682260832
0.04294707364622688 -0.3770458727564139 0.9251983347923729 -291.4412005342391 0.031087407447937948 0.9261086710156902 0.3759738056935857 -99.45380487366243 -0.9985935719617824 0.012615042881669536 0.051495035971462134 29.804352301609065
0.0402101606232112 -0.377823197703698 0.9250042022929451 -291.2715868363199 0.03033304161072284 0.9257878084004344 0.376824681256101 -99.6846687340881 -0.9987307192478349 0.012906009998147117 0.048686603256234764 30.669462851288497
0.03582263201467914 -0.37786786806705613 0.9251662625269031 -291.12306870196437 0.02993134175282991 0.9257508136544235 0.37694766984164785 -99.704869209891 -0.9989098326758107 0.014188209916352973 0.04447292303136052 31.983211738599277
0.0315630220502094 -0.3779174564749652 0.9253011248942423 -290.971932731096 0.029809893398349857 0.9257064750018177 0.37706616447950825 -99.7360477397651 -0.9990571284439326 0.015681780230615894 0.040483772973398224 33.2307908715101
0.029017021422366222 -0.3780398455029985 0.9253344734093952 -290.8685193711348 0.02813053870095436 0.9256664634790694 0.377293348977353 -99.730070216842 -0.9991830088928494 0.01508222802577805 0.03749454810516304 34.13342395889497
0.02603916141749683 -0.3773416300846544 0.9257079757016947 -290.8347493286142 0.02661382541935367 0.9259554143853151 0.37669387420964007 -99.4728006867747 -0.999306592777823 0.014827837859101217 0.034153606767111724 35.14935682841637
0.025474175260912967 -0.3792788185474372 0.9249316970436446 -290.6064601658273 0.02348824110417036 0.9252036141710137 0.37874341559257063 -99.97110041681123 -0.9993995041646803 0.012076842557328632 0.03247739135516958 35.6095556733044
0.02392224873409393 -0.38281138121850367 0.9235167418217631 -290.16773602920216 0.021407896269000498 0.9237654381155352 0.38235993163581894 -101.00763627467938 -0.9994845811681337 0.010623641221062297 0.030293732922277612 36.247828592056855
0.02503109095934121 -0.3864576627658165 0.9219674177404359 -289.8105379741376 0.019308299540932494 0.9222712432999027 0.3860608026605256 -102.0703356465008 -0.9995001921231544 0.00813810000148052 0.030547295692795635 36.11907739745558
0.027547521823863688 -0.38956261705353884 0.9205879107590766 -289.55897126578503 0.018129524728302093 0.9209806414781253 0.3891863028880469 -102.9954910692873 -0.9994560792623604 0.005968703120325353 0.032433319419568854 35.49423548742504
0.02953533685097202 -0.3904804540211456 0.920137315244056 -289.5276318088238 0.021132331323584913 0.9205770964052349 0.3899887615649156 -103.38368633853405 -0.9993403266404941 0.00792619716801804 0.03544131696937707 34.59794074006892
0.03187280990238031 -0.39026523013776976 0.9201506257860397 -289.6333508098751 0.024524271475168835 0.9206465540373461 0.38962608055387193 -103.42544615724091 -0.999191014820259 0.010147545746320236 0.03891456305533174 33.56212671485991
0.034686712284589284 -0.39144131667107807 0.9195490892789242 -289.59800896301385 0.02827853138283193 0.9201187894303584 0.39061712456066433 -103.90817721173603 -0.9989980764014095 0.01245427396615914 0.04298528127463555 32.34323464425941
0.03712787040355331 -0.3932327409618681 0.918689029364623 -289.47812612616593 0.0326602665173841 0.9193092504077193 0.39217828739721206 -104.5981770398388 -0.9987766658419239 0.015443883916074291 0.04697508083310162 31.159623005410385
0.039030826403159885 -0.3926130996595466 0.9188751539605418 -289.6096098671422 0.03737516291365886 0.9195059915662512 0.39129506599360914 -104.53850021719477 -0.9985387783093174 0.019070538783379054 0.050563057295299876 30.109307473958182
0.041076302418433075 -0.38608458074778307 0.9215483893363591 -290.4001633133604 0.041386607898580535 0.9221926990444945 0.3845097846813248 -102.59855243701473 -0.9982984954743136 0.022345521650615624 0.05385899735311907 29.141601048874893
0.04366774244643943 -0.3772742269157938 0.9250715031686585 -291.4337943769909 0.03915262311234677 0.925889683420275 0.3757597187556494 -99.75736865235739 -0.9982786186095811 0.019810397295166232 0.05520278784584797 28.674223854356978
0.0445658603033755 -0.3724209275021889 0.9269932776745627 -291.9732666704447 0.037409353418668384 0.927886527251916 0.3709813106090062 -98.18267639842917 -0.9983057769903051 0.018145117877493316 0.055284087448330785 28.610475913434914
0.04324650127629637 -0.3716373083040118 0.9273701802429857 -292.0143979885997 0.032810469363913686 0.9282662204225974 0.370466323870962 -97.81102947917309 -0.9985255195674663 0.014406078539759115 0.05233786080484478 29.442349990152884
0.04236503726422985 -0.3747557745020161 0.9261551236671934 -291.65989191466394 0.02976123197568481 0.9270493689831423 0.37375625284300873 -98.70049420416014 -0.9986588369853289 0.011729319901495422 0.05042767460193352 29.97325871003171
0.04037604713512657 -0.37077963520589446 0.9278427867555613 -292.01343934035873 0.028800759170859447 0.9286460398717887 0.3698473318838823 -97.43434591164188 -0.9987693883419356 0.011789603344821625 0.04817379125673606 30.657570482284882
0.039987254983651056 -0.36500906824487045 0.930144827184393 -292.59376890541853 0.0298146089707709 0.9309107305128421 0.36402788479451265 -95.6621847379956 -0.9987552796009606 0.013175428458250676 0.04810716738854013 30.691890336025818
0.03781899933388241 -0.36444488941459036 0.9304566867237675 -292.5808781894396 0.03030824505147367 0.9311127707104315 0.3634699691884373 -95.51050118671319 -0.9988248763278195 0.014454438748382509 0.04625943827140184 31.271552305369784
0.036338880099778856 -0.3633325477498343 0.930950560201082 -292.6444531146318 0.02510762108239256 0.9316037122712544 0.36260740566899796 -95.00314676433506 -0.9990240703590064 0.010197206874072273 0.04297585153653713 32.19478208380262
0.03448427932623609 -0.3675971633979654 0.929345554646451 -292.14703743905693 0.014990314372473834 0.9299842603006025 0.3672935693258944 -96.00739466176339 -0.9992928124200456 0.0012653279854469568 0.03758023404297417 33.682280687562404
0.03474048978653427 -0.37128263265411454 0.9278697672943231 -291.7740415674199 0.0019849943257675418 0.9284540015563558 0.3714420907645184 -96.71585283401994 -0.9993943957051782 -0.011062263937363231 0.0329919406774099 34.853614680480945
0.03638351153813595 -0.3740989394560191 0.9266748208438795 -291.5338550795574 -0.003280802542854344 0.9272390665051562 0.3744555379231574 -97.420901244733 -0.9993325154435981 -0.016664244493169778 0.03250886852295435 34.88440442049823
0.03675928974816448 -0.3727073777548601 0.9272205590819839 -291.69180912186465 0.000600685242759913 0.9278557190921655 0.37293887397963754 -97.12175103213244 -0.9993239683878546 -0.013152000420347532 0.03433119704428551 34.37901845647666
0.03664332556870391 -0.37179051037987215 0.9275931667939021 -291.7837286931213 0.0041844412701789735 0.9282654964477269 0.3718946874531971 -96.95763597772407 -0.999319647131248 -0.009745998980550535 0.03557047035602305 34.04939554626185
0.038676715886270724 -0.3716371756299287 0.9275720572214659 -291.8657462930497 0.008362844647837625 0.9283544844447222 0.3716019564544435 -97.0551396535103 -0.9992167805224494 -0.0066152022783526054 0.03901364660176809 33.03679434059394
0.03921463328461661 -0.37596303425781163 0.9258045200840255 -291.4279641440072 0.0036077699133011676 0.9265644205320918 0.3761188091551414 -98.2534569057126 -0.9992242974090482 -0.011409271479308175 0.037691272089248 33.34119113884499
0.0424098942400626 -0.37925280481735163 0.9243206753658162 -291.1776637603872 -0.0008144739313282745 0.9251396084600372 0.3796261865185598 -99.15142171565098 -0.9990999637187272 -0.016852741515283542 0.03892618142917625 32.84624680307787
0.04228067391217242 -0.3798325040004889 0.9240885312123784 -291.11133304789746 -0.006773329520747273 0.9247853897369939 0.3804288434598503 -99.13499215860244 -0.9990828126940908 -0.022343944005355665 0.03652781878992525 33.46489332813715
0.045004406079126195 -0.38163331175601223 0.9232175360074154 -291.0002471763648 -0.005608835502850212 0.924042805059641 0.3822478716511216 -99.75689000028954 -0.9989710428224469 -0.02238101373148113 0.039445479165351495 32.55409429323257
0.047183061137775324 -0.3839385098858027 0.9221523623395098 -290.8144889449131 -0.00497811985580468 0.9230786998247867 0.38457890250569243 -100.51548202319303 -0.9988738544302631 -0.02273619485426409 0.0416423868093405 31.858165868794433
0.04803044600882794 -0.3824005424474882 0.9227474743352376 -291.0068151309203 -0.005177938066674548 0.9237059381169502 0.3830672641258487 -100.03396845296704 -0.9988324510214769 -0.023176820820634214 0.042385961863304095 31.60717017157088
0.04995000884440305 -0.38459050453915067 0.9217348536508563 -290.8231313704971 -0.002240208182449799 0.9228414113382958 0.3851736114876531 -100.82502069296169 -0.9987492068000572 -0.021304303261636737 0.04523437386316817 30.75504862593701
0.05197296284058785 -0.3848070240881679 0.9215326176245631 -290.8562696326661 -0.001123524304347534 0.9227566467496038 0.38538151041865626 -100.94026470688313 -0.9986478602724329 -0.021064783213588623 0.047526056868375896 30.041417217339642
0.05084235809694556 -0.37822231659301564 0.924317550333301 -291.53691302661684 -0.004116689064924656 0.9254272959297222 0.37890285406597957 -98.77799029710539 -0.9986982064138719 -0.02306944254235227 0.045493882297518023 30.61719658139925
0.05486000452022159 -0.3816124349910085 0.922692976761108 -291.2820701673138 -0.006155512852214301 0.9239377801696486 0.38249325227604736 -99.80978787642017 -0.9984750820954759 -0.026663230025919166 0.04833821054835846 29.661130956356747
0.059093984225722734 -0.38104358305815106 0.9226666184698218 -291.4532039559166 -0.009277106177242034 0.9240323292822893 0.38220176574961384 -99.57873592900536 -0.998209314888068 -0.031145501301992506 0.05106977011247823 28.72259653414836
0.05470578493744593 -0.38458720818234293 0.9214661992698859 -290.9554822837725 -0.00835791211073797 0.922639447275622 0.38557307431417437 -100.67519092253931 -0.998467536978307 -0.028794611187614505 0.047259369092562065 29.93185095744703
0.055408967961446606 -0.38402303733211174 0.9216594561266469 -291.03647673256086 -0.00628501190612285 0.9229251062864043 0.38492823592400793 -100.56615258386377 -0.9984439618199847 -0.027121116946916213 0.0487247382831803 29.502237228258725
0.05471182382293257 -0.383947923668878 0.9217323951366394 -291.027021701074 -0.004603864157378318 0.923008235580134 0.3847526497453503 -100.58630322831758 -0.9984915727079466 -0.02529404992493811 0.04873181988809717 29.524126118499787
0.056388025502474 -0.3832602821473937 0.9219175379111912 -291.1463877988547 -0.004225425758786788 0.9232868335441933 0.38408797010723206 -100.39493427733518 -0.9983999881596 -0.025553456365767363 0.05044288364748295 28.981537611460947
0.05612000878676535 -0.3828999043475099 0.9220836230323369 -291.1791139785059 -0.004197132257168723 0.9234404578983759 0.3837187834824523 -100.28050931976755 -0.9984152085653487 -0.02540440841871827 0.05021640507150772 29.04267617683634
0.05569971442839359 -0.38195642302603366 0.9225003158382945 -291.27090326725306 -0.004995087674341592 0.9238165005559001 0.3828029811793218 -99.95795039554179 -0.9984350709544016 -0.025929986691246076 0.0495484094444086 29.22706744185916
0.056009012631493445 -0.3801028056963043 0.923246905007454 -291.4791285352851 -0.004766530626639676 0.924586105682335 0.38094332040995205 -99.38582780583513 -0.9984188853831996 -0.025736943893392428 0.04997338320744212 29.089387751272316
0.053844248449892274 -0.3797494017963555 0.9235210819164749 -291.4600085916201 -0.006310388188675409 0.9247148635957744 0.38060819755485614 -99.21168023150562 -0.9985294066324609 -0.026321338878527833 0.04739421072100686 29.860095090272004
0.05253025423117678 -0.37984522953244804 0.9235573474299523 -291.4141480857596 -0.005662205000518478 0.9247060762994955 0.38063974029168823 -99.25040186535551 -0.9986032804997889 -0.02522447335889491 0.04642428371904473 30.168216926835147
0.0504454544418667 -0.37967424290549917 0.923743863525106 -291.3748826556894 -0.0046391300979236605 0.9248223997706014 0.3803708813178006 -99.21187184250307 -0.9987160430262888 -0.023473349924581416 0.04489172802677642 30.661748813367232
0.04799884085268337 -0.38279491676234917 0.922585585719669 -290.96836607509937 -0.003907784758164945 0.9235711578311188 0.3834071538727077 -100.19482241304613 -0.9988397471542081 -0.0220083648504944 0.04283446487963748 31.31090308160623
0.043599567177966286 -0.3841500058458762 0.9222406685624458 -290.69130395070005 -0.006904010054213955 0.9229805776661458 0.3847845993490885 -100.49199795506246 -0.9990252311063346 -0.02314360083652764 0.03758937819722697 32.88873934475452
0.046504139657250934 -0.3840781819210534 0.9221286868799586 -290.78475746980985 -0.008059315495967612 0.9229531145366822 0.3848280080773414 -100.45379974294055 -0.9988855852541246 -0.025327821447098303 0.03982573329228917 32.15010039220992
0.04063056647972283 -0.3855858363585575 0.921776936068162 -290.44279693851547 -0.008157599214061423 0.9223799738408769 0.3861976662699627 -100.87840370767734 -0.9991409363261019 -0.02321091676290521 0.03433136613107496 33.86513897142734
0.040986122690081096 -0.3863617777858759 0.9214362237360602 -290.36820675873196 -0.005678399264836681 0.9221061785938336 0.3868952715927987 -101.20754531745087 -0.9991435800367344 -0.02108961984517152 0.035599640534188376 33.50518449746955
0.03749280774386162 -0.385723514109293 0.9218522983811775 -290.327854259244 -0.004536937608860037 0.9224256984613934 0.3861479600038613 -101.02440873572559 -0.9992865983113227 -0.01866015758744874 0.0328343258526262 34.3888187322992
0.037526504345637646 -0.3846134582849947 0.9223146150732155 -290.4505547222649 -0.005597789657622448 0.922869332151719 0.3850725393023891 -100.64037405195434 -0.9992799538780641 -0.0196133495328476 0.03247907476447706 34.467805274480654
0.03689408922448533 -0.38337044102549445 0.9228574814824949 -290.56555297181103 -0.0034430044425273754 0.9234319624353275 0.3837467348046738 -100.32126454183573 -0.9993132501376655 -0.017335388682052394 0.0327492350832461 34.41664274952033
0.033545675344606944 -0.38259813977197454 0.9233056650474418 -290.53920094498113 -0.004854378343194299 0.9237523364694066 0.3829596008435002 -100.01217851377196 -0.9994253962535549 -0.017328713464551282 0.029130619854169326 35.51559607725743
0.03405297549421202 -0.38157665999220014 0.9237097203175832 -290.6666136891311 -0.0026428969260169632 0.9242081429902343 0.3818799857630426 -99.77241594817018 -0.9994165347620727 -0.015445419377278197 0.030463569463064433 35.13076093008951
0.03501053999633093 -0.38298714962160885 0.9230899768245132 -290.5452728325628 -0.0030320264532008034 0.9236112746513497 0.38331843179332714 -100.20508585361038 -0.9993823437027253 -0.01621901851604765 0.031174902303354568 34.88634158242353
0.03434122187116308 -0.3849940029096163 0.9222799456802832 -290.30421343871393 -0.004947844643909655 0.9227474557186273 0.38537339269620097 -100.76282779649588 -0.9993979184057648 -0.017797491071242538 0.029783384592650917 35.27186869175116
0.03357487609070324 -0.3867225058963083 0.9215847389843073 -290.08886191328634 -0.008506474505726752 0.9219606429097699 0.3871901507229844 -101.17295668214669 -0.9994000037957662 -0.02083929842110177 0.027665069209002913 35.85267476475362
0.033973834018387564 -0.3893738098305043 0.9204530486777527 -289.80869284725054 -0.010510604048426547 0.920794579778637 0.3899062311028388 -101.9344316903439 -0.9993674528443621 -0.022921127118041895 0.02719036827647457 35.94678023984384
0.03370547452345044 -0.3924740763924186 0.9191452770629174 -289.4531901608506 -0.005919865575915145 0.9195732905583387 0.39287392186714554 -103.0682638151026 -0.9994142765533782 -0.01868321844937096 0.028671260343085002 35.56187087041373
0.03222711706242809 -0.39078341108355624 0.9199183325424845 -289.5924875889082 0.0008861421903022526 0.9204072223900697 0.3909600487571784 -102.77249250198298 -0.9994801787318561 -0.011784336811931778 0.03000836096890043 35.27008227288135
0.03163397800613324 -0.3907128178219852 0.9199689045968409 -289.5799135039602 0.007539010869649393 0.92049665109865 0.3906777170907978 -102.98165450022286 -0.9994710875010915 -0.005423034738441579 0.032064558996045274 34.74520639714786
0.030955337653223385 -0.3918406451045851 0.9195121945438232 -289.4303393726833 0.007141486414288911 0.9200162890274709 0.3918150419469829 -103.31969150858716 -0.9994952557378998 -0.005562083075973001 0.03127773951689152 34.97267591268703
0.03073718831845526 -0.39190736676829957 0.919491077241652 -289.41496647992415 -0.00013582516208815454 0.9199240950263913 0.39209646892238254 -103.08259069385335 -0.9995274917708874 -0.012176833028873513 0.028222649265895877 35.775931091334286
0.03028025562965675 -0.3910541709337738 0.9198694154684682 -289.49439323353386 -0.007379384076105472 0.9201788751883142 0.39142864272792544 -102.55034832165249 -0.9995142074076085 -0.018640629079175658 0.024977512643828845 36.63796713768357
0.031136526738771937 -0.38916726215352854 0.9206407327348561 -289.73354182226626 -0.013418113077636629 0.9208415779438726 0.38970596938111546 -101.74250250011899 -0.9994250701999033 -0.024487351791608686 0.023449918084132028 36.98273409036741
0.029461812843370412 -0.38748143568152177 0.9214066087163522 -289.86258389557975 -0.012101942845293534 0.9216009206576564 0.3879501076457239 -101.25056657952562 -0.9994926435764053 -0.02258052357998483 0.022462755652463674 37.30942966034374
0.02936498774191102 -0.38749144151599424 0.9214054917606983 -289.85780793599656 -0.012249694653947263 0.9215942854577885 0.3879612325895886 -101.24749330109802 -0.9994936930645447 -0.022679412765868684 0.022315953055894414 37.34076172459691
0.028941484853360566 -0.38413610490829314 0.9228227583671567 -290.21062608825366 -0.011634788025131515 0.9230174849227993 0.3845820513679755 -100.21675855729926 -0.9995133926877082 -0.02186722279290962 0.02224415440587249 37.36643835108123
0.028072070717956654 -0.3827942554464702 0.9234070158076495 -290.32579178051924 -0.012253563683442992 0.9235698844939668 0.3832342868701296 -99.76722034768713 -0.9995307944343996 -0.022073206676501006 0.021235925323720237 37.659517482915675
0.03055086396684332 -0.3787119009902285 0.9250102381915819 -290.8503781544884 -0.011821456805134134 0.9252405939756663 0.3791966461066879 -98.52203034411235 -0.9994633049141344 -0.022519753726977287 0.023789973144005664 36.85765094839691
0.03088802349722525 -0.375643393423697 0.9262494107860821 -291.1873297041 -0.014984349187925933 0.9264134123555022 0.37620959409250604 -97.44720410278464 -0.9994105259020685 -0.02549961538854023 0.02298630747178326 37.035593826183685
0.031411390950844345 -0.3755943962181876 0.9262516796465354 -291.2092994940172 -0.015274427386854361 0.9264203707318331 0.3761807923872459 -97.42497286552432 -0.9993898220346937 -0.025964325960587092 0.023363163117939654 36.90022030467287
0.03221810052176958 -0.3737282902393678 0.9269785105780651 -291.43223673267073 -0.012357133249156271 0.9272401582299676 0.3742632632566642 -96.95352151964114 -0.9994044703005044 -0.023512848411526288 0.025255706344207415 36.355576702087184
0.03356942939969792 -0.37075529432815857 0.9281237014199233 -291.7868227374035 -0.008297751954638083 0.9285117009453095 0.37121041003741684 -96.17826235041647 -0.9994019415241686 -0.020162661909787077 0.028093172523473098 35.53717708633788
0.03410708302078342 -0.37101404539112764 0.9280006923544419 -291.77703655452314 -0.002321133948430476 0.9285090215833028 0.3713025843912359 -96.47107763174286 -0.9994154887858235 -0.014818061982854236 0.030807560988586214 34.79441905361485
0.0358863136791564 -0.3710155319684716 0.9279329973272172 -291.83413639868513 -0.00332498602972639 0.9284816173360656 0.37136347523269747 -96.4444282025976 -0.9993503474549972 -0.01641223041381734 0.032086161104445836 34.36107481472237
0.03418379005365955 -0.3694433864131461 0.9286242796379782 -291.94098010788866 -0.013993727193774785 0.9288992980654039 0.37006792572827196 -95.56860638446587 -0.999317589206151 -0.025645239113458035 0.026583408623049608 35.86254084762959
0.03586497978958314 -0.3687335092191014 0.9288429912550664 -292.0683391266826 -0.018493088946619468 0.9290369229025675 0.36952456149076307 -95.2002783379841 -0.9991855227563622 -0.030430166984344892 0.02650086888008911 35.78333263770322
0.036983681188078855 -0.3691156631585486 0.9286473143970231 -292.0640766690453 -0.01647308022747404 0.9289316114031926 0.3698847103675512 -95.40164566927021 -0.9991800863476001 -0.028977379917668883 0.028274838629235976 35.25684167549808
0.039245757875272076 -0.3682117241032604 0.9289132880531422 -292.2279964399269 -0.011546748436265075 0.9294002985564311 0.368892609906686 -95.30882822625986 -0.9991628711523187 -0.025203398106628472 0.032223370936847476 34.10689802545461
0.040862327667375055 -0.3672391613152495 0.9292285340937805 -292.3771470120954 -0.007833186681995508 0.929858963749418 0.3678327727667337 -95.14124111374468 -0.9991340807739515 -0.022309323865386976 0.03511954875365273 33.26232689940674
0.04374170735115806 -0.366111243672537 0.9295424790156468 -292.57863667839854 -0.009322410860665903 0.9302429336562852 0.36682581293891214 -94.76034274662781 -0.9989993772239054 -0.0247111642602503 0.037277374735251195 32.54263119507579
0.04409872227506877 -0.36515102370663366 0.9299032382886425 -292.68619220888473 -0.012754530816259102 0.9305271051942393 0.36600085852697983 -94.35070312492778 -0.9989457566041129 -0.028000649721509674 0.036377726396929634 32.74442500545238
0.046153045337233876 -0.3675292394621026 0.9288660584532669 -292.5018527919483 -0.014651647303827536 0.9295078467497143 0.36851118308946096 -95.0521726962943 -0.9988269247659394 -0.03061733122135929 0.0375147090019115 32.33349111010681
0.045941404919034985 -0.3697241446011378 0.9280050884628933 -292.2684028933333 -0.01483489508037314 0.92863101310738 0.37070792732704777 -95.73036463611554 -0.9988339767959536 -0.030797701117427412 0.037177794499701246 32.42160005264581
0.04476927430440491 -0.36293616542755436 0.9307379072021296 -292.9276815019054 -0.012858429468100147 0.9313855178274747 0.36380719890192004 -93.65852687244393 -0.9989145973855178 -0.028255212014602932 0.03703066464619548 32.503214364730695
0.04470863479270357 -0.36301014228797646 0.9307119718640325 -292.91697742372446 -0.017243741168321752 0.9312243317362557 0.3640383185502375 -93.5373310739311 -0.9988512358532139 -0.0323246125796941 0.03537411562258619 32.92082403991574
0.04472574666446416 -0.36392539738556984 0.9303536492770161 -292.82320739223735 -0.018340594866120857 0.9308294997705404 0.3649932395769576 -93.7882698331495 -0.9988309317223125 -0.03338783453116792 0.03495743611960631 33.01655386629455
0.04677218227575524 -0.3588254572250862 0.9322320817330688 -293.39294734788996 -0.01792801649608572 0.9328015828891839 0.3599441528681198 -92.22753986708753 -0.9987446866890853 -0.03354844566653087 0.037196136945659077 32.31468199473085
0.04922632075509157 -0.35675118684273555 0.9329015811066118 -293.66645545125317 -0.020810622562968256 0.9334648329009372 0.3580646920959491 -91.5129952275351 -0.9985708223924122 -0.03704047007699435 0.03852682497970435 31.82619718854891
0.04753038555826471 -0.35719506089853004 0.932819677600327 -293.57403595113067 -0.02922993454476 0.9329778366103744 0.3587449892616409 -91.35790251371428 -0.9984420230414943 -0.04431754577502303 0.033904008041631184 33.08766025863578
0.049993859133881005 -0.35595539156624945 0.9331647085396123 -293.76398599449294 -0.028039276922927875 0.93346456326556 0.3575719620958502 -91.04255885949972 -0.9983558548927035 -0.04404166598069095 0.03668676408603285 32.226890823711436
0.049670255289420116 -0.3541586518892077 0.9338653623684212 -293.9302829262499 -0.029524572620825806 0.934090202593076 0.35581426760486123 -90.42928627604378 -0.9983291868672584 -0.045245361216871754 0.035940115989147564 32.41852197026474
0.05136270130882519 -0.34965686816440616 0.9354688383156968 -294.4115457215563 -0.026426377597789652 0.9359013746056797 0.3512695027728112 -89.14488884027752 -0.9983303659016485 -0.04276320330211569 0.03883025833061729 31.56836488447581
0.055325836443320495 -0.3602522810069936 0.9312128359570143 -293.4771118816921 -0.01566713615205545 0.932213267591473 0.3615701378311297 -92.83404611048002 -0.998345427528288 -0.03459360859591412 0.04593135723743408 29.53555268121432
0.05790108513359676 -0.35367957521794047 0.9335728265186434 -294.1907575858301 -0.016889418872352374 0.9346608242660932 0.3551392559438919 -90.77059040203085 -0.998179448731793 -0.03633045080760888 0.048144433464417324 28.808029559738788
0.05558753591368603 -0.3477838483841458 0.9359254354136113 -294.70007276823026 -0.024768110969341228 0.9366060192584524 0.3495078044448296 -88.66659914682455 -0.9981465656555928 -0.04260938267504388 0.04344967178238067 30.111672849219598
0.05711362214992327 -0.3478150606362016 0.9358219476799801 -294.73494718785685 -0.02833944111913525 0.9364094839529333 0.3497629975284071 -88.58969865697223 -0.9979653852924815 -0.046496902667133244 0.043624853012844376 29.966619155855614
0.0647652458241312 -0.3500911090423283 0.9344740115716714 -294.6992081269365 -0.032496290763956076 0.9352034667471129 0.352616600390234 -89.30052272381316 -0.9973712719042613 -0.05320423999733648 0.04919201994614112 28.10682460615725
0.06351103014785466 -0.3530672341589127 0.933439809100155 -294.38171197801495 -0.03420863224589252 0.9340082665152825 0.3556097967730676 -90.16119942002973 -0.997394665380472 -0.05451684367691004 0.047241880001580916 28.665459260590914
0.06500381226634977 -0.3557737029096305 0.9323087346522134 -294.15005308593516 -0.030960345570173214 0.9331159005406662 0.35824038460279295 -91.12431569963485 -0.997404612678835 -0.05215159130986832 0.04964121403462907 27.96186378813225
0.06736550094649274 -0.3600261032480767 0.9305069017810846 -293.7798899803391 -0.027752330715382995 0.9315884744347025 0.36245375213989306 -92.58027254618432 -0.9973423170717725 -0.05024061385401493 0.05276536077276145 27.026380360154448
0.07002474487729526 -0.3624613132183277 0.9293644772235031 -293.5910711115839 -0.0285544104789886 0.9305413632054392 0.3650717970563603 -93.36367143653581 -0.9971364905302921 -0.05210151421799786 0.054811052435842056 26.34552797501437
0.07309623944474335 -0.3669445285653561 0.9273665147798824 -293.1964097296638 -0.030856443051562238 0.928576738433172 0.3698555403978954 -94.7596498980606 -0.9968474405350314 -0.05565028119212062 0.05655286466657067 25.72251220327019
0.0761677031106636 -0.3701283673501028 0.9258528353283763 -292.92610125299836 -0.03203602985125231 0.9271624366475234 0.3732874346414533 -95.781943469436 -0.9965802395162248 -0.05809309556715789 0.058762389784704834 24.97717419148921
0.07654353811539259 -0.3616322271712269 0.9291734063370279 -293.8021258764214 -0.034805501505119574 0.9303703168571549 0.3649652731097772 -93.05859309774284 -0.9964585610238664 -0.06027607968585344 0.058627044782677634 24.959244677025097
0.08308169169710705 -0.3710127997914799 0.9249037435839657 -292.95441586995156 -0.03660483072782805 0.9263499780117592 0.37488105394244803 -96.08143495634515 -0.9958702319439686 -0.06500169712015852 0.06338186254257018 23.38201340899175
0.08653243646350063 -0.35909621929447244 0.9292803897253544 -294.225964600297 -0.03687754587236419 0.930985382133301 0.3631890208480203 -92.41243769314598 -0.995566263013227 -0.0656972110711575 0.06731784612827327 22.139791595700576
0.08931852551562207 -0.3669511479948486 0.9259422530509005 -293.4709326356971 -0.036463875723445116 0.927830034437442 0.37121666579376544 -94.94088099789025 -0.9953354142031421 -0.06691996847785942 0.0694919495480015 21.430965402789358
0.0937387514243759 -0.36852526296554927 0.9248795473128228 -293.3685923679212 -0.037096987485162825 0.9270319725844416 0.3731427814198278 -95.51590651242991 -0.9949054527948498 -0.06928818342526025 0.0732276425723425 20.21460208459148
0.09734282240098668 -0.3613250027635389 0.9273449289800093 -294.14889922773125 -0.03799971443668415 0.9297412502916043 0.36624749720501226 -93.31959545569599 -0.9945252116611929 -0.0708904075607808 0.07677339048215832 19.072746740248398
0.0972674698718788 -0.3554144113287467 0.9296341406836154 -294.73730701707154 -0.04079563634102967 0.9318543958056391 0.36053169218979664 -91.41199969184918 -0.9944218196320181 -0.07299302184146284 0.07613976229407413 19.21154780824217
0.10026301939646542 -0.3654747996182568 0.9254055855599206 -293.7598874378419 -0.05236679501844496 0.9268648257957848 0.3717247819046322 -94.4163433673013 -0.9935819270301773 -0.08573077362619133 0.0737915220906478 19.647935953497594
0.10353192460121557 -0.3630170703932639 0.9260128223688161 -294.0441270410461 -0.0495446016541389 0.9279779619091126 0.36932673157780294 -93.78707175071744 -0.9933913997188123 -0.08411604373781431 0.07808980823767717 18.343318893571748
0.10742926138660501 -0.367987319440079 0.9236039662805882 -293.5695551751407 -0.05861468317687771 0.9250201008993166 0.37536932726088856 -95.28913210421935 -0.9924833866186389 -0.0944624034392684 0.07780476606528772 18.190445713401687
0.1124182752058457 -0.36666922392852175 0.9235344127986775 -293.7433327016782 -0.06853076304672465 0.9243519726480767 0.3753358032187213 -94.85607943594933 -0.9912949439576377 -0.10548512162985155 0.0787859327466459 17.625438320533156
0.11535927817628105 -0.36721926646726344 0.9229530038273305 -293.7047658817088 -0.0727748863345607 0.9235346937981115 0.3765467902800663 -95.05454083963849 -0.9906543558969693 -0.11060596587197927 0.07981395527028703 17.178593347836635
0.11628804306614875 -0.3679355197097489 0.9225511066470857 -293.6362142518917 -0.08241034682758044 0.9220755976840999 0.3781337420692156 -95.14340289697857 -0.9897906979637683 -0.12000018954746339 0.07690467302426697 17.846558085411413
0.12175174357704058 -0.37094886009468697 0.9206375270052828 -293.3461632370622 -0.09111521955044893 0.9194444490279725 0.38251787137063464 -96.14890033235429 -0.9883696321226304 -0.13045630818822154 0.07814487796187093 17.203523209523166
0.12707274171828753 -0.3745522600508242 0.9184569248489648 -292.97926811986594 -0.0984747438474636 0.9166248234921353 0.3874295520248659 -97.37833884960392 -0.9869930309462037 -0.1396765458079186 0.07959409158219352 16.52093578810039
0.1329021488778732 -0.37414776213233947 0.9177965302369618 -293.02642952536377 -0.10165711841444938 0.9159815394515898 0.3881283932664123 -97.46431520020192 -0.9859020484304283 -0.14488364806029191 0.08370113156599017 15.11195004278648
0.14242976746806174 -0.3820239175469798 0.9131108847018814 -292.15666868953235 -0.10639468488883796 0.9112620834430932 0.39784618422998375 -100.31209794739976 -0.9840700850886581 -0.1538152843543569 0.0891455323198509 13.194022103936735
0.14427032234620943 -0.38189490717142976 0.9128758699662545 -292.1636129408808 -0.1255245056483107 0.9080116978653536 0.3996978296431255 -100.0993461326696 -0.9815445341765539 -0.17225282701947967 0.08306197091286227 14.595904183716023
0.13846080972886482 -0.3695122345895903 0.9188521712755728 -293.51060198777344 -0.1288274141076443 0.9131856887787162 0.38664634381315355 -95.87114264349005 -0.9819532074103963 -0.17190871501570062 0.07883712423779801 15.900792624132466
0.1435370120107261 -0.3682244579496542 0.9185901560275483 -293.6299827876195 -0.13996718459348656 0.9113180352518647 0.38718035314521526 -95.57959153249362 -0.979697051858382 -0.1841471889341895 0.07926852709386245 15.438089533520058
0.14396448769151882 -0.36447334323433483 0.9200181565356769 -294.01771433725116 -0.1489145226663024 0.9111371305210227 0.3842571981433584 -94.29761484138808 -0.9783142088423258 -0.1923234552973288 0.07689601627984717 15.943913662856124
0.1506271741579803 -0.3833632196732867 0.9112321856732852 -291.96855174450525 -0.14243844671065753 0.9037149042942896 0.40374578716689785 -100.67117552317356 -0.9782753923634369 -0.19060958411919943 0.08151836074203893 14.55711112663532
0.15257062406530153 -0.39397795125540636 0.9063683459813219 -290.76104261477957 -0.14041096916665485 0.8991609975869213 0.41448071144043985 -104.12293423553726 -0.9782673276819609 -0.19050163868871342 0.08186672857095097 14.445642161145933
0.15137299222221615 -0.3995160240575533 0.904142225397607 -290.12999042482716 -0.1413746826924453 0.8965286166929914 0.41982096010580666 -105.76035133819911 -0.9783145794269363 -0.19137237515324773 0.07922876818997845 15.229320103605641
0.15044784120829505 -0.4040836337429178 0.9022648524778538 -289.5996115869546 -0.1386250694624188 0.895013230409701 0.42395094941293754 -107.16987202261828 -0.9788506204688758 -0.188859032965625 0.07863668657176334 15.471493087103067
0.14793929643571713 -0.40453462827429054 0.902477533846182 -289.5634016200106 -0.13909548216101597 0.8949377325489178 0.4239562497506034 -107.15219631820375 -0.9791661817140641 -0.18825033701744878 0.07612751933642309 16.256064222239704
0.14497644314386332 -0.4140049651564879 0.8986555067205284 -288.43957283681186 -0.13914424704943384 0.8906942103420288 0.4327848220261849 -109.92377080237233 -0.979602322091164 -0.18778634798346144 0.07152326939279277 17.68092285074504
0.1426877870789055 -0.4181772067161194 0.8970886350866502 -287.93733154722315 -0.14154655607476524 0.88842506091167 0.43665258914550037 -111.04144158120621 -0.9795941853042506 -0.18928479845777307 0.0675758624872961 18.850801634435516
0.14086651822542784 -0.4226601065220009 0.8952737337808229 -287.38546059949573 -0.141403550674188 0.8864301748229407 0.44073413870507305 -112.33085154081373 -0.9798783903626905 -0.1886795683644126 0.06510269258672352 19.622590150418706
0.13937319110457747 -0.4253274187747115 0.89424364713414 -287.0546077472095 -0.14073662469043804 0.8853824953915537 0.44304744590728484 -113.08558432232716 -0.9801878983501429 -0.18760176889535687 0.06353943842420534 20.12604013013435
0.1387294645811924 -0.4317011317666529 0.891284616993027 -286.23906728202394 -0.14044106899841124 0.8823155188085748 0.44921668647562396 -115.03901376918054 -0.980321601208297 -0.18749255478804083 0.06177459108285788 20.665645937320644
0.13632296072916672 -0.43489526526673683 0.8901023304242096 -285.8316135820874 -0.13838604523256437 0.8813210342838657 0.45179922201538614 -115.93576125637944 -0.9809512489736302 -0.18476834895996708 0.0599608568958373 21.28969652860205
0.13392558818808503 -0.43681879782581173 0.8895241844348517 -285.5860722375657 -0.1378029741448788 0.8806808540351223 0.4532235360755146 -116.40778858324074 -0.9813634786078506 -0.18327730683851737 0.057750771879851434 22.002222906197307
0.13253242663206516 -0.4402151598860039 0.8880573004584538 -285.13979990081265 -0.13933535999729463 0.878789397001153 0.4564152201370746 -117.35027295405345 -0.9813362386794042 -0.18422760033417898 0.05513055350410913 22.77691660947595
0.1300214835732455 -0.44248687838227674 0.8872991470011229 -284.8407625808709 -0.1389410790355061 0.8779347144333514 0.45817683676641574 -117.92135634655341 -0.9817279614872245 -0.18285513296688638 0.05267076970959167 23.563174797884386
0.12673652211076722 -0.44523551161879615 0.8863990033595569 -284.47312700218833 -0.14002652818671635 0.8766258527195929 0.4603473533622421 -118.56043761876303 -0.9820032715664656 -0.18246219755663126 0.04875572884865044 24.770776046689697
0.12425133604010538 -0.4486184629653831 0.8850441119960213 -284.01311699370353 -0.14194302846507592 0.8747463457784965 0.46332602691552904 -119.42002595182566 -0.9820457128679965 -0.18319471944830737 0.0450101389005242 25.895951558087607
0.12074364448626766 -0.45098914872094564 0.8843244653701101 -283.68410826598904 -0.14084108336122061 0.8740475111048238 0.46497821192944216 -119.985082164298 -0.9826417259376949 -0.1806923796606274 0.04201788165493529 26.87425372333478
0.11712369977374062 -0.459864306628917 0.8802311392128864 -282.4384863802982 -0.140568963769629 0.8697314614991969 0.4730830279170911 -122.55294459363257 -0.9831187137757288 -0.17914241364672914 0.037223517522942784 28.381056732392388
0.11602369627466931 -0.46522083932708486 0.8775580166339808 -281.6718775989052 -0.13596772650804362 0.8677681741854623 0.4780075033083302 -124.29377626174916 -0.9838959697300306 -0.17477976578148893 0.03742665123105083 28.42417167312515
0.11100463689984423 -0.46601716012822514 0.8777846985752018 -281.53765894304297 -0.13589691847164473 0.8678290073322316 0.47791719113531067 -124.26791067507224 -0.984484635805275 -0.1723392598881 0.0330027478337338 29.83854852024603
0.10946221732969924 -0.4604877146879295 0.8808910758991454 -282.318478921835 -0.13500604354418663 0.8711163796465561 0.4721542346712806 -122.48554787927853 -0.9847798694042295 -0.17060866839925093 0.033185706007610526 29.821652823549805
0.10442283042452356 -0.46024638268771456 0.8816286858473953 -282.3203935724409 -0.1343816506659892 0.8718157475526318 0.4710402045298576 -122.15952385027386 -0.9854123220512393 -0.167662069479414 0.02918879934949207 31.11739864765236
0.10355079793589556 -0.46125461375764537 0.8812045242360734 -282.1710754560919 -0.13375753090948234 0.8714614798478103 0.4718726650977604 -122.44751582181081 -0.9855892426218126 -0.16673053238309302 0.028544253351807544 31.33385335157127
0.10131531355217845 -0.4624159723725524 0.880855649771613 -281.98847219053886 -0.13600360059329164 0.8706611585455727 0.47270727477556485 -122.6188779868214 -0.985514194654488 -0.16769202573416506 0.025321071061232454 32.2915646290811
0.10243566372099835 -0.4639490517856919 0.8799194350309555 -281.77896992635306 -0.13575369988931604 0.869776437323018 0.47440476604271103 -123.16436047317596 -0.9854328327006362 -0.16804828599195892 0.026113326306021097 32.03505738069605
0.1010383222137625 -0.4632597440906949 0.880444016930805 -281.8659479105186 -0.13405882470397276 0.8705621375810817 0.4734446072448677 -122.93081826019571 -0.9858090529931327 -0.16586733890456362 0.025856080938557412 32.163904467791525
0.10087953632239217 -0.46516398464691233 0.8794576661436218 -281.5923748251539 -0.1285188090745357 0.8704679129823947 0.475151058277404 -123.69599104299945 -0.9865628387819207 -0.16095987032636738 0.02803007811399762 31.61679502915438
0.0987574075137891 -0.4625239425582725 0.8810894262340836 -281.95037433619694 -0.12535748758487814 0.8725817593174261 0.4721086459840699 -122.8660073252702 -0.9871841139157183 -0.15707538275253866 0.028193073007052545 31.659397198427573
0.09837331500106683 -0.4609974722295733 0.8819319823510454 -282.16328421980523 -0.1307965015479977 0.8725528868992433 0.4706843260048087 -122.1936426862499 -0.9865165817554744 -0.1616563953629431 0.02553906340793109 32.35223366995897
0.09944015498607388 -0.46589475903622035 0.8792347406005566 -281.4751263975715 -0.1391000797638842 0.8684292321500988 0.4759010785414035 -123.49984081435156 -0.985272968971557 -0.1696252995569123 0.021550739295929114 33.36587697147049
0.09926245991556334 -0.4668630426418045 0.8787410673609989 -281.334309510837 -0.14601446977237126 0.8667091334641521 0.4769644143821544 -123.55400905045244 -0.9842899667621346 -0.1756535720816826 0.017862920991278997 34.334314709167465
0.09862460320622121 -0.4671116227170666 0.8786807836552727 -281.2927056260702 -0.14337600197782113 0.8671027396569725 0.47704943238225134 -123.68794804766631 -0.9847418492677517 -0.17303054875368445 0.01854506669515086 34.1881913766171
0.09764391942740969 -0.4649281993766362 0.8799474043505396 -281.5972486762708 -0.13689326654745057 0.8694937914100959 0.47459538585332334 -123.17777334910254 -0.9857615830274692 -0.16680022818837809 0.02125524178838828 33.51262163527257
0.09678034041393667 -0.46353634066878413 0.8807767177830913 -281.78772823607557 -0.12851486502833806 0.8717030569905864 0.47288234255469375 -122.97972217422434 -0.9869739080523409 -0.15895861509417963 0.024792408338639663 32.62240770055437
0.09602561068547784 -0.4651058303522479 0.8800316179915512 -281.5558635392675 -0.12584436368820068 0.8713500521298602 0.4742491779446777 -123.52035883563659 -0.9873916539146933 -0.1562870859208678 0.025140973608241947 32.57751546316629
0.09595271922508941 -0.46622505601738584 0.8794471404324973 -281.3945642529243 -0.12825467509486946 0.8703680744565293 0.4754052516360575 -123.78626938781078 -0.9870885542795138 -0.1584096338876496 0.023718640390211928 32.95483552849884
0.09519639677683739 -0.46309486318132553 0.8811814760512029 -281.83453257423935 -0.1381304646447449 0.8704929575944714 0.4724002386911512 -122.43468424340821 -0.9858283931687777 -0.1666888072832103 0.018900284356774932 34.21574234939199
0.09358769129951562 -0.4600269623267522 0.8829589673193468 -282.25162409415873 -0.14773512283941803 0.8706167798459898 0.4692555339367041 -121.05228836244265 -0.9845890906956305 -0.17436059354974703 0.013516874643617782 35.661530118535005
0.0904411179942241 -0.45782361779200925 0.8844308560694788 -282.5239181319047 -0.14643754983772234 0.8723040730567997 0.46652079066858587 -120.2423577801345 -0.985076874245599 -0.17170654943931 0.011849586750868606 36.23534866629226
0.08946674695865037 -0.4554180569364345 0.8857709041309041 -282.84691619213953 -0.13360970275499567 0.8758110877439577 0.46379239527450977 -119.90460378892074 -0.9869874105166481 -0.1598415840793248 0.017507697754234275 34.80127084032789
0.08748693056245911 -0.44954485138037104 0.8889631396060015 -283.62895131217095 -0.11990437627486206 0.8811447136428185 0.4573914452298504 -118.44946999687845 -0.9889231403556574 -0.1466063443944875 0.023186251365608233 33.38682941141882
0.0873439245624634 -0.4518049534411486 0.8878306836824621 -283.3179393629068 -0.11555668371788325 0.8806250445969944 0.4595064566213039 -119.29469391479161 -0.9894532286521438 -0.14272986679242244 0.024708165356124058 33.010709620327006
0.08745059169528671 -0.45419661795459354 0.886599022247799 -282.9899117360065 -0.1208479077182388 0.8785984310728046 0.4620179435006073 -119.86808620273777 -0.988811497309911 -0.1475473793566504 0.02194524168735443 33.73413294691884
0.08753116054787687 -0.45886082871058176 0.8841860866402388 -282.3412495890581 -0.13220074944432914 0.8743912195322704 0.4668650308721211 -120.93053319005399 -0.987350625552797 -0.15775530127354526 0.015874732772348167 35.3341288080977
0.0868816855628254 -0.45995009688166205 0.8836840391748129 -282.1793874461227 -0.14297774054676288 0.8720980342123665 0.46797690587364305 -120.84199388672432 -0.9859051366241607 -0.1670057696652296 0.010006721571992262 36.89043443972344
0.08615805292832308 -0.46178207885780403 0.8827990153830967 -281.9108509468528 -0.14624651418046947 0.8706330912750913 0.4696913640539284 -121.24995849085794 -0.9854890902519733 -0.16957397212586323 0.007478032615264349 37.59330767526265
0.085230349651509 -0.46165154026662614 0.8829573278860837 -281.91643648709095 -0.13876559822835954 0.8720453477536312 0.4693410489287869 -121.44328763865123 -0.9866508481963653 -0.16252620352023273 0.010263377742871737 36.916605462417806
0.08466854364782446 -0.46331806178487445 0.8821380908567908 -281.67204714837 -0.12910932681365592 0.8727522708663359 0.4707804747728799 -122.29110332246236 -0.9880091191108922 -0.153752552244055 0.014075980681931296 35.96616080896131
0.08383217989828637 -0.46465124980467754 0.8815165237637084 -281.47000981269207 -0.1218883645090377 0.8732062072309826 0.4718624230118289 -122.92808374181156 -0.9889971649154579 -0.1470038629024196 0.016567198947115593 35.366437614245754
0.08290884231227283 -0.46373218269831057 0.8820876297717248 -281.5874252260255 -0.1217421790042254 0.8737923595745963 0.4708139273644768 -122.60328436469302 -0.9890930015512909 -0.14642190778336542 0.01598934655756112 35.553233787927006
0.08152394456416642 -0.4643006493858132 0.88191765683799 -281.4855363812648 -0.12373406394725311 0.8733026779919331 0.471203049683695 -122.64422637730883 -0.9889609334457027 -0.14753758704828326 0.013745272866497054 36.20805863501736
0.07962796127345328 -0.461856518495549 0.8833730492303938 -281.80305283919097 -0.12552407102852303 0.8744870472908908 0.46852546538356454 -121.72639911037372 -0.9888898297463978 -0.14819230898946814 0.011659510303193892 36.825663781557274
0.07829554635308655 -0.4608320523054251 0.8840269379318946 -281.92607756223697 -0.12885874560608834 0.8746323894315385 0.467347415781989 -121.21838207935484 -0.9885672617996699 -0.15050582355924916 0.009097580593491486 37.54774695420683
0.07843118006035191 -0.4617339283714702 0.8835441864360779 -281.80097844183393 -0.13474576034433097 0.8732314962405674 0.46830581252285136 -121.28029190390986 -0.9877712944116005 -0.15578361070443175 0.006271887460825864 38.27546969510335
0.07804659821856122 -0.461528047213948 0.8836857983137392 -281.8237847610434 -0.13586799938556124 0.8731953409736706 0.4680489111672417 -121.15352108751512 -0.9876480219437873 -0.15659424681882506 0.005443033508007653 38.50387742475806
0.07820976086787435 -0.4607281398860761 0.8840886914909082 -281.93942464395843 -0.13441047679374996 0.8738351102740525 0.4672751050295872 -120.96887191595042 -0.987834529176353 -0.15537625677513028 0.006415746058101239 38.232590636923156
0.07942818265249296 -0.4616188055989412 0.8835152755430601 -281.8335608949459 -0.13585384287226665 0.8730331851358181 0.46835541101651235 -121.25061851327571 -0.9875398205527511 -0.15722956455137715 0.006630750607933479 38.11567988911262
0.08031156640787548 -0.4622000745045783 0.8831314417622531 -281.76532573130686 -0.1401305370901314 0.8719588545285246 0.4690961400226337 -121.31023345351396 -0.9868705512254101 -0.16142752905643248 0.005260036766977311 38.424456320922744
0.08139965538109001 -0.4648861264615852 0.8816206585189477 -281.40013306135705 -0.1434705670818458 0.869878196387552 0.47194080119306636 -122.07195427930787 -0.9863013193162897 -0.16490243440617483 0.004110309217544565 38.682937363064994
0.08081513582074418 -0.46637615873943117 0.8808871621165376 -281.177778726013 -0.14169406764461134 0.8694265102350058 0.473307864391564 -122.57517020408974 -0.9866061549659005 -0.1630669244820411 0.00418008652653867 38.703963384650706
0.07968952036834114 -0.4668878044345749 0.8807186601938932 -281.0865937228313 -0.13994862897613466 0.869537442325671 0.473623286633408 -122.74546878658028 -0.9869467876188485 -0.16099818155492718 0.003952713604950361 38.82168268269438
0.07805908833479416 -0.46691345878271673 0.8808510661490403 -281.0565028447764 -0.1394199826606065 0.8697519652632655 0.4733852420128909 -122.69189822020302 -0.987151886572303 -0.15976026079174818 0.0027949791583559078 39.202626527252036
0.0773846446657283 -0.4666369377090118 0.8810570839256185 -281.08490184221864 -0.13966846883716363 0.8699189044099964 0.47300509359074905 -122.56190665599595 -0.9871698615651924 -0.15965922496262727 0.002143898713086633 39.40014796572982
0.07477098580489128 -0.47263654338945327 0.878079721628187 -280.1709134284011 -0.1427913602765356 0.866395956561364 0.4785067124759029 -124.17109157956726 -0.9869244789304508 -0.1611606164886113 -0.0027071351775148876 40.83984137944065
0.07358425134091169 -0.4749846643258329 0.8769121544430055 -279.8050813591379 -0.14351147527924552 0.865100979431987 0.4806295370126471 -124.81196893329604 -0.9869092229874904 -0.1612137216278218 -0.004507942006625236 41.38453125108103
0.07255089206228754 -0.47480607186151425 0.8770949561959669 -279.8123405114868 -0.1426109806500525 0.8654374149197425 0.48029177491923 -124.74180000409103 -0.9871162425261764 -0.15992896854689115 -0.004924303050262445 41.540376169811736
0.06927235951893417 -0.47746794297409423 0.8759142102048386 -279.35738573211336 -0.13803836727623844 0.8649895844624418 0.4824297129439705 -125.60183843037595 -0.9880013913787721 -0.15432881196840284 -0.0059890257998723405 42.00259017343566
0.06634478231348237 -0.4742525605031771 0.8778854587678036 -279.773333507443 -0.1356931984641393 0.8673618519934615 0.4788222776741325 -124.55820909876036 -0.9885270485678923 -0.15089044556449777 -0.006807913556958742 42.3347055877845
0.06162306786733604 -0.47161481673357086 0.8796488288766023 -280.0583432060506 -0.13492710974831368 0.8692974395365477 0.47551723067641677 -123.54631721549241 -0.9889374462328667 -0.14799130465186944 -0.010064849022879227 43.39669679202297
0.05822689468276526 -0.47330548052737875 0.8789718714716356 -279.7344260833293 -0.13667869477183522 0.8683951015658843 0.4766643284029602 -123.83693851212466 -0.9889027066051898 -0.14789141178285065 -0.014126825184932405 44.6343240392546
0.051603410901373895 -0.47198655000650414 0.8800941907525021 -279.76513963646437 -0.14403036614986306 0.8685375439896587 0.47423389620223044 -122.77208586260137 -0.9882268674803777 -0.15123237514953355 -0.023160895849479002 47.30022544546745
0.04676079169523386 -0.4710976019630653 0.8808407789065423 -279.7661301664392 -0.146299238525823 0.8690667046721386 0.4725670276659959 -122.15433397859202 -0.9881345865654129 -0.15096394355924547 -0.028282973292100538 48.86248127834521
0.0417281446682203 -0.471095897923835 0.881094442668823 -279.624537167263 -0.14462378049227342 0.8697270476817145 0.4718673803591127 -122.00153787228584 -0.988606455602365 -0.1471173595813371 -0.031839573664620466 50.03609178041349
0.036496938446907365 -0.4721966276329913 0.8807373719424154 -279.3078170338778 -0.14042845790294042 0.8701563041486245 0.47234294168687263 -122.32146901332341 -0.9894179206457727 -0.14091966222793884 -0.034551803173769206 51.00944211902636
0.03066803889179548 -0.47344019399620985 0.8802919141394874 -278.94075014636934 -0.1371893298509347 0.8703772918002322 0.47288736258600206 -122.62452528900334 -0.9900699769034425 -0.13526918580121897 -0.03825817830337143 52.26981004076145
0.026155837842975413 -0.47313747982355653 0.8806002483152874 -278.83297616887046 -0.13917933387327447 0.8705985143120856 0.47189759471752046 -122.23155015558041 -0.9899217065855884 -0.13490423293508336 -0.04307972570564021 53.73948691802921
0.02102963020730121 -0.474440385318592 0.8800364057424502 -278.4615088411194 -0.14345436346564752 0.8696908071804675 0.4722909542945465 -122.18236316806163 -0.9894334743963388 -0.13617716653144707 -0.049771267408580566 55.73580492609581
0.02032424256263493 -0.47768608076004393 0.8782954704496454 -277.9578482961254 -0.1462037323159617 0.8676133116385822 0.47525951870995176 -123.00771299612772 -0.9890456985504451 -0.13806936559440383 -0.05220590448618884 56.424629118868765
0.020462771980468905 -0.48281083011721243 0.8754855665768588 -277.198661875202 -0.14740425094285065 0.8646424585537208 0.48027638466840583 -124.54269535270387 -0.9888646326807591 -0.1388780802996126 -0.05347538728650678 56.786277907041395
0.022061087782855482 -0.4886297019354009 0.872212315203333 -276.3740703240516 -0.14423928780246734 0.8617414764023785 0.4864120225714879 -126.60787464189042 -0.9892968898465586 -0.1365380614860558 -0.051468645849253765 56.23104687413131
0.026345122015449238 -0.49140427729096814 0.8705330383197024 -276.0975143460913 -0.14178690249065376 0.8601944227925648 0.489859193318521 -127.79586299218725 -0.9895465672862985 -0.13633558323749415 -0.04701276332226562 54.880529906088306
0.029854230351086863 -0.49466791870894816 0.8685691539136661 -275.7092966273254 -0.14112109251863753 0.8581665381734227 0.4935939930811455 -129.0029158541457 -0.9895420972229986 -0.13730929669764239 -0.04418817561190318 53.99600288250756
0.03309095430760545 -0.4957127314179953 0.8678559077710551 -275.65087283766684 -0.14102881330170522 0.8573274296869631 0.495076309395893 -129.47521376898916 -0.9894523043389837 -0.13877523632282354 -0.04153999544799872 53.152661140655766
0.03674725870993484 -0.4938874881752694 0.8687489787051428 -276.04901852111993 -0.139333210309332 0.8583125407848029 0.49384799162944065 -129.1554929719799 -0.9895634873428794 -0.1391931440677297 -0.03727429626887183 51.84298331653348
0.04169725020458037 -0.49698935251018794 0.8667542459180001 -275.71101758883907 -0.13655716606680868 0.8565330344435441 0.49769800210844406 -130.48486517381906 -0.9897542521864601 -0.13911414161917138 -0.032152385298488524 50.28424734227144
0.04873165307305036 -0.5002734551032406 0.8644950526797907 -275.3860207786602 -0.13950251257685237 0.8536307475327741 0.5018501727123175 -131.678494515072 -0.9890218779043835 -0.14505522047035607 -0.02819056652114941 48.93005242130378
0.05656263903447248 -0.5018093760016975 0.8631268840803438 -275.33597063666207 -0.14233752026972843 0.8516272017862371 0.5044513252051274 -132.38666260715092 -0.988200737800231 -0.15138843857617224 -0.023256020221608595 47.2676574202076
0.06893555478372645 -0.5038835140401126 0.8610164304850678 -275.26623528476523 -0.14248493991953917 0.8492484686540029 0.5084044456778046 -133.63146448013305 -0.9873935037171275 -0.15772901688471339 -0.013252397888557893 44.05695607153485
0.08369757706154522 -0.5036498928872095 0.8598438817533849 -275.54467010107544 -0.14195598937216558 0.8480449664744083 0.510556786184249 -134.33397627902843 -0.9863281465493094 -0.16479235489585617 -0.0005168099088417172 39.98722000558615
0.1004375353654756 -0.505616557374862 0.856892174312557 -275.4055867926088 -0.13955563453915013 0.8455736493204559 0.515295476831751 -135.93117745266363 -0.9851073679341171 -0.17133913879577958 0.014365693809788083 35.26415458585566
0.11554523165867299 -0.5013086885289992 0.8575190366669876 -276.1742815180311 -0.1405799688689337 0.8463583654163707 0.513726376237914 -135.392880196151 -0.9833039061214763 -0.17990863263074355 0.027318713571157657 31.068559668079082
0.13036382548470102 -0.49814231928618125 0.8572394663926635 -276.67427676098794 -0.14069781177241547 0.846572914790423 0.5133404578890124 -135.26590233294493 -0.981432320013687 -0.1875327429528806 0.04027494944901175 26.88629456291224
0.1452227216931653 -0.49436874827852795 0.8570355312526728 -277.1880555224913 -0.14025764617470374 0.8471838378567016 0.512452278328355 -135.0025031769466 -0.979407041935865 -0.19462550089829375 0.0536913457321305 22.566422987746122
0.15861066056622622 -0.49306679009728027 0.8554108947505344 -277.2491722717108 -0.13941497425683955 0.8465133243298717 0.5137885330415171 -135.4596373279335 -0.9774487829588362 -0.2007494264877333 0.06552514370175822 18.75134023966814
0.17205129956778886 -0.4898584438865814 0.8546561035118466 -277.5433068375815 -0.13964538907585392 0.8467035306493467 0.513412403916953 -135.3312466437739 -0.9751397415893214 -0.2076820554090993 0.07726996980822126 14.9335507775506
0.18827624482463462 -0.4875878609453216 0.8525316026362308 -277.5569009331786 -0.13732654125843624 0.846457918693747 0.5144418460298941 -135.75086431117722 -0.9724677252745868 -0.21393239525470636 0.0924091638305142 10.075404130838514
0.20345652972582162 -0.4833750394521986 0.8514423126357483 -277.8060489507386 -0.13721853770993264 0.8469709320923838 0.5136256546350723 -135.4967782303809 -0.969420710228884 -0.22133416235444578 0.10599375054304924 5.6549450189460515
0.2188110343762164 -0.4794119223026335 0.8498740730186465 -277.9208751710089 -0.1378669819732591 0.8470531742716985 0.5133162916154369 -135.37254435324937 -0.9659784813942778 -0.2294888422349394 0.11924950638418522 1.304158459956555
0.2339559424413889 -0.4751346331353585 0.8482403535506252 -278.0008992998486 -0.1383733591118423 0.8472996742841034 0.5127729277625304 -135.1800836161934 -0.962349952192271 -0.23734014062812978 0.13248481861010686 -3.0429608633528766
0.2489819802826045 -0.4701055352528811 0.8467636973909278 -278.1099545201006 -0.13876660226063142 0.8479605227555733 0.511572851063399 -134.7841906134615 -0.9585154164600549 -0.2448749427211715 0.14589194232619734 -7.44561665212859
0.26307433938526026 -0.46420148072634504 0.8457593494892491 -278.3068481970871 -0.1402460470830431 0.8489264588709051 0.5095634540530618 -134.0883557265548 -0.9545275995143304 -0.25266747459927374 0.15822834463216626 -11.532542292973675
0.2784414651028348 -0.45847634675674237 0.843960775140633 -278.3195629207991 -0.1406915264407193 0.849762275043406 0.5080452443442757 -133.58986813136434 -0.9500927559450009 -0.26019899188437623 0.17210531579003346 -16.104628126560545
0.2940143169719627 -0.4522999942707833 0.8420096772592105 -278.2862987547362 -0.14446545357259705 0.8497965656616964 0.5069275389181871 -133.08392578198067 -0.9448202549371887 -0.2706852640470767 0.18451063299493153 -20.317397084063423
0.30757068273999644 -0.44769667453732365 0.8396237030521915 -278.0615156086219 -0.14671686176110219 0.8495316222288178 0.5067249602183095 -132.9291858401775 -0.94014596611049 -0.27904069674779597 0.19560636994913647 -24.06523879673731
0.32203231832140955 -0.44336332841657683 0.8364951553786268 -277.65393404280445 -0.14720927547829793 0.8493670089702514 0.5068580800244616 -132.95143762483062 -0.9352136735365308 -0.28636452833460985 0.20825643265456056 -28.28011386917954
0.33541936397243144 -0.437023189408093 0.8345685005989067 -277.53032659752165 -0.14781826677464344 0.8505007575835547 0.5047754167523806 -132.26794890269068 -0.9303997045786663 -0.292675918499246 0.22067441276811606 -32.40052748366122
0.3485413075807978 -0.43199127170727253 0.8318067672714625 -277.1638691673961 -0.147805718443015 0.8510202594853506 0.5039027560363509 -131.9923807403051 -0.9255660033219736 -0.2985767223247979 0.2327649337429689 -36.414156529040426
0.3608692728387693 -0.42585236602114807 0.8297126793505135 -276.94673282049604 -0.14717705922608992 0.8525090427875502 0.5015647966145698 -131.27808405859645 -0.9209301174130303 -0.30311399558523333 0.2449686194637535 -40.42881588389195
0.3725824110166704 -0.4210594769460888 0.8269771846156887 -276.5315504108107 -0.1465457986031099 0.853262675289495 0.500466917857305 -130.95622666209655 -0.9163551036103753 -0.30765520283541425 0.25620616748142205 -44.145728011447275
0.38295326407677777 -0.41835042022807944 0.8236077485234894 -275.9024711116368 -0.14610106166292006 0.8529237766428506 0.5011741324312985 -131.1977710220932 -0.9121410402530463 -0.3122562363385021 0.265508503731621 -47.25673369341472
0.39070822756295004 -0.4136528150050959 0.8223371751009302 -275.76482619372103 -0.14749436101743432 0.8536706302178783 0.4994916101111901 -130.60958664799878 -0.9086212051139225 -0.3164455778515009 0.27252468122273416 -49.631537134070875
0.3959759151017471 -0.40836491796248364 0.8224604357881465 -275.9343312054099 -0.14918727061647694 0.8551619756397961 0.4964283973604321 -129.57293361096143 -0.9060608329164991 -0.31927431653256255 0.2777006983378418 -51.37759872051489
0.39845619832018175 -0.40448021376762433 0.8231818843309936 -276.1913193176563 -0.15086724020625983 0.8563778570206966 0.4938178225187773 -128.68020640583117 -0.9046942764562927 -0.32095595130038773 0.2802062516648914 -52.23493588969103
0.399118569855149 -0.40248722685539495 0.8238376050017588 -276.3839267055238 -0.1513600400295266 0.857255277408933 0.49214177595159797 -128.13069993834992 -0.9043199132381419 -0.3211190146546706 0.2812260175520267 -52.56748547303365
0.3978785746678902 -0.4015883464837301 0.8248754086458826 -276.63076583552197 -0.15068205995128034 0.8582927479783464 0.4905389643816457 -127.65137357076287 -0.9049793128183025 -0.3194688697451479 0.2809841359128142 -52.436526937105654
0.39452823732662784 -0.402156637087141 0.8262066988343205 -276.9025847979926 -0.15081735689174078 0.8586077311206295 0.4899458020231157 -127.4584852781787 -0.9064224152193795 -0.3179037642222035 0.27809279365208356 -51.46358132553398
0.3903437470190022 -0.4030187464404691 0.8277727038147115 -277.21521616231263 -0.15104786087073552 0.8588823568475101 0.4893931352424565 -127.27455951023236 -0.9081939786684011 -0.3160648463743149 0.2743842378797306 -50.22161418868194
0.3822030940792279 -0.40410693722317464 0.8310345228474987 -277.87859363822247 -0.15084491878812306 0.8599652795119745 0.48755053944149807 -126.70054545699097 -0.9116833909598601 -0.31170065980359485 0.2677239125030379 -47.95704767701783
0.37086289812317474 -0.405719718106193 0.8353754970882918 -278.74253384941005 -0.15124093016512327 0.8611282958127982 0.48537020839080575 -125.995902120037 -0.9162897422968719 -0.306348769363249 0.2579991078882926 -44.68960172866312
0.3570337326460256 -0.4090537232470034 0.8397630411316104 -279.5442132634394 -0.1515654591692807 0.8617326998063674 0.48419486332594946 -125.61162701455773 -0.9217129842525014 -0.3001529703037999 0.2456692269661684 -40.57527105116461
0.340986145522245 -0.4132796063408492 0.8443508841380076 -280.32717587382416 -0.15209984479837618 0.862091626881824 0.48338769540872684 -125.33521203830192 -0.9276821038341703 -0.2932541454830655 0.23110153695465735 -35.740676420724014
0.32255967529466784 -0.4198258921818019 0.8483522123078081 -280.8702467977105 -0.1523622351660442 0.8615419857542286 0.4842841687252096 -125.60783882934412 -0.9342060828152455 -0.2854673834896279 0.21393309186420933 -30.071109383993242
0.3023420045763717 -0.42537023899600057 0.8530237230260518 -281.5221085146234 -0.15182814836385203 0.8619898187479796 0.48365459342306366 -125.43039284167986 -0.9410300343948355 -0.275742111675584 0.19603255396883557 -24.129308357580683
0.2788736450157802 -0.4302549545875151 0.8585512006680254 -282.2825044759225 -0.1512851133883008 0.8631726943548523 0.4817112352719975 -124.83850823530538 -0.948336598778462 -0.26422258376808 0.1756249459621792 -17.367753110810753
0.25190993137137574 -0.4356132048908302 0.8641657955515298 -282.926634701855 -0.15012714681089293 0.864562580502974 0.4795762548171659 -124.2109302311515 -0.956035159534883 -0.2505447666960503 0.15239453275735446 -9.687201091748276
0.22221232054697448 -0.4437888712208692 0.8681434918132114 -283.0035818662815 -0.1494144057735567 0.8643878434329819 0.48011351936038404 -124.40921212748047 -0.9634817174936241 -0.23640028321849726 0.12576917805945415 -0.971713345370047
0.1914205148703662 -0.4529962022845683 0.8707196030884583 -282.6236948274341 -0.14859621837046155 0.863523230134772 0.48191990507096494 -125.01239674905287 -0.9701944910030988 -0.22163499663493627 0.0979825387192523 8.078282515868253
0.15915602563075948 -0.46578988777997044 0.8704648987451152 -281.3806385083284 -0.14932428978149884 0.8602021687211343 0.48760074385577873 -126.77742803209146 -0.9758952894581837 -0.20758614927152624 0.06735261423246759 17.939968296476778
0.12442938414283553 -0.47491195824359667 0.8711922636703489 -280.2638556960275 -0.1492042520290294 0.8590766018945558 0.4896176909117569 -127.41920910036195 -0.9809461858523598 -0.19090841781999854 0.03603548899588199 28.031779661974486
0.08762357419723604 -0.48444740744610515 0.8704210582606837 -278.60661443851785 -0.1524951862130278 0.8569594567581534 0.49230651798917346 -128.13671749734348 -0.9844121735466071 -0.17587267807001097 0.0012139529343587717 39.095334200235285
0.051472579471920396 -0.4909036166413412 0.8696920217703266 -276.93437000612647 -0.15530217461202014 0.8563175876533963 0.4925458594245271 -128.09985543709806 -0.9865251178369887 -0.1604176681164503 -0.03216152410561314 49.666111673210715
0.016341465776416625 -0.49839721740694765 0.866794768199076 -274.6628288209756 -0.15623802134845907 0.8549886872511592 0.49455437047675366 -128.69728029780313 -0.9875842430807595 -0.14350804281834298 -0.06389682672130109 59.716649893402824
-0.018837576534679906 -0.5031274818836957 0.8640068765256859 -272.3721431981574 -0.15621048214918248 0.8550288560650768 0.4944936203458712 -128.6791576550856 -0.9875441412802874 -0.1256518693431102 -0.09470045804304186 69.45220690670996
-0.05424248884061936 -0.5091798362220411 0.8589491526215451 -269.4023843391503 -0.1556584284058166 0.854011061761352 0.49642276343403 -129.3110950243401 -0.9863205392115721 -0.10677546897177795 -0.12558181856960965 79.17877246645958
-0.08890651356886563 -0.5178042783811678 0.8508668292601297 -265.5876926917056 -0.15673996582235114 0.8508796161692689 0.5014344043857033 -130.8527810753376 -0.9836301210104522 -0.08878405306019152 -0.1568093650365558 88.93130382261211
-0.12265435856852475 -0.5248808143682495 0.842292134020179 -261.6339728018057 -0.15923490669858165 0.8481129529795788 0.5053203572754152 -131.98252210945003 -0.9795918296988997 -0.07214256508041864 -0.18760409774517134 98.46852213298136
-0.15463751506668588 -0.5324754692797192 0.8322001643531101 -257.3026368079817 -0.16132933043967393 0.8446355724404057 0.5104543044271007 -133.52392061405965 -0.9747102574990616 -0.055322910115173346 -0.21651625699356025 107.39728317713836
-0.1866705704469918 -0.5384525867645307 0.8217194837263991 -252.8209051561597 -0.16207056750633317 0.8418398070708031 0.5148192599147468 -134.87661514635548 -0.9689619338638488 -0.03707493813316476 -0.24441403332307302 116.00459019883053
-0.2172831964039751 -0.5433791376950067 0.8108804630019781 -248.2720742805211 -0.15986850871922 0.8393206067963344 0.5195988634773228 -136.47855622730688 -0.9629278646297261 -0.01673414846545157 -0.2692394766648679 123.6990523858624
-0.24930972988444633 -0.5419833602530716 0.8025575965584858 -244.3152943354952 -0.157735349888512 0.8403849357527167 0.5185293811882312 -136.22483522099066 -0.9554916106280017 0.0026827166623509258 -0.29500607629473746 131.6032813378789
-0.27801627361343045 -0.5427005461508841 0.7925800078311551 -240.0353140917679 -0.15780000948647988 0.8397023656970355 0.5196143705180486 -136.56589101319227 -0.9475263102479892 0.019392118252865576 -0.31908907398639935 138.920886563859
-0.3053159211668401 -0.54490668425222 0.7809346283392069 -235.3340360485631 -0.16236534583534956 0.8378735317792976 0.5211577872539692 -136.8731460066 -0.9383068169601088 0.03232104888362211 -0.3442900914131153 146.45655814110975
-0.3326282920788931 -0.5479085874066582 0.7675640684364526 -230.11985284828245 -0.16487177727448124 0.8351608512062516 0.5247129211967287 -137.90042306869137 -0.9285341761976416 0.04798471067424531 -0.36813279013757594 153.60306047160373
-0.35507020306585774 -0.5493777642652871 0.7563790207466392 -225.75639413938796 -0.16083976073890532 0.8329358993948636 0.5294793280806351 -139.57192693239375 -0.9208994094146341 0.06634651181594792 -0.3841125070986808 158.4892727151554
-0.37359460800161276 -0.5519362216317123 0.7455155773845579 -221.68093684619646 -0.16203142429412318 0.8301844523360772 0.5334225273089485 -140.77536388156096 -0.9133306555751532 0.0784868291521407 -0.3995834471500334 163.1090815041839
-0.39053488164268907 -0.5536398428300378 0.7355035218484423 -217.91869618977262 -0.16778672646766943 0.8283743647800116 0.5344562902582177 -140.87492060428735 -0.9051685592427492 0.08531609582279168 -0.4164025013757265 168.0179341765086
-0.4086161238435506 -0.5514070395858478 0.7273122713320899 -214.59132256513027 -0.1704994330296605 0.8289624405876563 0.5326830346758953 -140.2047352262398 -0.8966397307010416 0.09365654696884812 -0.43274200690276826 172.79206510256543
-0.4267270240293852 -0.5439925127991007 0.7224791989957532 -212.194148265286 -0.1685881547806016 0.8327119323345049 0.5274171705731698 -138.61005024461377 -0.888528041780729 0.10326172459462638 -0.44705137870612494 176.9870130764463
-0.4413620023537024 -0.5396498389140394 0.7169223348720429 -209.7825608245624 -0.16842999000900827 0.8345730950139977 0.524517957313495 -137.69704239139668 -0.8813801230705715 0.11075107421062474 -0.4592420693025595 180.53773653009344
-0.4564309690954331 -0.5357920631329193 0.7103503611137068 -207.05088710765676 -0.16993564527767344 0.8361606232985016 0.5214952430359476 -136.67917194259707 -0.8733800128893863 0.11731273216846991 -0.47269977359472504 184.42172481516025
-0.47286901234528844 -0.5312348716910417 0.7029825092155525 -204.00400161526557 -0.17273365283499906 0.8382249520833432 0.5172446373652959 -135.2214591954434 -0.8640358686662667 0.12316022411590868 -0.48813274511535243 188.83785591040578
-0.48818308662083354 -0.5265477896268126 0.6960062493803296 -201.12307180033633 -0.17643255139461186 0.8405709523942027 0.5121640643382651 -133.4659913285954 -0.8547214919175388 0.12723167542015937 -0.5032526920186675 193.12715447625297
-0.5032126798855882 -0.5222148050121812 0.6885264673405476 -198.10711239993995 -0.1784357307103477 0.8423757574594738 0.5084916648780402 -132.2241464731364 -0.8455398800814948 0.1330217300694379 -0.5170759427019446 197.05744290587924
-0.5195438577335314 -0.5190481798138588 0.6787217153762508 -194.34577850447488 -0.17758703161028785 0.8425927451619637 0.5084292595870863 -132.23785152089192 -0.8357852751126971 0.14361912418736686 -0.529940110835599 200.75768332346195
-0.5367660494436113 -0.5154352430068092 0.6679885616020758 -190.25392314710066 -0.17409679238119752 0.8423318522004036 0.5100660326381433 -132.89393912873481 -0.8255740518253205 0.1574914633723009 -0.5418707631138391 204.21285239468844
-0.558584477847774 -0.5093732991695172 0.6546160884065492 -185.11196718825522 -0.17082838352608126 0.8429488805024555 0.5101517894132321 -133.05052978692004 -0.8116655989318481 0.17313586269984071 -0.5578735775763055 208.78426686415762
-0.5797563525119702 -0.5027229699570244 0.6412114995846573 -179.9773331997581 -0.16627289251840943 0.8434019488743298 0.5109075042006566 -133.47046878666526 -0.7976439662754163 0.18958578035435886 -0.5725568399310685 212.96236724404724
-0.6018387308078943 -0.49495079898077127 0.6267486327770002 -174.4594740839972 -0.16446105306457853 0.8447825605091162 0.5092101604294155 -133.00515710348216 -0.781500290546608 0.20338665651403337 -0.5898229936409819 217.78919714324206
-0.6230833984793762 -0.48904116491064564 0.6104144637557579 -168.44024875387052 -0.16347523493491378 0.8446147824839192 0.5098055676163382 -133.23281138290756 -0.7648809881951345 0.21786373776395354 -0.6062115684026111 222.33960323436384
-0.6442000410871929 -0.4836598421061474 0.5925195897159145 -161.95939234933826 -0.16252148796022253 0.8435484023845697 0.511871916386937 -133.92490112964825 -0.7473908435446973 0.2334507442016341 -0.622019032680873 226.69501476736872
-0.666590978221443 -0.476981237159664 0.5728397395008626 -154.85433032101344 -0.16291432779575277 0.843118569672285 0.5124548753525701 -134.0938292380188 -0.727403182253582 0.24827399556014007 -0.6397223097375655 231.50741251969222
-0.6896471496341647 -0.4684176102123599 0.5522424752266106 -147.40574085545836 -0.1636350686842975 0.8436926334414787 0.5112790867747944 -133.69292723672623 -0.7054150362007867 0.2622359294977028 -0.658499767640292 236.54553861541552
-0.7126092837399336 -0.45618702646291065 0.5329928757634445 -140.30595532677003 -0.16158112138908967 0.8460214874315009 0.508073994625621 -132.76006588018876 -0.6827001903751772 0.2759366588387976 -0.6765939774861862 241.33861889868408
-0.7349915859745572 -0.4459102803228822 0.5108340145771166 -132.37819897910555 -0.16265540275987272 0.8473042293050299 0.5055875423255926 -131.93041064643677 -0.6582785037502203 0.28851267719838225 -0.69529119554054 246.22135736379687
-0.7559396576450408 -0.43934889811220285 0.48531204366581676 -123.55300107576348 -0.16812046205816794 0.84676645471542 0.5046999914860574 -131.43232274852338 -0.6326853437822363 0.2999318537539343 -0.7139678836382501 251.02589601651232
-0.7767860237129613 -0.4321694528887391 0.4580753620901853 -114.19716424590685 -0.17210987000662603 0.845366675569912 0.5057008764894292 -131.59085816586182 -0.6057901171284562 0.3139820820138031 -0.7310496468529127 255.3346807426325
-0.797062676275953 -0.421361868750854 0.4326028960266029 -105.33870458949997 -0.17168965120652668 0.8449046000984396 0.5066151205807804 -131.8968322078757 -0.5789764708141403 0.3295305635222407 -0.7457853940298897 258.9575847107613
-0.8154837877224481 -0.4056827076908831 0.4128047148985133 -98.20526768120475 -0.1650112246579374 0.8465942606817886 0.5060132938150383 -131.97136613516824 -0.5547589455779303 0.3445282259282251 -0.7573260947834909 261.7066864022701
-0.8315143955211721 -0.3939262109212111 0.39167071678939347 -90.83914219512108 -0.16357238673404578 0.8474425660074292 0.5050595723445626 -131.72684456079153 -0.5308746408891534 0.3558977910411951 -0.7690961435300598 264.4737531119353
-0.8434989816108001 -0.3877091323697117 0.37174063094941456 -84.11722631632578 -0.16566991907838027 0.8461342852773375 0.506567122098122 -132.12042932680498 -0.5109431924726138 0.3657026113597442 -0.7779451485230549 266.49111060018777
-0.8523888806570498 -0.383873926651798 0.35506901381161377 -78.56859221701478 -0.1679871354067478 0.8440592198613915 0.5092586334121538 -132.88018479343052 -0.49519038608403626 0.3744393699972127 -0.7839525749214895 267.80166808684453
-0.8586612154892255 -0.38088414819011196 0.3429696526983963 -74.54583484375418 -0.1697644522154962 0.8427298889212163 0.5108682463050588 -133.31920743058436 -0.4836123941531464 0.38043869411026854 -0.7882800595252522 268.7296001286307
-0.86383629538514 -0.375617659545434 0.3357055683376246 -72.00615628283256 -0.16794276493970905 0.8429819244854876 0.5110545007092184 -133.45041754558483 -0.4749548215143023 0.3850881052802765 -0.7912806510284224 269.3539637048463
-0.8705577880566566 -0.3660972371282949 0.32878861084430855 -69.4278904356443 -0.16317967603622896 0.8451585718534934 0.5089984103622276 -132.98882543139115 -0.4642214245191755 0.3894609112473193 -0.7954990054222538 270.2551940988833
-0.8785908284910046 -0.3537043540505736 0.32089154868453107 -66.44095553264836 -0.15636781367801317 0.84793583316778 0.5065115296571449 -132.47334797524277 -0.4512507761068655 0.394839274586165 -0.8002966227013723 271.25490414445244
-0.8862407883684775 -0.3456797996481562 0.30835489480018 -62.13306581480956 -0.15640883200467517 0.8498833701645797 0.5032241393143112 -131.4316554805785 -0.4360201168558084 0.3977483290133431 -0.8072686817064939 272.7757108090611
-0.8933809607976344 -0.33870807473282716 0.2952072136569114 -57.67977434053307 -0.15702106997302767 0.8509759751141193 0.5011828741717933 -130.7616576141719 -0.42096893290220516 0.4013934851107521 -0.8134300385662083 274.0700742938358
-0.9006478862601968 -0.3312361379223553 0.28127567600011555 -52.97256796949175 -0.15639822748833154 0.850989648595642 0.5013543780815858 -130.84077585814964 -0.4054293766040488 0.4075527437244754 -0.8182467730881096 274.97823095624096
-0.9082293830469323 -0.32001473766322314 0.2696478359796852 -48.887074926289564 -0.1511312279477976 0.8517060073078883 0.5017531555004376 -131.17765269402085 -0.390229086190637 0.41495475029693774 -0.8219086418190445 275.5709041157102
-0.9149402309180216 -0.31150972901903956 0.2566048763647366 -44.45662277842232 -0.14822908537986945 0.8507404895940618 0.5042506892535731 -132.08394835461885 -0.3753831537178042 0.4233229359386763 -0.8245515022199248 275.88521537207987
-0.9205450834168138 -0.30571283935936633 0.24317978791002703 -40.00691708611411 -0.1490589212932192 0.8503175222085967 0.5047192778247482 -132.19899410879046 -0.3610791982100787 0.42836873284107446 -0.828324840472685 276.50738223457444
-0.9255488638924545 -0.29813707752423624 0.23339576592709252 -36.66295745127317 -0.1471473785749999 0.8512009948865368 0.5037901500453109 -131.98165271175225 -0.3488652311794517 0.43193882588797083 -0.8316982031750634 277.0710293112166
-0.9297803765000976 -0.2925547707067944 0.22342819341352493 -33.33292544247896 -0.14774564767493353 0.8524968137925298 0.5014183942245232 -131.20744147742087 -0.33716416634697555 0.43319844022143006 -0.8358585025716189 277.85496309870024
-0.9326723204935722 -0.28828590884164057 0.21682614544488069 -31.112893622511525 -0.14730629367245762 0.8530662940428194 0.5005784192437124 -130.95945676326448 -0.32927678088443907 0.43493578000826694 -0.8380976487492262 278.22563803920957
-0.9348474337555736 -0.28649955593423404 0.2097099903440584 -28.812330638563967 -0.14872890003757255 0.8523263008871642 0.5014175815721035 -131.16772815531564 -0.32239725478705944 0.4375590031818452 -0.8394058189220979 278.37173846180434
-0.935814528975104 -0.28758953991279745 0.20382203975981028 -26.991764485628504 -0.15206699925526407 0.8510356047247345 0.5026072295822104 -131.41015599525443 -0.3180043947756127 0.43935254184259664 -0.8401443619282615 278.4362550996675
-0.9372827767341897 -0.28446406608453734 0.2014477389897913 -26.145824121940848 -0.15034150827375722 0.8513187129132572 0.5026468739917599 -131.4918081410964 -0.3144812034564528 0.44083630085369374 -0.8406931238699487 278.4750086253641
-0.9378743412807299 -0.284616250437165 0.19845732527252827 -25.209540318664093 -0.152420185631995 0.8517716100723352 0.5012516446723039 -130.9673915663198 -0.3117046791101239 0.43986215370485143 -0.8422359994437334 278.80465278302955
-0.9385730625922057 -0.28366652711785606 0.19650421768802329 -24.565367198192384 -0.15255062589984558 0.8518543044110108 0.5010714026902728 -130.905159930034 -0.30953014831168346 0.4403152796001143 -0.8428010096320604 278.8876725366132
-0.9393115794553638 -0.2814451982151452 0.19616920528642467 -24.390469469234212 -0.15077272672403708 0.8522975295754021 0.5008557736073971 -130.90822151189627 -0.30815798152452356 0.4408826618061806 -0.8430071986296608 278.89804283210026
-0.9401369749686362 -0.2789503691849937 0.1957783436143476 -24.189840410511277 -0.14845014368696852 0.852309310607916 0.5015290558784972 -131.21420956174939 -0.3067654203722125 0.4424426862121399 -0.8426977193995755 278.76803658090256
-0.9411122063540762 -0.2762793146164445 0.19487830912246332 -23.823972740674186 -0.14613339851543466 0.8521810085369191 0.5024266698010059 -131.59105816232443 -0.3048816899875948 0.44436164213854856 -0.8423715843416376 278.618159494445
-0.9424760294235497 -0.27156706512016093 0.1949109106849654 -23.68898028416283 -0.14186667543999867 0.8529255438993805 0.5023861691602861 -131.74982496000806 -0.30267603202371735 0.4458355590416357 -0.8423881966958048 278.5506614880091
-0.9431406527226264 -0.27031577003923374 0.19342981582484717 -23.184962575101444 -0.14181409829710906 0.8535443244956015 0.501349027769601 -131.42397064213145 -0.30062346998548883 0.445411574377499 -0.843346938516078 278.7431585462437
-0.9440220430751807 -0.26750789896303406 0.19303343280516144 -22.974501648206434 -0.1407840693276192 0.8558974802912352 0.49761365440939254 -130.28464031035523 -0.29833241193627913 0.4425822265110715 -0.8456469386007288 279.2911008887006
-0.9444300184420101 -0.2677560277222714 0.19067944274099033 -22.242346681421157 -0.14279412046684758 0.8566730288735938 0.4957026939211079 -129.59976887741934 -0.29607732001239784 0.4409286010443577 -0.8473017109361587 279.66471858566587
-0.9441745868434251 -0.27049197256996105 0.18806499497317059 -21.50473760022603 -0.14600222896757142 0.8552897132961449 0.49715476007607434 -129.92958630484756 -0.2953264273571671 0.4419429817352117 -0.8470352425958687 279.5653401289251
-0.9447413553111399 -0.27022407189219577 0.18558750640835706 -20.718591335134903 -0.146458014552858 0.8544168021271963 0.4985197871859957 -130.34272006549506 -0.2932811305524196 0.44379148168113486 -0.8467793686959771 279.4282583239977
-0.9452131984138593 -0.26825811109369374 0.1860365431217363 -20.799409108148033 -0.14306939881402136 0.852626968355022 0.5025518878252471 -131.7535322919337 -0.29343339391970485 0.44840254087835923 -0.8442937904939221 278.7555230232692
-0.9456071034152824 -0.26754507154777657 0.18505901939936473 -20.470758514769066 -0.14104225820430233 0.8497990219637818 0.507886506682379 -133.52216332545146 -0.29314550545964413 0.4541599464504707 -0.841311152706842 277.93292603900215
-0.946572539318273 -0.26471688965034085 0.18418847993945173 -20.111606609866158 -0.1374355787282902 0.8478117737138305 0.5121783459419463 -135.02532603794788 -0.2917394205591292 0.45949990716653843 -0.8388968624364774 277.2275033615738
-0.9478528346872835 -0.26069757187413706 0.18333515700544273 -19.722358179465477 -0.13459897516919478 0.8488674373273735 0.5111821492664427 -134.82452941606982 -0.2888911899983862 0.45984872497831975 -0.8396910327478375 277.34888676425487
-0.9485750855961965 -0.2587947500604895 0.18229257891449424 -19.3379943697854 -0.13411813178372772 0.850194832841422 0.5090982939831844 -134.18463742689062 -0.28673617440604005 0.4584692176699271 -0.8411827047295457 277.68170470897155
-0.9494199127150431 -0.25814159527828845 0.1787868734760477 -18.218957177908432 -0.13599064648565456 0.8512219443495184 0.5068804055457659 -133.40736346995752 -0.28303422656734234 0.45692900788307006 -0.8432719065321812 278.1270809450178
-0.9502192583859166 -0.2574515464722984 0.17550516291990007 -17.169561904279604 -0.13697945228437478 0.8510870326341299 0.5068406973930812 -133.35481094950305 -0.2798570896804142 0.4575691905068066 -0.8439848607970136 278.21458494327095
-0.9504192085607863 -0.2593962634104875 0.17151357534424358 -15.97725998107841 -0.14027316688920793 0.8498531623645273 0.508008898612893 -133.5914458776183 -0.2775369644742137 0.45876266298347473 -0.8441031053151917 278.1676889187234
-0.9507790182036163 -0.26025750613346166 0.16818230895358363 -14.960060398319143 -0.1422569214434637 0.8487806608596656 0.5092488174282362 -133.9037512614827 -0.2752857185638145 0.4602579931427808 -0.8440262750074694 278.0696646687192
-0.9515915119128279 -0.2584923911150472 0.16629876184471107 -14.317543405371664 -0.14152242850617053 0.8487613775039696 0.509485550616775 -134.00813787886824 -0.2728461043980183 0.46128712077532363 -0.8442565934131859 278.04890952909324
-0.9526468166369905 -0.25677693728044304 0.16287924125647102 -13.19642350670467 -0.14147326089023626 0.848417658481444 0.5100713609191827 -134.19537435558377 -0.2691641863333445 0.46287480084547633 -0.8445694521694289 278.0095145584949
-0.9537172047233305 -0.2536608745344481 0.1614919630976595 -12.669701808239365 -0.13954301298341276 0.8490540905989976 0.5095438143718558 -134.10616635528936 -0.2663667414341136 0.46342562722353636 -0.8451540966535298 278.0727413314433
-0.9547786529730475 -0.2508295636617941 0.15963161911165 -12.004149634849924 -0.13789119428374766 0.8492452227308337 0.50967496525517 -134.21411300849076 -0.26340793907165116 0.46461498217566227 -0.845428397897737 278.04577841400885
-0.9554848737523018 -0.2494609412629718 0.1575369633284198 -11.30906288531132 -0.13752976459872246 0.8489758063959039 0.5102211716538668 -134.40141176715017 -0.2610253242119771 0.4658425903012914 -0.8454918457214211 277.9800912169627
-0.9558547900502992 -0.24968496931538636 0.15491622392723448 -10.496854006590281 -0.1387429993755771 0.8482508526654368 0.5110977118679259 -134.62971472885755 -0.25902123554289347 0.4670416545131015 -0.8454466822263234 277.8971167974699
-0.9560157678011145 -0.25083286789380893 0.15204184983027705 -9.633006164723668 -0.1410385953466513 0.8476120031936716 0.5115290868217119 -134.6736830794543 -0.25718080476250377 0.4675861037564932 -0.8457075553851539 277.9026940489982
-0.9562240902084554 -0.2512966328371006 0.1499516309672798 -8.994162298322031 -0.14245997177789382 0.8473462050877999 0.5115755713131216 -134.6311353318962 -0.2556181639595541 0.46781878013611267 -0.8460525652735214 277.9403939035776
-0.956337273849366 -0.2521078655695782 0.14785345029560293 -8.363344571627463 -0.14395921224334737 0.846595503807136 0.512398085616854 -134.8310293145652 -0.2543516539294323 0.46874052209244027 -0.845924085891795 277.85888552754955
-0.9564169546202902 -0.2523655047759021 0.14689540807681478 -8.072060813753563 -0.144764863414593 0.8466755570263154 0.5120387050357944 -134.68490025859785 -0.2535936577192025 0.4684572052315806 -0.8463085156319844 277.934108080763
-0.9569000487665859 -0.2514391438358841 0.14532946575826686 -7.5562424801849275 -0.14508997116262973 0.8473870222289784 0.5107681811016931 -134.2698181555069 -0.2515774173858476 0.46766824940868307 -0.8473459810233862 278.1448923533686
-0.9573926825423891 -0.2501651732270374 0.14427971970645959 -7.191246126176772 -0.14476147991470323 0.848027648988686 0.5097972346763232 -133.9758433874926 -0.24988670502288263 0.46718999631307123 -0.8481097464348581 278.29191806635345
-0.9578493380598936 -0.24886326386796992 0.14349815843837427 -6.909206219028664 -0.14387950348180645 0.8479512104025303 0.5101739245146817 -134.13040691576282 -0.24864298513340855 0.4680233121051391 -0.8480158284313348 278.22038331233716
-0.9585444869315335 -0.24672598011002544 0.14254387854941566 -6.548966225651695 -0.1420839936364086 0.8474878112364383 0.5114455479892276 -134.60473722983545 -0.2469911037375481 0.469990106858027 -0.847410581790249 277.99563737824576
-0.9587519314490738 -0.2467039609369385 0.14118034424343917 -6.123201697121937 -0.14250272568406194 0.8469378140396736 0.5122395067957098 -134.838993454633 -0.2459424874137925 0.4709920326372036 -0.8471592518983617 277.88753587622244
-0.9593057871746957 -0.24551515376867386 0.13948016333185828 -5.558527000911792 -0.14253313172424728 0.8474476019573419 0.5113871999743723 -134.568087069367 -0.24375543697324129 0.47069615592937947 -0.8479554326374055 278.0264186707909
-0.9596630855600309 -0.24541466501317608 0.13718018956785014 -4.838963843904596 -0.14365852459089926 0.8474406117123932 0.5110837875856475 -134.4268020379654 -0.24167952028619785 0.4707611409377327 -0.8485133809535577 278.10397322254255
-0.9597706287113553 -0.24621180762423092 0.134981798956076 -4.177522482271724 -0.14529465972514807 0.8468537543995677 0.5115937651249375 -134.52233500433698 -0.24027026890225775 0.4714005350503593 -0.8485586210957212 278.0641684828377
-0.9602242667570963 -0.2454543548714667 0.13312218900479694 -3.576313415965949 -0.14536261098461536 0.8464643428080267 0.5122185350827418 -134.71718121949374 -0.23840945631105354 0.47249367829549505 -0.8484754888105259 277.97399892869237
-0.9607461754459622 -0.24499528113738128 0.13016949944734368 -2.6439387610271474 -0.1465296764745137 0.8465294936772639 0.5117781455345566 -134.53093672202303 -0.23557555110458905 0.4726152013582836 -0.849199052735481 278.0702937630154
-0.9611197042112405 -0.24425360517947545 0.1287986433691225 -2.1956644432106756 -0.14713961119573712 0.847718938351763 0.5096298032659857 -133.82689331479588 -0.23366396597264366 0.4708638634643659 -0.8506987557821782 278.40957331477085
-0.9613679013520922 -0.244296197887681 0.1268508019190142 -1.5909972145715132 -0.14857406967768125 0.8484516081550088 0.5079917464276283 -133.25127736918643 -0.23172721909453253 0.4695202192843279 -0.8519702222577449 278.68541844134273
-0.9613233098961095 -0.24457438170185575 0.12665253912000168 -1.5373703381721031 -0.14878709482024371 0.8481303746011316 0.5084656016820577 -133.39251648091846 -0.23177552559608272 0.46995557183004016 -0.851717010655863 278.6140304530898
-0.9614346742989693 -0.24491676282442568 0.1251365108321257 -1.0759172615990489 -0.1491908067704524 0.846648450432214 0.510811613567969 -134.11816721761485 -0.23105295979670162 0.47244278031136694 -0.8505365066244066 278.26342944917417
-0.9614650142398927 -0.24512997497539393 0.12448422294108463 -0.8793277884287719 -0.14917006819135928 0.8454766930526112 0.5127547681500448 -134.7335591462288 -0.2309400726345866 0.47442645043608583 -0.8494623158081518 277.9625136770872
-0.9616036204031406 -0.24477972402235126 0.12410223178941701 -0.7503360224220595 -0.14908893665519457 0.8455787050828708 0.5126101271701515 -134.6909722948221 -0.23041476991416157 0.4744254843681113 -0.8496054929127324 277.9793050792859
-0.961544078903052 -0.24490715449088726 0.12431198657272709 -0.819281979136043 -0.14986038656584247 0.8471420554098809 0.5097962362496007 -133.7700672277713 -0.23016265740735936 0.4715621100503083 -0.851266308213877 278.41927940868464
-0.9613713060964394 -0.24546706764848536 0.12454368917966165 -0.9077128068795001 -0.15065856119123355 0.8479279961532294 0.5082520155192255 -133.24967371450592 -0.23036321267557802 0.4698553309686096 -0.8521553603693195 278.6643174778693
-0.960554179540086 -0.2481170807900642 0.1255929233208974 -1.3115185718583202 -0.15284048280020943 0.8483146622771498 0.506953667096909 -132.75182443991275 -0.2323261823072702 0.4677607807264538 -0.8527745288343851 278.8960523293928
-0.9594531254980103 -0.2513367221237989 0.12759134799885008 -2.027741573168862 -0.1542473194020765 0.8470420049130397 0.508652736520872 -133.23273074130734 -0.2359183427149596 0.46834783444034644 -0.8514651146968175 278.65822612772195
-0.9585098981271803 -0.25292259752673957 0.13148739427241396 -3.2867871757286484 -0.1537767889466592 0.8471705602911801 0.5085811055841359 -133.22879389161457 -0.24002390375434896 0.46726031442468374 -0.850914992340756 278.64398404379097
-0.9578661160224509 -0.25325831807044613 0.13547224108352773 -4.537295931612191 -0.15236863036809 0.8479047907420434 0.5077807266098664 -133.03186663063963 -0.24346725499708805 0.4657442325620579 -0.8507678917186301 278.71647743924734
-0.957674710787622 -0.2512638492311108 0.14044794903240873 -6.028368111619537 -0.1487478960356792 0.8496974671869806 0.5058540082681854 -132.56763595499532 -0.24644109183089422 0.4635522541478967 -0.8511087450682201 278.90524789903156
-0.9574720283350174 -0.24993928700820284 0.14414460713415084 -7.1416880072995745 -0.14535606272834078 0.8494119821023097 0.507317355990448 -133.1661171556967 -0.2492366946983171 0.46478988529318876 -0.8496184040762077 278.58955805553
-0.9576011915955319 -0.24874515443224543 0.1453471912397885 -7.481807203226269 -0.14275622653344228 0.8479062753278169 0.5105640097437751 -134.29697117776112 -0.25024111900475066 0.468167487557805 -0.847465979230472 278.03293570297507
-0.9562237389884418 -0.2528935215605867 0.14724478852458378 -8.195742850341194 -0.14410123397057445 0.8448521354309384 0.5152278172089907 -135.71792336815705 -0.25469785111602744 0.4714549140803057 -0.8443099363541859 277.3179610151646
-0.9549538560660795 -0.2583796495161482 0.14595577926357703 -7.956749708586084 -0.1477125552127172 0.8404504040555097 0.5213675472787503 -137.5158819282064 -0.2573793577912875 0.47632244859847034 -0.8407572724301005 276.4336773743622
-0.9540567899906445 -0.2616159220371726 0.1460573545200216 -8.085310806444252 -0.14975853248925425 0.838571213603175 0.523804068008986 -138.20521114680238 -0.25951497725451655 0.47786549263651323 -0.8392237767889147 276.08175283647347
-0.9526123819282748 -0.26790233507249833 0.1440763292829238 -7.65706164188306 -0.15729326861808374 0.8392378754706195 0.5205176423743969 -136.8640400438637 -0.2603622043315389 0.47318931437455775 -0.8416076255104619 276.75726694981483
-0.9529432339654978 -0.2667133134186747 0.1440944179509059 -7.626754934647666 -0.15822603572305388 0.84304451055145 0.5140432616506442 -134.77813792926838 -0.2585801896100036 0.4670545596333447 -0.8455745525185565 277.77580795702494
-0.9529471445698058 -0.2648629881789241 0.1474426571558741 -8.614831165556193 -0.15649022577755878 0.846401039162297 0.5090344685196394 -133.26323452667322 -0.2596200086517644 0.4620096085558332 -0.8480239222508664 278.47310327219503
-0.9532751211013757 -0.26334695756330295 0.148036898884398 -8.75448352944144 -0.15520860070587772 0.8473294318282154 0.5078810138453663 -132.94971824408665 -0.2591849412216709 0.4611737350498461 -0.8486117795223522 278.61466283016466
-0.9532300854506819 -0.26267863454816076 0.14950698693907083 -9.19293196706003 -0.15306512438597739 0.8460770313987188 0.510612107804189 -133.89875709985458 -0.26062131894453866 0.46384651760193824 -0.846713018808713 278.1417237463855
-0.9528776382502496 -0.26391569297911305 0.14957510996813922 -9.251301682281083 -0.15307877929921093 0.844014098388344 0.514010786900405 -134.97296637031423 -0.2618990146046561 0.4668926094093423 -0.8446420528413473 277.6160399322489
-0.9522628764851098 -0.26563564980752974 0.15044306437864122 -9.573857234754895 -0.15321138227249995 0.8421000993854963 0.5171012424632978 -135.94523996179802 -0.26404864402313155 0.4693667267353618 -0.8425990680170954 277.12633092535117
-0.9511877065699351 -0.2692040602415401 0.15090102988282172 -9.824652005804257 -0.15552327627651175 0.840470962330112 0.5190578696216013 -136.4720252629993 -0.2665604198046792 0.470252842021571 -0.8413131445331092 276.85449391338744
-0.9506046178853429 -0.27054350568491425 0.15217447876295817 -10.262728343698344 -0.15655228771043636 0.8411968627786564 0.517570496902571 -135.96040613864704 -0.26803403080148236 0.4681816416553111 -0.8419998270482291 277.0863023157997
-0.9502427232196665 -0.2714608897689156 0.15279971300346373 -10.48574496219668 -0.15768191559361558 0.8421886953611225 0.515610914256728 -135.29548062876995 -0.26865438850463647 0.4658617678365543 -0.8430881524522807 277.39941140284606
-0.9501418615649204 -0.27111398311120327 0.15403782348347372 -10.861536927665803 -0.15727388093273892 0.8432324896938309 0.5140271342070348 -134.81072961610653 -0.2692496411850948 0.4641725718806752 -0.8438296357887516 277.61703211378114
-0.9497389592969193 -0.27275641660835687 0.15362241500696813 -10.781769362398455 -0.15921820137461004 0.8434090826798992 0.5131380745998925 -134.45214651958855 -0.2695282425732762 0.4628877363378934 -0.8444462505117434 277.79010715616477
-0.949394599797821 -0.2743585989803389 0.15289621656627356 -10.603912875057688 -0.16107393409938178 0.8432083699734969 0.5128887136215676 -134.29944400853657 -0.26963879844800387 0.4623061798983267 -0.844729491848919 277.8668895003526
-0.9498144732909257 -0.27353658358153254 0.1517570550901165 -10.223111327509478 -0.1609693107417397 0.8433653370621672 0.5126634268614703 -134.23244214901274 -0.26821884222852543 0.46250691420189616 -0.8450715987352961 277.90990506917166
-0.9497517488884484 -0.2745777399218927 0.15026203852842976 -9.788229190256237 -0.16246166572267698 0.8427749046511047 0.513163392362448 -134.3311635235354 -0.26754031967901026 0.46296600828755025 -0.8450352966097601 277.8743084224799
-0.9498108925998059 -0.2752662794423073 0.14861945936097848 -9.296751293697346 -0.1639374425256752 0.8426177062004427 0.5129521577453835 -134.20574207735942 -0.2664278199379729 0.4628432527319518 -0.8454539255119735 277.94829946269255
-0.9492217673323636 -0.2782716365917745 0.14677510923504536 -8.813453584435411 -0.16732442186008484 0.8416151133448623 0.5135041760674427 -134.24593841552647 -0.2664217976660552 0.46287028124308244 -0.8454410260156159 277.9415043163483
-0.9493548589764504 -0.2790809377528594 0.1443578259769404 -8.084612530753366 -0.1695330724523445 0.8417933827512574 0.512486524799496 -133.83671529420843 -0.26454468258249325 0.4620581467079451 -0.8464740870092522 278.1577348819575
-0.9504629896396808 -0.27564030785541976 0.14367507094332463 -7.765937366548641 -0.16693122378036043 0.8425437487427818 0.5121074086377297 -133.81972959227627 -0.262209976645419 0.462755283211147 -0.8468196242457894 278.1724002632227
-0.9491500741472817 -0.2815237367031754 0.1409202697233118 -7.088221850948918 -0.17324446844451594 0.8408086935745924 0.5128616723471973 -133.80855895383294 -0.26286972229525957 0.46236903711436816 -0.8468260639696591 278.1931594217831
-0.9509775049439233 -0.27582412677024337 0.1398672091022877 -6.584692408391923 -0.16920996910424954 0.8426293375966787 0.5112179435202971 -133.4482872310542 -0.25886245661812235 0.4624898382806 -0.8479937370292396 278.37595737386164
-0.9513428004343868 -0.2751090172194274 0.13878726420756088 -6.226327911667761 -0.16919110410271193 0.8428182730118029 0.5109126431885473 -133.35241248655268 -0.2575291174880304 0.4625714942816553 -0.8483550944762887 278.4277488529301
-0.9518245756694763 -0.27391562747543646 0.1378412353991336 -5.8950733406321225 -0.1685632114951274 0.8428879860272811 0.5110051729105328 -133.4064537682047 -0.2561570238780705 0.4631523205551415 -0.8484535974832785 278.40642102509366
-0.9517910603214282 -0.2747028714768286 0.13649948679242824 -5.501214203280127 -0.16949789569229357 0.841872065137989 0.5123688996184115 -133.80061333461413 -0.25566431281681784 0.46453176246913674 -0.8478478641886302 278.2227746430208
-0.9517455228919489 -0.2751577519875115 0.13589948924226997 -5.3282581915586595 -0.17043927565103176 0.8421836724868936 0.5115438545345258 -133.5025424056029 -0.2552075879958947 0.46369696280832756 -0.8484422276806183 278.3669795044921
-0.9511548388430991 -0.27740260515916326 0.13547053995709715 -5.2634205050685035 -0.1724466731462845 0.8413991391308238 0.5121617260111175 -133.61847938746408 -0.256059792755787 0.46378366004077576 -0.8481380189645111 278.31015723448814
-0.9517510047764596 -0.27508643006394223 0.1360054443824787 -5.358983233499474 -0.17015543815508538 0.8418988168267829 0.5121069313062595 -133.6916180078439 -0.25537649025164905 0.464256220443344 -0.8480854968730515 278.27065433295047
-0.9518934090848591 -0.2743442045880467 0.13650712490473524 -5.492448816404181 -0.16953927206769634 0.8425949687230387 0.5111654858354348 -133.41826796206018 -0.25525550526396223 0.4634317383300073 -0.8485727139973727 278.39700469417056
-0.9513500014282723 -0.27612856212779924 0.13669744679276347 -5.606265137064527 -0.1711931747157888 0.8425943994558688 0.5106148988585545 -133.17876176065377 -0.25617586091034356 0.4623718148663871 -0.8488735083061596 278.5070742015314
-0.9510521334533995 -0.27689661205176475 0.1372155446295782 -5.791128387083342 -0.17160287959540507 0.8424695856987333 0.5106833156538103 -133.18412737657692 -0.25700640297140886 0.46213987428792463 -0.8487487528266767 278.498315511486
-0.9497503553352313 -0.2804872438475714 0.13892864564010887 -6.435102185999802 -0.17397618042475815 0.8420161993487576 0.510628053165007 -133.07289808770807 -0.2602048254460588 0.4607988998175519 -0.8485032838719718 278.5349436173361
-0.9489463585643931 -0.2819232961041084 0.1414922742808721 -7.278161829456683 -0.17389407326943684 0.8417949807493726 0.5110206078691218 -133.20021548925487 -0.2631761004520396 0.4603264770779086 -0.8478430719489897 278.45100911058074
-0.9480459073954303 -0.28356479121717115 0.14422193540768147 -8.179809815721375 -0.17363582973278224 0.8410736046715654 0.5122946321774088 -133.61318274283644 -0.26656998350111283 0.46063673399625915 -0.8466133965331968 278.22561426286205
-0.9472310645827947 -0.2848582554865859 0.14700028765442774 -9.086277164884246 -0.17345622865128704 0.8411358807140896 0.5122532253850677 -133.60713664126612 -0.26956677657199885 0.4597240525102765 -0.8461604744444818 278.1980365021913
-0.946599471106953 -0.28546362558228644 0.14986647313343004 -9.999178327005227 -0.17291472945259329 0.8418208886837535 0.511310167817961 -133.33027217979102 -0.2721211818994864 0.4580918137722078 -0.8462280735809439 278.2971016884871
-0.9462729515009634 -0.28491764587749563 0.1529360530590526 -10.94014920083603 -0.17139426435039085 0.8429606220640901 0.5099425416624016 -132.9579994998436 -0.274210698925924 0.4563324716880751 -0.8465040861552934 278.4374795547951
-0.9457587432186008 -0.28537591943299784 0.1552449169323875 -11.675241643355157 -0.17103167415401477 0.8436593043788344 0.5089077957460434 -132.6452232671538 -0.27620384874517534 0.45475219927207916 -0.846706484677872 278.55446611631106
-0.9453182110731062 -0.28599310524381955 0.15678464072268006 -12.175300569287211 -0.1709647397191807 0.8438933377761053 0.5085421243415902 -132.53225303074314 -0.27774905505922987 0.45392948594479093 -0.8466424772025101 278.5845930425536
-0.9449001393414584 -0.2865257906263974 0.1583246600451434 -12.672936583995948 -0.17076863237085071 0.8440522433653669 0.5083442580260751 -132.47742244642336 -0.27928802493247284 0.45329767457577963 -0.8464746997716524 278.58617312358945
-0.9448351473475052 -0.2857558819792024 0.16009409811453507 -13.201751546497563 -0.16931247647775322 0.8444879794118614 0.5081076046841273 -132.4601899242128 -0.28039227814936074 0.45297199531887095 -0.8462839605067866 278.56755099033745
-0.9447453128487696 -0.285171356379785 0.1616588734056814 -13.672533693159423 -0.16807373986533164 0.8447943179029459 0.5080096243247529 -132.4782307231853 -0.28143829131438625 0.4527691000271656 -0.8460452885293016 278.5340285348315
-0.9442824603107184 -0.2855366881214578 0.16370532943727276 -14.32348876024831 -0.16747192742511466 0.845004871871424 0.5078581692146701 -132.45409487491546 -0.28334394059879564 0.4521455144643024 -0.8457426588955754 278.5106723950013
-0.9442825271229148 -0.28416847968962067 0.1660686126914155 -15.019840176467842 -0.16542888206428036 0.8459648709509945 0.5069287150042205 -132.24130662161738 -0.28454137475826624 0.45121138313185044 -0.8458395201117754 278.5729058325051
-0.9447287771231445 -0.2815747080373016 0.1679381477482598 -15.52411560331127 -0.16249618138525493 0.8470402228836987 0.506080874813843 -132.08971946968867 -0.2847499406683315 0.45081985827028814 -0.8459780887697619 278.6148566043748
-0.943477666334865 -0.28448054048060883 0.17006091618939953 -16.27819018210549 -0.16341304151129438 0.8456758128283617 0.5080635761999843 -132.67973159903693 -0.28835060428468895 0.4515564656661999 -0.8443640727338562 278.28937683518467
-0.9442769336368819 -0.2804460845979438 0.17231095796556473 -16.857092567592137 -0.15829463245666575 0.8459074239719269 0.5092970051007437 -133.27287728441664 -0.2885894695527485 0.4536415145275627 -0.843163978334228 277.9691576439195
-0.9457010701930514 -0.27740792837733963 0.16939399962545937 -15.850617031484393 -0.1568845072231536 0.8459972182774317 0.509584103029319 -133.41975324872809 -0.2846695228314151 0.45533893743039383 -0.8435814808485866 277.9557495681332
-0.9472013546161553 -0.2733317900181715 0.16762853688672064 -15.17320016282294 -0.1544959591796199 0.8471638630593777 0.5083742595012861 -133.13261845295506 -0.2809636852165946 0.4556348556594129 -0.8446634157448376 278.12911279475446
-0.9492328416942625 -0.26948696400212313 0.16227688831732515 -13.382819207079494 -0.15371919292312336 0.8474440433931358 0.5081426994895796 -133.090480101711 -0.27445841575018026 0.45740066632047227 -0.845847036096651 278.2391628987989
-0.9517265317139617 -0.26438449908776834 0.15594051902511807 -11.249260799510918 -0.15232215456835235 0.847870330416528 0.5078522068742264 -133.05445288106975 -0.26648559071621186 0.45958322362927573 -0.8472123054460168 278.3488400530889
-0.9540523264345758 -0.2604745338396938 0.14811203747760615 -8.689192532487997 -0.15254811753675684 0.8476718492013803 0.5081156442262948 -133.12860641158832 -0.25790159026412657 0.46217469997015737 -0.8484581995871863 278.4031012779726
-0.9563575667460069 -0.2565101740318437 0.13993832622198363 -6.023675038364597 -0.15263788577455048 0.8469386394887795 0.5093099417517492 -133.50237146048804 -0.2491623574176732 0.4657225263599004 -0.8491293470885455 278.29258974397436
-0.9588763143464876 -0.2515790641907064 0.13139325799379617 -3.2181599670144707 -0.15215352656798217 0.8464348064123057 0.5102915077156269 -133.83187196828112 -0.23959448686942317 0.46931449258965974 -0.8499049293345038 278.17882205315397
-0.9617104086346946 -0.245029570580983 0.12277458802450872 -0.3473572029756137 -0.15028658291456137 0.8460987246158895 0.5114009104403613 -134.25705925294508 -0.22918776782270353 0.4733682052528082 -0.850526607071279 277.9902939721952
-0.9640114768857466 -0.24059015710499979 0.11312934516186837 2.7755112410967047 -0.15108917932903357 0.8459032148638602 0.5114878404934615 -134.2523932851046 -0.21875541666948675 0.47598752860466537 -0.8518109768549488 277.9769318524321
-0.9667520230059281 -0.23349922496659134 0.10425275993443389 5.730722555979142 -0.14967277779820023 0.8472474185708584 0.5096762416585536 -133.73644979044872 -0.20733688914449383 0.4771267375289494 -0.8540266335044038 278.1784318910026
-0.9694656967007136 -0.22607988221750697 0.09499552503733177 8.806877509339019 -0.1481068427167203 0.8485466496401952 0.5079694346364604 -133.25967205313546 -0.19544980445394367 0.47838945456700727 -0.8561208464334907 278.3248590270221
-0.972144058431384 -0.21878583217009362 0.08407549760897967 12.386560993420158 -0.14711582920656013 0.8488244106898982 0.5077933168266523 -133.24369380063905 -0.18246331810373326 0.4812794193174961 -0.8573664666220564 278.19429636118537
-0.9751157765499362 -0.20958947612997997 0.07225976625325803 16.2866462109605 -0.144504071421793 0.8480689934914734 0.5098014864835965 -133.9829295910398 -0.16813029371871172 0.48667364195518115 -0.8572519877843037 277.6357609419779
-0.9780376371728319 -0.20039019121928606 0.05732496433912653 21.13624918727187 -0.1438219082006574 0.8479132172888773 0.510253304416882 -134.1530267639938 -0.15085635218613047 0.4908023504527291 -0.8581115392506796 277.22464298212134
-0.9808230878707576 -0.19025489247688862 0.04229830006371038 26.024937474093857 -0.14270457987346272 0.8488509650476743 0.5090063280753706 -133.80378948963005 -0.13274589704699213 0.4932089973086874 -0.8597228691799169 276.97558293897265
-0.9831746421759985 -0.18097768898146843 0.024793125519471014 31.63559960022244 -0.14366251931323987 0.8499093663224375 0.5069666158456246 -133.12090524360005 -0.11282155612590333 0.4948748782554223 -0.8616090478546581 276.7185095657247
-0.9851428008093402 -0.17158152473197924 0.007310429821681973 37.224897895063876 -0.14420776694179993 0.8495911982906923 0.5073449671975122 -133.21851321466104 -0.09326189986906791 0.4987530212015105 -0.8617120411571243 275.9733275845589
-0.9866059896566179 -0.16274613704463617 -0.011059658707841903 43.05300025618181 -0.145701517275259 0.8487313047895061 0.508356410536929 -133.47809376832683 -0.07334636349112908 0.5031588885703518 -0.8610757480124936 274.99662589742843
-0.9877272541362304 -0.1533809263213684 -0.029481568433539287 48.8916328689637 -0.1469009823783709 0.848174100631099 0.5089408574627267 -133.61463131557272 -0.05305631736911316 0.5070256270243397 -0.860296484200536 273.95043730349244
-0.9886605317447505 -0.14235185190816327 -0.04781530328779028 54.72534631051268 -0.14674109438804686 0.8481837957690548 0.5089708241270787 -133.63046857707002 -0.031896773943227194 0.5102158355569884 -0.8594547090794832 272.8352502957343
-0.9890768238673067 -0.1313730226131514 -0.06684433721748856 60.74789432722202 -0.1470520851543979 0.8482601828887175 0.5087537187847804 -133.5493849204898 -0.010135124089255876 0.5130261114749268 -0.8583131644129731 271.59587838148076
-0.989224532393169 -0.11854086516574107 -0.08592373244496386 66.80766003920805 -0.1458551916919113 0.8488075706512792 0.5081849772096669 -133.41764210954275 0.012692027735233952 0.5152414689161107 -0.8569510727813675 270.23221953437877
-0.9883409975862866 -0.1084788888979903 -0.10683821017595382 73.33271686548693 -0.1479717220004668 0.8496490745830012 0.5061628389643659 -132.6939799504048 0.03586700403379655 0.516070519138332 -0.8557948219625614 268.8912968638933
-0.9871299409372386 -0.09710484592825797 -0.12706348256872688 79.65697650840596 -0.14861317866698076 0.8504673127692846 0.5045983284132923 -132.17410067580462 0.05906439563510266 0.5169874261606776 -0.8539528080403612 267.34184378269265
-0.9855604730396527 -0.08387631366603654 -0.14708948972531227 85.93837215282933 -0.14777254248782096 0.8501784698231358 0.5053314210850886 -132.43925659647493 0.08266698052149504 0.5197704622763655 -0.8502969110119547 265.2552484774466
-0.9832953311520549 -0.0723574499412999 -0.16701703856961095 92.12881682872334 -0.14847911308500594 0.8496136048945551 0.5060737844974477 -132.64541479085318 0.10528173968956181 0.5224185312716916 -0.8461646609684594 263.0633867278235
-0.9803045363886803 -0.06102321025213196 -0.18782753724174336 98.55387673011667 -0.14998226829968248 0.848783488796876 0.5070225915494153 -132.88494913056525 0.1284847661454713 0.5252073466320966 -0.8412187039719315 260.60046500117403
-0.9771743735806632 -0.046889987008398484 -0.20719935505592393 104.58448790118166 -0.14862678462225087 0.8477885692334513 0.5090821355831973 -133.58980932622126 0.15179039004525172 0.528257390857383 -0.8354063720695817 257.8735139955083
-0.9736735241396185 -0.03264835126735346 -0.22559688284428797 110.30375407468537 -0.1466470573241141 0.8474068450263018 0.5102903875057295 -134.05082105325303 0.17451220291920533 0.529939358947883 -0.8298853938166361 255.23590311611727
-0.9685625693234204 -0.01976819246515274 -0.2479834024128935 117.14576705048239 -0.1474932348275884 0.8483692192132828 0.50844411056825 -133.43356708273322 0.2003304644473932 0.5290358082947748 -0.824614345349501 252.49387545972323
-0.9641652202967749 -0.006646693399459516 -0.2652192478628298 122.45165968990239 -0.146091657574958 0.8477686775463247 0.5098485039287219 -133.93340282246052 0.22145576433471487 0.5303245146494817 -0.8183601002032777 249.69454469800615
-0.9585095758706995 0.004415745949227709 -0.2850261288932712 128.45026580851726 -0.14785187782746956 0.8471715931672209 0.510333336118074 -134.01603683245878 0.24371954207051758 0.5313010379419787 -0.8113692081258157 246.61542869732367
-0.9524678029825827 0.013624417666752278 -0.3043344533975312 134.24653616835053 -0.15126510558136919 0.8459950085339109 0.5112839850505437 -134.17985415120722 0.26443137505785774 0.5330167171664968 -0.8037221081356798 243.41645251009265
-0.9466609957190829 0.023030461814115527 -0.32140715146490284 139.37446059384834 -0.15128318001147778 0.8489164118075643 0.506413196124849 -132.6402062289396 0.28451073552639317 0.528025116440874 -0.8001519341836475 241.3675743103188
-0.9403316632402681 0.032138589325611616 -0.338738061315747 144.55315532801944 -0.15298407526242827 0.8492982595762693 0.5052606644068184 -132.2081830394735 0.3039280109234599 0.5269341299981237 -0.7937053526462006 238.54019160389302
-0.9342274487450642 0.04162391861359449 -0.35424077039569757 149.19058383085076 -0.15302624907268383 0.8503428442391591 0.5034878492535867 -131.64658863415272 0.32218324150401334 0.5245803052445891 -0.788044073795026 235.97971545131094
-0.9278629809192794 0.049058489387451214 -0.36968033929140764 153.7603881732629 -0.15576773173998368 0.8497057260649175 0.5037227340919516 -131.61127295190744 0.3388313775141987 0.5249699455316578 -0.7807687582763021 233.04571812213086
-0.9222361782349807 0.05486492216516139 -0.3827143476149643 157.59871878896678 -0.1574374156344408 0.8508009408582597 0.5013493983172296 -130.79524521421845 0.353120222746992 0.5226161108792099 -0.7760016165811796 230.92934404547742
-0.9173743341592661 0.05766650205805515 -0.3938259838637257 160.82934482138714 -0.16136469763060624 0.8506050384082656 0.5004323160958498 -130.34925431267595 0.36384854731663585 0.5226333735754557 -0.7710178930742865 228.94354576883714
-0.9134027792117644 0.0598810018235818 -0.4026284000773282 163.38330710183175 -0.1643350872017414 0.8506848168965216 0.49932887100199574 -129.882801045905 0.3724101798321589 0.5222543517505008 -0.7671773263301276 227.39287144988668
-0.9104667614140196 0.06101175997969077 -0.4090572594447474 165.2382912491784 -0.1668246410016146 0.8508508258718666 0.4982192401622453 -129.43364736069984 0.37844393972548857 0.5218528885206474 -0.7644931309225136 226.30385766506492
-0.9081886239922158 0.06292697726564489 -0.41380384094802036 166.6225775992777 -0.16762069962643492 0.8512164655452746 0.49732668321874135 -129.12034271403044 0.3835319078093373 0.5210285254348546 -0.7625172466084364 225.46408446644867
-0.9068572481784144 0.06461333890207394 -0.4164553371757879 167.40446588909893 -0.16741996055763292 0.8516233712409841 0.4966972824196048 -128.92957155844607 0.3867563680576625 0.5201564668367258 -0.7614832642775413 224.99137361523017
-0.9058445967589359 0.06528783476936575 -0.4185487607839364 168.0116210141859 -0.16717996014881525 0.852752684519322 0.4948370640622334 -128.35198825731268 0.38922541983699027 0.518218445905024 -0.76154659402856 224.8667905365446
-0.9047309518101219 0.06587739069638548 -0.42085873429428383 168.67886015973215 -0.16733994588016032 0.8535840810767513 0.49334730063636023 -127.87554844793905 0.39173874884873955 0.5167730506976869 -0.7612400191286781 224.63636989797791
-0.9044359815691453 0.06641675270818667 -0.4214076057723166 168.84338175596372 -0.16734921670102368 0.8533955077181183 0.4936702817428742 -127.9770283667054 0.3924153347062401 0.5170153985774839 -0.7607268121481948 224.45265101102885
-0.9038860128299777 0.0653067782199707 -0.42275891537477117 169.21189683184488 -0.1688995908807095 0.8534979940425196 0.49296460559123806 -127.69288458416762 0.3930178164036007 0.516987619662138 -0.7604346106703864 224.334729604176
-0.903717384104789 0.06525525266426463 -0.423127216882252 169.31605432190165 -0.16960695295809908 0.8528857827369104 0.4937806427083966 -127.92229829105057 0.39310096816856926 0.5180034687190531 -0.759699963946269 224.1231006793168
-0.9037483048151866 0.06443663246548048 -0.42318662778989696 169.32077257520936 -0.17022062704961916 0.8529841540684392 0.4933994031562899 -127.7776448450716 0.39276448371831013 0.5179439673407319 -0.7599145392903283 224.19975117379863
-0.9041750045446175 0.061606839262495786 -0.42269629583523183 169.13861527129905 -0.1719964635385014 0.8532777606578124 0.4922745978587948 -127.35248364012467 0.39100483077193526 0.5178046547906596 -0.7609162646376644 224.57663622916246
-0.9054021623866743 0.05997649512336458 -0.4202972095770462 168.43038849693335 -0.17158953426408 0.8538190270019516 0.4914774672967996 -127.11717008810848 0.388334850453279 0.5171033640986661 -0.7627582544694433 225.2390304160873
-0.9068973769408228 0.05513536465431036 -0.41772866703434597 167.62415763609673 -0.1743539280094663 0.8534360649451236 0.4911696151419109 -126.91057290836447 0.3835855256465305 0.5182730695448291 -0.7643658612857169 225.9535105502603
-0.9089449599439123 0.05001408290183296 -0.41390536515494475 166.45395408402004 -0.1768127849907969 0.852833935785658 0.4913364601127647 -126.86603539121882 0.3775662840566644 0.5197815593918591 -0.7663359783148703 226.83961525630932
-0.9113161656423758 0.04558759414792539 -0.4091755338466388 165.03373502045883 -0.1778976048895906 0.8526791430039462 0.49121351901245874 -126.78440300404738 0.37128868608324833 0.5204421681088689 -0.7689503633139886 227.91811500020506
-0.9138959930683488 0.041443885295140134 -0.4038273371445523 163.43899369516595 -0.17837674859067554 0.8525971728970656 0.4911820399100022 -126.75553025663282 0.36465853810905835 0.5209227055327645 -0.771792514504118 229.0780893821002
-0.9167026155948883 0.036911391212677794 -0.39786161383103436 161.6587006203355 -0.17858210210077685 0.8528932288097981 0.4905930829716869 -126.5616186704256 0.3574419496516297 0.5207789256960591 -0.7752577398388877 230.4422474564664
-0.9193997012019842 0.03211982027545507 -0.39201085007327885 159.90402726535132 -0.17890094927828176 0.8534473355441666 0.48951209974820187 -126.2080762583875 0.3502836561660162 0.5201883914487484 -0.778912958953009 231.85376908138386
-0.9223620280000951 0.026041380997675598 -0.3854479676678625 157.92045777220747 -0.1804209308873469 0.8532009701265113 0.489383686153229 -126.10759283759734 0.3416088069726758 0.5209318103657261 -0.7822617668963454 233.26140275089818
-0.9254212952510766 0.02122843845653663 -0.378344789440157 155.7990176654559 -0.1806885063330805 0.8528972202012075 0.4898142458648719 -126.2328237645196 0.3330872107645984 0.5216470887235448 -0.785453515398149 234.61409785887233
-0.9287541442908783 0.0183119960495131 -0.37024371738518524 153.41925098327454 -0.17896067582753994 0.8525293833632945 0.49108729062107764 -126.7024508949946 0.3246364366023452 0.5223584222570583 -0.7885130707396347 235.9232735029421
-0.9318781103639006 0.01602019438913725 -0.3624176331200516 151.125615206109 -0.17678474786320325 0.8523190459494723 0.49223916629492726 -127.15164910584652 0.3167812184261398 0.5227768140263258 -0.7914253359407537 237.15650322273592
-0.9345124949543774 0.015167555568520605 -0.3556070050381748 149.14654710528492 -0.17340167401404633 0.8531080157564074 0.4920757796328641 -127.23383029481059 0.3108347731887008 0.5215138144960692 -0.7946100207438164 238.36007368854158
-0.9364075701309464 0.017545517520462323 -0.3504754162796525 147.70591436617744 -0.16872044187297525 0.8532211948690844 0.4935048177276087 -127.8700399387471 0.3076918508762372 0.5212540143165436 -0.7960024984026395 238.9138800502597
-0.9375198227986229 0.01704589145556519 -0.34751405646984107 146.84164062136244 -0.1674508354717249 0.8534117289037204 0.4936077781694525 -127.95279257948259 0.30498655635857147 0.5209585958154901 -0.797236064090488 239.3995211885652
-0.9388919087185105 0.017261818505020524 -0.3437790182149166 145.76551376810855 -0.16561515056047993 0.8528849976601763 0.4951351357670251 -128.50755148082266 0.30175089999491594 0.5218133865550985 -0.7979080046998887 239.7575980883855
-0.9389943604321488 0.014548374025241895 -0.34362470209494766 145.67390808159368 -0.16766590840910772 0.8529803167875643 0.4942800039758184 -128.15628401124417 0.3002960776200192 0.521740284036232 -0.7985044406763331 239.99890401699625
-0.9398056673081949 0.0141403009419733 -0.34141669494134125 145.0280583571102 -0.16620236831801033 0.8540805115213429 0.49287245064512053 -127.77046624761127 0.29856671023555675 0.5199485856589214 -0.8003195535599542 240.59266176264634
-0.9402503941523384 0.013682615800333989 -0.34020873345820035 144.670513084928 -0.16540784146576293 0.8550066854737071 0.4915321085920057 -127.37932681982123 0.2976061865586961 0.5184364510912853 -0.8016571610743985 241.01240549376536
-0.940654545979018 0.014869446699588687 -0.3390397095973502 144.35269474934836 -0.1636657156369381 0.8553047425783883 0.49159671566027224 -127.46894916207188 0.2972920427022163 0.5179118620747798 -0.8021126756685608 241.15308305565728
-0.9410675516977031 0.016394754592805427 -0.3378210697448171 144.02625576815043 -0.16179559426644335 0.8553008182254367 0.49222220187519744 -127.74058837135475 0.29700849957140846 0.517872303145033 -0.8022432479102581 241.20205653618686
-0.941350326926807 0.01783213230346925 -0.3369593106775729 143.80145337954227 -0.1599832314686553 0.8556427831680797 0.4922202690475371 -127.81198954093952 0.29709413936266094 0.5172595505835487 -0.802606771517949 241.29578686448303
-0.941475821508739 0.01756241294571398 -0.3366226955598347 143.6993115432135 -0.1596980209739496 0.8562140621339868 0.49131865617033377 -127.53897610760151 0.2968498266993749 0.5163226137363566 -0.8033001549439713 241.49858712557418
-0.9411091819526995 0.016221273202440045 -0.33771345537306086 143.99187914553116 -0.1611986508382256 0.856486346778331 0.49035306948182117 -127.17464907537051 0.2972011147560796 0.5159147294640847 -0.8034323178150999 241.51400291739535
-0.9411729707874805 0.01746255381631634 -0.3374737001208843 143.94384643931284 -0.16030539547177117 0.8560713486051598 0.49136954146546546 -127.53069745110112 0.2974821326427981 0.5165625860547345 -0.8029118727772915 241.35224730940578
-0.9414531395992971 0.01756056058287779 -0.3366862228405572 143.717537570053 -0.15972881294411995 0.85622078224143 0.49129693503352506 -127.53079650038654 0.29690519068229276 0.5163115326717858 -0.8032868161348241 241.48470149783964
-0.9414671997739628 0.017947041430135577 -0.3366265222077403 143.70684229742642 -0.15914480427818883 0.8566358872414992 0.4907625576194936 -127.38554747314096 0.29717409547440415 0.5156092128675309 -0.8036384115913666 241.56528449427728
-0.9414140335514538 0.01689355976038137 -0.33682966774173045 143.7475354472135 -0.16013870922757248 0.8565796941859991 0.49053727821150134 -127.27480174968073 0.2968083746111439 0.515738145910154 -0.8036908321076255 241.59702467771305
-0.9410747156447156 0.015865777413369614 -0.33782637061260806 144.01832758845424 -0.16117553149430894 0.8571285824846011 0.4892372033435985 -126.82351726394103 0.2973227667396912 0.5148581068556733 -0.8040648619254838 241.67062171215434
-0.9409576973261242 0.014528219280814325 -0.33821227459577313 144.1069253470183 -0.16265915779324186 0.8567859101918457 0.4893464033613852 -126.79877973686169 0.296884843379906 0.5154675886428348 -0.803836149243134 241.62884466528135
-0.9399430568501178 0.017723259177616482 -0.3408708493892945 144.9314076411483 -0.16155591939276553 0.8566068000638634 0.490024973846748 -127.0566579480734 0.30067712714540545 0.5156652753176918 -0.8022983167395497 240.99720400504043
-0.9385451098248253 0.019246230018538923 -0.3446195865791439 146.041786022215 -0.16231318772811051 0.8565444760644942 0.48988364905652804 -126.98191834193473 0.30461041662005867 0.5157142068563497 -0.800781712411741 240.3635286180688
-0.937065584975902 0.021109943673403936 -0.3485146478010307 147.19941764760947 -0.16331843884525746 0.8557400934315579 0.4909541526730339 -127.27944260619255 0.30860197178067195 0.5169751084644738 -0.798436948193924 239.4964731507923
-0.9351192240401967 0.02358497349885144 -0.3535474308427639 148.69486149407112 -0.16389645451411938 0.8558371446604123 0.4905922278402018 -127.14225566358702 0.3141496284068495 0.5167073938357857 -0.7964442730833516 238.64225662126574
-0.9328134344687096 0.029888832137272794 -0.3591180226445902 150.40766062147895 -0.16133468689430075 0.8564620262522638 0.49035080951557936 -127.16811926360448 0.32222696237187914 0.5153440164602049 -0.7940971788259014 237.55117423306388
-0.9301860218839086 0.032599292413996575 -0.36563814191888594 152.33155916626367 -0.16205269606446443 0.8572723445402601 0.4886952536956792 -126.61750597363681 0.3293825866527053 0.5138301406306881 -0.7921399486135139 236.61586702298848
-0.9279906169629395 0.03463805572978654 -0.370990053672606 153.90575009405907 -0.16349798065838614 0.8568398363166282 0.4889722949426931 -126.64727744498386 0.33481610646647947 0.5144178262814716 -0.789476076176139 235.57750946746867
-0.9254028596255978 0.037045498038724575 -0.3771699596625228 155.72204360230322 -0.16551189144279155 0.8557823640132871 0.4901452429993176 -126.93692660533006 0.3409330743530112 0.5160079229225976 -0.7858119764252202 234.22258989100965
-0.9229430971749518 0.03937365216822161 -0.3829174256834538 157.41057354087962 -0.16664182126943836 0.8558420618051582 0.4896579098198039 -126.73832709034272 0.34699645932071416 0.5157364450569986 -0.783332226107708 233.1977273702489
-0.9202659915124748 0.04088061863320287 -0.3891520010043996 159.22351117367708 -0.16828367534039856 0.8565055181029021 0.4879332967457802 -126.12937128709797 0.3532578512637602 0.5145163481167968 -0.7813333590990891 232.29405029672174
-0.9179118190559012 0.04270155052808451 -0.3944799995183328 160.77952937719266 -0.16924700216202393 0.8570764080698638 0.48659581069839586 -125.66945997578699 0.3588778966398659 0.5134166030745 -0.7794934553867577 231.46867832066042
-0.9154372550507665 0.04400660823664147 -0.40004756029330396 162.39410831652953 -0.1709623981744785 0.8573418202302536 0.48552740570920006 -125.26462370987565 0.3643439178517311 0.5128629658259425 -0.7773191672721503 230.5579257525849
-0.9131824253208409 0.04722311605204194 -0.4048059231230222 163.80574342936237 -0.17103698137324236 0.8571572691190745 0.48582688995058715 -125.35601554556618 0.3699245991926948 0.5128853607841289 -0.7746640546749655 229.50595663256374
-0.9103213336251754 0.04887671146769379 -0.4110062488855686 165.60281851143793 -0.17282136236251286 0.8574154220902676 0.4847386622427939 -124.94228314217511 0.37609552810163427 0.5122986053444536 -0.7720766106443587 228.43810851946782
-0.9075952959373935 0.053913376460308665 -0.41637017980513935 167.21150065416904 -0.17218042226926636 0.8566919803268067 0.48624351207076455 -125.44195154158098 0.38291602340394715 0.5130031176146824 -0.7682467834870018 226.98662058925885
-0.9044311590419867 0.05953963603506161 -0.42244444640068496 169.0284907642768 -0.17127889327717366 0.8562287330422308 0.4873765458356028 -125.83479662811219 0.3907272952734622 0.5131543514905718 -0.7642020624642252 225.4167471720457
-0.8993840327939142 0.0631267503219153 -0.432577594136763 171.96528835071976 -0.17286970721972517 0.8575089953970247 0.48455586585960514 -124.8826655365796 0.4015276153406163 0.5105813707989939 -0.760317195591352 223.717130916138
-0.8952702389234003 0.07167908469324487 -0.4397195789541063 174.1195385828387 -0.1701399175059874 0.8571627037501177 0.48613219166276606 -125.48766942870513 0.41175673372647315 0.5100335362672999 -0.755196785025982 221.702402786663
-0.8893763934319414 0.07833573127462676 -0.45041441363666623 177.2462369032274 -0.1701360963344964 0.8577351030601682 0.48512287278834915 -125.16968696614387 0.4243387084983544 0.508088581040778 -0.7495216169570542 219.39125337653888
-0.882043778883856 0.08311012088901243 -0.46377955963809037 181.0912346508969 -0.17177665089487792 0.8598498079219004 0.48078174884661545 -123.73671620858588 0.43873859454078856 0.5037370500791901 -0.7441487956302079 217.05011945065138
-0.8757985057751585 0.08982722112255553 -0.47424471280911407 184.1338668943144 -0.17181715136841047 0.8601547327900313 0.48022151363152565 -123.55855467276963 0.4510607983161963 0.502060659685967 -0.7378883724643228 214.57667776302992
-0.8687672432527619 0.09849178478813016 -0.48532756503236574 187.36587425987122 -0.1708222375669491 0.8602725698801825 0.4803653491503826 -123.64331189749659 0.4648260321922787 0.5002304207472761 -0.7305520419213035 211.70975982341125
-0.861255709480214 0.10739398548765107 -0.4966942064981344 190.66790010644695 -0.1697717426148722 0.8604477743884051 0.480423961683375 -123.70346069114824 0.4789740685018791 0.4980925209548097 -0.7228330943389626 208.7041714407227
-0.8530932201098247 0.11768523182408505 -0.5083130374219821 194.04368693244385 -0.16798229880619583 0.8604075883996506 0.48112444243883773 -123.99519903380659 0.4939776362249975 0.4958315924129965 -0.7142388444174371 205.3925337636276
-0.8433454836773274 0.12736003628856463 -0.5220611231624418 197.98920812457283 -0.1676069168465198 0.8607021313484161 0.48072836666614344 -123.88533133369934 0.510564703623604 0.4929211521621584 -0.7045228322523491 201.6585391827672
-0.8314819193704378 0.1392428974358048 -0.5378189595707228 202.49586293773805 -0.16787628537504967 0.8598492376593831 0.4821585230038483 -124.32516220304848 0.5295803721520727 0.49119314328506214 -0.6915735141118498 196.85464229999647
-0.8187338998140307 0.1511852403203743 -0.5539113867800333 207.06741842924416 -0.16825531330156276 0.8591874179592055 0.4832050603691839 -124.63985564697232 0.5489671673616755 0.48881489740991363 -0.678008145400211 191.83534381894196
-0.804317938148953 0.1627445288216329 -0.5714777972156414 212.00947851429487 -0.16924577101058078 0.859177039684108 0.4828775035914253 -124.4972884547804 0.5695862738574825 0.4851072384723584 -0.6635076818054718 186.45358411916433
-0.7882272353960981 0.17378323874548304 -0.590336523781948 217.26387659845452 -0.17112100580397574 0.8595659207684113 0.48152261548777586 -123.9959331288778 0.5911137172765151 0.48056821969901753 -0.647795306761987 180.64812836930804
-0.7713203731959896 0.18264003517149138 -0.6096781933490452 222.5910129285773 -0.1744675054790569 0.860568185508067 0.4785221913592595 -122.91804394482735 0.6120669664544187 0.4754629487603728 -0.6319090226697007 174.80428151127728
-0.7546104343428909 0.18932640756052674 -0.6282663478024738 227.65777071286197 -0.1791506883852725 0.8616486066971695 0.4748333491109391 -121.57099760768764 0.6312433153958278 0.4708685485112095 -0.6162910731067183 169.12829230056073
-0.7382480376032616 0.19607821435182102 -0.6454015562667434 232.29757047733924 -0.18188655949680646 0.8635087215033761 0.4703934176431669 -120.06506730234872 0.6495437740825076 0.46465688603980193 -0.601819627302439 163.8108058938656
-0.7230750713506934 0.2052653603082687 -0.6595669587302765 236.12690667934336 -0.1810584440910878 0.8651277313585076 0.46773052953361455 -119.25960048367187 0.6666185423572496 0.45762445333701046 -0.588387269316305 158.848620224681
-0.7073593559557159 0.21457156023477983 -0.6734996563327462 239.8639056660403 -0.17966739415761987 0.8669412457707345 0.4649005311441348 -118.42402790978743 0.683639063408847 0.44985766851294245 -0.5746874881721146 153.79399734651153
-0.690730432855254 0.22440224543596446 -0.687411886259534 243.56456657248322 -0.17910692865601605 0.8679145339400129 0.46329803569959066 -117.94200586465284 0.7005798864048283 0.44313428440935104 -0.5593029847462021 148.24768788342
-0.6719231370106429 0.23505702366571024 -0.7023300460433076 247.49265625140674 -0.18097424350651908 0.8674425770053023 0.4634562533677181 -117.91795526219593 0.7181696325639367 0.43851062840462274 -0.5403154704792033 141.612289888087
-0.6507790130610006 0.24520544817502113 -0.718582607877923 251.71744681558081 -0.1842318754824194 0.8671362829209364 0.46274537587996667 -117.56574958534189 0.736576738850461 0.43353080055210413 -0.5191394347928804 134.2675954358636
-0.6288390190267086 0.2532923113631207 -0.7351220940455093 255.95829453446484 -0.18896869233611197 0.8673179575288137 0.4604892983173733 -116.66949332249663 0.7542229918706448 0.4284886994453586 -0.4975390567395874 126.8253629110747
-0.6066717139292229 0.262777244477836 -0.7502649873896654 259.78853227020545 -0.1914649116416261 0.8677028107734447 0.45872978951222254 -116.01795626919302 0.7715507884308352 0.42194780715213964 -0.4760981294977511 119.4185660798203
-0.5833397895528319 0.273533914619632 -0.7647835559668615 263.40077467342155 -0.19375185414553944 0.86754290570208 0.45807152910998244 -115.72112417143798 0.7887806469099147 0.4153895813797594 -0.45307459291106233 111.53305334564922
-0.5596390147288262 0.28300545590710474 -0.778917251779777 266.85651954124046 -0.19548560675991833 0.8682828317342852 0.4559279566611353 -114.97905951204622 0.805350576297711 0.4074221840331025 -0.4306014551933627 103.81848718152543
-0.5368323273753257 0.29288866600156016 -0.7912188582261025 269.79965676200385 -0.19610319424841738 0.8688065782937725 0.45466324540150943 -114.55716748304557 0.8205818603225142 0.3992384736486356 -0.40896705450237564 96.41386089710457
-0.5123403079503123 0.30119519249103655 -0.8042318477091458 272.85846424313445 -0.19750202803118436 0.8700523842539705 0.4516655815728613 -113.55998144322147 0.835763338375732 0.3902439040834196 -0.38627624513135983 88.67456267351673
-0.4874525145833261 0.3130609734533847 -0.8150968488019146 275.30900414150284 -0.19595988545388676 0.8704760957722162 0.4515208632854733 -113.57488961621569 0.85087588361599 0.37982126532038546 -0.3629683692708354 80.72437387914557
-0.461037548968129 0.32357982355625453 -0.82628111210941 277.76664031136477 -0.19665870578193906 0.8707348486908717 0.4507174022771452 -113.29494681809369 0.8653148166312841 0.37029302054263513 -0.3378066711238529 72.25397540351904
-0.4347230325585254 0.33591390624870343 -0.8355703037757245 279.68323422008865 -0.19541006419680754 0.8705388827998395 0.451638085577608 -113.63326056841241 0.8791079522867022 0.3596163248829849 -0.3128023451061975 63.838848160147954
-0.4081639831961663 0.3472479734004886 -0.8442872779988417 281.3967637103332 -0.19483873856326478 0.870387653115491 0.45217607108203295 -113.8247515859018 0.891874446756109 0.3490618545091422 -0.2876035343143805 55.41098258524255
-0.3803680096418055 0.3578988170605414 -0.8527770013243768 282.97516287218593 -0.19472356517998157 0.87042283099445 0.45215796846589384 -113.82360004650808 0.9041033737381631 0.33804220451043077 -0.26138966614041803 46.6883691999294
-0.3519276284519395 0.3686482366596755 -0.8603751634838755 284.2555444174394 -0.1926716143712861 0.8709636794564343 0.45199548458283545 -113.8531128226426 0.9159828564704452 0.3248395706736199 -0.23548813128653048 38.036855289909326
-0.32411140530168137 0.37937986448077443 -0.8666156676289198 285.1485173644392 -0.1904178705421535 0.8711544804910585 0.4525824849666031 -114.12620237557655 0.9266568035316856 0.31170625522581835 -0.21011039698581335 29.598478747327796
-0.29376781658149353 0.38873712260404086 -0.873260510644145 286.0307222527423 -0.1913751730371122 0.8711543321482424 0.45217880614239836 -113.96166710933056 0.9365233649439598 0.2999559619158789 -0.18152247195640098 20.240801736575772
-0.2644937005963747 0.3994825300753226 -0.8777566806977058 286.32883144328343 -0.1912397027946487 0.8703687271494143 0.45374624502614125 -114.45970009583733 0.9452356629009772 0.28787495022132015 -0.15381012520384596 11.194099328694927
-0.23515398503330717 0.40893015742099914 -0.8817475430499322 286.44664712361566 -0.18638290104614494 0.8713790398174108 0.4538281427638771 -114.67667772661504 0.953920341286723 0.2710621613551473 -0.12869066462217849 2.8542551633769957
-0.20475849364241966 0.4144670443039841 -0.8867305275376542 286.7509887353479 -0.1861853637930217 0.8728925357590535 0.45099183066369386 -113.79295735933921 0.9609417097777302 0.2574406537477113 -0.10156446330978001 -5.968275730418007
-0.17469396135494444 0.42021742182437377 -0.8904489532036036 286.68781056894056 -0.18774935982166024 0.8735458379526083 0.4490744335655643 -113.1287397611205 0.9665568776604271 0.2456318126606404 -0.07370763092363072 -14.920278633526287
-0.14649912315857633 0.42658931957746593 -0.8925018539679359 286.2087112187568 -0.1915269137581609 0.8729316286842161 0.4486733922899773 -112.85398138110611 0.9704923741174076 0.23666838416898123 -0.046180382358759736 -23.647930198879667
-0.12000809518847001 0.43170313985694514 -0.8939968993944499 285.61057977625495 -0.19329901323101056 0.8731099713329279 0.44756504492970817 -112.43620366438884 0.9737728423883841 0.2265201469994865 -0.02133247360664786 -31.55143652148151
-0.09669615064947315 0.44103245211325176 -0.8922669054899138 284.2421225501424 -0.19421636274165638 0.870874459711197 0.45150601310074734 -113.63853103565532 0.9761812633384109 0.21695172644093716 0.0014455107474570517 -38.77551330987946
-0.07589499082652408 0.44783879500374824 -0.8908874025695012 283.0438504660265 -0.19665039733956502 0.8691935376851998 0.45368625202057655 -114.22829386661579 0.9775318775332255 0.2096258756353272 0.02210024141246683 -45.2659348439758
-0.05436513033189814 0.4514967783138687 -0.8906150076077727 282.0950336954581 -0.19787647220948426 0.8693736054175696 0.4528072834542143 -113.90395992707752 0.978718209879598 0.20084868278247014 0.04207698034105757 -51.568714561471126
-0.033382453617979715 0.4567393795153509 -0.8889739878030042 280.78098197954284 -0.19935009078978932 0.8685535748160345 0.45373365422502016 -114.13739281746147 0.9793595627207335 0.19236378784537306 0.062056587347630476 -57.843444136711355
-0.010374221677866637 0.4592497894832921 -0.8882465909780516 279.6087578472355 -0.19851181213233685 0.8696681927909585 0.45196271405022315 -113.61351592165974 0.9800435888104743 0.1810162017811109 0.08214437731351946 -64.20458497366914
0.01296496726708091 0.4642164165362126 -0.8856269125551914 277.8892436279587 -0.19970565903355864 0.8690588376770272 0.4526084250270055 -113.76975042039602 0.9797701564008445 0.17099665281441023 0.10397396478221138 -71.03170044700218
0.036318966224565374 0.47266279078209056 -0.8804946444484855 275.4653499675001 -0.2036957009329296 0.8660802429924129 0.4565228078854832 -114.84447518482858 0.978360360048291 0.16277253732828828 0.1277345175662774 -78.36629399035222
0.06059700130777959 0.4806082914347829 -0.8748392273078772 272.8328698686995 -0.20798280425920643 0.8632921508666657 0.459858473211577 -115.72640440389812 0.9762536333171731 0.15408547126885416 0.1522711757978953 -85.91584523618603
0.0844315760732517 0.49044243994340253 -0.8673739228638067 269.70150744250793 -0.21414458237715406 0.8590731267528025 0.46490371124532615 -117.07433138479912 0.9731461384603552 0.14649087341375688 0.1775584895356278 -93.63138348584332
0.10986159829949975 0.49855623129852655 -0.8598674976137253 266.4575904275882 -0.2180606171798094 0.8561175874683205 0.46852133746776553 -118.06125950415179 0.9697319198903582 0.13603073425087925 0.20276992598737797 -101.36205071052866
0.13653406568026366 0.5063572469518196 -0.8514462915346989 262.8752424495901 -0.21793701099098967 0.8537912286387104 0.47280439627811693 -119.41470441578497 0.9663653078153885 0.12100775330108121 0.22692557258249668 -108.85488829812479
0.16265515661964497 0.5147406873252969 -0.8417751034789042 258.94601431154996 -0.21577826289462904 0.8510425828194993 0.47871313277378585 -121.35964984838563 0.9627995852134624 0.10377160998942353 0.24949631595073274 -115.89563210930338
0.18919365403218388 0.5233203418818049 -0.8308679684803483 254.62521161024029 -0.21166843326617463 0.8479918937188556 0.48590762758548267 -123.78659693206139 0.9588546478130006 0.0839378815542777 0.27120508182478215 -122.70377962453165
0.21456281178550254 0.5275673153933957 -0.8219705149987462 250.89003968645224 -0.21015965525578484 0.8467952656121535 0.488641686146006 -124.70729483959818 0.9538321231230726 0.06790070592746036 0.2925641383236911 -129.29050770238027
0.2371335319940797 0.5281855709705423 -0.8153451358918719 247.9036946168539 -0.21240122086340957 0.8471669503134955 0.48702554314149105 -124.11067105608728 0.9479733168078867 0.05769021507199934 0.31307895123307244 -135.47876803382107
0.25675085418775007 0.5293316616473738 -0.8086327911057594 245.02816302764023 -0.2163988673081058 0.8469234050470297 0.4856874264496803 -123.53386292925892 0.9419397693598193 0.05028655845427299 0.33199507968823194 -141.12151036030082
0.27504256069861327 0.528666359042999 -0.8030339162330371 242.51692401286056 -0.21954999208542092 0.8477147527676947 0.4828845606511951 -122.5283868107589 0.9360285202811083 0.043492283869958265 0.34922633128693736 -146.24474551560846
0.2893487543011742 0.5283260258185604 -0.7982160790331931 240.4222863634529 -0.2206751141230218 0.8482419068893657 0.48144382995681234 -122.03078557559861 0.9314396343248177 0.0368412518714909 0.3620261451461639 -150.07115458062532
0.30086870203999766 0.5271357381319902 -0.7947363951127498 238.8410671247389 -0.21867266887475287 0.8492788839785541 0.48052850187614665 -121.81968794687641 0.9282565852284376 0.029211141918504213 0.37079161420919055 -152.7456573450121
0.31063453385556633 0.5242504505580211 -0.7928856484172525 237.8020087932357 -0.2171404831764755 0.851232611841377 0.47775836057948196 -121.00598111263426 0.9253951571854165 0.023759327166808286 0.378258241721656 -154.99874951526536
0.3167399473808829 0.5201492195592028 -0.7931712268641039 237.5511556699067 -0.21535131086127288 0.8538245464100813 0.473927691592241 -119.86849789871532 0.9237421819119699 0.02069863134535918 0.38245515817797776 -156.26397661925608
0.3198317205563293 0.5165720609448679 -0.7942675722809975 237.68742189021518 -0.21393329623998375 0.8560236828437628 0.470591116756889 -118.87272314597253 0.9230060754328073 0.01941031328372303 0.3842954910643036 -156.81833690469412
0.3192487499809126 0.5137141068691488 -0.7963529695048908 238.2974132490204 -0.21448127448971974 0.8576890203270873 0.46729789995636273 -117.8146350324133 0.9230807215671284 0.021618529413307552 0.3839982039764193 -156.6930077352567
0.31744676597682875 0.5123733196345179 -0.7979355438239086 238.8340763574803 -0.21408476798501536 0.8584581104025197 0.46606585886646723 -117.44221713480937 0.9237939504498041 0.02287474613716553 0.3822060741295271 -156.15652104931587
0.31545022067068956 0.5110200868702888 -0.7995934148640143 239.4018809997707 -0.2113111025654894 0.8592865549459527 0.4658049317275135 -117.46778953178165 0.9251155474919717 0.02202469759608 0.3790463513667303 -155.26715895158145
0.313196457415479 0.5108639083460897 -0.800578569668057 239.7972023705617 -0.20924231403938814 0.8593952741489083 0.46653769063813566 -117.77890351760028 0.9263507073877777 0.021396960529024928 0.3760539017245842 -154.42112236683107
0.3108545992920672 0.5111659193699365 -0.8012982097656627 240.12356333874055 -0.2091360050643583 0.8591895254112123 0.46696412154401795 -117.91727604439838 0.9271631730632366 0.022422361569274962 0.3739862139397222 -153.80912634250942
0.3071319866538395 0.5108596339062011 -0.8029273797917766 240.77629680731604 -0.21068540755886045 0.8592707075089374 0.46611748546782406 -117.5905519599749 0.9280525856953488 0.02600549292577342 0.3715401896455684 -153.0391408000608
0.30511635022408257 0.5090861841273917 -0.8048200233322643 241.40898181058907 -0.2124252705309761 0.86020933685098 0.46358969060392086 -116.72732899814467 0.9283208051453854 0.029515316786522777 0.37060670367549287 -152.70489625933868
0.3015563508594605 0.5077677894227601 -0.8069917219408447 242.20189808323553 -0.21342825720938668 0.8608638994745188 0.4619109498659778 -116.16011813436607 0.929253542517267 0.03294265633262505 0.36797097047574384 -151.88175027812784
0.29754560925347145 0.5062908094124212 -0.8094048595841862 243.0851678450213 -0.2115495826223645 0.8616925957961121 0.4612294921646509 -116.01874623099765 0.930974427418006 0.03399244996574788 0.3634984578220962 -150.575343726509
0.2936579489180123 0.5044355593910318 -0.8119789255018401 244.0053422491048 -0.20977260049672475 0.8627307656794236 0.46009899155620493 -115.7322235048526 0.9326094922946622 0.035219204591416364 0.35916450619436263 -149.30427437760164
0.28903529849609916 0.5030642545238408 -0.814484470105872 244.94519521585434 -0.20651974252740907 0.8635306350266239 0.4600700363172201 -115.84988092458003 0.9347770815385257 0.03523064278277899 0.3534835351744529 -147.66732210040007
0.2841064137823939 0.501290124741426 -0.8173076265913788 245.9879446880415 -0.20308013575875417 0.8645555645508871 0.45967611887534754 -115.86030346968393 0.9370389554911327 0.035382010129757946 0.34742784754717704 -145.91771149917486
0.27814018150539227 0.4993486339579132 -0.8205418826583526 247.1980282243199 -0.20419193166525237 0.8654630448106836 0.4574706254065215 -115.12315331135144 0.938586008032807 0.040307069248296606 0.34268301051212424 -144.45113272039973
0.27180845597310455 0.49667058229276995 -0.8242805929696985 248.5645994375844 -0.20977356629163846 0.8665093283825988 0.4529421979803001 -113.48134279056514 0.9392098882288263 0.049798760134150494 0.339712921953665 -143.40378495679698
0.264772686194602 0.49401619601129165 -0.8281566414174482 250.00394247471195 -0.2109057246787862 0.8676813246797501 0.45016429678475167 -112.56393795423038 0.9409645051451254 0.055471766517093846 0.33392915891916686 -141.61590167368612
0.2566597494953828 0.49262714372485195 -0.831531280382441 251.359800452539 -0.21064668727337213 0.8681809058543417 0.44932158622827034 -112.30914737658856 0.9432675898862007 0.05983654381253087 0.3265973696998332 -139.40319749047572
0.24760131621900974 0.49356641388955036 -0.8337180478356115 252.4361854565412 -0.20915334428315915 0.8674521034559538 0.4514218944457742 -113.02756630380841 0.9460171598770205 0.06260226265919253 0.3180133486634881 -136.85657411932885
0.23868816896783307 0.49489923997605767 -0.8355254037226539 253.39763139217368 -0.2079503126343065 0.8664839706926242 0.45383058073254395 -113.8317751311863 0.9485697789145918 0.06542377858137188 0.30973392408010186 -134.39341817104594
0.2307515625962753 0.49605902697799464 -0.837065802737767 254.2321943612843 -0.21183607149813924 0.8652588953149748 0.45437046877030274 -113.8500126291679 0.9496732044085546 0.07247403557105547 0.3047430376504653 -132.79452103194944
0.22239222500265346 0.49881549543038367 -0.8376901573833312 254.83436288527784 -0.2138812553936254 0.8632382315959738 0.4572467212592159 -114.67502224462312 0.9512079198837738 0.07747810677602546 0.2986647554044281 -130.91935024978716
0.21402520640162478 0.49954740196852476 -0.8394317150377623 255.74124880654938 -0.21219406880087696 0.8626000032659593 0.4592329599792414 -115.36549822409285 0.9535024321890692 0.07983500204837479 0.2906191395236476 -128.52472155469223
0.20579722838964234 0.4989013075652086 -0.8418699341922519 256.8298190281575 -0.2121829110467081 0.8625678637938092 0.45929847878033453 -115.3864251354414 0.9553145623546656 0.08410805942304084 0.2833724074309355 -126.31839723421835
0.20284855074295255 0.48000981049280267 -0.8534887505363777 260.1617292779461 -0.20722569235113494 0.8729115005687542 0.4416820401650926 -110.04174208189482 0.9570318583469812 0.08727023550712634 0.27653919813193595 -124.25412177250415
0.19644588842889446 0.4788772273950872 -0.8556200172984363 261.0686888237688 -0.20608846089907873 0.8732962537546984 0.4414535077018398 -110.01439266191264 0.9586117875363473 0.08961168595893818 0.27024652918393866 -122.36349675562158
0.18972647232473136 0.4720326576546565 -0.8609233623306403 262.8543057772148 -0.20657635608143612 0.8764132517955523 0.43500117377457914 -107.96892135486824 0.9598594036666666 0.09531517289827321 0.2637895809315516 -120.34804201164748
0.18583514798889755 0.4712852825233083 -0.8621806540678525 263.39274017007295 -0.20853579012710038 0.8763930296500841 0.43410607208009966 -107.6113197495883 0.9601969183495698 0.09912335778045556 0.2611444771277335 -119.48992761289415
0.17572411949878064 0.4722916408960026 -0.8637485975480016 264.3274719281315 -0.20825682219717256 0.8753782109303514 0.4362821149631426 -108.30545979441442 0.9621590979846907 0.10321624759764733 0.25218302162744355 -116.77057629584434
0.17268618164158359 0.46952767164604126 -0.8658656063320087 265.054961754247 -0.20741038236713616 0.8766953386400176 0.434034810232063 -107.63307056530344 0.9628916948215767 0.10463770240936981 0.2487780844007763 -115.74090122846162
0.16876486360685822 0.4635141840728081 -0.8698695430782006 266.3379674733213 -0.20697200165554983 0.8795171272849276 0.42849995722655976 -105.9132427267428 0.9636809696898936 0.1077229036732088 0.24436604649942462 -114.37651849793748
0.16083065235862548 0.45964928353439366 -0.8734163024630451 267.6945427298771 -0.21112106122304514 0.8804756298448765 0.4244885896668168 -104.49230813962237 0.9641376451368103 0.11612579987059926 0.2386491144640167 -112.50393672860304
0.15556403156914328 0.46138644116614524 -0.8734542827131787 267.96577659610796 -0.21039032893147472 0.8794065837001771 0.42705967971337316 -105.32746601074457 0.9651609925675925 0.11733120834979155 0.23387527867031463 -111.07306019818205
0.1543205147100147 0.4665609150217433 -0.8709225518458629 267.34033792367484 -0.20564016955064485 0.8773451822407861 0.43356378062064155 -107.55445718672442 0.9663836191734719 0.11218887544206618 0.23133602577252507 -110.44646011941147
0.15101925872460462 0.46743315052693657 -0.8710335431444264 267.5331707837589 -0.19784206584098787 0.8776040238110854 0.4366574107631318 -108.83152691969968 0.9685306915519204 0.10638339710243527 0.22501304927249094 -108.71774912595477
0.14867002198408447 0.46771913725948944 -0.8712841288606665 267.7167481833899 -0.19737813141145347 0.877381898225679 0.4373132491777798 -109.05560054376889 0.9689886984912541 0.10695706291378246 0.22275791543530465 -108.04193215107631
0.14803248851561102 0.4683750987562414 -0.8710402684198686 267.6817885038991 -0.20291715171002445 0.8763902295934235 0.4367662933595921 -108.66629292070856 0.9679416366113023 0.11209340898673509 0.22477556756900008 -108.52207043232315
0.14680133930957528 0.4656564363686184 -0.8727046751595834 268.194022507939 -0.20407157934576978 0.8775407042586175 0.4339090951715729 -107.72401831243725 0.967886438214855 0.11439578505246023 0.22385139508609986 -108.19887895994839
0.1440350495491598 0.4623314240387353 -0.8749306023037977 268.93329381826896 -0.20563781068672163 0.8788332375650657 0.43054062684824124 -106.60543122691143 0.9679705549846767 0.11790587303955488 0.22165561076913262 -107.47217357028714
0.14219258210484625 0.46148331741660586 -0.8756794032866828 269.2264309386338 -0.20409237282946088 0.8793280131188141 0.43026567222747303 -106.57967608353378 0.9685698596111676 0.11753890032956371 0.21921914597525466 -106.76410140360842
0.14028208230682682 0.46220945282391135 -0.8756045677723938 269.2995887747689 -0.20061514176469805 0.8792748990327516 0.43200603795048287 -107.26228034453983 0.9695743923384066 0.11505682792066016 0.21607272865969185 -105.8951010177219
0.1387898087368433 0.4644120376889288 -0.8746764248797423 269.1208301862912 -0.1970340785542891 0.8785160931803506 0.4351862198087115 -108.40121794193138 0.9705230346978133 0.11194165119717903 0.2134340784602975 -105.18987907974528
0.13650911825217937 0.4659727617949379 -0.8742051509223739 269.10411418760634 -0.1921441364280952 0.8781618635316268 0.4380780435892239 -109.5018510109029 0.9718260602959329 0.10817174632896748 0.20941103558749594 -104.0895832481319
0.1331843851418229 0.4660343713976819 -0.8746850200102676 269.39592926090666 -0.19183038542977507 0.877979601984098 0.4385805760925908 -109.67200989404667 0.9723492288166113 0.10937908015618189 0.20633272654605472 -103.15415014876906
0.13190207262199294 0.4658779218471937 -0.8749626307296573 269.53342678070106 -0.19078069701586164 0.8781037220579218 0.43878990297654585 -109.77922692599758 0.9727304708315477 0.10904868290522648 0.204704215570835 -102.68243190811437
0.12934946673750752 0.46559254202228884 -0.8754954598785456 269.80165763615554 -0.1925939261892207 0.8778955115575331 0.4384142451861695 -109.58969843556073 0.972715937491385 0.11190645915388858 0.20322561194371055 -102.18196195819242
0.12770503865191288 0.4665360430036586 -0.8752345649489637 269.8103641703966 -0.1919433324036981 0.8774022569801757 0.4396851562105058 -110.01448877768935 0.9730617556191778 0.11184542916266998 0.20159717192148618 -101.70387564972948
0.1248854373762254 0.46720941316613973 -0.8752822354990989 269.9593804099478 -0.19145916935150298 0.8769559037526186 0.440785355183972 -110.37907867973902 0.9735229909984567 0.1125331378855989 0.19897054775780107 -100.91287679069625
0.12370137729879493 0.4668281510980832 -0.8756537252799912 270.1171929117635 -0.1878663908219527 0.8774901520532883 0.4412677783942872 -110.67254179789946 0.9743737416689318 0.10992047303319682 0.19624806025600283 -100.16885119245083
0.12317766278284067 0.46733723897373713 -0.8754559774538986 270.08865114229 -0.1849426362458567 0.8775297423220784 0.44242261768424523 -111.1510087911167 0.9749992229175313 0.10741255237890573 0.1945226436733249 -99.71729247812421
0.12239192866288778 0.46622876678673664 -0.8761569224851776 270.316560600618 -0.1845678655333919 0.8780867013825545 0.441473043194658 -110.86763378023183 0.9751691744567331 0.10767767584612614 0.19352157325153757 -99.41709526659747
0.11860523085030183 0.4652622741237013 -0.8771908660560642 270.77893855585387 -0.18771908665462284 0.8780021357510678 0.4403110197600296 -110.37789861334659 0.9750355602338309 0.11244227805325188 0.19147425515116745 -98.70369955254064
0.1186948772876025 0.4643621194938228 -0.8776555976491494 270.9004734917251 -0.18812526503953564 0.8784115880200437 0.43931989106562097 -110.05061685262415 0.974946363016697 0.11296417136114142 0.1916212024521431 -98.73784411770225
0.11877142904137794 0.46247157125545024 -0.8786429271461665 271.1642155329317 -0.1861193593163153 0.8795910703932204 0.43781175517817383 -109.65655266365044 0.9753219631132856 0.11153293085463081 0.19054520094671207 -98.45409649815316
0.11719284213737835 0.46468958912088276 -0.8776841251352496 270.9801875543772 -0.18358484948673945 0.8786792504739918 0.44070327639512186 -110.66480753245068 0.9759930536590384 0.10948223850985647 0.18828488696700052 -97.83342188386997
0.11476955079570975 0.4639435436790309 -0.8783987354776269 271.2904650981573 -0.18197974749633683 0.8790972214823314 0.4405354091139714 -110.67581447894555 0.9765814465324029 0.10929072906970541 0.18532192214654952 -96.9596049157286
0.11278493746266735 0.46372982924745193 -0.8787685721210511 271.4857915079386 -0.1810032239585901 0.8792022994442549 0.44072797683892373 -110.77503710825916 0.976994058732262 0.10935246736157112 0.18309737049940894 -96.2999879326817
0.11225671049646749 0.46240198435372504 -0.8795355796181583 271.7189753055051 -0.18079655802422714 0.8798605570321234 0.43949744571011296 -110.39688405251218 0.9770931560271541 0.1096804679277896 0.18237093902274176 -96.07869964552054
0.11187109757652922 0.46431872398968804 -0.8785744021308672 271.4770879133012 -0.179180777824049 0.8790582154186845 0.44175887400626934 -111.17137683928117 0.9774349627394099 0.1080035946508546 0.18153819751529549 -95.87178964366578
0.11092648233392623 0.4639305121972029 -0.8788991952263139 271.6103740854669 -0.17829836542544358 0.8792983233471848 0.4416380321546648 -111.16844801459132 0.9777039472169662 0.10771693651079528 0.18025552192677255 -95.49924214247253
0.11304467931926221 0.46013198551103096 -0.8806244695596878 271.9763186090046 -0.17575061796643723 0.8815902561248444 0.4380757247213617 -110.15127570315595 0.9779226046891546 0.10524816490280142 0.18052756859430674 -95.63702795209569
0.11132157015178379 0.4591798616173183 -0.881340662118821 272.2525711783261 -0.17371244650861964 0.8821901142801382 0.43768092052817037 -110.10847417964234 0.9784842839550011 0.10437651532551312 0.17797204584308035 -94.89908600272227
0.1049633188885854 0.45259012488313793 -0.8855195540168262 273.68513822461773 -0.18292379721553603 0.8840318138717145 0.4301472265108029 -107.37729990881392 0.9775078445210262 0.11683291882407182 0.17558041741294858 -93.90463668897678
0.09977445415751579 0.44637845798806114 -0.8892644885194566 274.94121497898396 -0.1872014414810625 0.8861853851924114 0.42382907330525343 -105.22564776642503 0.9772413614890553 0.12418427966364462 0.17198135387139965 -92.66448941057159
0.09507890335983962 0.43833280820652143 -0.8937697418159083 276.3746125292905 -0.18602367292136013 0.889844906146538 0.416618813926959 -103.0115864416328 0.9779341466830664 0.12665067017131867 0.16614575678126348 -90.8708614763426
0.08884553596159962 0.43214841225930967 -0.8974152999149579 277.64610025969995 -0.17905140601057082 0.8932307066676162 0.4124069575937208 -101.96877705206143 0.9798199144461873 0.12404295404346455 0.1567363416915079 -88.13059476612416
0.07888426327189536 0.425186515083504 -0.9016616329861193 279.24885316433506 -0.1738568180098784 0.8964866496753581 0.40753588036555977 -100.64995260699973 0.9816063772406587 0.12461185475305706 0.14464026346585754 -84.50934350634476
0.06970429932413884 0.41947509111165426 -0.9050867133002231 280.5895855578597 -0.17588142952038155 0.8982481923816361 0.402760360056685 -99.07364520413202 0.9819404429015021 0.13111381628185786 0.13638963954204625 -81.89131865697092
0.05960703272072396 0.40651986964387365 -0.9116954520205518 282.8111373151543 -0.1832170564130361 0.9022590202678592 0.390333409516307 -94.89221870577508 0.9812637320769442 0.1437715407513276 0.1282623568332363 -79.15642635034223
0.051108200086675916 0.41615311035906233 -0.9078571146509666 282.18244781858095 -0.18520395359843866 0.8972265795962391 0.40085403881904547 -98.10560902913019 0.9813701887949355 0.14765179851431406 0.12292883689387415 -77.46558563333787
0.040633159282823496 0.41255443000164344 -0.9100262571226809 283.2343983595097 -0.1831288407499309 0.8984254397076467 0.39911847485641183 -97.64473372365038 0.9822488350984608 0.15043460895731697 0.11205647850783104 -74.13840840751574
0.0336486055475303 0.41257867654349845 -0.910300283975745 283.62169867336115 -0.17899745182142024 0.8985769284428926 0.4006487438038152 -98.28818530008542 0.9832739616130111 0.14946015968060553 0.10408639239642646 -71.77036198078241
0.030239830947858835 0.41351942124409385 -0.9099929894665092 283.69280776123225 -0.17866095423602152 0.8979841353862401 0.40212529891328697 -98.76378131331433 0.9834458887278542 0.15042001478718134 0.10103466284253625 -70.83072174915888
0.01910242982749165 0.4111248242231834 -0.9113788872264611 284.55648435506777 -0.18346969721801862 0.8975077738127131 0.40102202701158046 -98.22687635464261 0.9828397465392894 0.15954991336006635 0.09257352628792417 -68.06078038793069
0.01736270119442384 0.4115837250048348 -0.9112065484391437 284.5876377687609 -0.18786608680458844 0.89645512781112 0.40134092396599624 -98.15209197465732 0.982041175326149 0.16421644598606205 0.09288750632750767 -68.03905420795702
0.014308295779170354 0.4103905974812999 -0.9117975817969894 284.8791037634258 -0.1844492598393638 0.897324814782431 0.4009821034913991 -98.17540825297675 0.9827378812361955 0.16244301854686766 0.08853543081035631 -66.77477931366892
0.010978616783770524 0.4127971118915075 -0.9107568360366807 284.7494826289714 -0.17946532292021336 0.8968356888306747 0.4043240595224978 -99.42008141041296 0.9837030384433396 0.15901035077515874 0.08392878233182166 -65.47438269474537
0.007884514679643264 0.4058257506066042 -0.9139164592963913 285.72237912250665 -0.17730536611118522 0.9000306793258338 0.39813010865853427 -97.56709310254467 0.9841243018930306 0.15890322972445858 0.07905138839192433 -64.00794676964962
0.0038905010333978272 0.4041956864418191 -0.9146642613896836 286.09474787822796 -0.17715423771655675 0.900482284528436 0.3971750638062691 -97.27422255303155 0.9841754112254453 0.16049143999688864 0.07510830597843517 -62.78010680413549
0.001892366118154798 0.40507986935879126 -0.9142793437405986 286.08002058407686 -0.17883236722576087 0.8996794000754507 0.39824108466142505 -97.54092918971772 0.9838777380258715 0.16274912141127598 0.07414391476683924 -62.43360046292513
-0.00038577290294324745 0.40618401685019323 -0.9137912210317571 286.0499603859599 -0.1812017581629762 0.8986359403137973 0.39952392871389364 -97.8480363814889 0.9834458673551454 0.1657347013506225 0.073254588595571 -62.091067458233454
-0.0018397648830848733 0.4046575478193412 -0.9144664478579912 286.2917095761354 -0.18455153322600998 0.8986225828408582 0.39801782019446513 -97.24331090025419 0.9828211164037449 0.16949844424437116 0.07302691661047922 -61.928021761356376
-0.002227154186304486 0.399576621055427 -0.9166970948411247 286.89767315225765 -0.18614463468706943 0.9005118861805835 0.3929739403888065 -95.6016291042644 0.9825198291950387 0.17151345939434448 0.072373465338732 -61.68051490962395
-0.004343479136185293 0.3935834195076258 -0.9192786444151075 287.6694049385758 -0.18672961905143898 0.9027987558217174 0.3874099325722862 -93.83791968949951 0.9824017424444533 0.17333925803303496 0.06957239442953601 -60.78930244203978
-0.009846508008577191 0.3887262121226127 -0.9213006991687579 288.43806443524176 -0.18237180791490368 0.9051944459049226 0.3838795889087217 -92.90733218945684 0.9831803344035549 0.17179914758719023 0.06197969772779083 -58.53591313939124
-0.016074132521766458 0.3846535886609539 -0.922921036163941 289.12975783929676 -0.1736222320280549 0.9079440268262495 0.3814354004233632 -92.49251234870295 0.9846811376325177 0.1663708534593268 0.052190002011364714 -55.71362100584534
-0.022577066177811585 0.38453377076296563 -0.9228347930294013 289.38385648782696 -0.16665898855212252 0.9087063272534358 0.38272391138306916 -93.1743925656668 0.9857560842407144 0.16243949628211385 0.04357008641289267 -53.20272840019654
-0.029757067509841764 0.387203542922656 -0.9215139354786542 289.3408932765499 -0.16764918750412783 0.9069289533232829 0.38648884014048823 -94.31170502520136 0.9853975171789405 0.16599183706458864 0.03792681327903191 -51.40306630552746
-0.03794130757936409 0.38915616492517224 -0.9203901001640011 289.38880256038027 -0.1705909871824557 0.9050103902338148 0.3896856536504173 -95.19346934726532 0.984611178217718 0.17179543902435224 0.032049256764342185 -49.472906059343806
-0.046977761627161364 0.3882076521459176 -0.9203737875058456 289.7594557508673 -0.17287114778063878 0.9043284487637863 0.390263530222193 -95.28289933702783 0.983823488323747 0.177439780127902 0.024626576105005987 -47.07422732037383
-0.055523344040258 0.3857196158694961 -0.9209438290146014 290.2599862925596 -0.174034353347313 0.9045083920069279 0.3893284123256662 -94.9438575719223 0.9831730275600371 0.1818926791339599 0.016907133284520495 -44.61239831674658
-0.06440548141441514 0.38445682557387784 -0.9208935243737107 290.60792757622573 -0.17450831826043986 0.9042511217992197 0.38971368411022667 -95.04538610509516 0.982547088348284 0.18580327767429006 0.008852185255640965 -42.0590221708244
-0.07398253412005615 0.3829963195139208 -0.9207824954265611 290.96402565059486 -0.17426923185051352 0.9041408408405369 0.39007637041276777 -95.16836979262202 0.9819148738436578 0.18932289656287607 -0.00014615620355645786 -39.224659471025774
-0.08337641952134497 0.3831063389144509 -0.9199336420369498 291.1153268146069 -0.17235337440707008 0.9036918861793147 0.39196337735070275 -95.83527980809734 0.9815002226175485 0.19123417042264945 -0.009316923551477799 -36.376061082380346
-0.09178181250762665 0.38170442826573336 -0.9197161672685462 291.3891002914386 -0.17245177622010396 0.9035656057523622 0.3922111433652774 -95.90882933723472 0.9807326260359376 0.1946045362875608 -0.017105282369998406 -33.90756834545941
-0.09953235566235014 0.3808028786879919 -0.9192836764346695 291.57782466746374 -0.17381445540838272 0.9030128607543764 0.39288205406111915 -96.06416698993104 0.979735599673397 0.1988892679234739 -0.02368995224718315 -31.779838268252494
-0.10701903008392555 0.3803048277383933 -0.9186485536911092 291.7005374765819 -0.1746293918973551 0.9024020580610354 0.39392270954181835 -96.3571466860754 0.9788010536801929 0.2025802646016605 -0.03016179219584625 -29.699930406560973
-0.11449542639339698 0.3797029997097596 -0.9179958765410685 291.8155884184299 -0.17512097533726623 0.901887443759189 0.394881859277482 -96.63757408714486 0.9778667809737269 0.20597250010845328 -0.03676802778440029 -27.584384619244723
-0.1205155276859627 0.38133339145146633 -0.91654833595981 291.6649658746551 -0.17477649920039268 0.9007051169177229 0.397722852857975 -97.5403828547284 0.9772047804395091 0.20812288899194636 -0.04190083726868585 -25.95241189327311
-0.1259276610042064 0.38327068366856054 -0.9150113700027142 291.46618811759595 -0.17323231974173547 0.8996866307111475 0.40069256284153854 -98.5316509236911 0.9767972090413172 0.20896781943604958 -0.0469005634213044 -24.39556530656786
-0.12824951681974844 0.38506125606505753 -0.9139364805680432 291.2713843356793 -0.17004073424055938 0.8993623999453031 0.40278210271008374 -99.31355075162703 0.977055888951309 0.20706304026123337 -0.04986669452994004 -23.537378377656236
-0.13195564203148283 0.3871745136819267 -0.9125149886392128 291.03684098081106 -0.16661171505965722 0.8988049644339013 0.40545057937294016 -100.28657167296902 0.9771531328000431 0.20553717878801592 -0.05409457639102502 -22.280454841500053
-0.1353538970593302 0.38789638140344684 -0.9117103267183958 290.95208604915297 -0.1681586629345253 0.897835048296052 0.40695809382699133 -100.69656674562799 0.9764230571995548 0.20839535346388438 -0.05629733584937835 -21.526601963534375
-0.13702681607260428 0.38974453317160357 -0.910671648037784 290.7411173204093 -0.17063734859141994 0.8963130067483742 0.40927483333254133 -101.32283543880992 0.9757594718693204 0.2114762227687501 -0.05631394375078923 -21.43838547897284
-0.140446301888605 0.38941379966514755 -0.9102921118608943 290.7680597875776 -0.1737997273102604 0.8954321212634241 0.40987189583644645 -101.38330833774414 0.9747145690265914 0.21577351283240484 -0.0580801178310619 -20.778144076989957
-0.14422975393209259 0.388290072065225 -0.910180530453311 290.878311852652 -0.1743331650779218 0.8954404207161374 0.4096271481501449 -101.28528080838514 0.9740665919918423 0.21775507544782766 -0.06145731430927298 -19.685324386085558
-0.14694566838987755 0.38869952941403796 -0.9095711332132069 290.817822320123 -0.17206446039483866 0.8954889411884407 0.4104794485455247 -101.64299536754143 0.9740640595004443 0.21682304315388273 -0.06470684621432507 -18.711789458139535
-0.1499029100783099 0.3892947270461772 -0.908833721339661 290.732103729744 -0.17122303778377554 0.8951093771175614 0.4116574720909449 -102.04569790026314 0.9737616694459431 0.21732192363002328 -0.06752327471025361 -17.831618000562347
-0.15250763200632986 0.390137191770291 -0.9080387622659138 290.6179672127277 -0.17175050154098642 0.8943438115962835 0.4130991550219515 -102.47627059876388 0.9732641919850136 0.21895688675404087 -0.069387998549725 -17.212864120545724
-0.15459235752845885 0.38974497751436893 -0.90785464447571 290.6453774119107 -0.17324581874836914 0.8939695108676935 0.4132848895437443 -102.47460415540377 0.9726700824431688 0.22117270659216015 -0.07067916651105831 -16.75442471285909
-0.15631889736319707 0.3894911742764814 -0.9076679059479199 290.6588873329834 -0.17231145574661652 0.8941187697283774 0.41335261924644323 -102.5331922088038 0.9725601084486429 0.22101640387116256 -0.0726538689556386 -16.151134197979207
-0.15787836971980737 0.3881192043978111 -0.9079856295956594 290.7989385078078 -0.1715222398212066 0.8947608427147056 0.4122901352096443 -102.2318447831017 0.9724477063684878 0.22083142331217362 -0.0746923078809814 -15.528831970089993
-0.15959306924644037 0.3870728672233932 -0.9081325055893343 290.89948738601896 -0.16996846337170216 0.8954113673637998 0.41152060052293016 -102.05296819764756 0.9724406273431625 0.22002972220850567 -0.0771112679009017 -14.806137570803443
-0.16174982771450272 0.3856897313186243 -0.9083393773197858 291.03151690933294 -0.16959791630623985 0.8959001874312535 0.41060857388177674 -101.78206528019344 0.97214892892957 0.22046833177581815 -0.07949952619404375 -14.058143784543432
-0.1639691061135674 0.38608120157689274 -0.9077749930623008 290.962874343889 -0.1697986966958882 0.8954488433341664 0.41150913911100645 -102.05614931799346 0.9717420104331681 0.22161379641269313 -0.08126986156539219 -13.480909357514447
-0.16720076045220153 0.3845295871923404 -0.9078440957994351 291.09662067195853 -0.1722789757307611 0.8952446371526498 0.41092212665002686 -101.77292252147456 0.970754273864074 0.22510894301006595 -0.08343922070300944 -12.714505221958525
-0.170695469270065 0.38391695790032876 -0.9074529333289026 291.1182877593169 -0.17065650067438434 0.8955313349610028 0.4109744357992825 -101.85429811887343 0.9704325919651743 0.22501421630537466 -0.08734521688239105 -11.511867283521351
-0.17228802540956573 0.38605539687628343 -0.9062439334104081 290.8571256961837 -0.16702701502521847 0.8952296481893126 0.4131172391157324 -102.67116301151688 0.970782577383957 0.22254237247215425 -0.08975566780001519 -10.837293830211244
-0.1744545610672641 0.38903265869022996 -0.9045546951927446 290.4895135812176 -0.16355162587498384 0.8944326939171895 0.41622232247404556 -103.78372003647425 0.9709873695349891 0.22055327366523067 -0.09241093917427912 -10.073019147259323
-0.1769526352186163 0.3893215136960395 -0.9039449783380689 290.41732207653536 -0.1621979633612405 0.894345678977565 0.4169383973390115 -104.06255047097702 0.9707623733801454 0.22039638261002 -0.09510966807724991 -9.243919163040363
-0.17856374342413514 0.38951711042657083 -0.903543806474979 290.3684815029293 -0.1629833799368881 0.8939069760595918 0.41757243205980954 -104.22966940777603 0.9703357189131541 0.22182592011965352 -0.09613456071757691 -8.888123568355569
-0.1822523341204851 0.38801081860433334 -0.9034554174687482 290.4748981182531 -0.16607179635228436 0.8934960630092068 0.4172348785077449 -103.99974648530663 0.9691255053727358 0.2260804945877516 -0.09840408936115001 -8.067918688522353
-0.18166596986695782 0.3844141206539683 -0.905109528860532 290.889257295421 -0.1670452580050097 0.8949840809923418 0.41364160398626965 -102.83461956533414 0.969068293346933 0.22633885793679015 -0.09837359512355055 -8.07109544643316
-0.1823787939167515 0.38474810904058776 -0.904824219458765 290.8391467941472 -0.16514146422454445 0.8951987030633612 0.4139415161921431 -103.00502376778428 0.9692606833681252 0.22491815094244555 -0.09972739369594852 -7.693075028972535
-0.18280909018964286 0.38338313310532157 -0.9053166351030906 290.9834576874418 -0.16284160844321974 0.8963076114329256 0.41245033185467245 -102.6302306857867 0.9695686912765182 0.22282288692535973 -0.1014224529312334 -7.228098226504438
-0.1823054894710075 0.3845305596335649 -0.9049314654804714 290.8645263142941 -0.159482756222393 0.8966028488365293 0.4131205416412118 -102.9754201414608 0.9702216030250228 0.21963510686162369 -0.10212962771614305 -7.099030387881354
-0.18059615379084615 0.38525805301396654 -0.9049647848528918 290.8132257749207 -0.15949672311574034 0.8964438861758685 0.4134599790224529 -103.08115694258301 0.9705389351032209 0.2190081996770761 -0.10044692092300311 -7.638340027286777
-0.18170334158902635 0.37780177853683244 -0.907881992215832 291.61723264471493 -0.16004090141795996 0.8995799965989176 0.4063775825416777 -100.84074292927762 0.970242652911481 0.21913841711004828 -0.10299295421432517 -6.847592822114338
-0.18255677459403655 0.37247528615139736 -0.9099094379421816 292.1770617785868 -0.15881533318741192 0.9021368003070677 0.4011569312330249 -99.25562333225754 0.9702838316669992 0.2177414860291011 -0.10553639783243188 -6.099831540039587
-0.18374315870879954 0.3653938571764082 -0.9125380982542369 292.9033175024707 -0.1603766166097203 0.9047608151594221 0.39457218375967235 -97.13202659340958 0.9698029657989976 0.21884971210811416 -0.10764297950941282 -5.417735592789936
-0.18397594415866725 0.3713701513260775 -0.910075306046139 292.2693680196776 -0.16078761055519825 0.9020375045012993 0.40059416466670994 -98.99994864949953 0.9696907735267347 0.22002852355346011 -0.10624148229391212 -5.820259535983101
-0.18338109580098358 0.37283226067621067 -0.9095974269433136 292.123862866551 -0.1623329443024515 0.9011005264524932 0.402076928486499 -99.40181283520087 0.9695459704918215 0.22139093618779004 -0.10472184336119296 -6.254214515710019
-0.18313844146235547 0.3726595278954222 -0.9097170920277909 292.1466196724069 -0.15988312545160532 0.9017574133726716 0.4015855495697707 -99.34667801046123 0.9699988131201839 0.21899416361216012 -0.10556447721295634 -6.061137002212731
-0.18103844557769952 0.37292015029125614 -0.9100305724147718 292.15536438215645 -0.15766585413848488 0.9023472128427237 0.4011371161009038 -99.29564365431236 0.970755664243888 0.21610198745433812 -0.10456276276329327 -6.452480352980914
-0.18338778279938062 0.37408587489779105 -0.9090812281209429 291.98894470333175 -0.1513969949526292 0.9029839838106042 0.4021179862936307 -99.85626082852153 0.9713124476908762 0.211375692035497 -0.10896075338062772 -5.220982546997675
-0.1839880396428874 0.3834822304839257 -0.9050357894422963 290.94970811903227 -0.1481515230964613 0.8994163223408781 0.4112194126144932 -102.83761824553861 0.9716992988947589 0.20974188425272472 -0.1086683694436916 -5.35716575584991
-0.18318906727861695 0.3773256016731086 -0.9077814472391564 291.64179072545795 -0.1560072789407514 0.9005482594670988 0.40580113514908067 -100.82266014231072 0.9706201597675032 0.2159588449052422 -0.10610505529945617 -5.980993024957746
-0.18572018886321084 0.37893629221754244 -0.9065954433423073 291.4190827360214 -0.15555112463755486 0.8996745060144312 0.4079088511563354 -101.50113096573067 0.9702122752638236 0.21677884967890854 -0.10814375275199219 -5.327438470733499
-0.1873079144303029 0.38187730963481004 -0.9050334057800572 291.0644757542934 -0.15855811397536357 0.8975042751292721 0.41151597856857935 -102.5094813408467 0.969419965589912 0.22058058960561155 -0.10755990798106332 -5.40359349301009
-0.18817315162160506 0.3857481761921869 -0.9032105012527223 290.61555713683447 -0.15484095462327457 0.8964858327873438 0.4151354361927389 -103.79360153051543 0.9698531557819181 0.2179713196179353 -0.10896494869392839 -5.041416699286162
-0.18866036804569453 0.3863405444747425 -0.9028556081809663 290.53908723030906 -0.15445893157834062 0.8962487741040543 0.41578909722677554 -104.01385151807901 0.9698194182344156 0.21789703672133548 -0.10941287585801032 -4.905359867233078
-0.18940242311791902 0.38929680297945723 -0.9014292658367791 290.18934219719256 -0.15157574420613076 0.895449715234103 0.4185625416297088 -104.99960810759848 0.9701296387006317 0.21591157142945755 -0.11059239321691096 -4.5953950950540845
-0.19084980962325318 0.38699365035684175 -0.9021154387051885 290.42024237116925 -0.15349053974521654 0.895938164356618 0.4168158584531251 -104.37467217076437 0.9695447407806873 0.2180154128330839 -0.11158976383042424 -4.228625435682473
-0.18909020783564073 0.39002466555184334 -0.9011801448999234 290.1127382275183 -0.1489873138184857 0.8957163442942484 0.41892124663867236 -105.21678865717405 0.9705914040531299 0.21347831464886555 -0.11126246246085736 -4.4561121576283105
-0.19047317166085648 0.3881087170619787 -0.9017159168041556 290.3019328862401 -0.14982225211336975 0.896279455693626 0.41741637494618655 -104.71132335675917 0.9701923848645339 0.21460373026124802 -0.11256986856537475 -4.020414390253558
-0.19086493142452876 0.38861735965738564 -0.9014139591359964 290.2359717237614 -0.1517555381751915 0.8955736415538249 0.4182321235715627 -104.88869370301838 0.9698148455171574 0.21662040607233454 -0.11195876512175779 -4.1548440795602
-0.1903569697921102 0.38870608165001447 -0.9014831147280895 290.2365043547275 -0.15406080133671846 0.8950680987788214 0.41847146621956705 -104.87045501311441 0.9695511814974256 0.2185421713005486 -0.11049808061766447 -4.555053051817624
-0.18954406904779075 0.3882965154673033 -0.9018308388854067 290.299790560839 -0.1536621363946023 0.8954325511646757 0.41783788022792634 -104.6880056995108 0.9697736817048878 0.2177759453903726 -0.11005745718431115 -4.713527755179297
-0.18933168610052967 0.3875191994902655 -0.9022097221072017 290.39210548970243 -0.15050354165197677 0.8965180706112612 0.41665817286796747 -104.44612313516376 0.9703103609611422 0.21467235288663788 -0.11141626594699996 -4.3787902780917625
-0.1883881724317688 0.38778873338421455 -0.9022914134292117 290.3807503965657 -0.1503502090357845 0.89652375080141 0.4167013065636665 -104.46585690358545 0.9705177541553343 0.21416130021373475 -0.11059035382911345 -4.649549365479773
-0.1867700815009927 0.38950562167625 -0.9018881900428183 290.2181025398559 -0.15489419921195383 0.8948840649205012 0.41855740036684064 -104.86368406157237 0.970115830046392 0.2178712487547592 -0.10680540838104469 -5.7205925614506405
-0.18753381682191086 0.3901595680583181 -0.9014469363200214 290.12846148316083 -0.15743211866329254 0.8939261229317266 0.4196560672186674 -105.10559836064184 0.9695597947323275 0.22061640508538422 -0.10621773037402325 -5.826954751254217
-0.18684418114812587 0.39038072140173036 -0.9014943950624157 290.1168528430084 -0.16155433430762317 0.8929510594069283 0.4201649706608876 -105.09898510044073 0.9690146794747265 0.22414570676662177 -0.10377501192765284 -6.485550105211755
-0.18803972974191113 0.39097548707439217 -0.900987918090765 290.0250384053114 -0.16259819296751904 0.8923015635295782 0.42114100651250796 -105.36295403880375 0.9686087381818762 0.22569024841497395 -0.10421623716149479 -6.306172464699675
-0.1894335315733053 0.391318708802593 -0.9005468367923662 289.9573114667295 -0.1629891814778512 0.8918973125844047 0.4218456003396224 -105.56808715301294 0.9682713792304539 0.2266910936622516 -0.10517454167889977 -5.981751656085092
-0.18966892105958677 0.39084309048455096 -0.9007038242422296 290.00688294585825 -0.1607472916027533 0.8926166835055923 0.4211837657957115 -105.45084871650067 0.96860002510142 0.22467117070946704 -0.1064746750432509 -5.636268052590036
-0.18934675840260348 0.3891136668944962 -0.9015200271310366 290.21073657805107 -0.15795711956643788 0.8941004379011184 0.41908704981578937 -104.9060622384651 0.9691219497363064 0.22175428108820558 -0.1078317455963361 -5.297972854250499
-0.18952784466101097 0.3874685715483429 -0.9021902804621864 290.3935127196664 -0.15538267616582047 0.895429743541354 0.4172071407934118 -104.4208081044616 0.9695026663427491 0.219257110360765 -0.10950296576142533 -4.850130785187232
-0.189681528662319 0.3876363414733017 -0.9020859074686401 290.3713481199363 -0.15262442058038983 0.8959563472523406 0.4170947255249628 -104.49707974284685 0.9699106680137229 0.21679550407570164 -0.11078359754826661 -4.521962234004918
-0.1893243601752324 0.3892561126403607 -0.9014632357541565 290.1949290832191 -0.1517090093445132 0.895447010617533 0.4185200445137969 -104.98079394909566 0.9701240452271789 0.21599613410484678 -0.1104762731260236 -4.639841342886736
-0.18818555481449828 0.3895962654319114 -0.9015547387267547 290.1793711808704 -0.153856938013917 0.8949272563632815 0.41884752409805504 -104.99654466390243 0.9700073399640546 0.21753150525750686 -0.10847029379632975 -5.219556978295075
-0.18608594188081906 0.3891599140262446 -0.9021787979937316 290.27049888723263 -0.1558552205529792 0.8948996507752759 0.41816714991576187 -104.70253562236555 0.9700933833712663 0.2184243034952269 -0.1058756401723945 -5.999181058278029
-0.18415510059332807 0.39005302629002064 -0.9021893014259577 290.20568951042526 -0.15756997909414167 0.8943005868132317 0.4188056376337133 -104.8334129677791 0.9701848280682053 0.2192831436921358 -0.10322936732713775 -6.795378717079395
-0.18249895646289632 0.39068635363900833 -0.9022517963241801 290.1640272733527 -0.1581622288634173 0.8940464393673551 0.41912489023620425 -104.90957802003227 0.9704013810021654 0.2191920101983875 -0.10137071773584361 -7.3738263528462635
-0.18114539490433376 0.39194306675075025 -0.9019794777770554 290.0445934750126 -0.15783341368288367 0.8936780075105948 0.420033608675664 -105.20765896794158 0.9707084832379701 0.21844965396610289 -0.10002394339321559 -7.811750280028456
-0.18012954627500058 0.391258569761146 -0.9024799599698736 290.1407293901969 -0.15694429846139385 0.8943017033525653 0.4190381254267458 -104.93149156334198 0.9710416230724732 0.2171202315979851 -0.09968435830968637 -7.954133683659797
-0.18045299873561085 0.39048425393107783 -0.9027506647348508 290.22345548601703 -0.15406863452026615 0.8952664317820495 0.4180441029141515 -104.73611988353011 0.9714420060427623 0.21452287420255803 -0.10139213647757497 -7.497700927966406
-0.18179463808239404 0.3905087699702204 -0.9024708361719156 290.19691045456926 -0.15317776925234144 0.8953145168085127 0.41826843892267956 -104.84242477728554 0.9713327342220932 0.2142774289753458 -0.10294611629560302 -7.023750894109213
-0.1833367597348159 0.3921900023512156 -0.901429217734644 289.9764582024816 -0.15198851871706243 0.8946372960122266 0.4201471156180002 -105.47937813065555 0.9712296961626182 0.21403530232110213 -0.10441152547579642 -6.577021873571602
-0.18499836186978855 0.39280068441426663 -0.9008236389156195 289.87499857022107 -0.15124844296407045 0.8943444487887922 0.4210367150518061 -105.78818756432266 0.9710301306377878 0.21413927534283655 -0.10604176606038651 -6.069601368032693
-0.1863424375474314 0.39552444631551703 -0.8993536058390409 289.5339653589753 -0.1518974823922688 0.892782374399031 0.4241070463990409 -106.72448850270877 0.9706717523507994 0.21563868931439806 -0.1062840762249759 -5.953552884930811
-0.18756286038066755 0.39674972978156764 -0.8985598618478767 289.36694216544475 -0.15236239820650554 0.8919712139956673 0.42564427990501397 -107.18771468589807 0.9703637838556138 0.21674179412690275 -0.10685093195694119 -5.747800633234117
-0.18876330452753054 0.3969921562566377 -0.8982013375265883 289.3141673692926 -0.150866039116842 0.8920630540777623 0.42598467788249217 -107.35500878418404 0.9703648041355593 0.21591835359728087 -0.10849613575974627 -5.261133727302761
-0.18974090971083707 0.3965221264802299 -0.8982029783928022 289.3487530719896 -0.15049729069577733 0.8922648129833469 0.4256924582430649 -107.27828503891402 0.9702313913058754 0.21594838902707614 -0.10962363158222724 -4.911217996472194
-0.1906583825066228 0.39460392267554967 -0.8988532279460464 289.5525721877166 -0.15005800342387202 0.8931729491653952 0.42393947502872625 -106.74639510743131 0.9701195682947539 0.21570773534637006 -0.11107743300662325 -4.467541483406544
-0.19113844267500996 0.3958451707882932 -0.8982052641213807 289.3980701176365 -0.14624373222392872 0.8933783604988887 0.42483864675607563 -107.18298010444182 0.9706074729348564 0.2125598874574053 -0.11286907338641272 -3.999095118347483
-0.190652373921471 0.39455978704728495 -0.8988738770057281 289.557760939988 -0.14095177295816735 0.8951783405783679 0.42283369811228305 -106.76943293573491 0.9714855994908298 0.20731211494884044 -0.1150539741920371 -3.465364652914933
-0.1912727269589222 0.3952113013266793 -0.8984557703222626 289.46890862530427 -0.13693920782818897 0.8956590567716447 0.42313414821107975 -107.02707745129554 0.971937445148136 0.20396784385436995 -0.1171952276857454 -2.892201053510996
-0.19080471510911448 0.3937898221869834 -0.8991791460182302 289.64365301734443 -0.1364417764138835 0.896477212962788 0.42155930577736744 -106.55368000742295 0.9720993788400204 0.20312110323749274 -0.11732269634827838 -2.875822198734425
-0.18938786422746753 0.3944341955836215 -0.8991962534606445 289.5987410380777 -0.13535492733626803 0.8965395089303932 0.4217771361425873 -106.66631992590564 0.9725282929196207 0.2015901145422324 -0.11640509090970934 -3.202116549824341
-0.1883692310762231 0.3951094492520547 -0.8991137613758842 289.54136049728424 -0.13330898750020012 0.8967428064178232 0.421996508267021 -106.81862199820422 0.9730086056327683 0.19935110295562547 -0.11624711228650664 -3.311624452123232
-0.18564092289638423 0.39542033560529266 -0.8995444435579469 289.55955253647556 -0.1323288362469557 0.8970574569523978 0.4216360966800907 -106.74569481791637 0.973666537806299 0.19730858348255953 -0.11420506136069765 -4.000000942095607
-0.17858624414196542 0.3933433572107864 -0.9018802341449855 289.9276529798955 -0.1312047239577433 0.8989092186985074 0.41802815329832876 -105.66090685637528 0.9751370538618859 0.192985025007088 -0.1089243145885018 -5.75258373909806
-0.17327711756877018 0.394939495055738 -0.9022182860994213 289.8283524779634 -0.13281477965558697 0.8983372731520148 0.4187485856344351 -105.82081658433381 0.975876669888207 0.19238747077427015 -0.1032074912832535 -7.5394472849082135
-0.16396499354547356 0.3943247846292962 -0.9042253287310038 290.0241768748513 -0.13362969514618986 0.8993031448419412 0.4164096039388745 -105.05456643188599 0.9773733091642973 0.18910795304389805 -0.09476073358083319 -10.240104800812434
-0.15234819032131602 0.39528728906162025 -0.9058355192926226 290.0269596284638 -0.13407013209009477 0.8997964587354577 0.4152005931215353 -104.65775961672635 0.9791911093280845 0.1847005467058645 -0.08408614308784873 -13.654530714160627
-0.14154393538639262 0.3959242312515904 -0.9073088324617864 290.01755157447883 -0.133296096896957 0.9005669079512852 0.41377698686019065 -104.24341094886266 0.9809166452392222 0.17950834913980623 -0.0746946295374149 -16.687639156956013
-0.12773289881563263 0.4000810108282935 -0.9075348430417238 289.5599754691863 -0.1322259915138788 0.8999927337493306 0.4153665445923377 -104.78514158504525 0.9829550313866484 0.1730556672663964 -0.062057572452161786 -20.746946429038015
-0.11090999824341691 0.4035980392932891 -0.9081891845690843 289.0904776712408 -0.13143939885579972 0.8998428259570814 0.41594058830799463 -104.99716618302577 0.9851003282499055 0.16550381038570494 -0.0467528825821618 -25.644324197163943
-0.09102016502843395 0.40511405774616016 -0.9097240954128001 288.7201494489271 -0.13088788259974216 0.9007246802934008 0.41420213965998176 -104.47509056616332 0.9872100545206945 0.15677260770552923 -0.028959587815704152 -31.320414687714102
-0.07221121687140945 0.4051007872462707 -0.9114158723274474 288.4172886929444 -0.13381815730684793 0.9016043024324643 0.4113421721757554 -103.45939909049812 0.9883715095716538 0.15166751137841247 -0.010896102942297162 -36.97253458793301
-0.055778706142527126 0.40290500067018126 -0.9135405280424219 288.31072627141566 -0.1353395672374253 0.903469198816014 0.4067266998006608 -101.95188281347765 0.9892279502122109 0.1463248687876113 0.00413464547891404 -41.69058924687517
-0.04062038123627643 0.4027578453975301 -0.9144047804987455 287.9118999159483 -0.13848123155386763 0.9040586259699216 0.4043525062574753 -101.08037268918488 0.9895316736393757 0.14305285310023275 0.019051196401789712 -46.31258079006546
-0.03573677432912567 0.40259904881493436 -0.9146785713319511 287.7800501013708 -0.14377023984162338 0.9036712485317951 0.40337128394677324 -100.55782709107663 0.9889656217970527 0.14591874612364344 0.025587466331632523 -48.23030941343229
-0.02878454011323601 0.4048458927910362 -0.9139317552972424 287.28998830864094 -0.14674784703271582 0.9026924533866556 0.40448906535287676 -100.78674314459896 0.9887550352042371 0.14576054915171655 0.03342667601269865 -50.61521469446286
-0.02055896953475141 0.40547172761576483 -0.9138763630141421 286.92626405661434 -0.14551970794232633 0.9031218976845674 0.40397382653212227 -100.67533850557997 0.9891417205699339 0.14129230703372414 0.04043687180085269 -52.850607845556674
-0.018031190248811963 0.40485793670087067 -0.914201797891759 286.9044908380582 -0.14415434521927115 0.903744453711982 0.4030700772064756 -100.44792289809217 0.989390924221874 0.1390539948190803 0.04206644259074977 -53.398733492663325
-0.015938149377191076 0.40361920874977786 -0.9147882321732355 286.97002977939457 -0.14331432504348188 0.904535509039936 0.4015924764275287 -100.01958211490924 0.9895488768281036 0.13750289892968534 0.04342779241650659 -53.84872065131623
-0.015938149377191076 0.40361920874977786 -0.9147882321732355 286.97002977939457 -0.14331432504348188 0.904535509039936 0.4015924764275287 -100.01958211490924 0.9895488768281036 0.13750289892968534 0.04342779241650659 -53.84872065131623
-0.015938149377191076 0.40361920874977786 -0.9147882321732355 286.97002977939457 -0.14331432504348188 0.904535509039936 0.4015924764275287 -100.01958211490924 0.9895488768281036 0.13750289892968534 0.04342779241650659 -53.84872065131623
-0.01719282402789454 0.40631588747410496 -0.9135709093376806 286.7017504408322 -0.137151264085727 0.9041105973923063 0.404689459267985 -101.24010401248101 0.9904008973954098 0.13225515970674812 0.04018252318246694 -52.99011038312727
-0.01719282402789454 0.40631588747410496 -0.9135709093376806 286.7017504408322 -0.137151264085727 0.9041105973923063 0.404689459267985 -101.24010401248101 0.9904008973954098 0.13225515970674812 0.04018252318246694 -52.99011038312727
-0.01916933020656264 0.4055013605668527 -0.9138934201305223 286.8715526643341 -0.13246380582563574 0.9049735062975163 0.4043220165236715 -101.31656320684083 0.99100246060523 0.12880838279402118 0.0363665175177508 -51.914189431641695
-0.014437161457720223 0.40551879860507833 -0.9139726868714063 286.69002238328363 -0.13352362937666148 0.9050994528591367 0.4036909967192429 -101.07570113021879 0.9909404668127787 0.1278651024008729 0.04107927483399194 -53.36593660357951
-0.01240738949279932 0.40597153352932236 -0.9138014941166512 286.55755354774516 -0.13405745102873404 0.9049461977079404 0.4038576222849082 -101.10603366516075 0.9908958858072086 0.1275127178668516 0.04319548903017697 -54.015830717158934
-0.01514090535272853 0.4041907855827612 -0.9145493763789302 286.872716053853 -0.13395731440762457 0.9055886580206816 0.40244828286501344 -100.66899845927966 0.9908714300562896 0.12860400971311658 0.040432879985379123 -53.15251298479867
-0.01514090535272853 0.4041907855827612 -0.9145493763789302 286.872716053853 -0.13395731440762457 0.9055886580206816 0.40244828286501344 -100.66899845927966 0.9908714300562896 0.12860400971311658 0.040432879985379123 -53.15251298479867
-0.01514090535272853 0.4041907855827612 -0.9145493763789302 286.872716053853 -0.13395731440762457 0.9055886580206816 0.40244828286501344 -100.66899845927966 0.9908714300562896 0.12860400971311658 0.040432879985379123 -53.15251298479867
-0.01514090535272853 0.4041907855827612 -0.9145493763789302 286.872716053853 -0.13395731440762457 0.9055886580206816 0.40244828286501344 -100.66899845927966 0.9908714300562896 0.12860400971311658 0.040432879985379123 -53.15251298479867
-0.01514090535272853 0.4041907855827612 -0.9145493763789302 286.872716053853 -0.13395731440762457 0.9055886580206816 0.40244828286501344 -100.66899845927966 0.9908714300562896 0.12860400971311658 0.040432879985379123 -53.15251298479867
-0.01514090535272853 0.4041907855827612 -0.9145493763789302 286.872716053853 -0.13395731440762457 0.9055886580206816 0.40244828286501344 -100.66899845927966 0.9908714300562896 0.12860400971311658 0.040432879985379123 -53.15251298479867
-0.01514090535272853 0.4041907855827612 -0.9145493763789302 286.872716053853 -0.13395731440762457 0.9055886580206816 0.40244828286501344 -100.66899845927966 0.9908714300562896 0.12860400971311658 0.040432879985379123 -53.15251298479867
-0.01514090535272853 0.4041907855827612 -0.9145493763789302 286.872716053853 -0.13395731440762457 0.9055886580206816 0.40244828286501344 -100.66899845927966 0.9908714300562896 0.12860400971311658 0.040432879985379123 -53.15251298479867
-0.01514090535272853 0.4041907855827612 -0.9145493763789302 286.872716053853 -0.13395731440762457 0.9055886580206816 0.40244828286501344 -100.66899845927966 0.9908714300562896 0.12860400971311658 0.040432879985379123 -53.15251298479867
-0.01514090535272853 0.4041907855827612 -0.9145493763789302 286.872716053853 -0.13395731440762457 0.9055886580206816 0.40244828286501344 -100.66899845927966 0.9908714300562896 0.12860400971311658 0.040432879985379123 -53.15251298479867
-0.01514090535272853 0.4041907855827612 -0.9145493763789302 286.872716053853 -0.13395731440762457 0.9055886580206816 0.40244828286501344 -100.66899845927966 0.9908714300562896 0.12860400971311658 0.040432879985379123 -53.15251298479867
-0.01514090535272853 0.4041907855827612 -0.9145493763789302 286.872716053853 -0.13395731440762457 0.9055886580206816 0.40244828286501344 -100.66899845927966 0.9908714300562896 0.12860400971311658 0.040432879985379123 -53.15251298479867
-0.01514090535272853 0.4041907855827612 -0.9145493763789302 286.872716053853 -0.13395731440762457 0.9055886580206816 0.40244828286501344 -100.66899845927966 0.9908714300562896 0.12860400971311658 0.040432879985379123 -53.15251298479867
-0.01514090535272853 0.4041907855827612 -0.9145493763789302 286.872716053853 -0.13395731440762457 0.9055886580206816 0.40244828286501344 -100.66899845927966 0.9908714300562896 0.12860400971311658 0.040432879985379123 -53.15251298479867
-0.01514090535272853 0.4041907855827612 -0.9145493763789302 286.872716053853 -0.13395731440762457 0.9055886580206816 0.40244828286501344 -100.66899845927966 0.9908714300562896 0.12860400971311658 0.040432879985379123 -53.15251298479867
-0.01517581247526923 0.405104650755571 -0.9141443631352341 286.76717252273085 -0.13307694516279242 0.9052978457063262 0.4033935265043599 -101.0008532173635 0.9909895162825157 0.12777336379579102 0.04017145905308673 -53.09270932902594
-0.014446217781012655 0.40488933899869783 -0.9142515682004713 286.7641766959148 -0.13384516434050675 0.905335157506132 0.403055485716309 -100.86364259425966 0.9908969566884773 0.12819077871884768 0.04111381126785887 -53.36874159397825
-0.014446217781012655 0.40488933899869783 -0.9142515682004713 286.7641766959148 -0.13384516434050675 0.905335157506132 0.403055485716309 -100.86364259425966 0.9908969566884773 0.12819077871884768 0.04111381126785887 -53.36874159397825
-0.014446217781012655 0.40488933899869783 -0.9142515682004713 286.7641766959148 -0.13384516434050675 0.905335157506132 0.403055485716309 -100.86364259425966 0.9908969566884773 0.12819077871884768 0.04111381126785887 -53.36874159397825
-0.014997074975923268 0.4052303932077512 -0.9140915797461748 286.7455649138222 -0.13413524650062292 0.9051156224711264 0.4034519123822835 -100.97589451402966 0.9908495462926664 0.12866249795257387 0.04078159183038737 -53.25695996480755
-0.013798904894389692 0.4049846897382796 -0.9142193343510654 286.7278798717823 -0.13388134211351496 0.9053253299696529 0.40306554448280874 -100.86531064638297 0.9909012950125757 0.12795877458356852 0.0417273956708531 -53.56024320538301
-0.010293627712004483 0.4048972044629007 -0.914304268308234 286.5997634563533 -0.13468242700274563 0.9054595907941408 0.40249667488757906 -100.65451779272998 0.9908353471113034 0.1272838688013348 0.04521207424779156 -54.63241892733586
-0.014747897372608433 0.4048188929046379 -0.9142779465078169 286.78409035039346 -0.13384021931955573 0.9053496397232909 0.40302459670025215 -100.85417704129387 0.9908931805273363 0.12831092627041155 0.04082904583808938 -53.27956027617321
-0.014747897372608433 0.4048188929046379 -0.9142779465078169 286.78409035039346 -0.13384021931955573 0.9053496397232909 0.40302459670025215 -100.85417704129387 0.9908931805273363 0.12831092627041155 0.04082904583808938 -53.27956027617321
-0.014747897372608433 0.4048188929046379 -0.9142779465078169 286.78409035039346 -0.13384021931955573 0.9053496397232909 0.40302459670025215 -100.85417704129387 0.9908931805273363 0.12831092627041155 0.04082904583808938 -53.27956027617321
-0.014747897372608433 0.4048188929046379 -0.9142779465078169 286.78409035039346 -0.13384021931955573 0.9053496397232909 0.40302459670025215 -100.85417704129387 0.9908931805273363 0.12831092627041155 0.04082904583808938 -53.27956027617321
-0.014747897372608433 0.4048188929046379 -0.9142779465078169 286.78409035039346 -0.13384021931955573 0.9053496397232909 0.40302459670025215 -100.85417704129387 0.9908931805273363 0.12831092627041155 0.04082904583808938 -53.27956027617321
-0.014747897372608433 0.4048188929046379 -0.9142779465078169 286.78409035039346 -0.13384021931955573 0.9053496397232909 0.40302459670025215 -100.85417704129387 0.9908931805273363 0.12831092627041155 0.04082904583808938 -53.27956027617321
-0.014747897372608433 0.4048188929046379 -0.9142779465078169 286.78409035039346 -0.13384021931955573 0.9053496397232909 0.40302459670025215 -100.85417704129387 0.9908931805273363 0.12831092627041155 0.04082904583808938 -53.27956027617321
-0.015322346539438217 0.4061094461110356 -0.9136959797853513 286.6547275923954 -0.13365443546129263 0.904770809116769 0.4043838212041995 -101.28723782561308 0.9909095405626334 0.12831562940489685 0.04041511687941357 -53.15404196548402
-0.014008067719259422 0.40522076083897673 -0.9141115408000565 286.70834153050066 -0.13357615575930562 0.9052486825783329 0.4033388566735895 -100.96333950459314 0.990939546416096 0.12775350357337953 0.04144704661840383 -53.48008803561532
-0.014008067719259422 0.40522076083897673 -0.9141115408000565 286.70834153050066 -0.13357615575930562 0.9052486825783329 0.4033388566735895 -100.96333950459314 0.990939546416096 0.12775350357337953 0.04144704661840383 -53.48008803561532
-0.014008067719259422 0.40522076083897673 -0.9141115408000565 286.70834153050066 -0.13357615575930562 0.9052486825783329 0.4033388566735895 -100.96333950459314 0.990939546416096 0.12775350357337953 0.04144704661840383 -53.48008803561532
-0.014008067719259422 0.40522076083897673 -0.9141115408000565 286.70834153050066 -0.13357615575930562 0.9052486825783329 0.4033388566735895 -100.96333950459314 0.990939546416096 0.12775350357337953 0.04144704661840383 -53.48008803561532
-0.014008067719259422 0.40522076083897673 -0.9141115408000565 286.70834153050066 -0.13357615575930562 0.9052486825783329 0.4033388566735895 -100.96333950459314 0.990939546416096 0.12775350357337953 0.04144704661840383 -53.48008803561532
-0.014008067719259422 0.40522076083897673 -0.9141115408000565 286.70834153050066 -0.13357615575930562 0.9052486825783329 0.4033388566735895 -100.96333950459314 0.990939546416096 0.12775350357337953 0.04144704661840383 -53.48008803561532
-0.014008067719259422 0.40522076083897673 -0.9141115408000565 286.70834153050066 -0.13357615575930562 0.9052486825783329 0.4033388566735895 -100.96333950459314 0.990939546416096 0.12775350357337953 0.04144704661840383 -53.48008803561532
-0.014008067719259422 0.40522076083897673 -0.9141115408000565 286.70834153050066 -0.13357615575930562 0.9052486825783329 0.4033388566735895 -100.96333950459314 0.990939546416096 0.12775350357337953 0.04144704661840383 -53.48008803561532
-0.014008067719259422 0.40522076083897673 -0.9141115408000565 286.70834153050066 -0.13357615575930562 0.9052486825783329 0.4033388566735895 -100.96333950459314 0.990939546416096 0.12775350357337953 0.04144704661840383 -53.48008803561532
-0.014008067719259422 0.40522076083897673 -0.9141115408000565 286.70834153050066 -0.13357615575930562 0.9052486825783329 0.4033388566735895 -100.96333950459314 0.990939546416096 0.12775350357337953 0.04144704661840383 -53.48008803561532
-0.013252487821253002 0.4071568634236904 -0.9132620982683612 286.4511068424645 -0.1333265241605164 0.9044671636580875 0.405170566329255 -101.54695796332948 0.9909835566354384 0.1271315792054691 0.042298369317276735 -53.75295332869418
-0.015051899082880994 0.40494856504077503 -0.9142155653922197 286.78062619583574 -0.1338610129379024 0.905272404857422 0.40319114848778437 -100.90546055148421 0.9908858004579728 0.1284466141051487 0.0405807562236773 -53.20106948754381
-0.015051899082880994 0.40494856504077503 -0.9142155653922197 286.78062619583574 -0.1338610129379024 0.905272404857422 0.40319114848778437 -100.90546055148421 0.9908858004579728 0.1284466141051487 0.0405807562236773 -53.20106948754381
-0.015051899082880994 0.40494856504077503 -0.9142155653922197 286.78062619583574 -0.1338610129379024 0.905272404857422 0.40319114848778437 -100.90546055148421 0.9908858004579728 0.1284466141051487 0.0405807562236773 -53.20106948754381
-0.015051899082880994 0.40494856504077503 -0.9142155653922197 286.78062619583574 -0.1338610129379024 0.905272404857422 0.40319114848778437 -100.90546055148421 0.9908858004579728 0.1284466141051487 0.0405807562236773 -53.20106948754381
-0.015051899082880994 0.40494856504077503 -0.9142155653922197 286.78062619583574 -0.1338610129379024 0.905272404857422 0.40319114848778437 -100.90546055148421 0.9908858004579728 0.1284466141051487 0.0405807562236773 -53.20106948754381
-0.015051899082880994 0.40494856504077503 -0.9142155653922197 286.78062619583574 -0.1338610129379024 0.905272404857422 0.40319114848778437 -100.90546055148421 0.9908858004579728 0.1284466141051487 0.0405807562236773 -53.20106948754381
-0.015051899082880994 0.40494856504077503 -0.9142155653922197 286.78062619583574 -0.1338610129379024 0.905272404857422 0.40319114848778437 -100.90546055148421 0.9908858004579728 0.1284466141051487 0.0405807562236773 -53.20106948754381
-0.015051899082880994 0.40494856504077503 -0.9142155653922197 286.78062619583574 -0.1338610129379024 0.905272404857422 0.40319114848778437 -100.90546055148421 0.9908858004579728 0.1284466141051487 0.0405807562236773 -53.20106948754381
-0.015051899082880994 0.40494856504077503 -0.9142155653922197 286.78062619583574 -0.1338610129379024 0.905272404857422 0.40319114848778437 -100.90546055148421 0.9908858004579728 0.1284466141051487 0.0405807562236773 -53.20106948754381
-0.015051899082880994 0.40494856504077503 -0.9142155653922197 286.78062619583574 -0.1338610129379024 0.905272404857422 0.40319114848778437 -100.90546055148421 0.9908858004579728 0.1284466141051487 0.0405807562236773 -53.20106948754381
-0.015375701997877324 0.40512267355222165 -0.9141330358115128 286.7726057874206 -0.13368704210307686 0.9051996277441402 0.40341220693677515 -100.98176571828489 0.9909043155430309 0.1284104875225131 0.04024157219130361 -53.099157390040986
-0.014832379767203578 0.40489124877506255 -0.9142445390462074 286.7788788971105 -0.13395161067840464 0.9052984836645952 0.4031024949950649 -100.87400561815315 0.9908768674800633 0.12844349785004916 0.04080810401062344 -53.27008254162022
-0.014832379767203578 0.40489124877506255 -0.9142445390462074 286.7788788971105 -0.13395161067840464 0.9052984836645952 0.4031024949950649 -100.87400561815315 0.9908768674800633 0.12844349785004916 0.04080810401062344 -53.27008254162022
-0.014832379767203578 0.40489124877506255 -0.9142445390462074 286.7788788971105 -0.13395161067840464 0.9052984836645952 0.4031024949950649 -100.87400561815315 0.9908768674800633 0.12844349785004916 0.04080810401062344 -53.27008254162022
-0.014832379767203578 0.40489124877506255 -0.9142445390462074 286.7788788971105 -0.13395161067840464 0.9052984836645952 0.4031024949950649 -100.87400561815315 0.9908768674800633 0.12844349785004916 0.04080810401062344 -53.27008254162022
-0.013517692337929531 0.4023706294126004 -0.9153770526837374 287.02184787712275 -0.133369207725407 0.906555312423604 0.400462382686863 -100.07149152896564 0.9909742309588858 0.12749643956852338 0.04140931625607399 -53.47481729016706
-0.012846048386337686 0.405439883320338 -0.9140314436900117 286.63726316590135 -0.13184967841772166 0.905438314330854 0.40348125265351 -101.07851355098828 0.9911864816178637 0.1256978916087811 0.041825813836766965 -53.64327624225451
-0.012846048386337686 0.405439883320338 -0.9140314436900117 286.63726316590135 -0.13184967841772166 0.905438314330854 0.40348125265351 -101.07851355098828 0.9911864816178637 0.1256978916087811 0.041825813836766965 -53.64327624225451
-0.012143110734750832 0.4048030452368354 -0.9143232685591393 286.68424939404457 -0.13218504387576568 0.9057159119678306 0.4027478131335323 -100.83521686491108 0.9911506742353785 0.12575047266418254 0.04251069968242344 -53.84969981724648
-0.012143110734750832 0.4048030452368354 -0.9143232685591393 286.68424939404457 -0.13218504387576568 0.9057159119678306 0.4027478131335323 -100.83521686491108 0.9911506742353785 0.12575047266418254 0.04251069968242344 -53.84969981724648
-0.01053986269344924 0.4045667953019744 -0.9144477127936259 286.648188364454 -0.13220751449733187 0.905906395139847 0.40231178997782985 -100.69782193632696 0.9911660226242833 0.1251371702725374 0.04393864143713333 -54.29694669202834
-0.01053986269344924 0.4045667953019744 -0.9144477127936259 286.648188364454 -0.13220751449733187 0.905906395139847 0.40231178997782985 -100.69782193632696 0.9911660226242833 0.1251371702725374 0.04393864143713333 -54.29694669202834
-0.007437431245593179 0.40502520360304217 -0.9142752698519091 286.46878481715447 -0.13075894536984944 0.9060561984786906 0.4024478393582311 -100.79967970481889 0.9913862934407717 0.12254284819873457 0.04622193779051359 -55.04958727929835
-0.004373252769401478 0.4050574670311152 -0.9142807681793116 286.3376728465764 -0.12894194754372804 0.9064285927074495 0.4021954506033394 -100.79509321798211 0.9916425005130859 0.11964804521900793 0.04826485731279888 -55.735855524946544
0.0021385914498580905 0.4051474902463751 -0.9142488378847817 286.046104672949 -0.1252382157653459 0.9071612364243208 0.40171367967871074 -100.7961988181635 0.9921243952945231 0.1136397917815791 0.052679996064123644 -57.211438770535146
0.006884527942348491 0.4051125143963377 -0.9142409168017411 285.83651229176314 -0.12299047504428845 0.9076640734380483 0.40127206835042645 -100.7503035396796 0.9923839712144646 0.10968035589532948 0.056073819267841815 -58.329042858855814
0.018147510055126662 0.40564243218082885 -0.9138516756526853 285.23705256387694 -0.12143227050057648 0.908130290240936 0.4006913770322343 -100.63263182381847 0.9924338121808798 0.10369953308156693 0.06573838512460663 -61.38654526186361
0.03227563741153401 0.40585361265300945 -0.9133680136320625 284.4783423594638 -0.12070991046644827 0.9087377890327442 0.39953066002380955 -100.29913145639377 0.9921629910175347 0.0973574644307246 0.0783206446268093 -65.32657773662609
0.04720002836120364 0.40559610650090816 -0.9128329286972537 283.660922456194 -0.12075490984123491 0.9094661365532396 0.39785625320228335 -99.77337012525305 0.9915595842267558 0.09145023157011731 0.0919045487113403 -69.54983279865262
0.06385271066410841 0.4064662796446133 -0.91143183774362 282.5243892584106 -0.12078247251333535 0.9097294759151379 0.397245358669845 -99.58110827884565 0.9906232511274965 0.08471979794024195 0.10718269525699348 -74.29016715047676
0.08447666605013786 0.40954255428067904 -0.9083713938287085 280.748454820814 -0.1218470036700437 0.9090342092540914 0.3985098670076076 -99.93294796882817 0.9889474205384662 0.07701754760472287 0.126693712437786 -80.30690087534104
0.10902998200462938 0.4134973866056746 -0.9039537456608869 278.40326634720003 -0.12489386915705813 0.9078671143100255 0.40022346782936974 -100.34395539231146 0.9861612365485929 0.06926192333933684 0.1506280236353315 -87.62548704308155
0.135108086077116 0.41588847925133754 -0.8993234000639525 275.89879972151306 -0.12903528851766174 0.9073014086824367 0.40019251382307175 -100.164391947433 0.9823928437207501 0.06197520979291163 0.17624804673352323 -95.40708530814653
0.16616970244327894 0.4181981951639958 -0.8930273789484222 272.6678292423269 -0.13107493780807636 0.9069492128367846 0.4003279730587731 -100.12327671845041 0.977346914185808 0.05053112799367657 0.20552278325082507 -104.32250452439415
0.19926751599903245 0.42082036622725105 -0.8849873877270443 268.8219074486479 -0.13319540206494143 0.9063488872790835 0.40098713121087304 -100.24281544173925 0.9708508855310037 0.03797254134673708 0.2366572292733446 -113.76208539328728
0.23487343412822081 0.4195206147336323 -0.8768334640935709 264.7616738417343 -0.13647015702095472 0.9073652489448109 0.3975728879714974 -99.0406026490869 0.9623982367936321 0.026282291011937187 0.270368036194502 -123.8867596216056
0.27244299494883945 0.41681996215480216 -0.8672000539971018 260.13954420730636 -0.14078591319415262 0.9088632337413546 0.3926155231257379 -97.31374734237939 0.951816232867141 0.01512420254021915 0.30629580040889764 -134.5854359891192
0.3116623582914848 0.4130995935154251 -0.8556957989037814 254.85662595783927 -0.14011091779529466 0.9106850315756072 0.3886151103324412 -96.09019683858791 0.9398060997560882 -0.0012243780159274797 0.34170600778991844 -145.15727086359556
0.35234815040826406 0.4095965381230331 -0.8414757613036172 248.6853987479231 -0.1398118502980408 0.9120861076778429 0.38542389481883527 -95.10467420791286 0.9253666448603568 -0.018155113293754688 0.37863830292401396 -156.09808881587577
0.39441975449355926 0.40516103539122905 -0.8247894232262849 241.68483856290797 -0.1400242682495136 0.9135711512680196 0.3818127235596183 -93.96727654559305 0.908199461333483 -0.03510394524170296 0.4170628866994027 -167.37570794139322
0.43677087532327996 0.40332595025829177 -0.8040891619202325 233.49443343254268 -0.1410509026230157 0.9135056407908286 0.38159151865911595 -93.85630396738561 0.8884457469865948 -0.05325055954244867 0.4558821476761815 -178.682654438747
0.4788454828676523 0.3986373236989924 -0.7821734383698731 224.89408370059505 -0.1406763595512085 0.9142893755255144 0.37984878526142996 -93.3269592723229 0.8665547676867655 -0.07185556314767533 0.4938821849834902 -189.65491483237452
0.5200635502499229 0.3941831032721117 -0.7577292292080422 215.56396553355233 -0.13754984375204052 0.9142107529384923 0.38118071789562524 -93.87072920379728 0.8429792074453766 -0.0940126603516929 0.5296675141146209 -199.94211549914553
0.5611235411156674 0.3885474317553215 -0.73087021069555 205.482932227706 -0.1372021438218683 0.9144246934582809 0.38079266238257825 -93.76365903911123 0.8162817793730897 -0.11339476738400506 0.5664147626902305 -210.3370447592469
0.5993276653313391 0.3850313605208852 -0.7018241952112527 194.89716032276303 -0.14325442812864403 0.9141624330940826 0.3791902091840479 -93.01613298147143 0.7875814360369482 -0.1267197590549437 0.6030402841229062 -220.49893726559964
0.6364538564393996 0.3814499919977954 -0.6703897315952102 183.62855911414755 -0.1521749726244261 0.9141673633150815 0.3756871165695028 -91.55920238084518 0.7561542609350101 -0.1370909751020608 0.6398724859027732 -230.55221306642437
0.6719782741070955 0.3716771557552248 -0.6405476492953164 172.80427334546238 -0.14896390061091497 0.9150965700121029 0.37471058680916125 -91.38442477917509 0.7254343219360597 -0.15637889704749441 0.6702914926473247 -238.84014361361196
0.7050901374523791 0.36411711924033496 -0.6084953751208835 161.4505364919827 -0.14796745094963873 0.9147596617524768 0.37592604949638747 -91.80459355803005 0.69350813371355 -0.17502424034005643 0.6988654976220637 -246.50134601418128
0.7367877901360418 0.3548071950666978 -0.5755480923740001 149.85391345448087 -0.14861911514168993 0.9154148368620021 0.37406955912960266 -91.19814569144931 0.6595878341213922 -0.19007243561815185 0.7271976060860172 -253.93739494088658
0.7648928867329525 0.34964346980005784 -0.541006761373189 138.00183961103582 -0.15326530102388985 0.9145316882241574 0.37435482998878067 -91.09875891902381 0.6256585485129944 -0.20342378243472056 0.7531069946644795 -260.6036661193571
0.7887496289450536 0.34307703483026175 -0.5100707509856998 127.40921796154878 -0.15620881997134767 0.9143939681879432 0.37347352718053006 -90.70427268862154 0.5945358083431135 -0.21489955587106824 0.7748195618879394 -266.07827993021453
0.8099575581200913 0.3372083016882361 -0.47985343107731815 117.16364198131147 -0.1583548531408951 0.9135321920745002 0.3746767600616351 -90.99333967822281 0.5647056707089673 -0.22748515405646588 0.7933208746484877 -270.6496245868046
0.8290523260729208 0.33219248042846894 -0.4498003963758377 107.07545304649939 -0.16035641736411366 0.9118626099967728 0.37787881642137533 -91.91289153471466 0.535684664745245 -0.2411529316360359 0.8092510139135568 -274.4913876584116
0.8455960997849699 0.3332123045682221 -0.41705730555018666 96.38608896407662 -0.16923427921868156 0.9082968661781372 0.382565761181406 -93.0200776162558 0.5062874625800847 -0.25291572306859383 0.8244432316775423 -278.0574932615841
0.8613910959529981 0.33015493798419 -0.3860091925557582 86.17313181948899 -0.17441805790109793 0.9059955131426809 0.3856818264364288 -93.78621779439919 0.4770573559760944 -0.2648959174656831 0.8380014510841326 -281.136408170536
0.8768030105351516 0.3224412581815376 -0.35671853854096475 76.4293011799562 -0.17570327379312017 0.905390632339932 0.38651799757511685 -93.99618883903486 0.4475989726249096 -0.276223528855536 0.8505032168144459 -283.8714160797817
0.8905549534965211 0.31391644966343557 -0.3291934650528664 67.28171755767714 -0.17663904453478319 0.9055641275206359 0.38568414394894235 -93.69798318207593 0.4191783901260273 -0.2853245057447631 0.8619045212045582 -286.27600203733397
0.9024855367885346 0.3061670259533144 -0.3029547954834401 58.61971071368557 -0.17707675010196744 0.9049140270307303 0.3870070131875546 -94.0941049508928 0.39263683023989987 -0.2956219814254839 0.8708868833765008 -288.046043539822
0.9131697841689702 0.2975115941776695 -0.2785817592927756 50.564754047979264 -0.17585945293147348 0.9042110484107583 0.38919896293099276 -94.82833024923008 0.3676879085521295 -0.3064134971925667 0.8780184341133059 -289.32976499227766
0.922549879277539 0.28786354755435223 -0.25697528720564045 43.39260633497912 -0.17327244784728513 0.9040698259465142 0.3906845385090755 -95.396625167969 0.3447874404064163 -0.3158992367867681 0.8839283303161684 -290.3065938925182
0.9305452559573639 0.2779189681872603 -0.2384251952646211 37.207698807059884 -0.1700706392526881 0.9046539867241612 0.39073922501876274 -95.54219651321165 0.3242861456791303 -0.32305140678506555 0.889087332209139 -291.11695437259294
0.9371620912344469 0.2682933508948809 -0.2230378726106278 32.05323986416996 -0.16633749634977246 0.9055210419715474 0.39033764852349645 -95.56664419425124 0.30669048250829 -0.32871008565658516 0.8932472376259961 -291.7222392893516
0.9421776164260394 0.26018084917439943 -0.21120432009936616 28.079667171505314 -0.16291319062685372 0.9063737797278633 0.38980233932290004 -95.5371021602138 0.29284916155851554 -0.33285506927898106 0.8963519796540638 -292.1419506977171
0.9459196653964639 0.25322278051633884 -0.20276639278691108 25.21803217929512 -0.15915640304842196 0.9069093016644684 0.3901086488699712 -95.78446710612562 0.28267512445372706 -0.3367398728722816 0.8981653700922952 -292.32277070364245
0.9485316854637168 0.24803301630077645 -0.19689404383093823 23.219900860741134 -0.156495129058754 0.9076446177354378 0.389474675013376 -95.69372650723656 0.2753123975636488 -0.3386161111356482 0.8997456379594878 -292.5188128515809
0.9502300166761799 0.2439411425035098 -0.19379276147903235 22.126536764425293 -0.15413277675670484 0.9086637788393712 0.388037658165573 -95.3399157232066 0.2707508126245507 -0.33885521394754525 0.9010389233788454 -292.719895398821
0.951414318727032 0.24064498020612596 -0.19209577721223062 21.498178193192576 -0.15232499599286375 0.9100170130109652 0.38557247259934796 -94.64233238396619 0.26759650542739105 -0.3375781828439068 0.9024594621094368 -292.9938728218868
0.9517854560125134 0.23876312983611464 -0.1926048118659413 21.60353376027367 -0.1506432142123288 0.9107259010668183 0.3845581297252868 -94.39339340413811 0.26722849349354644 -0.33700222693165505 0.9027837123631967 -293.06733903815496
0.9514452334591362 0.23889011793605358 -0.19412233071027196 22.08353975142982 -0.1501572438489664 0.910713275532012 0.3847780293746458 -94.4818347954559 0.2687094524715717 -0.3369463478393142 0.9023648867449221 -293.00400158092475
0.9513991938561199 0.23728955736391366 -0.19629885352686882 22.720751078460907 -0.14761277621170854 0.9107995004707552 0.3855576976812873 -94.82889088520385 0.2702777131562964 -0.33784306402272163 0.901560880840968 -292.8440826033889
0.9505337503208888 0.23920029999031694 -0.19816358390342165 23.361586482289542 -0.1492097912297748 0.9111480573101772 0.38411672166290406 -94.31354872017174 0.2724371995562887 -0.33554796101963175 0.9017680068362897 -292.9610630948728
0.9503750148784967 0.2392017478360238 -0.19892173065527152 23.599801444528232 -0.15016128861599484 0.9126836642794519 0.38007909224083414 -93.01287787769384 0.2724681972192003 -0.3313473295344689 0.9033105937132007 -293.35854059656646
0.9501865573939307 0.2390797876290367 -0.19996590033084427 23.924340315090678 -0.15108198856215577 0.9144566425367786 0.3754241356818537 -91.52097872083212 0.27261646846802023 -0.3265117211795267 0.9050250587980467 -293.80217975883727
0.9499591770432011 0.2385986951196739 -0.2016140487133598 24.428369425931134 -0.15102100373613175 0.9157833596896156 0.3722008792925289 -90.51655455983787 0.2734414350129391 -0.32312768498348954 0.9059902211477094 -294.0727886417432
0.9499687379753785 0.23763489759924672 -0.2027043470487553 24.74323347463729 -0.15042693117321626 0.916832404598777 0.36985142997619047 -89.80684686017909 0.27373552061666234 -0.32085510331085587 0.9067088107171479 -294.2650349246515
0.950127849893629 0.23617147847992803 -0.20366664333934112 25.00355949223503 -0.1491924461395739 0.91770885151567 0.3681739777125485 -89.33313511121062 0.27385887400520703 -0.3194268251139762 0.9071757385017555 -294.388259619395
0.9499198760358082 0.23517892636994517 -0.20577439516031823 25.637748993018054 -0.14790433472282513 0.9184288252887622 0.3668961714830271 -88.98648553339596 0.2752753837202182 -0.3180870407139911 0.9072177785115889 -294.4397535153046
0.9499761777806814 0.2360703708477157 -0.20448971039401737 25.259384382071815 -0.15014216050152196 0.9193050039017399 0.3637796605655095 -87.92257928525108 0.2738660133881938 -0.3148794845794881 0.9087619693307007 -294.7928975786572
0.9500935471336258 0.2346700942653611 -0.2055533958671839 25.553568356797783 -0.14897632568243277 0.9202087885876096 0.36196939068419276 -87.40486899592885 0.2740954324340455 -0.31328219270110225 0.9092447204439424 -294.92252526133785
0.9507721475921339 0.22918231868073177 -0.20858520601223154 26.35028506285492 -0.14327412529163944 0.9219271077494355 0.35989294660867727 -86.98876486415162 0.2747814556787943 -0.3122913268102144 0.9093785123996271 -294.9765142822421
0.9507618919465581 0.22953506802808502 -0.20824379310688634 26.252865157962397 -0.14244182793070084 0.9203831748612015 0.3641498827243744 -88.35130827152211 0.2752492515484137 -0.3165572049057758 0.907760643310934 -294.5810238670088
0.9510158613093156 0.2276173215009582 -0.20918696539419007 26.49501280402719 -0.13949118877554917 0.9198220045294384 0.36670108840502486 -89.26806376451998 0.27588229336455206 -0.3195588129533829 0.9065159266509001 -294.28388284503654
0.9519916933170165 0.21837410827228024 -0.21453336498476397 27.917429900137037 -0.12945505213118372 0.9222418182229349 0.36429578394289386 -88.92771790789848 0.27740440755891393 -0.3190341322760647 0.9062361817483048 -294.25658479173245
0.9534758876849375 0.20533918969172787 -0.22072505245251386 29.50743859988901 -0.11643540842915062 0.926181864499051 0.3586501771043734 -87.70147331708382 0.27807647737152685 -0.31626408435009834 0.9070008278291903 -294.470534654281
0.9533733940036803 0.204481091904324 -0.22196093047993584 29.873420886868566 -0.11569588644057355 0.9269188286768085 0.3569817178864252 -87.21144941254697 0.27873577715577424 -0.31465690537159474 0.9073573708497319 -294.58030714708565
0.9540043814904684 0.19845220225119756 -0.22470505895203738 30.574666225888592 -0.10916750388863208 0.9280368516151267 0.3561320796263781 -87.21637721212325 0.2792097709459938 -0.3152210739559352 0.9070157541864158 -294.5080239128751
0.9546452644758279 0.18467304637643137 -0.23355574271664825 32.999187982324415 -0.09320155183236375 0.9303370763900943 0.3546637774427647 -87.42213587621741 0.2827824070728516 -0.3168103379562924 0.9053536988459835 -294.1863866168343
0.9545695795705492 0.1748911000034523 -0.24126752972185733 35.17933500106701 -0.08089978802190453 0.9313444749688398 0.3550390024251238 -88.05399836238877 0.2867963424740904 -0.31939093926503087 0.9031817568235563 -293.74631237939417
0.9546327768281899 0.1616190033363218 -0.25011109364814943 37.635902349263596 -0.06525449471742364 0.9330250477941727 0.3538447556596753 -88.34055885516712 0.2905479518504185 -0.321470928622256 0.901242658625451 -293.35675917054385
0.9541780176518728 0.15210397799733866 -0.2576988368373581 39.79950414124479 -0.052689710973422996 0.933124061085295 0.35567299726184426 -89.44346452525846 0.2945642629163954 -0.3257972782284589 0.8983807814682195 -292.7377366537986
0.9536831153402527 0.13438776258640817 -0.2691253328505687 42.98854781410457 -0.0317668776562499 0.9346499964915087 0.3541472145060521 -89.86135992037265 0.29913104318823724 -0.32919494729634297 0.8956290000193579 -292.1595453585943
0.952775951244079 0.12439283823853124 -0.2770278118274463 45.259295388429095 -0.01938064882660194 0.9353018025427381 0.3533198672751999 -90.13646420545784 0.3030550728531043 -0.3312656939003306 0.8935438785324042 -291.73304408206394
0.950979720176629 0.11397559533071529 -0.28748414822697516 48.340338941249406 -0.007863910289159545 0.9382192975355417 0.3459518877631379 -88.33761141727027 0.3091532479657046 -0.3267324798683531 0.8931238188914972 -291.7905410638796
0.9480509917534532 0.09676259257936648 -0.303045075380897 52.905883816166984 0.010709101866658861 0.9423696515452582 0.3344020857944494 -85.54805647381761 0.317938094874621 -0.3202755696642944 0.8923782422850236 -291.83116676113247
0.9414959322121632 0.1327155576069171 -0.30979346409670244 55.89748123931971 -0.02336380772999303 0.9426922992780566 0.33284435006502167 -83.58333964460138 0.3362135364858258 -0.3061336467148553 0.8906417058687284 -291.8458896386983
0.936534055348349 0.1439932970020885 -0.31964025652480604 59.32082328243523 -0.030298703337339104 0.9415891159273895 0.3353981594212364 -84.08017491146913 0.349264873339492 -0.3044271130920265 0.8861930833997764 -291.0283627789419
0.9307219310953665 0.15531445903924473 -0.3311104132936 63.27730199860823 -0.03259580012546572 0.9369712845002346 0.3478826322715193 -87.87202006269634 0.36427215209550745 -0.3129891864511092 0.8771223223544025 -289.07061130043905
0.9270001846585296 0.1559175578160033 -0.34111636256231553 66.50324870172403 -0.02630668013410671 0.9342855293015331 0.3555538050957632 -90.53460051280892 0.3741371623126653 -0.3206248039413785 0.87018453150707 -287.5227420464222
0.9190000590722125 0.16287454271268675 -0.3590414666322028 72.44605259278308 -0.023145293742301995 0.931395229395265 0.36327293050449594 -93.07917304668614 0.3935774216121303 -0.32553772438209827 0.8597220499680536 -285.2677927327027
0.9177135469457525 0.16080324943620566 -0.3632411880872039 73.74620910691533 -0.018865962424493746 0.9310170038848538 0.36448787900157614 -93.64280741284372 0.3967945579440873 -0.327642569651789 0.8574406249635765 -284.751582848939
0.9125306546419627 0.15927808861912426 -0.37672044651777165 78.05715102699186 -0.017161775027123155 0.9351578067540833 0.353815417901497 -90.38654018697395 0.40864811001230544 -0.31640222336881735 0.8560936603144773 -284.65655616615356
0.9101225436640984 0.17219792705732656 -0.3768618174232446 78.43762969053768 -0.02071377552376434 0.9273210599904659 0.37369317789024453 -96.43757190079265 0.4138210905910215 -0.3323003545218068 0.8475426711185338 -282.56070909151555
0.9027708782621608 0.1708127541711285 -0.3947502303662918 84.19095734294942 -0.017198119387861102 0.9313648963369806 0.3636807041358206 -93.46306613994425 0.4297778100964354 -0.32153138708947065 0.8437467635878868 -281.9057506713309
0.9016510531089414 0.17567893100596224 -0.3951737486576496 84.45647002696876 -0.01815089252346916 0.92833964618938 0.3712897068511033 -95.79758814359853 0.4320832368052923 -0.32760099895082606 0.8402271490247637 -281.0431858990805
0.8927484477569111 0.1862938204083342 -0.4102375184028067 89.63139413334368 -0.022709752429529273 0.9279633101226138 0.37197898087240255 -95.81610069017917 0.44998275097187374 -0.3227672652918029 0.832668491227953 -279.4315740344628
0.889288557113742 0.19403339925230362 -0.41414599136192903 91.11394499316305 -0.02266570705376729 0.9231262473406834 0.38382834339644617 -99.52032950107608 0.4567845530557176 -0.331947241960682 0.825323512717519 -277.6536079709212
0.8829103170533198 0.20797283598773675 -0.4209711053410012 93.724986494466 -0.028806201017192626 0.9188603985346592 0.3935298855076757 -102.28962100335215 0.468657203960169 -0.33532501770065587 0.8172622331175541 -275.77370904121864
0.8748491724240698 0.21524759271410104 -0.4339440048436026 98.16527789528078 -0.02878915060011819 0.9173677232244963 0.39699829369107825 -103.3753252444454 0.48353915075890586 -0.33482074938194667 0.808755188834463 -273.81904912352087
0.8654211116096067 0.2301190585613893 -0.44507473357539906 102.23967744544507 -0.033088453399947634 0.912601864086779 0.40750827220675606 -106.4803558981005 0.49995145147503284 -0.33793942734187726 0.7973992034206279 -271.1269717368104
0.8532770662320681 0.22894206292006092 -0.4685123051407526 109.89864592243994 -0.01972741095421389 0.9119957235786492 0.40972506566147454 -107.74964706292573 0.5210845204949369 -0.3403664672087468 0.7827014695913116 -267.6087364968344
0.8653518467101524 0.23309491673894472 -0.44365858628656485 101.86408916100753 -0.010024497054758233 0.8931283043363749 0.44969027280121476 -120.70576977834955 0.5010645575713054 -0.3846928538245755 0.7752068868129177 -265.24825623257783
0.8545149714058575 0.24540235876214853 -0.45780109868502955 106.87263867728163 -0.010655810194265009 0.8894548577585022 0.4568987959263041 -122.94379585121233 0.5193174533484796 -0.38554861992202283 0.762667453300502 -262.23479432490745
0.847117978745611 0.2558630473095204 -0.4657523280751654 109.80914856254172 -0.00898898196966097 0.8832287622652175 0.4688562164572429 -126.77687917638627 0.5313288325407342 -0.392989891128179 0.7504989121790667 -259.1805744693057
0.8420925993448342 0.2662609057826161 -0.46902578199975475 111.21383896469787 -0.007922648091320678 0.8756535823425222 0.48287476158723464 -131.2368281990402 0.53927477761887 -0.4029093369264709 0.7394908927374223 -256.3482070552187
0.8456586652606548 0.2463501801406813 -0.4734691231899096 112.05588996270347 0.045313600656901126 0.8507623841571581 0.5235933950106085 -146.4277938671087 0.5317970472511809 -0.4642358823355667 0.7082915685556642 -247.6080172203634
0.8528941807219292 0.2573182646848316 -0.454267352062919 106.07919577026621 0.03301422419246465 0.8417809306768028 0.538808802591295 -150.69588679504565 0.5210389404753148 -0.47454417645618874 0.709454894337814 -247.68079579918736
0.8454254976053008 0.26507762887643005 -0.46366968702739136 109.4129023086239 0.04900533388198955 0.8259816889985838 0.5615627540089901 -158.6193349793528 0.5318403945263506 -0.4974817585683885 0.685315762726759 -241.20034967591556
0.8425492868008296 0.26841691131103873 -0.4669722272615953 110.60586534449841 0.06170593090032343 0.813169393702902 0.5787468490079053 -164.64619876296277 0.5350729645601033 -0.5164377008576122 0.668572377330806 -236.57506555261935
0.8412454475400999 0.26789363281259 -0.4696159052795489 111.45974467068675 0.08231699242114249 0.7950158700840554 0.6009772700137918 -172.65353138699325 0.5343500816429193 -0.5442267613899242 0.6467512832884369 -230.38713070787978
0.8370914782880073 0.2759211297079037 -0.4723826702561312 112.62926195213878 0.09063338544913092 0.781608596631777 0.617149569483228 -178.19143762033684 0.5395029623826249 -0.5594242860763362 0.6292702294947329 -225.55264508022617
0.8438959642879204 0.2675380837831909 -0.46504083173865435 109.94173329408473 0.10897111631693092 0.763251650602413 0.6368455178937307 -185.33011875439368 0.5253236119452495 -0.5881073809928852 0.6149510640323232 -221.0833487706322
0.8445974975320918 0.27006036851636867 -0.46230127029820217 109.12052619036979 0.12165956914031233 0.7440737880588729 0.6569270485832601 -192.3550565256308 0.5213962182439779 -0.6110823146520628 0.5955874312981727 -215.4187770125975
0.8951879369283406 0.24258275147527025 -0.3738879060155174 79.44642619281083 0.004840466802849108 0.8335577221414532 0.5524111636629754 -153.7666457001298 0.4456625713015528 -0.49632160193269775 0.7450166038390347 -255.6438590788008
0.8784536912850361 0.2564106237017442 -0.4032030559415159 89.36861182080283 0.030787662304750177 0.8116990376679801 0.583263912906228 -164.70387549569344 0.4768345961835229 -0.5247840168124005 0.705145732158069 -245.35052021643196
0.8961119884846465 0.262295315233777 -0.35802859061883124 74.92152433905616 0.011832520973623112 0.7922775512234757 0.6100461238912528 -172.39907416415707 0.44367025541667976 -0.5509060259551956 0.7068657970398283 -244.9017567555427
0.9072355704673782 0.26199313228953547 -0.3290641553129859 65.59387140975687 0.001339191408404633 0.7805227171176837 0.6251259830063057 -176.7544857888044 0.4206207629743242 -0.5675772076963154 0.7077671135751866 -244.47336913707693
0.8808986168697 0.25487497273705123 -0.39881872457212586 87.89647182827768 0.04511746745285834 0.7935696680740554 0.6068044133355277 -172.8367984644861 0.47114970118603494 -0.5525268592431694 0.6875551097091702 -240.2379604956819
0.89952675549629 0.24039293334748446 -0.3647778142142277 76.43794897614225 0.027718584192117368 0.8019002014698002 0.596814667189973 -168.88091947796005 0.4359854312207029 -0.5469618857647081 0.7146673346977683 -246.87843484648351
0.9033238332981095 0.2409047027839689 -0.3549239022271915 73.27508181764397 0.023578052886732564 0.7982715569104404 0.601836021562229 -170.29789828422426 0.4283107839147642 -0.5520212365519547 0.7154176589782859 -246.86474546053145
0.9057913306395518 0.23588424654405055 -0.35199529481312103 72.1836461225058 0.02714968029586408 0.7967020921280457 0.6037620982296152 -171.06936416196328 0.4228533554295895 -0.5564390340649557 0.7152416662714755 -246.65343935707935
0.9076044414238619 0.22839647330572316 -0.3522630109579882 72.05162479500457 0.0351708988498864 0.7947540490855791 0.60591171744419 -172.10966778372025 0.41835055370080565 -0.5623175725900668 0.7132893955293632 -245.96796162631904
0.9091900181777905 0.22487615615294704 -0.35043433798608276 71.36121836464879 0.041911190604558946 0.7879193553009539 0.6143505039016712 -175.10103333210014 0.4142667775093449 -0.5732484661436126 0.7069435855257606 -244.05111070964827
0.911494601962507 0.2215987753407891 -0.3465134533617321 70.00548734310493 0.04217697727343023 0.7876615729369488 0.6146627930065135 -175.2124995515022 0.4091438538965083 -0.5748767079000104 0.708602905393958 -244.36416271037027
0.9138212963705052 0.21707842853686096 -0.34323110896842707 68.82125509978941 0.04262004939417194 0.7892258760840076 0.6126222718030001 -174.5810883950675 0.40387395272456933 -0.5744558054223123 0.7119595198655853 -245.15182755574006
0.9158624962888409 0.21147811694499277 -0.34128125343325416 68.03657859992362 0.04211504337561159 0.7947395400407087 0.6054877262317985 -172.28305482951467 0.399277110554867 -0.5689165752105337 0.7189657289729976 -246.99030245619738
0.9177356948343232 0.2077691056775053 -0.33851616379861665 67.04451295073751 0.041707013039072316 0.7971536100888928 0.6023343315681119 -171.25972443984648 0.3949958474342748 -0.5669022143617143 0.722910893445011 -247.9719449387884
0.9197970802764261 0.20818448345475404 -0.33261472000445014 65.16149771661944 0.03702928221899664 0.7978203537443512 0.601757023564814 -170.86777113770486 0.3906432686906398 -0.5658108376479858 0.7261239099676977 -248.74365821032623
0.9225226569018133 0.20433608992013327 -0.3274121406713108 63.38607799105248 0.040620763951482786 0.7922242566871758 0.6088765725928774 -173.29714905354817 0.383799297861287 -0.5750021647547102 0.722544538065703 -247.51933908812524
0.9241304521929443 0.20649675226107453 -0.32146850333320776 61.54139025773858 0.03919049722639617 0.7857029093439881 0.6173613554277111 -175.94092974034552 0.38006185319867614 -0.5831209390461134 0.7179992745046243 -246.11628113831125
0.9264181905077068 0.2015063131801196 -0.3180322971727586 60.30347873008125 0.04357284336665543 0.7816558675161159 0.622186075140366 -177.67672170816542 0.37396623325825984 -0.5902620693608761 0.7153600113624223 -245.1744929063203
0.9288256507539704 0.19637094128282417 -0.31419956066353916 58.936760999539516 0.045977616022932655 0.7803626499805713 0.6236346633567992 -178.24672235434974 0.36765332764210246 -0.5936940187798746 0.7157921784559333 -245.0936507187561
0.9313433127878612 0.1915178514354387 -0.30971042331004217 57.37005484632001 0.045665012069448785 0.7823788663504805 0.6211264091638948 -177.43151428681568 0.36126768523911656 -0.5926248577892175 0.7199176602447536 -246.05556005132743
0.928968340741231 0.18502750174765584 -0.32059732609225755 60.678622415991434 0.05961314058929104 0.7800182032842911 0.622910809036276 -178.62612557892447 0.3653273810838239 -0.5977762341730957 0.7135821455783957 -244.3924758202545
0.9269329789331616 0.17637673213619126 -0.3311895241807221 63.84361036645279 0.07345806974770627 0.7802603448902466 0.6211261596332055 -178.6804321980436 0.36796625464169397 -0.6000708646090988 0.7102927515413996 -243.54556945926848
0.928072053406687 0.1706099629126534 -0.33102039852619136 63.63863791487129 0.0779259667266322 0.7802331099094448 0.6206156926075557 -178.7198647249266 0.3641562952843399 -0.6017711647760959 0.7108175981563803 -243.57080142852737
0.9323351066391712 0.15925004638578485 -0.3246392946860421 61.30151627328179 0.08209314612245641 0.7811326968215102 0.6189446060158145 -178.37536336243141 0.35215332497059076 -0.6037144463092466 0.7152040988624698 -244.42185218659404
0.9350477231766202 0.1528290489941653 -0.3198891013550753 59.61847749480094 0.07854690185471921 0.790580095199932 0.6073001706591985 -174.497874012072 0.34571106373855576 -0.5929809397081878 0.7272258696935573 -247.61676097403844
0.9371404485120345 0.14769027470371748 -0.31615718008706273 58.2961903629919 0.0843715269373457 0.7832359924710179 0.6159730720901688 -177.5301446881985 0.33859891494941874 -0.6039279450860675 0.7215412752845095 -245.7699284988929
0.9382548299343909 0.13764571770802586 -0.3173823096857 58.44076966422373 0.09526878095113443 0.7791554608234569 0.6195487287091074 -179.16932991117275 0.33256838917863485 -0.6115312128302438 0.7179330346581769 -244.54361061494308
0.9383812633512001 0.13111890645188853 -0.31976309505986883 59.044282652762135 0.10636837642601668 0.7707498214181737 0.6281962124052856 -182.44265736784521 0.3288257488213157 -0.623500236691787 0.7093102859520555 -241.96540092850867
0.9384597990955629 0.12449195228868193 -0.32217225097278057 59.65674393231287 0.1171667340427274 0.7627228021350195 0.636023492912852 -185.4457791197724 0.32490792836629356 -0.6346303498247278 0.7011983721929673 -239.5203399087818
0.9371432012116415 0.1182284473095878 -0.32830573353135467 61.47288171508555 0.13145036138027272 0.751929439135292 0.646005356831258 -189.30791267147242 0.32323895637096794 -0.6485554354166261 0.6891243895522478 -236.0145201751806
0.9336690487003259 0.12428984548572627 -0.3358781651256341 64.04391171660411 0.1434884130684205 0.7294632576185749 0.66880074095324 -197.19200451833146 0.3281359212493122 -0.6726331764740948 0.6632431131133095 -228.76460339995336
0.9192942860116522 0.15533451567999268 -0.3616202482505494 73.08330834706184 0.13763977779973674 0.7339110155104507 0.6651540519907085 -195.74443162304703 0.36871846614126336 -0.661245649929647 0.6532999947769423 -227.29384240243613
0.9143802192715211 0.16410283859512168 -0.3701068399394807 76.04464535132 0.13850341643287242 0.7322138960259755 0.666843020584968 -196.32795986880396 0.3804282037932877 -0.6610091291589588 0.6467930990101297 -225.81463925425126
0.9068484231028302 0.17559089778512674 -0.38313675643420525 80.55526040487091 0.13643702830948398 0.7378133994412036 0.661072102656807 -194.37634738438595 0.39876167672180757 -0.6517662343356153 0.645127817535397 -225.93921954426128
0.8994735571218513 0.18712108354204027 -0.3948835526235759 84.66828489047352 0.1395582393668734 0.7333350164325626 0.6653895486845818 -195.91030260772564 0.41409034987956683 -0.6536095575861065 0.6335011668250596 -223.092957355398
0.888192033226354 0.20208214379725925 -0.4126472092133171 90.84915774405692 0.14442604573048157 0.7297788144784274 0.668254442000289 -197.0605124220512 0.4361834813789859 -0.6531352762611776 0.6189978040957359 -219.6219194390789
0.8762899187120023 0.21682054711532658 -0.43023810699695436 97.00034120900018 0.15637728718363433 0.7166590358327077 0.6796660727242615 -201.29924904367252 0.45569959668272636 -0.6628639956340548 0.5940952792904993 -213.04920210765374
0.8599244959867427 0.23470136824210752 -0.4532605530456288 105.05981984864349 0.13115758338480915 0.7565909113573581 0.6405996262659689 -187.56175456736935 0.4932824236911381 -0.6103158695271859 0.6198281938413834 -221.59295612453795
0.8446216878272697 0.2506250570020104 -0.4730764053031532 112.05938383223307 0.1275281393469069 0.7640296655721546 0.6324517719165768 -184.7836685409279 0.5199526691214597 -0.5945130368027607 0.6133542784924787 -220.4954684982699
0.8479654759591537 0.24410116295415712 -0.4704988563490817 111.0098521524384 0.12189084054460324 0.774057159278196 0.6212713876893895 -180.9462406654155 0.5158460764343331 -0.5841661890375013 0.6266200515565286 -224.17818690701046
0.8452290501423347 0.24620234043519912 -0.47431240797571045 112.33051127059822 0.11507747472639707 0.7828785734317736 0.6114395424504588 -177.49073418581602 0.5218668677029439 -0.5713891378261065 0.6333793693895128 -226.2731852216496
0.8338318292324567 0.25601010898323895 -0.48906370204426863 117.50454585168555 0.1059058450473194 0.7953071012595851 0.5968840479279783 -172.4262596010893 0.5417641853645073 -0.5494956221704282 0.6360394081123163 -227.5579387714508
0.828412867283713 0.261523226591851 -0.4953157813675683 119.74752649333647 0.1064320179741999 0.7946976922311333 0.5976017097636608 -172.67912212679283 0.5499130357326666 -0.5477784040243814 0.6305033490916482 -226.19308080412085
0.8155130358608098 0.27251212534005936 -0.5105640311300136 125.15991309728412 0.10025597709577454 0.8023418626667967 0.5883844614441706 -169.46007913755156 0.5699887958527406 -0.53102229421656 0.6269992788252025 -225.6972424789768
0.8101207566103474 0.27659724335122643 -0.5169122988279353 127.40538585453417 0.09270766598897327 0.8101727631251319 0.5788137719137874 -166.07005320666576 0.5788865591598713 -0.5168307835846191 0.6306950869979514 -226.95738999085285
0.8027806185160179 0.27841401110821834 -0.5272844744098509 130.92268827565763 0.08712239359896655 0.8200402756036638 0.5656356025936257 -161.62817753456136 0.5898753826602926 -0.5000195844229506 0.6340563445979177 -228.1594193885909
0.7951552662570109 0.28461834343992826 -0.5354628849147746 133.8620020454782 0.07826242471074694 0.8274598670482861 0.5560442080471905 -158.18208912933665 0.6013344289346293 -0.4840481040164744 0.6356841492250059 -228.8681349962023
0.7899405586747621 0.28481632168849436 -0.5430226299708335 136.39942936618334 0.07308788138294614 0.8355316375167876 0.544559495650813 -154.30711984310818 0.6088120197200094 -0.4698580057936136 0.6392037069949543 -230.01265348404903
0.7850138737802552 0.28214639917971907 -0.5514949024265194 139.15113796660836 0.06800625127484962 0.8456255883402815 0.5294265899364093 -149.28665469523403 0.6157340073116471 -0.4531123191594679 0.6446400999518018 -231.67185210577787
0.778865450981566 0.28464497336567607 -0.5588790999893767 141.71709016634725 0.05708209935584077 0.8552133929303269 0.5151229819040578 -144.27381601840705 0.6245880588038903 -0.43311348592516946 0.6498480323193541 -233.2869782539762
0.7698033358623327 0.2908175587774382 -0.5681795240959989 145.0607975151012 0.039559349665915094 0.8667216107212521 0.4972209844352591 -137.8409896299759 0.6370540651696953 -0.4052391849457423 0.6557006337005296 -235.11445178617387
0.7631624298590998 0.2876906912916055 -0.5786338840715368 148.48375152750788 0.034044646435046066 0.876288210625918 0.4805829106066293 -132.35189748835427 0.6453092806559249 -0.3864622078058666 0.6589559122104816 -236.12964743408014
0.7526943864051897 0.29338179611142867 -0.5893880575516838 152.32361771579582 0.025544868104822732 0.881534783469412 0.4714274973387147 -129.09363468209386 0.6578743195988289 -0.3698966710366135 0.6560318836523185 -235.48695071791138
0.7813195504524817 0.2898866017566094 -0.5527255360508838 139.82685227745267 0.07470348701631473 0.8357898342448664 0.5439436937777127 -154.18497412433663 0.6196443730950321 -0.46628436719982763 0.6313633975744248 -228.02843079421604
0.780467784107987 0.27128341671698364 -0.563271999822402 142.7472147216666 0.07385993081587969 0.8546346401970407 0.5139497469550385 -144.6572022432583 0.6208178062760782 -0.44272445108626435 0.6469778294662992 -232.42015403365713
0.7626367713948334 0.29086708827379437 -0.5777382555064094 148.29049251617238 0.054859489909304976 0.8608836991701674 0.5058356381968154 -141.24114222805855 0.6444963857799013 -0.4174632839690377 0.6405847447874724 -231.0466689627177
0.7622177764178502 0.2633296846344828 -0.5913387679688621 151.96306693462654 0.0704351842405459 0.8743547185577383 0.48014863423404464 -133.8395709589168 0.6434772304702229 -0.40762887940640546 0.6479010345262999 -233.05777460772143
0.7620419666966856 0.27683071154960553 -0.5853689418956105 150.39212842311267 0.06672331241596476 0.8656237656148038 0.4962292776359417 -138.7415736734798 0.6440807717773362 -0.4172052894508722 0.6411705747154378 -231.20281416644426
0.7583096349516225 0.2765793306711237 -0.5903137906105955 152.0590038506367 0.06756860447972263 0.867311400641116 0.49315861343649675 -137.81109116275476 0.6483833597712079 -0.4138536071649714 0.6390025122081616 -230.66850341642913
0.7537758086506652 0.283785504485889 -0.5926953835966036 153.11288622157093 0.06450682860632047 0.8656323404510123 0.49650732142482784 -138.72968397389263 0.6539578727687207 -0.41248810723339885 0.6341866145188004 -229.41741320633167
0.7523415535418909 0.2814455249761102 -0.5956262278351213 154.0275351839482 0.06663269132654495 0.8669970658991878 0.49383820444431076 -137.98332493127103 0.6553947446087399 -0.41122318051530266 0.6335244466838855 -229.25527382580626
0.7496931175838564 0.28239394932209294 -0.5985097215865999 155.03981077220092 0.06459566861225233 0.8688422002763125 0.49085703684021065 -136.95174963557153 0.6586255605759118 -0.4066532778735308 0.633123591845051 -229.19155261649294
0.7465625395836888 0.2800491554920412 -0.6035038069461931 156.65781901799699 0.06765812722192893 0.8704349857990958 0.48761184698256604 -136.06632281389193 0.6618661135842918 -0.40486467616368144 0.6308865521499907 -228.61803264271728
0.7442619789590076 0.283838926466676 -0.6045738751370808 157.15274893788288 0.06739517609112577 0.868665576807314 0.4907932415077275 -137.0574271965708 0.6644787407552388 -0.4060241119592053 0.6273853868174417 -227.68449556105932
0.7398632233573138 0.28273268094333526 -0.6104626457449462 159.12128917179703 0.07246648524212242 0.8686319201369919 0.49012977448403977 -137.0765262185566 0.6688430452953658 -0.4068670771218981 0.6221801686925617 -226.30162871350092
0.7369194318247034 0.28225711814095844 -0.6142317724262699 160.39102935844505 0.07319529295258463 0.8699924260025518 0.4876019152831329 -136.31248186017476 0.6720061012288069 -0.4042822008906096 0.6204544318113162 -225.8664107373224
0.7381501844044045 0.28473934643403614 -0.6116026568418925 159.57986745030587 0.07503831625822034 0.8662884223651758 0.49387611844387275 -138.373837269298 0.670450263895 -0.41044838149074586 0.618084597587379 -225.18653989242253
0.7366666552573784 0.2826891760793652 -0.6143362831214485 160.4416997973016 0.07844341485749334 0.8665848513507067 0.49282585775806126 -138.19639091157254 0.6716910522683788 -0.4112390121778858 0.6162090596263209 -224.6826091229946
0.7354878346823028 0.28073498931943097 -0.6166405037022435 161.1609576711962 0.07854219103502323 0.8686566115980925 0.489149072731758 -137.04153475716575 0.6729701102290915 -0.40819548858205146 0.6168368291854052 -224.8751641887882
0.7345464763750469 0.2813761434569162 -0.6174697886846898 161.4665328457419 0.07899309364948769 0.8683273895766754 0.48966073527151394 -137.22321491908033 0.6739447790440147 -0.40845441655620435 0.6156000523026658 -224.54495465478564
0.7322481612903563 0.2888275439957644 -0.6167586887237726 161.4837844260457 0.07396400901233421 0.8665323124853097 0.4936102478572393 -138.24151287607256 0.6770095683649648 -0.407063141598741 0.6131538494489354 -223.90711742836857
0.7318998970329453 0.2881023096091574 -0.6175108095580459 161.71540012195427 0.07474364732833079 0.8668107361946402 0.49300358497861263 -138.08536523910837 0.6773004709190908 -0.40698428325375813 0.6128848711440043 -223.83636384539471
0.7344469621406793 0.2808581519284046 -0.6178238893873309 161.56959071358514 0.07908994052966996 0.8687268322383064 0.488936061521556 -136.99912726173028 0.6740418689587027 -0.40796125973498854 0.6158207283342292 -224.60781519082897
0.7345871962103334 0.27513793513899965 -0.6202263843237311 162.1936024451493 0.08826681279060658 0.8675770439234144 0.48940682730924157 -137.56325918899307 0.6727485569836839 -0.4142573952321882 0.6130254395796422 -223.81190872798504
0.7355778838117178 0.2704605631329587 -0.6211088959569632 162.33554905027773 0.09372524688490895 0.8673996102783224 0.48870593835698084 -137.59039686372947 0.6709252975879191 -0.41769486455882743 0.6126909866953691 -223.69233950633443
0.7385123951510328 0.2674960049861572 -0.618906559607127 161.48236467942812 0.09256096650139059 0.8690183313478086 0.48604486136754765 -136.6985837979933 0.6678562043498684 -0.41623674405068556 0.6170211205570445 -224.85366956485828
0.7389283161955786 0.26592150114933105 -0.6190886033120407 161.4914644018327 0.09498909629269121 0.8685330257961127 0.4864436808993892 -136.93479719544013 0.6670547317198677 -0.41825367700468014 0.6165240032328018 -224.70341128644364
0.745221668059272 0.26434248589214704 -0.6121827469043181 159.08171734649915 0.08954178991949867 0.8700822378410666 0.48470523749129635 -136.13914952915414 0.6607775217975932 -0.41602878451597747 0.6247344372941113 -226.89515606281682
0.7462336688076113 0.2710378713650564 -0.6080080458545194 157.8843161536173 0.0851250511100197 0.867006589102946 0.49097179157828597 -137.914154904712 0.6602189312731412 -0.4181363972891794 0.6239173952139632 -226.65950193584968
0.7474135402006921 0.2742839585867671 -0.6050961163209043 157.0028314074605 0.07875348308376134 0.8677964850461919 0.49063953106496677 -137.52097577718467 0.6596748356780364 -0.41436405563640216 0.627002025969381 -227.50915950329693
0.7523198146573608 0.2714495720404427 -0.6002749589254703 155.26701620253132 0.07429897177097917 0.8703937575107918 0.4867179570141419 -136.08360395920545 0.6545949581746637 -0.41076737543931774 0.6346460462391655 -229.55554370576192
0.7559569092787068 0.2737656413776998 -0.5946272150808788 153.42697095203982 0.06276085967015915 0.8738586732727354 0.4821121172916912 -134.1132226812909 0.6516058822687588 -0.4017753013153888 0.6434177347926313 -231.94001134695952
0.7583545001787112 0.2774182336615063 -0.5898623362199242 151.9343670246002 0.05591725071630277 0.8738934527977834 0.4828907684243906 -134.052032964415 0.6494395377023385 -0.3991858674719061 0.6472085676809869 -232.95576645373228
0.761581962639685 0.2804638557268217 -0.5842370578906562 150.13215129084878 0.054052952324320266 0.870874016976126 0.4885250504333333 -135.74430057400687 0.645810492735222 -0.4036316045439339 0.6480820436382875 -233.1442351106422
0.7633382594202307 0.2755019966402098 -0.5843058715711749 149.98734425464207 0.06241758193126995 0.8688129959143256 0.4911904148049178 -136.95907319789916 0.6429764748193714 -0.411415395892803 0.6460020316153986 -232.52622735830542
0.7653842598730356 0.27428392928511325 -0.5821986438274522 149.23331744982988 0.06602313737811345 0.866397097754136 0.4949717308432483 -138.31339373586522 0.6401780065492382 -0.4172821529123062 0.6450176158768955 -232.20955734774654
0.7674741326270078 0.27204937269142615 -0.5804934061353526 148.58174286344752 0.06847614056579007 0.8655250120068703 0.4961627472550929 -138.7993619994052 0.6374123264588127 -0.4205420221674744 0.6456391667717002 -232.33742454276364
0.7696217740787672 0.27161132308050173 -0.5778491274011843 147.67345341036994 0.0699114393850997 0.8637220609482072 0.4990957744506406 -139.78927740382795 0.6346611028785003 -0.42451323961195897 0.6457505663080793 -232.3230648035165
0.7691316460469566 0.2647486854637846 -0.5816740019927803 148.73837120906708 0.07675541041782145 0.865304678282106 0.49533465527327375 -138.9113579963762 0.634464434007684 -0.42562418550676745 0.645212317528897 -232.1703012677742
0.7715328418278787 0.2684875985358002 -0.5767594675542628 147.2014916864212 0.07242991824935041 0.8636196869850934 0.49891376328395853 -139.845301026271 0.6320529890154701 -0.4267029946980082 0.6468644165451998 -232.58880590489233
0.7742685801433654 0.2718224399653567 -0.5715074163421303 145.5397868819316 0.06928080611501525 0.8612250571287973 0.50347946420639 -141.14430290938725 0.629053523721814 -0.4294228243873164 0.6479874244060524 -232.84978953934453
0.778680461840987 0.2679739748302594 -0.5673153330915521 143.99920523374203 0.06946930082897396 0.8618192007540443 0.5024357485828352 -140.82335952720132 0.6235629515850352 -0.43064790029133077 0.6524658085947703 -233.9991423942618
0.7771739397679187 0.2679457751387938 -0.5693906645975876 144.6975694845688 0.07226706372443265 0.8608318513781366 0.5037320668307098 -141.35855756103203 0.6251224990721901 -0.4326356264088302 0.6496524270066101 -233.2444823182675
0.779278171506679 0.2632631389519994 -0.5686985590647715 144.31044755387532 0.07407538254622346 0.8624229628946993 0.5007389247627537 -140.4954266354753 0.6222847974310781 -0.4323414770075482 0.6525660718617647 -234.00464039569454
0.7806431665003034 0.26375123443911025 -0.5665964462721464 143.61835298864983 0.0724440145497845 0.8622890057577448 0.5012080758579521 -140.56991357269547 0.6207641350402666 -0.43231118061087154 0.6540328216278937 -234.38544129750795
0.780424593959603 0.2672812080697383 -0.5652417261276542 143.27804460349793 0.06897332118938927 0.8617057449405958 0.5026986076174055 -140.88400257123965 0.621433933823294 -0.43130495585971895 0.6540610834958397 -234.4051955922563
0.7832003728969508 0.2680649488816896 -0.5610154713331305 141.88166921871405 0.06421238894832097 0.8625924114905567 0.5018078324861579 -140.3888270937203 0.6184447792645896 -0.429040225177038 0.6583696075764811 -235.5488895850252
0.783177169795742 0.2693929458850581 -0.5604114215628564 141.72227176035886 0.06803661116479533 0.858736318781586 0.5078808466034733 -142.4778508371737 0.6180651585811499 -0.43588917801755594 0.6542140966344562 -234.38771193914062
0.7863569063735822 0.27084327377511364 -0.5552357488935201 140.0306110013543 0.06761420902036219 0.8556384855603739 0.513138481081375 -144.1194257403861 0.6140611814283005 -0.4410518145056528 0.6545243787546429 -234.40090717830358
0.7844584877332534 0.2659910329778113 -0.5602442783274577 141.55422676507348 0.07335577792587471 0.8572186795314554 0.5097009567454605 -143.29226300480272 0.6158277444774203 -0.4409363965899673 0.6529404898565476 -233.99254886955626
0.785350591541722 0.260279533890147 -0.5616751842506443 141.84918235294725 0.07437888593663514 0.8610698696396603 0.5030173564854036 -141.22820291403477 0.6145667007672092 -0.4368217529343822 0.6568824297174048 -235.06639485946238
0.7853986938227623 0.2583092037552706 -0.5625168859659387 142.0684552790462 0.07474115126566765 0.8625411241437227 0.5004363790416977 -140.42999208418905 0.6144612697713189 -0.4350852381042147 0.6581323449997101 -235.411989784688
0.7880106448903422 0.2629576131394933 -0.5566799055395187 140.25729921081242 0.06624137611009456 0.8627360437607006 0.5012969168937461 -140.31873694800254 0.6120876600868114 -0.43190254975875636 0.6624265120610263 -236.5616059017335
0.7877025487588576 0.255883637326977 -0.5604000881755067 141.27854197125615 0.07652246917912876 0.8619732279391882 0.5011451546476585 -140.7340801575279 0.6112847179420804 -0.43763651408950377 0.6593976608588014 -235.70567680623006
0.7912963094372228 0.26223665473386276 -0.552342364467025 138.77768403512417 0.06735568856456148 0.8604733188611912 0.5050236417693738 -141.5451237256667 0.6077115778796919 -0.43682674419270606 0.6632262311375927 -236.70367615654825
0.7912417734417223 0.2549289985584941 -0.5558306051799968 139.71290384483882 0.07469617423019782 0.8618577249757065 0.5016191218993467 -140.80121059050452 0.6069241612558938 -0.4384204233309199 0.6628956138715709 -236.59721433947985
0.7945355122532014 0.25646123875801513 -0.5504007201877984 137.94017728098672 0.07095526831962919 0.8610078072253001 0.5036178171935242 -141.26337119059323 0.6030577664421811 -0.43919607114793824 0.6659040031581002 -237.36070084522805
0.7933183114885605 0.25907252225394206 -0.5509332853167614 138.20270289804688 0.07015089726012552 0.860012039269429 0.5054286734300275 -141.79878921413243 0.6047519394516554 -0.439614286078852 0.6640891289614992 -236.88832027141757
0.7964670935885525 0.2452996175613039 -0.5526918367905228 138.35423476616273 0.07411243177058344 0.8675290384358592 0.49183403189247105 -137.68804010891967 0.6001229176490884 -0.43269095795363194 0.6727785806768181 -239.21345549293835
0.7947684798962883 0.2518430879553138 -0.5521939173990196 138.39406883372496 0.07286625392729269 0.8636640680343409 0.49877338203334043 -139.82067767071678 0.602522673765848 -0.4366456648536722 0.6680621160959123 -237.9501065628436
0.7936499610458595 0.2480336466262119 -0.5555169209602971 139.3881767094514 0.07261944404083848 0.8679645484331862 0.4912880611315267 -137.4485696735679 0.6040249627946722 -0.43025208053474717 0.670847964531768 -238.75055722165837
0.7902856575025468 0.2544782631302853 -0.5573951857882885 140.22383641553267 0.07071414610267135 0.865722113572008 0.4955045222935762 -138.69246441270482 0.6086444685419702 -0.43100584180102286 0.6661725566597998 -237.53883238108995
0.7903439593224075 0.24331005809701106 -0.5622780820834206 141.51020522077312 0.08015296028583767 0.8688091352319061 0.48861660787881994 -136.946459637314 0.6073976695049115 -0.4312434372444602 0.667156030410867 -237.7889011550035
0.7883033357704252 0.250181340097798 -0.5621273413383218 141.67677140881895 0.07933319569140761 0.8646477709666807 0.49607507115731925 -139.26139276612582 0.6101508787788551 -0.43565299175974964 0.6617570369071798 -236.34087388950482
0.7867829201586838 0.24790548655378586 -0.5652570267436794 142.65700236295325 0.08252915042780735 0.8653207249397085 0.4943773683326147 -138.8705082204675 0.6116874821967819 -0.43561785170760403 0.660360137650217 -235.98098956789573
0.7874887550495684 0.2461392131840406 -0.5650459701684656 142.53006413364642 0.0819593845455154 0.8668290512991079 0.49182319496828236 -138.03919504953663 0.6108552364966691 -0.43361605546500487 0.6624447120232515 -236.54479640326053
0.7835259800234177 0.24535046956182713 -0.5708679231785 144.46494909034945 0.08885328035697762 0.8650575296375459 0.4937413948487514 -138.9567197558336 0.6149732784423622 -0.43758269790198195 0.6559948546282017 -234.827616829712
0.7832548137461512 0.24905225569891287 -0.5696357350752895 144.16741077639753 0.0845841629507733 0.8650447283161445 0.4945130305566932 -139.00640145890125 0.615919975420021 -0.4355118734819193 0.6564845709800572 -234.98105596184914
0.7830346102104564 0.25146356577292817 -0.5688786112180019 143.9893816582995 0.08275786337660018 0.8643730177446058 0.4959943772306527 -139.39091655168284 0.6164478366106075 -0.43545994222643175 0.6560234016056548 -234.86243651886517
0.7810589019319496 0.2541609399720014 -0.570393906266017 144.58635803640271 0.08432102118489962 0.8621313802917763 0.4996193035727628 -140.60541606348048 0.6187381975433495 -0.43832830128654193 0.6519442792080176 -233.7692319534708
0.7785486889418223 0.25052063380660117 -0.5754140691572536 146.1619899898007 0.08669953703704492 0.8651460818458112 0.49396907529156403 -138.93075866420267 0.6215666731932559 -0.43446710934658744 0.6518383247949514 -233.79067820957437
0.7797108825882244 0.2509942040000713 -0.5736312832576888 145.57590314399266 0.08501576697350881 0.8652174408780803 0.4941367213295241 -138.9072712122581 0.6203412439451356 -0.43405148261324517 0.6532809896988014 -234.17003470518048
0.7802317848877018 0.2521254607817429 -0.5724256404779094 145.2056922637695 0.08375435608206078 0.8648093533005219 0.49506564239625095 -139.14309426000338 0.6198577011607022 -0.43420909072649216 0.6536351396935776 -234.25989810973425
0.7810204942927197 0.25534564606283827 -0.5699171769051249 144.46388134911857 0.08242575555624797 0.8624575692480273 0.4993725423646817 -140.44167726509104 0.6190419875224437 -0.4369960437847646 0.6525499792358641 -233.94343387922837
0.7730233701397683 0.26082149041653047 -0.5782793609966158 147.46236394252134 0.08761312329720418 0.8589397607545366 0.504525943853285 -142.30342406947955 0.6282983446133402 -0.44067520639563884 0.6411291232070941 -230.92816457271024
0.7761003786614394 0.25999678471727744 -0.5745170791005677 146.1654911625994 0.08353412282397286 0.8606354391533613 0.5023232935046218 -141.42310743794542 0.6250521998726185 -0.4378450785494553 0.6462208868679667 -232.2894645099364
0.7754785166537569 0.2654735835277173 -0.5728497592366092 145.78240246076786 0.07950725145589758 0.8590234349502999 0.505724564533024 -142.31448693481752 0.6263478803144605 -0.43772424499351203 0.6450471441456371 -231.985635105098
0.7762994192807103 0.2740215674531258 -0.5676895209486995 144.32594500355685 0.06986151226107132 0.8576260866286877 0.5095064912624362 -143.07334515560098 0.6264811096346227 -0.43518924171502077 0.6466310719154138 -232.4291499425338
0.7700590772845936 0.2647022250642592 -0.5804668375864641 148.328801599309 0.08285984513804207 0.8606574712355375 0.5023972166226138 -141.41588695452901 0.6325687816793522 -0.43497292933294157 0.64082391278121 -230.9186020576093
0.7740709494952911 0.27726079900977557 -0.5691578115777023 144.92933866334508 0.06660267267401854 0.8583514705586234 0.5087207848933698 -142.67856529173025 0.6295857758400645 -0.4316934124147709 0.6459586275742081 -232.2963685050094
0.7746661632188245 0.2666257093541929 -0.5734135215315375 146.01054015558097 0.0805172187451642 0.8578007130315686 0.507636596600438 -142.96389456441366 0.6272234952944356 -0.43941855654251327 0.6430412266073811 -231.44233128513196
0.7822968703049357 0.27392299037582934 -0.5594441902948551 141.54699757751374 0.07437200934302764 0.8506218545817862 0.5204913685491078 -146.74765459876048 0.6184500068213948 -0.4487857571842114 0.6450666114528102 -231.8466878304981
0.7910542599348463 0.27303924916587835 -0.5474328509085529 137.48458182793644 0.06662627387119552 0.851092954441938 0.5207703164825485 -146.48681187501796 0.6081069786386051 -0.4484309883518607 0.6550691194193178 -234.4417163210143
0.7849397589013967 0.27466660194072556 -0.5553627937431103 140.19990525767926 0.07821019008595444 0.8452687561045483 0.5285866968815888 -149.48129808851655 0.614615929717524 -0.45834374407403533 0.6420033264755403 -230.9170036194757
0.7820788707374156 0.27829405910305755 -0.5575886087556244 141.06899299221817 0.07776726131188542 0.8441700456340842 0.5304047389703426 -150.03650989795895 0.6183080890738354 -0.4581804783293284 0.6385653891840443 -230.02594706607238
0.790365634993202 0.2693507506167058 -0.5502475226332327 138.30705925363185 0.07713132155237801 0.8472683970640296 0.525534987010507 -148.46716211582617 0.6077605797165332 -0.45780611232132684 0.6488764452989925 -232.70586827554152
0.8050236212118171 0.2611430888090478 -0.5326736866584293 132.1585018264891 0.0651954076452159 0.8535192496377779 0.5169665843357176 -145.22020701207768 0.5896494959829838 -0.45089818991102 0.6700778269887603 -238.2616190466903
0.8019829085476862 0.2568713094122185 -0.5392963422815382 134.23485882141492 0.06461801132690535 0.860215174635998 0.5058204878591965 -141.6735975990252 0.5938416683001873 -0.44050764321043506 0.6732793545502777 -239.2341461646462
0.8071318880087233 0.25038994915708457 -0.5346428609086504 132.47399479424706 0.0679533237989173 0.8601832894336578 0.5054374880870746 -141.70263062907 0.5864473217128316 -0.444285473474212 0.6772665331430764 -240.19658717908723
0.8110821230940493 0.2452247156674603 -0.5310467290390392 131.11166789296195 0.06473909726535126 0.8646651994784285 0.4981595548578757 -139.26125097949156 0.5813386610939589 -0.4384277952374173 0.6854388590390396 -242.36219757233755
0.8174068586018938 0.2382599220310041 -0.5244790148941741 128.70679295152712 0.06498636109005866 0.8665062713157177 0.4949178261517808 -138.2497536818682 0.572383438249969 -0.43863320818687646 0.692804523868625 -244.22319965670027
0.8181660304194727 0.2340668753487164 -0.525182867706222 128.8130226005579 0.06984993042899812 0.8661639394818881 0.49485454141624313 -138.44849832717134 0.5707235179022385 -0.4415571625573575 0.6923163570995479 -244.05457269714287
0.8155343255054464 0.23794209290354987 -0.5275294535351133 129.71342871090906 0.07679038179398964 0.8590083980197948 0.5061697436585866 -142.3322137506408 0.5735913189600329 -0.45330798863040617 0.6822791703236628 -241.32843054706657
0.8142808751251635 0.24488040928801702 -0.526289123536038 129.51444546743744 0.07200902136301134 0.8570411308712625 0.510191337477665 -143.38639330617758 0.5759872891373031 -0.4533366135024178 0.6802386034403077 -240.810739602902
0.8119911971825756 0.24677991973538327 -0.5289328567156755 130.4550563396877 0.07085627167594705 0.8578392137719469 0.5090100903511757 -142.9613769010227 0.5793528151844882 -0.4507899228360429 0.6790719851439039 -240.5556054629102
0.8107225586049043 0.2574749641753019 -0.5257714102079386 129.73816227743768 0.06374615934614725 0.8539286366813945 0.516471016247834 -144.99849657938873 0.5819496199309121 -0.4522306118324828 0.6758861691023755 -239.72263573764377
0.8069072071834044 0.2583307822632026 -0.5311929648731809 131.5740471482771 0.06812796870009138 0.8525889260485849 0.5181222858168907 -145.7173554400821 0.586736174848865 -0.4542657043125777 0.6703605977450642 -238.28183988495982
0.8096916463253101 0.2651960919153455 -0.5235174024842311 129.2342730694007 0.06666803041788368 0.8447306543213042 0.5310230648193177 -149.73153005012648 0.5830564394560864 -0.4648668137033754 0.6662912530763573 -237.0706763965256
0.8057083262629652 0.26906322277340855 -0.5276732655169468 130.74547697166508 0.06460970974635917 0.8456303688866845 0.5298441890056558 -149.26595064255812 0.588778123232362 -0.4609926912298686 0.6639473324260146 -236.53508529155306
0.8030345525286314 0.27121224509400915 -0.5306405803895966 131.8060509054899 0.06502217763286268 0.8452453040587175 0.5304078547519511 -149.46284270120964 0.5923745638200726 -0.46043924037570205 0.6611263737450089 -235.82109991340636
0.8002496651031503 0.2647864894298587 -0.5380414375470602 134.0699390519966 0.07119274400904055 0.8489377821423032 0.5236756966403641 -147.61108189172532 0.5954259540049954 -0.4573759471886543 0.6605112990937568 -235.71127686183308
0.7978502984815987 0.2736671075988418 -0.5371603256303537 134.0654471898849 0.06554601974489159 0.846365360629502 0.5285540612104832 -148.8998765958003 0.5992817538590891 -0.45691573681038483 0.6573350659645332 -234.90187376341322
0.7954247024421751 0.27764761291200857 -0.5387126746133236 134.71642426523596 0.06285769092642798 0.8462993289536425 0.5289861590854832 -148.9157810080091 0.6027839193576542 -0.4546308929855932 0.6557151040710799 -234.51908516566166
0.7946734264614855 0.2861929719990592 -0.5353388908479446 133.87351347212447 0.0548099007112615 0.8444580270531981 0.5328100180453084 -149.76504411158786 0.6045577061455618 -0.45275183414732384 0.6553821454817415 -234.46100171583973
0.7928340258371778 0.29135169961107105 -0.5352834712641085 134.02958587445534 0.055319741587375584 0.8402926918646244 0.5393031783603816 -151.8434501172907 0.6069216866001078 -0.45718965335257067 0.6500951370390621 -233.0306958434378
0.7954433188048153 0.2853442469709855 -0.5346480966854198 133.61391659626452 0.05991882342676533 0.8408639498381408 0.5379196524219511 -151.61138698812303 0.6030585885035823 -0.4599200784735993 0.6517621193724787 -233.42018425787253
0.7960568801961974 0.287079300768413 -0.5328028890336614 133.0553845046383 0.060006228013921956 0.8385674509875041 0.5414830401257836 -152.74380185775584 0.6022397330729998 -0.4630227912475139 0.6503208428872035 -233.0006048756065
0.7948465384438153 0.2810199141228207 -0.5378166864186038 134.528909530007 0.06536299837654908 0.8414938928361259 0.5362981509969336 -151.3424856761262 0.6032799174240027 -0.46142804009499144 0.6504902036518176 -233.06892296751337
0.7905573767084555 0.28846590362916635 -0.540191129671021 135.5742962113476 0.06005170521634873 0.8413371890753253 0.5371643388940104 -151.3782035714925 0.6094364830172657 -0.4570986290968711 0.6478024517129486 -232.4391874514186
0.7944652686799778 0.2891894412926978 -0.5340359575029269 133.5389477813834 0.052727768980373346 0.8431810604368672 0.5350378320258412 -150.3770733420743 0.6050162966727449 -0.45322749956878966 0.6546297536737998 -234.26016112372312
0.7935170304801658 0.28626499192616983 -0.5370131066700792 134.4360379145417 0.054037272952815046 0.8458181294533589 0.5307274865878384 -149.07146890198302 0.6061441210386873 -0.4501600229757538 0.6557021109045679 -234.58133841573513
0.7928569308333834 0.2884159560313284 -0.5368371480588899 134.44981493007484 0.05423192901073613 0.8440281515509995 0.5335497889280604 -149.973315652757 0.606989938224055 -0.4521423622001572 0.6535522161226446 -233.99790528832685
0.7930900013064865 0.2874454318832841 -0.5370133829962803 134.47596888069054 0.054774333992266125 0.8444154226118303 0.5328811935046947 -149.78597648186854 0.6066366475604495 -0.4520372968513953 0.6539527965319076 -234.10288310249874
0.7975397453382727 0.2829396508836826 -0.5327996889672356 132.91529301528269 0.05755681603497076 0.8434742334204828 0.5340771765238105 -150.28906382361228 0.6005144190889006 -0.4566140290371603 0.6564191198866556 -234.6710744436109
0.7961714633074564 0.2807573551866449 -0.535990959367286 133.9093753665578 0.0625886889304759 0.8428656657334106 0.5344718192250538 -150.63966287253143 0.6018252711816177 -0.4590781818343958 0.6534933556898629 -233.87983620951672
0.7978889291945694 0.27828757594935 -0.5347235563737381 133.40337841280942 0.06427275017676448 0.8427285627425598 0.5344881505913622 -150.72048425748406 0.5993682259291518 -0.46083033169496807 0.6545174826820496 -234.11682263908997
0.7974653593613377 0.2825778610848474 -0.5331029478847451 133.00455309401826 0.06240153934339171 0.8401855264685724 0.5386968804441908 -151.96891544490043 0.6001291931794916 -0.4628585459267663 0.6523855592793972 -233.53601717102256
0.7966855373649915 0.2714056803340128 -0.5400288059315785 134.9507262802944 0.07122226582661842 0.8451209023523587 0.5298094461763189 -149.5526148683167 0.6001829249520327 -0.4605535984981193 0.6539654727173719 -233.9789596779166
0.7967248332959973 0.2857677396079582 -0.532509473163458 132.91313508818467 0.057178473110239464 0.8415421314368781 0.5371568329914997 -151.24703668744544 0.6016312510352558 -0.4584142668111831 0.6541377513656573 -234.0561561507755
0.8013752443859762 0.2738205415928385 -0.5318082630865391 132.28154962433103 0.059623105364888296 0.8480768466192546 0.5265080697719539 -147.98672376536018 0.5951829995824514 -0.4536385931886151 0.6633017592151327 -236.4854742295692
0.8007494939021634 0.2768777263220552 -0.5311675561272149 132.16833530077642 0.05787733458875116 0.8468454529263448 0.5286804261544732 -148.59566391860636 0.5961966639929568 -0.4540831460478386 0.6620861230376048 -236.1667366795804
0.8001786007049694 0.2643903984382229 -0.5383418283837091 134.15753432471445 0.07247227237523139 0.8483924280172499 0.524383502619758 -147.89259873913954 0.5953670940777693 -0.4586153129766528 0.6597044929305236 -235.48547759486274
0.7987829688150241 0.27044246663264343 -0.5374073324515658 134.04212234424244 0.07033805245653636 0.8451612872528085 0.5298631492242099 -149.52974986090695 0.5974933699277991 -0.461045844543498 0.6560780457548439 -234.51537976094525
0.7983342784304244 0.2598127389717866 -0.5432860393484743 135.6641172479966 0.07962213703822317 0.848688732142827 0.5228649454947877 -147.7354277525134 0.5969277135268894 -0.4606786044541022 0.6568504610805878 -234.7198291201929
0.8013790030679414 0.25844772097435276 -0.5394408855148037 134.33363331563902 0.07489580381890294 0.8513862059754997 0.5191648551712303 -146.3519643361054 0.593449502495497 -0.4564496727984448 0.6629263791629052 -236.34612166193602
0.8042572370723684 0.2581240188208107 -0.5352964482644303 132.9378280144384 0.07186228020216498 0.8518945059795158 0.5187596392994179 -146.0870084868997 0.5899204262448162 -0.45568381756401055 0.6665929410888056 -237.29736746453335
0.8036438202462688 0.2629570422303036 -0.5338634695514137 132.61429373499374 0.06967830832781968 0.8493358457939775 0.5232337473806541 -147.40307485471868 0.5910173800562519 -0.45769227106312294 0.6642411019204733 -236.66372319505922
0.8024969270528035 0.2637148743775607 -0.5352131791191568 133.0897379887749 0.06859842536290815 0.850292984370137 0.5218199850222828 -146.90742328623298 0.5926997031453085 -0.45547371577617213 0.6642670819245147 -236.70505626206852
0.806607737993034 0.2598257642577535 -0.5309185711930177 131.5302431542596 0.067257682035858 0.852028935282169 0.5191561399512645 -146.00495318994962 0.5872481257670598 -0.4544637121595164 0.6697778535553917 -238.1308665384847
0.8079396115753303 0.2630997455048604 -0.5272685349637147 130.41741175801818 0.06469172012126291 0.8497783441505143 0.523155566882894 -147.15398605308718 0.5857034790704734 -0.45678801399345814 0.669549210197918 -238.03566101421274
0.8075322763592633 0.2687673738758145 -0.5250292576399193 129.85389905918265 0.06180970969270619 0.8466843335029801 0.5284933293697449 -148.71279650777225 0.5865758113200116 -0.4592273273015365 0.667112493837252 -237.3740967730705
0.8086178178942862 0.26358655683707954 -0.5259841743233878 130.00473459800173 0.06427689330122537 0.8490913195960865 0.524320905528398 -147.50385336336765 0.5848125388288336 -0.4577838551558469 0.6696478450553132 -238.04492431796808
0.8114349310140413 0.2559171335599525 -0.5254329390899429 129.57576976045004 0.06628683196360896 0.8529319056088406 0.517796504722367 -145.53153831966253 0.5806715152635494 -0.45498745603030577 0.6751348059584873 -239.48841072288437
0.8115620175891342 0.2609540339201728 -0.522752411555837 128.84298567636026 0.0575171241434069 0.8546870990318981 0.5159474228821288 -144.55366381811208 0.581428303436396 -0.44879054683585706 0.6786222609330219 -240.47401345482209
0.8118049840802536 0.26334754935335014 -0.5211724628873287 128.3933921229887 0.054366122816507906 0.8545637695060179 0.516493067269606 -144.5850883170486 0.5813922879711766 -0.4476257723782783 0.6794219420878238 -240.6955165348598
0.8149420832192336 0.2576663400727486 -0.5191121826655684 127.52581908806339 0.057204299278063156 0.8555898150750023 0.5144839516292312 -144.077240965283 0.5767122932124834 -0.44897007197967886 0.6825165238469765 -241.46006763565757
0.8157412401456037 0.2576622004079316 -0.5178575282900264 127.10810098359222 0.060243061586891966 0.8525854971591158 0.5191037888174014 -145.6733376077185 0.575271242681529 -0.45465169142420025 0.6799667909749441 -240.72157539525037
0.8132424820477213 0.2546649919587413 -0.523242207073852 128.80603887782866 0.07015907633840923 0.8496905963182202 0.5225931443634987 -147.22216162927162 0.5776801618544667 -0.4617051357728669 0.6731374289108841 -238.86967079462212
0.81414591012486 0.25820447690189063 -0.520093150440173 127.8695151806792 0.06444111558916557 0.8499819726927449 0.5228556098187851 -147.04787367568088 0.5770734612236011 -0.4591961391444519 0.6753703622059839 -239.47943788245124
0.8164200436490036 0.253897460086336 -0.5186466929325458 127.25156600487831 0.06598315543301235 0.8512544864768035 0.5205881505107629 -146.40029538726344 0.5736763334209126 -0.45924054591773705 0.6782282694328782 -240.2042681523865
0.8126241382612415 0.266723893573222 -0.5181702177010131 127.50240590180739 0.061793494173368824 0.8446764806846785 0.531698417390904 -149.7261813050696 0.5795028679765274 -0.46409051657546996 0.6699226958625099 -238.0111949042938
0.814398604366636 0.25875636051391326 -0.5194228134181914 127.66389987007206 0.06591847077536854 0.8480412700961162 0.5258143773466099 -148.04996807489957 0.5765497969961592 -0.4624620526133576 0.6735868032231094 -238.97126025071532
0.8113304243601405 0.2557026447812729 -0.5256986779129815 129.65755513986863 0.07142292430638285 0.8491686717973443 0.5232698469446323 -147.49309648791672 0.5802083318870208 -0.46209168385699867 0.6706933481995213 -238.2411478681661
0.8107383881292676 0.25975395806197377 -0.524624768081622 129.42858092640108 0.07063555148171326 0.8462151329695422 0.5281387768382608 -148.99757892807685 0.5811315555710527 -0.4652395404568258 0.6677112288370551 -237.42813233026212
0.805481829692201 0.25493030868743244 -0.5349855696635515 132.73215407666171 0.08310677599925209 0.8452333263332853 0.52789571682159 -149.48444460371636 0.5867642506311324 -0.46967133377299125 0.6596336501522532 -235.28864632601199
0.8069206128295474 0.2497762268325382 -0.5352485040615136 132.6569313556797 0.0860196126988843 0.8468320867830557 0.5248581170428722 -148.65572317755954 0.5843626877393198 -0.4695607024698253 0.6618406121371841 -235.8554362740762
0.8018855120711407 0.25799136603974615 -0.5389063745952075 134.14027177043775 0.08558440279171309 0.8430689764968722 0.5309519854631887 -150.5638912549865 0.591316273688785 -0.471884684978716 0.6539647609415569 -233.79713406993397
0.7978476050656398 0.25201304690787873 -0.5476573958956733 136.87877763722412 0.0924636104548622 0.8465305190446699 0.5242485680167503 -148.75592268008518 0.5957261785692102 -0.4689088445680772 0.6521003110359297 -233.3668374104884
0.7995590480362618 0.24824171789003965 -0.546883331435827 136.50014456516277 0.0904329648337763 0.8504366456333877 0.5182464574265845 -146.76574546738283 0.5937400168210996 -0.46382492522807955 0.657525080253557 -234.84406535669285
0.7967654774166877 0.255405106787981 -0.5476613966892113 136.98818474591573 0.0868456778019695 0.8484857687436601 0.5220437993948368 -147.80323163838503 0.5980155535135138 -0.46350850225869655 0.6538633390012211 -233.90738366047086
0.7922671232025462 0.25926145914169635 -0.5523552310751477 138.68579313004489 0.0865452911847965 0.8483427084210344 0.522326106606402 -147.87886038663714 0.6040055612873941 -0.4616255461654848 0.6496761786161761 -232.85689122063062
0.7893190904294138 0.26314947680484957 -0.5547321212450355 139.6094610372486 0.0864085030609106 0.8468950322365265 0.524692648101596 -148.6210502341431 0.6078724735357371 -0.4620834959511393 0.6457320641621553 -231.83018209845986
0.7890061492634444 0.2624231093236337 -0.5555208439990237 139.85067927086433 0.08478154051912373 0.8490340725370962 0.521491355688929 -147.53486808047379 0.6085075076050218 -0.4585577993710161 0.6476444686896781 -232.3779496440202
0.7874411116403176 0.26544178038037014 -0.5563067112008987 140.2129814620721 0.08241975042942634 0.849076681901792 0.5218005107220518 -147.5255321997182 0.6108547130356053 -0.456737834516851 0.6467202409721268 -232.16548159243914
0.785268542308021 0.26641222685576266 -0.5589077221180518 141.1187393737825 0.08157053799446802 0.8503106820343075 0.5199211395487242 -146.8928799210254 0.6137585549650031 -0.45386811895098395 0.645990841117091 -232.01782048135263
0.7794923940190654 0.26748317973667035 -0.5664312458051605 143.6853053617673 0.08493909721218529 0.8507628727204374 0.518640418946738 -146.6407271421031 0.6206262622796469 -0.4523884204513076 0.6404434085931138 -230.5977648159284
0.7752671166157035 0.269472480506803 -0.571266557872841 145.38058238134016 0.08945131325458013 0.8484711635596252 0.5216274026206895 -147.78997195860043 0.6252674311455894 -0.45550111619762984 0.6336871252371387 -228.79450731380578
0.7740248911716119 0.2702820798902329 -0.5725670835255761 145.84609785660433 0.09085032126636818 0.8475390121350351 0.5228994569082726 -148.25583868177998 0.626603293138946 -0.4567550987119667 0.6314610778409462 -228.1960729745472
0.7712244641218227 0.27558546820010765 -0.5738165871225186 146.4448098141518 0.08787119218976355 0.8467099348065183 0.524748453912054 -148.70513917126922 0.6304692534320425 -0.4551207927757959 0.628787392096863 -227.51931499391029
0.7710408868206067 0.27600855847883143 -0.5738599363061774 146.47364506611746 0.08216214924490228 0.8505288020919951 0.5194710175201447 -146.77738422582726 0.6314628509123486 -0.44768295975879346 0.633115025456872 -228.74925227247405
0.7656948508978276 0.27771239372885925 -0.5801613755481665 148.65997081065802 0.08732186071213065 0.8487532185774 0.5215293535327379 -147.6621969536159 0.6372489999602391 -0.4499931114182653 0.6256356061844498 -226.76078718173363
0.7634163534675638 0.2836050111408268 -0.5803134230001052 148.91168514744595 0.09307105250889067 0.8407712321460522 0.5333305863913079 -151.65720731168804 0.6391660585819423 -0.46116367251922663 0.6154630912616973 -223.94146494712965
0.7586786079341364 0.2905016263135689 -0.5831085447601436 150.09509060475344 0.09519752336874643 0.8360278176680689 0.5403655426002134 -153.98177512760077 0.6444720330686025 -0.4654742669518237 0.6066213855429797 -221.55241082515255
0.7556287104795806 0.2805325613955014 -0.5918840544362092 152.72619995119308 0.09782030228572744 0.8451731304630064 0.5254650968466803 -149.38493245332063 0.6476545687013218 -0.45495479065533695 0.6111953027470545 -222.8974028445098
0.746494825610582 0.2904830244955174 -0.5986360228190111 155.36344666260788 0.09763828254096009 0.8421161753625062 0.5303839297860339 -150.93289368954004 0.6581886060386328 -0.45437865230747965 0.6002731038520384 -220.01337815385935
0.7487352972961001 0.28901321622433845 -0.5965457362437389 154.60156894523595 0.09338499265803461 0.8449791189695358 0.5265828820344673 -149.5362509066595 0.6562581029817304 -0.4499796099304175 0.6056761947754673 -221.49874600387912
0.742662111803726 0.2876516020195168 -0.604739235990882 157.34172581980047 0.09871038488816347 0.8461589823408165 0.5237091144129388 -148.87017404395883 0.6623513022607118 -0.44863295962240607 0.6000160163978792 -220.01295097485695
0.7446878739269803 0.2941078261141522 -0.599116480364646 155.65400013571983 0.09810565930545768 0.8396812796421855 0.5341447633654225 -152.14460504731986 0.660163048070971 -0.45654784550676536 0.5964468247252016 -218.9710160792058
0.7469207586584727 0.29721093187226816 -0.5947899143905095 154.29240157856606 0.09649445379240328 0.8366158744710348 0.5392241639340466 -153.6794329614853 0.6578740006052508 -0.46015164952294124 0.5962065571334811 -218.86286252532722
0.74817499554455 0.29184905691008095 -0.5958676900307724 154.47010807860605 0.09878413039896912 0.8390597964624278 0.5349956574980292 -152.4449753710896 0.6561066008075456 -0.459132645257474 0.5989335041852664 -219.5995985997734
0.7405760164355784 0.290027901145782 -0.6061608536002493 157.90914052917927 0.1064882601147699 0.8400097322434796 0.532018702861062 -151.8551986233845 0.6634812840903196 -0.4585493062836432 0.59120649469424 -217.55269257639617
0.7394280182639199 0.2946180652591004 -0.6053481654628821 157.7937938040865 0.09916328896681634 0.841693105633083 0.5307724164376099 -151.12548418489303 0.6658925198014887 -0.45249631109294175 0.5931561687445421 -218.14373588069225
0.7323557315840705 0.3033066068968955 -0.6096393890068562 159.56766701906258 0.09798907961593545 0.8390505090695198 0.5351564103196387 -152.45956307548576 0.6738347146682061 -0.4516628670179471 0.5847627141543358 -215.91373132610127
0.7341865027653669 0.3078997250136075 -0.6051181194557843 158.19100027771375 0.08724635038478028 0.8410845196747464 0.5338210422117486 -151.5474422368282 0.673318834952429 -0.4447185515582257 0.5906497747381758 -217.56258793328684
0.7295962230652262 0.3100680581302616 -0.6095466763228929 159.78129039177068 0.09117571970197856 0.8392496924242894 0.5360475183251595 -152.43102573218147 0.6777730736948637 -0.44667410165921273 0.5840427274447927 -215.77588124979783
0.7268396251542835 0.3206916339069231 -0.6073393081694025 159.41906161490277 0.08569691852155731 0.8350360151272906 0.5434803506993096 -154.53610749826868 0.6814397973860127 -0.44707016158813706 0.5794549794039799 -214.54295432380832
0.729423176431253 0.316474366326428 -0.6064534649445307 158.96030115981355 0.08451845174082447 0.8380593390064561 0.5389927417130919 -153.06105701636622 0.6788213763577832 -0.44441030564372347 0.5845519816383974 -215.9362447119005
0.7356565829370505 0.3165065029924995 -0.5988597711859108 156.37224659658176 0.08085247739615481 0.8367627970234071 0.5415633835632434 -153.70903222625032 0.6725119098427083 -0.4468239643092381 0.5899797251081513 -217.3609624985202
0.7341697594245015 0.3216366584608451 -0.5979503526888426 156.25186946991522 0.08048408070621671 0.8332421743866283 0.5470190047670364 -155.42100092470304 0.6741788168575491 -0.44973029557456484 0.5858545759341388 -216.22720961712116
0.7336619993720129 0.3192828612243152 -0.5998320808408595 156.80579676459044 0.07648668431918476 0.8383236946455055 0.5397806685291415 -152.9467676852261 0.6751961624589686 -0.4418957315072462 0.590625350519564 -217.5862495513442
0.7362409792490544 0.3146654736669571 -0.5991117259379449 156.3905302224905 0.07735319963389291 0.8403831504328175 0.5364444453762306 -151.92948931153774 0.6722839452052926 -0.4412955927159958 0.5943841324166094 -218.59548387922624
0.7416056938833153 0.311991305260403 -0.5938707100386046 154.50948542063506 0.07470611507653027 0.8413534822030665 0.5352974073867223 -151.44670036855587 0.6666633267024807 -0.4413453788436946 0.6006448746166883 -220.26183637100388
0.7413910049091061 0.32003389869226107 -0.5898454725838773 153.4353762667065 0.06955122813690634 0.8375804245559468 0.5418686732644064 -153.29507851678648 0.6674593654332179 -0.44276103722946486 0.5987158419542401 -219.73341790759832
0.7403396152647606 0.32320733767785687 -0.5894355528306874 153.413222415471 0.0751576079027837 0.8315382340497378 0.5503594273634047 -156.23884932572128 0.6680184039709967 -0.45175345287516633 0.5913292059178263 -217.66577087654633
0.7502037991471864 0.3108217965099375 -0.5835958109509211 150.97866956780803 0.06394116884440976 0.8443823886435415 0.5319115609529821 -149.89004436380083 0.6581077318129144 -0.4363578721221404 0.6135845669221962 -223.74761814506755
0.7293459891307192 0.33147966024789094 -0.5984777882101184 156.8001246682794 0.084052729634231 0.8247392975520472 0.5592318210853083 -159.45598030452012 0.6789621247020834 -0.45817717742735536 0.5736585284860098 -212.86642761408302
0.7382787706907668 0.32905300750570887 -0.588785678323427 153.40992466855872 0.06665714348844903 0.8330602860509355 0.5491515137252138 -155.4725271547654 0.6711939227744025 -0.4446736759199731 0.5930969903603694 -218.21616785560144
0.7529607292387422 0.32607184949986134 -0.5716006378477909 147.47296121602835 0.04856069459998791 0.838707723631584 0.5424124014628477 -152.52614702144498 0.6562712847323342 -0.4361725613612881 0.6156797037025868 -224.30362023575253
0.7504080320697775 0.31931931595752977 -0.5787252887697057 149.63658079871894 0.06197014670432027 0.8377178112910443 0.5425758652605066 -153.17809020710965 0.6580634363969852 -0.4430169783452522 0.6088419093453024 -222.41850579004227
0.7481608925945334 0.3364550509914779 -0.5718857206247354 147.95594408077335 0.051311958098801125 0.8299806619606273 0.5554270282651591 -156.77420042689383 0.6615303180869474 -0.4448933573719897 0.60369490541006 -221.03284856655443
0.7429568993074374 0.3278166359710636 -0.5835677329600168 151.59171181292072 0.07094238448526885 0.8283792645636671 0.5556572433834571 -157.7285532745823 0.6655690977314246 -0.45422906910673755 0.5921939960210708 -217.86761574413612
0.7460041302170214 0.3246504585655816 -0.5814464011861308 150.75468784337542 0.07426812357194587 0.827113826685347 0.5571058817918044 -158.33824815356056 0.6617870378907761 -0.45878622195863655 0.592919150492437 -218.0061327228342
0.7457903393689351 0.3250584885017924 -0.5814926902007441 150.7854730040397 0.07652451807148973 0.8252954778010458 0.5594920664809018 -159.19737447843895 0.6617709330560649 -0.46176222601472455 0.5906224502912428 -217.35822133415297
0.7565528895516435 0.3230179493019523 -0.5685834413169453 146.34086398467045 0.061570719888903724 0.8304344127405919 0.5537036505104064 -156.68715164053125 0.6510274738929387 -0.45391418854773585 0.6083791068664584 -222.1669466498006
0.7492007828298396 0.31486839559448393 -0.5827144072896353 150.82626383670484 0.08328883546100158 0.8280072812859302 0.5544969900955572 -157.91915354945263 0.6570853497793918 -0.4639631834458828 0.5941186813356876 -218.26050833157655
0.7568341022948301 0.3024841458428605 -0.5794009692063812 149.25978126661764 0.09394205781647509 0.8269208578814643 0.5544157145804844 -158.378067222686 0.6468207103802296 -0.47403083899077525 0.5974259220262517 -219.00364388615537
0.757389178494663 0.31839935042915424 -0.5700732285816205 146.67588007556895 0.07214269111696656 0.826905686667632 0.557693838476932 -158.42878913665444 0.6489661504405154 -0.46351789501919444 0.6033192327279097 -220.7061165491037
0.7536985561942714 0.3260990282898365 -0.5706118734648757 147.13961236583089 0.07254193170330814 0.8216375426130174 0.5653754652561384 -160.88487142978585 0.6532045273384313 -0.4675159594252016 0.5956111761437237 -218.61080927326313
0.7556145844598401 0.31892988645612513 -0.5721278941606207 147.38968463269745 0.08016407795837104 0.8218629251739755 0.5640168905534307 -160.7983734748425 0.6500925475320167 -0.4720434934935123 0.5954448924071589 -218.5059797615218
0.7480822383898436 0.3589503550767991 -0.5581465821770127 144.17205794141736 0.038710656062154625 0.8160445544533761 0.5766912260943704 -162.9642563307196 0.6624759993485639 -0.4530186836513815 0.5965732331825581 -219.0474042521021
0.7584557895004249 0.34014477426070644 -0.5559193717765375 142.70204710277474 0.050771173087442945 0.8195674314000266 0.5707289316056157 -161.60706473528506 0.6497438751974597 -0.4610973410588004 0.604336114022563 -221.00674967148623
0.7654139200038834 0.3592402783615905 -0.5339362822163107 136.03491215060976 0.02113031410576449 0.8152116925931412 0.5787775100029523 -162.84984345837572 0.6431912941653366 -0.4542866040971413 0.6163835173394943 -224.27468942252324
0.7593955275764409 0.336266615257293 -0.5569947900656724 142.91944714560685 0.057483191510407206 0.8180628299871677 0.5722489745619156 -162.3903921773773 0.6480849600096246 -0.4665811501301674 0.6019035761253901 -220.29094732651532
0.7662509688703112 0.32619593837769423 -0.5535843770295592 141.3988951165976 0.04770035194151101 0.8302989362958006 0.5552732235672077 -156.56416997093373 0.6407683896151288 -0.4518848151597458 0.6206577033261386 -225.43007386459962
0.7685394807063102 0.3276313575186449 -0.5495495975489065 140.0938981945196 0.03817221507527643 0.8339258858488648 0.5505547192672432 -154.64401309806323 0.6386626250156823 -0.4441005634782239 0.6283985526132297 -227.56019381383734
0.768847369763016 0.3301811747919071 -0.5475893660595759 139.52825444825672 0.03247519960360054 0.8350997948929715 0.5491390479472601 -153.94270691976436 0.6386071432572598 -0.43998718661201147 0.6313415812363767 -228.38175756474448
0.774047683165456 0.30582120139167035 -0.5543677272041956 140.93151793265264 0.04973318623375783 0.8435270344928584 0.5347791621470703 -150.16137029574674 0.6311709707941489 -0.44151504488413484 0.6377206839735812 -230.03169943079854
0.7657081036667075 0.31125844605225694 -0.5628581346487487 143.9833941378031 0.0591238143532872 0.8373392563724591 0.5434770872023358 -153.335857247043 0.6404650455375787 -0.44942312968821646 0.6227546675423603 -226.012440652339
0.7622909600817189 0.30271793722758855 -0.5720789654045714 146.79210119322406 0.07174200093301344 0.8389161492695585 0.539511612291027 -152.64727421606926 0.6432461251183862 -0.4523069145783752 0.6177806063197289 -224.667788209047
0.7674507850499683 0.30282512589149013 -0.5650807337496037 144.43386119969324 0.0650435317845017 0.8400872397650302 0.5385376203729607 -152.03715027943474 0.6377998365468479 -0.4500559662006224 0.6250287959670645 -226.60162029269432
0.7674973313136959 0.30053713500940293 -0.5662378271598383 144.74371700481024 0.06309451047545986 0.8435913777249384 0.5332660407113904 -150.2806635239928 0.6379395968069523 -0.44500676164355085 0.6284918877100188 -227.57353529690556
0.7676951793124762 0.3078253647483204 -0.5620388389408233 143.58504318902317 0.05389451245663823 0.8429461030821066 0.5352917417873659 -150.50953142585158 0.6385448247284182 -0.44123169890235026 0.6305355618014733 -228.15556339614
0.7634792128565409 0.3068602299858174 -0.5682748373709751 145.65413906647964 0.06029997225490974 0.8421969592177563 0.5357874534089263 -150.95335690846693 0.6430112012103787 -0.4433295401136907 0.6244962081394647 -226.5451548654117
0.7680608580000695 0.3012460512217747 -0.5650958635766898 144.3834848124813 0.06054991233305568 0.8443258734882924 0.5323979033342368 -149.89168608295296 0.6375078246772006 -0.44313049543167293 0.6302532328309184 -228.05842486480114
