1.0 0.0 0.0 0.0 0.0 1.0 0.0 0.0 0.0 0.0 1.0 0.0
0.9999972440882554 -0.0023410824398435617 -0.00017649051943779276 -0.007743472831285467 0.002341070693607145 0.9999972574636811 -6.673172563722435e-05 0.02884555646675796 0.0001766462598771952 6.631836494773446e-05 0.9999999821989861 -0.9995538867417975
0.99999920990131 -0.0012464649381681817 0.00016285549960188747 -0.016002502485730985 0.0012464926864263325 0.9999992086103638 -0.00017039550653048506 0.037584622323999284 -0.00016264297869522123 0.00017059837009041661 0.9999999722217284 -1.998911654304882
0.9999997328580891 0.00022277325466584478 0.0006961722686196869 -0.019355491433799624 -0.00022226688241881287 0.9999997107730894 -0.0007273590383245161 0.05926939599333392 -0.0006963341034082107 0.00072720410797666 0.9999994931463725 -3.0034287448509005
0.999995414044031 0.0028898360321813585 0.0009059462534658167 -0.0031093988064996303 -0.002888268500377863 0.9999943379660442 -0.0017268297318294898 0.12677405677846165 -0.0009109313787478505 0.0017242051966374532 0.999998098658424 -3.987644456546434
0.9999842910889033 0.005555553797518418 0.0007439068667509115 -0.005344551067585357 -0.005552585014045518 0.9999768416100926 -0.003935103958689719 0.10608673419604298 -0.0007657513208069649 0.00393091153637131 0.9999919807475498 -5.018340037564677
0.9999443837954088 0.01041476944067398 0.001661894556742188 -0.005242366673572363 -0.010407248606491792 0.9999358445138143 -0.00447169239636171 0.16759177568424288 -0.001708359582406633 0.004454147947992733 0.9999886209720562 -6.033947130840744
0.9999795875240893 0.006213554155135751 0.00148871753982975 0.02444146228971178 -0.006206268110021678 0.9999689803382459 -0.00484980385534168 0.2909936072683532 -0.0015188058792121686 0.004840465478645036 0.9999871314785262 -7.094143170686436
0.9999870260555994 0.005046058188448626 0.0006964317889641507 -0.005204182303863547 -0.0050396475758531616 0.9999475285514474 -0.008918637573280722 0.3596666476317374 -0.0007413992103358243 0.008915012092595716 0.9999599856427255 -8.323474815905548
0.9999894366186508 0.003375266885545643 0.0031199718852465666 -0.054369551582082565 -0.003346214186464461 0.9999514279617276 -0.009270629316289348 0.37339796575533235 -0.003151111189992188 0.009260091292912751 0.999952159459399 -9.532227878278619
0.9999555356627541 0.007143632274898733 0.006155908977199787 -0.09011113255142078 -0.007092046569520111 0.9999398935974462 -0.008361343658991927 0.37341862508907653 -0.006215269332080613 0.008317313884243616 0.9999460949055607 -10.732573143696662
0.9999344961360787 0.006640011438527132 0.009322750945007289 -0.1793866135561677 -0.006560563368983352 0.9999421244100577 -0.008526830512113118 0.3983647329677389 -0.009378829637431276 0.008465109473419604 0.9999201865530244 -12.034461860470344
0.9999215407511044 0.006033901378716117 0.010977448523646766 -0.21567879930110778 -0.005940062637063868 0.9999457115502193 -0.008560935006957813 0.41977306465680186 -0.01102850841252545 0.008495056590601716 0.9999030983128901 -13.229739325594203
0.9999114873892878 0.0044528027812567265 0.0125375410002646 -0.25599053112991166 -0.004348568044150222 0.9999558592708658 -0.00832883340148538 0.4432257943206368 -0.012574074236598058 0.008273575844550855 0.9998867138830464 -14.461228763714551
0.9998909385155039 0.004658347990048051 0.01401466619611018 -0.31705982075648376 -0.0045464510603405815 0.9999576194419371 -0.008005566986174054 0.4404518897563712 -0.01405136496361496 0.007940976893166685 0.9998697415306863 -15.69873761415964
0.9998675537408962 0.004912976417439671 0.015515722313757939 -0.3817919008992594 -0.004781416102227241 0.9999524011927932 -0.008504904986219837 0.46908119920248215 -0.015556768181512713 0.00842959141886169 0.9998434522225256 -16.955090551661165
0.9998383421943938 0.0054075110110610135 0.01714783667496823 -0.44858498989836915 -0.005261710154486421 0.9999497214847679 -0.008536328765064804 0.4853613800876593 -0.017193134798991896 0.008444721854528556 0.9998165245626737 -18.193872307731333
0.9998218636215681 0.004884928399129899 0.0182312506106907 -0.4820902911146107 -0.004734627822577231 0.9999545263582312 -0.008278195157583768 0.5019004787066956 -0.018270859959950255 0.00819040232349669 0.9997995263982191 -19.428523357312123
0.9998000420066314 0.004954622671137709 0.0193733765184237 -0.5407406063498748 -0.004814413266074795 0.9999619313429453 -0.00727717594883212 0.48709966089336465 -0.019408694660934967 0.00718244937841304 0.9997858345628253 -20.67885494443368
0.9997640039541016 0.004162149495275615 0.021321653529738614 -0.628746303728914 -0.004001934259032002 0.999963480006735 -0.007551369081604684 0.5175289227233044 -0.02135230479010695 0.007464259132640435 0.9997441492280669 -21.954458806835028
0.9997289399244865 0.00448571574395965 0.022845678622592302 -0.6738031859156075 -0.004324323652832621 0.9999653808771367 -0.0071089571801046395 0.5200009179027036 -0.0228767764863831 0.00700823811720189 0.9997137278721767 -23.22026731064694
0.999679360302161 0.004475309710860083 0.02492284471833381 -0.7538040428491434 -0.00431095389525217 0.9999686332265059 -0.006644414167314165 0.5333606308862677 -0.024951798780354653 0.006534842469843973 0.99966729643993 -24.491514762375537
0.9996491364543186 0.004042707097565505 0.026177480884501097 -0.8030813824099943 -0.003855656848015914 0.9999667039659793 -0.0071920003952950385 0.5561133091674977 -0.026205684429250743 0.007088545601099672 0.9996314393939677 -25.7187817562031
0.9996021739253378 0.005462576175981618 0.027670456180920493 -0.8631666628459951 -0.0052196721339664055 0.9999472759307789 -0.00884309795425733 0.6120414263111997 -0.02771730337808023 0.008695149230248646 0.9995779836877717 -26.958929408457287
0.9995553079605505 0.00598988002442387 0.029211430385758682 -0.9220478908660942 -0.005724966097314309 0.9999418037361169 -0.009144063874764862 0.6467279641218622 -0.02926450223519306 0.008972763133739011 0.9995314294361495 -28.213526320842142
0.9995030502667317 0.006851170997735489 0.030768717286538023 -0.9843502782868567 -0.00659275209337079 0.9999422059981536 -0.008492366182714886 0.6588135009261538 -0.030825121692127526 0.008285295378304414 0.9994904530575366 -29.462421073474445
0.999435762066629 0.007261027389093764 0.032793825387583964 -1.0692148519901399 -0.007020655764015464 0.9999476845095339 -0.007438994331558249 0.6434571247620675 -0.03284612450411331 0.007204562809538793 0.999434453268339 -30.67870226511559
0.9994066924307377 0.00686456158205773 0.03375116174206454 -1.0986351674230155 -0.006617678358626384 0.9999505657028228 -0.007421083731261894 0.6629027389344562 -0.03380043576338376 0.007193326413473048 0.9994027149239263 -31.935239306686462
0.9993799675056849 0.007504506408827662 0.03440004261474174 -1.1208003766770704 -0.0072265089703890915 0.9999402790176968 -0.008198534388017735 0.7204722871082994 -0.0344595141642634 0.007944858813754207 0.9993745149352131 -33.17456610297426
0.9993301847506674 0.007856004203504862 0.03574164299737186 -1.1689609069463618 -0.007541321569031735 0.9999316833646404 -0.008930681527681958 0.77879079080089 -0.035809360720201695 0.008655160397759072 0.9993211585287782 -34.41686678865723
0.9992977540414483 0.008739876984313251 0.03643642844758765 -1.1877655608004076 -0.00841215610070154 0.9999228638088586 -0.009137946269719095 0.8163196647843902 -0.03651348240656501 0.008825020260028574 0.9992941932283783 -35.66551198853383
0.9992755285858712 0.009502082212330606 0.03685279369407135 -1.1938155180783045 -0.009163164471292708 0.9999142606821311 -0.009354555113919352 0.8560742966091492 -0.0369385217124307 0.009010089796302032 0.9992769205258184 -36.92176386717871
0.9992488523746446 0.010579885442978549 0.03727998192018415 -1.2070562041999677 -0.010210104161754373 0.999896912050579 -0.010095496259366806 0.9095325093250066 -0.037382947997207656 0.009707280552771399 0.9992538635918842 -38.16547902661698
0.9992451469349405 0.010193079812318769 0.03748649691433966 -1.2256744856456345 -0.009766293307071662 0.9998855947408035 -0.011550625302111076 0.9929955485206889 -0.03759994470753041 0.011175802153278345 0.9992303766420542 -39.4378951007868
0.9992396804154366 0.009978001135081899 0.03768952873948226 -1.2285433628594338 -0.009494168906944803 0.9998704927785779 -0.01299455376264207 1.0913102160266974 -0.03781430734553203 0.012626842997047878 0.9992050044890215 -40.70186687408602
0.9992396920818992 0.00940674333166959 0.0378358421072306 -1.2325473791642976 -0.008945688118064846 0.9998838851391545 -0.012336567720574143 1.082825384592006 -0.03794749572983055 0.011988720487278373 0.9992078152961537 -41.97746447537355
0.999232156354131 0.008589523235771187 0.038227186640605045 -1.2616029894932348 -0.008120507895552633 0.9998900488323843 -0.012407562109070798 1.1081062725686435 -0.03832955855983438 0.012087610870404827 0.9991920409030758 -43.258570982566184
0.9992439546633283 0.005899382071797131 0.03842806734619048 -1.278057694066576 -0.0053497644595549235 0.9998821518255284 -0.01438966577020147 1.222789349618651 -0.03850842880486915 0.014173205421561611 0.9991577558919605 -44.51151197881833
0.9992921844905055 0.006077288368813116 0.03712407012001387 -1.240237687177121 -0.005432810387318873 0.999833214509844 -0.017436391088975645 1.384186919527989 -0.03722384434054142 0.01722236130716569 0.999158533809083 -45.83153534004903
0.9993393670789295 0.005239300610151112 0.035963580681031705 -1.1937540227434549 -0.004504239236777399 0.9997799172443674 -0.020489726785483588 1.5536193820174273 -0.036063017555142025 0.020314202026226844 0.9991430287805921 -47.08856440439817
0.9993816423203389 0.0045033641696665344 0.03487194723925957 -1.1566008284034845 -0.0036787663331380146 0.9997129484373611 -0.023674615201608375 1.7250982138248179 -0.034968552606141845 0.02353169007601068 0.9991113350827314 -48.377861673297424
0.9994030447381668 0.005574697146183982 0.03409511577645957 -1.108004707383662 -0.004713646275726154 0.9996692255226195 -0.025282821871648462 1.8367086117099158 -0.034224782057292735 0.025107016842598025 0.9990987448687924 -49.616473177024616
0.9994246984317654 0.007151301211387556 0.03315314548513798 -1.0922098732011425 -0.006353470057241138 0.9996891651791414 -0.02410822352773223 1.8019977560743823 -0.03331524550121848 0.023883716511786196 0.9991594780127836 -50.9236153021656
0.9994554273595748 0.006507839074090007 0.032349602038904045 -1.0454517864113901 -0.005784935951000361 0.9997325716626352 -0.02239016911183895 1.7392169284595118 -0.03248666245603788 0.022190835662490735 0.9992257920885889 -52.19870700476119
0.9994686400261441 0.006094233267026227 0.0320202736586842 -1.0342741246424245 -0.005392355874023189 0.9997442946315614 -0.021960597664213755 1.7371949940116682 -0.03214591890765984 0.0217762639708618 0.9992459328038586 -53.49807831194012
0.9994535595674611 0.0074336384217803175 0.03220750359381622 -1.0419381551347715 -0.00673790179532342 0.999742762249308 -0.021656638924824407 1.7419799268212515 -0.032360206231234534 0.02142779386539533 0.9992465495075448 -54.77427874128879
0.999393112787701 0.008503997141221926 0.033779996227525234 -1.1392032193309274 -0.007805107095189716 0.9997538606430086 -0.020767725745305776 1.7186260712842176 -0.03394829032134238 0.020491465589891476 0.9992134974179623 -56.06791017444353
0.9993074121804545 0.008653822885721552 0.03619126014199903 -1.2813672652561505 -0.007881361768413456 0.9997392356765813 -0.021432330379135184 1.7811268748356874 -0.03636729434366374 0.021132250194136264 0.9991150323680721 -57.340884819869466
0.9992424268044399 0.008277557117993864 0.03802702357708173 -1.3846727882522005 -0.0074282157017065845 0.9997209885933726 -0.022422456988000654 1.862313770131193 -0.038202016772187576 0.0221229974019835 0.9990251142491311 -58.61160100661632
0.9991554983496254 0.0092609364571943 0.04003155222630768 -1.5198367027281443 -0.008327504319506254 0.9996909929023149 -0.023421600752136697 1.957585089900241 -0.0402360881488297 0.023068458247565985 0.9989238726972941 -59.92794724349549
0.999098808378963 0.008721707516157065 0.04153917324332283 -1.6003775845047166 -0.0077557656726020335 0.9996970704108662 -0.02335841413202563 1.9824927408466704 -0.04173031505474008 0.023015195631020304 0.998863795307197 -61.1976415636232
0.9990401746699136 0.008611656430786499 0.04294844315020914 -1.6938181999571387 -0.007611189564269021 0.9996971161908877 -0.02340396703636826 2.0117840531294586 -0.043136981685387016 0.023054614573675775 0.9988031265259104 -62.46876452836682
0.9990226070088242 0.009956661227892323 0.043066176780454817 -1.6696056478894152 -0.008954025002891846 0.9996858056570433 -0.023411864600578303 2.0436185298230254 -0.04328574963587887 0.02300336638453619 0.9987978719507961 -63.69160049963723
0.998933908729716 0.011604418872553791 0.04468090702528102 -1.8027905961004287 -0.010585280013861938 0.9996799142837007 -0.02297870372237876 2.052449311373947 -0.04493325980829373 0.022481246414801957 0.9987370002771687 -65.0653170662357
0.9988590567462351 0.013676755798371642 0.04575512109975388 -1.8733797161846486 -0.012544519737590795 0.9996101936015078 -0.02494184982131958 2.232281237854097 -0.046078409049951266 0.024339416566297806 0.9986412634277825 -66.3596470413403
0.9988214191677925 0.014532224947676982 0.04630968634861321 -1.8924688420442062 -0.013304306878347452 0.9995545748270288 -0.026714179022467675 2.3747562898845116 -0.046677275307408145 0.026066575924501668 0.9985698601447215 -67.62619011311224
0.9987729672046345 0.013642163471068863 0.04760726160029297 -1.9823810030925268 -0.012456675434768905 0.9996070854147249 -0.025109879047733222 2.287834199841788 -0.04793110908755315 0.024486040196561004 0.9985504707410284 -68.92504025411904
0.9987682618648445 0.012255405261620096 0.0480808083683187 -2.0095260479345742 -0.011123908427546006 0.9996564984638948 -0.02373064980569539 2.2155902862338377 -0.04835512126727738 0.023166573349946127 0.9985615114385535 -70.23049739728609
0.9987325106686297 0.01038082615015679 0.04925048813946554 -2.085464873273448 -0.009191141956919729 0.9996619470773753 -0.024321070597296362 2.2956737392374142 -0.049486311673665524 0.023837575671849364 0.9984902978712541 -71.51416848389287
0.9986718248967011 0.008143397647792438 0.050875055108005544 -2.225643300138504 -0.006921546426804398 0.999684460014753 -0.024146896282408035 2.309168957998227 -0.051055639772254975 0.023762690920047506 0.9984130689086977 -72.85240096482349
0.9986743480427256 0.008135156091433407 0.050826821628004164 -2.1964583916105695 -0.00683838931729699 0.9996479681949448 -0.02563544646117166 2.4588803641100507 -0.05101747732867646 0.025253889187341703 0.9983784142738321 -74.116849542287
0.998689864221107 0.007966768332469518 0.050547855586203484 -2.1548576685781997 -0.006616685374023684 0.9996183712301938 -0.02682035372167196 2.5817081437104146 -0.05074223661495523 0.026450756159913134 0.9983614490363101 -75.38451598854786
0.9987421841066552 0.00655557932032403 0.04970989907093965 -2.0886286905592026 -0.005198174050933604 0.999611395016916 -0.027386820532352536 2.6611361788010335 -0.0498701180307834 0.027093972246793677 0.9983881449594069 -76.70071999981877
0.9988432080744927 0.008172742206774476 0.04738620018821183 -1.884056652249142 -0.006954507058702109 0.9996425008773848 -0.02581676337533827 2.5691163602393132 -0.047580253414900416 0.02545735108822896 0.9985429598973419 -77.98750218149772
0.998913142873758 0.011331422547331337 0.04521207645226109 -1.6762928601019418 -0.010377739513655847 0.9997198459377373 -0.02127280331346604 2.232013603717334 -0.045440461228490804 0.020780483663296597 0.9987508878504496 -79.25203199895984
0.9989552133451006 0.014073223269784461 0.04347903077856287 -1.4877363091936542 -0.013136314330361516 0.9996769260504844 -0.02175961323342448 2.308693225562314 -0.043771211731666274 0.02116572486481576 0.9988173472234494 -80.50398559987312
0.9990402567789578 0.013578387288345834 0.0416436397746612 -1.3797201590777233 -0.012483447646835132 0.999572417471761 -0.02644136464912992 2.7942702662291774 -0.04198486477151953 0.025896131531702164 0.9987825897069943 -81.75506355465407
0.9991961442841045 0.011179575070496304 0.03849782265300456 -1.0736672349385454 -0.010107010453109848 0.9995584153790292 -0.02794320283476414 2.9671074507066058 -0.03879321574038149 0.027531642635469103 0.9988679067155541 -83.02325657431729
0.9993392550101677 0.008475097557065625 0.03534439300824304 -0.7883125980647829 -0.007609544955723092 0.999669589162446 -0.024552134924551217 2.722342912385959 -0.03554079657646616 0.024266957476881165 0.9990735541257838 -84.35692322085518
0.999440158081464 0.01166737480735086 0.03135670230115085 -0.39955756925201236 -0.010948386153679926 0.9996754206721246 -0.02300404626670728 2.658944044146003 -0.031614921393672855 0.022647862352012257 0.9992434993914927 -85.49708185052506
0.999507064819699 0.013682167487233337 0.02825642702751474 -0.10747314812050668 -0.013092300732917657 0.9996946713838308 -0.020956041331635686 2.5165452402321193 -0.02853452359912137 0.020575769721341515 0.9993810177621674 -86.6507777523833
0.9996002288079743 0.014064346055095633 0.02452706132189372 0.2991589434405544 -0.013552880334305755 0.9996897873306156 -0.020896136999751964 2.5523756872007084 -0.0248133432187081 0.020555370999107037 0.9994807525517436 -87.90645342749113
0.9996973303195031 0.013975827093047236 0.020246580183416588 0.7531149925973089 -0.01352826097270782 0.9996647491239958 -0.022076582931076047 2.7119926336430416 -0.02054833100552405 0.021795999998247724 0.9995512495499987 -89.11302486102933
0.9997803605300714 0.013080843826579315 0.016374438101661393 1.1724278331839426 -0.012697062692808648 0.9996472707324924 -0.02332635239496149 2.9084613862692645 -0.016673790730826192 0.02311332174014978 0.9995937970299741 -90.26765562931243
0.9998348961084662 0.013406392918949576 0.012265771589072992 1.6242998608766834 -0.013134056898121652 0.9996712454155133 -0.022020391431429653 2.8173608860878776 -0.012556953180189635 0.02185565643716098 0.9996822761300369 -91.44767763735162
0.9998467780537333 0.014846099182419149 0.009274360066028524 1.9305509792854112 -0.01467069700493383 0.999717450482484 -0.018702669600663465 2.4751868820513048 -0.009549401287934063 0.018563742614783506 0.9997820744518148 -92.63108570547593
0.999873974011994 0.01471697265974485 0.005953722297407181 2.3155818981522174 -0.014601108015843575 0.9997117687427802 -0.019057467877227213 2.5496249227765446 -0.006232474482257381 0.018968135198648314 0.9998006631868743 -93.7831886514022
0.9998488938801912 0.01713990080450389 0.0029005528731461338 2.6719156626318945 -0.017077827524073847 0.9996496861109285 -0.020220110419580425 2.6784445282569838 -0.0032461074560364085 0.02016751989546077 0.9997913451954112 -94.96886665790117
0.9998430039952692 0.017718815687201978 -0.00010455792299891162 3.042627569488853 -0.01771662737038843 0.9995856534792185 -0.02268573281034922 2.9873233599193147 -0.0002974497186083914 0.02268402365469399 0.9997426401802106 -96.1046019134489
0.9998174062128873 0.018836852163354924 -0.0032136014548071108 3.426361487471546 -0.01890893840738715 0.9995304860896803 -0.02410932238021473 3.1023316455486256 0.0027579488827870857 0.02416568595971144 0.9997041629102364 -97.29038713755918
0.9997493737987393 0.021405288343668078 -0.006557684038826819 3.8702082038916537 -0.02156503931606347 0.9994461479801698 -0.025344553002509193 3.2510715493923366 0.006011544587316419 0.025479617707587145 0.9996572664734399 -98.45970038621522
0.9996818649348511 0.023595795224047502 -0.008911081198307195 4.163736757706452 -0.023801559201979846 0.9994348479683755 -0.0237375324325209 3.160797492115284 0.00834593912826205 0.02394207831778916 0.9996785094148479 -99.68167473497195
0.999599985138158 0.025203390887837816 -0.012831944496031202 4.7324312974792715 -0.025468974298619967 0.9994555974240807 -0.020972365766646232 2.924200907389835 0.012296384020134018 0.021290792973222325 0.9996977048461203 -100.82913607342002
0.9995771046899059 0.02474161234391222 -0.015279541824559094 5.0810307534467505 -0.02501985677324004 0.9995195197267215 -0.01829580422694452 2.671993684119208 0.014819532610424487 0.018670358965153743 0.9997158592066652 -102.02193114570221
0.9994971743009244 0.026031843780602578 -0.018103637033751806 5.543351443930419 -0.026360714074420494 0.999487332398715 -0.018170996890295506 2.72930377486383 0.017621331333193192 0.018639084845635062 0.9996709824728149 -103.17929275744909
0.9994788974634912 0.026053324367535585 -0.019056699991450488 5.765978193616025 -0.02641413328902775 0.999471772019974 -0.018933317137860492 2.835943048076426 0.01855335785656194 0.01942681715189861 0.9996391207268717 -104.38244253571318
0.9994442691975092 0.026633560762474147 -0.020045104374095322 6.049594736486579 -0.027057350724677257 0.9994095601321265 -0.021176186820846304 3.1064224295050646 0.019469271686906656 0.02170678598091332 0.9995747910498545 -105.61816225268717
0.9993882713894366 0.028419458112699993 -0.02038179113361333 6.313213304838147 -0.0288757105906565 0.9993308335051057 -0.022451693563636074 3.2394363268885202 0.019730087357089848 0.023026497922421025 0.9995401462904381 -106.7925408241444
0.9993815031677284 0.028956009008059686 -0.019953963729962026 6.446123218735611 -0.02942336006590539 0.999289814200665 -0.02354003222666961 3.391167359128546 0.0192581673230751 0.02411258545087453 0.9995237396951764 -108.06025396298
0.9993796222035581 0.029327804872360388 -0.019500015016462462 6.647173910583156 -0.029795278376743447 0.9992646989179486 -0.024130952796646996 3.4971354627853595 0.018777968759316633 0.024696990865091147 0.9995186073963225 -109.32172059448143
0.9993583066188728 0.030306537416585164 -0.0190915892915191 6.87814726049078 -0.030776163501032176 0.9992184699000969 -0.024804781205783787 3.6216108465398387 0.0183249216101095 0.025376430015394077 0.999509996972345 -110.5647600560867
0.9994384753082814 0.029373028099009116 -0.016123253200037012 6.708140921937785 -0.029716218000228993 0.9993276519682129 -0.021475343989354443 3.038816380162654 0.015481616880046768 0.02194240716040646 0.9996393601228327 -111.87921802588636
0.9994054939228068 0.03177355264248292 -0.013382827406273019 6.580065130628595 -0.032066090946534336 0.9992382082099871 -0.02224340497097984 3.184432414967265 0.012665880479434267 0.02265931609227844 0.9996630086513709 -113.23600756678397
0.9993550761889656 0.03399565404731398 -0.01156404778795481 6.606884878532128 -0.03425751081620653 0.9991424582483776 -0.023254485117209782 3.3652866382936297 0.010763579703065806 0.023635643238219338 0.9996626939726676 -114.66874221867394
0.9993626976641593 0.03445383149504081 -0.009334452995515 6.598616349260714 -0.034659514684818794 0.9991379152269804 -0.022850479156816893 3.254945204402228 0.008539119347273187 0.023159444103747977 0.9996953153784299 -116.00190092784447
0.9993732431849081 0.034672705444493815 -0.007136126627099878 6.600861955225511 -0.0348281581042533 0.999129686447257 -0.022953628533877037 3.23560946969181 0.006334051558344774 0.023187780337182946 0.9997110615742385 -117.33468703221122
0.9993239295489175 0.0363705187991 -0.005373005973804103 6.6840202137666616 -0.036482786440793794 0.9990802818061113 -0.022529909004179578 3.1841393660009683 0.004548639843475596 0.02271069942792368 0.9997317310194115 -118.75069594839289
0.9992961251935071 0.037389891875257555 -0.0030414073714650526 6.707428635547817 -0.03744851817471839 0.999049958751148 -0.022288750656941823 3.176443372283247 0.002205143931909968 0.02238695836611323 0.9997469487001965 -120.16288663936027
0.9992278123242921 0.03929005958498485 -0.0002651328300322651 6.620747129422371 -0.039286843755295335 0.9990029268618628 -0.021206037564304697 3.0261578599723897 -0.0005683180062535568 0.02120007875551482 0.9997750915457955 -121.52520169336394
0.9992407060658931 0.03895092896814644 0.0009145892268660086 6.824364212486948 -0.0389241458153367 0.9990333084761531 -0.020429376587105644 2.9428105860873615 -0.0017094482975204615 0.0203782650809578 0.9997908801838554 -122.96711378221087
0.9992470951813635 0.0387616834547904 0.0016657332792757958 7.0583006257342795 -0.038722049273065696 0.9990608603522368 -0.019442227556086662 2.7951764434886845 -0.0024177823932956637 0.019363088803158755 0.9998095944330099 -124.38994010717532
0.9992495213603092 0.03873385188429264 0.00028771409172979504 7.5580867068407604 -0.038720339199473805 0.9990496001311354 -0.02001578902007608 2.9654935986765336 -0.0010627292555456225 0.01998962721073571 0.9997996226297073 -125.80222620295491
0.999169841703464 0.040703878098113155 -0.0016798029791127937 8.113048204922215 -0.040728700998544365 0.9989848240310442 -0.019248227727117817 2.8629179540656287 0.0008946201684864929 0.019300664844449283 0.9998133245718004 -127.21773941704586
0.9992324692733741 0.038888600212755704 -0.0047062855127926444 8.917854583624921 -0.038970340207245414 0.9990645840202235 -0.018742186121936316 2.791141362532417 0.003973025794909548 0.01891120646574955 0.9998132732345789 -128.63759560743026
0.9991259596033152 0.041266225439614806 -0.006664494333512788 9.447365293743614 -0.04139396359937707 0.9989361395188308 -0.02032557356505896 3.1034529959492847 0.005818644540439189 0.02058367802852699 0.999771201612914 -130.10930672615208
0.9990119790994928 0.04310279142579311 -0.010826587043896186 10.456347218500657 -0.043320701018653304 0.9988452730769048 -0.020771069187112755 3.1962418339161696 0.009918794229488525 0.02121956227701106 0.9997256362111583 -131.4503207821441
0.9990454082630026 0.04129926656356312 -0.014235266415572512 11.329231384520224 -0.04160398710694401 0.9988959028023836 -0.021819340535777554 3.2994763609367563 0.01331842653678752 0.02239075581401276 0.9996605791810845 -132.9178064678041
0.9990002280679136 0.04064118610895724 -0.018623595568895115 12.38755257386251 -0.041076865345747865 0.9988762641150486 -0.023641068523461043 3.47150582827007 0.017641866500570935 0.02438243177414393 0.9995470281918482 -134.27536944798288
0.9989174650023083 0.039029555506986086 -0.025309917231973927 13.923653555780234 -0.039560471219665425 0.9990001145950311 -0.02082642926650215 2.8768413003026847 0.02447176393806344 0.02180515618017183 0.9994626896156344 -135.5902772013368
0.9986809101250017 0.041998320554098134 -0.02953947904979686 14.909247403545214 -0.04262425381615266 0.9988727764705928 -0.020888978255176372 3.03045848238673 0.02862887944915702 0.022120522068076378 0.9993453205798891 -137.1168967437202
0.9979708539406689 0.054106363790316685 -0.03356599592328738 15.902995831014799 -0.05495258098303938 0.9981803948824374 -0.024821625966963263 3.8292572694153657 0.03216191114089359 0.026615797371697027 0.9991282254055452 -138.64470275779314
0.9980051140263969 0.04625676360594698 -0.04296631468792782 18.077933714945317 -0.04719934320410488 0.9986607477968361 -0.021188034617803487 2.9192647759310573 0.041928682047729815 0.02317374873790729 0.9988518223396164 -139.9069788762157
0.9977127686275383 0.04839251158950614 -0.04719529785510133 19.027095048965275 -0.04929926645586094 0.9986174641724953 -0.018241232869769457 2.1054307642607393 0.0462473095918697 0.020526204514099703 0.9987191103026712 -141.41744547497456
0.9969786957823377 0.05356457682123323 -0.05625225565354077 21.030497793696817 -0.054659504836396346 0.9983408295082759 -0.01810874561551808 2.041479451800587 0.05518893627520891 0.021128754025966253 0.9982523513952377 -142.90616557601464
0.9963598413458261 0.056484700786485764 -0.0638478279221891 22.705132370908515 -0.05739534128206196 0.9982730437260733 -0.012518185531341399 0.9089169857557957 0.06303047955105476 0.016137185223657338 0.9978811301455808 -144.36702129858057
0.9954691628483796 0.06271446034527464 -0.07147056933834525 24.41091148079688 -0.06346436849379028 0.9979498535846038 -0.008268232105619569 0.11396413277999606 0.0708055064922965 0.01276660464136694 0.9974084389337702 -145.84329777733012
0.9946014218944353 0.06527797496040692 -0.08066472308658786 26.438504566298988 -0.06586916705319319 0.9978172601659354 -0.0046870189528629425 -0.6522271012487533 0.08018269387645903 0.009975033835253673 0.9967302715894103 -147.15053857218004
0.9936188461445632 0.06819402285607798 -0.08983965623849885 28.43645173132586 -0.06859064618939675 0.9976440001179933 -0.0013312715314200952 -1.3317127907821709 0.08953720925776013 0.007484936557786648 0.9959553523542398 -148.7406327709923
0.9926009464852563 0.06677044499695733 -0.10141532779359157 31.013041086013637 -0.06804147222199669 0.997640790691682 -0.009121995721268875 0.2553260232572274 0.10056698809468533 0.015954949795718293 0.9948023524713738 -149.82212381906118
0.9913487780924778 0.06203779732857684 -0.11566724634558269 34.14042312147474 -0.06381393494556978 0.9978930773999598 -0.011712718898720925 0.7885950175838374 0.11469691312896733 0.018992571702017867 0.9932189589102847 -151.03779653897956
0.9901775491505478 0.06393322245916194 -0.12434212570244176 36.055827891248384 -0.06517987186133717 0.9978556149297201 -0.0059796368928036496 -0.3453492714535358 0.12369319084878595 0.014025506023577942 0.9922213864447936 -152.36377182206448
0.9881017177103966 0.06452434712550958 -0.1396123350058671 39.403941300740335 -0.06570013715021877 0.9978320824549093 -0.0038245525413402705 -0.6083666098721814 0.1390628902195196 0.012951596493319742 0.9901988531159123 -153.5071795042546
0.9858606446353385 0.06313342160552737 -0.15521907239631824 42.834495916603494 -0.06439551119017761 0.9979196051964928 -0.0031112221122287153 -0.5574094092457376 0.15469973334737994 0.013062642950591619 0.9878751742307299 -154.70885451961692
0.9822641631775492 0.06477563974753037 -0.17595803543006278 47.452299441241635 -0.0663712740303403 0.9977898904962679 -0.0031919284194851768 -0.33486860755200976 0.1753623896983003 0.014813875885257264 0.9843924935515089 -155.4499056163108
0.9845026821725367 0.05335235549740164 -0.1670568614513037 45.187592646947564 -0.048740597331178 0.9983118423194798 0.031588283531812686 -7.813651692708463 0.16846015246010307 -0.02295629864688777 0.985441112084103 -157.8760725155515
0.9811075122780403 0.056015791174745984 -0.1851763497066036 49.24791569806043 -0.05081397714178023 0.9981719210903393 0.03272240324083987 -7.978881123324461 0.18667080403381173 -0.022694648838189627 0.9821603554590673 -158.76149143077808
0.979253162081859 0.058585542611015846 -0.19398705820145146 51.25668637130715 -0.053376781327506735 0.9980623971399024 0.03197453096555625 -7.772064387842121 0.19548443356900824 -0.020956755768120068 0.980482866051151 -159.9712343773628
0.9740229904657477 0.06002909782797262 -0.21834770770063422 56.7213843724936 -0.053006624223841566 0.9978752932545347 0.037883992669317114 -9.023394679997164 0.22015792475528645 -0.025326004938326006 0.9751354170787304 -160.4732832585678
0.9707182468933953 0.06055534272860626 -0.23246319195785456 59.857753070738674 -0.0524029543752836 0.9977802178889342 0.04109217884528497 -9.74314621828903 0.2344355252963067 -0.02770716976762464 0.971736742756243 -161.50793501580753
0.9662502709421653 0.06318866699743751 -0.24973507216103816 63.76531739903818 -0.05315102294683269 0.9974919544347739 0.046741518991151275 -10.983970179664563 0.2520622594993095 -0.03189033083838803 0.9671854135247909 -162.2198322855934
0.9627867895313392 0.06326547199298864 -0.26275288382326306 66.6821371830465 -0.05061264800833088 0.9972217862626543 0.05465408369651553 -12.662881459196619 0.2654806165533024 -0.039321610554824624 0.9633139951115903 -163.18915368887238
0.9570576291070013 0.06074129397763684 -0.2834628543107683 71.30880998306482 -0.04504914637248563 0.9970862887766626 0.0615589729015366 -14.181779505515166 0.28637609708073736 -0.04614572504039839 0.9570053829949443 -163.68819039880427
0.9498812253525879 0.06453216174175198 -0.30587784787984007 76.33246138811067 -0.04870385254148212 0.9970627924838924 0.05910772023890083 -13.606485886440264 0.3087937701286796 -0.041247884129479453 0.9502341919677261 -164.08865108984634
0.9411365663001829 0.0662262085755675 -0.3314755690400225 82.06377981298701 -0.04957899433016929 0.9970591247125232 0.05843821650860102 -13.41260124310118 0.33437088224591316 -0.03856411706758651 0.9416522298496867 -164.0542738875186
0.9291535637022506 0.0676639674107871 -0.3634490921348405 89.2039330369088 -0.05320405848934482 0.9973479669567661 0.04966247041245371 -11.3974951875224 0.3658455729124929 -0.026807094610147617 0.9302894154288183 -163.42835145887327
0.916294896280429 0.07256475227012363 -0.3938756399911188 95.97918694963217 -0.05651602283545018 0.9970356267762003 0.05221013409149883 -11.848625301564637 0.3964966610367617 -0.0255795947380916 0.9176797274211381 -162.74515806976353
0.8974022924103742 0.057364356318045116 -0.43746823450488553 105.67919321157709 -0.0399364584733193 0.9980028686385193 0.04894234847139199 -11.1300574220334 0.4394020992908591 -0.02645004373347387 0.8979009913822811 -160.491399778563
0.8803481800944255 0.06625248573190565 -0.4696782834438662 112.83173189482837 -0.042903214736487706 0.9972604754131184 0.060256604153204815 -13.479223132777062 0.4723837380453606 -0.03289608355328694 0.8807788892322223 -158.96552206143056
0.8537189106324112 0.052379203758168104 -0.5180930810600247 123.49097425152267 -0.024400121070162338 0.9978591890962534 0.060676789861768124 -13.540216176880502 0.5201621436824969 -0.039159389037982384 0.8531693187930527 -155.38118916849936
0.8290236385405387 0.07280331821382677 -0.5544542213727499 131.53372316245077 -0.041877927282295224 0.9967876782572699 0.0682683212113811 -15.038609778547581 0.5576432963351616 -0.03337665848370375 0.8294093999472861 -152.62977410517158
0.8752336338850641 0.06838830434514177 -0.4788414413405986 114.99240727363228 -0.03509848832735285 0.9963242195853113 0.07814182993029542 -17.447744076900808 0.48242531259613686 -0.0515857470287753 0.874416793337138 -162.26240601283183
0.8698788817346679 0.06888201010062059 -0.488432185463388 117.12435383973052 -0.037898486270976854 0.9966077557946003 0.07305262369291805 -16.245613375174973 0.4918073157756115 -0.04503609413069161 0.8695385640528195 -162.88863997903542
0.8645544599306101 0.06678124293567136 -0.4980821733469869 119.3844398699893 -0.032075840822197346 0.9964431936006288 0.07792369577046933 -17.362470094205513 0.5015144327431067 -0.05139287420398324 0.8636214716132372 -163.13823226150498
0.8608257357948856 0.06756451422209851 -0.5043947749641401 120.7867041257949 -0.035334061338710365 0.9966907559658625 0.07320547166373362 -16.245857256875063 0.5076717016955997 -0.0451948380916372 0.8603643820541181 -163.99097905122474
0.8565717864325735 0.0754336496741298 -0.5104846120937933 122.20131126327009 -0.03637273312763164 0.995623187573708 0.08609002642812313 -19.014427531790275 0.5147444015941659 -0.0551745671701148 0.8555664604021447 -164.58392840038482
0.8506030082347641 0.07090957265661327 -0.5210051390222811 124.57403876798116 -0.030465047564790477 0.9958466340036637 0.08579838238829526 -18.906108334490725 0.5249251406237322 -0.05710791581934649 0.8492304061277631 -164.81579177656656
0.8449822893553149 0.07146087484710922 -0.529998371735175 126.63741317682324 -0.031174011007363087 0.9959287250084768 0.08458224246674079 -18.606737421417836 0.533884923661985 -0.05494832180399612 0.8437698561914623 -165.12375837445092
0.839586462785674 0.08136318264040272 -0.5370983187626494 128.2166824191928 -0.03393046155009248 0.9946436793271526 0.09763541854031317 -21.452969607941974 0.542165376325377 -0.06374938184146496 0.8378500587985857 -165.53879491834397
0.8344169274788797 0.08916684715774759 -0.5438728385428464 129.73572519165782 -0.036003481715742185 0.9935365871246241 0.10765128586830039 -23.644130849690654 0.549956489588995 -0.07024473939521159 0.8322340633176755 -165.9015836138852
0.8286884709024894 0.09332745446266645 -0.5518744462618405 131.52110122282443 -0.0352599624638109 0.9927467619447559 0.11493738162692337 -25.253887687492302 0.558598382776342 -0.07578821077002211 0.8259685186905941 -166.1316831221479
0.8217431561585299 0.09487497650188864 -0.5619047287044167 133.76929882524922 -0.034353286278144275 0.9924975072350553 0.11733946418018619 -25.836463477286497 0.5688216214495628 -0.07711962763115114 0.8188373013032093 -166.17433291774967
0.8331811372304117 0.08927076424973858 -0.545747123871217 130.01572621335052 -0.03707222618563903 0.993680768119901 0.1059442358709725 -23.392103529525816 0.5517561441516341 -0.06803867810966811 0.8312255383901593 -168.71655533092888
0.8318545472389414 0.08677949790061748 -0.5481672472722287 130.53304283674845 -0.03510193167211139 0.9939490218035116 0.10408264239885875 -22.915213801385892 0.5538825386584979 -0.06733989010949612 0.8298671415167964 -169.42548287158115
0.8315124189272601 0.08532254212131343 -0.5489145297545814 130.69574358100948 -0.0314511125830288 0.9937798814072754 0.1068287172413454 -23.436403590625186 0.5546151140088289 -0.07156543241047578 0.8290238019483369 -170.10693951884403
0.8314242405633085 0.08605565301584142 -0.5489336542677472 130.74304781039953 -0.03232914622259905 0.9937523141072729 0.10682305233870534 -23.359995096770234 0.5546968167460882 -0.07106871879003501 0.8290118688543002 -170.8222820962683
0.8302069983941777 0.08532183050726652 -0.5508870347505187 131.19817526730938 -0.031564434567767634 0.993826994262964 0.10635596807259912 -23.235090859974093 0.5565608918058714 -0.07090903125224524 0.8277752611664118 -171.38889027512133
0.8294943586339418 0.08523818558494659 -0.5519724274931237 131.46155192110854 -0.03206043835543914 0.9939228793445247 0.10530640155254707 -22.99961733875231 0.5575941510515714 -0.06965458803033299 0.827186194927963 -172.07512556910535
0.8283501885565404 0.08542802314973422 -0.5536587558948854 131.86885265828275 -0.033323907544303866 0.9940684698771508 0.10352484910435202 -22.607476074007053 0.559218635512375 -0.06730475508334192 0.8262836000059839 -172.65558743280315
0.8269691543507195 0.08598392757037093 -0.5556336760420745 132.3203022180375 -0.03471269326073667 0.9941599378920187 0.1021814406686632 -22.28223769542816 0.5611747024581933 -0.06521335821831857 0.8251243368310303 -173.18341207518276
0.8258781191264554 0.08583157997095742 -0.5572775540319542 132.67864680349084 -0.033837737557320974 0.9941092507986855 0.10296506685997064 -22.43226957690213 0.5628324260960366 -0.06617958413412325 0.8239174247330154 -173.69652089355415
0.8239023034556553 0.08692424291303134 -0.5600260443537083 133.30535283937755 -0.03384182528857631 0.9939501926215732 0.10448801581365705 -22.743741342464425 0.5657205363265531 -0.0671356133623123 0.821859528263111 -174.02624376214288
0.8223542993665425 0.08727155715916894 -0.5622429026891999 133.81396755553752 -0.03305451548145934 0.99382560137502 0.10591540519615597 -23.032745884829293 0.5680147932225438 -0.0685153221009275 0.820161475148496 -174.45389652725396
0.8207721992851988 0.08769537406799725 -0.5644842940663735 134.31341005280774 -0.032595101267144294 0.9937260756229633 0.10698619537290416 -23.262202775691105 0.5703249567167148 -0.0694118721405686 0.8184811761745159 -174.84942932029932
0.819070681153665 0.08738766719297071 -0.5669978967307036 134.8913157079414 -0.03274166898364855 0.9938401260150761 0.10587628173723683 -22.98194745999168 0.5727575424092085 -0.06815570075135426 0.8168865270454981 -175.27025854070956
0.8180716226439296 0.08778760931087952 -0.5683767728155402 135.19307265044316 -0.033714956913387634 0.9939021324234131 0.10498501247568916 -22.79574300602309 0.5741272697800168 -0.06672246110323397 0.816042885686329 -175.84007443701097
0.8164826384472876 0.08688336582312295 -0.5707953940401069 135.7384843945029 -0.033558440371231985 0.9940828393499845 0.10331088805021173 -22.39873768524981 0.576393903675261 -0.06519654326050044 0.8145670497588737 -176.28798306299473
0.8153424936209472 0.08756986858836313 -0.5723182123708735 136.09624604611935 -0.03343793150081831 0.9939679244374332 0.10444936537139751 -22.65001888021395 0.5780125628677305 -0.06602486883711262 0.8133524413574474 -176.74806226736817
0.8134941475130052 0.08581824817488089 -0.5752064848750258 136.741310245217 -0.03221322198849626 0.9941834296473534 0.1027697258133232 -22.23215532561401 0.580680273723164 -0.06507331630415282 0.8115268838516508 -177.13687713131185
0.8118954834089049 0.08582479109062512 -0.5774598074796816 137.26551276508312 -0.0322153534981352 0.9942142226472771 0.10247072989327588 -22.151582558190206 0.5829132825894522 -0.0645924509530415 0.8099629128921079 -177.53686748454493
0.8105940083905557 0.0850221653584792 -0.5794036459663394 137.7107759875319 -0.031192839031090967 0.9942684691431037 0.10226054009738779 -22.0858325150423 0.5847771886406927 -0.06481853643506948 0.8086001465371518 -177.98175810514357
0.8092308147693168 0.08583460425847295 -0.5811866388171523 138.11044801650303 -0.03165792179390627 0.9942030336670127 0.1027526341998087 -22.18510712965777 0.5866372511318034 -0.0647514367338681 0.8072570761693088 -178.45934791725333
0.8081091035916562 0.0856465349217618 -0.5827729813127795 138.47437364044484 -0.030776151374439703 0.9941605340626032 0.10342949781825918 -22.333810700015142 0.5882282764360001 -0.06564680927703297 0.8060260487309808 -178.92243425356955
0.8066621402612569 0.08552499221456093 -0.5847919862445344 138.95071941207664 -0.03180661421197846 0.9943224412236982 0.10154418826951966 -21.875794567150685 0.5901563612819053 -0.06331159913984624 0.8048025289801571 -179.3872924256578
0.8064947117453029 0.08582722515234883 -0.5849786041809639 138.99091069593504 -0.03219277989762285 0.9943144182861406 0.10150104684562103 -21.86709199272556 0.5903642137268519 -0.0630279700683892 0.8046723371284328 -180.07783401558942
0.8059063317881914 0.08534340712629646 -0.5858596139381659 139.19852640883653 -0.031644242469752754 0.9943505482949053 0.10131944050445961 -21.80713132082244 0.5911967746040375 -0.06311489495908588 0.8040540303562234 -180.6748590119938
0.8051099825350718 0.08492043194583655 -0.58701485182277 139.47060236021122 -0.030201398144710203 0.9942831142600432 0.10241564454444699 -22.045777279599687 0.5923561357599674 -0.06472718853374029 0.8030719765326373 -181.1737111172041
0.804582569844492 0.08343608167519204 -0.5879500902092999 139.6854643189763 -0.028111830943453483 0.9943218102589022 0.10263460724563789 -22.089806513853578 0.5931750275116442 -0.06604966251352337 0.8023595383731721 -181.70977723198618
0.8038452051437956 0.08400052932595951 -0.5888775740680635 139.9061931834801 -0.027364275541720346 0.9941528113887456 0.10445757048644226 -22.501418055555497 0.5942087870365146 -0.06785350897935837 0.8014435842451934 -182.2141901829185
0.8039259301025098 0.0839173333520706 -0.5887792286348864 139.87992631400687 -0.026641714738569376 0.9940827783626872 0.10530740144220196 -22.68790325393912 0.5941324077548734 -0.06897326239781504 0.8014046238508977 -182.888645543224
0.803413868859269 0.08472096616578972 -0.5893628027085833 140.02524680858838 -0.027960183205541833 0.9941015454987151 0.10478714325802865 -22.575855360293406 0.5947641410506301 -0.06770875223337966 0.8010437824434473 -183.499719414918
0.803681682089872 0.08075023380251656 -0.5895550471449064 140.05882361652763 -0.026676254558221865 0.9946429043193676 0.09986926619274959 -21.412073028742086 0.5944612109431017 -0.06453597932914819 0.8015303962146969 -184.27560963611896
0.8040258291358165 0.08116327541718912 -0.589028852269578 139.91793183948798 -0.02714056545819516 0.9946169063490088 0.10000299651178773 -21.437955977481028 0.5939746255431054 -0.06441841606466825 0.8019004999890242 -185.06555462307065
0.8052706099113346 0.07747740274596249 -0.5878235252835389 139.61131609213123 -0.023267576212104145 0.9947911959743843 0.09924261337282542 -21.276839567908485 0.5924507276645385 -0.06623993112612742 0.8028788244898261 -185.93083717609954
0.8055545998238958 0.07730297877289455 -0.5874572632757215 139.52272278710498 -0.023177929989432085 0.9948052491499615 0.0991226504139588 -21.24786847551563 0.592068045298822 -0.06623266366771245 0.8031616674116809 -186.66418610982757
0.806669153662818 0.07394114600021798 -0.5863596025111957 139.23146432203373 -0.019394989095784458 0.994920337390124 0.0987793330889424 -21.186484645314124 0.5906849506521115 -0.06830980292532163 0.8040056342448207 -187.50515463084082
0.8086622548118653 0.06845277937229757 -0.5842769674039852 138.67105169484515 -0.013100235354684693 0.9950560023621172 0.09844763073215172 -21.118412106631936 0.588127317403504 -0.07195671726343404 0.8055609780546898 -188.6076732790964
0.8095773486291774 0.05918971424553863 -0.5840214844627573 138.5637778186165 -0.004952412619990111 0.9955567523506628 0.09403311362622475 -20.084808274807823 0.5869923254999102 -0.07323476344286649 0.8062733278657274 -189.35605003506114
0.8117069938620539 0.06244517882951394 -0.5807171047561608 137.73722468900112 -0.007756130572437396 0.9953329612025049 0.0961880386659177 -20.558892074955757 0.5840133547736481 -0.07357238602086248 0.8084030587901225 -190.43172031224137
0.8147716867675154 0.046354552190082436 -0.5779259069580411 136.94809090406588 0.007829618773233765 0.9958281317408464 0.09091220546989978 -19.360351453943874 0.5797290707838303 -0.07859763052912203 0.8110096281569807 -191.73944003012815
0.8139598017715713 0.06406098527254078 -0.5773782393421973 136.9059061944722 -0.009975738680829196 0.9952959490158366 0.09636627268104228 -20.54831557238922 0.580835541042175 -0.07267849777325133 0.8107699490136936 -192.0462718756912
0.8167021573600755 0.062104867324079986 -0.5737077405945094 136.0570505318152 -0.006651323757189527 0.9951388431193657 0.09825702421367875 -21.011369753781786 0.5770210967162946 -0.07643080772639281 0.8131451196278654 -192.9354653506038
0.8182544807334314 0.05481850817836753 -0.5722364335838472 135.66729581784526 0.0008805615494573531 0.9953221215904408 0.0966079649100505 -20.644131912325072 0.5748554856405392 -0.07955378956279946 0.8143785146939829 -193.73483679599622
0.8199883911846476 0.04900275435343965 -0.5702786760770472 135.16586251507525 0.003077507053037002 0.9959366809683033 0.09000364688265927 -19.0371533397248 0.5723718784782773 -0.07555698225588661 0.8165057104268358 -194.54624374282628
0.8194074011550181 0.05297296529731653 -0.5707585968515836 135.3088584020436 -0.0015075119207570743 0.9959163477507557 0.09026824297949299 -19.075943349749608 0.5732095937265775 -0.0731060409980277 0.8161410836549075 -194.79008099986447
0.8201599626714731 0.05796967595555734 -0.5691899088180812 134.9309593642155 -0.0043006859963796475 0.9954502535365193 0.09518559152539899 -20.251374205790473 0.5721181169397527 -0.07561950412219878 0.8166777521554167 -195.28720678916488
0.820409729867192 0.05803825823270367 -0.5688228509127908 134.84868030949755 -0.004352721346893171 0.9954401279649006 0.09528906261527946 -20.264041444255525 0.5717595027248059 -0.07570014675373062 0.8169213908481932 -195.66639350334725
0.8204513053631167 0.055442325981841206 -0.5690217957316583 134.90380310368468 -0.0016334720848233952 0.9955100572878434 0.09464173290733277 -20.098629242069972 0.5717140782741894 -0.07671945208666486 0.8168580894957311 -195.94774765042897
0.8206337701229361 0.05702266175671343 -0.5686023490806167 134.80659047540763 -0.0025822150795932752 0.9953688708205128 0.09609444919858773 -20.42540986387784 0.5714486394236133 -0.07739009657363588 0.8169805539015139 -196.26857703514668
0.820744795661061 0.057313389667274256 -0.568412839193601 134.75641266550605 -0.002208070746737189 0.9952658438007941 0.0971649349666365 -20.670352484863134 0.5712907358069625 -0.07849251893231912 0.8169858136178368 -196.5984211861325
0.8208979477386406 0.057580131540835966 -0.5681646661402205 134.69707380170468 -0.00210957229682918 0.9952028735514711 0.09780996973529384 -20.818043446700838 0.571071019316523 -0.07909341898435464 0.8170814659323468 -196.92105558690616
0.8204112699819139 0.0581807791894678 -0.5688060697808783 134.8585287540997 -0.0027955767140351584 0.9952057744501468 0.09776324080102708 -20.790807564584604 0.5717670267141146 -0.078615923539637 0.8166406821414856 -197.1144761248183
0.8199725868005217 0.05904486889448851 -0.5693493306862613 134.99791146725303 -0.0038932911541809355 0.9952178289307959 0.09760284453980819 -20.736521301519346 0.5723895519483647 -0.07781501420359602 0.8162812164841504 -197.33164676671853
0.8195709699360046 0.060550924529345934 -0.5697692609967635 135.1089844537863 -0.005304223216012118 0.9951596090663826 0.09812857738151201 -20.844992871062953 0.5729531311147809 -0.07740115000105699 0.8159251016633099 -197.54176832974917
0.8190221432939454 0.061684011053723856 -0.5704365096787863 135.28365745618643 -0.007101247304529129 0.9952178483695558 0.09742179721906015 -20.6521828327751 0.5737179630104953 -0.0757397984351413 0.8155434886332502 -197.74156469076976
0.8176591958032847 0.061592771733292015 -0.572398261692448 135.77244726646148 -0.006450849320640276 0.9951782025429918 0.09787099532722875 -20.760795061104638 0.5756664190843236 -0.0763326643941545 0.8141139344619531 -197.70265134162537
0.816456366976579 0.06411707068739189 -0.5738362153697462 136.14102931417358 -0.009813812276309564 0.9952129580293605 0.097236090311446 -20.57708883339939 0.5773237305983628 -0.07375750413970311 0.8131771889760993 -197.76229315342437
0.8151182553083268 0.0650814765253432 -0.5756271634281954 136.59442664569966 -0.011461877004227336 0.9952865206320463 0.09629832409598449 -20.321221683431066 0.5791811937888257 -0.07189675417872843 0.8120221681086756 -197.76029046568175
0.813734255640622 0.06814491945012043 -0.5772285779049229 137.016707950935 -0.01524336528652093 0.9952639082710321 0.0960072534125024 -20.221198069459476 0.5810371769618057 -0.06932548482489946 0.8109190934625032 -197.78661432770568
0.8119411139801819 0.06849314905673663 -0.5797070949720324 137.6565303582758 -0.015639629074138368 0.9952883455862193 0.09568966058394228 -20.116462636922222 0.583529801664872 -0.06862796567390271 0.809186735492134 -197.64668746412332
0.8107530714132463 0.07052051013266283 -0.581125042348561 138.03566298392593 -0.017591746237901502 0.9952039779381896 0.09622667385036651 -20.234571956364487 0.5851239079530839 -0.06779306709857971 0.8081052607148889 -197.68418760694735
0.808905724156139 0.07092507731969375 -0.5836447231275441 138.67300646196182 -0.015895602283397457 0.9949724564555343 0.09887942517474502 -20.917312616113694 0.5877234547433685 -0.0707067486314808 0.8059663122255696 -197.49332653971737
0.8057263606530897 0.07188155993608476 -0.5879099191967103 139.78584252544664 -0.01745020136501119 0.9950583259921716 0.09774670503898172 -20.612402136705754 0.5920308456668859 -0.06849795044241971 0.8029990713345438 -197.04527575744177
0.8042331498094243 0.07411842739156539 -0.589674062061927 140.25712267717822 -0.019642298024099 0.9949657485674095 0.09827176250595504 -20.736896003562013 0.5939892430641691 -0.06745085543338647 0.8016402941627622 -197.02409094522108
0.8023913287413607 0.07724773773925166 -0.5917777814136328 140.84455864191878 -0.02253824695645991 0.994802560753888 0.09929699160415928 -20.97159345291732 0.5963725203132714 -0.06633741125243467 0.7999619771486155 -196.93378072875976
0.7996860625766669 0.08473823773483216 -0.5944086409081066 141.6015736464556 -0.02565055095036045 0.9939085239765008 0.1071815991800668 -22.870601837381248 0.5998701947559741 -0.07046472190003024 0.7969883765846156 -196.5626338943413
0.7961699651156107 0.08018211758787899 -0.5997367878219 142.98276197165765 -0.022230049389345995 0.9943878592953346 0.10343408621044184 -22.00650310016542 0.604664544646 -0.06901893439604398 0.7934841996806743 -196.03080739095233
0.792806453511027 0.07724370924331979 -0.6045587950345286 144.28486288368893 -0.01803799357445601 0.9944754276666079 0.10340819384906286 -22.024395123044737 0.6092064987006258 -0.0710776557692426 0.7898198584432233 -195.4767009734703
0.7931108405656593 0.07947190773236379 -0.6038703589832938 144.05704402879712 -0.017892605225536165 0.9940631736072411 0.10732316411727351 -23.006883772370728 0.6088144620945503 -0.07431435096452611 0.7898242386665814 -196.1155682674497
0.7947137850220866 0.07926616213539536 -0.6017864034989442 143.46261739733237 -0.017589176243583554 0.9940274743906132 0.10770330095076461 -23.087579593877756 0.6067294461083466 -0.0750083708458198 0.7913615630848614 -196.8161001544055
0.7945392385618701 0.08085028466419407 -0.6018061397620021 143.4749408312706 -0.018565356661743207 0.9938671499869693 0.10901108066981692 -23.395216176685267 0.606928929873627 -0.07544083540429448 0.7911674629532968 -197.1310435275345
0.794928003887887 0.0776864844806651 -0.6017094637479579 143.43141247604476 -0.016205983825259385 0.9941331585465744 0.10694217674270144 -22.88623548697946 0.6064872914769732 -0.07526003725249637 0.7915232732331235 -197.64484377619152
0.7954922647397366 0.07720889410132345 -0.601024827616044 143.24738066244902 -0.015458509894421841 0.9941123892984315 0.10724547503371774 -22.96032648080504 0.6057665319337878 -0.0760219975731652 0.7920022504222426 -198.2460739969353
0.7960986914964088 0.07947827582796466 -0.5999250595442066 142.96318709571491 -0.01662417337486271 0.9938363539065178 0.10960355155468893 -23.515047940882145 0.6049384350967529 -0.07728198577425932 0.7925130815434398 -198.79828037811734
0.7959388236748655 0.08268719132642585 -0.5997034411754016 142.9201272015714 -0.017588113537689347 0.9933683091292917 0.11362244795724602 -24.49771595805893 0.6051215144326441 -0.07988886535781303 0.7921147151534205 -199.14835453450934
0.796225281874533 0.08745512251220197 -0.5986458903644092 142.66166254616684 -0.021312103614962413 0.9929372944198886 0.11671042622498026 -25.22841536056219 0.6046247553179787 -0.08016938877456409 0.7924656297658512 -199.66225967697835
0.7966061215464948 0.08480304223453167 -0.5985207858900303 142.60955594603053 -0.021311127518579928 0.9934352373838546 0.11239334930489137 -24.161111918626716 0.6041229369578167 -0.07677807728676683 0.7931838399069974 -200.3004490027193
0.7964339028190631 0.08055890331623713 -0.5993357168873554 142.80632608271372 -0.021497964533797452 0.9942323707996638 0.10507059710015725 -22.342773385201806 0.6043433427790024 -0.07079728773452514 0.7935722198314001 -200.82552754158394
0.7965326581279613 0.08134554255200974 -0.5990981783001209 142.74279132132622 -0.02396376429303115 0.9943765448786954 0.10315534400124854 -21.84434779658997 0.6041204040061156 -0.06780995282425029 0.7940027378803303 -201.38213226650635
0.7954527398943212 0.08322163755258097 -0.6002741853833831 143.05622591923827 -0.024689172284926154 0.9941538635029846 0.10511203762640207 -22.310575652962275 0.6055124964577547 -0.06879138554467247 0.7928570879473436 -201.53896653704115
0.7931948172391371 0.08272099448008483 -0.6033234778932425 143.82154205960927 -0.020260101833084368 0.9937672702531514 0.10961815929540673 -23.454342557217185 0.6086308488555975 -0.07472516072800305 0.7899269840785851 -201.3628380450877
0.7914422884632505 0.08042173049182026 -0.6059302346778497 144.48353282136935 -0.01587960088983062 0.9936774443930891 0.11114393721656117 -23.87346904073184 0.6110375948398206 -0.07834208172572533 0.7877154155678604 -201.28622727643918
0.7902137099408544 0.0789126558465515 -0.6077294507992473 144.92943414666297 -0.014743923871126746 0.9938358528691648 0.10987681402690133 -23.563633054872167 0.6126539882595995 -0.07786584809185323 0.7865061985582458 -201.4756742650473
0.7885085864432635 0.08155256923896458 -0.6095928047112847 145.43109240677902 -0.018350097094115406 0.9938478658793952 0.10922313593560769 -23.352505432000065 0.6147499353736307 -0.07493729336916023 0.7851540734280256 -201.59872255704292
0.7865306506488563 0.08507660585595636 -0.6116629028524758 145.98109726411326 -0.023116859910597296 0.9938269389640073 0.10850634164557012 -23.12072284301271 0.6171184216807668 -0.0712038378562674 0.783642052914963 -201.72919091075738
0.7860641444264007 0.08725910041121085 -0.611955072078512 146.0384974877249 -0.025091506336547546 0.9936746327064488 0.10945839677917307 -23.34232816507489 0.6176354727158678 -0.07068644644576577 0.7832814622675021 -202.15498527933119
0.784959448550566 0.08759859261172787 -0.6133230394365077 146.38704687960274 -0.025654011048587493 0.9937004255256491 0.10909324464540872 -23.23518727683213 0.6190157799671268 -0.06989957712739457 0.7822617933077782 -202.40593561849155
0.7838094483133001 0.08523397224890054 -0.6151243115903271 146.84864349432348 -0.02255803340674871 0.993790226912452 0.10895925854243502 -23.221375766780387 0.6205915596135836 -0.07152730155661433 0.780864880288779 -202.56014884361747
0.7826359862263491 0.08600914133174631 -0.6165089948012807 147.22062001964616 -0.021900834439903656 0.99359974257553 0.11081473279612496 -23.68316636236747 0.6220942585447529 -0.07322553626445034 0.7795105864094714 -202.72272955866038
0.7823620644474216 0.08640589540047636 -0.6168011197733111 147.27443661111806 -0.021905337910966265 0.9935346132756021 0.11139626741639963 -23.820976925984866 0.6224385562323199 -0.07364097679513473 0.7791965414785178 -203.17668177086156
0.7807089787747689 0.08348820468393175 -0.6192925077369429 147.9257478857771 -0.019935276504178555 0.9938579563211402 0.10885287046223734 -23.204072826896248 0.6245767168340166 -0.07263664595657342 0.7775781905718677 -203.25658418023394
0.7794947442758654 0.08315042131297198 -0.620865485497284 148.33480129895852 -0.02109780146026565 0.9940733364850889 0.10664466448419409 -22.6084177241715 0.6260533734593611 -0.07003005872393918 0.7766292322950993 -203.52665638829006
0.7779446241478046 0.08174859803582421 -0.6229922378960338 148.90335151736275 -0.019283437551558574 0.9941395481597064 0.10637061540204584 -22.56192381825209 0.6280368705702923 -0.07073701650474135 0.7749619111287224 -203.60278874220384
0.7749532084395753 0.08483172958828705 -0.6262995308830016 149.86810108106135 -0.021947857562179145 0.9939655500823897 0.10747454023089649 -22.77867101061847 0.6316374088649582 -0.06954180688242172 0.7721386668325123 -203.31670664534488
0.7752589542920436 0.08880998785691246 -0.6253689629705508 149.60472141732706 -0.0256373917494025 0.9936746529592141 0.10933164322680336 -23.182770974978276 0.6311230291585743 -0.06872750630744875 0.772632028809617 -203.97240461396194
0.7746026822329906 0.08939425985349053 -0.6260985153973001 149.8032773654816 -0.024921294844275882 0.9935056308222437 0.11102022603012571 -23.63575688249107 0.6319569714313952 -0.07039337916126873 0.7717999471556839 -204.2880585290202
0.773271124297937 0.08756070412957578 -0.6280007097283709 150.35150163911914 -0.02217994626173591 0.9935485430370642 0.1112175463348904 -23.722759350220674 0.6336874768455119 -0.0720722951019313 0.7702244906310816 -204.36025517376373
0.771380669835287 0.0901018574390812 -0.6299631080392656 150.97388948926178 -0.024801085207194755 0.9934303069975587 0.11171898366563093 -23.779668697280822 0.6358905317560637 -0.07055409573344082 0.7685475594901249 -204.35949890720664
0.7715503717349642 0.09017113902016238 -0.6297453370716174 150.93549416210178 -0.025127171459876974 0.9934507944098734 0.11146364582597053 -23.682499968103347 0.6356718092931796 -0.0701760983113054 0.7687630753982254 -204.90302514868588
0.7706082299859761 0.09108067594448829 -0.630767204559159 151.2890296452017 -0.02728964733392808 0.9935430844294586 0.11012454100148476 -23.258258862271106 0.6367246116071459 -0.0676494630569451 0.7681180372324532 -205.13840962052836
0.768755630643806 0.09013010011264817 -0.6331598103221083 152.0135319817821 -0.027295526312917706 0.9937415274922972 0.10831773068420907 -22.778019665769158 0.6389598849667677 -0.06598743509911599 0.7664045431834906 -205.28378354043127
0.7691991735918481 0.09542526112610687 -0.6318438500805656 151.71150472088553 -0.03019939551982688 0.993110679282504 0.1132217965114519 -23.97489782779413 0.6382950946512553 -0.06800880997383998 0.7667816989926709 -205.96429212281095
0.7679097608376938 0.0954958312057738 -0.6333996727442431 152.25505629105695 -0.030793249020753602 0.9931849930757153 0.11240705202049034 -23.680307912572356 0.6398174544547389 -0.06681403858104762 0.7656170774111223 -206.07729514913333
0.7668374282199577 0.09420604985117016 -0.6348902100776481 152.7603069451054 -0.030097109950857653 0.9933596239450793 0.1110442321252968 -23.282608138447088 0.6411353387964256 -0.06604451292219252 0.7645806691639955 -206.25206328618583
0.767402203646206 0.09845617919084199 -0.6335615507731572 152.43799155229718 -0.03248111684065356 0.9928405966529975 0.1149457554088177 -24.255442734254945 0.6403427479777771 -0.06763083924409592 0.7651060284009064 -207.06994396441968
0.7653354788404878 0.09369525781936544 -0.6367753163323495 153.4378544601226 -0.028402077005607235 0.9933001831045939 0.11201816043011914 -23.554453615997677 0.6430046087313595 -0.0676457308818745 0.7628690111963444 -206.9718212950868
0.7645227985329425 0.09310004259263067 -0.637837967349552 153.83004843416896 -0.02813720135742706 0.993391625746453 0.11127163069080385 -23.361206060676455 0.6439822889048499 -0.06712272317233108 0.7620901203996816 -207.25734477598925
0.7633244080539457 0.09230972583059108 -0.6393862389715427 154.39114239032287 -0.0293191354307768 0.9936687986433138 0.10845601366611882 -22.559640611948005 0.6453497008341177 -0.06404087069859912 0.7611980888792879 -207.4901396651676
0.7633710068958034 0.09438536498753468 -0.6390274710112681 154.43750867612607 -0.032609256474233225 0.9936368679852485 0.10780728626889469 -22.325453905910308 0.6451366849149759 -0.061458745973503176 0.7615914129769843 -208.04659532935344
0.764455657689707 0.09544538662066943 -0.6375717415311226 154.1462059766588 -0.036463631535671205 0.9937979396827239 0.10505264707566421 -21.45168069266384 0.6436442736492172 -0.05705990935152451 0.7631947430003482 -208.89445886974667
0.7646814865565041 0.09632962560186561 -0.6371678172578551 154.16618592147253 -0.038359776772530836 0.9938150196763526 0.10421244739306647 -21.181526206029385 0.643265692885682 -0.05524771395356952 0.7636471295429638 -209.45795271447014
0.7651354671197489 0.09683031156955399 -0.6365466265064852 154.11904212603426 -0.040256486035979505 0.9938871455920237 0.10279959707593364 -20.72946177697733 0.6426096266688499 -0.05303048734720828 0.7643563534924263 -210.10174010400397
0.7653708244186207 0.0977383808216277 -0.6361247598098405 154.13552727312535 -0.04098198926764085 0.9937967836355917 0.10338486055133976 -20.87634167309861 0.6422834091617404 -0.053058097873175544 0.7646285768696149 -210.64238711660468
0.7669232104769983 0.09782122563948484 -0.6342395423229639 153.67059756250308 -0.03981835512947126 0.9936633113373841 0.10510814572053037 -21.394155103100978 0.640502371444819 -0.055355501229904236 0.7659585371657849 -211.46475824502198
0.7673335358234455 0.09750433815794851 -0.6337918813309851 153.62721819254654 -0.040385961270271054 0.9937583384409283 0.10398720551780197 -21.025768819251653 0.6399751705597376 -0.054196575717528894 0.7664819060144401 -212.03558978591855
0.7691720410396641 0.09671912549865817 -0.6316801263659102 153.0725307534828 -0.04026104928723222 0.9938508353684896 0.10314826681843287 -20.778449657627554 0.637772231437814 -0.05390665821705487 0.7683362890080757 -212.97079860280164
0.7693780689484345 0.09662867338698869 -0.6314430192033552 153.09692459014855 -0.040483061851069646 0.9938814508670075 0.10276567192236324 -20.651234537662788 0.6375096146132547 -0.0535029074159806 0.7685824159930388 -213.44561820485106
0.7699943953389967 0.09705688485868666 -0.6306255562915767 152.94071227674578 -0.040991479265444504 0.9938458907285477 0.1029079399736014 -20.66976203420145 0.6367325417898503 -0.05338826260056939 0.7692342709749281 -214.04530949569352
0.771148177151779 0.09719573259163736 -0.6291927196348216 152.60175256515302 -0.0413731190043635 0.9938394169564454 0.10281769462268363 -20.599283654943278 0.6353099667873464 -0.05325601252110014 0.7704187453787797 -214.7602124770062
0.7728250235232035 0.09609599187292976 -0.6273013975453249 152.12592974404353 -0.0404278106088871 0.9939161726115123 0.1024511295723695 -20.493504435350093 0.633330147036861 -0.053816374527092634 0.7720082400382963 -215.57265400189746
0.7758405219471923 0.09424146577469063 -0.6238509682875758 151.1945386483465 -0.03767461201626242 0.993937019128552 0.1032948479609338 -20.768052516789027 0.6298032296790262 -0.056636985570262706 0.7746871263622377 -216.62149693065672
0.7795233586600601 0.09323133123048878 -0.6193958767866721 150.00210586906195 -0.036466288754119905 0.9939384606424987 0.10371377073523667 -20.902357590483955 0.6253107572142353 -0.05826023800681708 0.7781980477870325 -217.87101040192306
0.7846895043848546 0.09320903241012586 -0.6128412991839073 148.22128792383418 -0.03625835502536913 0.9938394360785089 0.10473064014893553 -21.18613647690085 0.6188276928185305 -0.0599604167123582 0.783234980723266 -219.48082945822586
0.7919184611645265 0.09189116611906073 -0.6036730608997617 145.6916719409723 -0.03560850622823927 0.9938792199520556 0.10457595532285088 -21.12535875085076 0.6095877173557566 -0.0613197336652129 0.7903434096089026 -221.5749821592456
0.8005029223192617 0.08898956071746197 -0.5926853545023998 142.6539651552107 -0.03305548508233925 0.9939654708669862 0.10459434798373109 -21.17606581263516 0.598416582544546 -0.0641365793247795 0.7986138572102434 -223.94340705610358
0.8117454891285643 0.0862065925647039 -0.577613784702037 138.45579763822477 -0.0328554718696632 0.9942200884600898 0.10221024249375932 -20.556117687544383 0.5830864248528255 -0.06399092983223834 0.8098860302854691 -227.00287473334828
0.8231993935890183 0.08265513757149709 -0.5617035576064207 134.05408641784834 -0.03038688470525885 0.9943422146447891 0.10178505495997614 -20.472834317521652 0.5669386171646644 -0.06672097427595725 0.8210535402512342 -230.0115155201839
0.8361363235436253 0.07949349394117379 -0.5427309028164644 128.79069227438654 -0.02862160144651818 0.9944178967764306 0.10155712924938916 -20.43381960298978 0.5477744539329912 -0.0693817770871072 0.8337441553778044 -233.38581176282247
0.8504959346297698 0.07592708095228012 -0.520472615568101 122.58691803814727 -0.0269578001925789 0.9945180809733477 0.101030013490382 -20.307038565323342 0.525290340846861 -0.07189481897296689 0.8478804118611497 -237.0389404907831
0.8654913303488019 0.07236399266624008 -0.49566945604551965 115.69926439367234 -0.026495184140736615 0.9947385303992995 0.09896090822335049 -19.76705701865825 0.5002227127074594 -0.0725169545998885 0.8628548713353528 -240.8450141924173
0.8815589192701097 0.07050538909029792 -0.46677924328802567 107.6653414661444 -0.027507078988146447 0.9947758423121662 0.09830759969432719 -19.54936518567097 0.47127193048266314 -0.07382420782741868 0.8788929137715231 -244.86876883875573
0.8979838436822114 0.06774044543617115 -0.4347829901661641 98.77698313829067 -0.028839508267617595 0.9950151971725447 0.09546224467591358 -18.741973141073508 0.43908233766413746 -0.07318462576109203 0.8954611724154238 -248.9058569532171
0.9141026902965411 0.06411359185692155 -0.40038196629197725 89.23828591317127 -0.029315166118576496 0.9952859356042286 0.09244743059628836 -17.924991924950103 0.4044216767534428 -0.07276918116633836 0.9116730519458796 -252.81546753664145
0.9292384497828661 0.059694592279673823 -0.36462646516359654 79.3613893026066 -0.028811284489065718 0.9955642997823186 0.08956358012625229 -17.1476367832291 0.3683555528714425 -0.07272056553345138 0.9268365044695148 -256.4133898979006
0.9436112219444793 0.05654333131433155 -0.32619122229809383 68.76088548759346 -0.02910936435639185 0.995661047635842 0.08838395288435806 -16.825513574113423 0.3297734172537464 -0.07390487064176039 0.9411628782353303 -259.7121020307735
0.9569983086596514 0.052782219241623504 -0.2852512481208378 57.495848756059985 -0.02949114867243083 0.9959152471142266 0.08534103769810576 -15.982970327014726 0.2885905566239948 -0.07325884176901869 0.9546458153315892 -262.73690172506076
0.9689639689779225 0.050378650531515676 -0.24201408717918685 45.6433942383668 -0.030606324511867854 0.9959297925472672 0.08477677286044527 -15.803710609620431 0.24529997905100984 -0.07473847661934721 0.9665619899365966 -265.33188252518636
0.9794918862633363 0.04637530541147506 -0.19607390390432855 33.071744086342854 -0.030562062502832867 0.9960874130508116 0.0829205999575185 -15.291079838222435 0.19915221585476872 -0.0752276319561788 0.9770768640748799 -267.43362187603776
0.9878595290300961 0.04583665441127426 -0.14843366200703279 20.11201299760975 -0.03360495485377538 0.9959082017559066 0.0838901703693123 -15.512339929900637 0.15167154615718914 -0.07788359768075649 0.9853577458459388 -268.95187998884467
0.9942823267879951 0.04157613741311677 -0.09835689825760074 6.4890987483907985 -0.03369566372800661 0.9961874506975031 0.08046841193125964 -14.55429674687817 0.10132747348562232 -0.07669411887892982 0.9918925119418964 -269.91136341747875
0.9982772857231332 0.036409192234208625 -0.046009037482935326 -7.725722135453177 -0.0325749141103796 0.9961406140221037 0.08150308010356172 -14.870532864133185 0.048798932159987866 -0.07986393313955084 0.9956105746744187 -270.11364798823655
0.9994285322093764 0.0324904737543733 0.009326206143329229 -22.71373712807092 -0.03314703437167792 0.9960784718163412 0.08203019015207151 -14.999946185873384 -0.006624433422889422 -0.08229244861613115 0.996586207903053 -269.52305713848637
0.9973877963373716 0.029378803472590895 0.06598840522243757 -37.980270630851486 -0.03475121383966575 0.9960426729139095 0.08180065324424154 -14.927016139441536 -0.06332406220349077 -0.08388015045905498 0.994461755677419 -268.0479123215073
0.9918462899979728 0.03048175547401181 0.12374085663385331 -53.43744270161447 -0.040282681915879776 0.9961788329545496 0.07749218225715263 -13.648858346306652 -0.12090592439959813 -0.08184494704338355 0.9892841665004775 -265.647588975193
0.9820076374330909 0.025681259240178396 0.18708680591350563 -70.42328790640927 -0.040223995249246296 0.9964202330850589 0.07435556001339397 -12.795080087929186 -0.18450753434282186 -0.08054310661102893 0.9795252818320601 -261.9700128475023
0.9682032657300926 0.018585332630389015 0.24947348885322776 -87.07503579522478 -0.03726696613585079 0.9968245103489172 0.07037093720187927 -11.747403727442537 -0.24737342109574564 -0.07743049127223255 0.9658213652413823 -257.1704184842365
0.9504943421680775 0.006264064746699088 0.3106787199009981 -103.39460673436044 -0.02941096470511247 0.9971220438058287 0.0698757820106624 -11.782303535992693 -0.30934689373192076 -0.07555389632134231 0.9479430932756858 -251.26436192584245
0.9280304269745967 -0.0034504517124520403 0.37248841725928583 -119.80252640507226 -0.02461741813452007 0.9972030161572012 0.07057001694325164 -12.06866865749099 -0.3716900716103916 -0.07466082607338777 0.9253497996521647 -244.1374834683026
0.903202018550032 -0.009479896017865645 0.42911099410133763 -134.66099261692378 -0.021652885744825025 0.9974767246670142 0.06761165791849198 -11.281900853815491 -0.42866918040147145 -0.07035847723662077 0.900717724070574 -236.50739260934287
0.8745193704419968 -0.014255822833101043 0.4847810250381967 -149.22127065072385 -0.019759313722597413 0.9976906857636313 0.0649835753225924 -10.61059451066197 -0.48458790765241494 -0.06640833574067566 0.8722181451341219 -227.85258211628505
0.8430336028356228 -0.017273412848816515 0.5375834574264202 -162.9308059177866 -0.019376331072436668 0.9978600739338471 0.06244862402734364 -9.926364334832527 -0.5375117694378058 -0.06306268355605822 0.8408948778881624 -218.5214279629426
0.8095015057598153 -0.020993056752315886 0.5867423657285927 -175.6032393029143 -0.0183612795859161 0.997966517298661 0.061038461339954 -9.587434119554521 -0.5868306191607245 -0.06018406698599957 0.8074699390667526 -208.7356417705194
0.7709997219705224 -0.02431029928278817 0.636371305190734 -188.35027587961355 -0.016577192556586524 0.9981663894978194 0.05821559553787299 -8.846656448205952 -0.6366196866327014 -0.05543345763768155 0.76918301227082 -197.56110005152675
0.7291237391313207 -0.030159482469531394 0.6837170311264245 -200.42511872077014 -0.012654453369929215 0.9982636135193872 0.05752932063846987 -8.732508521345988 -0.6842648886542917 -0.050598058662221584 0.7274760467634273 -185.5368952294118
0.6821325305165116 -0.03395189024290742 0.7304399222113164 -212.26932660372427 -0.007077594268535289 0.9985681356194369 0.053024392357590815 -7.5929435223579675 -0.7311943096540826 -0.04133942034493598 0.6809155115394525 -172.19381224681524
0.6319337767673339 -0.03870466206090981 0.7740553280711425 -223.2199999301014 -0.0003734619951590648 0.998736893604361 0.050244182545340035 -6.952562369518994 -0.7750222979416216 -0.032040076283649035 0.6311211224519635 -158.0265860668196
0.5785276768472938 -0.0414879485928797 0.8146069464737137 -233.28140649064184 0.0056326564632090785 0.9988849776412037 0.046872962610650805 -6.138784704693914 -0.8156433045779513 -0.0225289050840597 0.5781162929142135 -143.05017619381357
0.5236057012476287 -0.04476691053178965 0.8507837523968226 -242.126318689939 0.011857445959027369 0.9989047190117635 0.045263266688993165 -5.809689569722417 -0.8518782017379644 -0.01361198212858486 0.5235630271001032 -127.75081467270998
0.46563885904696073 -0.04533765917231067 0.8838127344671041 -250.08010681122806 0.017776938391515493 0.9989645341813276 0.04187887187242535 -4.9770843375358895 -0.8847962666099292 -0.0037889455865914544 0.4659626706984938 -111.67080650321897
0.4053784933346226 -0.045775468331302575 0.9130021268544786 -256.96743048671357 0.021955586133298934 0.9989449232768239 0.04033599505409283 -4.625978192722026 -0.9138852386264342 0.0036941519338576888 0.40595581515996904 -95.07734734864414
0.3454556083415387 -0.04569577398803169 0.9373218864963156 -262.5388954169182 0.025243933278744524 0.9989048196719763 0.03939422633730363 -4.416333100426516 -0.9380954996683416 0.010052734738922452 0.3462308132247521 -78.65131359844293
0.28576783605162004 -0.04606076607066424 0.9571912816712016 -266.92235075848134 0.02675085092448483 0.9988383808462449 0.04007843464093328 -4.622392594167841 -0.9579254333470795 0.014152553742527088 0.28666804734635926 -62.357780503900614
0.22578929360455663 -0.0464868484819784 0.973066373795626 -270.2454846079347 0.028704160081291532 0.9987445688535403 0.041053104384240736 -4.91405581041959 -0.9737531854056154 0.01866170152395967 0.2268401966333298 -46.093023773291044
0.16783986546665217 -0.04732924956473898 0.9846774708988598 -272.46466646210797 0.030373125318112162 0.9986209108674704 0.042822303028146366 -5.420144417369206 -0.9853462603666522 0.022720442642316523 0.16904593656042388 -30.488326780937513
0.11284072274020891 -0.04819936179234952 0.9924433448889047 -273.708053464477 0.03182198593568961 0.9984856665234272 0.044874658309297544 -6.00740833893523 -0.9931033845992954 0.026517829286682417 0.1142036436693081 -15.805963637814328
0.062391662406488156 -0.0496306960451936 0.9968169714005798 -274.1251449099512 0.03368661351853797 0.9982984696109476 0.04759598346596612 -6.791067617319318 -0.99748307881979 0.030609795531977502 0.06395739117321049 -2.4595260654520796
0.014508419737657345 -0.04520270729678727 0.9988724748483947 -273.9243523382783 0.037121228435275225 0.998313299189562 0.044638224210960205 -6.032900271535687 -0.9992054444188002 0.0364317432233597 0.01616192839778459 10.144174281955667
-0.03541964620677597 -0.03841577330844284 0.9986339054046288 -273.0956153572425 0.04159947006750182 0.9983381599470017 0.0398798505982387 -4.79220252178791 -0.9985063508825017 0.042955171455241 -0.03376270860818202 23.247826579213424
-0.08500859984646537 -0.03271036328639791 0.9958431453225027 -271.58823382153975 0.047459475369322324 0.9981936162980192 0.03683887321229163 -4.023749390038663 -0.9952492834208986 0.05039381425884016 -0.08330262501646213 36.21940695536752
-0.1329941701270966 -0.030184412297468294 0.9906570809147135 -269.50532576671515 0.05062668291309097 0.9980243955642757 0.03720544094322281 -4.148012841458931 -0.9898229587605161 0.05510178865353413 -0.13120328958436608 48.68452845158492
-0.17971926726954696 -0.030686483882221588 0.9832392001334382 -266.88041596574 0.04955298297850311 0.997962017063645 0.04020341249438095 -4.935538925894387 -0.98246907679073 0.05594776318323477 -0.17783239565603157 60.67724464286736
-0.22328490327977935 -0.029334390904193652 0.974311729108102 -263.88963083531934 0.047171816579338194 0.9980507575520943 0.04085957746105688 -5.074640585029134 -0.9736111501456548 0.055083380978029964 -0.22146591036113064 71.84226310026801
-0.26535418737394173 -0.030365977518337597 0.9636726947737343 -260.4888552816605 0.04310492459732565 0.9981308801857173 0.04332102832509791 -5.710472072766416 -0.9631869604176407 0.05303445511213329 -0.2635492854332662 82.50440174903484
-0.3060111389875348 -0.029195102686027614 0.9515801746540876 -256.73837232927275 0.041304454088023704 0.9981813773269912 0.04390763065893491 -5.834844044747904 -0.9511314971590638 0.05274072370325801 -0.3042487324134886 92.74847942571068
-0.3457693652870922 -0.02795842281019381 0.9379029121518536 -252.61698047605068 0.04323568181160105 0.9980195964570424 0.045689833727074296 -6.311128758632854 -0.9373229015911471 0.05634901668785481 -0.34387580093845577 102.65900078459393
-0.38311746871164243 -0.029447883028656467 0.9232301053113 -248.23202120189538 0.04246332043277048 0.9978735224036734 0.04944997172404532 -7.324787004703112 -0.9227230741592015 0.058148563789792704 -0.3810523231045533 111.9771416196874
-0.4213083681989365 -0.030121007202134426 0.9064171135910213 -243.3280133647121 0.039971934229258196 0.997860373753539 0.051738950186678644 -7.964834701550821 -0.9060361490357443 0.05802929792421 -0.4192029308376816 121.38775244843194
-0.45864294759393764 -0.025668063780918824 0.8882498506186663 -238.05093555718173 0.0435757389911131 0.9977305223488456 0.05133185896572965 -7.8530648969415005 -0.8875515768639718 0.062249138750972745 -0.4564835628267892 130.5436103346647
-0.49435029361389565 -0.019424406866771847 0.8690457293041197 -232.520930660884 0.046780146677799485 0.997707051169237 0.048910713795539504 -7.228026051454986 -0.868003113520141 0.0648331124122521 -0.49230809708380946 139.26206839173014
-0.527745547689037 -0.01663173599079371 0.8492396730324901 -226.89774076502852 0.05032537484881204 0.9974396756633367 0.050807972395523204 -7.764732214546566 -0.847910368813075 0.06955198610068751 -0.5255573495715999 147.29405009121228
-0.5598896255203444 -0.011606150532601202 0.8284859108666262 -221.05493181424407 0.054236211908823724 0.9972440741170774 0.05062301804667921 -7.7317680083282 -0.8267902034690963 0.07327724004210204 -0.5577171375700611 154.96268661733941
-0.5899153034414814 -0.011353785606355127 0.8073853022677276 -215.18718214293673 0.05332543853201199 0.997170501020597 0.05298480442259278 -8.369137458115773 -0.8057023844887848 0.074310722286469 -0.5876406930960021 162.00422628250286
-0.6176165744536162 -0.008926921746589676 0.7864286852781447 -209.39571066273191 0.052379306392901295 0.9972486174479466 0.052455726665034313 -8.209124095476756 -0.7847331872821356 0.07359011527568418 -0.6154496890174957 168.4184118062731
-0.6436139271592595 -0.008074858592044515 0.7653077220473826 -203.60411906111923 0.050041588910671786 0.99736065633099 0.05260760954759512 -8.24564142175139 -0.7637126109643148 0.07215620459624644 -0.6415111300611501 174.34095555631237
-0.6673999308620513 -0.006015377635313537 0.7446751959862995 -197.981270027588 0.05137048502957721 0.9972135148371455 0.054095093067414 -8.628587276413388 -0.7429255720145559 0.07435738738048 -0.665231217990252 179.60719417655167
-0.6895542197959801 -0.00629931772239781 0.7242066670210857 -192.45755799981714 0.050764984207722574 0.9970822002755326 0.05700879118252081 -9.396307033185712 -0.7224526934962227 0.07607499253982788 -0.6872224539187571 184.4471745914999
-0.7101155220549593 -0.0038216574323586758 0.7040748115584609 -187.02201619945632 0.05141578018071843 0.9970339567132542 0.057268723655416694 -9.451083614274458 -0.7022053566336707 0.076867965337858 -0.7078127951794863 188.74655571575022
-0.7279205665290405 -0.0035858317713730777 0.6856520915410002 -182.08856301964602 0.05055028701342962 0.9969843241260985 0.058880607416070915 -9.874764115844016 -0.6837955230234404 0.07752031512663625 -0.7255441292132178 192.34908588841344
-0.7444723701964402 -0.0036910511007098926 0.6676430679306619 -177.29305199303008 0.051006478251913887 0.9967478392574501 0.06238656996454081 -10.781447612503388 -0.6657020573728397 0.08049919923437412 -0.7418629588624795 195.50941012274976
-0.7594487645342862 -0.004438365496660598 0.6505519771386943 -172.78039705923513 0.05015320442660823 0.9966013923368361 0.06534769221649983 -11.55766367255814 -0.6486310431463245 0.0822554904185587 -0.7566450978912856 198.24534855568828
-0.7722696493705378 -0.005319051536907791 0.6352726157736176 -168.74135859188067 0.04833117554576066 0.9965751116936652 0.06709801951714939 -12.00395308285633 -0.633453775844356 0.08252123631833574 -0.7693676360655041 200.33981301352622
-0.7823753415726195 -0.008721976662094746 0.6227461377015783 -165.47816062695267 0.04390350049438412 0.9966420946910924 0.06911597307490662 -12.522789291503535 -0.6212578430438257 0.08141536840706108 -0.779365273952898 201.7585046703478
-0.7895968766936856 -0.012619491169739818 0.6134961456750919 -163.06065167584796 0.03992925999132764 0.9966129429465194 0.07189086275753456 -13.248848475802173 -0.6123254253353535 0.08126124780050184 -0.7864185800791992 202.31507947169268
-0.7938912038803834 -0.017214063752821522 0.6078161172677715 -161.56504432664613 0.03698747660034143 0.9963810407856238 0.07652939394569651 -14.45468241685369 -0.6069338373958851 0.0832375971065372 -0.7903814392126343 202.01783999826188
-0.7955497100545619 -0.02018587993517941 0.6055519705882766 -160.9721917136949 0.035531746446318666 0.9961704328772584 0.07988719331412841 -15.311330992791051 -0.6048455619631983 0.08507055255713886 -0.7917858594727781 201.0950641116725
-0.7955122083141806 -0.023084733430473486 0.6054976643270721 -160.96886207842036 0.032548315125378965 0.9962033839281096 0.08074295655152741 -15.521876154415226 -0.6050627517915764 0.08393993645831999 -0.7917405847004297 199.69858051321194
-0.7935356115145135 -0.025972610296492386 0.6079692893334941 -161.5006272848705 0.030061450436331294 0.996195736021963 0.08179464975977628 -15.753441953802062 -0.6077808342288785 0.0831834060738499 -0.7897360182352087 197.68499156776576
-0.791184055072495 -0.0271331264735797 0.6109759278783509 -162.21002390279813 0.029896780036357744 0.996105039740942 0.08295138543842598 -16.032707283672657 -0.6108469313522831 0.08389602642834401 -0.7872912315065078 195.6632944510231
-0.7890029083601696 -0.028636582924994464 0.6137217257988948 -162.86462027876829 0.029784976909794883 0.9959558239533959 0.08476350561294559 -16.45438469994447 -0.6136670642536365 0.08515833988337716 -0.7849591017362818 193.61425054373274
-0.78580701853529 -0.03009979136088671 0.6177388867318534 -163.7767296913053 0.029317679412921564 0.9958792874984379 0.08581910280028227 -16.68944243796516 -0.6177764994676631 0.0855479239469629 -0.7816864776966819 191.21805754756906
-0.7817327776430435 -0.03293841008374662 0.6227430653966747 -164.95520098836403 0.028859996703049652 0.9956233388631966 0.08888907526350219 -17.400004582236267 -0.6229453948371334 0.08745986652205419 -0.7773607957693471 188.62273718782322
-0.777254101644374 -0.033813616403728514 0.6282775667033628 -166.2516480920119 0.029621532716146492 0.9954810940644808 0.0902217055909006 -17.74350323817258 -0.628489161622174 0.08873573522480323 -0.7727401523264922 185.9634051869118
-0.7729347365653193 -0.035781904707098355 0.6334757677340409 -167.45189661632048 0.029605122039790724 0.9952871873605776 0.09234149351660911 -18.23546810370575 -0.6337944696506191 0.09012807537832479 -0.7682327123137164 183.32456292334305
-0.7686945495020451 -0.03649691136731063 0.6385739307445104 -168.5988799494723 0.029547083190626138 0.995278676155105 0.09245175317898376 -18.198685796858616 -0.6389332198600839 0.08993515581566637 -0.7639869163196694 180.67329669170252
-0.7643195910998282 -0.03867438450574881 0.6436768246908482 -169.7481237827255 0.027879331225443782 0.995284592673695 0.09290491094005078 -18.273454683684527 -0.6442346665240961 0.08895432293856363 -0.7596372969247418 177.9874643346774
-0.7594227585206388 -0.04049101664863888 0.6493362391024107 -170.97985890044703 0.02595479951240226 0.9953813511693596 0.09242464025642744 -18.212355867941657 -0.6500795506883557 0.08704276716085416 -0.7548643152658674 175.23390189204255
-0.7554314991944382 -0.04232972672284782 0.6538588871158766 -172.0401852095262 0.024606823848638795 0.9953743031169441 0.09286819108037107 -18.246987652921856 -0.6547654192494634 0.08624494727244765 -0.7508955019342219 172.69902982733416
-0.7511342608790393 -0.04474600965059504 0.6586312448966023 -173.1305784065885 0.0250272149664659 0.9950527478101419 0.09614399402202971 -19.039947519618092 -0.6596748901123353 0.08870075363735437 -0.7462983422596111 170.0074174345172
-0.7462696432879925 -0.04354155966579791 0.6642181509780368 -174.28712621225645 0.028103642738309273 0.9949075300554108 0.09679458612897267 -19.136110957160437 -0.6650502272547915 0.09090181087806441 -0.7412456111218728 167.24145243161016
-0.7427005910105144 -0.04396730970964468 0.6681786496061728 -175.20764020589874 0.027672471680432735 0.9949744000606148 0.09622981624796002 -18.9882044773435 -0.6690516171594896 0.08996009615888974 -0.7377513908325454 164.79797172491706
-0.7392869538051147 -0.04423115726959605 0.6719363099730112 -176.00874353579005 0.027572086407932062 0.9950153859978567 0.09583403194403493 -18.858851341765455 -0.6728258169724671 0.08937553554597054 -0.7343823484134155 162.4171054623849
-0.7363136354446803 -0.045273616603358956 0.6751240848154438 -176.7097380250007 0.02680466071739141 0.9950242044441987 0.09596011011881264 -18.870505035140678 -0.67610926662934 0.08875320957487215 -0.7314363453972565 160.1948957911942
-0.733870498352066 -0.045950062237821915 0.6777334899714124 -177.2541366461147 0.024247015924724186 0.9953017411575185 0.0937364724510043 -18.3418424470069 -0.678856519352386 0.08522344647543897 -0.7293084329031246 158.04940297612538
-0.731018567603588 -0.047628302215547626 0.680693322023114 -177.86687515075337 0.021517079095825724 0.9954559543972621 0.09276021864042726 -18.173909342099343 -0.6820182322533483 0.0824559742110925 -0.7266719639499774 155.82746137440358
-0.7283808661162372 -0.048994824641644494 0.6834184816304681 -178.43799500437862 0.0224703764032229 0.9951954231736039 0.09529507793485432 -18.70604082053792 -0.6848039106635252 0.08476778192595923 -0.7237803721345968 153.61878038077373
-0.7257813806562282 -0.04941208770012124 0.6861485503022321 -178.97552046302897 0.02276536480957444 0.9951455888856495 0.09574442587702783 -18.83483729726289 -0.6875486351217827 0.08510994366435812 -0.7211332552528856 151.40573279784076
-0.7241627297593368 -0.049075526670278216 0.6878807552981407 -179.31725827375405 0.023723117801145735 0.9951016820497423 0.09596799499607876 -18.77281071711946 -0.6892209765447499 0.08581512141696966 -0.7194513259608964 149.40741605034123
-0.7226493450117688 -0.04747776478628542 0.6895823272133356 -179.65295374110985 0.024584022798905147 0.9952416330487801 0.09428529932826621 -18.321586811022136 -0.6907774967216901 0.08508791745774485 -0.7180435197991968 147.47675748453455
-0.7212939600845889 -0.04796263643336807 0.6909664309153174 -179.90882075435132 0.02390594535326165 0.9952812168170294 0.0940415080056746 -18.2961131025972 -0.6922163887992385 0.08434977746013941 -0.7167437381101887 145.630670951922
-0.7201261157211363 -0.04921269749819364 0.6920957216031175 -180.10431805753643 0.02325920752479824 0.99520863170656 0.09496730301569727 -18.45621004339045 -0.6934532332621336 0.08448603305699813 -0.7155310779390263 143.87569773307766
-0.7189075833548279 -0.04711302090349096 0.6935072096642316 -180.35306166891183 0.02279664976569549 0.9955656936498551 0.09126479270202609 -17.636471334088586 -0.6947317463268694 0.08142059253549314 -0.7146457078558491 142.09108050945895
-0.717691318333013 -0.04519959813695769 0.6948929183102094 -180.581758281454 0.02531411405453171 0.9955382545793329 0.0908998311261898 -17.349299597635284 -0.6959011188517058 0.08282861822699444 -0.7133449745975301 140.1417512574694
-0.7169474237124746 -0.046370109388079256 0.6955833555997318 -180.73808093903807 0.02694103504462036 0.9951970271924288 0.0941119423775607 -17.992897849525235 -0.6966064687201591 0.086213050187836 -0.712254685989878 138.37098378125214
-0.7168492635031394 -0.048593177287182876 0.6955327717197393 -180.82360878442094 0.02657148740548716 0.9949396613876055 0.09689698785296123 -18.54695889136365 -0.6967216728881531 0.08794187466192253 -0.7119305704974889 136.74084112804493
-0.7159688903162905 -0.05100607679541752 0.6962664204377514 -180.98543819553757 0.025732348464671786 0.9947217300308074 0.09933038833615308 -19.116696932060435 -0.6976577917157899 0.0890340380666756 -0.7108773070817421 134.93272248453894
-0.7150506023791687 -0.05257409269217975 0.697092964255688 -181.23456920295132 0.024736017520079673 0.9946408183310692 0.1003881066010727 -19.393204579017542 -0.6986349300417452 0.08902587987375421 -0.709918042620604 133.19871508684122
-0.7114829143768068 -0.05665626645773966 0.700415683734277 -181.71144760352485 0.021148312405518833 0.9945665006632686 0.10193245136274728 -19.777407062093687 -0.7023850877063691 0.08733580725847712 -0.7064188880106662 130.70643249882534
-0.7131608924649443 -0.056018001326767895 0.6987585598659657 -181.76761706173883 0.02145982363600526 0.9945901324626525 0.1016363339433004 -19.57883714673767 -0.7006718329061871 0.08747829408074187 -0.7081006500749788 129.61099814108016
-0.7099968192759245 -0.057254962740536826 0.7018734828013166 -182.0511952281331 0.019438027238021648 0.9947161519032466 0.10080644939631275 -19.460420376499766 -0.7039365594392467 0.0852152943102186 -0.7051323804084298 127.51633982315565
-0.7070642183007987 -0.05964796980390817 0.7046292009964903 -182.44752916288334 0.01939011300421203 0.9944261786538047 0.10363685987945456 -20.108827356890686 -0.7068834520034857 0.08694075515120553 -0.7019665877927338 125.25827230958421
-0.705610845615587 -0.06014133966408368 0.7060427421998371 -182.75677801139688 0.02088464707008987 0.9941937960618429 0.10555817064017746 -20.33752734434926 -0.7082917238443592 0.08922844353429209 -0.7002578944917605 123.40423337123602
-0.7045551342487617 -0.06057117977142901 0.7070595413293047 -182.93530253031332 0.021515735580337 0.9940694070489338 0.10659778183348328 -20.430201590018545 -0.7093230124041842 0.09031692062110572 -0.6990734710481971 121.62399768622535
-0.7033683798819163 -0.0626815894979421 0.7080564529190451 -183.10864813053064 0.018831934788936536 0.9941115925549412 0.10671222882118041 -20.631687008845486 -0.7105760201515342 0.08839208044779916 -0.6980462446713084 119.8697315260547
-0.7031744668968659 -0.06550200926498616 0.7079937541296236 -183.24690878475474 0.016705731240026372 0.9939505976764305 0.10855011709989928 -21.027250292575424 -0.7108210658443125 0.08815722409942084 -0.697826422680483 118.25019111931178
-0.7025901128894153 -0.06850481571125142 0.7082896466096383 -183.3919898311157 0.013864194432343581 0.9938485692896804 0.1098763188025435 -21.400987929372626 -0.7114597088962812 0.08701788060636437 -0.6973184144076475 116.6190121971382
-0.7013195311505227 -0.0706929230880788 0.7093330852653597 -183.5701616485614 0.012290166895567087 0.9937235142629077 0.11118691019474918 -21.62121695760038 -0.7127410939636427 0.08669537373031554 -0.6960488812930244 114.69017963382139
-0.7003719625621857 -0.073001904817049 0.7100350948719892 -183.73918413473683 0.01188659856096733 0.9934253089570977 0.11386335801365258 -22.054513204214206 -0.7136790755174504 0.08818660565288433 -0.6948994889564821 112.82289086630777
-0.7004562811664158 -0.0711686117228881 0.7101380336807428 -184.0264489015708 0.013903114800221779 0.9934661944794874 0.11327675765706612 -21.766938164286902 -0.7135598794588769 0.08921854701732497 -0.694890170670697 111.38748578323973
-0.6998478054406414 -0.07362236653274298 0.7104877172520554 -184.1342652451497 0.008603754619762531 0.9937330436190883 0.11144780583746862 -21.616914733329104 -0.7142401729294994 0.08410936431611903 -0.6948284609944941 109.62856075669843
-0.6999315589317469 -0.07157238201190656 0.7106146683994893 -184.04389922351731 0.013624589601403812 0.9934470035407708 0.1134787280244914 -21.47492592938007 -0.7140799558659855 0.08910917623345467 -0.6943697655726575 107.12699878667641
-0.7004384848763507 -0.07256499841349723 0.7100142603563474 -183.93388835300843 0.011989654338113467 0.9934811912219362 0.11336388700593364 -21.58950701801397 -0.7136120634441198 0.08791725481093388 -0.6950024310846219 105.01139051863281
-0.6998622415390321 -0.06954154863936476 0.7108845306242079 -183.96560397198576 0.014276247607818593 0.9936886211559575 0.1112614620585768 -20.969308549478377 -0.7141351634125025 0.08801645981298463 -0.6944523534266318 102.72380057417094
-0.6997067562861684 -0.07241456741979838 0.7107507197554512 -183.81295546923351 0.012479330418530984 0.9934592045611172 0.11350363511842954 -21.50510512618612 -0.7143211613271678 0.08828895343244217 -0.6942264322121496 100.4235863555235
-0.6992584447719715 -0.07455555132538763 0.7109705318658792 -183.83811919990805 0.011980549297108116 0.9931847805926854 0.11593298942751477 -21.974248011902155 -0.7147685596426463 0.08958493939065974 -0.6935996285904056 98.2917945296822
-0.6988008101683725 -0.07453195559939726 0.7114228105019936 -183.78420848766962 0.012633686519184745 0.9931158524899804 0.11645296689236276 -21.95690608802004 -0.7152047382903451 0.09036532038137332 -0.6930485489483479 95.90417675022142
-0.6989279891667812 -0.07267925326575593 0.7114895586753271 -183.80390047871484 0.013595666236350487 0.9932931162560447 0.11482135279618283 -21.55624524215499 -0.7150628111004442 0.0899250317936437 -0.6932522375283348 93.92225728819696
-0.6985490993049973 -0.07299234193311013 0.7118295258552408 -183.8022580576609 0.013070201624261459 0.993316168099049 0.114682867170835 -21.53778343361795 -0.7154427480166937 0.08941536899293187 -0.692926089924589 91.76997404890156
-0.6970386508519292 -0.07344602128554886 0.7132620844933825 -183.8472493702165 0.015051921982394714 0.9930221987323694 0.11696303890275139 -21.7096174545136 -0.7168755532609256 0.09226372408511016 -0.6910693498881197 89.10495645618758
-0.6965827610593357 -0.07269168957685744 0.7137845440056922 -183.92806645854674 0.017058870424180975 0.9928950755616219 0.11776401770206292 -21.750996659721114 -0.7172736241733717 0.09420874265131969 -0.6903935550635261 86.84185312531469
-0.6956151523897781 -0.07372151124739072 0.7146220669312883 -183.97679020010577 0.01642796158162672 0.9928285571439284 0.11841274508167389 -21.857364683734566 -0.718226762132976 0.09410948357581041 -0.6894154939200858 84.48713980953089
-0.6945110978813248 -0.07561927622102521 0.715497071960106 -184.0160235884805 0.015103900557819672 0.9927098939455151 0.1195781696239879 -22.153923706774027 -0.7193234370626446 0.0938551624924917 -0.6883058922934566 82.25367298399308
-0.6937059590444675 -0.07673424686815782 0.716159128786174 -184.06003461273767 0.015163070291452443 0.9925324865502274 0.1210344762526691 -22.350976195904178 -0.7200986902401169 0.09482150863595275 -0.6873621736860924 79.9666032846128
-0.6928614785449879 -0.07601975843811756 0.7170522769474087 -184.13336857136437 0.015469172157257169 0.9926312119066941 0.1201831180383345 -22.118024771168514 -0.720904762268375 0.09436245797803995 -0.6865799664009432 77.76930126764344
-0.692233982278939 -0.07525065470958102 0.7177391258277765 -184.21464206229183 0.015088724194769459 0.9928222041892644 0.11864401068298264 -21.804636091426993 -0.7215153804184742 0.09295918370203629 -0.6861298317265001 75.5295104602411
-0.6915070736879539 -0.07516863556047253 0.7184480797298435 -184.2548626483278 0.014965242442664253 0.9928670094345662 0.1182841624863357 -21.74076001800234 -0.7222146554578873 0.09254608476018016 -0.6854496434001601 73.3224751656204
-0.6909275993789451 -0.07545080065941673 0.7189758195491007 -184.28756378333074 0.014845797721058804 0.9928480582337044 0.11845815949772756 -21.739754433206688 -0.7227715093350551 0.0925197813519715 -0.6848659980989784 71.1617039058722
-0.6904893568599512 -0.0756345321559131 0.7193774152756582 -184.31820433505294 0.014854755680924422 0.992825873718711 0.1186428283055407 -21.7188939102978 -0.7231900056671074 0.09260778595903323 -0.6844121665217348 68.95009841512925
-0.6902209672112296 -0.07569267575363492 0.7196288176964912 -184.33430945541375 0.015426482074504373 0.992748459030647 0.1192162771733827 -21.737657511287303 -0.7234341988548784 0.09338691519442593 -0.6840481298839063 66.79984492875494
-0.6896233314591496 -0.07628266293529187 0.7201393032203455 -184.3670301181875 0.016213048136722363 0.9925607981342012 0.12066564994775938 -21.899024410102246 -0.7239867386750259 0.09488950069791455 -0.6832563097988925 64.56050136990308
-0.6884348727620756 -0.07641581356742194 0.7212614293041697 -184.43651826854554 0.0165296566371559 0.9925230810215637 0.12093264278481777 -21.878203052200828 -0.7251097823202515 0.09517645232036978 -0.682024373836585 62.24077679076955
-0.6871970783165123 -0.07586820790489728 0.7224985747962057 -184.5523311277531 0.016312189220370425 0.9926696350968411 0.11975353038446532 -21.64008718206659 -0.7262878823414914 0.09407980966181592 -0.6809220964089125 59.86074777513952
-0.685900830256945 -0.07694724719150026 0.7236153482358454 -184.63142222382243 0.014678308458904672 0.9927284271670258 0.11947726626965142 -21.691878488324093 -0.7275469732695057 0.09257100541818748 -0.6797837969841934 57.439270695076374
-0.684225983055163 -0.07604121710328428 0.7252947934554934 -184.76375490863603 0.01687476336112495 0.9926318478327688 0.11998857041239061 -21.541708538804794 -0.729074787983854 0.09433847555241909 -0.6779013243509293 54.95746727427274
-0.6828287625268057 -0.07529806159190824 0.7266877479265854 -184.8729590076799 0.018890546323336598 0.992522187760084 0.12059375632072293 -21.419047311726757 -0.7303341894815805 0.09607241396174669 -0.6763002757280567 52.48661950121507
-0.6811245116533658 -0.07397828839401856 0.7284206288067734 -185.00135203239097 0.0195954533891444 0.9926840813790676 0.11913997139109075 -21.048539645870797 -0.7319053339274402 0.09542288731162704 -0.674691822053354 50.04996918697643
-0.6798927557677139 -0.07426759160489813 0.7295410649797527 -185.08929981774642 0.019532569979733586 0.9926711903484285 0.11925764781439219 -21.03049608209156 -0.7330513756651511 0.095332222723709 -0.6734593142469608 47.68959562379668
-0.6782662780513073 -0.07393991485480308 0.731086687780383 -185.18053270459134 0.020738457353031637 0.9926020546687372 0.11962891562668984 -20.942327999312063 -0.7345235002673796 0.09630186944533142 -0.6717151014353416 45.236188390280546
-0.6768645415679571 -0.07412924222472966 0.7323655151733912 -185.25228366654892 0.02172685436205075 0.9924710251941957 0.12053716418396553 -20.948733865555916 -0.735786882301886 0.09749933126524192 -0.6701578502377638 42.806436768092205
-0.6754531553427929 -0.07348991424184115 0.7337317407896374 -185.3436684689009 0.022955286716350262 0.9924437227717855 0.12053427704453809 -20.786882022049916 -0.737045514028296 0.09825828023940855 -0.6686622619941691 40.470532239452154
-0.6744612292385638 -0.07328408633575426 0.7346642042075681 -185.41044469898364 0.02269701522079447 0.992533245894216 0.11984407075345373 -20.64899265954669 -0.7379613104723529 0.09750486390239983 -0.6677618630629499 38.29720856485719
-0.6733665254879286 -0.07213945019473159 0.7357808247555224 -185.46636619669724 0.024018662236549304 0.9925680105219232 0.11929731075308865 -20.391785666889607 -0.7389185518152062 0.09800328675179358 -0.6666293794674553 36.14476367075474
-0.6726213134609967 -0.07291712324967183 0.7363855388415743 -185.473023166361 0.025336368254024026 0.9922804542057388 0.12139838814806762 -20.539572606361794 -0.7395529981831592 0.1003124784772292 -0.6655815273428609 34.00431145775373
-0.6724786853259331 -0.07273791925872639 0.7365335110395288 -185.48797028913907 0.025359426025759704 0.9923100224363501 0.12115163591142342 -20.454740480720012 -0.7396819027757464 0.10014995993150014 -0.6654627474410346 32.076901660261015
-0.6726259976475509 -0.07319798825341697 0.7363533946443714 -185.44902237450864 0.023598261862601524 0.9924675796114958 0.12021324992347082 -20.442620736943987 -0.7396062393772114 0.09823521739046237 -0.6658321505744129 30.34810887344733
-0.6728596956629412 -0.07314670019764548 0.7361449518964114 -185.43913809605067 0.02347636752600661 0.9924870664885369 0.12007615508818478 -20.38135076412954 -0.739397518335136 0.09807641461214675 -0.6660873266897279 28.628721613720863
-0.6730051558344387 -0.0721636693431563 0.7361090035091233 -185.41819147819155 0.024120904174479298 0.992558293310011 0.11935751490092353 -20.15518530825995 -0.7392443724520792 0.0980838376515224 -0.6662561959107632 26.94859694902518
-0.6734123633893172 -0.07239879340968357 0.7357133976945344 -185.39769440799648 0.023912848933679967 0.9925389676087252 0.1195599156660829 -20.160103329569147 -0.7388802098380286 0.09810612871287813 -0.6666567505235982 25.34563114008313
-0.6737781227969156 -0.07284138894208302 0.735334735543788 -185.365932661023 0.024366940405678 0.9923980825201236 0.12063290606483998 -20.243218401995307 -0.7385318499939801 0.099197670675125 -0.6668811953242488 23.747861350745445
-0.6744650012666416 -0.07216232317322978 0.7347717748938318 -185.34211536575916 0.02609806629757536 0.9922597319918051 0.12140640511554159 -20.140665587872803 -0.737845412672544 0.10106049367479848 -0.667361164300328 22.231547371981165
-0.6750159545482328 -0.07253795720210807 0.7342286468602837 -185.31421849677506 0.026126594057144115 0.9921810207840022 0.12204189067278712 -20.20615560695215 -0.7373403977731798 0.10156311712900731 -0.6678428490675994 20.76092634808053
-0.6757655941264622 -0.07388379002810265 0.7334044227886772 -185.26212562701863 0.024407173680977376 0.9921755599657075 0.12244161089940635 -20.417323641659973 -0.7367123941320767 0.10064215706063866 -0.6686748122625568 19.400496843733464
-0.6762666196052288 -0.07287865859841608 0.7330430821777205 -185.27164840869068 0.024300402492610652 0.9923456778960653 0.12107661210860127 -20.185549205878715 -0.7362560353887864 0.09969331312527979 -0.6693192763335679 18.061425275588583
-0.6769879513226967 -0.0720935855686366 0.7324546598143504 -185.271411540934 0.023951565170581127 0.9925057630462989 0.11982751289150513 -19.99722420346209 -0.7356042660899795 0.09866521798355334 -0.6701876889875555 16.806252486566756
-0.6774564510298131 -0.07250285726588931 0.7319809373517676 -185.23058219735998 0.023938538561834165 0.992430024271433 0.12045577319550171 -20.046061454141956 -0.735173247153087 0.0991260945103995 -0.6705925096938538 15.496251058873824
-0.6780155676810272 -0.07155105862624009 0.7315567893141577 -185.246688824969 0.025158169300754166 0.9924089281655787 0.12038100271505649 -19.872387543880357 -0.7346168773582658 0.10002482345254203 -0.6710686091553373 14.24707137894363
-0.6784785160297779 -0.07171277832398668 0.7311116061936681 -185.2214571419469 0.025525244478825947 0.9923216095959678 0.1210218369682266 -19.877615337372983 -0.734176658019258 0.10077251884280061 -0.6714384069039772 12.960997660045734
-0.6789208286398232 -0.07145358312962619 0.7307262783675934 -185.21184918674984 0.02612416168772862 0.9922719702766126 0.12130072208970426 -19.813705709918395 -0.7337465751982284 0.10144319820129812 -0.6718074433374215 11.749570948280969
-0.6795766187070539 -0.070550908131863 0.7302042102511166 -185.19251102189835 0.026686038398573877 0.9923287289843591 0.12071267119435039 -19.648375225462882 -0.7331190044333029 0.10151976651891462 -0.6724806780455983 10.56986418689398
-0.6804780694825712 -0.07169905665762133 0.7292522486956623 -185.16408922210832 0.02558139478369576 0.9922704119573593 0.12142908133924482 -19.838844996188115 -0.732321779816901 0.10128511651955305 -0.6733840924594424 9.580589167943572
-0.6809812956364911 -0.0707131840231357 0.7288786734419905 -185.17949293953333 0.024359226138339542 0.9925887002447265 0.11905587028124995 -19.60846389462681 -0.7318955547721184 0.09882974123104199 -0.6742118206862129 8.533826856896269
-0.6813794875441191 -0.06704162504542945 0.728853493142059 -185.22723572257587 0.025307793060393043 0.993042857095926 0.11500173729632279 -18.90036530735591 -0.7314926585855294 0.09680549820143569 -0.6749423575042879 7.473926914427906
-0.6818067643101942 -0.06562281851206858 0.7285829958428864 -185.23739815785436 0.02591637785694392 0.993176248006945 0.11370699958060124 -18.60635674370788 -0.7310730999699273 0.09640843368387877 -0.6754535782827578 6.389385862292855
-0.6818449027955761 -0.06705094859224138 0.7284172559903919 -185.1852042819636 0.024978997925301425 0.9930751376526179 0.11479468907088838 -18.857959186304242 -0.731070159556755 0.09646730673712603 -0.6754483551956775 5.2088564485996045
-0.6824690099723854 -0.06601922500257548 0.7279268592086513 -185.19981573174013 0.02503486807155784 0.9932166914227845 0.1135511305968271 -18.643507682456438 -0.7304856643411642 0.09571868056569367 -0.6761868294952297 4.237624935785917
-0.6825380189614475 -0.06390145056708324 0.7280511364510085 -185.20018120648942 0.025403508353915177 0.9934940061405858 0.11101496082078678 -18.21720181344425 -0.7304084572590155 0.09426698456061315 -0.6764741097679599 3.204120039689755
-0.6825564984410434 -0.06274094431727277 0.7281347405130997 -185.21045172811202 0.02623528928436464 0.9935625587255893 0.11020504296458487 -17.948208737041806 -0.730361784345312 0.09432399379180874 -0.6765165542417237 2.090767552374217
-0.6825609481230211 -0.0630040164116177 0.7281078532837061 -185.1855584272074 0.026483717472224888 0.9934903640888632 0.11079489686546429 -18.001082262676853 -0.7303486597552252 0.09490727252735748 -0.6764491442933195 0.9431995764583547
-0.6820102404565067 -0.06282960270532242 0.728638780834749 -185.1625803361438 0.02708556290581409 0.9934494395553859 0.11101613994895196 -17.922676857653016 -0.730840888425472 0.0954497358350532 -0.675840915996128 -0.2807565962798435
-0.6815635408314968 -0.062150849725669255 0.7291148137897143 -185.1291632112068 0.027209056277082477 0.9935451515579823 0.11012583290098552 -17.737001140487042 -0.7312529022614154 0.09489627860987226 -0.6754730855039706 -1.4702965378411932
-0.6811460718070735 -0.06048943167740496 0.7296444733684603 -185.1318292951821 0.02785765830056181 0.9937182834812883 0.10838784041123588 -17.400408181350116 -0.7316173724945317 0.09415413814775724 -0.675182211357683 -2.6222922685299324
-0.6807921277609374 -0.05954864669195674 0.7300520785915837 -185.10048581921254 0.02753657577843832 0.9939046128381518 0.10674904015232113 -17.24983062541275 -0.731958889400992 0.09277704056608001 -0.6750026703433596 -3.720516325065347
-0.6806635253169061 -0.05774531313982809 0.7303168107838848 -185.08919368284768 0.02794204768737036 0.9941169240708324 0.10464599011420965 -16.798102283420448 -0.7320631170016682 0.09163525569522758 -0.6750456078217767 -4.771347260924188
-0.6805176743036497 -0.05708100903222338 0.7305049304201955 -185.08297110044793 0.026008777045130882 0.9944510486345746 0.10193456423711791 -16.74556958786216 -0.7322699218710053 0.08836781245146719 -0.6752569075881963 -5.810956362758745
-0.6801014033055279 -0.05607324674698102 0.7309705002399917 -185.06962592002154 0.025166676514888596 0.9946972996888287 0.09971920770316672 -16.540771912568857 -0.7326859624798653 0.08621527121690525 -0.6750838521205709 -6.888402138089816
-0.6795040798428353 -0.057711438847417654 0.7313983834430471 -184.96140735634643 0.022663924945929004 0.99477450235409 0.09954916359376745 -16.799306629303043 -0.7333215883791961 0.08422042087483386 -0.6746453651546706 -8.036792917771521
-0.6793015952992703 -0.05932111489050215 0.731457687055112 -184.90590624542517 0.021391666241772325 0.9947033621305303 0.10053664994229344 -16.992974038620247 -0.7335473667318745 0.08394180540330592 -0.6744346032539896 -9.124268716954617
-0.6792330638732605 -0.0574516999479251 0.7316705181394401 -184.9274696808028 0.02325684281735941 0.9947458334405835 0.0996987768970472 -16.648811543770282 -0.7335540635859852 0.08473505193066289 -0.6743281150677288 -10.215313402917175
-0.6788009356119198 -0.05512812871022736 0.7322500797113585 -184.93013864090915 0.027511075620044165 0.9945687496166216 0.10037999304771 -16.079973068650034 -0.7338068073618631 0.08828302051322612 -0.6735975636524013 -11.375237878671776
-0.678512043690495 -0.05856184910278433 0.7322512658893875 -184.7805342844859 0.02439985337402819 0.9944705393442499 0.1021420262755831 -16.729978122658196 -0.7341839372543325 0.0871714185155817 -0.6733313375090362 -12.464748956137193
-0.6777735150066168 -0.0643375585999792 0.7324505040676602 -184.5580989296183 0.018831133379070147 0.9943186881721199 0.1047651409932412 -17.851400369977224 -0.7350295577534519 0.08479991099681815 -0.6727113231719061 -13.617977426114855
-0.6782251951065317 -0.06498104991273321 0.7319754421255852 -184.50573664330716 0.01451885636240946 0.9947032895454742 0.10175740060231965 -18.036397853422102 -0.7347106828763516 0.07964187918207428 -0.6736893820951263 -14.470614724527373
-0.6777517517658229 -0.06278375812537709 0.7326054618237653 -184.44734335389768 0.012289722298540525 0.9952414845195773 0.09666100670432175 -17.48435536983112 -0.7351880886577141 0.07451568430151014 -0.673755064610942 -15.456744351084104
-0.6780232913159605 -0.06604424431576433 0.7320673290250233 -184.32453420037794 0.008140905514284535 0.9952193867232608 0.09732470368608437 -18.207421485380777 -0.7349953347406224 0.07194810687527689 -0.6742442642148201 -16.390028949486812
-0.6777829352769984 -0.07094641256176763 0.731831195831328 -184.08925857493892 0.005826988117293319 0.994784268400211 0.10183469719568702 -19.1538173086727 -0.7352389671778673 0.07328619166031078 -0.6738343975007146 -17.514296973911094
-0.6782554743163186 -0.07306794079541934 0.7311843731835785 -183.97275451651154 0.006805579463503235 0.9943766956257325 0.10568193452342917 -19.565532475396573 -0.7347946622343628 0.07665548398102723 -0.6739441676634074 -18.54025042815615
-0.678654221964245 -0.0747072011947556 0.7306485345908464 -183.80823188873012 0.007311785920302169 0.9940768011223338 0.10843362604396797 -19.8705076401026 -0.7344215307279334 0.07893128378554173 -0.6740881749765422 -19.601592252396216
-0.67979743357608 -0.0747808916277927 0.729577458225463 -183.75393083053686 0.009763646322082688 0.9937770762451416 0.11095852351286858 -19.52455699328671 -0.7333349306516581 0.08255265578411669 -0.6748369718006837 -20.487278410317074
-0.6811241455760498 -0.07460725591798383 0.7283568189271551 -183.62248957532526 0.009259745187170529 0.9938374001121317 0.11046030625264104 -19.540862592959122 -0.7321093876138761 0.08198158026500248 -0.676235805813984 -21.24895042378813
-0.6837919736885576 -0.07439087937610477 0.7258750125088732 -183.62875762557906 0.007275470257583308 0.9940449363362259 0.1087277888896836 -19.67958667805614 -0.7296407364255632 0.07962827142390078 -0.6791787203221281 -21.672845516665774
-0.6848025399212179 -0.07620118716422877 0.7247336478957019 -183.41956971033974 0.006955705015720563 0.9937890115366941 0.11106312942041485 -19.959569485398653 -0.7286954778816618 0.08109734658842863 -0.6800192062663621 -22.60007210344844
-0.686604357641562 -0.07649205314204682 0.7229961423643505 -183.2902616534277 0.008941793638172088 0.9934861841713732 0.11360125961949584 -20.00731104117221 -0.7269762722359996 0.08446400219453278 -0.6814479671545962 -23.449852676534007
-0.6883317212604537 -0.07516609683143317 0.7214911637669226 -183.21896978452511 0.01276710835733702 0.9932074760152874 0.11565427156631033 -19.710145036771543 -0.7252836979077999 0.08881985968503586 -0.6826965578313088 -24.34016074195644
-0.6891678340915873 -0.07240921290508302 0.7209747584624422 -183.0292187967318 0.01648688044583035 0.9931699531125753 0.11550596091773963 -19.154475365881936 -0.7244141627733927 0.09148961755757784 -0.6832669834350938 -25.440706744512894
-0.6918082844022165 -0.0706133995968448 0.718620237281026 -183.08073787162266 0.018416323033150148 0.9931577365533885 0.11531933649691423 -18.771142453847013 -0.7218463386887823 0.09301321476825852 -0.6857743106883439 -26.02187114528587
-0.6934066522259866 -0.06921238910959013 0.7172146539513065 -182.9378304383613 0.01998502430553045 0.9931456878637793 0.11516180565225861 -18.36044334849033 -0.7202692645478197 0.09418751441313183 -0.6872706153156988 -26.94830923509511
-0.695004530190195 -0.06720902898928985 0.7158572828695836 -182.78018056021315 0.020897229012023906 0.9933128627594546 0.11354674146022711 -17.917217128579722 -0.7187016132128307 0.09387493328324356 -0.6889524570435477 -27.82588494421786
-0.696180562403196 -0.06434385627260618 0.7149772672553583 -182.61131331040892 0.021997329493789856 0.9935951396372927 0.11083688909515207 -17.45872832102958 -0.7175296105577187 0.09289007831366922 -0.6903062301064427 -28.892244340042254
-0.6978654275245455 -0.061727708649493035 0.7135639670350981 -182.48415018645477 0.02547447794001961 0.9935096285533207 0.1108587792893568 -16.72490774346053 -0.7157757302672861 0.0955421789406447 -0.6917635405278361 -29.906263362512505
-0.6976553465680426 -0.05880215360896664 0.7140163332417345 -182.06496530925918 0.02844888074745959 0.9935662269996809 0.10962122855466844 -16.17322612678369 -0.7158684785554125 0.09679080171465429 -0.6914939349800497 -31.45242632741879
-0.6992299933693963 -0.05639019242276399 0.712669322035934 -181.9115165675612 0.030652278705863366 0.9936026305029635 0.10869337821472624 -15.888414308423272 -0.7142393535662762 0.09784660881254445 -0.6930282728439819 -32.48139645403654
-0.7008126390906733 -0.053404293089738604 0.7113435361134247 -181.78948634368723 0.03580979113893624 0.9933026604100872 0.1098520991189005 -14.862366585594266 -0.7124460005848524 0.10245880294942096 -0.6942066622763139 -33.54294942113876
-0.7006949534131209 -0.05018202383326012 0.7116939979691991 -181.3519588150267 0.033299189637263915 0.9941360604568587 0.10288176353862631 -14.819872208623718 -0.7126834825017946 0.09578756591183636 -0.694915099840117 -35.022743425656024
-0.7003198067709592 -0.04698897994664768 0.7122809866954614 -180.83249477946504 0.03353181577943673 0.9945640415753427 0.0985798383841973 -14.271116150778985 -0.7130412229140897 0.09292148819780106 -0.6949372715981534 -36.70503243561029
-0.6999953952215071 -0.041997289327684456 0.7129114070891366 -180.41290718301502 0.03427581282092318 0.9951431509697571 0.09227826251857912 -13.714400823143913 -0.7133243409026157 0.089029976789335 -0.6951561320370694 -38.29381820247802
-0.6969851026109962 -0.043921482148404384 0.7157392473130326 -179.51609257473655 0.03531750556817771 0.9948085861826169 0.09543872724311364 -13.607221424953824 -0.7162153590497629 0.09179749595294578 -0.6918155673284521 -40.84596634821666
-0.6936711669872924 -0.0417711801429525 0.7190796065804904 -178.6826777225642 0.035862848987185655 0.9950759807252545 0.09239939743415956 -13.24583947461635 -0.7193984766129341 0.0898830411876371 -0.6887574832652283 -43.377999116180945
-0.6886583742777664 -0.0399691582113041 0.723983501144179 -177.5959412874918 0.034884081751639255 0.9954970229000176 0.0881406730037092 -13.078885650021281 -0.7242463285218977 0.08595431221923416 -0.6841630740060952 -46.33807840954094
-0.6844396955174926 -0.0397762889613946 0.7279836193461923 -176.6833523212171 0.033726688014724567 0.9957142466911625 0.08611416522157282 -12.974577041412548 -0.7282889630603223 0.08349242943351538 -0.6801648333395443 -49.09120091681024
-0.6774257772483223 -0.03841149675461274 0.7345875531456934 -175.32101908599972 0.03635586396980191 0.9956669012254061 0.08559014522248844 -12.197711715167241 -0.7346921583047663 0.08468753580821546 -0.673093941292162 -52.64743182050809
-0.669419568089645 -0.0357511390843014 0.7420237852743321 -173.7785843394908 0.04008759872684732 0.9956475820913259 0.084136060663731 -11.596257305716524 -0.7418021476694365 0.08606827714013271 -0.6650727970554358 -56.46133892771641
-0.6644071881778872 -0.030394943313218042 0.7467524594660133 -172.9709210326737 0.045622661635238745 0.9956598047563701 0.08111797542976382 -10.723933597208223 -0.7459769842581405 0.08796420074947259 -0.6601368330457228 -59.12447485899439
-0.6561438693000238 -0.03529135049350936 0.7538101507411118 -171.1313470396868 0.045389131747227085 0.9952517470207282 0.0861033493623931 -10.987320832630143 -0.7532695729280628 0.09071097305471777 -0.6514264884607013 -63.546809004617714
-0.6486922575686916 -0.031204118506515964 0.7604108481332085 -169.68974298416393 0.055392393174030476 0.9945731839388673 0.08806738651826072 -8.723053235930157 -0.759032303494975 0.09924960845229776 -0.6434434532056238 -67.15413671272495
-0.6392720322078523 -0.0333052082615223 0.7682590916738306 -167.72706667095588 0.05342367748610593 0.9947241804479524 0.08757691200316559 -9.058138839120105 -0.7671226626301058 0.09702869645010334 -0.6341200616164817 -71.21247906289706
-0.6281543811386988 -0.035234896698842846 0.7772905348136439 -165.3813074754071 0.054013445269905494 0.9945896683982287 0.0887352198711268 -8.947422006466642 -0.7762117115750917 0.09772355688432634 -0.6228526994751991 -75.86069646365743
-0.6176160047301179 -0.049290332571454994 0.7849337130077942 -163.03271355572892 0.04916659555766526 0.9936622802534328 0.10108372115636334 -10.174695249517972 -0.7849414733484759 0.10102344241087714 -0.6112782897347003 -80.33662106129665
-0.5992398952013294 -0.048258720644354595 0.7991136614280036 -159.10347271288427 0.05349700996829946 0.9935365047752795 0.10011635032986473 -8.842002567183986 -0.7987800810758562 0.10274390279082589 -0.5927850137408652 -86.65950027178486
-0.589571173959216 -0.04494843414729458 0.8064647971883572 -157.34124890286688 0.04697736800410043 0.994852071605085 0.08979132763512244 -10.379091423471243 -0.8063491537366174 0.09082397200506541 -0.5844245446398225 -90.25945982819938
-0.5689664702278752 -0.04413059838848704 0.8211757704914986 -153.15710063712277 0.05987503093130839 0.9936857926276423 0.09488691269584161 -7.811754115832956 -0.8201781126239636 0.10315539644559303 -0.5627315770034104 -96.45298388362959
-0.5495410665024165 -0.04750089339852151 0.8341152686252237 -149.14851710533256 0.06445842615930748 0.9929959443910662 0.09901598719378697 -6.838183528429849 -0.8329764267519532 0.10817910865429321 -0.542630217483611 -102.14979071906001
-0.531193346037875 -0.05488893724494025 0.8454707763685314 -145.32300254669497 0.05159647238593708 0.9939513883296567 0.09694556036701735 -9.600928681644529 -0.8456780907428154 0.09512014616088846 -0.5251482882309697 -107.65753031869438
-0.5057824248754221 -0.06409289879768244 0.8602768385879325 -139.91657031779138 0.05615448431429658 0.9926750251698405 0.10697181075148166 -8.76001890709149 -0.8608314658390068 0.10241286407363787 -0.4984784776634807 -114.80284013548147
-0.48461557937577304 -0.061543616498360945 0.8725595243274733 -135.60569728392352 0.05120734675629837 0.9938150686481033 0.09853637382279348 -8.943482538586562 -0.8732270883707536 0.0924337200174685 -0.4784667799746062 -119.9016855021756
-0.4436435165021444 -0.09442278483549783 0.8912153319874613 -126.38746511011433 0.04613214226547245 0.9907099130183192 0.12792847101889737 -10.643926336224371 -0.8950152265272416 0.09786830922798215 -0.4351661043018474 -129.6658340654567
-0.4064130824537904 -0.08892179073250252 0.9093521438603053 -118.6675988615957 0.05441661335728494 0.9911306636409491 0.12123877177443981 -8.963069639375043 -0.9120675625199769 0.09875688696782606 -0.39796964541946117 -137.4384337108926
-0.353977833825904 -0.11601798751878528 0.9280299131666025 -106.81526935625263 0.06439096456555474 0.9868982426582187 0.14793803540819822 -7.749626940390925 -0.9330345635839212 0.11212352656873943 -0.3418695920194585 -147.99872794310178
-0.3050959780118999 -0.14352414785012207 0.9414442432692753 -95.63946132197768 0.0787704435551062 0.9813872385167202 0.17514081562747624 -4.763689149851324 -0.9490583024362065 0.12759273905838886 -0.28811183855663375 -157.75660349429572
-0.2461509228239977 -0.16215032589019546 0.9555715541007894 -82.24011032435749 0.08493757153346913 0.9785045609058078 0.18792134851721595 -3.5287882837250892 -0.9655026318632649 0.12742094058762685 -0.22708714574998146 -167.53604620193752
-0.1721628088807108 -0.18295905609273022 0.9679286910883265 -65.21783255666594 0.0341461268376351 0.9809014560535421 0.19148466135445086 -15.32734408321671 -0.9844765153421853 0.0660175530120421 -0.1626274067739206 -177.84806504972238
-0.10420584167952411 -0.18729095634075427 0.976761608701339 -49.83750653664264 0.03345384313249343 0.980892612726664 0.19165208759083535 -15.543848592138646 -0.9939929491397453 0.05264769673237739 -0.09594913803285124 -186.44744260465293
-0.37064858806801415 -0.08847720163181226 0.9245493004456773 -111.81599750488434 0.04540646942687883 0.9925356612375933 0.11318663218701701 -10.905878285445246 -0.9276625877426412 0.08393298495262035 -0.3638645040939961 -147.35962293524761
-0.3568442282544582 -0.045000186201312915 0.9330794071263855 -109.65328305460828 0.02473212825129268 0.9980338509611058 0.05759126815678106 -14.135585260629648 -0.9338364517374771 0.043628151205291996 -0.35502966894157795 -150.32168862080843
-0.37726609950822154 -0.04735526802316574 0.9248933823702635 -114.28463015298202 0.03466169699201524 0.9972700634800471 0.06519959545991166 -12.182079552787776 -0.9254560264666746 0.05665597123831298 -0.37459477305423927 -147.13014383659137
-0.3759182191465948 -0.056600693752266756 0.9249226205366666 -113.86033696932382 0.03376688754864503 0.9966332167944548 0.07471297402201425 -12.747121943694403 -0.9260374127533562 0.059317726260361095 -0.3727413547386054 -150.59892371220624
-0.38884543534522875 -0.04736566900989536 0.9200846269829882 -117.09713458908006 0.022462189948715284 0.9978932812429641 0.06086418711243557 -15.145039182733171 -0.9210291403825871 0.04433387699485319 -0.38696231071865106 -148.81649656299032
-0.40284834619924587 -0.036750971903454124 0.9145286086441935 -120.41414301677095 0.017951957107762 0.9986840469453923 0.04804062460851113 -15.929364407236784 -0.9150906715733331 0.035770664530119324 -0.4016584648162417 -147.932060143378
-0.4142097120905332 -0.0283051507875152 0.9097412449970449 -123.17840062838275 0.006588852615259459 0.9993968914181028 0.034094580875068156 -18.058551838115058 -0.9101576244975876 0.020116457509417558 -0.41377340019167475 -147.6221865300706
-0.4294736855098128 -0.02674066940514558 0.902683383060962 -126.6472545912747 -0.009587696311635356 0.9996401897049401 0.025051291505786763 -21.50861903351114 -0.9030284765908849 0.0021042163474227996 -0.42957553787373526 -146.52389998094537
-0.45742455478007915 -0.02377788768250419 0.8889304746388239 -132.95560538972776 -0.018537376141986653 0.9996801879406898 0.017201381474689595 -23.372669983411953 -0.8890551964698351 -0.008610104309792414 -0.4577190445390683 -143.58943026551873
-0.45672985848800624 -0.0024965562855789637 0.88960193545891 -133.15340409568464 -0.04366872355168154 0.9988534551876609 -0.01961676943428413 -28.21928691605327 -0.888532992605729 -0.04780734531830842 -0.4563152186643827 -144.33484219101564
-0.4638519809930761 0.0037754543383186935 0.8859046707594098 -134.7243831253063 -0.06010431366089029 0.9975527333992988 -0.03572136009365441 -31.479216922037317 -0.8838714902111915 -0.06981611584817991 -0.4624898904405601 -144.75022332444195
-0.5098256610632599 -0.007016774664441314 0.8602491268200847 -144.72259898052152 -0.06054556200848789 0.9977797966390545 -0.027743690093471145 -31.700811178581898 -0.8581445275957227 -0.06622871199287114 -0.5091185789826167 -138.57573653926178
-0.4959530907065477 0.003255742868496482 0.8683432109235364 -141.7873957670092 -0.08393188403020102 0.9951310385577593 -0.051668703700565276 -36.51535412756663 -0.8642835013245155 -0.09850693497074281 -0.4932650535978665 -141.3476142117687
-0.5161098030758854 0.004583673471778592 0.8565101640415455 -146.20660619707166 -0.09435261113925919 0.9935956291607 -0.0621716212106209 -38.76341893558537 -0.8513097297342341 -0.11290135362455714 -0.5123719629425171 -139.16617449020777
-0.5405995031168449 0.0034324986148410383 0.8412730800299505 -151.41001482772867 -0.10743077058354444 0.9915230258700202 -0.07308022099984104 -41.56418178427183 -0.8343924776516422 -0.12988574641899273 -0.535648099143024 -136.0584734473932
-0.5866135450027792 -0.009850451376868116 0.8098070865502129 -161.12683099018076 -0.0771593081570083 0.9960572264893411 -0.04377719409798587 -35.28241013890563 -0.8061829754987413 -0.08816444955895122 -0.585060714669822 -130.62557235579365
-0.6271373388586688 -0.020903726011460524 0.7786281477368417 -169.5121852679291 -0.06801279467043236 0.997291293345365 -0.028005998976059893 -33.40988473391868 -0.7759336427623078 -0.07052028400656969 -0.6268603286005966 -124.73657519915214
-0.6530979116379155 -0.019847851024410616 0.7570133292247277 -175.04786653826162 -0.08184747004553473 0.9956505714141122 -0.04450765428436315 -36.07927473710514 -0.7528373725190179 -0.09102748185281134 -0.6518818053038429 -119.96629101890969
-0.7039547440910562 -0.02927625773259169 0.7096411903242866 -185.3903548888432 -0.10786308627255797 0.9919675558690593 -0.06607512938257029 -41.45752801030675 -0.7020066045924741 -0.12305798972979995 -0.7014580944519823 -108.93123862791404
-0.7423057786940083 -0.03916756643416792 0.6689155646694933 -193.05601441859804 -0.11344739776435528 0.9912242318139644 -0.06785433077786795 -42.657979803180375 -0.6603876277293346 -0.1262553919816544 -0.7402349337457539 -100.55918260661014
-0.7761842411919505 -0.04451508786904922 0.6289327711904404 -199.80154651848602 -0.09424770056083889 0.9944889409413362 -0.04592512693912982 -38.84896896260122 -0.6234223244833879 -0.0949218272969477 -0.7761020886702586 -93.78659389840183
-0.8089105214759951 -0.05301297222462625 0.5855368417284642 -206.14657827721277 -0.09622153030031841 0.9944352319280817 -0.04289506506356303 -39.469873207185564 -0.5800044701138937 -0.09103952040764168 -0.8095101113462685 -84.69347304009645
-0.8394757551573993 -0.05521830433915887 0.5405843092144114 -212.03900459121806 -0.09423928196132222 0.9945430214278868 -0.04475641031745914 -38.92246973665304 -0.53516297913657 -0.08851619848930692 -0.8400984873017406 -75.7538603866713
-0.8668052347067011 -0.06159893453938542 0.4948275016090689 -217.14746621420406 -0.10358643436132317 0.9929367100398394 -0.057849291020439966 -40.631275579452435 -0.48776893679422423 -0.10140148479619408 -0.867063551984374 -65.7996113765767
-0.8958798888621503 -0.07177760351336453 0.4384600328036973 -222.20628273258276 -0.10272117419136674 0.9935882908433585 -0.047229955237325955 -40.523349384175226 -0.4322587015955699 -0.08735149645456089 -0.8975088472890175 -54.879907225133046
-0.9207231223379677 -0.08762409980998216 0.3802511658426758 -226.183956033179 -0.11190262290779172 0.9928239057549025 -0.042172208241173376 -42.66802561018283 -0.3738271458556487 -0.08138003006924124 -0.9239212930371012 -43.21835402358549
-0.9414951340444516 -0.10299621425032672 0.32090293301981665 -229.18854696069647 -0.12174221521129196 0.991801038201459 -0.038852717510562365 -44.976065563296586 -0.3142701793140221 -0.07564707841423145 -0.9463148386881205 -31.342152581451632
-0.9569586262168382 -0.13143405411027265 0.25875717792810976 -230.61161061177518 -0.14733935234066464 0.9881518137492525 -0.04297799711360112 -50.60269676291273 -0.25004260229211944 -0.07925328008480878 -0.9649858105872768 -18.4466989571286
-0.9614228223380533 -0.12771308806415824 0.24362989107383456 -231.3489654928963 -0.14085334135366243 0.989330389072329 -0.03722522649362628 -49.2307067291856 -0.23627630629633725 -0.07010526652905388 -0.9691536300751546 -16.391142925533348
-0.9698703586619848 -0.12692829665277428 0.2079439705730808 -232.32789426324763 -0.1377398313019647 0.9897274583282216 -0.038305314305796145 -48.52009936254573 -0.20094582917238982 -0.06579335635141943 -0.9773904071548052 -9.800326378682996
-0.9734285254264871 -0.12030307799641407 0.19484372022368016 -232.92540297012238 -0.12198488156335838 0.9925261714933215 0.0033893319083645734 -45.65275882322192 -0.19379523873405266 -0.02046871577310948 -0.9808284442850397 -9.849074630128843
-0.9734585487971612 -0.11955501699323196 0.1951539179352351 -232.91231326803614 -0.12138469463126887 0.9926021311137073 0.002601003229893422 -45.42481475369922 -0.19402115782305304 -0.021156729905075403 -0.9807691793162777 -12.755521505957393
-0.9733846407744318 -0.11958418286316622 0.19550438438403162 -232.91378351687217 -0.12139562142474182 0.9926004350184809 0.002734867460295998 -45.36891145342384 -0.19438478387808833 -0.021071298253155152 -0.9806990140642514 -15.68981597211147
-0.9476789180353881 -0.12207475456045043 0.29496173075550314 -228.65889843902326 -0.14164321205581076 0.9888563473090479 -0.0458293013815317 -49.1492343195565 -0.2860801789530144 -0.08521078972531838 -0.9544093736571319 -31.78441380082868
-0.9396709368996572 -0.11658657186974919 0.32159928732162985 -227.38606779551637 -0.14283437828388162 0.9879756734335975 -0.059181154801909705 -49.20768750723842 -0.3108325445097045 -0.10154624544063855 -0.9450245971986826 -37.808714328689106
-0.9538119424208563 -0.12014566444140598 0.27533215905753944 -229.82808770335922 -0.13531676268293721 0.990122030140034 -0.03671156722870828 -47.87763038999713 -0.2682017006515111 -0.07227298767389786 -0.9606479391641487 -29.117117309965433
-0.925208724430106 -0.11344296831916702 0.36210427942424595 -224.8052078197032 -0.1359552735163782 0.9900156595075362 -0.037217704563089093 -48.012733326908844 -0.3542668201250333 -0.0836641313156066 -0.9313942952851397 -49.284015576717934
-0.9134581476286672 -0.12116019512860018 0.38847705163523305 -222.42999041459743 -0.14579705639964222 0.9887141978017925 -0.03445944588000153 -50.35025937216844 -0.3799176632850907 -0.0881160722090853 -0.9208138394607455 -55.850627329995376
-0.9019000998696062 -0.12271600570428759 0.4141460995822363 -220.17656967500588 -0.14561502632926948 0.9890490951412416 -0.024044781292774296 -50.52207758260005 -0.40666014552980295 -0.08199188584412759 -0.909892772085482 -62.78735206524326
-0.8835012556385532 -0.11218704615461715 0.45479621585958857 -216.76227719827037 -0.13762134647415336 0.9902158452856247 -0.023085595940254573 -48.68165492527334 -0.44775651450284976 -0.08298582059832549 -0.8902962750117972 -73.04086689541107
-0.8645066064613662 -0.10224770676040232 0.4921115055014373 -213.143088494644 -0.11472564481278721 0.9933853400427576 0.0048572225011160805 -43.887245898139135 -0.4893529950934627 -0.05225870884717622 -0.8705186233175506 -84.05253184512537
-0.8425777730008013 -0.11855218816935158 0.5253647067754637 -208.3524331860151 -0.12613182864893696 0.9917802074346215 0.021512367201548845 -46.90158917243839 -0.5235966560690446 -0.04813936872454528 -0.8506051627706693 -93.1477347562298
-0.8087114748922115 -0.1307471981573717 0.5734901224534393 -201.0740446477672 -0.1291045710026806 0.9906632563131827 0.04379865679646823 -47.99091758349553 -0.5738621438323647 -0.03861971989745645 -0.818040804062465 -106.20349591832176
-0.7698301817716003 -0.1393585330686412 0.6228488504400254 -192.67933643822042 -0.13117950299446102 0.9895847986068402 0.05927785725197711 -48.72343388322597 -0.6246226294552824 -0.036071119018073416 -0.7800932284958978 -119.47162676332464
-0.7215031531775296 -0.15292764529798467 0.6753120280718358 -182.0176884581273 -0.13736442138862517 0.9875331819204406 0.07687151841000103 -50.41278365964818 -0.6786488161718477 -0.03730080307050644 -0.733515122133719 -133.7036725052971
-0.6785905390423858 -0.14721618867724648 0.7196125861277787 -172.85701894737366 -0.12369918850043655 0.9886207079668806 0.08560144007782858 -47.432755750883494 -0.7240258221130638 -0.03092716557348854 -0.6890791822012128 -145.80137124079707
-0.6180770645510912 -0.14975178942329345 0.7717221934351945 -159.48478629344442 -0.11591544764099707 0.9883185532452489 0.0989446628646885 -45.8817417199816 -0.7775245020409927 -0.028299096730128627 -0.6282155759372458 -160.30548291738756
-0.5262667557246767 -0.16699083776377438 0.8337609740938804 -138.66813139794982 -0.10014998715612572 0.9858746597085878 0.1342428225906481 -42.799550692914615 -0.8444011380212909 -0.01285361612267727 -0.5355571889732408 -178.99810973760432
-0.5914830307557931 -0.15086960218192497 0.7920771347952225 -153.58171705602967 -0.11288334604792083 0.988158638779154 0.10392234981539433 -45.26591717479648 -0.7983765869017996 -0.02794401087166159 -0.6015097320438278 -166.31405891334674
-0.4669838663100701 -0.14180444675836892 0.8728216126366554 -125.82068947621507 -0.11593589609348334 0.9883559851698775 0.09854600233333807 -45.81664604085403 -0.8766327261761905 -0.055171962611766406 -0.47798652485029974 -188.1059467780719
-0.43847692624361895 -0.1332102945408981 0.8888155053667073 -119.53423710137889 -0.1316923339988234 0.9878031607062872 0.08307854635591329 -49.24177975241234 -0.8890416831160901 -0.08062216275315655 -0.45067166824098587 -191.70525261996121
-0.39630749749891486 -0.12548285607490714 0.9095022926070235 -110.0815242548838 -0.15062141326121328 0.9860804897732995 0.07041631597609124 -53.40379376606028 -0.9056785065868256 -0.10908400670920582 -0.40969149635661656 -196.62337668994388
-0.34139782517952394 -0.1207705219416978 0.9321276768729814 -97.59028190450228 -0.11479337983924409 0.9896442266359871 0.08617879455609961 -45.2256616105421 -0.9328826319038073 -0.07758083343190691 -0.35172604307363486 -205.38674415628185
-0.37488383899492705 -0.10128968527795401 0.9215218428863846 -105.6541813114476 -0.17551623830901597 0.9837910260888116 0.0367323709686089 -58.54196576475189 -0.9103055296713726 -0.14797167513891235 -0.3865853411684228 -198.45334010662475
-0.31195979480481195 -0.10378571954262941 0.9444096626170013 -91.16919498666874 -0.19032332938647664 0.9806939193887405 0.044905086184052034 -62.144408185530466 -0.9308373202212008 -0.16573460982235758 -0.3256899175449626 -204.92044183024132
-0.285979650757369 -0.09337422047239327 0.9536754659232176 -85.37806805171489 -0.226098174179073 0.9737152475522244 0.027536018542996255 -70.1502649123026 -0.9311794966522742 -0.20774954063844173 -0.2995744871963125 -205.35459664522753
-0.29023075701686596 -0.10613769441181327 0.9510525208979583 -86.0933332215568 -0.12469046461915496 0.9895519350790656 0.0723827038341075 -47.26469188617152 -0.9487983957166435 -0.09757949377928438 -0.3004327656553167 -211.940044565867
-0.39375362126891944 -0.13528996867770737 0.9092055378806254 -109.36588485752607 -0.26259859169832755 0.9644453519067535 0.029784942899287264 -78.6621801140735 -0.8809086589287607 -0.2270281646858903 -0.41528080507493825 -190.0045387426147
-0.3601467819557116 -0.06985998225714696 0.9302762376444839 -102.84912837969816 -0.2215013925504502 0.9750795847388872 -0.012527430847956642 -68.24874925026428 -0.9062182013980719 -0.210569196000911 -0.3666458579479297 -197.85860562845863
-0.39921531259582077 -0.049841825189628985 0.9155014618507105 -112.1324399330949 -0.21011869622503115 0.9769199366898538 -0.038439183063458185 -65.05687910678995 -0.8924557511079831 -0.2077094840387878 -0.40047409723304994 -193.88276380224417
-0.39080555800121897 -0.1146660462131586 0.9133031882574362 -109.05555106825226 -0.19319822041335408 0.9803271981803781 0.04041079233228405 -62.72823472771079 -0.8999697014147027 -0.1606557884224895 -0.4052705937788718 -196.21218301324697
-0.3792010804473649 -0.12933753607314763 0.916230507214248 -106.16264588621918 -0.18651545955691046 0.980542587187661 0.06122269234199114 -61.563619778678465 -0.9063214241833994 -0.14767544302914698 -0.3959462584648573 -198.35753452167395
-0.37683327409476997 -0.11922255624040283 0.918576434282156 -105.80214535072516 -0.19784897608231372 0.9791563180010385 0.045920448406225674 -63.922539716175585 -0.9049046724369346 -0.16443505405524933 -0.3925667418409909 -197.97552535696659
-0.37174724354648736 -0.11768888049674606 0.9208438056060383 -104.67146529556713 -0.20206430347554868 0.9784069789333557 0.043471839568219 -64.84711295229802 -0.9060761580444162 -0.16990912565817712 -0.3875008191495133 -198.35083469696434
-0.3629316140049214 -0.11495939903768448 0.9246972370071607 -102.71889698494427 -0.20891443569373053 0.9771365763841202 0.03948252336275043 -66.34108284959581 -0.9080943795193057 -0.17885314552787276 -0.3786504327479802 -199.01479024921704
-0.35772649553446356 -0.09964276642904693 0.9284950584095739 -101.81152142645645 -0.2224921044850234 0.9747515477859411 0.018886067106170912 -69.08807365218331 -0.906933855269753 -0.19982677294917156 -0.370864184005767 -198.63544972007742
-0.33812328392372093 -0.08927330816858571 0.9368580048850921 -97.51561332696608 -0.22576642453396373 0.9741154376832017 0.01134176443124034 -69.69717999504776 -0.9136203623068986 -0.20767616742394973 -0.3495260263017773 -200.63832757424495
-0.3523836923166786 -0.09893447307372757 0.9306114674916102 -100.59479349532877 -0.22405499177846386 0.9743961387961397 0.018749009529210353 -69.4387699056257 -0.908639144021661 -0.20190129949259314 -0.36552807171923923 -199.25818973520055
-0.360965963750971 -0.09850288799733468 0.9273622561165173 -102.56816376138632 -0.22987372884897006 0.9731213738361353 0.01388742482762556 -70.67557211109522 -0.9038039841682504 -0.2081633321203744 -0.3739069207197693 -197.90889524502168
-0.35971838331658385 -0.09918606072488684 0.9277741158611735 -102.263798341376 -0.23109387856629965 0.972824854306561 0.014402157220455264 -70.96598469721195 -0.9039902123326821 -0.20922219815616463 -0.3728642753139739 -198.0431032237261
-0.36132360817155396 -0.09831123527855255 0.9272433074419542 -102.64183592648052 -0.2304993641878239 0.9729810213911015 0.013340731679239146 -70.81090656492326 -0.9035016841638417 -0.20890867150679415 -0.3742216905557027 -197.98661168632933
-0.3637876710342095 -0.09210522900337108 0.9269170174259086 -103.3248765878739 -0.23075263277117286 0.9729931999716648 0.006120071737413496 -70.72853649328724 -0.9024476455023182 -0.21166213548751564 -0.3752164542343347 -197.72330132374114
-0.3668455589785627 -0.09176747050716545 0.9257446015043364 -104.02584233439467 -0.23002205900912037 0.9731708863901045 0.00531772995773952 -70.54004376420247 -0.9013956890438909 -0.21099089373576105 -0.37811196031555805 -197.50588341178414
-0.37031585332265604 -0.09397492256113077 0.9241400774274118 -104.76773896198264 -0.23218776646988243 0.972653286583069 0.005867299283449853 -71.04937601377412 -0.8994192625687092 -0.21240126654232483 -0.3820087591817442 -197.02452824390457
-0.372531360143233 -0.09525267547732591 0.9231182554387297 -105.24647594386381 -0.23650549753875144 0.9716182269286655 0.004813598855669926 -72.01695867920589 -0.8973770307645389 -0.21652932576075443 -0.3844860410233545 -196.49942470208978
-0.37403398680834815 -0.09402294981979693 0.9226365815527998 -105.61427688839362 -0.23712110944791343 0.9714758524776057 0.002871847332310662 -72.12559014098599 -0.8965891791486461 -0.21770244132782107 -0.38565981236507324 -196.34021008565037
-0.379293204018132 -0.09506246001578954 0.9203802442911332 -106.78484680889854 -0.23406928436513252 0.9722118746944763 0.003954847638804507 -71.45241115154121 -0.8951805602795754 -0.21393269829270573 -0.39100455892322755 -196.04338263719075
-0.3827874485225329 -0.09147302994794632 0.9192967170863559 -107.64591700048983 -0.23530930131077843 0.9719197063903949 -0.0012716314885036772 -71.63245334525841 -0.893366275370994 -0.21680583276782794 -0.3935631193437796 -195.59059037657101
-0.38521068537404857 -0.08938800382195382 0.9184892555965922 -108.23436603696089 -0.23695679962667449 0.9715081768444209 -0.004830883471273487 -71.93504533301548 -0.8918879991256412 -0.21950318243058653 -0.39541642595939896 -195.23369644324148
-0.39122532511170527 -0.08882901507344797 0.9159978990545349 -109.60689711568124 -0.23372115243727148 0.972287912177353 -0.0055352269327844095 -71.17300795185298 -0.8901219960739283 -0.216253605553491 -0.4011448743166001 -194.8342192946396
-0.393794992531372 -0.08980816309686752 0.9148005234467148 -110.17052986222527 -0.2330567066939444 0.9724510208975043 -0.004856276389864134 -71.0352687653895 -0.8891625696812645 -0.2151127746010646 -0.4038767372370463 -194.6488173808074
-0.3989448903073065 -0.08354982159747334 0.9131606659338333 -111.4556610220231 -0.23140040820790966 0.9727834716163228 -0.012090013701768418 -70.50582271537934 -0.8872974842626932 -0.21612900004656144 -0.4074204582000878 -194.1948524156682
-0.4028419772137346 -0.08326013381879185 0.9114746795775546 -112.34215092399778 -0.2317144122390822 0.9726893665097222 -0.013558297813958536 -70.54897533079793 -0.8854528629775984 -0.21666367114814655 -0.4111326805903201 -193.75309214395864
-0.4065442031021573 -0.08698560350299146 0.9094807945785619 -113.11309640720944 -0.2332425939178679 0.9723533601864827 -0.011262118651535855 -70.94901981173113 -0.8833570644459106 -0.2167082086984179 -0.41559336974526734 -193.24164824283807
-0.4118690792303741 -0.08717020411308249 0.9070640644898283 -114.3181505114211 -0.22838982934538318 0.9735168721748859 -0.010148174338962632 -69.84560395023823 -0.8821575524958739 -0.2113439261150194 -0.4208702857992931 -193.01223183915548
-0.41705415945475677 -0.0833352691105002 0.9050530708216877 -115.56195021676635 -0.2289993178982408 0.9732966312496703 -0.015905345019336478 -69.85769737152786 -0.8795596287254359 -0.213889926177752 -0.4250011282291484 -192.3524840036032
-0.4216321946317944 -0.08173174369839079 0.9030759738371944 -116.62866002294624 -0.23282692901347166 0.9722977182331922 -0.020706719795356626 -70.63328756954921 -0.8763663124379738 -0.2189910253653061 -0.4289813716623595 -191.50908990155415
-0.42576272057623893 -0.08413639924571105 0.9009146308554912 -117.51944470820779 -0.23530941436296088 0.9717051929700782 -0.020457210639385007 -71.20850943583007 -0.8737022291831926 -0.22070361183485443 -0.43351393339011607 -190.83459378905764
-0.4309295787790544 -0.08324550342604686 0.898537636547658 -118.70275301081773 -0.2345011587744784 0.9718571262429734 -0.02242616115561004 -70.98761430261195 -0.8713833282010471 -0.2203722131533251 -0.43832314906147934 -190.27669109286524
-0.43584130625528894 -0.085940360130503 0.8959110504186913 -119.76428640622348 -0.23285382705506696 0.972305869153096 -0.020009798506031184 -70.65657971094149 -0.8693799232714616 -0.21733741350969107 -0.4437826018462476 -189.82218616829485
-0.4414404256298529 -0.08776711550434424 0.8929878409338959 -120.9959981255455 -0.23538254933055747 0.9716789596224231 -0.02085796964549895 -71.22350839368464 -0.8658668524030596 -0.2194013055182944 -0.44959722090609733 -188.91950090694155
-0.4471709920349533 -0.09123430881229883 0.8897833471008647 -122.22394068735568 -0.23520325249650154 0.9717689180623763 -0.018563402245984628 -71.2255232656534 -0.8629701813490098 -0.21758095225322777 -0.4560054772906088 -188.21735867948746
-0.45329499310986016 -0.09284667820633806 0.8865117842237522 -123.57713711001686 -0.23267674336533772 0.9724032412207796 -0.017130953278288855 -70.66909991748786 -0.8604563802531959 -0.21403605025642491 -0.4623887832465192 -187.63137898632215
-0.45911460635849277 -0.09410629688600017 0.8833786182123101 -124.86734307163432 -0.23400437215175637 0.9720677212539788 -0.018063751270420925 -70.95089220394675 -0.8570039276701996 -0.21500779098093473 -0.4683117741156527 -186.76089582914594
-0.4665180490504283 -0.09718615526304425 0.8791562779934916 -126.4776446978981 -0.23495133891269232 0.9718542007357611 -0.017241834455398036 -71.1881358040367 -0.8527360542707898 -0.21460257160025276 -0.47622154299153985 -185.68528511743784
-0.4695386577054946 -0.10009575099880719 0.8772196358678406 -127.10752146353957 -0.23602221702829174 0.9716245940613153 -0.01546484025889297 -71.46658913730367 -0.8507802078029154 -0.21430466361506906 -0.47984012875504667 -185.2323604917406
-0.4801459014877614 -0.09863573670229348 0.8716254383218178 -129.51952072672512 -0.23421645334094082 0.9719982670535133 -0.019026871244610527 -70.98094930678039 -0.8453416861062135 -0.21328469305171419 -0.48980309660203275 -183.85319284062118
-0.48864524142273286 -0.10063603215494538 0.8666592277631548 -131.39126987100403 -0.2350987174160255 0.9717715690698975 -0.01971320919508826 -71.16712849120894 -0.8402109384578726 -0.21338323875023157 -0.4985109550613735 -182.55223798614935
-0.49224979553267034 -0.1021331876474843 0.8644414096854733 -132.17164974650146 -0.23711010653080117 0.9712713863237871 -0.02026552465695866 -71.6194825106037 -0.8375374237483342 -0.21494349510890864 -0.5023249523280425 -181.90052802548277
-0.5015039816785771 -0.10425352858012817 0.8588509522257781 -134.20691696527416 -0.23568601714672233 0.9716299834879527 -0.019679342181986373 -71.30085455391139 -0.8324336956671374 -0.21228842871384485 -0.5118474043620409 -180.63667140441058
-0.5079037748851034 -0.10752682561363887 0.8546763932804722 -135.57880332485271 -0.23698874201036924 0.9713337433073125 -0.018630493094553724 -71.62450654606972 -0.8281727426194399 -0.21201118104019337 -0.5188267220336068 -179.57856722290728
-0.5153291818796761 -0.10906735177414932 0.8500236156014711 -137.21240517482818 -0.23724388455488077 0.9712602393197015 -0.019206424913200307 -71.67329598201654 -0.8234993464141511 -0.21156053576603073 -0.5263943067338931 -178.41239103862418
-0.5241092273129355 -0.11554526934850891 0.8437765157769076 -139.0508217445721 -0.2430873022036137 0.9698339279177104 -0.018185592293735814 -73.04855455348918 -0.8162218334207966 -0.21464259360827131 -0.5363864983911394 -176.52863951469146
-0.5318745468974811 -0.11977989582861731 0.8383091571239601 -140.70163042976495 -0.24652673953285692 0.9689695097821751 -0.017962622519832064 -73.84805978287406 -0.8101444519700779 -0.21621948494013354 -0.5448991661530831 -174.9822424694385
-0.5428143351096159 -0.12011948299525538 0.8312183271586704 -143.13334090832853 -0.24373746863020923 0.9696542516490151 -0.019044123627167356 -73.1763643921354 -0.8037068146937933 -0.21293647424511758 -0.5556198466135052 -173.3857240686776
-0.5521997950128912 -0.12331729857802554 0.8245412241114077 -145.1595306953371 -0.24643376007202006 0.9689507028437362 -0.020123055319566166 -73.77295213580605 -0.7964582778052386 -0.21430674121465793 -0.5654439250584152 -171.53637473527667
-0.5623771031512528 -0.12509507030041558 0.8173635771416166 -147.38525637926116 -0.24504946251627693 0.9692989717622127 -0.020254981145425302 -73.44799775561721 -0.7897358765889322 -0.2116854428798821 -0.5757660275676737 -169.8691694688099
-0.5737545118744031 -0.12729433874798424 0.8090747254898517 -149.86554060150476 -0.24202047295637658 0.9700850562334473 -0.019001956281420235 -72.77003782568674 -0.7824524591141223 -0.20671510587100947 -0.5873985139843309 -168.08013561555327
-0.5851240957941967 -0.13004042674854022 0.8004494237190013 -152.3286457785862 -0.24119164697167134 0.9702977896237313 -0.0186758904043198 -72.58527993028099 -0.7742456857820498 -0.20398942831029027 -0.5991092815050727 -166.03460009764467
-0.5932327966319735 -0.13075106343422865 0.7943418712437523 -154.10320035152083 -0.23488819099480251 0.971899723979424 -0.015442288039937357 -71.18877627650166 -0.7700015498240226 -0.19574239688819983 -0.6072746720628696 -165.0838125692491
-0.5907090317606386 -0.12092716597387877 0.797771558985362 -153.7384201231586 -0.21635891480657848 0.97623737198964 -0.012223482093150204 -66.95017047752123 -0.7773362591440904 -0.1798255100376135 -0.6028359031772939 -167.21482408953963
-0.6037680033139661 -0.12977340431084572 0.7865259447137395 -156.4448703302276 -0.23242687769407144 0.972447848332942 -0.01797021975425131 -70.5595282278806 -0.7625234060011875 -0.19365961325533185 -0.6172957228866432 -163.28547771273594
-0.6054164121023281 -0.13112062174440067 0.7850339804814219 -156.78537980150918 -0.23691263074612276 0.9713152404332315 -0.020472154138815896 -71.5475425649873 -0.7598311479204409 -0.19837864364768185 -0.619114319325931 -162.58279583480925
-0.6075202452686064 -0.13570051104679354 0.782626681688282 -157.15942653869772 -0.2415492397536203 0.9701969943235852 -0.019281000490859054 -72.65001034385071 -0.7566856126313096 -0.2007564781199339 -0.6221926712278602 -161.8002295595374
-0.6113161550469541 -0.13670218323505276 0.7794902640042263 -157.976981561652 -0.23943130119574915 0.9707550551366345 -0.01752925937912496 -72.19898080486533 -0.7542978261842723 -0.1973502876244173 -0.6261690294067896 -161.272353430976
-0.616622791010632 -0.13631970527835244 0.7753665401338141 -159.15621109457877 -0.23698928750443646 0.971351135888369 -0.017693174291663186 -71.6315419488126 -0.7507412411839369 -0.19466357841465554 -0.6312635582895653 -160.43336422130665
-0.618739269141114 -0.1371906739134765 0.7735246833901852 -159.6051471526629 -0.2357896837411917 0.9716678301901288 -0.016274299211806953 -71.3792447021956 -0.7493763686319104 -0.19245868846267444 -0.6335571887140721 -160.15887922860213
-0.6226897148169023 -0.13884045895105002 0.7700524956257896 -160.44395519302367 -0.2392964279136534 0.970770811692506 -0.0184729736003586 -72.14651690405222 -0.7449796900916229 -0.1957737421722731 -0.6377130257622575 -159.04057485044913
-0.6258368183866677 -0.1401975408594773 0.7672502370730219 -161.11115627575887 -0.23979776315051557 0.9706515821732918 -0.018235646752847362 -72.26395391570288 -0.7421760637070305 -0.19539742977183855 -0.6410885546466237 -158.37500109931918
-0.6287813900214719 -0.141111465728675 0.7646708558605924 -161.74320633667944 -0.2411263335006092 0.9703034534257181 -0.01921716843550647 -72.55106739657627 -0.739251009370443 -0.19646567768959194 -0.6441344445337097 -157.66249858998592
-0.6315247112699012 -0.1464445275979166 0.7614003804780314 -162.2409343146394 -0.24451129693362084 0.9695088815984615 -0.01633261073859095 -73.3922826701926 -0.7357926098618459 -0.19648544179740818 -0.6480761578968715 -156.82453888208863
-0.6366649465543673 -0.14558506678401148 0.7572732229244736 -163.38803998864978 -0.23880035599965546 0.9709663111741533 -0.014100090045617561 -72.11428203775148 -0.7332340252629868 -0.1898141482986756 -0.6529459803860392 -156.29359746315984
-0.6385364406461762 -0.14261107977228096 0.7562627148637544 -163.86159429777146 -0.2378040324715797 0.971152746004263 -0.01765180071931946 -71.80979196064965 -0.731929269880067 -0.19111364120481514 -0.654029907602297 -155.98751286182298
-0.6424387366062878 -0.14241343721966257 0.7529879697624643 -164.7235301733981 -0.2378862822457373 0.9711013283291356 -0.019295772508250666 -71.7949106655668 -0.7284796403654793 -0.19152186041460117 -0.6577513136104799 -155.1455526489022
-0.6455565274218085 -0.14673702520616316 0.7494831654792132 -165.32201008671066 -0.2424459287673073 0.9699804072955119 -0.018920388130005766 -72.86258147044332 -0.7242076646427139 -0.19392332220874864 -0.6617529777615422 -154.0712122789153
-0.6474737610637636 -0.1486571130299701 0.747448186484882 -165.70401881506268 -0.24227330981286332 0.9700602009763446 -0.016936641758433166 -72.86179266274519 -0.7225519857326977 -0.19205277719243702 -0.6641041775854203 -153.71561544935753
-0.6515818640196374 -0.14948401839330439 0.7437039751982539 -166.58926970742567 -0.24198045019050202 0.9701320021439603 -0.01701058910656604 -72.79168929479624 -0.7189482152466176 -0.19104561408506787 -0.6682926283691617 -152.85105743618558
-0.6552157308998173 -0.15006503365454607 0.7403869472483144 -167.37324353931655 -0.24234242577057177 0.9700264698387909 -0.017854872828690846 -72.85794965797024 -0.7155155446620662 -0.1911259623555988 -0.6719437267067779 -152.01971528532576
-0.6578854137840563 -0.15203487930148105 0.7376124848495753 -167.92005899619053 -0.24433771438351934 0.9695214014734196 -0.018092357913057355 -73.31483534042803 -0.7123804206040609 -0.19212924702085452 -0.6749818432959369 -151.25096128261455
-0.66119660621458 -0.15346276653785546 0.7343488457244753 -168.61537768945368 -0.24640485284850816 0.9689734999079895 -0.019365045023606656 -73.76933267703225 -0.7085927578115845 -0.1937512213190124 -0.6784959600575116 -150.31154263696712
-0.6653239120478635 -0.15408601406859332 0.7304803846276641 -169.5065837183976 -0.244965003058308 0.9693526886615216 -0.018641680753663542 -73.44809232493914 -0.7052207025704577 -0.1913448856205246 -0.6826792038819539 -149.5216005640084
-0.6701749068954835 -0.1568726197192837 0.7254354384437247 -170.5103877404236 -0.24711492150091544 0.9688039673006529 -0.018790649645839638 -73.94351215634428 -0.6998569923485987 -0.19185894330190945 -0.6880336736932636 -148.1919479894875
-0.6733526884741371 -0.15729669975527824 0.7223945633590756 -171.1956825788858 -0.24647951493231532 0.9689664056699082 -0.018760421153846157 -73.7947304176071 -0.697025111200007 -0.19068784158733607 -0.6912265485550889 -147.52645202114311
-0.6791705500972276 -0.1558414728740221 0.7172452852498123 -172.4953989239544 -0.2451523444586335 0.9692451829749666 -0.021543056567243354 -73.42883799230201 -0.6918292360742389 -0.1904657728104432 -0.6964876865391489 -146.24879555368364
-0.6827598072425782 -0.15874789881824003 0.7131887199296348 -173.21792317923004 -0.24620947561426826 0.9690099797387837 -0.02001382732983356 -73.70567294752507 -0.6879098340130226 -0.18925845763779006 -0.7006863039054926 -145.30796801588775
-0.6879689057453753 -0.16003993916118986 0.7078742844607322 -174.32526695916496 -0.2449871499482293 0.9693412233444838 -0.018944368167425382 -73.4433441312605 -0.6831398693443054 -0.18645323970985805 -0.7060843492911759 -144.16869037792233
-0.6932196028322687 -0.16083830931966553 0.7025507956754894 -175.45026168727622 -0.24412546498182208 0.9695591246337962 -0.018917219318794587 -73.24121406136598 -0.6781219208936405 -0.18462432693049363 -0.711382118350596 -142.955369366615
-0.6980364069238666 -0.16257441965224437 0.6973626980872681 -176.4595729738876 -0.24502642498720426 0.9693245406502073 -0.019286937321817493 -73.44226421963931 -0.6728352143480664 -0.18433527326044163 -0.7164588483403567 -141.6574261948456
-0.7041880812542528 -0.16102328478154154 0.6915133028204274 -177.82620091610622 -0.24113995098257324 0.9702919844277951 -0.019621136442435502 -72.53003413435852 -0.6678103550107439 -0.18056845436934182 -0.7220971977698646 -140.46708915282736
-0.7103092457662545 -0.16125388791841536 0.6851700219727727 -179.1465644319344 -0.2395204350175533 0.9706882135946376 -0.0198583281636156 -72.14752962819149 -0.6618842320134063 -0.1782177758239816 -0.7281124142550904 -139.03356166183886
-0.71462670525032 -0.16263843625628882 0.6803362486265019 -180.04992509043063 -0.24034514062615198 0.9704718027746133 -0.020461998846322937 -72.32752570070365 -0.6569192382024349 -0.1781382021675889 -0.7326144247883956 -137.8182012021808
-0.7207593974397628 -0.16495210099482896 0.6732731209395348 -181.32498508129402 -0.23983829998063685 0.9706278808881609 -0.018950110948370902 -72.23823051298174 -0.6503718020214806 -0.17513515129736026 -0.7391509980480191 -136.23823486436717
-0.7229135002654856 -0.16800438735715273 0.6702019076089324 -181.72626946399086 -0.23860894615169287 0.9710153313094197 -0.01396413901525076 -72.04709908231428 -0.6484302907408649 -0.17001103549713026 -0.7420474417844934 -135.8437769297477
-0.7275589895567119 -0.16772520263895715 0.6652264074094901 -182.73216429888816 -0.23517591415065955 0.9718766217985355 -0.012170513747091438 -71.2801524936854 -0.6444766916798604 -0.16529999516390587 -0.7465425007862545 -134.93992702123106
-0.7328248945459158 -0.16407222955768636 0.6603392896244605 -183.94138492715658 -0.22913991519513272 0.973313787551413 -0.012456734190410865 -69.86415108693606 -0.6406735309017649 -0.1604386937440374 -0.7508640704891746 -134.07766215392914
-0.7342028370362712 -0.16853417916738314 0.6576795758880358 -184.142786563226 -0.23323280563396906 0.9723564451813642 -0.011198298547874144 -70.8424997421791 -0.6376116784250407 -0.16161427525635386 -0.7532145601150881 -133.325904902758
-0.7375778034399502 -0.1708240297076025 0.6532978912771373 -184.8188597299763 -0.23065498675165927 0.9730171802862151 -0.005986982082390319 -70.34117193856602 -0.6346473516523093 -0.15510228155097883 -0.7570772888539128 -132.6953806257081
-0.7382943059656357 -0.1823643146816918 0.6493572010145087 -184.72341907334408 -0.24094957101211925 0.970536646071449 -0.0013866728010651086 -72.82870069811972 -0.6299720803399115 -0.1574861116513402 -0.7604822829160096 -131.5230087578491
-0.7409616104226007 -0.17798057761564995 0.6475328608430201 -185.38902184728937 -0.23387810771206186 0.9722658491185235 -0.0003864852673404612 -71.19845404586046 -0.6295052999085643 -0.15173013092143656 -0.7620374300240063 -131.51413701989566
-0.7431368469409695 -0.1799404847465483 0.6444913100017806 -185.81058790936441 -0.23508427601973433 0.9719749425387662 0.0003069935500255305 -71.49167977586383 -0.6264846445739205 -0.15128163479398157 -0.764611572687171 -130.7956143987195
-0.7434269700913 -0.18007611823741632 0.644118724911342 -185.85971187234574 -0.23350859412289376 0.9723519464213974 0.002329970229177941 -71.15846161708319 -0.6267296678884915 -0.14867509519439778 -0.764921982595165 -130.9349040895309
-0.7425621486267511 -0.17944185244670735 0.6452922415598354 -185.68156002384035 -0.2346668943836011 0.9720758067205196 0.00027325630179220184 -71.39072412469078 -0.6273220099017558 -0.15122581651009448 -0.7639357619025808 -131.0862066780943
-0.7409217907450185 -0.1824176734876138 0.646342550354347 -185.25478162535188 -0.22971356222904196 0.9731922463671776 0.011337148620818763 -70.4417465042396 -0.6310836547774306 -0.1400737092040215 -0.7629631555079105 -132.2166167301042
-0.7372551972737565 -0.19326105900540375 0.6473831455675566 -184.22219739069857 -0.23371078556803504 0.9720095339379985 0.024015300181487086 -71.60958448050334 -0.633903811947843 -0.13359501864120846 -0.7617862746152946 -133.04694310339045
-0.7330331405801992 -0.1968190811470204 0.6510949731856119 -183.23038022272885 -0.2364118139591347 0.9712654195483822 0.027439734147000225 -72.30034315825952 -0.6377866955586966 -0.1338123091720233 -0.758500096824232 -134.04615711166855
-0.7295842175570803 -0.19668702396160143 0.6549970107540578 -182.47994061936487 -0.23708242979586425 0.9710994312896171 0.027528458566938037 -72.45540336923462 -0.641481715229446 -0.1352039539144879 -0.7551298562976947 -134.99411338836447
-0.7260612808183688 -0.19956005096356486 0.6580355632910803 -181.6500120192359 -0.23822767168508904 0.9706975591376993 0.03152499211125064 -72.79534854763696 -0.6450446441447998 -0.13387320397873645 -0.7523266393771899 -135.94295049850533
-0.7272490857350871 -0.1965554361144814 0.6576281075435613 -181.97195792413018 -0.23461263361046025 0.9715962543369174 0.030945608878089517 -71.94402348903877 -0.6450315336848609 -0.1317826964829517 -0.7527068761874295 -135.98479434465506
-0.7267544534362096 -0.19377321276526668 0.658999170276612 -181.92447438766814 -0.23378909385637817 0.9718855559611178 0.027948626226757464 -71.69765744434315 -0.6458874700785346 -0.13375503029335412 -0.7516242198510995 -136.19953655932125
-0.7256319862722069 -0.1962856404713256 0.6594923561675398 -181.6295633768156 -0.23577511421369998 0.9713541615768675 0.02968481606507955 -72.19021110993255 -0.6464273478250812 -0.133951633555035 -0.7511249189394327 -136.35285785928102
-0.7235340567836912 -0.19796398356182585 0.6612932253444515 -181.13832369861103 -0.23684301870174293 0.9710354100733785 0.031553397216009325 -72.47270018475983 -0.6483855744588864 -0.13379272624458535 -0.7494635769920118 -136.87177948372752
-0.7243631478774609 -0.195489784322904 0.6611216032035557 -181.37371347902015 -0.23477237339879212 0.9715854132431925 0.03006189384838541 -71.96351689193297 -0.6482128991972881 -0.13343735983013882 -0.7496762690093693 -136.8488448709012
-0.7247728139151344 -0.19280385573566772 0.6614612924601089 -181.52123758362555 -0.23303051476672598 0.9720661116922912 0.02800452975832566 -71.51983203086914 -0.6483834879121249 -0.13384374364493123 -0.7494562728338574 -136.90361091108036
-0.7256374077602593 -0.1917901208068118 0.66080776479993 -181.72956604550336 -0.23171714201727928 0.9723867116334781 0.02777137256195089 -71.20771636378512 -0.6478869643343004 -0.13296853988646784 -0.7500412314307431 -136.80646502886665
-0.7281551761215135 -0.18975246527022102 0.6586228369949839 -182.31802189552278 -0.23002755224298718 0.9728376176546574 0.02596718862546394 -70.77840580091079 -0.6456604097329705 -0.13259325623833285 -0.7520250419391421 -136.26169155302176
-0.7330252895917233 -0.18753545549085232 0.6538381892737749 -183.41533298929366 -0.22841873319408168 0.9732894061017798 0.02307843790328644 -70.34783564536771 -0.6407018082891457 -0.1324318122804467 -0.756282359936509 -135.02127575452977
-0.7419524183669043 -0.18426851874546438 0.644633013333055 -185.40537479945436 -0.22497834382031603 0.9741681526598945 0.019523195309076584 -69.47768526594909 -0.6315784620230253 -0.13054318573775162 -0.7642428429276057 -132.74893481632847
-0.7546740646199436 -0.18268299521096354 0.6301539331391691 -188.16591323140725 -0.22150252240418533 0.975004835464095 0.017383998107963018 -68.6254646270134 -0.6175788927405118 -0.12646143318176242 -0.7762756064433675 -129.27774838018254
-0.768112488805059 -0.18498587636334923 0.6130117699422923 -190.98053101647244 -0.22046582987710694 0.9752277958966683 0.018043391231307736 -68.39614881536727 -0.601163889799027 -0.12128879443959839 -0.7898677142060512 -125.21861582615573
-0.7832267365658506 -0.1888609872896389 0.5923574989889048 -194.09972053914382 -0.21888489217777762 0.9755114077036828 0.021607809150895697 -68.09489360459857 -0.5819323698719038 -0.11273429345129071 -0.8053854331779959 -120.50979916888797
-0.8001466124467693 -0.1920034425020246 0.5682429732582105 -197.5927411076125 -0.21552122407855379 0.9761435212319727 0.026352000465383024 -67.39846818025424 -0.5597463716377636 -0.10138295726707452 -0.8224387487309563 -115.11659765936632
-0.8162044428999994 -0.19672440936559124 0.5432401072730739 -200.83733422414127 -0.2170097049219681 0.9757872978258516 0.02731185404550867 -67.76492997309268 -0.5354597047024006 -0.09559631876532759 -0.8391330338382204 -109.13937508030752
-0.8349295585531571 -0.2001110526595444 0.5126872329771038 -204.62956806612522 -0.21805757993093336 0.9755980154052731 0.025678866251377268 -67.97867969188668 -0.5053152719727504 -0.09035529282106591 -0.858191352188033 -101.71917703386801
-0.8552545603992455 -0.20321106749115841 0.47670210715434974 -208.70108996918034 -0.21863961062139758 0.9755205617389154 0.023587163710676175 -68.07428971055589 -0.46982588007007126 -0.0840529337601874 -0.8787483978606667 -93.01937411622811
-0.8759259179161972 -0.20577711353786024 0.4363594457172823 -212.77941304194002 -0.2181896955272112 0.9756557951892875 0.022113934053031314 -67.94115205752581 -0.43028716351805124 -0.07583896661733676 -0.8995006437207281 -83.38663541727097
-0.8955222256301544 -0.21034624483429973 0.392166292134502 -216.49598047200664 -0.21891028192432024 0.9754662013969312 0.02332334452981077 -68.13186213477593 -0.3874509412431842 -0.06496266016990412 -0.9195986194603709 -73.02707324888512
-0.9151382214698213 -0.2123439918450837 0.3426836219202012 -220.15715717364554 -0.21732246857135581 0.9757975295198095 0.024292509896851888 -67.7792988645536 -0.3395482002000665 -0.05224184635262824 -0.9391367361734733 -61.50793880923178
-0.9330946825949211 -0.2139276609232099 0.28908349867297417 -223.35215972237685 -0.21596652941321734 0.9760748673964494 0.025225213779328706 -67.47985553893065 -0.2875635086138248 -0.038894847074220903 -0.9569714830572432 -49.06327759205619
-0.9481766660083102 -0.21699238238556393 0.23211056853147094 -225.7765111584418 -0.21689409923075567 0.9758417484826838 0.026264646145278053 -67.71615766258407 -0.2322024111766382 -0.025439888067654227 -0.9723347429454842 -35.86725559761022
-0.9605797488784961 -0.21880785309177428 0.17149247642358528 -227.51669400420263 -0.21720443855825514 0.9757159959834767 0.02829358677449238 -67.82642633793384 -0.17351881141570386 -0.01007068057983582 -0.9847790632814756 -21.970779616339698
-0.9695159100497194 -0.22012263914942287 0.1076332843239374 -228.3810366762011 -0.21806897025831412 0.9754522872966056 0.030639181097085015 -68.0722919536465 -0.11173551078749802 0.006233694066477174 -0.9937184292783054 -7.422630216557789
-0.9749413577412278 -0.21851882452868898 0.041699787676814606 -228.42087526514683 -0.21726431004870067 0.9755678262423688 0.0326134325056867 -67.92147521154658 -0.047807620153626704 0.02273630856891565 -0.9985977627292711 7.552885587868952
-0.9756826700095936 -0.21751327574029636 -0.027042601939831448 -227.28724306693957 -0.21838922020663917 0.9752230689178027 0.035300344871941725 -68.2340014957014 0.018694275607426737 0.0403477474869139 -0.999010802410187 23.034752776837596
-0.971829810555111 -0.21418772148373044 -0.09833839169940148 -225.05291609002282 -0.21882705643082578 0.9749849086579386 0.03897623972488079 -68.40459009583444 0.08753021586993365 0.059397372457703074 -0.9943894676910469 38.9485753869484
-0.9624920580297615 -0.2110574632084893 -0.17048104133196612 -221.49933564735565 -0.2212007042317131 0.9742950770002407 0.04265385540004873 -69.02686113553837 0.15709642477481323 0.07876452346768345 -0.9844373332853037 54.92790501475877
-0.9477264746227871 -0.2091447821857884 -0.24098337989065316 -216.67141373056458 -0.22640760538699362 0.9729456906153985 0.04600303615906545 -70.3033104113429 0.22484244599717185 0.09815876526008269 -0.9694383586802334 70.3773385615008
-0.928436537881601 -0.20532389321195413 -0.3095927873880668 -210.8390481430241 -0.23082462090227104 0.9718255394939105 0.04769816739344816 -71.36467218652527 0.29107660419853315 0.11574635918099797 -0.9496721491254726 85.40629417936803
-0.9052669674283633 -0.19938129923657727 -0.37515172290393256 -204.17944024889152 -0.23391826016197892 0.9710519408237176 0.0483774305362005 -72.09874472983317 0.35464625367519015 0.13154932815193923 -0.925700172311168 99.7509909068754
-0.8782594649873807 -0.18981149524551952 -0.43889851723688916 -196.70464348925145 -0.2346387529731063 0.9708125677314935 0.04967508367188661 -72.29030369763093 0.41665929458408263 0.1466102131750836 -0.8971624588832566 113.65084681253268
-0.847098967721855 -0.17852981596442982 -0.5005501410411094 -188.31417722553203 -0.2342178923723062 0.9708928884777499 0.050089699500061854 -72.19978330839182 0.4770380674298881 0.15966873180130953 -0.8642572408187964 127.1119678303604
-0.8119506740974094 -0.16764826765750035 -0.5591334019571731 -179.0312597847287 -0.23430883806045094 0.9709196197620332 0.04913715872850775 -72.20316506887603 0.5346358304860644 0.17090684688621555 -0.8276203105578596 139.87134117054987
-0.772504716118037 -0.15695001328163483 -0.6153073678303276 -168.77353111988182 -0.23556207914260002 0.9706658141351193 0.04814960165382354 -72.47700341766209 0.5897007465192892 0.182138877234656 -0.786815390644014 151.94959481287052
-0.7288451015829769 -0.14654712764405461 -0.6688114512160939 -157.5637325581503 -0.239785983939884 0.9695956807055007 0.04885588872611628 -73.47428073032783 0.6413170041441922 0.19597998708162562 -0.7418250095939096 163.08738058564668
-0.6813963482275156 -0.1319551662532569 -0.7199214198239151 -145.57102260443958 -0.24525872664534001 0.9679118618828815 0.05472462545071427 -74.85669427024632 0.6895992848216367 0.21385617065095391 -0.6918947641426385 173.274825097313
-0.6315598119861223 -0.1151863134830847 -0.7667231032584255 -133.13003952474554 -0.252066348877953 0.9656860902690514 0.06255342376090829 -76.58435268024392 0.733208537625819 0.23277132178825255 -0.6389231190883281 182.27776452080622
-0.5775205940501621 -0.09836237788931972 -0.8104287791434277 -119.75480717996277 -0.26164997519873895 0.962648808720823 0.06961725035421025 -78.9419171447048 0.773310580508535 0.2522540657439245 -0.5816860256093597 190.35896678856784
-0.5201427301153663 -0.08193883947110733 -0.8501397337463186 -105.65878905437859 -0.2723360745674631 0.9593400581540649 0.07416006546748069 -81.50784650373755 0.8094965119117676 0.2700975368400904 -0.5213086588534642 197.47760865045402
-0.4591359709173783 -0.065610069743437 -0.8859398845057253 -90.77685236208839 -0.28237743956881955 0.9563262576874939 0.07551867636545521 -83.86448387097906 0.8422927886621813 0.2848427769940709 -0.45761058834121393 203.77866152665513
-0.39589693034698925 -0.045145009985029586 -0.9171845771791428 -75.521293472829 -0.2871935606529662 0.954775090934084 0.07697002306926697 -85.0081226791283 0.8722301756195451 0.293881700357923 -0.39095788383588553 209.43780329280534
-0.331393083328105 -0.023992169009994013 -0.9431876802357457 -60.0780014277294 -0.2904570855209605 0.9537205513990565 0.0777932600534772 -85.7798682753281 0.8976710454241914 0.2997356930118173 -0.32302508964748317 214.0575448482047
-0.265248505117099 -0.0008223853374064172 -0.9641797312822442 -44.376055707303586 -0.29511681305380677 0.9520745051867615 0.08037538943200935 -86.9067249022692 0.9179048410298905 0.30586510140213696 -0.25277903900076787 217.3941086032509
-0.1972002053610903 0.021503484257025945 -0.9801273790535352 -28.307247499090973 -0.3000219907051461 0.9504686425180999 0.08121677587249075 -88.05963271067426 0.9333267831252168 0.3100757322890797 -0.18098109333995627 219.5907632187131
-0.12957763104855183 0.0441894275282477 -0.9905841367731322 -12.45069111894802 -0.3063853959565689 0.9483359425082675 0.0823828215800677 -89.55448895779682 0.9430469907042714 0.3141754838329727 -0.10934412961808063 220.4412517427168
-0.061954257536770384 0.06427138687246019 -0.9960074592103002 3.3509805411864804 -0.30987243861471564 0.9473719691966431 0.0804078588661807 -90.32679137590274 0.948757472571382 0.31361686946011835 -0.03877779557940708 220.4371583815815
0.005559017194401154 0.08397903422964616 -0.9964520154717376 19.03491102144051 -0.310172574419634 0.9474651552734356 0.07812012301949353 -90.35526778584887 0.950664016046536 0.3086378158174077 0.0313149683335449 219.61100000552608
0.07066044281114334 0.10324701710673985 -0.9921427091302408 34.06270917442968 -0.306604110693931 0.9487262286407223 0.07689253796523836 -89.50740723411064 0.9492107358892001 0.29876177223284855 0.09869337528411251 218.11973122892564
0.13044322398172464 0.12597806869096626 -0.9834195907780908 47.689531739096644 -0.30587754786404264 0.9486233751054886 0.08094824220544598 -89.41050540898048 0.9430925145657417 0.2902468232597308 0.16227535412902555 215.57366059688908
0.19202163518926293 0.13961433925482414 -0.9714090425220883 61.82440086821145 -0.3027254437988988 0.949986958898602 0.07669474297072358 -88.60656668377686 0.9335336080163377 0.27934318355210397 0.22468286206779137 212.27192551361097
0.2504726226652264 0.1590523443006998 -0.9549690136688493 75.04032314225175 -0.30780556796945185 0.9483112204276164 0.07721114905302087 -89.7912958684596 0.9178884450858973 0.2746055006432615 0.2864831956577164 207.43903039598473
0.3099826695643345 0.1756422343685934 -0.9343770920114515 88.47174383376424 -0.31127009133411004 0.9473715706039967 0.07482003376216242 -90.5500408245905 0.8983438511008038 0.2676507289684159 0.34834094285922257 201.71637429297604
0.36731365254776926 0.19373461863421726 -0.9096964208980219 101.28274708488318 -0.31416779775130166 0.9464238348098507 0.07470287651699849 -91.21827724539996 0.8754309084720014 0.25835793474648905 0.4084995741067731 195.2676673154242
0.4234471997905456 0.2068506661388128 -0.8819893825367032 113.83102418856716 -0.31467734788767704 0.9465461020526309 0.07091292840764826 -91.26841499525656 0.8495119985708993 0.24751419879857353 0.46590351541620356 188.1814451106781
0.47297844703157477 0.2195641498164212 -0.8532777817094455 124.80221376692677 -0.3157102529598081 0.9463783818283908 0.068520030530719 -91.46400703250718 0.8225681885531764 0.23698004667749736 0.5169352306208945 180.97061616631606
0.5174765525397443 0.22690589492749003 -0.8250646837786333 134.6777320766757 -0.3128509447237878 0.9476170460250066 0.06439115209618503 -90.72765797481965 0.7964560904136617 0.22480135437758259 0.5613573256963784 174.10936133713417
0.5560704216114654 0.23152279561864503 -0.7982373590090697 143.22439881008202 -0.30875644505906735 0.9492321612424289 0.060230903176979045 -89.70447688605715 0.7716574005627979 0.21296830555731677 0.5993240834345898 167.67459284013358
0.5887966897713427 0.2350162020462428 -0.7733600991065346 150.43639345684392 -0.30563800995913154 0.9504908648767179 0.056147329893154754 -88.90808841293668 0.748267241687441 0.20330887969212885 0.6314757591988789 161.6503917174393
0.6164077044807454 0.2412509351102267 -0.7495595561162696 156.41181271832917 -0.305565884342975 0.9506000490257372 0.05467208719229184 -88.86456255846511 0.725721042951404 0.195339532867024 0.659675249434765 155.87071246050206
0.6409967055980401 0.24774051890358365 -0.7264625652474067 161.67996662907723 -0.3067926387131693 0.9502790007518882 0.05336757031572163 -89.1243223953159 0.7035634301495995 0.18866493056044048 0.6851306763915581 150.21545634227044
0.6629671171185681 0.25199616308859574 -0.7049627900876191 166.39402499173502 -0.30657762982988035 0.9504549160985529 0.05143548728247416 -89.03871287626491 0.6829968949471056 0.18202578458207108 0.7073767420829539 144.9962137419826
0.6827910312725434 0.2530702276552448 -0.6853844669149567 170.6873119608227 -0.303672376644503 0.951525123523769 0.04881625719118057 -88.31816339182268 0.6645144808631758 0.17480102739285874 0.726543257862562 140.33792733918085
0.6985782388147349 0.2526069677671941 -0.6694610997585798 174.12104123479534 -0.30074556662255375 0.9526125770785592 0.04562216729425846 -87.58049363666082 0.6492615408380374 0.1694668044993178 0.7414448420222557 136.49138791215148
0.7090379418605429 0.25008272776296103 -0.6593358979130457 176.44646644964274 -0.2959850914334926 0.9541958515071609 0.0436245643603608 -86.44144074601148 0.640045328591087 0.1642221247005437 0.7505818217273629 134.18995335963993
0.7168895103307167 0.24723434147661982 -0.6518777572309146 178.204261108541 -0.2920672954173438 0.9555101058459168 0.04119626893206201 -85.48835715689253 0.6330609172310221 0.1608590004349986 0.7572042373452951 132.430283318339
0.7203834165777577 0.2444732996087416 -0.6490612751490966 179.02163734528276 -0.2894884153894412 0.9563894517413156 0.038931657468647095 -84.84866071440432 0.6302731078469611 0.15984999961326304 0.7597392889331002 131.70023747419236
0.7208478368476555 0.24436914543210603 -0.6485847029284904 179.12482468546176 -0.28995366330709044 0.9562842817205739 0.038042682199926674 -84.93903062448294 0.6295278145140644 0.16063652540735682 0.7601911848069519 131.46607160815356
0.721157273065177 0.24585600704328714 -0.6476781695455923 179.1565447394729 -0.2915472600026535 0.9557936798970024 0.03819210198315588 -85.3107329966144 0.6284364587531049 0.16128628357575164 0.7609562090161164 131.14419800147374
0.721597594402702 0.246411125681654 -0.6469764052054243 179.23846764736305 -0.2923260763169049 0.9555673851049501 0.037900364494962396 -85.48513813478904 0.6275686232256967 0.1617792621567673 0.7615675239127621 130.87954564030036
0.7225306315842991 0.24797138920642958 -0.64533687060126 179.40120613462082 -0.29306493293983193 0.9552986673030871 0.038953835881946244 -85.67556782372574 0.626148889245494 0.16098026706394553 0.7629042679869179 130.491560506714
0.7237809618537285 0.24763409191891259 -0.6440640308056234 179.6779866802215 -0.2923879720449617 0.9555121610352377 0.03880443166964884 -85.51568798973052 0.6250203141190902 0.16023066695631427 0.7639867409223856 130.17517402173482
0.7245757083494434 0.24834512789163798 -0.6428955905295886 179.83208567294002 -0.2933706672905355 0.9552291177993573 0.03835341030165992 -85.73434862480029 0.623637470365122 0.1608167589548662 0.7649929905534064 129.77788410833097
0.7258507673483353 0.2485563600223298 -0.6413738375021878 180.10016963764704 -0.2947991445082541 0.9548650113123316 0.036418052785705035 -86.0274281945354 0.621477375241476 0.16264238704578474 0.7663637034718013 129.16934824738757
0.7263351608346956 0.2503696815233005 -0.6401189395019942 180.16074625906947 -0.29650953445850625 0.9543199561508606 0.03681735008687061 -86.43007415378726 0.6200962264926602 0.16305963285295466 0.7673931365495934 128.77353888818476
0.7271541819098902 0.25067283639549065 -0.6390695774517811 180.32914437143364 -0.29591982308885556 0.9544693131980022 0.037680080498777566 -86.30961153473777 0.6194176733303779 0.1617141281916133 0.7682254139959234 128.57589266967662
0.7275140209075351 0.25130681173569225 -0.6384107108736444 180.39131916254496 -0.29533028779989934 0.9545898952008255 0.03921929484967441 -86.20238917084505 0.6192764895351505 0.16000943208360685 0.7686960460112322 128.51747518517186
0.7279078844778891 0.2514070888348932 -0.6379220856801308 180.47368440762017 -0.29543153001172545 0.9545638194205743 0.039091248741066974 -86.22267421990225 0.6187651596444769 0.16000746962804305 0.7691081113038504 128.34460401861935
0.7282603774118037 0.2508165677623297 -0.637752202683724 180.5640147416911 -0.29463099254520636 0.9548122321862629 0.039066347401729845 -86.03703887279009 0.6187320913964652 0.1594510915717128 0.7692502508759718 128.29775930749358
0.7285404665180665 0.2505480083832029 -0.6375378295762915 180.63047124073688 -0.29369056506498115 0.9550747218380213 0.03972565541105846 -85.83195922690632 0.6188494490887506 0.1582970978926542 0.7693941695654531 128.2961455183961
0.7277399391084312 0.25037343882939855 -0.6385199465601669 180.46484807957788 -0.293369719941733 0.955154794484102 0.040168719115027576 -85.76576700898768 0.6199425686688776 0.15809003669673266 0.7685562776072158 128.52709897386129
0.7273272126228638 0.24942818886447143 -0.6393596049001259 180.399507193714 -0.2931035423292638 0.9552749907055903 0.03924290517369883 -85.68627568911035 0.6205525273917535 0.1588561321832557 0.7679057819911783 128.62377048742064
0.7268113020642782 0.24826831036495245 -0.6403968904204331 180.3174596292139 -0.29274575962109506 0.9554289191987365 0.03815102334934623 -85.58265751847529 0.6213253989782621 0.15974487918949384 0.7670960319003335 128.76104077506216
0.7255482063145898 0.24670655361698138 -0.6424295110874911 180.08506291066095 -0.29047705652840244 0.9560829122510845 0.03909660512218774 -85.07692542049003 0.6238612665843879 0.15824456168828202 0.765346835592731 129.36796372025796
0.7244256737392879 0.2457858192219598 -0.6440471832845549 179.8683699628018 -0.2873348417981337 0.9569094650377589 0.04198766973757631 -84.40648936192233 0.6266148194195702 0.15464024958121478 0.7638326133998464 130.0596236358174
0.7234554418980297 0.24537786682113538 -0.645292124593533 179.67028096304801 -0.28565104444173195 0.9573330499548494 0.04378255672632242 -84.05212878560758 0.6285027481224519 0.1526536404362998 0.7626802486390156 130.51149808208478
0.7230046596053038 0.24566418628069783 -0.6456882914906087 179.5667522286147 -0.2852419218719257 0.9574049143815965 0.04486508581043879 -83.97855023780248 0.6292068882298006 0.15173970310044235 0.7622819388567202 130.65251847101973
0.7228603795179832 0.24617270884432646 -0.6456561539576338 179.52389432403638 -0.28590473063986904 0.9572070734772217 0.04486762176577391 -84.13237225411007 0.6290718215918283 0.15216312268555449 0.7623090104240666 130.56310962472378
0.722824090573605 0.24839166491845832 -0.6448464273650566 179.46290744760464 -0.28726870028795626 0.9567198322837284 0.04651726937238436 -84.47848184590896 0.6284918678243253 0.15162039214443063 0.7628952934477049 130.37373450701872
0.7235954406434821 0.24787716455333786 -0.644178973246537 179.6404489727538 -0.2852914845568182 0.9572441002721359 0.04788007240549876 -84.04764279672642 0.6285048982460931 0.14913297350749266 0.7633747108029463 130.35925804100413
0.7250753188656676 0.2487428123010013 -0.6421781647646075 179.93450059570057 -0.2848649637046002 0.9573058518600795 0.049167656523615676 -83.9733752418839 0.6269910162238589 0.1472838053658184 0.7649769579873216 129.9481660619984
0.7271090609950662 0.2486120762980754 -0.6399253463784919 180.37086142026052 -0.28483821116791946 0.9573584511549493 0.048290676748790076 -83.9500694344069 0.6246435838760634 0.1471626023178319 0.7669182235424523 129.30574868472436
0.7282044941911413 0.24967362521753572 -0.6382642834363814 180.57809263539994 -0.2866562326541023 0.9568674479970922 0.04725347864537592 -84.34896552232169 0.6225322633569934 0.1485522394118154 0.7683656767746418 128.70353637823376
0.7294086122277809 0.24852844488359227 -0.6373356168391078 180.86218510761623 -0.2852005514173517 0.9573195332343052 0.046903696648458885 -84.00568796051506 0.6217907380133458 0.1475565090797263 0.7691575617186789 128.4762517757124
0.7299184813224137 0.24961085072534425 -0.6363280866221065 180.9440564009644 -0.2854061984989222 0.9571991422577419 0.048094738999573436 -84.07627070696827 0.6210976674262872 0.14650674135074182 0.7699178282494904 128.26208336323177
0.7306789153177169 0.25043806396852825 -0.635129198530362 181.08499906864625 -0.2852078498699317 0.9571960457491364 0.049317465210485474 -84.05361836114281 0.6202941278802301 0.14510860111624077 0.770829870204439 128.02394005209177
0.73142832908102 0.25077666181317376 -0.6341322143745642 181.23527349138755 -0.2844663443999837 0.9573556893322861 0.050487453954552994 -83.90512057579856 0.6197511583865392 0.14346131880386548 0.7715745924313466 127.85413697240901
0.7323147497840397 0.24996961061942632 -0.6334274236370823 181.443125479281 -0.28383349970520866 0.9575822664903186 0.04974683254597849 -83.74391860587406 0.6189940643445886 0.14335758323171016 0.7722013672845514 127.60994493102368
0.7326381811879679 0.24886465131053342 -0.6334885009166883 181.53914939529324 -0.28351367695916024 0.9577479460950586 0.04836183131141507 -83.64290401024685 0.6187578609138499 0.14417093007532222 0.7722392456218042 127.48589938104408
0.7325549650763163 0.24720567855564543 -0.6342338493267919 181.5626444599833 -0.2843750246950562 0.9576653462209471 0.04480993168037195 -83.77063888756243 0.6184610484676646 0.14753452862756003 0.7718416251997041 127.311498589412
0.7322215880094528 0.24665032417500632 -0.6348347530163102 181.50586903649622 -0.2850153508788883 0.9575447290226884 0.04329366794636962 -83.8878113406601 0.6185610687848851 0.1492370915866113 0.771434050764205 127.25834557860604
0.7319544460090887 0.24694238281184192 -0.635029250144226 181.4419162171743 -0.28696301522123746 0.957046550441346 0.041402031151336484 -84.29860607789489 0.6179764695056472 0.151925507600041 0.7713778083908079 127.01994409941751
0.7316031976810097 0.2469022624028992 -0.6354494739656738 181.36852890532126 -0.29057829323746703 0.9561372392089088 0.03695720900130797 -85.04188491639012 0.6167017242088124 0.15760981130086935 0.7712574996326339 126.56995323032015
0.7320905380385817 0.24629663184396475 -0.635123148103341 181.48562471863747 -0.2931963628731121 0.9554971121415721 0.03257547370483492 -85.55613897987007 0.6148815633212288 0.16236760092898622 0.7717236715665828 125.99470907408703
0.7324497296142101 0.244643890067469 -0.6353477478048748 181.6018569164424 -0.2937047978854753 0.9554467978882705 0.029307134013795644 -85.60661411832106 0.6142107824575556 0.16513867947185068 0.7716698330602089 125.7333209133695
0.7330738971284227 0.24251978364974466 -0.6354422207309077 181.785582028915 -0.2928829773546911 0.9557700480067997 0.026891948775264865 -85.36733978655064 0.6138584714124243 0.16639642385448372 0.771679990153717 125.57148350084813
0.7333166975767117 0.2428967348316107 -0.6350179503473329 181.82674273316897 -0.2934593885234734 0.9556004272588664 0.02663476506562522 -85.49402353891588 0.6132929221364084 0.16682026145170187 0.7720380767983994 125.36672443315528
0.7335242996008687 0.24271579504737223 -0.6348473397042605 181.87447324352476 -0.291794202493379 0.9560601937398178 0.028373391362946948 -85.14583115966855 0.6138389408357111 0.164432201167241 0.7721164458376651 125.47377638224641
0.7332584890648204 0.2429796732380274 -0.6350534360252829 181.8105841518172 -0.290746665805703 0.9563235366043016 0.030193867912338163 -84.94107619598358 0.6146530440315443 0.1624997591683825 0.7718778813601114 125.64460537485186
0.7326589227532081 0.24308506421265266 -0.6357047698946728 181.6811454922104 -0.2907869280653759 0.9563002908212198 0.03054040342811712 -84.95732286168908 0.6153485722551165 0.16247893811808595 0.7713278999826265 125.76243357743003
0.7324738276219872 0.2419884179704864 -0.6363361512730016 181.6680873484852 -0.29096146276919543 0.9563028056136649 0.028746672131622353 -84.96039256865922 0.6154864084868205 0.16409311241966887 0.7708760804593826 125.71997830509108
0.7318650119572221 0.24332141084642792 -0.6365283146071029 181.50572151037002 -0.2914514021141881 0.956103121586131 0.030379287334134933 -85.10695770360626 0.6159786396284607 0.1632835322895726 0.7706547888675649 125.79499750870025
0.7317703337196847 0.24292704811816812 -0.6367877417007762 181.49445817657008 -0.29033518751314324 0.9564155937057056 0.031220041772402687 -84.86655343830512 0.6166179186331592 0.16203598800623226 0.7704068282481373 125.91263073117806
0.7313361543811645 0.24250941156443814 -0.6374453816584129 181.4130088033143 -0.28989874459497367 0.9565450680651139 0.03130895467059089 -84.76817168620296 0.6173379521601017 0.16189724538415365 0.7698591655360059 126.03950012673859
0.7308492860097574 0.24286026595587693 -0.6378700591490939 181.3007201927388 -0.29141919205101047 0.9561207681168227 0.030131898048964628 -85.09132663712165 0.6171986516862816 0.16386570109555457 0.7695543232034359 125.92086912730673
0.730920519525567 0.24248051363997894 -0.6379329076332143 181.32369640788713 -0.29209086126250894 0.955959956410262 0.028696524302010695 -85.21607444330255 0.616796662526153 0.16535949396687843 0.769557090053504 125.74429883094228
0.7304210291765174 0.24391076238639336 -0.6379597637224509 181.18284907088383 -0.29451803464868237 0.9552353118147898 0.028011182209585678 -85.75720977805595 0.6162339226327892 0.16743069925849746 0.7695600779292128 125.51946376986072
0.7304967343449009 0.24448232930476754 -0.6376542258694367 181.1839308363524 -0.2941940533518639 0.9552982848517788 0.029241168438525977 -85.70720533582997 0.6162989372730054 0.16623350329270203 0.7697675248405841 125.49398083514919
0.7314121095458872 0.24332589439570418 -0.6370469646157697 181.4039198832173 -0.2899399135560562 0.9564944469902499 0.03245334195306829 -84.79731024678019 0.6172286225838379 0.1609685745521365 0.770141510029106 125.73520186865224
0.7327887418812385 0.23980563706951172 -0.6367997457614106 181.78026803103003 -0.2858019072870884 0.9577612641572468 0.03179041791130115 -83.83168020659964 0.6175256509353876 0.1587029215534429 0.7703735802370352 125.78121773422501
0.73351116534215 0.23879178583560157 -0.636348845630952 181.95611318640178 -0.285521223327013 0.9578921682672975 0.030335210597939977 -83.73646113114862 0.6167973746282055 0.15943988519068752 0.7708047234300873 125.53106098578752
0.7341516498432359 0.23726106679638753 -0.636182789153475 182.12769238683734 -0.2847023331453407 0.9581831183281506 0.028804396409936553 -83.5157399145225 0.6164137705584247 0.15997592923181125 0.7710004964540323 125.37097963187568
0.734157786646553 0.23949117347910168 -0.6353395329521352 182.07159051995228 -0.2845318779801162 0.958119714795612 0.032376264964994426 -83.55175809297074 0.6164851617998139 0.15700506343929832 0.7715539225064436 125.36781310923564
0.7347678808868585 0.2405947674256348 -0.6342163030894428 182.1706316069495 -0.2859147091796611 0.9577181840312627 0.03207271504831108 -83.86222317265589 0.6151170134955992 0.1577657689844823 0.7724901435261098 124.95782484345082
0.7354597524041228 0.24094968197153038 -0.6332789301338587 182.30379002793046 -0.2871255939453005 0.9573971268710025 0.030816144481551927 -84.11333538091701 0.6137245684305174 0.15916655495727686 0.7733098744279729 124.5309502447427
0.736736305591696 0.2384013429969934 -0.6327593663315692 182.63364774961062 -0.2833032352265504 0.9585201297148617 0.03127999107376297 -83.2465796274271 0.6139697817753484 0.15621767053901017 0.7737164509548031 124.57243396058034
0.7379755115345613 0.23832446931290152 -0.6313426895926068 182.89187268092178 -0.2805403296082013 0.9592336030263967 0.03417628254095233 -82.67355872062062 0.6137501672819524 0.15189582664352919 0.7747505340492864 124.51296919882398
0.7391442258056214 0.23983677268541218 -0.6293998219939805 183.09431134755783 -0.282002741482433 0.9588043904555077 0.034184713537403585 -83.00784873133442 0.6116700640497297 0.1522250416688667 0.7763293562878524 123.92682479138621
0.7409624458814853 0.23819999518062931 -0.6278816895636272 183.51111362116004 -0.2829683448457934 0.9586674435244097 0.029759847808832132 -83.1358858043344 0.6090185297743895 0.1556197128333069 0.7777396321193359 123.15740318608862
0.7430437659007423 0.23280683684211784 -0.6274447694224651 184.07908006241493 -0.27673704650222813 0.9605179689871 0.028667723071776313 -81.6853154962456 0.6093460175050515 0.15233583942219228 0.778133165324721 123.2264351096516
0.7428947572714674 0.23299819313881043 -0.627550174577792 184.04413863335898 -0.27638478760825425 0.9605951979436474 0.029467182870866013 -81.620335222237 0.6096874845339273 0.15155430604788 0.7780182925362602 123.27313567097166
0.7427443272806661 0.23261944370145252 -0.6278686635789507 184.0211450651171 -0.27570610771543674 0.9607796290404893 0.02981017593412682 -81.47097965149071 0.610177848221971 0.15096588632153415 0.7777482206385038 123.35038486353179
0.742102544247239 0.23083244050642324 -0.6292854664074353 183.93342658766005 -0.27446033414303617 0.9611638630387855 0.02890594005479956 -81.1646855768327 0.6115188785343163 0.15126272772301613 0.7766364969520329 123.63301895265623
0.7435937348798114 0.23006582325750263 -0.6278041688427531 184.25861914391103 -0.273289270932975 0.9615048348102198 0.02866054831113668 -80.88909422692224 0.6102305562985317 0.15026033942933698 0.777843492326165 123.26769884340175
0.7437801626667979 0.22539049528905514 -0.6292775176793669 184.41529550493593 -0.2686099791713377 0.9628596737399479 0.027384809200990026 -79.78945892268688 0.612078221073847 0.14866194307473424 0.776698061004609 123.70775529046277
0.7434944628565013 0.22461915854678277 -0.6298906391711641 184.37334189698936 -0.2677504291621492 0.9630985983389846 0.027400685410549235 -79.59232489268533 0.6128015105931179 0.14828123108208338 0.7762003511488347 123.84437526410017
0.7430198341617411 0.2248171462837301 -0.6303798670477181 184.2685814950528 -0.26763130610830643 0.9631136195048131 0.028029268900564064 -79.57845061994837 0.6134288956619347 0.14788308443218937 0.7757806283388373 123.95783567949034
0.7418605450827183 0.2255670332409752 -0.6314764011144337 184.00810070039947 -0.26846659646758236 0.9628659410065196 0.02854586188472797 -79.77965097587474 0.6144661245591042 0.14835327149912958 0.7748694655261756 124.1658465290611
0.740216696794242 0.22437915576080325 -0.6338242944595059 183.69762109877595 -0.26852272678863603 0.9628871608706178 0.02727380847106914 -79.76489567843221 0.6164209495020564 0.15000769943769632 0.7729960563446575 124.59259094407372
0.7397936382380266 0.2235804372906855 -0.634600000696068 183.62735391837492 -0.2678963863115918 0.9630692724364807 0.027001901597073982 -79.61400238769836 0.6172008579253062 0.15003121191796576 0.7723689121311734 124.73908151801493
0.7386691219127167 0.22173798448815252 -0.6365533713427554 183.4394919084875 -0.265290872148837 0.9637655171315102 0.027870793722856606 -79.03495484086477 0.6196682027401481 0.14828450432652915 0.7707288915626753 125.33658523867223
0.7384133352900939 0.2200291772416686 -0.6374424738187078 183.4271866200555 -0.2624393645182879 0.9645151132700176 0.028916711862908284 -78.40347192243584 0.6211854201581012 0.14593751209363431 0.7699551391782016 125.70258608882222
0.737374893977486 0.21676557350357503 -0.6397585105923622 183.29212535522495 -0.2587215144253921 0.9655182522342315 0.028942746517681993 -77.55254891651099 0.6239723100467864 0.1441776360820962 0.7680308363266775 126.3810155689662
0.7369612961128212 0.21404835789027868 -0.6411484605894221 183.27098083750866 -0.2574511424578655 0.965926460851765 0.026551487218675784 -77.20810976428051 0.6249855656564002 0.14549698522945015 0.7669574108190694 126.56987665712693
0.7368705050275626 0.21036026805717417 -0.6424721133585011 183.34037539873972 -0.25608312368088343 0.9663879969566418 0.022708436845609026 -76.80863414403794 0.625654291591024 0.1477930883398932 0.7659725259124444 126.66328820942208
0.7371948149090815 0.2041461976533907 -0.6441025810030788 183.55690856572593 -0.24951351186570908 0.9681376431646472 0.021272312616235467 -75.2708479960197 0.6279226164644857 0.14503045842603174 0.7646432853698052 127.22383475301666
0.7372345834872133 0.20033186586688914 -0.6452536806781701 183.65440287199397 -0.24557987914908505 0.9691635944829688 0.020308867176000472 -74.34642218431762 0.6294248897744321 0.1434889216878515 0.7636983943189233 127.57563871558973
0.7364846491331211 0.1986463670874888 -0.64662971044811 183.53516891769473 -0.24199304406987684 0.9700200169215465 0.022372603632958774 -73.56869343909551 0.6316879991048259 0.1400028128805471 0.7624758908794929 128.14133602088538
0.7368197936323362 0.19265562137467138 -0.6480589504546179 183.74356640519756 -0.2367743972374681 0.9713676387141357 0.019565154529371707 -72.31031841273357 0.6332728294538108 0.13902777424552193 0.7613388217238768 128.50231023027783
0.7349628942904534 0.19288224051172229 -0.6500969045545272 183.34994698614165 -0.2366377574518008 0.9713779200944641 0.020676269033260343 -72.30422718992389 0.6354778641025843 0.13864118308832762 0.7595699484494408 129.01849504384612
0.7352407226936544 0.19231212115605661 -0.6499516349309161 183.41537972398578 -0.2329326272048522 0.9721927181312241 0.0241600909780463 -71.52916699327933 0.6365245249606318 0.1336314591295041 0.7595914443005276 129.2948057425831
0.7388899576980976 0.17913817397736848 -0.649577666670397 184.4824663838812 -0.21947748277725976 0.9754257499319001 0.01934530753303701 -68.33123843260198 0.6370802657174848 0.12827361768440226 0.7600490865986845 129.4780053420855
0.7395512924409453 0.1755653922504334 -0.6498004916071385 184.69940235868853 -0.2145236574225163 0.9765203858554958 0.019685944597619735 -67.19999161940943 0.6379995973783952 0.12483881228442195 0.7598498435167441 129.7138175172836
0.7389124075684584 0.17868158640722526 -0.6496778775827154 184.49159435530333 -0.21557326468525412 0.9762095230089446 0.023305251330768197 -67.52147979671022 0.6383859502638869 0.12283264169448685 0.7598523018587415 129.79794588920896
0.740213797495181 0.17775367413967447 -0.648449817123584 184.7789592343042 -0.21368471243662163 0.9766130545010301 0.023786244954729037 -67.09872167580833 0.6375126490263872 0.1209569059955424 0.7608857004986649 129.5635282218251
0.7386105481453001 0.17595444344736005 -0.6507645442090628 184.49105955253899 -0.2145166452926922 0.976504036000853 0.02055423475623082 -67.2169056176501 0.6390908128434243 0.12441825229914917 0.7590013382293583 129.88717235339226
0.7383839576389252 0.1758786451456932 -0.6510421132946725 184.44459209748348 -0.21533762482855792 0.9763443048583033 0.01953217099945078 -67.38258852400723 0.6390765513103053 0.125771620616385 0.7587902615432376 129.82917316314976
0.7387419939052977 0.17516175959121072 -0.6508291822112282 184.53325312443215 -0.21406485856163893 0.9766174802344273 0.019862870626966574 -67.09757347759337 0.6390903713637146 0.12464612018618543 0.7589643219234488 129.8113559902552
0.739041324311482 0.17592602612543143 -0.6502829801645165 184.5764912675498 -0.21349131278709985 0.9767060459259578 0.0216046109921368 -67.00414966162182 0.6389361316472653 0.12286306679956706 0.7593848079150869 129.7615303200701
0.7402371685637416 0.1750561645004308 -0.6491565863080595 184.84208561725438 -0.21097008797480013 0.9772229619101781 0.02295440470593256 -66.45538518557339 0.6383890320616732 0.11996091857724651 0.7603083728050503 129.62454352044438
0.741638187318362 0.17389553700883414 -0.647868151184748 185.1574729180301 -0.21043869394111758 0.9773718943649342 0.021441459788376756 -66.29906060109904 0.6369366963862978 0.12043472221045359 0.7614506697630516 129.21616590798635
0.7431606065503638 0.17236511533372537 -0.6465311901893727 185.50605948802533 -0.20846256538349892 0.9778035070282736 0.02106324943923398 -65.83679313031422 0.6358110345892289 0.11912417327814076 0.7625967214952958 128.91309555510594
0.7444980476095138 0.17176992375445624 -0.6451494016109837 185.79458387649407 -0.2090062518157443 0.9777272458992485 0.019126403953800573 -65.91609552752675 0.6340654885794966 0.12060068789048659 0.7638170136052126 128.4176908332774
0.7468428877015786 0.17040586385747544 -0.6427966573128355 186.30717235249583 -0.2068094146062374 0.9781960443657407 0.019035882365764957 -65.41045935596826 0.6320249734937639 0.11871958705371821 0.765800295462206 127.89119602579333
0.7492213928015523 0.16071736726199054 -0.6425241103872106 187.02073145660094 -0.1970629490787082 0.980269689483336 0.015412007677333563 -63.08946504623932 0.6323238874729504 0.1150706901891971 0.7661104604366641 127.98570311516664
0.7508118799331774 0.15795899910262984 -0.6413505091240697 187.40834992500396 -0.19283245690240103 0.9811029753001534 0.01589325083708224 -62.12798384925998 0.6317413747066054 0.1117403528707609 0.7670833911799462 127.84968070128009
0.7520724102233557 0.15884471250572849 -0.6396525987517014 187.6435682887744 -0.19216111088633617 0.9812032505981829 0.017728183169427175 -62.01529992154807 0.6304452373075411 0.10958347651234657 0.7684596700098881 127.51551915334846
0.754475489344873 0.1493025065886659 -0.6391208786326382 188.35348859780316 -0.18502838351198947 0.9826701072926411 0.011133621531609447 -60.22409476033723 0.6297072599809806 0.10985545848891785 0.7690257115125834 127.29705311413154
0.7559863692056503 0.15099230103022468 -0.6369347961956986 188.62228618945483 -0.18641548960887547 0.982402161437929 0.011630066034570626 -60.553243549302536 0.6274821709093743 0.1099423404866535 0.7708299468489632 126.70065107834883
0.7587461818844442 0.14830331784711884 -0.6342794001000778 189.24512262325484 -0.18301555539453626 0.9830493541410482 0.010921254804154762 -59.75421602337003 0.6251476129358629 0.1077965363005894 0.7730267581411321 126.10794713224287
0.7615312642026684 0.14932460177733436 -0.630691919201385 189.78726023404064 -0.18204809446490577 0.9832040594330242 0.012971847058874587 -59.57959987234508 0.6220358711067896 0.104937794995238 0.775924889559521 125.32951933956977
0.7615426000472596 0.1463729389943032 -0.6313698052991048 189.8577753900917 -0.18104906390606307 0.983427064325809 0.009614864027092274 -59.27031510409717 0.6223135100349324 0.10698678367766351 0.7754222871096181 125.34353818870979
0.7619799958396275 0.14721273878508892 -0.6306464108195926 189.9272280716455 -0.1821717151591782 0.9832217462065272 0.00940552936045952 -59.522706197103844 0.6214498790217957 0.10771911309503249 0.7760132992016406 125.08906510063017
0.7648429640533037 0.14474508380918905 -0.6277452517153973 190.56469888296354 -0.17965456106621103 0.9836977975926833 0.007929798194870927 -58.90837478958867 0.6186594208660076 0.10671224730261826 0.7783784537417264 124.36844766171154
0.7647684411872788 0.14486709173482173 -0.6278078982429852 190.5459799692671 -0.1793409676718121 0.9837499488219249 0.00853554376700131 -58.85061537177427 0.6188425071684377 0.10606396148152814 0.7783215192941328 124.39769237279823
0.7638591538562385 0.1440605571407789 -0.6290991566886098 190.37941613242452 -0.1779269217861232 0.9839998489033877 0.009290202464162532 -58.543603413214505 0.6203718268697785 0.104837270254422 0.7772695434608609 124.76611003082942
0.7646033208183385 0.14120237991139561 -0.6288431042008229 190.59451887936615 -0.17600281716581018 0.9843645430770639 0.007032402319388897 -58.04850846252536 0.6200038468777975 0.10530115972790262 0.777500415187472 124.63525192160162
0.7644284728556552 0.14031196786421757 -0.6292548462758485 190.5779074091709 -0.17367319047215207 0.9847657617629942 0.008603334851872098 -57.54957478565959 0.6208757788791528 0.10270806265050778 0.7771514145054264 124.8601664104152
0.7644382587952621 0.13886942115089743 -0.6295628899159184 190.6115039883025 -0.1714389347871291 0.9851523665565696 0.009138178540873697 -57.04824197564585 0.6214843844612047 0.10094601793634594 0.7768957853751508 125.00713591395974
0.7648671961712867 0.13781193603570316 -0.6292742188483218 190.72158965506722 -0.1695566079578277 0.9854724363435919 0.009727995932389225 -56.62897109333766 0.6214730315298564 0.09925697705006092 0.777122463700525 124.9971009364369
0.7652293085634561 0.13673023968561598 -0.6290699061877058 190.81841151514993 -0.1681028814586638 0.9857211245360421 0.009761449108356732 -56.295383545528985 0.6214221806153924 0.09827871691731949 0.7772874418387937 124.96744211704778
0.765498803005857 0.1362104884524893 -0.6288547411224108 190.8836109413527 -0.16692750417296637 0.9859148389700815 0.01035078012434689 -56.03922664146031 0.6214071056458756 0.09704964262753654 0.7774539059768644 124.95062388346786
0.7656359424134401 0.1349103884369075 -0.6289680363710752 190.93964287673396 -0.16515868957139695 0.986211204241453 0.010491324400762357 -55.63583527234251 0.6217107132290245 0.0958470016245987 0.7773603677419063 125.01484029726748
0.7665216766868886 0.13315984609402529 -0.6282618678205264 191.15768240210764 -0.1633728699210341 0.9865160589184274 0.009765801033136824 -55.206944408370944 0.6210908343735929 0.09515524622567817 0.7779406497753185 124.83846733392946
0.7679142586972749 0.1260312139683917 -0.6280317065205132 191.59744063372972 -0.1557110299213099 0.9877716183691517 0.007829757673889985 -53.399390957020245 0.6213386890016261 0.09177888128562245 0.778148360211406 124.92092474520862
0.7688458481700308 0.12058962327775884 -0.6279603526572629 191.90545884153053 -0.15031326938643766 0.9886213334968397 0.005812056545718758 -52.110268840081325 0.6215158749364863 0.08992219810846826 0.7782236282003234 124.96478197715305
0.7699246046916318 0.12096556259708584 -0.6265647897512315 192.1141297320694 -0.15010620027038776 0.9886490392479912 0.006419177082001883 -52.075889293054495 0.6202291767813094 0.08910897743546586 0.7793429016867895 124.62024950000341
0.7713193043470618 0.11673622944256158 -0.6256510077328242 192.48850702991462 -0.14575677452133318 0.9893083407368923 0.004895878833689318 -51.03764818402257 0.6195332867753774 0.08741658700698937 0.7800877174352557 124.43857492421361
0.7719295972932669 0.11539648549405279 -0.625146661159024 192.6401194348518 -0.14520878683482547 0.9893954309178918 0.0033300908031537735 -50.87421453609628 0.618901530979374 0.08820619260811509 0.7805002002158405 124.23827607639737
0.7730779150347371 0.10916424178883297 -0.6248469457396851 193.005792448188 -0.13893522761271615 0.9903008410595022 0.0011165684239089688 -49.377973587830716 0.6189083452448728 0.08595005824030447 0.7807464682435277 124.2437880738848
0.7732820056249962 0.11272243244493763 -0.623962012465727 192.96841883744403 -0.1425944412282587 0.9897789924442418 0.002090800531422736 -50.24147980114801 0.617820172143468 0.08735673608690972 0.7814518766711472 123.91871958206941
0.7742959078314753 0.11036191625293915 -0.6231260663432485 193.22233860985813 -0.13915837806913492 0.9902670618260957 0.0024682130133390906 -49.457873298927 0.6173336155828542 0.08480208548904179 0.7821175188986051 123.80173909594893
0.7750823958623901 0.10721875251155347 -0.6226968915404053 193.44676177150973 -0.1357715385384045 0.9907388925419995 0.0015925223912852116 -48.65619784970034 0.6171007769782272 0.08331017893702099 0.7824615294941661 123.73451070103226
0.7756407798545442 0.0978161688328011 -0.623549017913995 193.75768178409476 -0.12644254949330413 0.9919725215757303 -0.0016727571014730144 -46.43005169130605 0.618379868935162 0.08014058618178524 0.781782465998165 124.07827884372342
0.77663070720492 0.09972480528097805 -0.6220126267513039 193.91510737891863 -0.12736107977189576 0.9918564187216153 2.6168290589295706e-07 -46.680922680859815 0.61694724246545 0.07921999654381898 0.7830072107981347 123.70014536776566
0.7788894883909921 0.09274207736274748 -0.6202661299478319 194.51457962128634 -0.11881082837429538 0.9929166370443177 -0.0007341264309886492 -44.693054631029796 0.6158044754100381 0.0742661360718673 0.784391094478974 123.45339535096359
0.7819096532807741 0.09880894233793985 -0.6155112403688477 194.99619101054492 -0.12521633143731647 0.9921294422332128 0.00020048789048497662 -46.190081273289145 0.6106866335918283 0.0769152960604833 0.7881280814589773 122.1026325667453
0.7787239401040696 0.09356417052402359 -0.6203505227715577 194.46581377541676 -0.12152816079916286 0.9925838989682529 -0.002847743273861579 -45.267697215970564 0.6154834938823025 0.07760766394585294 0.7843195262489016 123.28866086590718
0.7791867362098559 0.09565778163101919 -0.6194494482426026 194.51514309541713 -0.12353286019242889 0.9923381583297574 -0.002147551019934746 -45.74673445342835 0.6144978946809422 0.07819570535609774 0.7850336101700054 123.01032289479114
0.7797445935205304 0.09691946295557699 -0.6185507146353526 194.60226139280903 -0.12519575769349456 0.992129235419158 -0.002366956304819423 -46.12418581048823 0.6134528434452438 0.0792855467724078 0.7857413129917159 122.71211370613796
0.7801584697587198 0.09732975892567797 -0.6179641414282888 194.67833967304233 -0.12531391538958375 0.9921152336505986 -0.0019457050522816849 -46.16103371547383 0.6129022635571393 0.07895746440893124 0.7862038756840668 122.56034728536206
0.7812146032138032 0.09346909030115785 -0.6172254635737041 194.9731930080987 -0.1234049403664941 0.9923387516130385 -0.005918001370240303 -45.62517533851929 0.6119435957820313 0.08079190061726567 0.7867640716097856 122.27252087409684
0.7817088313714594 0.09414283070773877 -0.6164969021675626 195.05934584700086 -0.12560992100611723 0.9920492056627791 -0.007779542961258802 -46.088603855043864 0.6108628738929092 0.08351946461863319 0.787318898750127 121.94106126075847
0.78224182158182 0.09327461655989475 -0.6159525781048091 195.18572183583146 -0.1272506796738281 0.9918049110061395 -0.011414159042720147 -46.37895502710067 0.6098401406031789 0.08730901677208563 0.7877005385927998 121.60948112150236
0.7826110390427522 0.09365876105292029 -0.6154250547763357 195.2529946989045 -0.12983669424228872 0.9914333288781496 -0.014226286157159533 -46.906647885908335 0.6088204943960561 0.09103840325721302 0.7880670115768829 121.2806105236523
0.783322482031131 0.09486677000626294 -0.6143339361399202 195.3717867482645 -0.131205177377403 0.9912531700686319 -0.01422512770600353 -47.22151853656375 0.6076109697610411 0.09174665540207286 0.7889179048852806 120.94688455644307
0.78309098840969 0.0965862316105161 -0.6143611346226374 195.28923759651803 -0.13178566692150187 0.9912037900460844 -0.012148439913538797 -47.4049352068128 0.6077837130637753 0.09047732567642369 0.7889314366108456 120.98866451426167
0.784041928779289 0.09450180259642937 -0.6134718112693343 195.52544578132614 -0.12888328675393274 0.9915875271288401 -0.011969730072784963 -46.74028578733434 0.6071798352313389 0.0884510336205139 0.7896259002463806 120.84755856500841
0.784690475448327 0.0948224377370458 -0.6125924934589735 195.65018406935462 -0.12932140598745862 0.9915279869212097 -0.012174773320283522 -46.8355937515421 0.6062481601572951 0.08877475121664638 0.7903051384448396 120.58988054030702
0.7854670207166962 0.09453623240090525 -0.6116407933827493 195.81332912244758 -0.1286379580073055 0.991619862207485 -0.011929988906922158 -46.68359239367195 0.6053873430508337 0.08805083553862852 0.7910456467453705 120.36502968066696
0.7860387907156141 0.0950895497250614 -0.6108199382988576 195.91735461677393 -0.12883163478002482 0.9916007184201718 -0.01142038127670246 -46.740014892126574 0.604603530729222 0.08766979389552614 0.7916871717213022 120.15437717228129
0.7867671262794473 0.09511777477569419 -0.6098771170717101 196.06407574669848 -0.12923609905772257 0.9915403027482665 -0.012077198608045257 -46.81681032343401 0.6035689850434021 0.0883200823572757 0.7924039647465687 119.86632657090209
0.7876777020170451 0.09564942860294891 -0.6086173054991751 196.23629769268496 -0.12993371192303388 0.9914458025780819 -0.012347107199870137 -46.97048044990853 0.6022300791649725 0.08880544666985477 0.793367836750847 119.5033935209517
0.7883254607933021 0.0952520818768686 -0.6078404467976363 196.37530089076176 -0.12944497672120894 0.9915077409489534 -0.01250590420357025 -46.85384374852983 0.6014872948505842 0.08854061517984571 0.7939607002849076 119.30158255284012
0.7887196824088739 0.09554811856860325 -0.6072823228275671 196.44893802998115 -0.12973736808904388 0.9914695502720975 -0.012503847590755297 -46.92066470422642 0.6009072123898774 0.0886492409513191 0.7943877102376282 119.13528717484286
0.7894600794150549 0.09653344760877822 -0.6061634074263625 196.5769879020011 -0.13058885919234284 0.9913615444796212 -0.01219991728752745 -47.12362713427671 0.5997493917169218 0.08878953553062055 0.7952465564310474 118.82319970213555
0.7895662802101884 0.09840017882784889 -0.6057247674989803 196.55938304897714 -0.1313064828556533 0.9912901303992848 -0.01012348423454569 -47.33909095220808 0.5994528311011005 0.08752875058868614 0.795609842262688 118.74831017089826
0.7898056657012436 0.10085910292536737 -0.6050078113407344 196.55572417305012 -0.13388250720295855 0.9909509255885112 -0.009577961177762308 -47.944915391338235 0.5985670260641371 0.08856469066373529 0.7961619250355869 118.49177352336383
0.7906940658748765 0.10091535109046035 -0.6038368870022314 196.73310549354397 -0.13460617753212298 0.9908417587526356 -0.010667055928159176 -48.08473133474863 0.5972303334229158 0.08971455303501774 0.797036528531334 118.1204572142
0.7910339963529237 0.10121039740287746 -0.6033420854469494 196.79555564185375 -0.13442583938721078 0.9908729406058816 -0.010025431666351739 -48.0582692982078 0.5968206684750171 0.0890352235500338 0.7974194747110388 118.0090915392493
0.7917661801750618 0.09868663729813572 -0.6027995218559631 196.99625295912435 -0.13131540138309633 0.9912882391129562 -0.010192759976125863 -47.33781701545955 0.5965421873518987 0.08722714379779276 0.7978275779228814 117.94647080875689
0.7921713929290312 0.09654903845180854 -0.6026132817976301 197.12310699381874 -0.12982385970032487 0.9914667220260561 -0.011811205163641633 -46.954587901848576 0.5963306546517536 0.08759008099630042 0.7979459430523302 117.86902354741116
0.792359064886473 0.09487941721712857 -0.6026317353747411 197.1962384148908 -0.12910840450573124 0.9915365820199213 -0.013646479481400131 -46.74418660165116 0.5962366410899439 0.08861773357962752 0.7979027291073716 117.8116217483541
0.7924814749404316 0.09318742887304418 -0.6027347799623557 197.25638837923043 -0.12836165292715918 0.9916068983493111 -0.015461086762145235 -46.52719994801705 0.5962351867627786 0.08962065747410239 0.7977917897671447 117.77777012429682
0.7910557982558167 0.09367065849540979 -0.6045300090011158 196.96068977562544 -0.1302095594823685 0.9913445168467746 -0.016778543954785403 -46.91988050385738 0.5977258524317485 0.09198835064763061 0.7964056432998629 118.098502488849
0.790172002245526 0.09323076138505244 -0.6057526161717007 196.79281821505793 -0.13110001935509208 0.9911972842748485 -0.01845883450436562 -47.083238953039256 0.5986994168966518 0.09399983392394104 0.7954388973578552 118.29496355578424
0.789302822820503 0.09586534867074915 -0.6064741452129856 196.56307029934942 -0.13218082941994913 0.9911065396046506 -0.015364097329473823 -47.4074973414338 0.5996076068742291 0.09229118092824973 0.7949547507257435 118.52878658057323
0.7880301409048006 0.09880758410959428 -0.6076557893643286 196.2455956245197 -0.1327555241484106 0.9910876954910623 -0.011006845792323118 -47.64555449908482 0.6011526160914886 0.08934338905951944 0.7941242289451433 118.94160707333828
0.787070194413566 0.09704040365602642 -0.6091827879414085 196.0901994265413 -0.13233574530992082 0.9911184069485863 -0.013097859403904039 -47.49734652468548 0.6025012527614024 0.09092559301963403 0.7929216713868834 119.23937489458287
0.7856605177331328 0.09767968378663781 -0.6108978885629317 195.79299436151487 -0.13574497445175268 0.9906116174170381 -0.016184107930093596 -48.20528456183738 0.6035816869209989 0.09564153289101104 0.7915439623923987 119.42654297453767
0.7835827874791074 0.09503514709153427 -0.6139758431597798 195.43111893463637 -0.13445823168024357 0.9907512533031796 -0.01824658904016823 -47.857769331743505 0.6065632688350772 0.09685181926773131 0.7891138865871241 120.13983149025901
0.7815538930805359 0.09514875858218648 -0.6165389087080612 195.020147325534 -0.13285024661051748 0.9910154374967752 -0.015466564537736163 -47.55568116331845 0.6095279519318068 0.09399529979389429 0.7871725093208433 120.90911457774048
0.7797395739322002 0.09601091939285655 -0.6186987152090826 194.6363701730482 -0.13081449234564282 0.991345557788431 -0.01102513698311456 -47.19552565601955 0.6122856893937525 0.08953149395873547 0.7855509825295455 121.64977957001886
0.7774678081176286 0.09682280093342578 -0.6214250981093188 194.16126968205958 -0.1290238266048832 0.9916173435043385 -0.006920710197060469 -46.88411993315132 0.6155458224283576 0.08555927349390521 0.7834430108247771 122.51073182127175
0.775972320966376 0.09896451926788838 -0.6229550393247745 193.81438826896718 -0.12972763988904262 0.991541297924436 -0.004073568355095605 -47.114909678303555 0.6172825095066881 0.08397546329970743 0.7822470358018144 122.95418385372665
0.7751420668824512 0.10006801784765595 -0.6238118049165491 193.62315592225983 -0.13229099647656906 0.9911963114645269 -0.005381857518827984 -47.67322436163255 0.617781408267065 0.08669638944706858 0.7815560553513767 123.02371093087102
0.7745152355173023 0.10010230246561605 -0.6245844050187774 193.49608463852013 -0.13366113417152792 0.9910029473994695 -0.006918053016937084 -47.95038606270025 0.6182724732377778 0.08884079742239294 0.7809266684841764 123.09973169547277
0.7739920922351584 0.10036925574433436 -0.6251897741156445 193.3849816263421 -0.13326749456165235 0.9910626655750135 -0.005879438460346137 -47.88524150986074 0.6190121291628317 0.08786811369704846 0.780450625308623 123.28340741167872
0.773610438508855 0.10037707971505455 -0.6256607158021148 193.30788394836088 -0.13201564075135463 0.9912387133601392 -0.004205203103907658 -47.63791982665439 0.619757016924493 0.08585018930680019 0.7800839602048233 123.48366625698118
0.7733922197747207 0.09943480778935776 -0.6260808201756571 193.2838327123277 -0.13116455368680727 0.9913500344698256 -0.004579193467890839 -47.432856632947505 0.6202099114397244 0.08566112395112033 0.7797447259169888 123.58397637880006
0.7730296681230077 0.1001806841173768 -0.6264095806510361 193.19531627682184 -0.13276034560158517 0.9911338668657058 -0.0053243391684964225 -47.781086689324475 0.6203223539720137 0.08727822455577273 0.779475906414696 123.57254986368153
0.773009663181264 0.10121778859466979 -0.6262675306132304 193.16963717138034 -0.13458868872839677 0.9908835239859288 -0.005977186595529524 -48.18534235215075 0.6199531800827862 0.08890894873538761 0.7795853085711715 123.43944069516022
0.7732188612588755 0.10331254604886675 -0.6256669324987765 193.16781160601843 -0.13654021234937275 0.9906210617619297 -0.00516550145244684 -48.65383815618518 0.6192651798745961 0.08942275897425564 0.780073206290484 123.2423378274192
0.7741893532957532 0.1061323259188301 -0.6239926078396784 193.30374551999927 -0.13934690001204514 0.9902335684090682 -0.004463345480290412 -49.31574223536946 0.6174247214847625 0.0904069100838125 0.7814174965462195 122.74851222764113
0.7761397278403706 0.10840589848857157 -0.6211725074733756 193.64883916466437 -0.14146639580793485 0.9899349887379351 -0.003997115151824861 -49.81364869031704 0.6144870883305751 0.09097735567331991 0.7836636644822204 121.98492760268729
0.7778223249699464 0.11117129587055544 -0.6185736607331487 193.92912047208426 -0.14206197827433645 0.989857491111181 -0.0007359482727214914 -50.0301140104636 0.6122179555576013 0.08844823494869519 0.7857264693437095 121.43454139164471
0.780020733724637 0.11210758446401976 -0.6156293888902005 194.35244145412224 -0.1405010277482583 0.9900779153132511 0.0022765787159794715 -49.744791842214426 0.6097762836986711 0.08472078325068513 0.7880325327827705 120.85939738738843
0.7824334556383763 0.11166277800855745 -0.6126412584091937 194.8480396848589 -0.13804880237025524 0.9904164840263647 0.0042090774513778365 -49.22802566499904 0.6072399984041953 0.08128106899066415 0.7903499048913764 120.25671468441024
0.7851865275525647 0.11120483070590055 -0.6091925825037742 195.41160201100703 -0.13689441799545013 0.9905759540596767 0.004381502076724532 -48.96660356826048 0.6039387678164342 0.0799547676279117 0.7930102142229531 119.43082124733579
0.7885057187012945 0.11215390193856026 -0.6047150021748349 196.0569623071951 -0.13783631487476733 0.9904470848694215 0.0039651450678221956 -49.17253777303729 0.5993829175719798 0.08022514788780814 0.7964320710326025 118.26732477492259
0.7922941599087777 0.11240311951475684 -0.5996961754903857 196.81020215897829 -0.13910575997450153 0.9902758397715192 0.001829947192921684 -49.41158618414602 0.5940703255645418 0.08197133577149884 0.8002256859133401 116.89349581642293
0.7964798418379585 0.11384501530645766 -0.5938511379425427 197.6145700387407 -0.14069498289906976 0.9900523809689411 0.0010975995449244505 -49.75802648536591 0.5880686892981218 0.08267765978547634 0.8045741862871229 115.36389668037481
0.8007594171878658 0.11412396392396963 -0.5880136704560787 198.46110721694055 -0.14062395104920816 0.9900628657023841 0.0006529536681760678 -49.73051321254252 0.5822450173047936 0.08216594681170146 0.8088507260355753 113.89819802213599
0.8044815466296819 0.11312281423974306 -0.5831060538450923 199.2232711770657 -0.13996510323380917 0.9901559198833155 -0.0010120260739608852 -49.53780703147052 0.577251427896947 0.08242865532389707 0.8123954122054298 112.62964287632178
0.807160098217414 0.11008117602653915 -0.5799781983232376 199.82213545854916 -0.13811669347977867 0.9904069013908382 -0.004236585843747698 -49.03338679506649 0.5739480419235415 0.08352427408851082 0.8146209798489846 111.7717624677573
0.8079419724377414 0.10661128040584512 -0.5795375777839072 200.05437589445057 -0.13541573287586015 0.9907673858432877 -0.006524296050272181 -48.355303009078 0.5734913673832464 0.08374975844433327 0.8149194006142019 111.63728617815404
0.8072576251391255 0.1023687481382527 -0.5812536159537818 200.01227841647673 -0.1316337266297499 0.9912641988419937 -0.008237117681866739 -47.442942360807564 0.5753326765170772 0.08316205564286897 0.813680762850486 112.08790995198126
0.8049201738807013 0.09871632222262182 -0.5851141780940717 199.62943547680757 -0.12821249133938484 0.9917053018646265 -0.009063736433629843 -46.6358143466919 0.5793660938857311 0.08231453079760365 0.8109002696233123 113.08999667733956
0.8016484188707582 0.0964739817428074 -0.5899598150456535 199.02950615762236 -0.1270666978876926 0.9918389277867246 -0.01046879242311953 -46.33784520268288 0.584135144303038 0.083356536477765 0.807364738526832 114.24918020104276
0.7975164362566831 0.09488305653641858 -0.5957891736870912 198.24358695877245 -0.1268685603563722 0.9918485500777144 -0.011866848858778575 -46.25715984218457 0.5898066651823642 0.08505092175304359 0.8030531977493248 115.6255029702673
0.7923297694820253 0.09354162354144387 -0.6028793420393431 197.2394759219569 -0.12706188341147806 0.9918082414459549 -0.013103052461555222 -46.27053679888641 0.5967150192315328 0.08698492320576659 0.7977247701797897 117.30980275301671
0.7864800739405617 0.09248372108914839 -0.6106519914222447 196.0936435481069 -0.12636272693702413 0.9919050641027483 -0.012522182252381948 -46.12405430305119 0.6045507046852957 0.08701209766938964 0.7918000633516551 119.2573627254715
0.7798569078391692 0.09236740646652332 -0.619105375132681 194.76937092221172 -0.12652152536437705 0.9918985057601856 -0.0113867418598314 -46.188239939327524 0.613037932688509 0.08721018572024261 0.7852253667525266 121.36868032961962
0.7736706644995324 0.09232968494573615 -0.626824482746704 193.52681259759592 -0.1271590572916621 0.9918229332269554 -0.010855564184979849 -46.34795511622457 0.6206966062751977 0.08810504186991529 0.7790848635133099 123.26506753573032
0.7670007098981462 0.09400880225492447 -0.6347221881377193 192.14744004141636 -0.12874762217865982 0.9916391646955742 -0.008707285754167626 -46.76608169478722 0.6285968189539944 0.0883974668214999 0.7726913530384956 125.23448435158328
0.7601001087822851 0.09652892953220954 -0.6425962888101083 190.69989946782462 -0.13054153913355943 0.9914276807584825 -0.005482735311671046 -47.25885102999608 0.6365585057084696 0.08805293628961045 0.7661853230263407 127.23172813147566
0.7538876492095928 0.09763283192100128 -0.6497085827510047 189.41782393641267 -0.13245075571096432 0.9911782397617317 -0.00474281924907681 -47.7158396378301 0.6435139545346535 0.0896299456315827 0.7601685754918124 128.9501542139438
0.748772907082472 0.09885525535462639 -0.6554134360142729 188.35348562302204 -0.13477701812392176 0.9908656259075357 -0.0045240226007209755 -48.25544259302794 0.6489794210950668 0.09172213409880614 0.755256751781454 130.2866737667834
0.7433863679826265 0.1014316190695653 -0.6611265646988674 187.20402897232046 -0.13737722505381345 0.9905156401565915 -0.002502926625297497 -48.90231045381382 0.6546023265572106 0.09268437440099776 0.7502702185264871 131.67899650310937
0.7391059963059411 0.09932930122237962 -0.666225199270694 186.37713233312678 -0.13761716189754608 0.9904728786218795 -0.004999346532520398 -48.89413429421686 0.6593814093344359 0.09537906810805716 0.745733860295328 132.8363522262348
0.7378886604991155 0.1007405359854967 -0.6673617228431488 186.09336766180417 -0.13866299048526737 0.990332247593031 -0.003822884646219951 -49.16181367454293 0.660524715492542 0.09535923545567307 0.7447239196083377 133.0981936810419
0.7356241987564813 0.09633502508586123 -0.6705047361097395 185.72392437351314 -0.1359278871805049 0.9906954609751127 -0.006790661967209066 -48.460102841520246 0.663611820035274 0.09613566739257319 0.7418741711129022 133.85148698903149
0.7334772267264761 0.09577345414374852 -0.6729328371799171 185.2966378918162 -0.13651103714701646 0.9906077843214649 -0.007807328529268645 -48.56879367921311 0.6658647720150718 0.0975892572115053 0.7396623839740826 134.38215106406895
0.7322581635389666 0.09510507076102934 -0.6743537702468043 185.06154198689637 -0.13586377381874004 0.9906967398096763 -0.00781055018604862 -48.42010108330498 0.6673372587337458 0.09733958725009131 0.7383671091399666 134.7379079156522
0.7315540182710952 0.0976239032367393 -0.6747579505780112 184.86564112260172 -0.13471958657512423 0.9908800881949684 -0.002698853786214102 -48.28534956124207 0.6683407449381205 0.09287746947217887 0.7380341620277497 135.03301093934937
0.7313581076625554 0.10311171613850428 -0.6741537601699026 184.71148168915724 -0.1387695279969252 0.9903242710653324 0.0009253315236946447 -49.304835570468114 0.6677262436476168 0.0928752503839999 0.7385904490381342 134.85413071202007
0.7319382497223471 0.10797233383638051 -0.6727617510822923 184.728470174966 -0.14459317005529587 0.9894900640259032 0.0014927717086944889 -50.65488665760647 0.6658522461978689 0.09618413756924366 0.7398576876084437 134.30782474283714
0.7327432974224193 0.11298759059331624 -0.6710596578952108 184.78840319769347 -0.1492286179423969 0.9887963840141301 0.00353985135045725 -51.76918272590725 0.6639413224596902 0.09754750295368073 0.7413949048907603 133.78106764948583
0.7343419582227823 0.11779262975012225 -0.6684809531842175 185.01459612572245 -0.15396038088435507 0.9880644861790353 0.00497717487168596 -52.89040939574486 0.6610885640452977 0.09926463382448779 0.7437126077727986 133.00946707680842
0.7382122109977459 0.1257067017124909 -0.6627522589010063 185.63148566582547 -0.15859750554103377 0.9872863415381687 0.010607122528768699 -54.091639504445816 0.6556596394242834 0.09728054767909863 0.748763602396159 131.63314901019695
0.7402401161846669 0.13750648736765775 -0.6581310935692971 185.78337908921492 -0.16664227675613635 0.9858430221635958 0.01854419717537202 -56.12961653230749 0.6513638936788267 0.09594530516474473 0.7526749473899087 130.53647107027462
0.7429342716929338 0.14157875626380576 -0.6542202409883722 186.24277427886855 -0.1692136218448971 0.985353950585248 0.021079427131130125 -56.78112802906622 0.6476228980867045 0.09504234761851343 0.7560102737615009 129.57808097350227
0.7456466410615209 0.14573587074660185 -0.6502093068015878 186.70106004461292 -0.17187423651094083 0.984835307881869 0.0236360566297694 -57.45276439710077 0.6437937041455538 0.09413008194490355 0.7593873808377336 128.5955409925011
0.7494309984084151 0.14471979931797774 -0.6460722547129929 187.4946197535664 -0.17219953419662942 0.9848412843465447 0.020855816193860816 -57.45752509841045 0.6392968786464002 0.095623346166156 0.7629912690332422 127.41408691986878
0.7515779095832112 0.15047778975645767 -0.6422515711281223 187.79814770660616 -0.17685572316486556 0.9839543556968796 0.0235770882207905 -58.5888859048395 0.6354940589890377 0.09586584738659448 0.7661312161075853 126.42228477372203
0.7540556681903168 0.15368416066632512 -0.6385775035423205 188.22709408192824 -0.17853208139103627 0.9835931341098019 0.025900626367748446 -59.028400464064696 0.6320809641052636 0.09447605671462195 0.7691215310491679 125.55417170381119
0.7558412919020173 0.15945855347413007 -0.6350408736292708 188.45474790350661 -0.18020152767049513 0.9830967756163608 0.03237497796037064 -59.56825302710776 0.6294691024038506 0.08996499039433456 0.7717998118827434 124.93374750277233
0.758150138342344 0.16078918964564026 -0.6319455706186909 188.89131057468813 -0.17986104608172643 0.9830920159715992 0.03435247058486241 -59.53780549672754 0.6267841509115173 0.08761806107187656 0.7742510597604199 124.26528548263005
0.7611879143872519 0.15801120894435194 -0.628987612627411 189.5715890702639 -0.1756010092437828 0.9838514563958702 0.0346496363659094 -58.5705790389808 0.6243054096700993 0.08407597513956763 0.7766427659232913 123.67026829759156
0.7613266551778732 0.1598440566432693 -0.6283562697001558 189.5599998274353 -0.17198694342378576 0.9842041611382563 0.041984050422567684 -57.92351155060292 0.6251417562500646 0.07610549752786912 0.7767919527380677 123.97362632544767
0.7603810331946679 0.16632511923741242 -0.6278189540532128 189.21966548569537 -0.1738064334915305 0.9835071143697589 0.050050770833465395 -58.53832921338492 0.625789108274316 0.07106131644383198 0.7767485315534919 124.18731123387283
0.7568627199044805 0.16675475870438544 -0.631942777210274 188.5081811570811 -0.17619736649955048 0.9831639298319031 0.04840635408819517 -59.046068505550224 0.6293753341666758 0.07470968830701169 0.7735018753795327 125.01093025300979
0.7558004860292881 0.16721075763540447 -0.63309255867439 188.28798812348194 -0.17831969394874278 0.982863338678425 0.046709145056683304 -59.48835816182584 0.6300537374446077 0.07759007676818995 0.7726655602000052 125.11319867063305
0.7544100276161291 0.16538603205288477 -0.6352267080610147 188.05598722670885 -0.1778406599919461 0.9830419687425276 0.044734632494795055 -59.33030980289809 0.6318529970537928 0.0792208816702864 0.7710290798805983 125.5170913933754
0.7539021068988246 0.16485739462962104 -0.6359667071863483 187.9683978184363 -0.17790631607756532 0.9830661112856517 0.04393590264710745 -59.32552934508904 0.632440476181927 0.08001912444934699 0.7704647842757886 125.62348747597207
0.7516704931974499 0.1641330340444317 -0.6387893367861363 187.54207495413578 -0.17792991616123416 0.9830932351621962 0.04322772158214076 -59.3134851600259 0.6350845727863011 0.08116673033759779 0.7681663539202593 126.24751131908006
0.7496494487221815 0.16896743777736173 -0.6399028902899898 187.0226789098145 -0.18226166697460877 0.9821815719036242 0.045826243186222373 -60.36713164079113 0.6362439695448329 0.08227614954456354 0.767088160796368 126.49663781399524
0.74941246814543 0.16733860813944523 -0.6406081039248004 187.01819800898994 -0.18226663201580356 0.9822922200529771 0.04336898980849288 -60.30704851487481 0.6365216629791874 0.08426021985104659 0.7666422815817445 126.51155305659512
0.7450950263598018 0.16564387462187127 -0.6460615361512709 186.19424649959225 -0.18230090795214268 0.9823614162974363 0.04162243061042188 -60.26987441405137 0.6415604263463501 0.08676493860050143 0.7621496341112687 127.72137460192161
0.741522606441881 0.16309784967482163 -0.650802055595316 185.53929733050057 -0.18133957772999768 0.9826214129375529 0.03963731052068539 -59.99944715531601 0.6459567955245502 0.08862420813782423 0.7582120864557608 128.7803983197071
0.737479343627869 0.16525670377553978 -0.6548392471282177 184.67557930919912 -0.18119274341756572 0.9824682392089664 0.043878795316748966 -60.07069385574993 0.6506100271706728 0.08629241451527742 0.7544933477122908 129.9652514258526
0.731840891261887 0.16481527210943356 -0.6612449137471685 183.5465995878503 -0.18116502057634556 0.9824513196609044 0.04436935672420336 -60.075080824948145 0.6569536857317868 0.08732313883525203 0.7488568115650549 131.5263546752787
0.7238761993755837 0.1643124406025977 -0.670078107268681 181.94690713304286 -0.18203745256786774 0.9822967668681792 0.044220217807278916 -60.26946912499821 0.6654814902310668 0.08996934846679555 0.7409722683719674 133.6275187204138
0.7169235102478639 0.16471853122004618 -0.6774130836694783 180.52601392921267 -0.18304369676834062 0.9820707274018806 0.04507872506760629 -60.52065471724021 0.6726928612132439 0.09167819726113585 0.734220282081398 135.41012396117273
0.7091458004771845 0.16341286362435364 -0.6858633024646102 178.97248852094444 -0.1827738907085088 0.9821236218345444 0.04502106517921339 -60.45843189117984 0.6809595718842986 0.09343140498079483 0.7263364468498517 137.4646698964809
0.7001009459679679 0.16206593235852454 -0.6954087280323124 177.15581112472876 -0.1795605769023446 0.9825646193726492 0.048215847805240235 -59.80686587742677 0.6910981584965 0.0911120317293114 0.7169950718079611 140.05999701585233
0.690360603305097 0.160729750859767 -0.7053851321035763 175.19004785399952 -0.17862699370867866 0.982691256763325 0.04909471457821479 -59.615332794230014 0.7010667832117153 0.09210776877915308 0.7071220010773981 142.5737807622275
0.6821417276733877 0.159224262946692 -0.7136738032573765 173.53373319833474 -0.17317922761340848 0.9834155723599587 0.053877334410288885 -58.49274787545312 0.7104165105696721 0.08684150003896479 0.698403132424958 145.01923426254118
0.6737630449253504 0.15491723798608972 -0.7225261300933561 171.90423105143154 -0.16839576243652585 0.984239204876691 0.05400050719317401 -57.405596829881674 0.719504153209932 0.08528679240339695 0.6892314100178535 147.35433257533012
0.6635056196602613 0.15257390665701165 -0.7324489713875432 169.83469875353512 -0.16631655976984677 0.9845690032240033 0.05443050465332257 -56.941319092023726 0.72945122840775 0.08570344740971557 0.6786426338482682 149.8893806847553
0.6507846405856678 0.15653248444896967 -0.7429515010349036 167.10150446923794 -0.16252476686910333 0.9845563188446215 0.06507345985324334 -56.34108826913212 0.741663705281529 0.07839921131848923 0.6661745356381554 153.12882123903051
0.6394701871063819 0.16168976624498113 -0.7516211141883736 164.62395993115993 -0.16380158388317986 0.9838414170641447 0.07228490289526009 -56.809937074603866 0.7511637111305965 0.07689268860469738 0.6556222948616457 155.58943007753473
0.6274154194160839 0.15895798786962156 -0.762287511094981 162.16483095938412 -0.1593302728494237 0.9844372780440991 0.07414249625453298 -55.83738416799198 0.7622097845296055 0.07493733174837816 0.6429779472717286 158.4697787902856
0.6265287764021416 0.13790703383648842 -0.7671006077161306 162.45051631004685 -0.16322708208816852 0.985612457779538 0.04387485319361113 -55.9691294541171 0.762114566199215 0.09772273577934808 0.6400247299118855 158.11684148368863
0.6165222978049031 0.13524955361619287 -0.7756338147321731 160.40782271316763 -0.15606901309579083 0.9865801707860886 0.04797947230845723 -54.438539911104826 0.7717141436183921 0.09147198947389695 0.6293569382163186 160.69190301638488
0.6075797587475755 0.12737167505202188 -0.7839791407650335 158.6963027214465 -0.15217521387999508 0.9874396631765161 0.042492538950106254 -53.407957589187184 0.7795444445577274 0.09348458685949619 0.6193311642238695 162.69998191087348
0.5977870847922171 0.1269197881297212 -0.7915440408699501 156.63820007859377 -0.14625619771031523 0.9880825773879949 0.04797858786602795 -52.19442934983139 0.7882003082256082 0.08708724156501717 0.6092258090968016 165.04183781934535
0.5921500214148797 0.12580333219468606 -0.7959471551221671 155.46995992908057 -0.1417807456510565 0.9885950960056716 0.05077357891824551 -51.242502542258094 0.7932569396488052 0.08278440530830881 0.6032330975143536 166.4164942048279
0.5847827096186212 0.12083630370250245 -0.8021394954985197 154.01526514151283 -0.14113428621914062 0.9889173667755041 0.04608204577942134 -50.97621744344533 0.7988180617540623 0.08626140154970577 0.5953559228043032 167.81937649807716
0.5782181117751704 0.11593798634297525 -0.8076027479756943 152.72602511203343 -0.13915689519205982 0.9893622565778757 0.04239910116546973 -50.43131019748866 0.803927343567603 0.08786756274001083 0.5882007460743888 169.13288444157624
0.5721136517599928 0.11348953227680458 -0.8122844917474652 151.47946398096715 -0.1359481279813373 0.9898022391397846 0.04253979186877431 -49.70072269695058 0.8088288298325028 0.08609096037018539 0.5817080630129889 170.43785092546906
0.5652789296665276 0.111850137480773 -0.8172816395959213 150.05904989070535 -0.13187737271635197 0.9902751418419734 0.04431142082231143 -48.81490113937052 0.8142899300866353 0.08273264286478327 0.5745321745247266 171.91978248976116
0.5585122391727243 0.10799859580685293 -0.8224356400339285 148.69647038714191 -0.1275623169410574 0.9908765960954082 0.043490534682923 -47.80659247963713 0.8196291441810124 0.08062179986905105 0.5671932575365964 173.3553673728143
0.5518803148693295 0.10384199515571808 -0.8274327514075145 147.36568798986227 -0.12169993952382017 0.991623052097758 0.04327640544483807 -46.4596109847184 0.8249952986409247 0.07681511954301265 0.5598948067538799 174.82444092681004
0.5435393455327862 0.09516554212206044 -0.8339715219660708 145.75932950155172 -0.11518053048978158 0.9926098232989625 0.0381992681408244 -44.838111685730325 0.8314435791163961 0.07529447710832748 0.5504837113512993 176.55868536435594
0.5460179492154511 0.09377475106097208 -0.8325086757493917 146.31728346340114 -0.1148583163051061 0.9927115357364218 0.0364879979087795 -44.72098893743326 0.8298626189376824 0.07569744301683917 0.5528091269241158 176.11210804517174
0.5457546375856162 0.08403875008162608 -0.8337201952924679 146.45622778175638 -0.11468199242757547 0.9930868279458543 0.02503183519606073 -44.38627030907306 0.8300601882795212 0.08195145297771857 0.5516194731771228 176.0637834970682
0.5451310062421706 0.0737150107175111 -0.8351037559658773 146.52607383941066 -0.10627009395898751 0.9941673072376569 0.018385656087670045 -42.289500613524844 0.8315881511682007 0.07872396340850313 0.5497851256826708 176.50117869360903
0.5407112982801444 0.06841538763773938 -0.8384215089360354 145.68329930300897 -0.10908659795422126 0.9939740462408363 0.010756837192873181 -42.735606252164196 0.834105152878805 0.08564420665753024 0.5449161988847712 177.0715209240422
0.5366058269346988 0.05869609188188131 -0.8417891394509207 144.9909266642997 -0.11023885487971212 0.9939046503926864 -0.0009699497932659507 -42.69234425328553 0.8366012080881413 0.09331835149414842 0.5398056167731832 177.63043226417344
0.5339066583801411 0.04872075152278883 -0.8441385955566809 144.6001614324005 -0.10316455015429256 0.9946333776639045 -0.007843444929048947 -40.89187462563567 0.8392262839835354 0.09127284595073848 0.5360676373959158 178.34977511099157
0.5297805227976518 0.04381354196552205 -0.8470023442734278 143.80543868682983 -0.10084828203290012 0.9948339821647011 -0.011617742523222223 -40.260729759290534 0.8421177006067855 0.0915735850054954 0.5314621876050843 179.11299034007192
0.5419954104445878 0.03521882671962247 -0.8396431440210157 146.57584259861835 -0.07823417245466036 0.9968971713698318 -0.00868584913309061 -35.15470266704977 0.8367319698190916 0.07039647689566259 0.5430690073308743 177.91341118035666
0.5479676231969458 0.028956295314687165 -0.8359982158411217 147.96121509923762 -0.07402445847918304 0.9971584031659522 -0.013982079330065435 -34.048705405275896 0.833217776739523 0.0695460419950493 0.5485539942139417 176.95224342665773
0.5517224480765542 0.025890047780947577 -0.833625842758197 148.81402499313333 -0.06906657564923363 0.9975032855586788 -0.014731036206917746 -32.88925209543973 0.8311631298466641 0.06570312569080017 0.5521330916164655 176.4307065812348
0.5367055000632219 0.0122525794955856 -0.8436806744838898 145.85411336893208 -0.0437646930168557 0.9989528898818502 -0.013333245735401043 -27.1163604761195 0.8426338812598431 0.04407945204292543 0.536679740683928 179.85014137298532
0.5284759572949354 0.026418261942163148 -0.8485371164522838 143.8377430761089 -0.06991183410011388 0.9974750249858669 -0.01248639188083863 -33.14391617833955 0.8460647126632569 0.065921544015587 0.5289885178533095 180.45087855882153
0.5227292438977038 0.026917085638794917 -0.8520737104704315 142.59642249422325 -0.07234085951496957 0.997296865121055 -0.012874892789906823 -33.69130704572563 0.8494238857124106 0.06836982755887233 0.5232634413570278 181.32036972032688
0.5207727754758664 0.02644058333502302 -0.8532857738624654 142.1850403518552 -0.06512977541217141 0.9978377351842284 -0.008829869600945131 -32.14333389164011 0.8512072771528231 0.060172666513237424 0.5213687960808201 181.90955793728102
0.5209760376965107 0.026117784255870965 -0.8531716295632478 142.2358563123123 -0.06858073235452809 0.9975811270302986 -0.011339230250580923 -32.86975559511136 0.850811760200669 0.06441860242602974 0.5215070396128098 181.72984038724448
0.5245548283311156 0.024643088903000366 -0.8510199470305222 143.03087951888492 -0.07242228147657746 0.997249496707838 -0.015762438316817843 -33.633374042498545 0.8482907786957496 0.0699010692713847 0.5248967472698567 180.94841938958862
0.5251313458530005 0.025611784804403893 -0.8506357070343032 143.1372233773555 -0.07288296662542705 0.9972281741850524 -0.01496802550182649 -33.75972639565931 0.84789453517433 0.06985703322271385 0.5255424360894441 180.82738208200865
0.5269261171155851 0.026341865603921998 -0.8495027799942727 143.5095292520122 -0.07193152197747478 0.9973155887661109 -0.013692061572665302 -33.57491996564111 0.8468616907426483 0.06832073272887598 0.5274064412119867 180.55391431674195
0.5303362242520455 0.026757066948029894 -0.847365062186554 144.2336895764735 -0.07065690292170296 0.9974194910690107 -0.012726386177887617 -33.3077022083616 0.8448379083088051 0.0666214545321125 0.5308582583707524 180.0123488099338
0.5332359976724999 0.027208128993526686 -0.8455288809395487 144.84744516530466 -0.07097456309251353 0.9973977150009883 -0.012665287388540687 -33.38183994386255 0.8429839750434409 0.06676463006322378 0.5337794507027039 179.49281956082055
0.5364603736656643 0.02669247977500541 -0.8435032774150654 145.54792345049856 -0.0704933209293335 0.9974239835912124 -0.013269840292585187 -33.25494392724565 0.8409761941879507 0.06658009072160877 0.5369600844836165 178.93690026956344
0.5389881541164718 0.02639977867785958 -0.8418995316591394 146.0945976327087 -0.06997829310253437 0.9974568525179563 -0.013522790371354357 -33.129630006843385 0.839401458312156 0.06620331601008995 0.5394648391996405 178.50243837001508
0.5404991295003714 0.024421610820195495 -0.8409900569770653 146.45421612905827 -0.06894838704647151 0.9975021887573667 -0.015346118335021992 -32.84443230579382 0.8385146456282268 0.06627947155197791 0.540832895373201 178.24930041359775
0.5412373678575221 0.02424023543247178 -0.8405203879864188 146.61569779986988 -0.0699898541038478 0.997414462910615 -0.016303665209146934 -33.05793608456666 0.8379519866658135 0.06765205217070794 0.5415345491101268 178.0660468804911
0.5423970405769579 0.02383890514561165 -0.8397839942359085 146.8712422833133 -0.07090494141245116 0.9973298221801103 -0.017484709705517344 -33.23645486643401 0.8371248053048331 0.06902848971003113 0.5426390402023221 177.81185896506832
0.5434238041005052 0.024676055398201897 -0.8390957403222354 147.07583480188254 -0.0717775946069028 0.9972730784041433 -0.017157622293616042 -33.44514182558208 0.8363842095887408 0.06955213426134486 0.5437131178942706 177.5935831789894
0.5450266209570424 0.024384115967633853 -0.8380640771066526 147.42388963311714 -0.07138117183553011 0.997297246324153 -0.01740490682676837 -33.347283105681335 0.8353745930751874 0.06930813345300064 0.5452941150257593 177.31324010694675
0.5463965960622966 0.025265180911670057 -0.8371454057958128 147.7008958756373 -0.07144375062303249 0.9973076216934187 -0.016531733397641656 -33.38454838318463 0.834473816430719 0.06884169046237418 0.5467305290047678 177.06665014732937
0.5482220081706035 0.024437077449439414 -0.8359757526406619 148.10588972379983 -0.06999956962656691 0.9974064052805394 -0.016748819583724803 -33.04683427075746 0.8333982781416618 0.06770001440976842 0.5485107273695119 176.78181605921722
0.5484914616027 0.023183112478286787 -0.8358347084470429 148.18633051572428 -0.06738023714657505 0.9975901528080804 -0.016546620876245578 -32.45041874739508 0.8334368723490732 0.06539442113949785 0.5487317646107476 176.8161710348807
0.5471407021693377 0.02125115163842591 -0.8367708411409212 147.93294373608208 -0.06309858515574203 0.9978803849809449 -0.015915584237621298 -31.483551309183543 0.8346589846044836 0.06150712011077966 0.547321892120798 177.1945134189366
0.5438643077406593 0.019644548564922183 -0.8389432081359584 147.26183356492996 -0.06016647268989687 0.9980659201153828 -0.015633766925808555 -30.81710937985179 0.8370135066591394 0.05897890144717028 0.5439943739178336 177.8607309264045
0.5399243684783893 0.019664417019297307 -0.841483800810511 146.41903739602006 -0.05942632717397113 0.9981228991808713 -0.014805058911881788 -30.668925944418213 0.8396131180262876 0.0579999037418453 0.5400794600835251 178.5722132444512
0.5361566727374197 0.020895781084913065 -0.8438598157348118 145.5906140029748 -0.06057201326382415 0.9980688328392697 -0.013770843257580372 -30.95949450847621 0.8419424288443398 0.058497617453270055 0.5363869641070562 179.18971242672447
0.5325484274857551 0.02251460461582104 -0.8461000324792823 144.78864061570212 -0.062869671906193 0.9979368634296271 -0.013016180801041922 -31.507172517542525 0.8440613583957371 0.060125778059256875 0.5328651931548091 179.7346530486767
0.528934425753592 0.02328092905989183 -0.8483433099841279 144.0003607181005 -0.06412326596160481 0.9978624877387469 -0.012596123461471365 -31.806106915859463 0.8462367163005485 0.061061067022675095 0.5292966711390855 180.30595537013437
0.5252295463779431 0.02281139730759749 -0.8506547853062926 143.21436244362982 -0.06438404543461902 0.9978405806950807 -0.012995007178784379 -31.85517677755229 0.84852143066931 0.06159395807202747 0.5255640455966601 180.91350361854282
0.5208496369535612 0.022677291847873576 -0.8533471720933923 142.2769945415351 -0.0644455078662249 0.9978389035590929 -0.012817919482180345 -31.87378803607184 0.8512123308559432 0.061670600600559095 0.52118548024706 181.64020090101778
0.517355700526294 0.022388053677295416 -0.8554775591361179 141.53192523311898 -0.06451218570999269 0.9978335290680005 -0.012900626442896697 -31.886776137001757 0.8533353719539973 0.06186293979631335 0.5176791667161146 182.2107128690216
0.5139967021002193 0.021815328769233363 -0.8575147122124428 140.82048277391473 -0.06465953679830483 0.9978177800059754 -0.013372441997471698 -31.907910802962743 0.8553517022436602 0.062319895175115145 0.5142856172733549 182.74901922873806
0.5106258205825811 0.021827177996141565 -0.8595259423979538 140.09543151696667 -0.06574387003998741 0.9977422049547204 -0.013719912691330743 -32.147464056717695 0.8572858420075133 0.0635143035293409 0.510907935288396 183.2549238726027
0.5084207916450997 0.020658824358310544 -0.8608609130394422 139.64217222041424 -0.06605870482219821 0.9977019115075858 -0.015071273712681178 -32.183682314884045 0.8585712236851311 0.06452990585954192 0.5086170908547754 183.58587658721763
0.5070545235268445 0.021339472014324866 -0.8616497763622495 139.33595968274517 -0.06660040642097112 0.9976745951615417 -0.014484061371566187 -32.323533398558524 0.8593370095809478 0.06473043413575774 0.507296633993436 183.7855622498227
0.5060681056919781 0.02204595554920798 -0.8622117189213186 139.11105356952345 -0.065796091867324 0.9977470022942754 -0.013107009871583749 -32.17535995637597 0.8599802013397281 0.06336320112422887 0.5063784731275324 183.9738316460094
0.5051890821424249 0.02135289498440839 -0.8627444842825013 138.9344708564616 -0.062746226233221 0.9979568596662414 -0.012042314502745254 -31.503287397147876 0.8607246379519896 0.06021760640276568 0.5054967235319512 184.2151668875144
0.5046527859006165 0.0211437804456379 -0.8630634427614307 138.82302767397564 -0.05980538828509267 0.9981546593446387 -0.010516252215395292 -30.86827533752478 0.8612484433743935 0.056922900286748984 0.5049860415973187 184.3984982779003
0.5038316459804697 0.01906227845384218 -0.8635915134186758 138.68330199001366 -0.05653471849282934 0.9983406227394702 -0.010946533382918587 -30.105518443033464 0.8619498234314729 0.054338113036017315 0.5040732797502143 184.61983720570885
0.5041446537716479 0.019694842560960144 -0.8633946266047549 138.73938474359701 -0.05684250621583081 0.9983288000599086 -0.010418083223209945 -30.19015481561863 0.8617465390476299 0.054329735389025094 0.5044216314671586 184.55525761417312
0.5036956734764575 0.017533104190733877 -0.8637032237861189 138.6816285207954 -0.05498199509069941 0.9984176573512261 -0.01179668195450053 -29.72622616042373 0.8621297168854256 0.053430064071889376 0.5038626593788526 184.6647792985596
0.5027318043244048 0.01752030413409159 -0.8642648736722888 138.47494002274584 -0.055293826399529525 0.9983989207576731 -0.01192425226218364 -29.794302829804224 0.8626722005969748 0.05378321274303379 0.5028956555233008 184.80001787393644
0.5036442454323468 0.016443545977356044 -0.8637546433094138 138.6904044287586 -0.05261420258267899 0.9985467335536622 -0.011669044343926134 -29.185622061322007 0.8623074972012424 0.0513228088183244 0.503777480208799 184.7259374765888
0.5029522072192625 0.018460542770307908 -0.8641170555045755 138.50539436884307 -0.0513016929784364 0.9986468134019625 -0.00852516156164666 -28.967608234885798 0.8627903647762986 0.048618416703257214 0.5032186761304177 184.891433252903
0.4999809387426276 0.020176944344651303 -0.8658013350711314 137.83505103295158 -0.050142321349726536 0.9987259229906025 -0.005681404424058505 -28.77675918426286 0.8645836041145479 0.04625388268547623 0.5003556433506238 185.41216180236322
0.4986782348994418 0.019893280858268875 -0.8665588701376677 137.5596116312218 -0.05124472377048328 0.998664555741362 -0.006563793993948991 -29.006821662864763 0.865271053672353 0.04767979113421291 0.4990317035962082 185.57180103974832
0.49784048681803744 0.015317896242331815 -0.8671333298515798 137.46113158576375 -0.05477601226452351 0.9984031425857052 -0.01381134878949378 -29.625162473993477 0.8655370807568998 0.054373954515902545 0.4978845598179625 185.53783782422093
0.49620279716436194 0.01468398918742684 -0.8680824641402489 137.119445444342 -0.05843997642634471 0.9981542169426691 -0.016520543418884183 -30.394182973374512 0.8662375847546395 0.058928258595605 0.4961450464303137 185.6564730197036
0.4936339562846145 0.016198604978804265 -0.869518902841991 136.53864869280787 -0.0589926158017967 0.9981472771741601 -0.014895782982833637 -30.564290403422447 0.8676666344188075 0.05864825885353057 0.49367498746623606 186.04697189883018
0.4897940981289164 0.01530291830240492 -0.8717038270705891 135.72660817361415 -0.05325033978945741 0.9985043081221803 -0.012391447605251654 -29.312292939441786 0.8702104014262234 0.052487782891605245 0.48987640267391425 186.83198518049497
0.48720064269020374 0.012920635547450349 -0.8731944748675993 135.20918490060643 -0.04824521103292446 0.9987617450314251 -0.012139863021105413 -28.169098537096726 0.8719563827248706 0.048042000778824576 0.48722072286236595 187.37250375892984
0.4845391065258953 0.011298325236004603 -0.8746966343218365 134.66332666200412 -0.046872446406471875 0.9988154579184285 -0.013063490769028404 -27.8288945738385 0.8735129237824473 0.047328943259505915 0.4844947297081559 187.80619313450904
0.4816421678868317 0.010096357700021128 -0.8763098114676489 134.05907622567892 -0.04724741241258612 0.9987785346848489 -0.014461005259014847 -27.877724574938938 0.8750934259458176 0.04836840098638237 0.48153088546056155 188.22188378789622
0.47896136284498914 0.012420758652136505 -0.8777481060396406 133.43850958832965 -0.050413732286647917 0.9986388180207679 -0.013377845081096865 -28.634072172417884 0.8763871681503563 0.050658028944965974 0.478935586070622 188.53942348657915
0.47475981629785263 0.015486501345492083 -0.8799791390168891 132.47608460528122 -0.053023112545235784 0.9985323259005787 -0.011033751292999123 -29.295808600180866 0.878516742222278 0.05189761466249265 0.47488416611580025 189.10721716739337
0.4732308036892797 0.015656940925426726 -0.8807993339237128 132.1418882345618 -0.05241113641809193 0.9985713451599076 -0.010408717735478662 -29.171596962953465 0.8793780070134587 0.05108941990657565 0.4733753182778408 189.3496655128982
0.47169381896212115 0.012195163688217069 -0.8816780700094264 131.8707563443338 -0.048310771392506335 0.9987598880370187 -0.012031434484002866 -28.186888188005234 0.880437965174373 0.048269700961363474 0.47169802357939755 189.67734884999555
0.46931470529825636 0.011479051488503499 -0.8829563628898853 131.36877840361163 -0.045632206721172935 0.9988947517012325 -0.011268395337814482 -27.59146034891897 0.8818511263816398 0.04557967091431689 0.46931981046912524 190.10339436257505
0.46784430636258795 0.013373085514003735 -0.8837097179435927 131.01616520342964 -0.04690419009585426 0.9988521393602554 -0.009715999531343483 -27.924100192021687 0.8825654094488187 0.045995263661340643 0.46793454004290264 190.28632024657745
0.4652229675205414 0.011049383848291686 -0.8851245684128051 130.48971897643708 -0.04670121250122744 0.9988358896577962 -0.012077345835647318 -27.814537714970992 0.8839607385185704 0.04695504922893533 0.4651974162757267 190.6534751886527
0.4626368378857796 0.010099125745410272 -0.8864903631118758 129.94611528655284 -0.048139470885712854 0.9987460497448242 -0.013744797632298987 -28.100248174130957 0.8852399378552068 0.04903402673947591 0.4625428808746513 190.97194850459834
0.46046764669883067 0.010354859299580875 -0.8876160900031762 129.47123316580448 -0.048720272775489945 0.9987195467617281 -0.013623580172992148 -28.237095895861803 0.8863384688505416 0.04951811592673913 0.4603825309791232 191.26353175332164
0.45949886638971227 0.012262447107435345 -0.8880937023633863 129.22727126415495 -0.05068269853500465 0.9986373966519198 -0.01243439091738609 -28.71888695497915 0.8867311068501992 0.0507245739185051 0.45949424560597807 191.34580709361023
0.458471316733419 0.012496027860981331 -0.8886213485058877 128.9998671474015 -0.04996014488428563 0.9986822982572463 -0.011732479310258576 -28.5717343815959 0.887303801217974 0.04977465655654527 0.45849149164276953 191.50981137435866
0.45693928721079147 0.01508126160828072 -0.8893700261148879 128.62180543480846 -0.053039073182930205 0.9985391320452484 -0.01031787236875439 -29.315954152182197 0.887915167411386 0.05188600314752263 0.45707165538697064 191.64151625482694
0.45633161887711904 0.013830086251607383 -0.8897022998325119 128.51170536216833 -0.0515890579729706 0.9986085049452493 -0.01093722764120265 -28.966762764782327 0.8883130206804633 0.0508899063202823 0.4564101168075305 191.75594777781842
0.45691816216387166 0.016715593797171864 -0.8893516638590148 128.58610828601275 -0.05433904825554455 0.9984806108432736 -0.009150825357582389 -29.645599840698253 0.8878474311048444 0.05250770128325293 0.4571322351207331 191.5882454466
0.4580634153566326 0.018422685191629855 -0.8887285930936097 128.80243057985876 -0.056854104428243735 0.9983453837550604 -0.008608457737785163 -30.23711707403735 0.8870994974192463 0.05447108779243333 0.45835290145610463 191.33646792787505
0.45838647931610244 0.018922085208686393 -0.888551512446827 128.86289673272879 -0.05968672581019449 0.9981716203473083 -0.009534731002377589 -30.861984488853913 0.8867464859486319 0.05740532226705333 0.45867777211585986 191.18401613627202
0.4638974854956949 0.022197971690700313 -0.885610734467232 129.9937545546001 -0.06102447802097226 0.998112088538506 -0.006947790696997774 -31.238428675875507 0.8837845529500045 0.05726699543472036 0.46437630775141864 190.33444264120723
0.4643298116329704 0.020840211501539745 -0.8854171398913969 130.11159129260255 -0.05922685211289575 0.9982158874225914 -0.007564528136345106 -30.81070848681074 0.8836798096695927 0.05595290592721232 0.46473569510057333 190.31558493316734
0.4643015542049852 0.026374296560511785 -0.8852843968148163 130.00782012293286 -0.058952472938501976 0.9982600948887331 -0.0011785105737856447 -30.91964666002604 0.8837130035805008 0.05273688873715919 0.46504854356191044 190.35473519540773
0.47185272564502345 0.021628231210625657 -0.8814120630647517 131.72273165702538 -0.05614492923652746 0.9984071625631066 -0.005557397206603705 -30.158240174758852 0.879887920261659 0.052109090928420164 0.47231545646974765 189.27265172562406
0.4764750757818597 0.017365799951973595 -0.8790164567007258 132.79612420811583 -0.05304752078301525 0.9985511842923477 -0.009027341088338008 -29.35483052028187 0.8775861568515347 0.050930946784618736 0.47670596384162817 188.63015985253332
0.47793170843091864 0.01818846226911564 -0.8782086665005011 133.0964351662959 -0.05627284874989433 0.9983658732918772 -0.00994733832333992 -30.068716064007788 0.8765926354754956 0.054173451860043284 0.478174224047776 188.2922913596467
0.4822470403212957 0.016966869542184626 -0.8758709479365606 134.04780886079956 -0.05574117430181624 0.9983807321889209 -0.011350554231791044 -29.90985772588429 0.8742600949310252 0.054295846359116426 0.4824119064444223 187.6234448877117
0.4875993746586912 0.018303872552153534 -0.8728756028679275 135.1750701590703 -0.056460752207804374 0.9983484981712059 -0.010604699874428369 -30.095708819764262 0.8712399401385259 0.054454058148978274 0.4878275538123339 186.76342923295581
0.4925344107593266 0.01698457616404661 -0.8701272196584189 136.25869947106733 -0.05514377757714503 0.9984095739280927 -0.011725463029087484 -29.76493954121621 0.8685441946225219 0.05375729588857535 0.4926876648813758 186.00781840420527
0.49410303648078197 0.01396482488272897 -0.8692911899970377 136.65064473224643 -0.05491314756866149 0.9983758292738156 -0.015173982533378389 -29.619526057663045 0.8676674106848623 0.055233026241693295 0.4940673812827669 185.72959570587182
0.49584378115537336 0.013274048749986705 -0.8683102811318804 137.03600860575742 -0.05441416289874135 0.998393276644004 -0.015810250727872944 -29.487794352257236 0.8667052806840232 0.05508779158608505 0.49576939362227335 185.45342215123657
0.49920183633628884 0.017252308902622672 -0.8663139641238653 137.6861287057683 -0.0536232796956212 0.9985004831520721 -0.01101494529101996 -29.436350098867823 0.86482487850036 0.0519532769188573 0.4993784001578665 184.9598442838039
0.5013197380639561 0.022027919027833093 -0.8649816709103088 138.05416506643837 -0.054739625304165984 0.9984808007199916 -0.006297937370585666 -29.818456157928516 0.8635288609241997 0.05050605287356691 0.5017639335126495 184.60802608652796
0.5036135550939975 0.018131480068486486 -0.8637387548073265 138.61671768000951 -0.05218045140746019 0.9985928441619156 -0.009462139268127102 -29.147292665129747 0.8623517771863745 0.049835539719579894 0.5038510011544677 184.2769558819
0.50637543949672 0.016267806679393523 -0.8621596561776393 139.24193681118678 -0.05224893587943098 0.998563829318849 -0.011845989850729637 -29.098308008886942 0.8607287394841482 0.051045442910394645 0.5064981735249505 183.79599360215715
0.5090821753495527 0.01602968932349966 -0.8605686421207546 139.82571848280335 -0.05097098231235582 0.9986333299932801 -0.011551241865955204 -28.814058681324376 0.8592073659504327 0.04974456037321434 0.5092034770205275 183.3801011201974
0.5092724993072769 0.017509137604613867 -0.8604271913123516 139.84041230349305 -0.05081254312804112 0.9986605852232074 -0.009752998641523156 -28.825234363716973 0.8591039558226818 0.04868742776100714 0.5094800560059599 183.35365746586865
0.513502706085524 0.013703837845460316 -0.8579785403325362 140.8128893147833 -0.046860142568294946 0.9988282638300846 -0.012092411366561237 -27.856326090023686 0.8568075033992892 0.046414482680348784 0.5135431801866251 182.74024108229102
0.5123709513066149 0.010534922212605859 -0.858699612012914 140.62788621203907 -0.03855851603991064 0.9991985334698368 -0.010748560486303087 -25.98751577389925 0.8578981577658007 0.038617432924808785 0.5123665141052287 183.144740869185
0.5121341403243561 0.007808882627169849 -0.8588699806526875 140.62552997658904 -0.035371137242721624 0.9993021294167321 -0.01200569836957619 -25.22210820131755 0.8581768494689129 0.0365277359728163 0.5120529460322545 183.24098140503278
0.5096396991980015 0.005773276375941935 -0.8603685525873533 140.12792212318584 -0.035863614588647244 0.9992509343143414 -0.014538618247703037 -25.26691144264896 0.8596401445663223 0.03826538320469907 0.5094649961461434 183.60511758085204
0.5067215461577359 0.0031548084674740805 -0.8621040087153331 139.550255123351 -0.03436298750879013 0.9992725277006373 -0.016540872777750352 -24.868315339518738 0.8614246686443245 0.03800608591150295 0.5064613289133764 184.08781358504697
0.5044585980149967 0.0012897612510419099 -0.8634349190324996 139.09799724119952 -0.03270791523911938 0.9993096829098318 -0.01761675121473618 -24.458825185337332 0.8628161537485576 0.03712807776557571 0.5041525470251824 184.47259111202553
0.5013293500285207 -0.0023258748716086623 -0.8652534155414021 138.4902967684722 -0.030640754369018145 0.99932145390092 -0.02043956812285449 -23.907846548251783 0.8647138410894545 0.036758972774452406 0.5009179083930706 184.98974345977848
0.49779870987154456 -0.0021956828302354247 -0.8672898151293688 137.73110335580398 -0.028792198613560457 0.9994037609292181 -0.01905602108341997 -23.521017494896785 0.8668145440342029 0.03445724332333433 0.4974386842951937 185.59372296790735
0.494818587322482 -0.00339223700120893 -0.8689896767904156 137.11255036667637 -0.028951681861817957 0.9993728921201986 -0.020386824487447587 -23.52166503377991 0.8685138834569978 0.03524649235651032 0.49441007172084095 186.03964199230543
0.4924727113817131 -0.003065354607261088 -0.870322487440992 136.6033428062815 -0.02989617703033324 0.9993440677406545 -0.02043655720842175 -23.737237995325806 0.869814260140241 0.03608376189775482 0.4920580402594711 186.37460302734468
0.4904938836030414 -0.0019008395621474064 -0.8714425609051725 136.1587285783893 -0.03232585294961959 0.9992696956689994 -0.020374360079888756 -24.29640551102661 0.8708448710184183 0.038163623079371926 0.49007422753534996 186.61637571706868
0.48877321398233936 -0.0018055751814511564 -0.8724090125575493 135.78827818764387 -0.03490785816112425 0.9991565389085308 -0.021625267511144255 -24.85475281505597 0.8717122155459204 0.04102378157349525 0.4882979240314595 186.80144294642466
0.4877807414350961 0.00045014164296787104 -0.8729660621453328 135.53655081478192 -0.035638725223425774 0.9991764532669003 -0.019398363369796952 -25.082858746053983 0.872238401785588 0.04057354568532052 0.48739507367334367 186.94226472656587
0.4868054560643782 0.0019866531640849207 -0.8735081574634311 135.30094053251568 -0.036257712957707924 0.999181541446981 -0.017933919892526306 -25.264533572779307 0.8727575987621243 0.04040173809182872 0.48647905747537584 187.07686510949262
0.4853420492300326 0.0032633331294244505 -0.8743182749468749 134.96494286717748 -0.037215852403250316 0.9991638357737832 -0.016929548479507565 -25.51145302209351 0.8735319545266172 0.04075512162547071 0.48505767129507493 187.27459187050937
0.4844222115934146 0.005236464721970077 -0.8748186671260281 134.73339201244892 -0.03789064866139033 0.9991692927252089 -0.015000773947520136 -25.718471959051598 0.8740133978715452 0.040414154849768694 0.48421821158318157 187.40133642978984
