1.0 0.0 0.0 0.0 0.0 1.0 0.0 0.0 0.0 0.0 1.0 0.0
0.9999044289610429 0.0019708812104777445 0.013683879981385675 0.010170949258178184 -0.001966381895396892 0.9999980081013424 -0.00034225076894697434 0.026422247858016036 -0.013684527260093293 0.00031531032583120844 0.9999063127578837 -0.9995991279554607
0.9997583631780474 0.00048484622582279144 0.021976810043515784 -0.014449549462192124 -0.0005556240112377759 0.9999946788803179 0.0032145750898159753 -0.0843810587013305 -0.02197513452767939 -0.0032260091734579326 0.9997533127363486 -1.5047086341700364
0.9995266761720645 -0.0012256516698200476 0.030739573816325125 0.03875571406243594 0.00109990416168395 0.9999909600561191 0.004107312610004469 -0.05135317985486865 -0.03074433006686183 -0.004071557935908406 0.9995189886063768 -2.024875009031362
0.9991053076066784 -0.0015713587774573428 0.04226245548660226 0.05017482891843095 0.0013034921920534132 0.9999788937520582 0.006364979066354239 -0.06884074455759026 -0.042271565150462376 -0.0063041955872561286 0.9990862684962334 -2.598035270292044
0.9984962609768143 -0.0014946742867104046 0.05479947777212987 0.1275179622812619 0.0010977811737187143 0.9999729558596263 0.007272030380606646 -0.053197731817182764 -0.05480886508418267 -0.007200937309717674 0.9984708983290627 -3.2069220420507136
0.9975177225282599 -0.0017489988528734343 0.07039413501880734 0.17981228841914287 0.0011980809458759882 0.9999683318332374 0.007867651028077903 -0.07850238583481714 -0.07040566627822337 -0.007763783463307938 0.9974882284128742 -3.9019313295578613
0.9960774461609669 -0.0004886875771583278 0.08848436265181546 0.2037948594280259 -0.0002649255689587017 0.9999637970503357 0.008504963440139042 -0.11214178875685865 -0.08848531552686568 -0.00849504403326557 0.9960412557534873 -4.651019020332505
0.9942609292603907 0.0002446933775802607 0.10698198292897425 0.26777561226872226 -0.001252835972455128 0.9999554433464184 0.009356373437071382 -0.15161877364188803 -0.1069749267272032 -0.009436707424667826 0.9942169348812616 -5.430532835065705
0.9917167797242799 -6.463046714254891e-05 0.12844385791546015 0.28627083279306387 -0.001258662289562498 0.9999469689639866 0.010221302704496268 -0.17394101539679196 -0.12843770701217394 -0.010298304842974226 0.9916641066080873 -6.245536448513128
0.9883479506517596 -0.004303709551611414 0.15215060475253536 0.2682674918830674 0.0023555398620333286 0.9999129538214485 0.01298214974587058 -0.18020861283061862 -0.1521932320256891 -0.012472484281858378 0.9882720562989796 -7.098431597178532
0.9843933123109662 -0.009454455844659322 0.17572825595824346 0.3401256401955042 0.006778451528583175 0.9998518456521462 0.01582211556244375 -0.1420145359669167 -0.17585181054603669 -0.014384019281065476 0.9843115567324213 -7.984091312638917
0.9792065336528271 -0.012787629386670517 0.20246244339700117 0.24283738940253574 0.009245961349373142 0.999787417223519 0.018429122612072878 -0.1632715078119933 -0.20265506815853543 -0.0161739573448825 0.9791166051362142 -8.905463936637254
0.9728085181454047 -0.014302977306763795 0.23116879517768824 0.12560028219807862 0.010093401650828915 0.9997611936791982 0.01938243679880482 -0.1429666353856187 -0.2313908171619108 -0.016522120121425673 0.9727205710171017 -9.800409093016363
0.9653317837525796 -0.01650001301282953 0.2605039286606623 0.03369146698410397 0.0116280112655154 0.99972768172247 0.020232443051318477 -0.14133981458037836 -0.2607668242531477 -0.016501877723224544 0.9652607686011774 -10.764264430054808
0.9564162582124421 -0.019306047467444718 0.29136783892203344 -0.10885965945590481 0.013918374394208826 0.9996918891919442 0.020552506855955707 -0.10577880693845998 -0.29167485301467777 -0.015601385035510331 0.9563902848230109 -11.706502844100712
0.945695246433456 -0.022151363056537116 0.324298963901987 -0.3259938146322945 0.015902129891468254 0.9996335181615902 0.0219077984470503 -0.12798165291980212 -0.3246654018186719 -0.015561056603559748 0.9457009201535659 -12.65911298138245
0.9340430588712824 -0.024022557481542917 0.35635162537362447 -0.5399833210323164 0.016918018738202104 0.9995913704023992 0.023040678354323097 -0.1505575366432157 -0.35675950557252417 -0.015492222213081535 0.9340677953096063 -13.697270481785068
0.9211026432682857 -0.028689808355953295 0.3882612721617698 -0.7588428453911215 0.021286584304491037 0.9995005573501112 0.023356309328850477 -0.07195779177123197 -0.3887374459616992 -0.013248801957755438 0.9212533133475609 -14.668915991443576
0.9059959171480207 -0.029557621533292243 0.42225317656639516 -1.0913847715955605 0.02117046142686732 0.9994746823529755 0.02453917069487338 -0.10154449231605811 -0.4227566790413726 -0.013293093872882576 0.9061457299911514 -15.593319378401844
0.8886112653036157 -0.0251028411884842 0.4579736526698593 -1.5381498581057755 0.015619344569703849 0.9995782119601684 0.024483346375146955 -0.14776264083161672 -0.4583950864164232 -0.014602929116389624 0.8886285496260525 -16.57671233345218
0.8688016921889294 -0.021427289965340324 0.49469636232177194 -2.0316990615034847 0.011494468992670008 0.99966678614939 0.023112634041284823 -0.15166414240934523 -0.4950267637534653 -0.014394023568517456 0.8687584907517623 -17.604474184923802
0.8455680063690768 -0.020849313221483947 0.5334604509644714 -2.5568366476103 0.011398700954692833 0.9997144029866749 0.02100433473218683 -0.10530629225339405 -0.5337460222067891 -0.011679837292904385 0.845564169758417 -18.716389071008237
0.818219085565737 -0.026433727447905217 0.5742985165131278 -3.1893528973756062 0.01731491973083628 0.9996222973541606 0.021341419519441827 -0.01329451702986506 -0.5746457357108674 -0.007518024048909302 0.8183677399211897 -19.53580324548797
0.788044289391026 -0.029434068301347992 0.6149144929024072 -3.8706925870544566 0.019227319604935542 0.9995458299049711 0.023204398298430573 -0.035246304385702754 -0.6153182169731387 -0.006462936083091604 0.7882523214797299 -20.532994489098982
0.7543805804679247 -0.02911613544159312 0.655791270504437 -4.642951954081301 0.01853472876691598 0.9995623033673369 0.023057873200296345 -0.007457478175870946 -0.6561755890327022 -0.005239498442684388 0.7545900503012581 -21.503566350250452
0.7169412799702845 -0.023337776040234452 0.6967428143038621 -5.6158847079911425 0.01344311428711372 0.9997164767349752 0.019653214059572793 -0.028472965506667336 -0.6970039338144611 -0.004723807161988034 0.7170517428282721 -22.450949874505312
0.6777209237170151 -0.01885009111549684 0.7350775629966495 -6.525570632741243 0.009660795452555153 0.9998133387408844 0.016731906855744993 0.005382595493990783 -0.7352557504619597 -0.004238129391949202 0.6777765263505939 -23.414801954636204
0.6359842172968574 -0.017157473945457802 0.7715113067461259 -7.513810953005786 0.008836402406122032 0.9998491773874075 0.014951269853819543 0.037626440426610785 -0.7716514714181661 -0.0026913872882937014 0.6360399068396917 -24.36962472190438
0.590312472828982 -0.01619268262191212 0.807012379986849 -8.639175228885813 0.009159128141711428 0.9998687665983902 0.013362632700845301 0.06893342974483563 -0.8071228498774 -0.0004965989528943398 0.5903833149702521 -25.330199967927165
0.5404772446310134 -0.015429270562280073 0.8412171453590229 -9.998976546565405 0.009281219902698814 0.999880336207522 0.012376276606893073 0.04585322873857356 -0.8413074390454331 0.0011184254327128076 0.5405557715271997 -26.40324721124002
0.48949541673387625 -0.016032173213520216 0.871858478434763 -11.31128971303127 0.010245142256660685 0.999867700192338 0.012634048132950399 0.03431087507795905 -0.8719456829738131 0.0027480054833654765 0.4895949084796469 -27.372423497923087
0.4379922944466036 -0.016360832214051445 0.8988298354942739 -12.534082037226874 0.011895272360361026 0.9998523204895832 0.012403213578293923 0.049748939366028644 -0.8989000236404896 0.00525931372515466 0.43812222851422167 -28.341398101088835
0.3846455518409616 -0.015813197825126607 0.9229288933734308 -13.89967387613927 0.01376844820345582 0.9998403047644648 0.01139275219473381 0.15966986898722446 -0.9229616618706493 0.008325127208954166 0.38480184897414915 -29.2555529829706
0.3317566131635746 -0.01520182894403873 0.9432425213162257 -15.254360664203608 0.015798645395589537 0.9998194603379251 0.010556966100372382 0.1828780019957269 -0.9432327138229986 0.011399610797574646 0.33193688624159423 -30.23399112600997
0.27977212387079786 -0.01313564554303894 0.9599765692562452 -16.665102851688722 0.016453125965833666 0.9998251527330737 0.008885865643731568 0.1918537146192385 -0.9599254415582366 0.013308597914644511 0.279939328910339 -31.331329465128945
0.23037186925110942 -0.011525911132884219 0.9730344059848586 -18.042019668668566 0.015733022489802066 0.9998432680387058 0.00811858121942313 0.20238091780276513 -0.9729754744396619 0.013438479461525517 0.23051710003528378 -32.39332670336535
0.1857474374864386 -0.014938544461306678 0.9824839588291501 -19.126493760769918 0.01639293693998075 0.9997923791905546 0.012102484495834086 0.15746193274124032 -0.9824607682170843 0.013857792099308368 0.18595375907044456 -33.60647097063156
0.14476693520073608 -0.01852840043417676 0.9892922888863213 -20.32565729276953 0.01601540582741953 0.9997375596486979 0.01638043356718039 0.009389085162268884 -0.9893361619029039 0.013472572323671224 0.1450256823676914 -34.87436354248986
0.10854607019974208 -0.01974868392776329 0.9938952359918594 -21.327137675520852 0.012973805161983803 0.9997456430095846 0.018448025991176467 -0.22653528119966282 -0.9940067560252352 0.010892142418897393 0.10877467632548905 -36.35000739971247
0.07809760285315455 -0.021453896763701293 0.9967148512700326 -22.021395161864632 0.011179760125099022 0.99972440826218 0.020642686074707102 -0.24498255187126716 -0.9968830309480325 0.009530888651437894 0.07831592921863151 -37.29471257567775
0.04912282128783243 -0.021706722966834978 0.9985568419508051 -22.894794628874934 0.005319854771342357 0.9997553161806072 0.0214710715574861 -0.6881206924128769 -0.9987785778509348 0.004257457769131898 0.04922627834204568 -39.0671726002372
0.023950058992555978 -0.02460947508969694 0.999410210279074 -23.739353102060385 0.004509997237170181 0.9996894540266185 0.024508272743756228 -0.5588389591688676 -0.9997029831900942 0.003920362709139678 0.02405361006283633 -40.26276647500994
0.002550246978392586 -0.028335159369881336 0.999595225570747 -24.705157751251882 0.003572007759753703 0.9995923571510544 0.02832596486905728 -0.6967958962703253 -0.9999903684540734 0.003498323696034091 0.0026504207975918733 -41.336963299781985
-0.012564369290849926 -0.030911438442798072 0.9994431547605497 -25.328659077747865 0.002570558182019348 0.9995177504865167 0.030946061025692365 -0.8082808498501262 -0.9999177610458551 0.002957944517756928 -0.012478850478865069 -42.93926061666103
-0.024269665253985676 -0.03308504113321202 0.9991578270732173 -25.776042809953246 0.004346646648710439 0.9994392780732264 0.03319994137613974 -0.6270454263437752 -0.9996959987973197 0.005148737484231466 -0.02411224773735819 -44.6050802971877
-0.03264826186219709 -0.03581906900771087 0.9988248521601764 -26.18527002596726 0.008401422937482726 0.9993124633970297 0.036111169906070384 -0.17700296228609425 -0.9994315920011749 0.00957051695470997 -0.03232488383918282 -46.20724254090614
-0.040371765239793675 -0.03489633162065756 0.9985751682326395 -26.75761839889631 0.01364743412955381 0.9992774589585124 0.035472631127370306 0.3797383713819471 -0.9990915213898587 0.015060081568175057 -0.03986634959533462 -47.90230518728828
-0.04095455982659901 -0.0348876402438346 0.9985517395646689 -26.49118485470912 0.015032688800687002 0.9992555849015212 0.035528781439002816 0.568967102327365 -0.9990479179182704 0.01646598315727013 -0.040399617595136654 -50.102555115563334
-0.038102927669736476 -0.040343344686296675 0.998459103540309 -26.13581662832447 0.017867865265395227 0.998997440457274 0.04104696518224629 0.8547517697321121 -0.9991140607027069 0.01940434228046686 -0.03734387776878525 -52.630676049477614
-0.03129633051474 -0.042798612990004335 0.9985934199775421 -25.40978577553092 0.018819343128618972 0.9988804781633696 0.04340072197930444 0.869141891909309 -0.9993329635414412 0.020151155556181126 -0.030455851806034488 -55.152080807501775
-0.028955911588201273 -0.04248272539132914 0.9986775121266229 -25.329926033045975 0.022577877417492044 0.9988137504533038 0.043143149592096246 1.1999786553150704 -0.9993256699572051 0.023797267673626103 -0.02796239288495919 -57.35213657033215
-0.023272102550845063 -0.04416074166530821 0.9987533419911208 -24.7738849382666 0.024135338128863558 0.998707918953064 0.04472111440746013 1.3701883386984404 -0.9994377893077029 0.025146003976966688 -0.022176198676103164 -60.025458003956274
-0.016889330988140345 -0.048726816557060175 0.9986693385936046 -24.17471671862007 0.02232029957287323 0.9985445260953218 0.049098203959476235 1.2148712245091549 -0.9996082006094938 0.023119834629247236 -0.01577715186483361 -62.62452908168703
-0.013740601417306821 -0.049431499881146514 0.9986829940938171 -23.938978382667848 0.017181070322048277 0.9986181604316139 0.04966468039531337 0.733485058023015 -0.9997579740593618 0.017840865328789524 -0.012872328034992662 -65.2387992173936
-0.010168979002755952 -0.04763256340333554 0.9988131610915371 -23.737239559432936 0.019396168195733025 0.9986674825734552 0.04782308971324051 0.9441740269195353 -0.9997601615014294 0.0198594600637841 -0.009231539449659596 -67.79564179349207
-0.007070623229468832 -0.048629374092942095 0.9987918653365555 -23.598316242454683 0.025119987408436455 0.9984929961658305 0.04879265149982313 1.419841911210137 -0.9996594382687272 0.025434633536025063 -0.005838398508257201 -70.40510849065504
-0.008737169441192601 -0.04926737483517152 0.9987474093318122 -24.098756306480126 0.030691846787022466 0.998301750739676 0.04951388705100672 1.9643161672992844 -0.9994907065155522 0.031086013687004324 -0.0072102248296118795 -72.91559558796772
-0.007796785281748299 -0.057889979629259854 0.9982925224591208 -24.243673457083837 0.02848036059936259 0.9979050192744366 0.05808994376840878 1.6525247737519475 -0.9995639445275128 0.02888464584187416 -0.006131723671930603 -75.6585296317835
-0.003187198534811626 -0.06038874119865379 0.9981698461193576 -23.41651612253051 0.024820587639766432 0.9978626195929614 0.060449407344402586 1.3440058206586851 -0.9996868410630984 0.024967826407495994 -0.0016815022357336176 -79.16280648990622
-0.0027424242413103374 -0.06185882680414057 0.9980811413185282 -23.54270048709768 0.0227898307349629 0.9978218019264223 0.06190537307357692 1.0387844550438015 -0.9997365166504384 0.022915871066192164 -0.0013266985057812342 -82.25963497962785
-0.002130564673179514 -0.056895299378372385 0.9983778771601557 -23.65080992956177 0.02642393628455573 0.9980283309009114 0.05693176890252841 1.5456692375313885 -0.9996485563863948 0.026502370229595312 -0.0006229661389849604 -84.85255748191366
-0.003398898563554866 -0.05390692962613855 0.998540179675729 -24.050904353419327 0.026458665323832783 0.9981915128707156 0.053978168384567926 1.283240979234682 -0.9996441299371672 0.026603506745425595 -0.0019664462896355284 -87.86608458515056
0.0010738313199890844 -0.05441399818977468 0.9985178835090033 -23.295870748779123 0.030188932064748798 0.9980651082614667 0.05435685836963698 2.065681766167577 -0.9995436334983513 0.030085818453716523 0.002714454067361931 -91.36335587353993
-0.0020060608428936 -0.05462661298803353 0.9985048366799983 -24.05325333035945 0.025635043181673124 0.9981758942660367 0.05466011953217912 1.676112406845757 -0.9996693554775841 0.025706366130862628 -0.0006020459929906125 -93.84717571123927
-0.0018884255214391696 -0.054578493404528396 0.9985076974699504 -24.11577930023016 0.0199302975687383 0.9983090909627055 0.05460533069251407 1.5050597431537902 -0.9997995884615435 0.020003673635338202 -0.0007974667512530382 -96.9510759135
-0.004098225181178293 -0.0499778334923361 0.9987419189709507 -24.538989823954193 0.013669056269210288 0.9986541957602576 0.05002953318933209 0.6930918555112413 -0.9998981755414268 0.013856891781552107 -0.0034095599541340794 -99.87420465950947
-0.005377778540692007 -0.04855512238140751 0.9988060270084947 -24.767194831742657 0.013987084702803933 0.9987191064190655 0.04862620625774036 0.7416283138609678 -0.9998877141756889 0.014231885469967037 -0.004691745569175789 -103.03060594272513
-0.006810996271971493 -0.04844391552844039 0.9988026819037165 -25.095818010505212 0.02123330611350971 0.9985936456987101 0.04857857018942577 1.570988319340314 -0.9997513476066303 0.021538751552313953 -0.005772793110315956 -105.97976258506992
-0.007926247559569062 -0.04997142350458471 0.9987191954861736 -25.275710936977596 0.028572428866570868 0.9983314608813283 0.05017878558930733 2.3909087364010944 -0.9995602987855656 0.028933562647526962 -0.006485217362005611 -109.20188381305516
-0.010487912077903169 -0.05043263310866599 0.9986723953419222 -25.7753341826223 0.03317314883351676 0.9981600363117054 0.05075513872194272 2.8547277900971366 -0.9993945896875344 0.03366142343901979 -0.008795605456333882 -112.16786616251663
-0.013239860133746856 -0.05175941385701604 0.998571814733831 -26.386931816999056 0.03290726879978292 0.9980958335256925 0.052171052881758696 2.755316475028833 -0.9993707108794901 0.033551008566518 -0.011511388291243624 -115.09155399010456
-0.015330836678249892 -0.05132892852585662 0.9985641223993241 -26.810380084929005 0.029158277690623916 0.9982338089318494 0.0517596130929103 2.356211849613489 -0.999457232846339 0.029909928147670472 -0.013807096339922383 -118.12987532004361
-0.01760384169564745 -0.05119619688327311 0.9985334517091773 -27.298783666656547 0.026677284755069915 0.9983086122866182 0.051654981487403655 2.1673311369996178 -0.9994890830997865 0.027547487345604436 -0.01620829125146341 -121.17943319872805
-0.019029333505921033 -0.052186776049358403 0.9984560204995984 -27.585567589219842 0.027240939751800954 0.998239053947956 0.05269461428389301 2.188020459397494 -0.999447755346801 0.028201623688426575 -0.017574207054009455 -124.38229136380617
-0.02071485826577373 -0.052227207836920905 0.9984203590715627 -27.97946109932279 0.028984565262386977 0.9981835232547704 0.052816180089475334 2.42249369256165 -0.9993651933220306 0.030032859741498608 -0.019163447293431737 -127.53519652228005
-0.022062893123281205 -0.052909001542959355 0.9983555810946106 -28.277716611013492 0.024605540386317366 0.9982674334408524 0.05344809363963006 1.5945825848226978 -0.9994537488695151 0.02574429814814307 -0.020722813118192743 -130.60982994639036
-0.022583151879739437 -0.052999240174054676 0.9983391617041522 -28.434857321924724 0.018223258488272387 0.9984061041404584 0.05341501722494736 0.6731632137408123 -0.9995788683747 0.019399272049349808 -0.021581337834089095 -133.74773187136202
-0.024418550652400086 -0.05304936535663629 0.9982932931855719 -28.859068843044543 0.0132631286024989 0.9984859715401289 0.05338402436346036 -0.06606976167440415 -0.9996138373410552 0.014544052833480495 -0.02367797971675753 -136.88906942791732
-0.025906851755345024 -0.052014939765225275 0.998310212846361 -29.247078249280534 0.012111433296020914 0.9985557694185461 0.05234203420245927 -0.366658792272581 -0.9995909904634208 0.01344698487228145 -0.02523946081440769 -139.9664001667842
-0.026366755877204606 -0.050434374602399065 0.9983792706396586 -29.410948036243074 0.01311685886450278 0.9986230565059669 0.050793100202772154 -0.24392673526362074 -0.9995662770412177 0.014434849259518514 -0.025668909770661604 -143.1918378325241
-0.026784722227136074 -0.0497515793199666 0.9984024033476603 -29.500545729109106 0.017034285725213205 0.9985929996708097 0.050218065656553054 0.33068812794528135 -0.9994960789142932 0.018352148746758456 -0.025899553496728307 -146.39675121696297
-0.029205027714863895 -0.04841678850111243 0.9984001607308627 -30.12568432891146 0.020744494229310167 0.9985817387129625 0.04903240834556809 0.7887096202256796 -0.9993581601784939 0.02214329921748257 -0.028159225565005993 -149.4058188821743
-0.029580898744816085 -0.0475575159595376 0.9984303947222397 -30.185464494829475 0.02268380834056198 0.9985783258660851 0.04823662456739597 1.09131258424709 -0.9993049660982465 0.02407508642239078 -0.028460058769033247 -152.58509462493583
-0.03143096753045636 -0.046519278247183486 0.9984227817069583 -30.640890469307422 0.02170220333922957 0.9986490600377882 0.047213019982466894 0.9262966783399067 -0.999270288085422 0.023151925125207334 -0.030378935344653905 -155.5771584200518
-0.03246649758276957 -0.04463031865621983 0.9984758691081885 -30.87663035732389 0.01563825980128909 0.9988575433586326 0.045155873437955484 -0.08697090971082133 -0.9993504747410167 0.017080478102253 -0.03173146549882392 -158.64910821719272
-0.033943625880738085 -0.04660767089554124 0.9983363938451614 -31.210397710878453 0.009511770067689575 0.9988517116843827 0.0469551306606433 -1.1120008675317594 -0.999378485105742 0.011089773616787608 -0.033461327362800615 -161.78833663802538
-0.035236649970019435 -0.05024318799080876 0.998115224089589 -31.46391070627081 0.005307934168288224 0.9987119466521107 0.05046061285018506 -1.971975825176739 -0.9993649004911846 0.007075992854108416 -0.03492457575079701 -164.86769549928647
-0.03795988271655785 -0.05331006062693849 0.997856244526283 -32.034282925989174 0.0023927428583076504 0.9985682425354045 0.053439122198694164 -2.5700921330820163 -0.9992763992438524 0.004416156213846181 -0.037777976104282206 -167.8036237642604
-0.03863667193283859 -0.05007973584780975 0.9979976090348954 -32.1212410096254 -0.00045543466441795924 0.9987441245029698 0.05009956436999494 -2.9804229049217996 -0.9992532212413532 0.0014811577263808967 -0.03861095713096132 -170.8310051770228
-0.0446276898498419 -0.04663179404079959 0.9979147484044931 -33.488245497389606 -0.005391607515509628 0.9989066688154868 0.04643702794480324 -3.713498815799817 -0.9989891390135656 -0.003307987376666436 -0.04483031733604835 -173.70781225445035
-0.04577702257008899 -0.04156294463006528 0.9980866624889323 -33.68708200168343 -0.009005450854582164 0.9991106422444193 0.0411925528324006 -4.31372485439053 -0.9989110901674499 -0.007102547966929624 -0.04611060347527665 -176.70834665843972
-0.04864379703668512 -0.03845661738249585 0.9980755831044812 -34.213360881772275 -0.006863350718779124 0.9992477936550486 0.03816728039077952 -3.96019322013821 -0.9987926088166477 -0.00499354132992471 -0.04887114811646557 -179.67723331552588
-0.05136886179358033 -0.03422945711609844 0.9980929737772775 -34.688520769594845 -0.002086431187191786 0.9994139468367053 0.03416737732369897 -3.0529242931439136 -0.9986775690096044 -0.00032731302461570105 -0.05141017431647903 -182.7257819632163
-0.05542298950328787 -0.03285816249600893 0.9979221579822267 -35.54036349587593 0.0019940599337154013 0.9994527248328753 0.033019305703200566 -2.151515269585922 -0.9984609736787408 0.003819945225593511 -0.05532713673211611 -185.53373467516758
-0.057659631509538976 -0.030106895192648267 0.9978822283997458 -35.889778331957 0.000249833519071466 0.9995447057610309 0.030171489328599692 -2.4082026725482892 -0.9983362682370086 0.0019889813855210273 -0.05762585769991734 -188.4180593141702
-0.05889336145429544 -0.03357870019613175 0.9976993749971741 -36.02435966839824 -0.0038976894066304665 0.9994342297572829 0.03340701134127182 -3.226039344846292 -0.9982566703979008 -0.0019212710908990543 -0.05899092068693391 -191.38129008536697
-0.06085152489306852 -0.03345364548982255 0.9975860592057358 -36.30271911681334 -0.008653714193899407 0.9994183089824491 0.03298722330407241 -4.209804516225459 -0.9981093152299697 -0.006625501800143874 -0.06110562639444689 -194.23905724378128
-0.06301258275697982 -0.0348658968369277 0.9974035209743604 -36.55814342345013 -0.01042676060301027 0.9993580305769484 0.03427549247918239 -4.505307046311871 -0.997958264196265 -0.008239900431418472 -0.06333566896511023 -197.25563906365403
-0.06319487910844894 -0.031448105838883016 0.997505600933456 -36.335527106927415 -0.013937093368499092 0.9994337443353601 0.03062593855280223 -5.715227353621099 -0.997903885493441 -0.011966926211383244 -0.06359738983751649 -200.45909416071004
-0.06363245366712872 -0.028056985095129383 0.9975789274176116 -36.28192177612991 -0.01081657514269465 0.9995653987142668 0.027422899105883566 -4.660245358468312 -0.9979147822046145 -0.009045401072407845 -0.06390827940850956 -203.29862846812017
-0.06431332447282655 -0.023681467332061938 0.9976487279600237 -36.17044783501699 -0.01277018578741289 0.9996560621955093 0.022905887250298934 -5.043760410935637 -0.9978480438675059 -0.011267005847559184 -0.06459362142675683 -206.26225979220214
-0.06370719820977606 -0.022746486505223776 0.9977093716348104 -35.77450179476751 -0.013513397568264238 0.9996682145254807 0.021928268367558294 -5.146702739226404 -0.9978771372180157 -0.012085454857195085 -0.06399344340221398 -209.17312939839684
-0.06300460320290745 -0.019299635555471647 0.997826610209745 -35.37003277635418 -0.012272090869084203 0.9997523932961844 0.018562001084293536 -4.6620191378521945 -0.9979377815079181 -0.011075927319116396 -0.06322584972206009 -212.2502158607776
-0.0612915985844998 -0.013746633579214526 0.998025235156003 -34.5755125818186 -0.009528550205473009 0.9998676482981774 0.01318683501276668 -3.871308246236964 -0.9980744194066584 -0.008701491361310458 -0.061414472025335495 -215.4697350202543
-0.06251306405432068 -0.009692509902802774 0.9979970801932861 -34.75547585168892 -0.006653054489493141 0.9999346715955496 0.009294590203951921 -3.2067095322505175 -0.9980219705439856 -0.006058695642102683 -0.06257346497211203 -217.97285121035088
-0.06222915921930545 -0.00667706054306519 0.9980395526257277 -34.430206529266364 -0.005031730196475072 0.9999670122095865 0.00637622018616814 -2.6963763204708417 -0.9980492039143603 -0.004625078933040939 -0.06226070358400175 -220.7525491713377
-0.060982755978883266 -0.0047270299384336405 0.9981276264392149 -33.76394479678057 -0.004986438551067571 0.9999777499902317 0.004431134736132096 -2.4359337511024446 -0.9981263641963358 -0.004706879267038977 -0.0610049701562841 -223.7557111056315
-0.05988770425350604 -0.0020628978230149936 0.9982029890417161 -33.177316413049894 -0.006687522652573464 0.9999762515579188 0.0016653410897872114 -2.573326122821044 -0.9981827187043542 -0.00657577164641663 -0.05990007768975156 -226.64193938877133
-0.058330194441227216 0.0008768007164396529 0.9982969596452509 -32.51098251411392 -0.010999253870807786 0.999938349699611 -0.0015209254758667082 -3.397673868925496 -0.9982367478863587 -0.011069237576331593 -0.058316954213543964 -229.54140484511316
-0.05776102080347467 0.004915142822764229 0.9983183389314115 -32.09819838296113 -0.012909050089164629 0.999900599792832 -0.005669828897825755 -3.4974727264863334 -0.9982469739005154 -0.013214836547116677 -0.0576918295211461 -232.21679413351245
-0.053963580412960864 0.006579916268063265 0.9985212249576465 -30.709232607490478 -0.015397769991401224 0.9998539091790829 -0.007420847565979034 -3.9447765991356247 -0.9984241787278119 -0.015775455657789074 -0.05385438079194041 -235.04256148760646
-0.04938816311279385 0.006605256630874676 0.9987578184570993 -29.28863680689071 -0.015378270245558563 0.999854563563607 -0.007372959058828529 -3.6147294312838003 -0.998661262965876 -0.015723304546719163 -0.049279402852839875 -238.00344569858132
-0.042549329710587704 0.00973036471597725 0.9990469831512799 -27.13894657022447 -0.015263155644364495 0.9998295477923974 -0.010388043175938617 -3.4540788639391184 -0.9989777728362906 -0.01569061387401161 -0.042393561012270146 -240.9129021775923
-0.03503876308602583 0.015427769839719887 0.9992668657566774 -24.98685226254585 -0.012337686226674688 0.9997979643618381 -0.015868583947405965 -2.3656212226961957 -0.9993097950985836 -0.012884656599862413 -0.03484134102370554 -243.64885787743205
-0.025460848075925302 0.022927588197083237 0.9994128630924857 -22.162217038648805 -0.011493552139994104 0.9996641654634492 -0.023226160842266315 -1.9358011160672914 -0.9996097455879769 -0.012078161603926219 -0.025188778013424045 -246.3983218480888
-0.01373405191567904 0.019355868570571855 0.9997183234140786 -18.853683721812327 -0.00892092554626121 0.9997704580450851 -0.01947943294141597 -1.1249773717327383 -0.999865887459601 -0.009185944273715475 -0.013558227112152122 -248.97660836558714
0.0008074991936946695 0.021914099965613776 0.9997595311712459 -14.772249315800025 -0.004334531582005781 0.9997505419464111 -0.021910401954828296 0.571675643473613 -0.9999902798432678 -0.00431579663036101 0.0009022851149097205 -251.72188582958103
0.018707206844840663 0.02289880223878924 0.9995627470389705 -9.764454948327966 -0.002001821395493179 0.9997365502462578 -0.022865318996502633 1.3674164798436408 -0.9998230008972411 -0.0015731998411197077 0.018748117748056962 -254.18070844815747
0.03908477119555903 0.023131503329341618 0.9989681247238649 -4.246394676467705 0.0002736585112177413 0.9997317362743874 -0.023159891986314768 2.20534035863389 -0.999235860931547 0.0011785752089648882 0.03906795603646006 -256.61828723488884
0.06227136393797299 0.025342098662982652 0.9977374681090514 1.9415738436001782 0.0026957172904732325 0.9996696699582804 -0.025559422407253632 3.188272508808214 -0.9980556148539992 0.004281238238901027 0.06218247870218274 -258.5982701518173
0.09087329769428953 0.027064364684160742 0.9954946327983933 9.80702774085741 0.0026856662587139823 0.9996203469958584 -0.0274216897478414 3.2890157353367613 -0.9958588408820359 0.0051654657217735465 0.09076611152277785 -260.374734016101
0.12272257673909251 0.03056851372162595 0.9919701281426615 18.5619295413641 0.0027472811764784714 0.9995112326011827 -0.031140782748702057 3.48685219552113 -0.9924372129281805 0.006546897961268271 0.12257861364214323 -261.78171453551164
0.15878735736946673 0.03416313990548569 0.9867215691426937 28.47173498607919 0.002743420043301553 0.9993820412064813 -0.035042964492647835 3.6120674080314608 -0.9873089935709526 0.008271371456123632 0.15859550948292184 -262.60272579745634
0.20024073411702964 0.03729115417733844 0.9790367808312389 39.95579882897526 0.0029552664788743757 0.9992478429079165 -0.03866542181219487 3.8735138490731185 -0.9797422695792563 0.010635707028594146 0.19997991633084067 -262.7660504239374
0.24210576529353722 0.03860280998162131 0.9694816251343569 51.51731215259392 0.003801215077943239 0.9991627987766434 -0.04073392081247293 4.270982136992881 -0.9702424177367025 0.013547125242959722 0.24175633646729858 -262.323952005726
0.28299183068088796 0.04612861450706947 0.9580124084225305 61.90694622172922 0.003996784710668635 0.9987773959828214 -0.04927209134743982 4.744933693787273 -0.9591139919112097 0.017772568678501948 0.2824614775906827 -262.52992197528596
0.3292508320348368 0.04685392055573398 0.9430793178375425 74.33563824058753 0.003010129189508739 0.9987109796890914 -0.05066870997684371 4.488729805290353 -0.9442376971539688 0.019521505500652406 0.3286853846710526 -261.2776207787417
0.37842681086200214 0.05431228567517264 0.9240364302588686 87.8824027699123 -0.0025191319548471154 0.9983338158959809 -0.05764760196888692 3.1471923045812042 -0.9256277884738597 0.01948762846802 0.37793310193959445 -258.9612376291736
0.4284925083790152 0.06002614047734914 0.9015492403204902 101.76224920070794 -0.00723843331585999 0.9979868511030776 -0.06300674653158217 2.1106715057667946 -0.9035163392801434 0.020472114809094374 0.4280643843734863 -255.7033296920083
0.47918935235559146 0.06588932273770169 0.8752349180295517 116.01175987547944 -0.01244104893093979 0.99758801822063 -0.06828884392149448 0.7962695306039311 -0.8776233730311237 0.021834446450580268 0.47885328865704785 -251.49873495945278
0.5290605163614314 0.06502209578836579 0.8460892961659924 130.2382304408908 -0.012754856790590744 0.9975567360497678 -0.0686867672116372 0.7410726133601404 -0.8484882342470209 0.025547708723537264 0.528597229394319 -246.40297226835082
0.5754549292863148 0.06589834435899238 0.8151742344866074 143.62830520328282 -0.014189255500428391 0.9974028601646714 -0.0706130268695295 0.37124833648779365 -0.8177103945703675 0.029067898893401146 0.5748954408111939 -240.87556822775636
0.6186661407548992 0.07247075458502474 0.7823044139037669 156.27398913606078 -0.018241165069682593 0.9967931232503642 -0.07791488521255084 -0.6283452445271789 -0.7854422105924406 0.03393315739304989 0.6180041056894353 -234.96146281037494
0.6602699224472062 0.08225851688695228 0.7465099904965234 168.63988718731287 -0.025000067532977358 0.9958401743904312 -0.08762045248332351 -2.248881235152437 -0.7506121675904988 0.03919034918949774 0.6595797831919186 -228.25414333428472
0.6998128013303697 0.08317585365937952 0.7094672793456891 180.55384809460725 -0.03069660328421018 0.995781980844282 -0.08646366388633882 -3.896312406517836 -0.7136664218253177 0.03873014322038375 0.699414193711549 -220.8850237286956
0.7387137190426641 0.07913351436128309 0.669357847644284 192.58075612537442 -0.034945505602786545 0.9962450295745773 -0.07921270533263877 -5.294878526937155 -0.6731128084773915 0.035124463736581776 0.7387052315442852 -212.57399993810446
0.7744560931749966 0.07663454919793558 0.6279688731245763 203.49520692610955 -0.04315797845550189 0.996723347528734 -0.06841021405279249 -7.905449554187159 -0.6311538232790446 0.025878840011554664 0.7752258619266394 -203.40797175676784
0.8099139578145644 0.07047501893842743 0.5822994527240914 214.94539806926883 -0.044450866081986964 0.9972753428016454 -0.05887283876646361 -8.54371605239749 -0.5848619507556543 0.02179821886047237 0.8108398955483146 -192.71901280470252
0.8430152929509915 0.06814374333101421 0.5335556635399823 225.795796974526 -0.04560721562070512 0.9974260640743782 -0.055328370556351966 -8.961237479485643 -0.535952607731393 0.022308674320347697 0.8439532719979159 -181.69486807926506
0.8729988096495537 0.06643755123439571 0.48317608605604584 235.88377263828494 -0.04660266952857243 0.9975087259420521 -0.052957840423063805 -9.356324062155188 -0.48549075124380386 0.02371483618836675 0.8739200976069185 -170.29117188572687
0.9000898397019447 0.06161115169399287 0.43132626450549855 245.46980047075945 -0.04484870057607122 0.9977944958776019 -0.048936060865174956 -8.983024593637325 -0.43338997972030385 0.024702428692377536 0.9008678679444243 -158.47440204020137
0.9224106118683625 0.058514939339456284 0.38175209886355954 253.6368395646196 -0.04286717957589477 0.9978600233315351 -0.04937386709582375 -8.358847951740351 -0.3838242671169205 0.029178343182707046 0.9229450450927569 -147.39082557997307
0.9405480734414138 0.05046851227555898 0.33589023625931247 260.66872614831317 -0.03646045909022697 0.998187172983409 -0.04788530687298384 -6.52329619292263 -0.33769802556215056 0.032791720907596494 0.9406831276106441 -137.0733663856817
0.9548708759467077 0.04370678500662966 0.2937878949397872 266.45282734823894 -0.03188891722345776 0.9984824557049431 -0.044898581355558825 -5.2727369229400765 -0.2953044314382747 0.0335037698447582 0.9548155791455787 -127.97088623361151
0.9655731507900357 0.0374565887613835 0.25742085081003774 271.0281203136199 -0.02665007922735399 0.9986159504511491 -0.04534265962340379 -3.677476888873584 -0.25876294895247054 0.03692136864890975 0.9652349707643795 -120.51380885852957
0.9733405360575572 0.036389553114985373 0.22645971229178694 274.6886032390826 -0.026220479512235693 0.9985149813229985 -0.04775268084286262 -3.3770188625854796 -0.22786111410535956 0.04054173772328375 0.9728492587143399 -114.74966580904713
0.9785571245519682 0.037155153767295945 0.20259676339248964 277.2131402323779 -0.0277293069769545 0.9984055442089094 -0.049167619705343536 -3.7556742217053327 -0.20410056228036624 0.0424954567152779 0.9780271451424026 -110.8400650198254
0.9827846910287816 0.036405957821097894 0.18113215428131663 279.53209032989747 -0.02747564227724106 0.9982913164861676 -0.05157069429208205 -3.507471477195076 -0.18270013727667345 0.045706166580044116 0.9821057001034267 -107.76654714518823
0.9859857250956845 0.033678728395006595 0.1633948994345683 281.35207022714343 -0.02512927209711912 0.9982186171464174 -0.05411203254511111 -2.6126913233395914 -0.16492625500934127 0.04924769675821998 0.9850756289608449 -105.74980958309027
0.9884849474626045 0.02760378473370555 0.1487801724297537 282.86927359037253 -0.019609691698655413 0.9982974773480744 -0.054932747172833744 -0.8767436537206269 -0.1500432225438246 0.051382660390894834 0.9873433311568061 -104.62673724326054
0.9904019138625313 0.024786978364497274 0.1359766697672546 284.1757674418519 -0.017309424955903097 0.9982862704757188 -0.0559008585566972 -0.10135729836917312 -0.1371292559052627 0.05301063934002166 0.9891336812037244 -104.16173415629618
0.9921304751244769 0.025125862139539802 0.12266136873940622 285.5369416909488 -0.01834223393111284 0.9982553577185707 -0.05612310790204738 -0.3549746065464262 -0.12385751000119483 0.05343156218859187 0.9908604267899644 -103.75025584012819
0.9936402656413609 0.024444042352364005 0.10991592827994275 286.7042935418042 -0.018382765531574127 0.9982713908726923 -0.05582386672841225 -0.3410766067434927 -0.11109048756566357 0.05344828302739196 0.9923719991081202 -103.39037467678028
0.9951606491295849 0.023786628553393308 0.09533875773286557 288.1701416536624 -0.018405362181073318 0.9982084526791031 -0.05693090235517307 -0.23668717516998175 -0.09652214806440362 0.05490064937734005 0.9938155732483667 -102.68568427681733
0.9964577851372617 0.021616277779125583 0.08126880689611726 289.60451681794285 -0.01695183688943432 0.9981927283521586 -0.057653380568252297 0.2847095135698306 -0.082368183574829 0.05607150434801442 0.9950233508489807 -102.22396926812458
0.9974920321751121 0.019760818500172802 0.06796437154398273 290.9973653888039 -0.016037799985701203 0.9983633289362531 -0.0548949215041018 0.40164204036248075 -0.06893790480413474 0.053667247810243485 0.9961763858843925 -101.97235457776205
0.9981197809588174 0.01767453392909002 0.058689979631210636 291.7524084618754 -0.01475030545848337 0.9986458045173476 -0.04988973450301042 0.4544765768368393 -0.059492279731103846 0.048930235747325794 0.9970288364345874 -102.75158199971311
0.9986120197221242 0.019343261043142164 0.04898849169669046 292.69796405973744 -0.01719272562116962 0.9988859580798082 -0.043946022990698067 -0.8017031337625411 -0.049783975857850375 0.04304278108115976 0.9978320874498797 -103.67530083011928
0.9989618339340197 0.019085410844262723 0.04136425311891628 293.46858243283754 -0.01728295305988598 0.9989037834126088 -0.043503229966356485 -0.8724767918431716 -0.04214918595548263 0.0427431699442334 0.9981966076612405 -105.28695509696459
0.9992110918467567 0.017520409594098424 0.03564027466318604 293.99701461472085 -0.015742037047694835 0.9986460544751138 -0.049580703412488804 0.22470740789962806 -0.036460693904550416 0.04898053826718526 0.9981340213974552 -107.37614092225965
0.9994163290469344 0.013877972069302105 0.031215430889119315 294.5060236635195 -0.012071464511804842 0.9982820589213008 -0.05733420079140107 2.137265028186522 -0.03195748705530443 0.0569239205175832 0.9978669181278723 -109.91336138717213
0.9995153258677364 0.014158910474086786 0.027724332448220635 294.85238642224584 -0.012448029945471019 0.9980638528334332 -0.06093925022314961 2.4567489556258604 -0.02853348744877361 0.060564601224393264 0.9977563676431942 -112.75659099682615
0.9995632679375986 0.015107447810707856 0.02539760639420819 295.01328903878044 -0.013562556001690809 0.9981100070462505 -0.059937224734172886 2.094425479115931 -0.02625510359167122 0.05956659176736977 0.9978789960113451 -115.88801534705985
0.9995955764959136 0.016150628976832303 0.02340599567322262 295.1269865579726 -0.014740810122764729 0.9981371493394097 -0.059202530566872844 1.733693329863276 -0.024318551904396118 0.05883356433405698 0.9979715525710258 -119.05980938999504
0.9996120632600455 0.017877901553564217 0.021356582616046126 295.27106027396457 -0.016544126734968384 0.9979960237847495 -0.061075595620566754 1.457389743013155 -0.02240568801827433 0.06069857614368524 0.9979046387298522 -122.30717421259764
0.9995823418056848 0.02071630533345314 0.020148862091793698 295.2730931894338 -0.019403269933217105 0.9978051276546802 -0.0633122448024553 0.9280432464295165 -0.021416233706272752 0.06289484811459882 0.9977903502311896 -125.78539064924634
0.9995729981995085 0.02312180964630412 0.017866258397479885 295.45139697669697 -0.02191499016728625 0.9976432164142309 -0.06502111925086862 0.47385069268311764 -0.019327557435257818 0.06460181623877156 0.9977239351956225 -128.96927882041382
0.9995917671627756 0.023722611354594456 0.015922836773582777 295.7081735557802 -0.022718977197009174 0.9979096569419864 -0.06049929468224175 -0.299732395431648 -0.01732475383724314 0.06011284631795282 0.998041230917858 -132.30607610381097
0.9996287641271425 0.022015638058986584 0.01605134294996692 295.5655073926707 -0.02114033235011859 0.9983812933602297 -0.05280037326081625 -0.7966935615413959 -0.0171877944416461 0.05244144114353353 0.9984760763148114 -136.01936334322556
0.9996532601320977 0.02125714845346061 0.015540049771356935 295.57388891825667 -0.02053156430775496 0.9987557242037991 -0.04544731276127623 -1.4935369921778205 -0.016486793937731982 0.04511249283482654 0.9988458582863937 -139.5840872476466
0.9996493946311007 0.021434187326363555 0.015545527566868148 295.43849665854606 -0.02076888768483729 0.9989115947683539 -0.041764568017381265 -1.960101080795277 -0.016423797307824874 0.04142706181956679 0.9990065352293694 -143.18560101787668
0.9997112379722909 0.019305824576747333 0.014308242705567903 295.67206212129537 -0.01868800521897823 0.9989376415663632 -0.04212299517801874 -1.3199770175375383 -0.015106261378813124 0.041843439142161896 0.9990099736578766 -146.67698891828712
0.9997745716280518 0.016482527207028336 0.013384028646674245 295.77857400920584 -0.015853102226645162 0.9988227512738009 -0.04584529079007248 0.11056921839871148 -0.014123918568760031 0.04562277758646811 0.998858887475883 -150.085403073505
0.9998476947255587 0.013129474400174848 0.011498010869759333 296.1673966231633 -0.012521245417491172 0.9985964656849856 -0.051461802675871936 2.0634175974212168 -0.012157539437768927 0.0513099953559789 0.9986087715473906 -153.16790146647782
0.9997789784203895 0.017583372445861178 0.011524726552611421 295.9610924438802 -0.016957022772335243 0.9984842470223466 -0.05236093798735957 0.8851091637092239 -0.012427939788269043 0.05215394003953815 0.9985617221038324 -156.98351009354857
0.9996983912680477 0.022022607229662754 0.010868820859931197 296.03332072692973 -0.021426852774931775 0.9984077249739028 -0.05218145928006452 -0.3164137865169998 -0.012000686490308304 0.051932836271896786 0.9985784716488323 -160.35840257105863
0.99958708448623 0.02666612467169039 0.010704126461898113 295.9452967991237 -0.02606654251527883 0.9982696515483079 -0.05270899504751626 -1.493653901904226 -0.012091149226504632 0.05240821111823793 0.9985525441947302 -163.8007598701143
0.9995580752021006 0.027729689312120318 0.010710678266341861 295.8083378317968 -0.027140394368087066 0.9982927991138163 -0.05171930230626035 -1.9386052927349997 -0.01212655317130616 0.05140575423194294 0.9986042234739589 -167.0101128021479
0.9993418233531945 0.034221805209807686 0.01203279457542695 295.4401563143874 -0.033588573793624905 0.998214839870255 -0.049385637318064064 -4.252038501731923 -0.013701379770762483 0.048948968436353456 0.9987072998037985 -170.88138030232162
0.9992726250118515 0.03598094215826489 0.01263300056705166 295.21262916930704 -0.03530733184228192 0.9981243292532019 -0.05001215523274991 -4.555689469954924 -0.014408789682083497 0.04952974009874558 0.9986687096458206 -174.38394972055727
0.9992778785958342 0.035409530012995544 0.013779932266454471 294.90579416757754 -0.03465884593582162 0.9980788120967938 -0.051356102284439216 -4.021332079063299 -0.015571953872468479 0.05084142039431599 0.9985853314689147 -177.88353839033874
0.9992788382431358 0.034661193266222065 0.015505003089660931 294.5688966695123 -0.03383833866962897 0.9981501965239072 -0.05050893005563386 -3.9403283874370736 -0.017227021667377263 0.04994784140127601 0.9986032459710036 -181.87239150323074
0.9992187285756955 0.03510420877898657 0.018155632447588742 294.0664290090161 -0.03417673759202022 0.9982093173728632 -0.049092864222496875 -4.309658610943805 -0.019846487627205138 0.04843400908456417 0.9986291922895403 -185.9340044259704
0.998974634823838 0.04002471415223592 0.021158951666170083 293.41679858329286 -0.03893876498043046 0.9980168256814237 -0.04945895508978713 -5.6198629683893735 -0.02309657031635474 0.04858433815342742 0.998552006920929 -190.15757122589036
0.9988689021619692 0.04059723939879246 0.02475440257690465 292.7584515079858 -0.03933051455570163 0.9979907973175093 -0.04967372639883005 -5.600515876751309 -0.026721282127287097 0.04864393716342475 0.9984586823993844 -194.38450736194665
0.9988815296808933 0.03700331577698964 0.02943542566138658 291.8852684089165 -0.035548097737109256 0.998189784307267 -0.04851275349724709 -4.689415293458943 -0.031177273928801957 0.047412120034017895 0.9983887361465213 -199.18150015408804
0.9986811433395297 0.03934148421286213 0.03298820331540843 291.17462101579804 -0.03793893619722716 0.9983921502204711 -0.042115929271083256 -6.6223102077988685 -0.03459206640650904 0.040808847056407756 0.9985679881428476 -203.3391128366254
0.998540176722848 0.0399432139515053 0.0363600760385298 290.3723977587637 -0.038531363695071104 0.9985063201206363 -0.03873580631590847 -7.521572944415789 -0.03785299832379931 0.03727825557036823 0.9985877438560563 -207.20953338952128
0.9983245441817661 0.0417958469854646 0.0400151428716269 289.4941176576069 -0.04033209347292333 0.9985115918624125 -0.03671407294869856 -8.493466081707385 -0.04149007978252703 0.03503866565893476 0.9985243438136503 -211.50212572643733
0.9981234229480435 0.043214101796631064 0.04338402895526827 288.5871784496911 -0.04155037824069694 0.9983926346671126 -0.03854494922186995 -8.38090731090929 -0.044979980330544456 0.03666999384199461 0.9983146362350358 -215.30750775712133
0.9977042983090258 0.048579531705109556 0.04718222371833064 287.59345478106104 -0.04671974838977728 0.9981167787405754 -0.03975124031943325 -9.683566274554527 -0.04902446579097268 0.037455641709223025 0.9980950238619868 -219.73407760487555
0.997599220642722 0.047434754107160915 0.05045531761694576 286.7452046749531 -0.04534237950848179 0.9980950751421629 -0.04183646253531621 -8.669538301222037 -0.05234370634128335 0.03944825826007135 0.9978496737117792 -223.66501041993126
0.9971944773111591 0.05192859001647535 0.05391285522976097 285.6758052493926 -0.049506663236583585 0.9977447351423986 -0.04532696538269941 -9.232252388400216 -0.056145032864037506 0.042530753984919484 0.9975163508685813 -227.86097736083016
0.9969552907437611 0.05346713629311453 0.056757498135807924 284.7928466925135 -0.05064772366310018 0.9974640516089249 -0.050002738281559635 -8.505274547043117 -0.059287067272458055 0.04697585640008516 0.9971350523222567 -231.86269091491792
0.9966731233132954 0.057350252203991085 0.05791056757673231 284.31025910946806 -0.05443531461369271 0.9972284188274216 -0.05071762224186815 -9.585847047901714 -0.060658732164701204 0.047396511001329654 0.9970326418714043 -235.5133573530224
0.9969440895307693 0.053554532617166896 0.05687173626523252 284.54840457696116 -0.0507142978648007 0.9974476084834037 -0.05026259367381216 -8.447253760038494 -0.05941836704038263 0.047224785514550276 0.9971154784132874 -238.31143596400167
0.9970088005490599 0.05311616136759905 0.05614378887549407 284.59142534633713 -0.05038991600889386 0.9975314117390806 -0.04890745299495246 -8.67648086088471 -0.05860296914271065 0.04593208024254987 0.9972241152380193 -241.1253524660222
0.996698038489625 0.0583314916982918 0.05648413181758342 284.22856799716004 -0.05585424181950649 0.997447370769181 -0.0444864722855835 -11.309691581450833 -0.05893491106044122 0.041184701308859956 0.9974118991852854 -244.35538455287067
0.9966946744987303 0.06057442866385367 0.05413376412109061 284.7831649861498 -0.058324945712969596 0.9974048294628767 -0.0422114542714305 -12.780819212973663 -0.056550212496942254 0.03891458282158014 0.9976410821083768 -246.2501290386976
0.9967071186404567 0.06300899302617066 0.05103710855119551 285.6153202712657 -0.06096778138312678 0.9973132192525758 -0.04061123412657023 -13.962327430346905 -0.0534588559984012 0.03736588687415061 0.9978707036552633 -248.52410426954253
0.9964174743635272 0.06524092752609717 0.05381299246970161 284.5173423241779 -0.06306557894574116 0.9971594777527901 -0.04117898347484213 -14.605527817984681 -0.05634669054388302 0.03763771118595508 0.9977015852254794 -252.13698724148242
0.9961209494349167 0.06893484029149512 0.05469041863860859 284.04812829533705 -0.06663173974992738 0.9968560397217101 -0.04287478662624673 -15.285114118239274 -0.05747404070341801 0.03906435541941401 0.9975824330755266 -255.4113719930761
0.9960975771322561 0.06960048694299156 0.05427143860768358 284.108691663776 -0.06733804710397728 0.9968263562011559 -0.04245942763331592 -15.598324749732553 -0.05705439723169146 0.03863920030260354 0.9976230791017736 -258.22472658030694
0.9961685384784026 0.0671321581175531 0.05604923096959751 283.527983741829 -0.0650804237250584 0.9971689757588138 -0.03766393808253446 -16.077441436549286 -0.058419015684709176 0.03387192245205432 0.9977173504935312 -261.507329957607
0.9963205391414878 0.06458965055066457 0.05633436186341507 283.43784884588223 -0.0629878889695227 0.9975704363599649 -0.029761558153974535 -17.506353227118044 -0.05811978258715563 0.02610366913543695 0.997968280723235 -264.2168473784486
0.9963953137773114 0.06208479618640429 0.05780879487678154 282.96933953195787 -0.060841197314179016 0.997881715445616 -0.023031080927559348 -18.532693009451954 -0.059116219364826604 0.019430904811852983 0.998061978309064 -267.4180769208785
0.9966211935761051 0.05722789947993773 0.05891658540728346 282.63907923460044 -0.05638337262289286 0.9982825839488263 -0.015899618741420755 -19.01601141456345 -0.059725302900928 0.012523981218792408 0.9981362823221205 -270.1906094103135
0.9965317015834093 0.05759480055486454 0.06006169068815962 282.1656697866311 -0.05683633585891885 0.9982816317219626 -0.014262352283824456 -19.560603487551692 -0.06077991991938588 0.01079919976577487 0.9980927705474135 -273.2872417574479
0.9960903815427331 0.06199148261599734 0.06293653852193352 281.003339756575 -0.06092204809578591 0.9979659658277441 -0.018773255053734818 -19.669244864454953 -0.0639723053662057 0.01486563596245824 0.9978409477534806 -276.89584459983354
0.9957647977292161 0.06427798797793863 0.065732852249095 280.03213906266524 -0.06265905794377935 0.9976856840953351 -0.026402996209169576 -18.25604714168045 -0.06727785713659049 0.022172415581783074 0.9974878815937451 -280.62495125440785
0.9955483298267309 0.06394056019074272 0.06924686087975765 278.81443187272896 -0.06184187601084194 0.9975715443016252 -0.03204054261603852 -16.481691760422297 -0.0711273881895445 0.02761555290347335 0.9970848890075354 -284.31578619882123
0.9950280880972986 0.06555288165831626 0.07497948788652392 276.84916329646956 -0.06351357500681266 0.9975516704124365 -0.029269278214734604 -17.649361986392215 -0.07671459891890581 0.024361538614142145 0.9967554292548715 -288.4759051140141
0.9941672001346139 0.07162365945761238 0.08063268309068283 274.6229256405695 -0.0697912066283689 0.997240158344027 -0.02532299475449532 -20.551709022233297 -0.08222387520579919 0.019547838547518497 0.9964221576993666 -292.34753463996515
0.9936521249966166 0.07090379642133134 0.08733902989357382 272.2354043734696 -0.0690509171451117 0.9973229558709176 -0.024060185666672146 -20.517257879699645 -0.08881117796272663 0.017876614498786317 0.9958880465810074 -296.54978150061777
0.9934001268099724 0.06773981877726107 0.09256081787643555 270.6127503763962 -0.06623695955945944 0.9976188562614109 -0.019216732812656477 -21.0404428268017 -0.09364215526273079 0.01295895766249435 0.9955215779550197 -300.69653191349107
0.992894799756376 0.06437396629300875 0.10007951379004879 268.0715632844715 -0.06314445785098598 0.9978854474863121 -0.015408151665515905 -21.032295692602517 -0.10085977423854886 0.008979207022285378 0.9948601307630133 -305.149295392125
0.9921802599959842 0.06373887676504682 0.10731117026214626 265.62002754698693 -0.06296645303814759 0.9979596221221886 -0.010574422231652425 -22.346016555975147 -0.1077662167197862 0.003734729236328126 0.9941692483332178 -309.582534283211
0.9916086420680301 0.06025480695500825 0.11437508126690915 263.1174871637438 -0.06000844465830016 0.9981821668523515 -0.005598959513692582 -22.761549646393764 -0.11450453067756364 -0.0013114940941273212 0.9934218602575403 -313.7852016158002
0.9925602201758789 0.0593506453034231 0.10630950205168971 266.77570762181716 -0.059103232012593196 0.9982368391815252 -0.005479130090028427 -22.980235344540304 -0.10644725120958518 -0.0008448685963733729 0.9943179918451532 -310.1577381234494
0.9924963338888201 0.0545720253220998 0.1094208447668717 265.9772246381076 -0.054288115768150916 0.9985097534633542 -0.005574291425401631 -21.622946731766053 -0.1095619811047408 -0.0004077876844137975 0.9939798820929974 -312.176408820863
0.9920355464555326 0.05392190464999332 0.11383278423894337 264.59907554611397 -0.052952473527146555 0.9985305243832436 -0.01152507797290014 -19.549511811765626 -0.11428696389365521 0.00540555953085458 0.9934330726375726 -315.028486401332
0.9914629038759708 0.05135698318092817 0.11984894874958746 262.62737088275105 -0.0500250892539266 0.998648464312707 -0.01409734623993162 -18.08287425469609 -0.12041096579200775 0.00798154148180022 0.9926920440461937 -318.87850926324404
0.9908438019598603 0.05064240087651926 0.12515553264315146 260.89700126164416 -0.048858160313735445 0.9986561204068147 -0.017286796833618008 -16.710129179016384 -0.12586278357197714 0.011013646420299698 0.9919865217350698 -321.8556507396155
0.9897333822241289 0.05270935655778438 0.13285163093635982 258.2674279291147 -0.05070294213996896 0.9985434720150912 -0.01844305165631994 -16.89403354998265 -0.13363025020382685 0.011517735337777094 0.9909643273111054 -325.53841688764953
0.9887102181235076 0.054878645839883736 0.1394289740654599 256.01372506794655 -0.05234224867142939 0.998391309456547 -0.021796380563289433 -16.41487596360779 -0.14040083184292151 0.014252278148496297 0.9899921610726994 -328.91649301871803
0.9875939312804958 0.05453539051496955 0.14725528200820243 253.286521630771 -0.05203310294400886 0.9984288340072396 -0.02079470175218235 -16.613559815639704 -0.14815796669755438 0.012874572005461327 0.9888799028697683 -332.5883157251481
0.9869460072345724 0.048874239473511834 0.1534564678324806 251.32843208199193 -0.04653232889740088 0.9987395189028155 -0.018817963469958603 -15.504588900627361 -0.15418275250857164 0.011431627078347273 0.9879762126343034 -335.58120189663134
0.986084947842237 0.04568690450803413 0.15984111609797558 249.19894054029905 -0.04404941522209119 0.9989343863227311 -0.013774644845522028 -16.242211730006883 -0.1603001081021611 0.0065420622514797185 0.9870466436617539 -338.66652926335064
0.984967462758552 0.04602371396865638 0.16649599112144356 246.87673758412774 -0.04493979392105459 0.998936866647164 -0.010273819906894278 -17.541817942176813 -0.16679182302892923 0.0026370827968525542 0.9859886072186681 -341.8774961642905
0.9840833591904788 0.043751969314112515 0.17223735757819802 244.88558201727463 -0.043038300266014975 0.9990423665003682 -0.007877477232997811 -17.68334170369511 -0.17241707245686383 0.00033929114491952454 0.985023978391858 -344.7381625216525
0.9831987380805796 0.0426857204892204 0.17747723995789422 243.05220146766044 -0.04113748059029064 0.9990765986691423 -0.012395873602980742 -15.755933556445466 -0.1778424840341567 0.004886640769870805 0.9840468340554462 -347.58501126789474
0.9819461378601888 0.04284911761749791 0.18424368499587981 240.63940686102038 -0.04058138268454425 0.9990471074568328 -0.016063264349008934 -14.477923861017509 -0.18475641726573325 0.008296396900908162 0.9827493251473607 -350.8205681273402
0.9806049963929264 0.04433194148533092 0.1909149549233115 238.17237211583196 -0.041573576199816435 0.9989654263846119 -0.018431349656723873 -14.039089056455662 -0.19153453686264243 0.010136856137459668 0.9814335256839668 -353.8258006275701
0.9790791565974923 0.0452182693953381 0.1983918174452611 235.424634340991 -0.04328346537281373 0.9989636027642536 -0.014080553170349657 -15.854417968128736 -0.19882290296055835 0.005198890761810546 0.9800216450636093 -357.08071585684263
0.9772975096372879 0.046296594477169696 0.20675154895809542 232.34978326232317 -0.04579821109506451 0.9989247734030945 -0.007198676410854857 -18.67552850423737 -0.20686251839626998 -0.002433602554401274 0.9783669945686844 -360.2391488146236
0.9751922464038404 0.04817380282095178 0.21605408414468685 228.8477423924605 -0.04812502010243602 0.9988262329505688 -0.005489882504770771 -19.887958727860354 -0.2160649554971178 -0.005043916290355908 0.9763659631073199 -363.8256309482841
0.9729025934858211 0.047005483409171676 0.22638689917491517 225.04618355159926 -0.04664551155735908 0.9988873814226605 -0.006942296891711936 -19.020694598487015 -0.22646134292659176 -0.0038057540712030952 0.9740127188059887 -367.45219460263047
0.9702158643570288 0.04893882614315295 0.23724706077351912 220.92412368950323 -0.047130062907549064 0.9988003039701526 -0.013293229835565497 -17.194070356148746 -0.2376129914804199 0.0017158335761227519 0.9713583901912131 -371.35438678544165
0.9672809631657182 0.04837555770148569 0.24905289340674347 216.40608940333152 -0.044727031467454714 0.9987931526959736 -0.020291150380078508 -14.282634908364066 -0.24973392030981656 0.008487846882918707 0.9682772978346555 -375.2887262022072
0.9640019036170031 0.04781650090860537 0.2615605323126017 211.4279374493638 -0.043379814621586535 0.9988004280661021 -0.022713356827381896 -13.124016202593307 -0.2623328448863981 0.010549271815084254 0.9649197849344683 -379.677345466155
0.9610796320108115 0.04261987569267345 0.2729642598031916 207.00348622971822 -0.039629095174694026 0.9990788226071845 -0.01646332388908539 -13.922216256293504 -0.2734144761156554 0.005005238633966399 0.9618832942912663 -383.2048299410968
0.9576630340399875 0.04139737801970692 0.28489957937213434 202.2688617724657 -0.04107380274942373 0.9991307951734649 -0.0071131472458445906 -17.25014416811799 -0.28494640892811235 -0.004889910953496124 0.9585309764477306 -386.96749987894555
0.9538173892530264 0.04206455401236276 0.29742723690725054 197.13988526112635 -0.04345807341800436 0.9990533898124216 -0.0019287713977934936 -19.616215655573757 -0.2972268221633709 -0.011085918998920176 0.9547425404718349 -390.78786109428086
0.9497053721938606 0.04388467890161299 0.31005457742762477 191.8523210731171 -0.04399561260314841 0.9990096667122729 -0.006638666063835227 -18.29713452623788 -0.31003885578713253 -0.007336264249313272 0.9506955806824128 -394.7697178628576
0.9456430094958428 0.04528755282520299 0.3220377868368089 186.76056932561 -0.04319887596582899 0.9989734720089487 -0.013633023790597418 -15.841652658895281 -0.32232461231952864 -0.001019696764004415 0.9466286518543452 -398.4627788813233
0.941460270090809 0.04667152573676361 0.3338777149286001 181.7400503925798 -0.042723891675932706 0.998903157780082 -0.019161170555158383 -13.909284568509579 -0.3344057848192882 0.0037749254804980183 0.942421625928126 -402.1036144903254
0.9369125249609108 0.0470164455653704 0.3463876071942661 176.33645291835722 -0.04384448596540907 0.9988938462737029 -0.0169924961955851 -14.92396896789542 -0.3468033760242245 0.0007332959337736696 0.9379375675679452 -405.7727213660362
0.9326053336794375 0.047786291086560635 0.3577202286380454 171.37921895113362 -0.046210294853267046 0.9988476884218469 -0.012957776966251531 -16.921953119098255 -0.35792722757879025 -0.004445865328987442 0.9337389003566454 -409.05459316354023
0.9291541734095964 0.048804761049537675 0.36645684238996984 167.51138528712022 -0.04986507406902401 0.9987342994648759 -0.0065782566455207464 -20.069293627891014 -0.3663140680121641 -0.012161182972931495 0.9304117954997553 -411.789295678763
0.925884380259672 0.050568330409368596 0.3744074763553368 163.90480711645066 -0.053932710383981904 0.9985434551685516 -0.0014936166470876228 -22.946356445662268 -0.3739376647809106 -0.018809893664235678 0.9272630752696559 -414.3119921792275
0.9231829242341398 0.04937669672798462 0.3811761144441438 160.93139466958328 -0.05355411783250894 0.9985648862843317 0.0003526232285446691 -23.39536263129324 -0.3806116720040048 -0.020739086291160343 0.9245023771922513 -416.7988645638277
0.9200116919610488 0.04357382807018911 0.38946091994226806 157.24786188226426 -0.048556685319081416 0.9988160601543168 0.0029540292199047805 -22.69835110007145 -0.3888711032794695 -0.021628672754423643 0.9210382541181936 -419.3453278659889
0.9166124676930362 0.04423739580039137 0.3973218303623426 153.66030166329531 -0.048553685933936934 0.9988202501511378 0.0008046553591712635 -21.96870743547177 -0.39681749413541645 -0.020028996500522547 0.9176789828950377 -422.0849409954739
0.9128876446668543 0.04554682398620112 0.4056619713990616 149.7190888922924 -0.047369858858829134 0.9988619966042436 -0.005550514523793147 -19.525456984212546 -0.4054531350061283 -0.014149154199253236 0.9140063220509737 -424.77807003381383
0.9102015052557483 0.045016311365134114 0.41171197643649776 146.95715014627712 -0.04333437355661821 0.9989704298902601 -0.013424316493755216 -15.631475235454978 -0.41189240330288374 -0.005622447504987225 0.9112151426449344 -427.30280809931526
0.9079530256714612 0.03562638503006805 0.41755486329790037 144.41740678882047 -0.03204404739445233 0.9993648791611999 -0.015589012980379707 -11.358644467739438 -0.4178450456815552 0.0007739436734654553 0.9085179793546022 -429.6213277244127
0.9054644775384076 0.028661798941767746 0.4234531629324784 141.7814103136375 -0.026721953056869693 0.9995875614966692 -0.010518751160149685 -11.34176745976856 -0.4235800008745985 -0.0017911400180832242 0.9058569283703198 -431.8489845766908
0.902783783766182 0.029738502397812033 0.42906533447011413 139.06585871158936 -0.031213101598287794 0.9995062650421261 -0.003601170664395696 -15.031157596641872 -0.4289605833377124 -0.010141381398728088 0.9032662787494588 -433.89754711850907
0.8998905792008038 0.03595548519775338 0.43463104876416275 136.2216662951613 -0.040250061023103564 0.9991894084979586 0.0006771507483989119 -19.25795553134116 -0.43425439324580045 -0.018103287814475996 0.9006083460178614 -435.88370724841684
0.8983913409997859 0.0343578351743869 0.43784990302469645 134.73390361012366 -0.03881621647894043 0.9992456049318715 0.001233840588616135 -18.96290659036074 -0.437477199125699 -0.0181041483220765 0.8990472401707631 -437.7623832131406
0.8962088425304876 0.030229464264635193 0.4426012766141064 132.49141441040683 -0.03288965932490529 0.9994576014430003 -0.0016653009627136282 -16.11350826127789 -0.44241155147628697 -0.013064547756347647 0.896716976928767 -439.90096742430904
0.8935491128166806 0.029551855729625327 0.44799182002293136 129.871914516086 -0.030694564165229504 0.9995177086648042 -0.004711029204561027 -14.3891537949511 -0.44791497710528694 -0.009541377699002835 0.8940252431538918 -442.1383697381122
0.8911101288080728 0.032596644567663216 0.4526148440988092 127.53988845209075 -0.03435814481652838 0.9994002009772374 -0.004330839574972585 -15.627581393118678 -0.45248453699593577 -0.011691751348156377 0.8916956020582285 -444.13385197279354
0.8886399747687176 0.031522512469694786 0.4575208481049262 125.10331912928606 -0.036350709006957777 0.999337560780562 0.0017508763085799395 -18.286645887086717 -0.45716257633116086 -0.01818710589275832 0.8891971704754245 -446.05315811772044
0.8862647496439608 0.031018732109824143 0.4621391909336693 122.80399076393408 -0.03926400247926673 0.999194958342121 0.008232456073071062 -21.40408246755519 -0.46151178928369274 -0.02544156995914114 0.8867691891750517 -447.908705274999
0.8839567613240819 0.028701447520587717 0.46668690898680987 120.54688508694879 -0.03798091976428672 0.9992234305646077 0.010487399322776621 -21.751619598128684 -0.46602349065610293 -0.026995605585345007 0.8843604148964276 -449.84825321285314
0.8820262031905917 0.0275605432705234 0.4703936578439622 118.71514179678778 -0.03507076945302301 0.9993588394182906 0.00720771853641637 -19.68647795266984 -0.4698934113340619 -0.022854464140751575 0.8824272522161116 -451.85529587071625
0.8799124138064661 0.025961557194400377 0.4744261181441429 116.675846095649 -0.03280467164121146 0.9994428548026885 0.0061508944361395946 -18.568653047235898 -0.4740021071132392 -0.020975641394105557 0.8802738351901158 -453.77500043195096
0.8774702206219142 0.0254204346892625 0.47895700581778555 114.36117051743274 -0.03214863646917776 0.9994659700299804 0.00585148914406284 -18.232820946500993 -0.4785524810247064 -0.020532322134609406 0.8778188575400159 -455.75411292450275
0.8750335176327297 0.026734340576459504 0.48332351282886404 112.07792728672149 -0.033831660870983965 0.9994097167185421 0.005969660901103083 -18.789988679316938 -0.48287862009204957 -0.021575290554365602 0.875421467120548 -457.656648733452
0.8727471995463137 0.027910592373348597 0.4873739062746751 109.94321690083208 -0.03533228595052507 0.9993573704847377 0.006039505554346181 -19.26901265911334 -0.48689213923987035 -0.022490995780521255 0.8731724914673065 -459.510579565625
0.8702575025066807 0.02898712930703382 0.4917434551322183 107.60807857953377 -0.03607711891763938 0.999336806409923 0.004938506355037814 -19.09141649779028 -0.4912741809025152 -0.022038459314424483 0.8707261254203926 -461.38108816664806
0.8681022766914649 0.027270503560171227 0.4956357098098058 105.59064081236635 -0.034471779062439374 0.9993911405844117 0.005389301407323986 -18.7094694192332 -0.4951869683779711 -0.021763909505493405 0.8685137872202553 -463.2193383667718
0.8656283589366546 0.026902632812333613 0.49996379124132495 103.2877309736637 -0.03428077053973526 0.9993966841937167 0.005576414063397692 -18.682320665150968 -0.49951213496354263 -0.02196624616017018 0.8660283546476953 -465.0667941296432
0.8632671785734874 0.027608387432056788 0.5039916222926449 101.13510966964768 -0.036925882954873486 0.9992817821597201 0.008508760879038364 -20.519970524403213 -0.5033947333512475 -0.02595566965221893 0.8636666287677968 -466.7890307309522
0.860801543357519 0.02830874511861873 0.5081528489570066 98.86457537158958 -0.03993684643756747 0.9991302464447311 0.011991619403277748 -22.70516111361461 -0.5073714135127594 -0.03061642678530585 0.8611834201614453 -468.4740057121376
0.8585537538741793 0.028507544252365048 0.5119304363185048 96.8062665148977 -0.041676090646758555 0.999029374508281 0.014262269735072232 -24.050646538015023 -0.5110269613014154 -0.033580184488657024 0.858908502713036 -470.1225425339487
0.856536215205111 0.028109845811673587 0.5153208210528151 94.95679005756247 -0.03946049182015657 0.9991596261577835 0.011086525224329898 -22.19165733635151 -0.5145761183998097 -0.029830823399334506 0.8569256329156589 -471.9097018558584
0.8545591161418242 0.02827228536429019 0.5185840287737217 93.15832987845684 -0.03506356076144408 0.9993796498534679 0.003295779951427911 -17.953675840185593 -0.518169145864198 -0.020999841405112043 0.8550203172646411 -473.76533401242983
0.8529668736237546 0.030815249247760634 0.5210546352488541 91.75396761522198 -0.03222763655867608 0.9994603729122771 -0.006351568301919906 -13.52065551978475 -0.5209691852138281 -0.01137468205491724 0.8534996922470386 -475.4777909905201
0.8509991858089984 0.03432340677414669 0.5240441675086543 90.0123835268861 -0.03282014005565456 0.9993872966780474 -0.012160166334054048 -11.603287767091624 -0.5241404622418969 -0.0068509113234009435 0.8516042747983888 -477.10031569620804
0.8491010666405205 0.03759531595943798 0.5268908528792658 88.34735659712942 -0.0360416151506958 0.9992628668766971 -0.01321835310064908 -12.256691063735877 -0.5269994123405256 -0.007766279628904216 0.8498301620285469 -478.6448565721418
0.8475737577726559 0.03744017898786314 0.5293552286815498 87.00309835639038 -0.037788081761965325 0.999234027017308 -0.01016956869905684 -13.900253472302158 -0.5293305073504552 -0.011383859105355477 0.8483393317181392 -480.06733923642844
0.8454918581797034 0.03810924847254863 0.5326267012952788 85.10937531736457 -0.03988860363380176 0.9991707222132362 -0.008171118162494464 -15.281432283754683 -0.5324964009756104 -0.014337121494133322 0.8463108352699289 -481.52183373430506
0.8439623806117205 0.03915769656337739 0.5349711907309103 83.7664434406459 -0.04139747221210657 0.9991121316924534 -0.007822889454004821 -15.877979084936314 -0.5348025330966986 -0.015544230595696198 0.8448340828165862 -482.9022909729517
0.8426003763456491 0.04060774433174817 0.5370061609352892 82.57661656062852 -0.04285535208583274 0.9990467799497278 -0.008303629909832992 -16.161572858977692 -0.53683146757597 -0.016016946412082917 0.8435374519532981 -484.2131186880358
0.8410126024217245 0.040870703315273336 0.5394695433278446 81.1510173570074 -0.042672866856441886 0.9990470758701678 -0.009163330700107587 -15.774393060074871 -0.5393299815531217 -0.015314235396586252 0.8419552513002857 -485.5525931849147
0.8397529410611924 0.04182014364715266 0.5413557735578415 80.05366530708048 -0.04240455219117321 0.9990355028005641 -0.011398162022456304 -14.82874919175135 -0.5413103102034392 -0.013384309072776771 0.8407163661652488 -486.8056906503608
0.8381394920502767 0.043808209341853116 0.5436938777105775 78.64858836219337 -0.04407544014274596 0.9989494332958659 -0.012545329572845147 -14.946768509759552 -0.5436722794496032 -0.013448810807222253 0.8391898367151166 -488.02799078009184
0.8365094065143908 0.045689552771736364 0.5460443915841097 77.23129173615212 -0.04549888122827629 0.9988679962713768 -0.01387724150471064 -14.908855616004416 -0.5460603122548983 -0.013235965862889429 0.8376412982821223 -489.2347397489502
0.835282126236822 0.04624431903078169 0.5478733727301164 76.15060747899892 -0.04661039761476972 0.998825316399483 -0.013246061817217585 -15.488522981916613 -0.5478423499725873 -0.014472397066545777 0.8364564001187756 -490.3072956712382
0.8341806895828213 0.04388664050324111 0.5497422486151742 75.12550506027627 -0.04662857883868648 0.9988718694237748 -0.008986885408069769 -17.040281212894328 -0.5495164717846164 -0.018137013513604 0.8352859965174767 -491.2874081687537
0.8323816160953753 0.044374064681463134 0.552423558123743 73.52865924759517 -0.04930149378736801 0.9987662756536652 -0.005940482071438373 -19.037160550743028 -0.5520056230662739 -0.02229055855182398 0.8335423943043703 -492.3000189020697
0.8298045062611228 0.04726944537026055 0.5560486317968261 71.3137028919696 -0.0528547579931838 0.9985841081151958 -0.006012784484825836 -20.174557012450265 -0.5555455480392371 -0.024400380205376763 0.8311280078902509 -493.376322319037
0.8266903432080634 0.052101706529887895 0.5602396706974682 68.68863930146482 -0.05690423267157718 0.9983401792565105 -0.008876642728940592 -20.466958861638403 -0.5597722615051528 -0.02454177374909325 0.8282829930589274 -494.51569222296837
0.8231067195498036 0.05161801053208165 0.565535948654611 65.52659567187919 -0.05598887339103588 0.9983848870445668 -0.009636564606224755 -19.87072316533703 -0.5651199645105129 -0.023731799546542986 0.8246673434797326 -495.71075427496066
0.8193326593274111 0.048171094385449094 0.5712911158290322 62.152809796274106 -0.05207366213848181 0.9985978818631024 -0.009518615971484855 -18.58088512366204 -0.5709486203424611 -0.021950307611364243 0.8206923034394843 -496.90020149355666
0.8159436176638932 0.043710902423855225 0.5764766862613356 59.13487077737352 -0.045791304502718 0.998891260961636 -0.010927268936567968 -15.925716762063905 -0.5763151648408166 -0.017481584132021104 0.8170405283648647 -498.0321905936797
0.8119612231327807 0.0417964319017353 0.58221304555034 55.68165022366249 -0.04036940813223471 0.9990657973331345 -0.015422175143643638 -12.4118816498824 -0.5823137324636709 -0.010981387862732176 0.812889984010651 -499.1745429125754
0.8071846613950759 0.04241258772175789 0.5887733815410313 51.63780934502965 -0.038520876580181884 0.9990741234461691 -0.01915823394165672 -10.375386046753952 -0.5890408003491873 -0.007215834186914575 0.8080710780995544 -500.26249190730033
0.8010909203648762 0.046378470938429416 0.596743139669296 46.58100925744273 -0.041179688426974094 0.9989016904612806 -0.022352763915300555 -10.056357210119675 -0.5971244179984713 -0.00666710034490898 0.8021209255486219 -501.320292580829
0.7937381247851683 0.04934816589747625 0.6062545239295785 40.53610271854008 -0.042942430647144474 0.9987628209116233 -0.025075390620528215 -9.613025801838258 -0.6067419030466248 -0.00613074931896985 0.7948752587671528 -502.38390969707683
0.7847182537223568 0.051750242066153994 0.6176885742192658 33.2128474801395 -0.04414329697448493 0.998644250780268 -0.02758676704037239 -9.058381847055962 -0.6182787652888925 -0.005618970511740725 0.7859387988661909 -503.4308584458534
0.7740887660527808 0.05165359869079878 0.6309663128988529 24.666602854014723 -0.04343156591699988 0.9986506505918058 -0.02847063670802269 -8.462316909114115 -0.6315855297209402 -0.005365054972022604 0.7752876465108074 -504.4105969659751
0.7618244715236726 0.04919387435690854 0.6459128713018758 14.96053909233578 -0.04179888718637752 0.9987674028259461 -0.02676804218269737 -8.535075816792853 -0.6464335446259402 -0.006605889650219491 0.7629416980374527 -505.236743536452
0.7472608559453939 0.048588702490734284 0.6627521038533367 3.730686073651972 -0.043180124041638956 0.9987659456818203 -0.024536964646175014 -9.82197923671488 -0.6631264510329126 -0.010282204849441662 0.74843676165988 -505.8278847186193
0.7320711927150648 0.047068580598755676 0.6796001158896022 -7.705655502818158 -0.045491515742613335 0.9987610878739851 -0.020169564799799335 -12.227696242213138 -0.6797075038516066 -0.0161504820111408 0.7333054419125947 -506.1286867844567
0.7163040314541324 0.04658793628233019 0.6962313543036618 -19.28356968583268 -0.0491018428749205 0.9986606426950391 -0.016307352888135746 -14.896129182209602 -0.6960585776706183 -0.022505219947494683 0.717632197944233 -506.1216813587911
0.7009982843140815 0.041947768294045756 0.7119282197833311 -30.319480230555552 -0.04916453357625607 0.9987361586558136 -0.010437146720189345 -17.128366822893906 -0.7114662704773455 -0.027685196921434722 0.7021746761629033 -505.87995658676977
0.6850527508410116 0.03379028884512949 0.7277093822020749 -41.59477203445448 -0.04572671227415979 0.9989484077769293 -0.0033386201542216307 -18.63999580740115 -0.7270569416144509 -0.03098862661849809 0.685877473511516 -505.39060344730063
0.6676712069500167 0.030281766198384318 0.7438401535584203 -53.51957834967369 -0.04392594827863049 0.9990340167311188 -0.0012427718654941782 -18.814913400876048 -0.7431592497424298 -0.03184412112137771 0.6683564030308051 -504.6322769883908
0.6478109071692849 0.0325922495715736 0.761103655109061 -66.78423191845424 -0.04525926826496102 0.998966209020166 -0.004255804506611439 -18.13338198135101 -0.7604555392582978 -0.03169003792586027 0.6486163074635336 -503.4574570635757
0.6269308119499561 0.03444821438507832 0.7783129688971194 -80.3746652567649 -0.046166185052266426 0.9989090714720827 -0.007024976049889305 -17.401320501095327 -0.7777058829567182 -0.0315275666117972 0.6278372178821913 -501.87211675561105
0.603879127821072 0.033258989439724024 0.7963817166431622 -95.01443187712357 -0.0446243806778196 0.9989727416229097 -0.007882013925922297 -16.560026061510527 -0.7958257746713049 -0.030778257193280416 0.6047429497339857 -499.71428648940264
0.5794993004649649 0.028614445398812905 0.8144702414914463 -110.09354058683394 -0.03999836118912217 0.9991776515535815 -0.0066446774228885105 -15.447967841357528 -0.8139905969130116 -0.028726888978587183 0.580167281037815 -497.0200790775066
0.55453134054578 0.025181953558563605 0.8317817391404276 -125.10017795063892 -0.03637797537645324 0.9993200801072721 -0.0060016999179547895 -14.463373857424049 -0.8313673287181846 -0.026930404923976962 0.5550703721426864 -493.868252359017
0.5283282748531352 0.02198284354894602 0.8487555529009589 -140.41854145836163 -0.033373229413151434 0.9994298882953723 -0.0051113540707707055 -13.771229414872096 -0.8483840295227434 -0.025625240904276057 0.528760707200668 -490.11655138802655
0.5017650527641901 0.017699056316624728 0.8648228577171458 -155.5180719759433 -0.030651743711544863 0.9995265537564738 -0.002671880077568063 -13.76730423067248 -0.864460700339808 -0.02516767254253125 0.5020700009229795 -485.9146227833494
0.4747691827794471 0.011984022572472122 0.8800287531018055 -170.43969878272745 -0.026502735892875676 0.9996485060678897 0.0006850594345918348 -13.614021673406967 -0.8797112185672799 -0.02364841472951036 0.4749199136777196 -481.2514535380889
0.44670812229161727 0.008218005386337825 0.8946420054223744 -185.51705411859143 -0.023356574707965434 0.9997241243908312 0.0024790177282323425 -13.19952395543718 -0.8943748229330971 -0.022003170191038 0.44677683087301595 -476.00638256603764
0.41664820060355257 0.007687218241651863 0.9090353038301247 -201.2297685589362 -0.024226573752071483 0.9997029809692897 0.002650087800659451 -13.553595771728286 -0.9087449312420164 -0.02312696514506341 0.4167106831185418 -469.9307475596107
0.38388235882777083 0.006024082606542431 0.9233623584539148 -217.85580042228824 -0.027605370911097108 0.9996066170644471 0.004955261631074162 -15.58136849594745 -0.9229692725533647 -0.027391997914011222 0.38389764309330093 -462.78571899736806
0.3495254693674236 0.004563305349858002 0.9369157499518119 -234.73791921005275 -0.031709732701637634 0.9994728753608604 0.006961628393181278 -17.742744853155884 -0.9363901105391241 -0.03214261442661459 0.34948592707339315 -454.76070241692355
0.3101626381175812 0.002072419107062278 0.9506812520477023 -253.43469353416 -0.03478846565369499 0.9993526151924375 0.00917132299602554 -19.656988965548788 -0.9500467886232781 -0.03591734381994896 0.3100339398187165 -444.9801740139822
0.26899124384408934 0.0005464775321284907 0.9631424671861981 -272.27419758277813 -0.03619671889597549 0.999299126290232 0.00954220816922333 -20.295032790526374 -0.9624622113498147 -0.03742936758597372 0.2688224956467346 -434.14248020036905
0.22598893200866635 -0.0011373546575928033 0.974129205513296 -291.23252838137006 -0.03513454649125966 0.9993391539066155 0.00931767739639468 -19.778376542363556 -0.9734960535371655 -0.036331279823213256 0.22579962766570605 -422.0677568254163
0.17932845837318612 -0.00270355679136796 0.9837855430926866 -310.9229848044474 -0.039019763625172864 0.9991898050961778 0.009858571828502676 -21.356443788284064 -0.9830151382680391 -0.040155001837105644 0.17907767522315546 -408.2398751459726
0.12998879256133397 -0.004042572736746356 0.991507222068561 -330.9038483987668 -0.03828922800330141 0.9992253184485355 0.009093843540211784 -20.761645474341947 -0.9907758822394486 -0.03914614383423695 0.12973330565260235 -392.70059791958926
0.0798909741226865 -0.005832703690792494 0.9967865427569657 -350.2031554876102 -0.03834586120983537 0.9992247107392513 0.008920334978935318 -20.712070171322353 -0.9960657745258618 -0.038935292675358044 0.07960537546221318 -376.1364402612505
0.027859023265729158 -0.00728861045011407 0.9995852894977927 -369.27123514999994 -0.03607404067320306 0.9993147180085202 0.008292042031948717 -19.666925567616545 -0.9989607291641588 -0.03629008858156729 0.02757700234895639 -358.0500586833414
-0.02501891097118856 -0.006657426112874815 0.999664810209586 -387.63688375582666 -0.033852388910960915 0.9994099645042581 0.005808495039067319 -17.95431730429739 -0.9991136421142677 -0.03369571971555782 -0.02522951870356977 -338.7456191896659
-0.07845807451217675 -0.00558749438270259 0.9969017556662066 -405.16678684414904 -0.03135396407917848 0.9995034287586934 0.0031344594649817623 -16.05636001167887 -0.9964242366985879 -0.031010898183369266 -0.07859430458689355 -318.28080596779364
-0.13184145830706115 -0.004544091854554106 0.9912604002484336 -421.6247087117143 -0.029787425564700994 0.9995560637270559 0.0006202779224661545 -14.56013876127045 -0.9908231624006852 -0.029445317041782323 -0.13191828589931748 -296.8653568287773
-0.18428184347290716 -0.00446337138242784 0.9828633071196266 -436.73346564396473 -0.027837337260836564 0.9996122349959811 -0.0006799268827693428 -13.368721498878443 -0.9824791523592006 -0.027485595540973753 -0.1843346337976253 -274.86389451942847
-0.2353187682876003 -0.004248393325671123 0.9719089609864481 -450.4308520520834 -0.0255004129049171 0.9996731831210257 -0.0018044085886466023 -12.102445451300358 -0.9715836588957666 -0.025208691017711275 -0.2353501979261716 -252.57488860449533
-0.28413520814330584 -0.003999425627362645 0.9587758800095106 -462.571791046153 -0.02421836723766808 0.9997021699141371 -0.003007018009101978 -11.186270697750068 -0.9584783013619566 -0.024074386048595575 -0.2841474436884511 -230.3739099932833
-0.33198625787765523 -0.0013715752892669974 0.9432832254215151 -473.5454126473875 -0.02220933036743577 0.9997330941811582 -0.006362864417662272 -9.192071478882244 -0.9430227304922301 -0.0230620723308494 -0.3319281105823753 -207.81262076773697
-0.3782978372433586 0.00209066635397712 0.9256815734642198 -483.2338268298194 -0.019558896975807396 0.999756152622292 -0.010251089842666542 -6.756142023779744 -0.9254772800485634 -0.021983275644658077 -0.3781646991799259 -185.09901746444612
-0.42245328985478225 0.005608433393009647 0.9063673446046848 -491.5859886141674 -0.016622895571540383 0.9997647309236652 -0.013934207690021886 -4.3008476611134565 -0.9062322534724135 -0.020953001598987584 -0.4222606712568716 -162.74031712586563
-0.46340979901161233 0.007376778322819782 0.8861133907811081 -498.4363211123119 -0.014447580371346094 0.9997695423921334 -0.01587858704157541 -2.7750508695106286 -0.8860263120254557 -0.020160487260960924 -0.4631964261001698 -141.2134212641416
-0.5013241729706367 0.007568846434079044 0.8652264363500253 -504.017534208157 -0.013629122011669957 0.999768607025815 -0.016642699265816806 -2.2160514197018895 -0.8651521950665664 -0.02013566411417152 -0.5011050133476846 -120.79142666687181
-0.5344083581084407 0.006838943528406838 0.8451987551074931 -508.24181842224 -0.013001732699776412 0.9997824361355683 -0.016310589861580224 -2.108883371735639 -0.845126417603097 -0.019705563839798677 -0.5342031720451605 -102.47716519735444
-0.5619407218519732 0.005134230362865174 0.8271615711595071 -511.28713894713627 -0.013096420865971544 0.999800171694354 -0.015102994419699926 -2.564504928215866 -0.8270738231167667 -0.019319843646395673 -0.5617611901479971 -87.03052721103292
-0.5839384850907524 0.0025383528266874266 0.8117939408463483 -513.3611242568303 -0.014467205319347233 0.9998037629324461 -0.013532760116434683 -3.6480826615876714 -0.8116689877038329 -0.019646689060713565 -0.5837871718432898 -74.72895580663332
-0.6004609215412053 -0.00043570011494441056 0.7996539825870289 -514.67377411585 -0.016335097113462954 0.9997978675646146 -0.011721288988110402 -4.9737619347442275 -0.7994872396131038 -0.020100601450178085 -0.6003466661164706 -65.65596532387025
-0.613520373006496 -0.0021988213862509567 0.7896758303826207 -515.6192717803376 -0.01672682039291514 0.9998079500107935 -0.010211590216886002 -5.656624979083478 -0.7895017196849626 -0.0194737844222896 -0.613439325715886 -58.764326029675516
-0.6243176184792654 -0.0018966017886874837 0.7811683007892943 -516.3442657101627 -0.015929923757574717 0.9998200175012149 -0.010303889214647036 -5.341835563537809 -0.7810081617918317 -0.01887685104897028 -0.6242354649561483 -53.28362605463698
-0.6332968674737921 -0.00226885098985028 0.7739056337584499 -516.8719642835224 -0.01554582489019566 0.9998312258793635 -0.009790152453008532 -5.382652796164413 -0.7737528061185727 -0.01823107434452592 -0.6332252545120723 -49.06800834117014
-0.6400853085743091 -0.0012028326073182096 0.7683029031189782 -517.185357026127 -0.013638280499801439 0.9998589989179131 -0.00979691726396322 -4.628657843030016 -0.7681827875267319 -0.01674919331152927 -0.6400114604216653 -46.23375976026949
-0.6457996732890946 -0.0022556417058388735 0.7635035651915408 -517.4605372192876 -0.013542675425746678 0.9998721567638904 -0.008500945279116646 -5.0447822859248035 -0.7633867813382752 -0.01582978865369146 -0.6457476595924819 -44.11377698506794
-0.6508560278467708 -0.0036084154616592284 0.7591926042536108 -517.7013955599397 -0.014271767122570157 0.999870153435066 -0.007482842570665699 -5.676996230849202 -0.7590670244969957 -0.015705273241631294 -0.6508230148924383 -42.5283906802822
-0.6547772221087622 -0.0033633515991824915 0.7558144463249911 -517.8705129159159 -0.013337344646487833 0.9998858109600608 -0.007104947467930546 -5.415992113417131 -0.7557042441625649 -0.014732715525711034 -0.6547473119058412 -41.682270216040095
-0.6572101053090512 -0.0028548055256430492 0.7537020150995196 -517.9344253382153 -0.01226179615479667 0.9999009821347917 -0.006904656467703054 -5.041460377490285 -0.7536076736835448 -0.013779550474871739 -0.6571800348108473 -41.91601183398911
-0.6590429948854029 -0.002065717430574733 0.7521024289975241 -517.9996886715247 -0.011379912291135687 0.9999091406911429 -0.0072255074939858496 -4.580872078770321 -0.7520191676338609 -0.013320779774345289 -0.6590066223775589 -42.61913795551084
-0.659262627255641 -0.0020298183269895605 0.751910013327093 -517.9533401736023 -0.011145108519107935 0.9999128790871363 -0.007072537859233133 -4.522574816908815 -0.7518301502733759 -0.013042778585577366 -0.6592278142392662 -44.42955613596059
-0.6595182148966728 -0.002252071419841871 0.7516852083111827 -517.9285583988702 -0.011700783953543898 0.9999051122549538 -0.007270360464253453 -4.636085434416642 -0.7515975092257681 -0.01359024137856357 -0.6594819857015761 -46.278108053045514
-0.6594225369678074 -0.002561547258419998 0.7517681532324869 -517.8599784465499 -0.012288214931873648 0.9998973233182473 -0.007371742995636893 -4.76351073409527 -0.7516720811050048 -0.014098982113916064 -0.6593863064931078 -48.37731340300536
-0.6600119430293159 -0.0022006008323917654 0.7512518834682838 -517.8888602291876 -0.012951688701331513 0.999880420132233 -0.008449804493181582 -4.635636786657419 -0.7511434542205977 -0.015306952412732807 -0.6599615203853808 -50.13482920099165
-0.6601029852750088 -0.0019561399881161488 0.75117256495919 -517.8446476639284 -0.011924140384758095 0.9998978971758897 -0.007874649155270294 -4.419303671916572 -0.7510804642028084 -0.014155166533139446 -0.660058912183839 -52.17765644838099
-0.6593975364664495 -0.0046362724427147055 0.7517801499639469 -517.6972879746271 -0.012031803367797123 0.9999179928336612 -0.004386720326391978 -5.6852772534232825 -0.7516981605735751 -0.01193786351656941 -0.659399243861383 -54.82399528242602
-0.6597154789809582 -0.005086373401019501 0.7514982472358471 -517.6769122440836 -0.010301577975006564 0.9999443482897743 -0.0022754811720320537 -5.705785485482728 -0.7514448511262486 -0.009242787943300117 -0.6597311623584908 -56.839461062221574
-0.6594850113305628 -0.004689413474964845 0.7517030858201846 -517.6035766397107 -0.01009791892413425 0.9999455795267246 -0.0026210719875971542 -5.467886054400305 -0.7516498864921944 -0.009319194505072487 -0.6594964751612002 -59.28693133725006
-0.6598518056392704 -0.004462843686386464 0.7513825108563716 -517.6107314520086 -0.011096685771826898 0.999931187256735 -0.0038058266142270668 -5.388645197139929 -0.7513138213552815 -0.01084913718076719 -0.6598559222004127 -61.232296452491696
-0.6595933099426065 -0.003570844725424116 0.7516142059240922 -517.5503753577852 -0.01189350785083558 0.9999130981271829 -0.005686885325132823 -5.038426223474542 -0.751528582257494 -0.012690360973826136 -0.6595784599184507 -63.786747532490985
-0.6595322692907293 -0.0018556381315196855 0.7516739601525025 -517.5012053513256 -0.010407646118425797 0.9999236372828196 -0.006663370421258414 -4.071229133251965 -0.7516041954822331 -0.012217864388760222 -0.6595012184395745 -66.15938438600077
-0.6602527487662853 0.0006061281459477505 0.7510432346777616 -517.5987230959739 -0.009309518366504926 0.9999162428951712 -0.008991110175543313 -2.803567164375641 -0.7509857792357644 -0.01292825599513488 -0.6601918051464861 -68.14331901826783
-0.6610381094047582 -0.00029382767239929074 0.7503522716563747 -517.6812071578279 -0.011764281946754348 0.9998810689437048 -0.009972443946767925 -3.395298111714399 -0.7502601012881202 -0.015419521175869599 -0.6609629481157372 -70.1067598811468
-0.6615044163163589 -0.00035287317308470983 0.7499411861436046 -517.692257410169 -0.015049533764063894 0.9998047606878224 -0.012804375793040574 -3.696388677426812 -0.7497902498215333 -0.01975641633720093 -0.661380575225848 -72.19289351425535
-0.6617203030307925 -0.0025611223119086472 0.7497464112680631 -517.7059588199493 -0.01923266640484959 0.9997230830727916 -0.013559561733046517 -5.07789118604698 -0.749504066099575 -0.0233922599151081 -0.6615863186888526 -74.53815583039089
-0.66122550532437 -0.005717953500659638 0.7501654058381365 -517.6447985962565 -0.021875769116070233 0.9996926740422021 -0.011662255010593058 -6.75104601674799 -0.7498681763044169 -0.024121825679579253 -0.6611473781932224 -77.38357065393964
-0.6607081147945688 -0.007983976978544782 0.7506004550732785 -517.5845282302389 -0.021903177058715355 0.9997227085609427 -0.008646202768106358 -7.735246956761148 -0.7503232889090818 -0.022153150998869477 -0.6606997805520143 -80.33816462235937
-0.6608053281896261 -0.007661426028878744 0.7505182348133886 -517.6688777320234 -0.019712474119456577 0.9997801222241495 -0.007150214650957359 -7.323984639880264 -0.7502984316925435 -0.019519471218991308 -0.6608110574461059 -83.03092899716901
-0.6610772319231533 -0.007035871843022661 0.7502848725252496 -517.7499060978382 -0.01723460406234848 0.9998345960351498 -0.005809388439667007 -6.711664427103138 -0.7501198983200188 -0.01677131714080371 -0.6610891475933689 -85.52009188787223
-0.6613693850104557 -0.006157011901076668 0.7500350843629529 -517.8637338071699 -0.015393235322154548 0.9998671202599606 -0.005365643425623104 -6.056069707873121 -0.7499023835654934 -0.015094138846060716 -0.6613762787515799 -87.909184934237
-0.6616961963417906 -0.006248593298169258 0.7497460228828163 -517.9973317240106 -0.014562405632542685 0.999883751220518 -0.004518892273396474 -5.931058259199666 -0.7496306291027601 -0.013908239535589955 -0.6617102695168187 -90.38760748095469
-0.6614507401651302 -0.007288842131817401 0.7499531926162983 -517.9166392602906 -0.014926862743419214 0.9998826451733858 -0.0034474120310704764 -6.340689256928193 -0.7498400543473525 -0.013474741609778261 -0.6614819152742645 -93.41773038425865
-0.6614704808145228 -0.01344776488450001 0.7498506255452585 -517.9520297826984 -0.017720336860645735 0.9998403386746973 0.002299308681480156 -9.151764237698398 -0.7497618239631499 -0.011766680860748217 -0.6616031684846831 -95.99516334972944
-0.6612019909127937 -0.013784931111778528 0.7500812641888884 -517.8904472836398 -0.017281872833576465 0.9998457236345842 0.003140987264885635 -9.161254431068109 -0.7500088426707526 -0.010885981989586534 -0.6613382124993236 -99.03624977635154
-0.661537256026415 -0.015165966650121739 0.7497589294864108 -517.9940436475014 -0.016835550255757843 0.9998438511292368 0.0053700657949141755 -9.596693402883158 -0.7497232977149818 -0.009070105546422838 -0.6616892851246342 -101.56739263599836
-0.661469814158759 -0.014582807392110271 0.7498299985232263 -517.9748958356421 -0.015767738273497717 0.9998603570775741 0.005535772253670111 -9.130841316182359 -0.7498060171714517 -0.008161376922471028 -0.661607382471065 -104.44314017184779
-0.6616364842963633 -0.018398184163990666 0.7495990057807014 -517.997096601692 -0.018608254628992238 0.9997939240327562 0.008114328490124828 -11.047108987649558 -0.7495938203504686 -0.008579993394574706 -0.661842495013533 -107.13471584426316
-0.663135835121767 -0.018681183438410638 0.748265913671535 -518.3790233162546 -0.01965961445234385 0.9997783183258983 0.007537490631760374 -11.268762049121571 -0.7482408460762764 -0.009712239225798273 -0.663356094923593 -108.7189138807541
-0.6639651055905778 -0.018976066779945126 0.7475227404217589 -518.5130208552926 -0.019882486991695317 0.9997725224441052 0.007719460912391098 -11.27968182288729 -0.7474991807815702 -0.009737158482633956 -0.6641913598320638 -111.04894235079242
-0.6638723027384035 -0.021620075020094165 0.7475333691635009 -518.4504269942552 -0.02118296093171179 0.9997245812331043 0.010101675329341938 -12.484715418329818 -0.7475458834232016 -0.009128747691735375 -0.6641474370518986 -113.9332405288991
-0.6659017333110308 -0.023030663233583226 0.7456838942369521 -518.9317978225494 -0.022152662817430457 0.9996930519697605 0.011093303091588885 -13.101131272217332 -0.7457104941620856 -0.009131834120586022 -0.6662075266027336 -115.25758599514317
-0.6668062828151384 -0.026087231572558798 0.744774353443469 -519.139621480963 -0.024287229662549727 0.9996169595722793 0.013268934048770182 -14.576934477190033 -0.7448352245118219 -0.009240697178878845 -0.667184455635825 -117.39099272407158
-0.6679766725852649 -0.028448809234717348 0.7436382387525836 -519.4449129838328 -0.026631828721320437 0.9995427859923162 0.014316587221716493 -15.839376036277482 -0.7437055267919394 -0.010241299909944294 -0.6684289081086174 -119.29440010061684
-0.6688440931658005 -0.032205013608935254 0.7427047974368189 -519.705739730018 -0.029497625262118184 0.9994241177218341 0.016772686720666345 -17.780791964514872 -0.7428172515101635 -0.01068971535553053 -0.669408889128688 -121.42239811649193
-0.6694246516112552 -0.03715290903115984 0.7419503333550513 -519.8557048629556 -0.03188067368848498 0.9992652598690142 0.021273529657290978 -20.02549402134392 -0.7421955661820662 -0.009412851291381329 -0.6701172582244457 -123.76404112822605
-0.6693633988419708 -0.03968307811462311 0.741874580776342 -519.9767259025559 -0.03305470634048861 0.9991743483874491 0.02362219111895597 -21.049336303239535 -0.7421994520878257 -0.008710616273556106 -0.6701224503661 -126.68369320127029
-0.6692996553353626 -0.043879459449697227 0.7416957357342479 -520.0964992257859 -0.03712149545577469 0.998982730583483 0.02560270632364334 -23.412914117649105 -0.7420646642598553 -0.010396972365559361 -0.6702476684200684 -129.45953664659106
-0.6697942550608057 -0.04508091399246321 0.7411770146740552 -520.4270898748488 -0.03910964501626754 0.9989116843127052 0.02541422063053015 -24.17743177188214 -0.741516076396353 -0.011964870962942305 -0.6708284060090168 -131.9991363744761
-0.6696565730272475 -0.04717803850837825 0.74117090261552 -520.5826835258498 -0.03993820166113758 0.9988238213996824 0.027493887549956963 -25.014284599709974 -0.7415962609462625 -0.011189570458125325 -0.6707531433124153 -135.0595583499928
-0.6695064470320489 -0.050070455607574144 0.7411167700556858 -520.6550258892948 -0.04012534380304242 0.9987066354169516 0.031225200701343 -25.990047100659112 -0.741721695898947 -0.00883209201726593 -0.6706496253509641 -138.2072760631408
-0.6702661403451421 -0.048579081304402146 0.740529117568274 -521.0952293785317 -0.035096181485063056 0.9988136748087667 0.03375649656251797 -24.313066043754407 -0.7412904688123232 -0.0033639076426167664 -0.6711759269918567 -141.00232184317744
-0.6714398848299948 -0.04569274205601958 0.7396490075589132 -521.6067110138533 -0.02748557799997841 0.9989460586699641 0.03676023489793848 -21.51314007116104 -0.740549136831237 0.0043526073963282425 -0.6719881180105516 -143.59952895016542
-0.6729091424477469 -0.04920070035664638 0.7380871067121099 -522.1445706220436 -0.029320433640906307 0.9987755195495192 0.039846878418488454 -23.2102664394657 -0.7391438278044046 0.005172294752243751 -0.6735277642277628 -145.59208892665015
-0.6740304494715422 -0.05349690115075182 0.7367638934912987 -522.5044898848942 -0.03637564327679176 0.9985679508934605 0.03922830642069885 -26.244684855324916 -0.7378074042467929 -0.00035918756010863695 -0.6750111889612692 -147.5145111382888
-0.6750439981712048 -0.05534634313830175 0.7356985679164068 -522.7952891525644 -0.04209095832046729 0.9984471350611968 0.03649205003494856 -28.15877531460265 -0.7365758289278159 -0.006332518401541613 -0.6763253266365197 -149.51911915543315
-0.6764567430518051 -0.06053036857262124 0.7339907010720277 -523.2310118190529 -0.04608317219135791 0.9981426982390275 0.03984338330132013 -30.878866787949033 -0.7350391935267981 -0.006872294564182067 -0.6779897901494515 -151.3615261465241
-0.6777392219419673 -0.06382240772904604 0.7325273014114656 -523.6219995879577 -0.04737586348791935 0.9979462070036254 0.043114910249834826 -32.46044964187386 -0.7337745393513396 -0.005483447706022725 -0.6793709275506161 -153.42384443525123
-0.6790404443110138 -0.06779370089686731 0.7309638083438926 -523.9833168242059 -0.05066876993358052 0.9976802992165064 0.0454609316741386 -34.746445895453 -0.7323501558293811 -0.006167225791950819 -0.6809002970940109 -155.16104256878174
-0.6818323327587322 -0.06883547670494566 0.7282625537205577 -524.8249567804615 -0.05364941457348052 0.9975871822520317 0.0440630698246757 -35.84916049803333 -0.729538491322225 -0.0090272339758263 -0.6838801786322202 -155.93126915136264
-0.6840100311860069 -0.06891305686730763 0.7262102091200049 -525.4995946204403 -0.055747148104962715 0.99755464254591 0.04215436647923492 -36.39162390138763 -0.7273393518262856 -0.011650138553061002 -0.6861790885451212 -156.9287421920804
-0.6863431538081929 -0.07422204079607299 0.72348058984377 -526.0863980069126 -0.05837516485002971 0.9971913222723612 0.0469234154067318 -38.73340201698691 -0.724931317677306 -0.010027733780218543 -0.6887481609455505 -158.28400859114976
-0.6880653153914928 -0.07546300203892391 0.7217142489091364 -526.5803949492037 -0.05714403656017116 0.9971241052287694 0.049780295874336855 -38.91053000727838 -0.7233952452434391 -0.006989570444602734 -0.6903987724961457 -159.9750059443615
-0.690505294697636 -0.07868202583773923 0.7190351707702483 -527.2651606233405 -0.057480928500087174 0.996891243191631 0.05388684539487443 -40.07966366386737 -0.7210397914493336 -0.0041216571803789 -0.6928813975629514 -161.13583931192716
-0.6933758915667367 -0.07771614447807207 0.716372859537194 -528.2220991896373 -0.05743700479325106 0.9969644467165619 0.05256312836503696 -39.73684709710515 -0.7182832752294966 -0.004700305373348448 -0.6957348946653347 -161.85218553826445
-0.695520640011368 -0.0830145309165406 0.7136943512280894 -528.770798717044 -0.06274153241944547 0.9965259110440056 0.054768683821819285 -42.77290825624839 -0.715761510160917 -0.006685527250820264 -0.6983127983200236 -162.82146704648233
-0.6974059779476809 -0.08393159573867702 0.7117446095051218 -529.3353050133863 -0.06728061317030544 0.9964002385000019 0.051574061392990235 -44.317456017535065 -0.7135111919334319 -0.011918555025652096 -0.7005424519840564 -163.98332215649611
-0.7004003938879576 -0.08366749869688263 0.708829343286098 -530.3539048561034 -0.0685434937584971 0.996400266317776 0.04988285021171379 -44.59427652869819 -0.7104513197292076 -0.01364767173083192 -0.7036140016737549 -164.33579722984516
-0.7031989280165403 -0.08518203777439382 0.7058720054492814 -531.3257858811987 -0.07022679012487595 0.9962638540255533 0.05026461091969435 -45.512037782323674 -0.707516406583724 -0.014225104665814416 -0.7065537352615875 -164.90912759918484
-0.7049654269038256 -0.0875666891930142 0.7038151900989926 -531.9722999431032 -0.07306575581582657 0.9960356286197007 0.05073876079703858 -47.054551366462206 -0.7054680305990975 -0.015655716653387167 -0.7085688084714848 -166.03361126021247
-0.7062894809738135 -0.09272071173308231 0.7018247920111201 -532.4005697728232 -0.0794659205702108 0.9955038619092454 0.05154831124011307 -50.61857701307683 -0.7034488869375445 -0.019363123185304313 -0.7104820426491022 -167.30928036878595
-0.7017025175000754 -0.09209325617934969 0.7064930354223891 -530.8532132917283 -0.07418337633812724 0.9956650063586564 0.0561072347197069 -48.7290059502427 -0.7085974905467365 -0.013039450874218986 -0.705492430229954 -170.2597619789674
-0.7024782977048852 -0.08529047309040105 0.7065760938877442 -531.2837074588724 -0.06989473530293705 0.9962616346673283 0.05076890058801094 -45.24408388220255 -0.7082647578628906 -0.013721898192252616 -0.7058135322303069 -171.7561287565082
-0.702019696962725 -0.08756648755100926 0.7067534614944185 -531.115956265502 -0.07141963318461236 0.9960652823891839 0.052470841566818895 -46.362015719844806 -0.7085672734978231 -0.013640508675769082 -0.7055114141181043 -173.387652541848
-0.7024814270272335 -0.08507245516037212 0.706599265535118 -531.3330587145064 -0.0713355261643959 0.9962468353635593 0.049025358080709736 -45.489442757935095 -0.7081179897366191 -0.015966226889265245 -0.7059135869285207 -174.23637816988236
-0.7038615974505034 -0.08261387127150499 0.705516690027926 -531.8832313492052 -0.06910116208442876 0.996466519502198 0.04774416100171028 -43.94678255748087 -0.7069680905337999 -0.01514674171929158 -0.7070832307319146 -174.87928444333983
-0.7041127518353233 -0.07904905286512535 0.7056744858247426 -532.1049308230864 -0.06593150154423892 0.9967691955731242 0.04587164549729625 -41.875474289259195 -0.7070206997019326 -0.014227367909568325 -0.7070497239907214 -176.37002336355755
-0.7056831464682762 -0.07645698099241152 0.7043902518122743 -532.6745338916799 -0.06267060194487448 0.996999654567315 0.0454321961225877 -39.99655150788937 -0.7057504462928098 -0.012083825974425446 -0.7083574582845298 -176.89898825700254
-0.7058633803657745 -0.07687792556384682 0.7041638110692722 -532.7747844185603 -0.06451815759431043 0.9969386077301069 0.04416808528555423 -40.54822124865482 -0.7054036401942066 -0.014254717750832407 -0.7086624777865739 -177.98734909116288
-0.7074597424746881 -0.07605773436708146 0.7026492253042016 -533.3296137921521 -0.06737934178254612 0.9969224548395033 0.04007047962940272 -40.98423126103937 -0.7035344604769542 -0.01899579110555856 -0.7104072232471143 -178.00427910385795
-0.7077818108856769 -0.0754258801122962 0.7023929418699175 -533.5146540646539 -0.06820445066509917 0.9969348882140263 0.038327295380162864 -40.93531690244295 -0.7031308989717802 -0.02077896222075875 -0.7107567612342245 -179.17166083935416
-0.7067886098439166 -0.07774416813255768 0.7031398902894647 -533.2149259485187 -0.0684688820166983 0.9967943630610375 0.04138852455842494 -41.7458190298596 -0.7041035954959237 -0.01889026445332359 -0.7098459584435176 -181.24060174573492
-0.7076000664093127 -0.078704869422436 0.702216269782133 -533.4792510085302 -0.06864781637150787 0.9967335595533445 0.04254043450109854 -42.11474459680565 -0.7032706614988 -0.018103999263030773 -0.7106916503559925 -181.96392061970698
-0.7089388480046315 -0.07914287901817783 0.7008153212441777 -533.9115540122702 -0.06862504238716195 0.9967094612698305 0.043137609722425786 -42.19512228169766 -0.7019232959143229 -0.017511553783664292 -0.712037240695215 -182.28285085362225
-0.7081555548003902 -0.07908080448314081 0.701613808706507 -533.6542405026754 -0.06914117695432268 0.9966988443507768 0.04255480371471048 -42.28422149282104 -0.7026629404307038 -0.01837498386736039 -0.711285562986591 -184.1153431160103
-0.7091422689460651 -0.07888409709528069 0.7006386669457296 -533.9950989629792 -0.06887602905202428 0.9967192211320042 0.04250749166955242 -42.10505469741874 -0.7016931915132507 -0.018113350089773238 -0.7122489533389811 -184.67272631384944
-0.7090305920573784 -0.07952456259915497 0.7006792871707973 -533.9468684795806 -0.06911543457166117 0.9966737552780923 0.04317965080723825 -42.34825772116727 -0.7017824992337255 -0.01781206005148444 -0.7121685574960386 -185.9354541661008
-0.7084420022230778 -0.08113942287355651 0.7010893834183362 -533.7282121285708 -0.07080701385969494 0.9965287262823918 0.04378201094361535 -43.37227546984796 -0.7022081573681905 -0.018625030194339545 -0.7117280463602866 -187.51762207023577
-0.7094808144852349 -0.08152183977020445 0.6999936881985785 -534.0630418046345 -0.07113125031693869 0.9964979023107825 0.043957660521905494 -43.54051698365541 -0.7011257512784114 -0.01860430946558326 -0.7127948937552738 -187.96498375092528
-0.7096268362537009 -0.0813770667201053 0.6998625052684239 -534.1139951256531 -0.0701903812908724 0.9965314686462616 0.04470282286351276 -43.20284942591986 -0.7010727948243357 -0.017401293335731698 -0.7128773606641179 -189.10826397690425
-0.7097743848718668 -0.0816612262904323 0.6996797601049395 -534.1475773603206 -0.0693774406949386 0.996532627369417 0.045929220664263276 -43.06801326122107 -0.7010043461365866 -0.015942606717507607 -0.7129787794799138 -190.1981087203662
-0.710056700560996 -0.08174071781322381 0.6993839696760366 -534.2368953043689 -0.06756137271058027 0.9965655121209063 0.04788153055885934 -42.55718944853715 -0.7008958145872283 -0.013252739436653692 -0.7131405345312591 -191.29237243274156
-0.7107497894255308 -0.08017135438954218 0.6988614245806604 -534.4965558721815 -0.0654019745822243 0.9967122514783455 0.04782540615314998 -41.40970602212138 -0.7003979715506818 -0.011715019774379585 -0.7136563877380879 -192.0378195894707
-0.7111800439609305 -0.07894304314691857 0.6985634838799066 -534.647565323188 -0.06347233905467443 0.9968271362985223 0.04803043320454349 -40.41994308057143 -0.7001387057195576 -0.010181172702170262 -0.7139342662148604 -192.99580935885535
-0.7123964155178883 -0.07670585454829949 0.6975726191840382 -535.0754355547859 -0.06136048305034432 0.9970099840765525 0.04696789085642579 -39.049937859366125 -0.6990895781493903 -0.009343635785273332 -0.714973047179556 -193.29533656755913
-0.7126052418828303 -0.0759847783226054 0.6974382285940293 -535.1368639469468 -0.06062742593728755 0.9970682035606901 0.04668310907037368 -38.55928595148946 -0.6989406873729211 -0.009017256318981353 -0.7151227898921598 -194.2454788293097
-0.7137052968318168 -0.07648209970758718 0.6962580252309677 -535.4486575924933 -0.0610022651849115 0.9970309096433191 0.046990306001604795 -38.81978344249623 -0.6977846895113978 -0.008936086399169055 -0.7162518226457428 -194.4435034848177
-0.7146281246029706 -0.07499694108952225 0.695472574839336 -535.7429660539764 -0.060079425731418876 0.9971426216867263 0.04579360893732046 -38.037648386135864 -0.6969197271782626 -0.0090581920346194 -0.7170919348499465 -194.8135317287289
-0.7172012722540863 -0.07309996668363451 0.6930214498469521 -536.5260085291363 -0.05954102362571465 0.9972743651617124 0.04357415629596994 -37.204786149756075 -0.6943177958130716 -0.010011766185596356 -0.7195988903237155 -193.89391529079685
-0.7211168823863293 -0.07010107297260368 0.6892577758034439 -537.7058629337924 -0.05824310118354294 0.9974800182323088 0.04051363217234466 -35.79487606610968 -0.6903609078604789 -0.010929446251396076 -0.7233825848765598 -191.92009955015791
-0.7259697604246388 -0.06769180670560221 0.6843871172471937 -539.0880029023432 -0.056808511197298676 0.9976457438683283 0.038415658226252335 -34.53276905904889 -0.6853763199910973 -0.010990407014356952 -0.7281061124239514 -189.19550023788037
-0.7334725896484858 -0.06536837295753228 0.6765685006348056 -541.1967714732971 -0.0550331562759725 0.9978082155749444 0.03674393339654464 -33.1974526612003 -0.6774874994748231 -0.010283032044600578 -0.7354624037347669 -184.28915943613805
-0.7417645982743856 -0.06343904960541631 0.6676531792270601 -543.4686608530857 -0.05310981804105756 0.9979461122436762 0.035817653264518357 -31.956264213170606 -0.6685541324189725 -0.008890671678396073 -0.7436103334291568 -178.67002372275525
-0.7511587658624214 -0.061567369074128166 0.6572442221376571 -545.982394026733 -0.05091217575564084 0.998078803326896 0.03530796948817138 -30.652962727305525 -0.6581553455134059 -0.00693984256600901 -0.7528501708555881 -171.9716107246311
-0.762413790721426 -0.059466091144660005 0.6443516087678846 -548.9093601166013 -0.048989469253204035 0.99821504174737 0.03415790291552176 -29.36777628675809 -0.6452327050143035 -0.005523987081069437 -0.7639661261774983 -163.53093828175412
-0.7755523964535995 -0.05574209682000372 0.6288173812778939 -552.2326665186234 -0.045711002248326554 0.9984378717031104 0.032129746690826674 -27.150516798810685 -0.6296260673038658 -0.0038255706858628877 -0.7768889112224444 -153.2496411295022
-0.790084362513597 -0.052875547940150085 0.6107134160484049 -555.715152997013 -0.043252168346621135 0.9985984269672722 0.030502976769580296 -25.469883323901268 -0.6114703182042434 -0.002314754526704767 -0.791263983678445 -141.2546133848984
-0.8061264661699066 -0.05226552494581597 0.5894306027367063 -559.2902903257204 -0.04193153503492721 0.9986331274545434 0.031202934476959383 -24.918160397757312 -0.5902557639786615 0.000437781334729952 -0.8072161677255169 -127.29124257664954
-0.8228679268577573 -0.055077543473775324 0.5655571051217648 -562.6528883610781 -0.043171073703982744 0.9984744177044745 0.03442521728262823 -26.291359615452812 -0.5665903576165604 0.003911699707961307 -0.8239903308057279 -111.81885699085858
-0.8400031329022852 -0.058734553792429436 0.5393931672770336 -565.7394809172097 -0.044881863043747985 0.9982384133345933 0.03880320235439813 -28.163858726800278 -0.5407220682421496 0.008385841283874495 -0.8411595107837121 -95.07041586789884
-0.8572926731454991 -0.06260498548003637 0.5110086969554326 -568.3899411534177 -0.04722338300254543 0.9979567525950938 0.043038030248264594 -30.329498165354888 -0.5126589750202757 0.012764628584493542 -0.8584974313230416 -77.10577502904789
-0.8759007422127002 -0.06502022511232061 0.4780902217339151 -570.7658556922964 -0.04895007795567634 0.997740837397523 0.04601207729958322 -31.90232756663498 -0.48000185380826826 0.016899459033731343 -0.8771046851003551 -56.41491658499892
-0.8951972438999023 -0.06426489539609367 0.4410123782092152 -572.6003347466577 -0.047712843376123484 0.9976813471219774 0.04853260946870855 -31.800100817883507 -0.4431087666600428 0.022404303707230178 -0.8961878531225526 -33.36660402640673
-0.9140809687491259 -0.068666757589256 0.3996759424494271 -573.2876468407288 -0.05209544184392181 0.9972772636633938 0.052193144369164925 -34.9281782500302 -0.40217166423027123 0.026887465150740496 -0.9151693923575142 -8.192128688184837
-0.9309818222727012 -0.07573134537451585 0.3571240819737118 -572.6593522094156 -0.05982758727207492 0.9966708052218968 0.055389221149407114 -39.708983076840596 -0.3601298465817613 0.030200485858698792 -0.9324132261261074 17.189356983361776
-0.946147596011328 -0.08665386766930962 0.3119228009939873 -570.6202735373593 -0.0717913957798484 0.9956824270685805 0.058843010789744236 -46.782083154575176 -0.3156750260219614 0.03328079994186691 -0.948283536871364 43.54466057706294
-0.958972623816488 -0.09394486418827767 0.2674805960498197 -567.4916202636086 -0.0810436510305431 0.9949689290291355 0.05889615347588167 -51.705078799089776 -0.27166787332726766 0.03480219474776155 -0.9617615992763376 69.14467032567246
-0.9702920818955865 -0.09958419863392705 0.22049095943636118 -563.0514269129274 -0.08888565685118995 0.9943547600647805 0.057947831216054756 -55.62453095595374 -0.22501692340102117 0.03662783803270978 -0.9736661571936186 95.81039395275221
-0.9801092840453239 -0.0994047206676394 0.17176871902983695 -557.4464291805265 -0.09084541631382269 0.9942317302227296 0.05701207725635478 -56.44844889345021 -0.1764451803335266 0.040273665431705005 -0.9834862125163547 122.99532812906253
-0.9875561369899813 -0.0987557190332736 0.122393562950207 -550.4783182074946 -0.09217457093953654 0.9940330839533321 0.0583273218855496 -57.42404701442135 -0.12742340744752317 0.04631993053156807 -0.9907662384589078 149.88604294457406
-0.9926221666957289 -0.0969142710012444 0.07286191227640144 -542.2440213850294 -0.09257488222819775 0.9938506954322179 0.060751019492130465 -58.157149203839026 -0.07830150295308501 0.05355762564934387 -0.9954900578961564 176.26967608361892
-0.9945050641312135 -0.10230897879540046 0.02219347370767309 -532.1239112845251 -0.10067520011106423 0.9927775690788312 0.06524724068130121 -63.4216308544303 -0.02870856144024028 0.06265437887146254 -0.9976222969181588 202.343996854083
-0.9936087007532712 -0.10906775157824268 -0.029085655451839217 -520.4388368625528 -0.11088773803377915 0.9913077316566244 0.07080177053964702 -70.03204171164947 0.021110645209190915 0.07357449777921422 -0.997066263562953 227.90021546898635
-0.9909696506369198 -0.10757396631788237 -0.08004369611143784 -507.91713141385367 -0.11361470430934308 0.9906763128053322 0.07518073031790076 -72.39589312234811 0.07120990437601805 0.08359596292328653 -0.993952143969561 253.0999895916377
-0.986395116400462 -0.09900527638241864 -0.13123501662955633 -494.33909779079795 -0.10958025504580045 0.9910715517283806 0.07595621803905651 -70.3947620589437 0.12254322521223421 0.08930360912718067 -0.9884371620651681 278.43358670134813
-0.9795938521065372 -0.08639188028238498 -0.18147266443282825 -479.8169722543535 -0.10160675591518589 0.9918963735233789 0.07627352976990909 -66.2196890230816 0.17341266409195052 0.0931559295613727 -0.9804335881231777 302.9549268664059
-0.9697399152667985 -0.07833646998710629 -0.23123125698811053 -463.8307497479841 -0.0980686229309826 0.9923422719436853 0.07509567570815971 -64.07525394470153 0.2235778207577021 0.09549980514955793 -0.9699962604472417 326.57277285514016
-0.9573233381650457 -0.07115317576683972 -0.28012363660146 -446.7225867959229 -0.09580660236012126 0.9925472750417692 0.07530605388259363 -62.89773108066875 0.2726776872953547 0.09892993675046853 -0.9570056146469597 349.0532736710972
-0.9423860302842811 -0.068168894895937 -0.32750812462242934 -428.6213010440607 -0.09705232835380503 0.9926239385855021 0.07265371365670611 -62.985186298653865 0.32013968121140374 0.10025327084774904 -0.9420508830196959 370.28242359459927
-0.9252171445793175 -0.060486283908578034 -0.37458596454675824 -409.43534788632735 -0.09451495758747429 0.9928336739173088 0.0731315166538756 -61.728167337423606 0.3674781056998257 0.10306650956925359 -0.9243035953822092 390.83522006250394
-0.9055870029755105 -0.0507229273256837 -0.42111680646270355 -389.1159553256902 -0.09046134323145077 0.9930781420142079 0.0749169489125839 -59.97710874123579 0.4144018887777834 0.10593860720777133 -0.9039071224856474 410.58947510840886
-0.8853749095413723 -0.04331204304886515 -0.46285563244011635 -369.5327293964107 -0.08846862452386237 0.9931529366032412 0.07629250940435844 -59.20466207541295 0.45638204612962446 0.10849567476766767 -0.8831444482796944 427.6495981506556
-0.8637880675537767 -0.04270590615986797 -0.5020422093119029 -349.8115271696724 -0.09357772630332431 0.9926636146617391 0.07656472599435239 -61.948077644955994 0.4950892682048482 0.11311566516515158 -0.8614473070377742 442.76934771575577
-0.8398977393718464 -0.04018348822850808 -0.5412550920516604 -329.12791732334927 -0.09835066130301605 0.9920136967781771 0.07896817603158021 -65.0102318635854 0.5337592479941883 0.11955798876814785 -0.8371421339906349 456.9718587332988
-0.820632435725647 -0.03587128979079353 -0.570329427615073 -312.672281847702 -0.10028431802680161 0.9915797824818084 0.08193040053135726 -66.63483907200124 0.5625881806373922 0.12442984184701926 -0.8173198599477653 467.49461206983983
-0.8012324852227546 -0.026799234801969822 -0.5977527127816297 -296.7364206041057 -0.09833866756431806 0.991310220355666 0.08737020933977423 -66.7350520766777 0.5902169186709604 0.12878605527164158 -0.7969053525244555 476.9037175858496
-0.7832439202152552 -0.02432690222011334 -0.621238410977792 -282.3491286727781 -0.10012028211175855 0.9911276351915501 0.08741818958012794 -67.6766899979048 0.6135999434124002 0.1306683304706169 -0.7787303107342881 484.63349453810474
-0.7665139556518663 -0.022040546718499116 -0.6418493359747897 -269.2783522111815 -0.1021064639161261 0.9908812713506572 0.08791232059870932 -68.81939814313348 0.6340588504369871 0.1329229866759511 -0.7617748051725466 491.0020406533642
-0.7527919913847124 -0.021817447201454225 -0.6578968131133109 -258.714820251106 -0.10400170362624642 0.9908394444755965 0.08614430285358299 -69.44091557654002 0.6499906640482442 0.1332711306656591 -0.7481650502270334 495.77999146061296
-0.7414217736156861 -0.020063511877765533 -0.6707393003989712 -250.08926286620053 -0.10436735044346901 0.9908371793688158 0.08572712605622793 -69.52487529215529 0.6628734492872532 0.13356324146853066 -0.736722234467264 499.2950806624455
-0.7322558910999477 -0.019308380981275283 -0.6807558272782566 -243.2028900342446 -0.10502507055721164 0.9908417299405468 0.08486695919424449 -69.65355042283043 0.6728826379866508 0.13364075962185626 -0.7275775579715327 501.80342803545204
-0.724945215799575 -0.019932534208902522 -0.6885180666978306 -237.75979195181577 -0.10646529108591284 0.9908113988807451 0.08341410936989374 -70.0727360739073 0.6805288942310233 0.13377393590678147 -0.7204061064349114 503.4988030940715
-0.718485829031733 -0.02071955800247171 -0.6952329202481463 -233.0190831502003 -0.10664607353911215 0.9910184775359242 0.08067832534869229 -69.58696810276408 0.687317050915568 0.1321100946126426 -0.7142423919245938 504.86951167518
-0.7137755718059487 -0.01942483343141411 -0.7001050699282592 -229.5508072555027 -0.10546792883782799 0.9911974376450898 0.08002596823823971 -68.82784472006918 0.6923878602920113 0.13095921293277046 -0.709541214777746 505.6484132131177
-0.709964705618946 -0.016560599622821498 -0.704042515275559 -226.77115838963118 -0.10361038083516058 0.9913007775039738 0.08116438568244858 -68.0826320866958 0.696573761893596 0.13056996231962725 -0.7055044147142204 506.09913681598164
-0.7072413700370286 -0.011863294723919747 -0.7068726241314203 -224.78101596512252 -0.10102458580020207 0.991294011357488 0.08444060700088807 -67.3610937510091 0.6997168552865112 0.13113140464844505 -0.7022826191376812 506.1090898124835
-0.7046672829259706 -0.013865257871995135 -0.7094024069580488 -222.94179712377993 -0.10206696600229716 0.9913913781785278 0.08200896124427526 -67.38625618346737 0.7021583545218385 0.13019558324851963 -0.7000162535811306 505.9744243978422
-0.702585507389282 -0.017827880527043635 -0.7113759705545716 -221.45183357968267 -0.1044830968348603 0.9914359609901314 0.0783455023046799 -67.87982821665196 0.7038869847371397 0.1293711789058477 -0.6984312498636991 505.57226502293844
-0.7007939325928231 -0.02033766920810568 -0.7130737993028964 -220.2020769304517 -0.10696072474848164 0.9912891027970604 0.07684606715426948 -68.84359303639498 0.7052994168453319 0.13012414797792382 -0.696864720523757 504.9790158585831
-0.7012973091446926 -0.01843856281623356 -0.7126304116354321 -220.5154965664244 -0.10609465993647524 0.9912319271155954 0.07876033138367895 -68.7857917860139 0.7049297889289239 0.13084068964956985 -0.6971045162761805 503.8397013268789
-0.7025428493805707 -0.013884210647508416 -0.7115059897702369 -221.3696894764248 -0.10330161714574272 0.9912095811590372 0.0826579827578711 -68.0909166539326 0.7041039132679943 0.1315704940829126 -0.6978014648934717 502.5339700418081
-0.7030639657865514 -0.013698298574683354 -0.7109946670887524 -221.7586100860806 -0.10243358204797393 0.9913384489689427 0.08219148900386322 -67.52932312585381 0.7037104669402807 0.13061560477986542 -0.698377507159761 501.36631121920874
-0.7037537522953469 -0.019445620104177136 -0.7101778115296082 -222.24161810450238 -0.10378869833422487 0.9917147351148569 0.07569537802373483 -66.92765905404875 0.7028218566808426 0.12697933696012462 -0.699941201642581 500.1394883596202
-0.7039691685642782 -0.021906086513643265 -0.7098926208128774 -222.40050807192554 -0.10071867203227025 0.9925018904351982 0.06925132913247461 -64.0826065724464 0.7030527425556171 0.12025024264514031 -0.7008970825512187 499.34087687998266
-0.7040139613248786 -0.02208472404653048 -0.7098426637103752 -222.4683349022787 -0.0972941462995861 0.9930915096915468 0.06559803712305817 -61.61508274886984 0.703490007999749 0.11524546994286577 -0.7012990020684194 498.47200865937737
-0.7053591743267041 -0.02087829314230566 -0.7085425407613959 -223.38858577365687 -0.0966123640036158 0.993070140907779 0.06691596490402466 -61.51523792503815 0.7022353496619087 0.1156537596140643 -0.7024882358960535 496.91819786090184
-0.7058890090416151 -0.023427672820600896 -0.7079349200741955 -223.79539295046928 -0.10031505036291838 0.9926855061124732 0.06717422589734735 -63.44530244467512 0.7011829986422459 0.11843407491272763 -0.7030759363785924 495.26666282723573
-0.7055808480080692 -0.031047744563954774 -0.7079489420019676 -223.64620765804517 -0.10731796994269509 0.9921983451488748 0.06344523001149635 -66.3101696453777 0.7004559374090511 0.12074138247230856 -0.7034081306802494 493.7060090415514
-0.7049837366515295 -0.03381130989321668 -0.708417056810571 -223.2796788669842 -0.11049267584135944 0.9919025381889193 0.06261567950439013 -67.75683625994247 0.7005635586028316 0.12241793192863988 -0.7030110598703635 492.411301193285
-0.7052019531248284 -0.03754220255094225 -0.7080118560706108 -223.43857311944384 -0.11342399678120547 0.9917097418187304 0.06038861594708216 -68.85759803537574 0.699875133336729 0.12289170439639577 -0.7036138335247855 490.91194038740673
-0.7056281083201156 -0.041671596313392074 -0.7073559576403307 -223.79995301222823 -0.11777623281147695 0.9912805245037963 0.059090445287004 -70.86047779828796 0.698725791518613 0.1250055990752947 -0.7043833249492173 489.1201717651087
-0.7066331595711903 -0.04371882069751426 -0.7062281802018772 -224.52492175784332 -0.12148948902006593 0.9907638988831157 0.060226246168680546 -72.99498788716826 0.6970723648604066 0.12835716336358413 -0.7054180014439483 487.1568575781634
-0.7064833901990066 -0.048144189689623446 -0.7060901899701252 -224.48325088228665 -0.125586018954215 0.990378367189929 0.058127804409257654 -74.68400182522012 0.6964979333897191 0.12974138430485055 -0.7057321035509944 485.56277408811934
-0.7065491938802788 -0.0561024867390347 -0.7054365652621252 -224.5633819180351 -0.12933902644459558 0.9902990563125853 0.050785778568086325 -75.2237841562799 0.6957439563988267 0.1271231294772864 -0.7069512409540057 484.1575224736684
-0.7069432906567811 -0.05561660678380402 -0.7050801208694071 -224.82857280631669 -0.12667658237682644 0.9907399034383452 0.048861919858970246 -73.51500261964257 0.6958334766829555 0.12385974642648455 -0.7074422491924538 482.95409620618744
-0.7070012197054727 -0.054596881962041675 -0.7051017343724213 -224.89485843361396 -0.12627979863109617 0.9907385192159442 0.04990590144950572 -73.52482408639517 0.6958467415980789 0.12432363822628772 -0.7073478247549189 481.5534966886162
-0.7079830757880281 -0.05390871905080861 -0.7041688820219367 -225.57787006246966 -0.12930218058422788 0.9901227535301746 0.05420220510263968 -75.83542695843663 0.6942916609710121 0.1294248158280547 -0.7079606673777769 479.5017232488966
-0.7088416298289404 -0.05527771138636076 -0.7031983492908226 -226.19714362681523 -0.13102072279911497 0.989893771608776 0.05425763658094863 -76.75980716103325 0.69309242819313 0.13059362753993406 -0.7089204401252033 477.73236124282437
-0.7090340635912568 -0.05650349909980741 -0.7029068581659647 -226.33046149744087 -0.13126951071239729 0.989937648724259 0.052837176264570365 -76.64417499102875 0.6928484771034699 0.12973359714339044 -0.7093167004573057 476.3856437329029
-0.7093545229079303 -0.055125076277040816 -0.7026929534266819 -226.57658498399877 -0.12760025780347045 0.9905081160302346 0.05110622551825837 -74.49181913107316 0.6932058388664586 0.12591623423405596 -0.7096553860274464 475.25608126243685
-0.7095981794637635 -0.05447768774507479 -0.7024974058597389 -226.8029787494741 -0.12369345040132719 0.9911549537675919 0.04808105603849313 -72.0168932983346 0.6936644390694444 0.12101255786038254 -0.7100602839270483 474.1208504957348
-0.709520890859798 -0.05963681634865673 -0.702156361196931 -226.8984041915786 -0.12477516043208334 0.9913003966159017 0.041888936585968824 -71.50347339171041 0.6935497565226783 0.11733274822040113 -0.7107895338441482 472.70441997457857
-0.7093523748226225 -0.06459517840295503 -0.701887933548224 -226.9560725748008 -0.12708674914308996 0.9911931018749542 0.03721818087638038 -71.85924702593333 0.6933023629887229 0.1156014607286433 -0.7113143719563502 471.11330844742776
-0.7092235273920379 -0.06923211148301497 -0.7015760136529745 -227.04831186126864 -0.13137656992755142 0.9907129237383194 0.03504425219550188 -73.64061420861202 0.6926342361359756 0.11702485837408279 -0.7117323917420503 469.3251467945047
-0.7082474433567221 -0.06503022060715165 -0.7029627510661228 -226.56997741901017 -0.13308035698041515 0.9901944964992844 0.042479144159139254 -75.57030633008998 0.6933074192337999 0.12363627910250635 -0.7099569655444301 467.7277874311877
-0.7094124308658459 -0.07712825071005594 -0.7005606582412532 -227.43999200688933 -0.1405628871678729 0.9895082527063488 0.033398990659307175 -77.90752612782434 0.6906345471260781 0.12216648791070084 -0.7128108245162397 465.6468025365133
-0.7083363973290274 -0.06890832994321275 -0.702503516207123 -226.93049195573462 -0.1367100586028134 0.9897722389345891 0.04075874030469317 -77.179693564957 0.6925098613707602 0.12491019613645404 -0.710512163727971 464.32522802961046
-0.7074911564211148 -0.06883754851931809 -0.7033616818534857 -226.63419604256427 -0.1370518162969222 0.9897152716152291 0.04099366757571883 -77.33993181516864 0.6933058944186384 0.12539965329076624 -0.7096491130966961 462.8473065675413
-0.7048981455555142 -0.06390904329642808 -0.7064235546591948 -225.270912915747 -0.13695624455882416 0.9894545127846178 0.047146094286779475 -78.17829961719154 0.6959609123138601 0.12998231154695483 -0.7062173937366382 461.3796016057414
-0.7042697516665201 -0.06628458274572985 -0.7068312889069093 -225.00648602489272 -0.14188119179230146 0.9886874270397894 0.04865078652023472 -80.87808659550561 0.6956104112958448 0.13454934300718743 -0.7057071843145426 459.4492774010046
-0.716694250073133 -0.059575200487967016 -0.6948382167087012 -231.58732003097833 -0.14399642252635664 0.9875157586762197 0.06385653189565399 -83.88588363371903 0.6823594230401749 0.14581982667987314 -0.7163254818414122 453.4003013194708
-0.7205369955546879 -0.059993373358431266 -0.6908163527234279 -233.672911968151 -0.144077963472657 0.9874606499127039 0.06452135549996038 -83.75486789729757 0.6782831108604985 0.14602143687505756 -0.7201456529719166 450.2675843442148
-0.719376590127185 -0.06419926420110678 -0.6916471470721329 -233.0997930493644 -0.14191757870564312 0.9883003942952647 0.055872457348431784 -81.24846768765137 0.6799681775137066 0.13835022628048438 -0.7200711717995847 449.4139269358449
-0.7268956325458515 -0.06471094684338291 -0.6836923524103508 -237.1875648640227 -0.13313875081841878 0.9899414100760815 0.047854755741636626 -75.89481324724879 0.6737186448483353 0.12581135868916443 -0.7281996220875901 446.131402387127
-0.7307311157913936 -0.06529313200463349 -0.6795357557386443 -239.31478726200703 -0.13124958701914433 0.9902821716003701 0.04598659062988258 -74.63275692882065 0.669929535340523 0.12279261998785532 -0.732199692812657 443.1509205514649
-0.7347338758967881 -0.06660117098774124 -0.6750780811378374 -241.56771193920852 -0.13400008628010052 0.9898089244757388 0.04818993572424847 -76.22017956542994 0.6649888032791293 0.12586729937216912 -0.7361707101360037 439.5450035967091
-0.7401631126372209 -0.06673292905757479 -0.6691078260419446 -244.54261614373763 -0.13509874340653588 0.9895313167363703 0.05075532216389466 -77.12127640116059 0.658716096828638 0.1279628437374789 -0.7414301143071153 435.59787109784264
-0.7476664409856875 -0.0698374141501652 -0.6603920264574776 -248.68424045472972 -0.13610547596978032 0.989459156036544 0.049455818125772856 -77.49673613611708 0.649977070699294 0.1268594266117748 -0.7492906601879518 431.0584392932245
-0.756069417813 -0.07420805158225868 -0.6502708670456306 -253.47880268514166 -0.1385765950508223 0.9891761651163128 0.04823942028989849 -78.38740307544532 0.6396526891618856 0.1265846730301496 -0.7581693463876118 425.83520158652266
-0.7554129829269712 -0.0778254088816035 -0.6506108137418151 -253.66924989678637 -0.14566300088307008 0.9880219352601115 0.05094060873804465 -81.66178394519991 0.6388532815906279 0.133251120735531 -0.7577008799147661 423.54582760652187
-0.7636695599974928 -0.08112442230305826 -0.6404901492132653 -258.8690633843486 -0.14667238610949496 0.9879333239185735 0.04974895621162199 -81.92013362534392 0.6287257067165164 0.1319339819652 -0.7663533193747015 418.46789006395477
-0.7736641339181364 -0.08370016323797419 -0.6280430642580462 -265.2583170410469 -0.14568442808236173 0.9881772549267396 0.04776777428108302 -81.22119662176715 0.6166197007094528 0.12845230834589855 -0.7767111105022222 412.63098173282333
-0.7827552128210887 -0.08329263523059757 -0.6167305843865332 -271.3870096298865 -0.14142695659661228 0.9888818989742711 0.04594568346274188 -79.20749727250525 0.6060467743905844 0.12318655282692645 -0.7858322851941034 407.4117236442917
-0.7955333821524435 -0.08240871795768842 -0.6002794691522144 -279.84632129127425 -0.14079565823723145 0.9887316605067279 0.05085554181358728 -79.53259650507394 0.5893243763010647 0.12497402416574 -0.7981718316134578 399.656212321405
-0.8098028047098158 -0.08327884161334256 -0.5807616137656272 -289.3509340550539 -0.13817901975739963 0.9891014840958434 0.05084105288331128 -78.56355077488708 0.5701981900909542 0.12142029772216545 -0.8124845446641189 391.11441718372424
-0.8225520891851237 -0.08315044892506755 -0.5625780509589297 -298.3448549211221 -0.1348718660717245 0.9895528079349557 0.05093937622680662 -77.13809411682469 0.5524650580077614 0.11777624188097136 -0.8251733857371284 383.1207304181794
-0.8400001940249715 -0.0835935166866294 -0.5361080096454188 -310.36274409508616 -0.13310932723852978 0.9896152392141482 0.05425481837800846 -76.60303382911897 0.5260053051444599 0.11693503445540562 -0.842404069717613 371.5683755500426
-0.8580620403138741 -0.08434049833078026 -0.5065730108421759 -323.1326327716686 -0.13068034717564908 0.9898099994182044 0.05655804022229773 -75.72147189358142 0.49664089827001096 0.11472944431596832 -0.8603400332266922 358.8288085272635
-0.8745865712225666 -0.08479029174642039 -0.47739808950467255 -335.19160655646033 -0.1271587871247629 0.9902387545552312 0.05707759485000996 -74.17061294748979 0.46789846365863785 0.1106246600105942 -0.8768313476965948 346.2515786008893
-0.8903768833589232 -0.0859210019449369 -0.44704204165249245 -346.98462723196 -0.12341881228150584 0.9908080755742523 0.0553818937187083 -72.2072190636498 0.43817439719257106 0.10448415574442868 -0.8927968743467357 333.0047004529809
-0.9050168515957755 -0.08640047920165528 -0.41650864999588477 -358.22048227144654 -0.11655683117344462 0.9920488581146039 0.047471762346856135 -67.85603231793132 0.40909534760795707 0.0915096732987043 -0.9078915002676747 320.0691765117393
-0.9187179139321604 -0.08888255812193584 -0.3847821272900292 -369.08569690774647 -0.1117950720639105 0.9930218513180095 0.03754283776137426 -64.21476891520079 0.37876015693623927 0.0775080232405169 -0.9222435957224008 306.4397999675783
-0.9303827782634388 -0.09554199225346718 -0.3539203492694977 -378.88831360540365 -0.11300655446309932 0.9931720937829428 0.028960503779855838 -63.51194550494208 0.34873687008858617 0.06693967319193372 -0.9348270832585959 292.8365093501844
-0.9409975711787981 -0.10186977627049008 -0.32271677941842913 -387.91570124870066 -0.11655102171973379 0.992832545456811 0.026446096457428122 -64.79244720196944 0.31770966364227715 0.06249868290091995 -0.9461260403688091 279.0031001079531
-0.9497853114417543 -0.10468971302107162 -0.2948693374310993 -395.8415552118823 -0.11717410636397572 0.9927981410357251 0.02494153070307961 -64.85406745058242 0.2901346083584196 0.05824015061428521 -0.9552120151511557 266.08115616051134
-0.9572712444530421 -0.10464070756166771 -0.26959615513637736 -402.75435972166184 -0.11508491785331865 0.9930850702740314 0.023184151516024366 -63.62399586498653 0.26530591065036413 0.05321997294077306 -0.9626943483028061 254.21114503008965
-0.9629498114906541 -0.10280228968371424 -0.24931776869268593 -408.26611779539326 -0.11162228450877928 0.9935189411367632 0.02146110909360003 -61.76377392621142 0.24549567440416356 0.048495389866171516 -0.9681839035072691 244.23897580103883
-0.967672347225985 -0.10493530940509359 -0.22934430285971732 -413.0692520616397 -0.11272386607987288 0.9934025171097629 0.021089547553073074 -62.246626859899415 0.22561816954793193 0.04626034846435684 -0.9731168592362363 234.2569493759283
-0.9715787039008961 -0.10857440315246805 -0.21034833278716566 -417.38909620731823 -0.11652323918218663 0.9928545431565629 0.02573306946054847 -64.56783256424491 0.20605134519518623 0.049512171366804525 -0.977287771349769 224.17930636223622
-0.9753446729416351 -0.10916129929568215 -0.19179827866916202 -421.56780375840196 -0.11649040396270753 0.9928158098866535 0.027326789487848217 -64.74567177260553 0.1874373355257171 0.048995697517092866 -0.9810538552372308 214.55280250559537
-0.9786198453260317 -0.10930617547569936 -0.17422789196029825 -425.3798912668007 -0.11553668609193614 0.9929629385234207 0.025997632311925305 -64.12676341943434 0.17016013781419886 0.04557151217381613 -0.9843621105961182 205.47238447016147
-0.9811711701411446 -0.11108169902921736 -0.15799997159695736 -428.62358308057424 -0.11578242204207839 0.99305604532756 0.02083558457199384 -63.56855537605212 0.15458837482141727 0.03873689428915329 -0.9872192701679319 197.14638340661946
-0.9835844245992142 -0.10844955589931927 -0.14422334592940583 -431.52302714647027 -0.11224126247423045 0.9935107093682374 0.01839481907527551 -61.59601036634335 0.14129252876222276 0.034280667961135686 -0.9893741744760244 189.7282534673482
-0.9856879198555186 -0.10331270529540876 -0.1332133986333386 -433.8872071276377 -0.1070320406375041 0.9940327417566405 0.021048767012540465 -59.58289064335127 0.1302438748190195 0.035005617268098 -0.9908638351619293 183.24890495510772
-0.9872451588474642 -0.09769018571311212 -0.12571246536275926 -435.58493464500555 -0.1023239465247575 0.9942701321309741 0.030930798888064298 -58.64830833030521 0.12197051405911125 0.04339967704480041 -0.9915844198718349 177.8406835846394
-0.9880848350035295 -0.09381853048606975 -0.12201000849718109 -436.4533603738955 -0.09933081223734039 0.9942543172103506 0.039896647087814686 -58.35579476691082 0.11756593289009375 0.051540625200067226 -0.9917266838084312 174.05675020621055
-0.9881200020341401 -0.0949881951808077 -0.1208143383723305 -436.5920338828642 -0.10044194756350319 0.9941437824766501 0.03986922287517561 -58.83611965042205 0.11631971780270817 0.051530404028231044 -0.9918741556825572 171.84593389330882
-0.9879407846897431 -0.0985255431809902 -0.11943920331074472 -436.59639574505394 -0.10355033813412197 0.9939503933091345 0.03660523340897081 -59.84707221934368 0.11511009260235865 0.04853177290710758 -0.992166484819745 169.6680584645066
-0.9874388472276668 -0.10390366703218203 -0.11903172250690974 -436.3442788197721 -0.10842718312300588 0.9935840229379376 0.032161083975429286 -61.51002061088331 0.11492636314487054 0.0446633780599936 -0.9923694441661147 167.95255303166476
-0.9866383295043973 -0.11244952292181283 -0.11789788610246112 -435.96478065807196 -0.11656073167480092 0.9927730235606593 0.02855380047669825 -64.79991835990492 0.11383497961614113 0.04191453787034664 -0.9926151162111667 165.7756048232654
-0.9861372076924613 -0.11665103444861354 -0.11800823601166081 -435.64316395417137 -0.12073600520536738 0.9922881036598135 0.028055950924187983 -66.62502974885325 0.11382541303050457 0.041914860100915566 -0.9926161996719355 164.04437002000134
-0.9859408133959725 -0.11861422057638421 -0.117691882290773 -435.50003888630584 -0.12292669130524286 0.9919603908854231 0.030060131057350805 -67.82371329008858 0.1131801265454047 0.044104983748964814 -0.9925950883233655 161.95005807669452
-0.9857092336008135 -0.11975911133463576 -0.11846966719981575 -435.262753445149 -0.12423192439920883 0.9917659349571775 0.03109275186575665 -68.51860402989041 0.11377053992209954 0.04536612735130219 -0.9924707445234743 160.42755361150222
-0.98561416478402 -0.11976536622050447 -0.11925173051644604 -435.07995511654127 -0.12429533192834093 0.9917522408841948 0.03127560010618366 -68.5455066574637 0.11452243726852034 0.04564810790434594 -0.9923713325196526 158.97587478471618
-0.9854188023793828 -0.12059533621016778 -0.12002728357144216 -434.8163055976564 -0.12501783844228426 0.9917009320412558 0.029996690812884436 -68.70994779199197 0.11541370797440703 0.044564854682378016 -0.9923173130298276 157.63264387811526
-0.9851461031333633 -0.12254955534621478 -0.12028616697523373 -434.5775059909983 -0.1268433874294121 0.9915079032868211 0.028685062056832765 -69.35830009803958 0.115749343611879 0.04351648198346602 -0.9923247478770253 155.9877684635241
-0.9851811054802149 -0.12215634987969316 -0.12039940028443594 -434.4800823179511 -0.1260688954250247 0.9916961398411439 0.02540472063393582 -68.66371356534637 0.11629627255890893 0.040206870162251156 -0.9924004154476457 154.49794653756527
-0.9848956169987059 -0.12494643602853055 -0.1198708127131321 -434.3325197945307 -0.12873592533186284 0.9913792418220042 0.024377457073652964 -69.72251766315586 0.1157915590433409 0.03944093062032239 -0.9924901651130431 152.41187867377624
-0.9848884544661388 -0.12760962869070244 -0.11709190802408813 -434.480130829205 -0.1312116872886592 0.9910744686258441 0.023556119308220897 -70.77055808860085 0.11304081288704344 0.03856397675838275 -0.9928416763605441 149.36501789926916
-0.9853562482254916 -0.12571948154666795 -0.11518539856518434 -434.7701017739213 -0.12933295694961033 0.9913003903106055 0.02442380839899649 -69.94602850575943 0.11111278202643293 0.03896342040526812 -0.9930437057555265 146.71718640512822
-0.9857424126138592 -0.12573188248120384 -0.11181855705535139 -435.136832335804 -0.12923225273850145 0.9913092108800308 0.02459823726494641 -69.90633177251644 0.10775398287924308 0.03869808977382813 -0.9934241475933211 143.39983932817313
-0.9861622778009682 -0.12401050203737651 -0.11002434833637414 -435.3785468835578 -0.12736397736180416 0.9915664500836823 0.023966483660048027 -68.98776408379948 0.10612435683191582 0.03764798072783386 -0.9936398997796579 140.88625306242548
-0.9865321732444802 -0.12351129135712768 -0.1072344723529604 -435.65744073196305 -0.12700323739335728 0.9915524362071664 0.026342815780379475 -68.98098681773126 0.10307496711195037 0.03960716045019119 -0.9938847136343044 137.69489773504625
-0.9868330454359017 -0.12266717202677929 -0.1054196629792378 -435.8751417155825 -0.12617519843825456 0.9916335558959363 0.027252708493804727 -68.71990744283103 0.10119466258044754 0.04019522021501743 -0.9940543166935575 135.08396290665848
-0.9871823023881998 -0.12140007414934258 -0.10360079076950539 -436.06508640142573 -0.12511585463854644 0.9916845020516243 0.0301309028854001 -68.36911549093416 0.09908140476193718 0.04270679556180042 -0.9941624640083953 132.3402891184199
-0.987267358678159 -0.12263668821484078 -0.10130846555124283 -436.1816582661896 -0.1260389943940666 0.9916337078890345 0.02787043721177601 -68.55903985581304 0.09704295121637567 0.04028439005296017 -0.9944645964222543 129.70790950503525
-0.9876740192961883 -0.12072350025074538 -0.09962865097210333 -436.40756338365674 -0.12386387452024183 0.9919601445716764 0.025938623135641783 -67.34179101758788 0.09569624964514906 0.037959294890017994 -0.9946865434574382 127.37508426602389
-0.9881168163624682 -0.118727395767725 -0.09761640597724547 -436.653528890226 -0.12164449934378659 0.9922719462533485 0.024474485857568472 -66.16104971155592 0.0939562291766752 0.036058149880530646 -0.9949231311142049 124.8462132809016
-0.9883661737332995 -0.11846312114856623 -0.09538760688652036 -436.8133952488447 -0.12134978033036424 0.9922941201623265 0.025032177393227814 -65.98368369868545 0.09168717158670327 0.036316222532276156 -0.9951254164915178 122.06506758908193
-0.9888335539122356 -0.11698147034588725 -0.09232301042000389 -437.13989356709675 -0.11981026650145414 0.9924641683814358 0.0256977532052223 -65.29645856650482 0.08862111880442712 0.0364720451121167 -0.9953974518890388 118.92609904890372
-0.9893241220023519 -0.11665690920012343 -0.08734384443193272 -437.56545529646274 -0.11945883710094353 0.9924567635378857 0.027552835541844133 -65.21951689372206 0.08347076052586166 0.037692678914874544 -0.9957971149252515 114.83669164104508
-0.9895840478589104 -0.11618217538908351 -0.08500067261518532 -437.8515194225007 -0.11889176942960683 0.9925256383680718 0.02752461342052061 -64.92168606850674 0.08116747738516261 0.03734379873435659 -0.9960006432282145 112.37209796905813
-0.9900393379730387 -0.11535492888675887 -0.08071771582148539 -438.2401532950053 -0.11784007340327755 0.9926731053789067 0.026717465405770448 -64.32994386506398 0.07704431430168891 0.03596312331999527 -0.9963788573604186 108.90466469532097
-0.9907224649867187 -0.1120898274158819 -0.07684313866909473 -438.75001281336785 -0.11430505940516726 0.993129853466147 0.025048903143439695 -62.60180975306841 0.0735074878160116 0.03360007059793252 -0.9967284908593679 105.65135552033246
-0.9912843203358362 -0.10966537899316932 -0.07299932127495276 -439.1889027972996 -0.11183232384624157 0.9933795824159151 0.02627806275836378 -61.54680396597199 0.06963424157315551 0.03421271531854343 -0.9969857383689417 102.32120912002827
-0.9916281898854853 -0.10943290177435669 -0.06854176123853202 -439.50520314047327 -0.11154864895272784 0.9933692146235149 0.027829882412295753 -61.48261633949172 0.06504177074201638 0.03524263678422944 -0.9972600085289883 98.61594209914843
-0.9922267838 -0.10612435625319169 -0.06498946468277679 -439.93826307726295 -0.10816718862148417 0.9937167381892291 0.02875593066279069 -60.00091395515659 0.06152941423118298 0.03556213228146781 -0.997471536401898 95.48473997527918
-0.9930108122041897 -0.10114250670652747 -0.060825325175419435 -440.45149260063107 -0.10301582768293996 0.9942717248235651 0.02848642594590166 -57.66333827021918 0.057595712447840154 0.034553300182364105 -0.9977418520610094 92.11824580337807
-0.9934710843990832 -0.09884592732035241 -0.05696215511275425 -440.7860083535894 -0.10060409119698141 0.9945077296576991 0.028865073800686505 -56.490133798225486 0.053796108570595635 0.034407242017767715 -0.9979589773128911 88.79800327129229
-0.9940693193831194 -0.09481497920481458 -0.053256999348183294 -441.15223963365213 -0.09643094394687135 0.9949277019548716 0.02863461074145367 -54.519782446003745 0.05027187395251118 0.03360041072948063 -0.998170201462713 85.60812834171385
-0.9943988210768492 -0.09339220643669652 -0.04948616390323566 -441.35136608841026 -0.09487617607961957 0.9950800598095066 0.028533940877788322 -53.756428188500905 0.0465778472396639 0.03306917516953752 -0.9983671337740064 82.32430590107737
-0.9947420772729729 -0.09146970915838208 -0.04605965706702281 -441.5193279544935 -0.09287317570508087 0.9952464886075407 0.02930870431824649 -52.849808891617094 0.0431598533026229 0.033432308039413244 -0.9985086418464559 79.20547177831708
-0.9949889796603812 -0.0897636658329991 -0.04403878575318827 -441.6446172902521 -0.09106251157547193 0.995439349806656 0.02842744874357103 -51.87717995440668 0.04128618824692576 0.03229528065713296 -0.9986252878368925 76.73691413278031
-0.9951499471777432 -0.08910228757558783 -0.0416817103887575 -441.6955666015681 -0.09013951019871647 0.9956470934884217 0.02370092675811272 -51.17205143856553 0.039388467008383256 0.027343144970086785 -0.9988497890523251 74.3105303327982
-0.9952675696508337 -0.08897609304040845 -0.03906046170474013 -441.7014327449665 -0.08983023043461895 0.9957423258365129 0.02068212362777123 -50.831397558394876 0.037053940429948196 0.02409305719404937 -0.999022787574767 71.64496558047378
-0.9955759006472522 -0.08640119030891961 -0.036925064165341505 -441.787091819106 -0.08716218906417715 0.9960028927793223 0.019518974685223425 -49.52223517449692 0.03509100807832926 0.022651090225938596 -0.9991273939111184 69.13350544846844
-0.9962088137683137 -0.07894793285640243 -0.03654070699959424 -442.0365697503971 -0.07973415097614671 0.9966036647316744 0.020581559987285072 -46.211913433564675 0.03479173089172575 0.023417073709115437 -0.9991202010371223 67.37437182230917
-0.9964420457660795 -0.07662739202984106 -0.03509262344447041 -442.0390078742634 -0.07737223873951649 0.9967939306225286 0.02038127931525085 -45.142588295344275 0.03341834977891052 0.02302395849535995 -0.9991762163068426 65.22861530745966
-0.9967995664994584 -0.07281579318857737 -0.03299218829980653 -442.08814009110085 -0.07357080053370027 0.9970411359301541 0.02227802890602757 -43.47494894911526 0.0312723765537902 0.024633991260566035 -0.9992072882736857 62.7679568372229
-0.9972855108602949 -0.06556166682830851 -0.0335153348605445 -442.3409577635688 -0.06635610335612364 0.9975270235811053 0.02316688958002065 -40.18504129859258 0.03191359233166948 0.02532795033387632 -0.9991696640492909 61.07442062727995
-0.9973825428161682 -0.06528499109755749 -0.031079466259029888 -442.3076400464033 -0.06604136217464125 0.9975290503123733 0.02396523033507899 -40.06410273676154 0.029438100612508976 0.025955032658183393 -0.9992295704751939 58.26574668687114
-0.9973832509035607 -0.06581773728483492 -0.029911139659818706 -442.18806400842993 -0.06653720325779086 0.9975017278544311 0.02372980214953452 -40.28524653560532 0.028274571609065182 0.025657910790418573 -0.9992708442730603 56.05615424600374
-0.997542005832489 -0.06471314984265196 -0.02687293875141013 -442.1198254209445 -0.06533463874066016 0.9975999044569637 0.022930669595190897 -39.655084803286805 0.025324525273378657 0.024630039888292064 -0.9993758199770391 53.14586857735786
-0.997982534187866 -0.05807984892604365 -0.02564356848593589 -442.2151293404291 -0.058621030425805395 0.9980618868932429 0.02088168390999716 -36.54635477976089 0.024381063302935237 0.022342808235049222 -0.9994530317490613 51.095808765400086
-0.9980969731802253 -0.05657331779643844 -0.024533484097775723 -442.03660076962296 -0.05705987664140333 0.998178200892753 0.019607389937836967 -35.766813363829336 0.0233795339162368 0.020969954125122394 -0.9995067075401994 49.10910971402332
-0.9981682184946782 -0.05621685167138191 -0.02235784370905066 -441.7920754201866 -0.05657074723392003 0.9982778962827681 0.015523928325283869 -35.54297635260488 0.021446634807270347 0.016760291805647864 -0.9996294986013734 46.84492596810006
-0.9983665657158526 -0.05385035882043854 -0.019087674443060452 -441.6687140199371 -0.05413107229431373 0.9984284382490002 0.014507953264705472 -34.36465368469321 0.018276418494935654 0.015517491761657723 -0.99971254867408 43.814485379422564
-0.9983802408927426 -0.054747126273101396 -0.015480528407851763 -441.4545990421559 -0.054982898037461314 0.9983710125810203 0.015238181038114416 -34.66816707795177 0.014621064200370185 0.01606466317061483 -0.9997640477026883 40.585910910829625
-0.9985139679152911 -0.05368348490599971 -0.009377597048722115 -441.2809839275284 -0.053829606504973274 0.9984204254743345 0.01609433003169658 -34.12138549998598 0.008498784711983232 0.016575205699982498 -0.9998265015563563 36.344751719857534
-0.9985726603930788 -0.05338768277096869 -0.0015483035346476755 -441.04739435450944 -0.053405117901361605 0.9984564423774 0.015252083693939251 -33.977253022160106 0.0007316402330763789 0.01531300112360977 -0.9998824814442734 31.353029627367036
-0.9984224803176295 -0.0556774646388318 0.007250567411205219 -440.7353699843889 -0.055551440406628155 0.998318557157322 0.0165558419922034 -35.02380209789437 -0.008160163303613289 0.016126945362144676 -0.9998366533430072 25.8156731971648
-0.9983910672643815 -0.056491705108221144 0.004895310067284372 -440.81567536011283 -0.05637488938674855 0.9981804352457528 0.021393703261297504 -35.29471889076566 -0.006094969509434834 0.0210833096682273 -0.9997591436941763 25.42297167473121
-0.9982369130712163 -0.05803418433127677 0.012453868116061544 -440.59497827884076 -0.05779149814954998 0.998147200724042 0.019034401182840093 -36.0056725094985 -0.013535439545113647 0.01828111418273329 -0.9997412628978352 20.674508104322676
-0.9980819530227449 -0.05971030342433025 0.0163430326218133 -440.4987201873645 -0.05947665355048281 0.998125423173879 0.014428003895224363 -36.81373935708426 -0.017173896841983175 0.013428301416753474 -0.999762340753202 17.763468704349606
-0.9979844415380479 -0.05961499348006157 0.0217510229727924 -440.4925425966084 -0.05929136158875279 0.9981244896493846 0.015232780544178778 -36.68259877239335 -0.02261833081689488 0.013912430216448795 -0.9996473655227277 14.012926062494735
-0.9978504369977763 -0.05855505133291007 0.029424672415289368 -440.491825319945 -0.058175368175984496 0.9982137538773463 0.013598827437898028 -36.20130797385968 -0.0301683927469707 0.011857804750346704 -0.9994744921935563 9.403045010186517
-0.9976209744136344 -0.05832167466675781 0.0367555937791172 -440.53673341279864 -0.05782363757503176 0.9982219236688311 0.014471283443036732 -35.99885789061483 -0.037534229012755736 0.012311513755919433 -0.9992194995502519 4.898642005596251
-0.9970718260507406 -0.055986259637060956 0.052089465611514514 -440.26888445292263 -0.05532581672150573 0.9983696816989613 0.014036832563434442 -34.894231440563566 -0.052790412954815104 0.011113838048448252 -0.9985437671448824 -3.154757297579444
-0.9966658845610655 -0.05254654794805221 0.062417744679312215 -440.20289911015493 -0.051949018375118707 0.9985873928146662 0.011158781361263217 -33.5004650135001 -0.06291592836452736 0.007879036130767878 -0.9979877287560602 -8.810536543428853
-0.9961553031515351 -0.04928874805543183 0.07242396922429196 -440.09636049379964 -0.04864110064858397 0.998759218755946 0.01068018153895723 -32.03371106194153 -0.07286051969871853 0.0071163379022446335 -0.9973167512902276 -14.40443314691484
-0.9955265794166617 -0.04696285579681423 0.0819836559953803 -439.90601320966977 -0.046234277442233525 0.998872630153447 0.010763843167264458 -30.93861975624949 -0.0823967309081847 0.006925236872665146 -0.9965755464739748 -19.724009524557957
-0.9947639319358712 -0.045829831931688866 0.09134739309142076 -439.6456076722091 -0.04503880068355591 0.9989278976543345 0.010703350918234222 -30.41883810636621 -0.09173999211070555 0.006533130413905162 -0.9957615638567913 -24.97629728451941
-0.9938493798750868 -0.045388599144525345 0.10101131218632432 -439.25530559820027 -0.04446913061480932 0.9989464298772208 0.011336959818193517 -30.13141670444443 -0.1014194584104476 0.006775345249793469 -0.9948206814056881 -30.32469231999646
-0.9930982713967703 -0.04325464596665371 0.1090177001731658 -438.98807870516964 -0.042400377708725595 0.9990492106839913 0.010143106124408231 -29.17892978750267 -0.1093527837729988 0.005450709494464977 -0.9939880574972231 -34.846390346220645
-0.99231573020001 -0.041959025114559595 0.11639987890482065 -438.67253597743075 -0.04123011667563334 0.9991121129865494 0.008663899957106019 -28.647448547705988 -0.11666005775986404 0.0037981436240401467 -0.9931646414509915 -39.019616234474164
-0.9917479338476471 -0.040704688944558795 0.1215695850402127 -438.5248926384943 -0.04006608792435051 0.9991674099968572 0.007693854600394519 -28.109276143914496 -0.12178154337731564 0.002759546720117511 -0.9925530920784733 -42.24123448310077
-0.9913017804529123 -0.03862312092898462 0.12581349132978992 -438.42934220481214 -0.03810488033481793 0.9992524480725814 0.006524041356499028 -27.21797193006439 -0.12597141805010886 0.001673185780818621 -0.9920324602974379 -44.98111603050329
-0.9906189384661974 -0.037295876653995204 0.13146534272086438 -438.15605502999557 -0.03675756318923757 0.9993029432723719 0.006519901499469785 -26.65387009486662 -0.13161686936139136 0.0016263922600519795 -0.9912993264134314 -48.31206664483788
-0.9896696741374366 -0.03631988708625308 0.13868958827086428 -437.6797064403124 -0.03530721953027298 0.9993288871107837 0.009755800067903437 -25.95173686968022 -0.1389508414574778 0.0047582757345094005 -0.9902878482897249 -52.40069503400036
-0.9888538592501864 -0.03462170581274313 0.14480808862984226 -437.32823716602553 -0.033283487543746305 0.9993779975956076 0.011654500363294008 -24.99309266690127 -0.14512151633351159 0.006704879447730912 -0.9893911208863023 -55.991318609999006
-0.9885519726982175 -0.035433847841501886 0.14666096856903665 -437.23567055740307 -0.03463915174672162 0.9993681062433678 0.0079697797844054 -25.716986820338327 -0.1468506943828672 0.0027983299822603 -0.9891547113109153 -57.387234529130396
-0.9882094721342304 -0.03308258296361429 0.14949107628431033 -437.1065053907329 -0.03216110854263233 0.9994458867037952 0.008578032884826909 -24.59038770176981 -0.14969202477585417 0.0036690946185302343 -0.9887258646678488 -59.296028211638365
-0.987756583070952 -0.029851595426962065 0.1531202627037401 -436.88968657068 -0.028494958022892723 0.9995328879130031 0.011047323094998516 -22.861889214841327 -0.15337851859784987 0.006548910654199167 -0.9881458099905966 -61.56433454673929
-0.9876889210594229 -0.02999214412434864 0.15352871557886993 -436.95224037581323 -0.028717856944500332 0.9995322878238334 0.010511436161080386 -23.005477398809063 -0.1537721688374995 0.005973013349855621 -0.9880882770292005 -62.35836798948889
-0.9874271756063969 -0.0298981999758204 0.15522135971630815 -436.70940208434683 -0.028449007219284523 0.9995285165366181 0.011549831961782756 -22.89218196161451 -0.1554934945977187 0.006988724369595229 -0.98781219412876 -63.530125694267525
-0.9870967585604506 -0.03201223772847576 0.15689233848428313 -436.52118344618157 -0.03061152554949386 0.9994670649836173 0.01133668895960683 -23.959989943637495 -0.1571716378453314 0.006387695096804478 -0.9875506435663775 -64.80417667180632
-0.9888009030098207 -0.0313496160627941 0.14591084873880514 -437.4106363320354 -0.03026375753394166 0.9994953027814307 0.009656329415603654 -23.75918647781847 -0.1461399301590426 0.005132376698106353 -0.9892506151236596 -60.623269883625355
-0.9881507019608982 -0.03538006246507564 0.14935341105629757 -437.1117335482048 -0.034159348600946486 0.9993587809174804 0.010731537927351743 -25.419144145702397 -0.1496373252813049 0.005502561503020104 -0.9887256407616636 -62.23675125396157
-0.9872078410165732 -0.03725823118427684 0.15502420083462812 -436.3915430918494 -0.0356737686247398 0.9992790459913727 0.012991169103619075 -25.99639437883359 -0.15539646349741895 0.0072946865312552775 -0.9878252510848798 -65.11288982953701
-0.9865780136069662 -0.03854161238883256 0.15867692706188202 -435.86452774963334 -0.037301821799733854 0.9992458406152378 0.010785365249579048 -26.735917435318324 -0.15897294473511442 0.004721665766963609 -0.9872716488964075 -66.99043071481745
-0.9863761410425802 -0.038530425168069406 0.15992971805863904 -435.60892317280764 -0.037579995133128936 0.9992534144910493 0.008964239720881 -26.816761609997368 -0.16015571281643992 0.002831954156976878 -0.9870877000995963 -67.81261592248862
-0.9858500336806665 -0.03756525387587376 0.16336634535016656 -435.14753744908734 -0.037207196384585174 0.9992937708685391 0.0052520510788824 -26.678693521429665 -0.1634482659101272 -0.0009006689610668141 -0.9865514954458257 -69.56755976796647
-0.9862602510843713 -0.03680040371465305 0.1610479662008537 -435.3274065210831 -0.03623393702309372 0.9993224953066618 0.006453850158850479 -26.195724035681284 -0.1611763597392597 0.0005297740131097227 -0.9869254786460302 -68.85065255212211
-0.9866315585073994 -0.03792407853012875 0.15849268760703367 -435.47493638088093 -0.03702469653168484 0.9992771330976158 0.008624564623607996 -26.49657018636116 -0.1587051971549665 0.0026411239748965914 -0.9873224827077283 -68.053469979016
-0.986921596586382 -0.0400597061430088 0.1561441069497097 -435.55184011642035 -0.039181455065854034 0.9991942399667157 0.00869967793994893 -27.475508100903937 -0.15636679881071003 0.002467946732033766 -0.9876959721840617 -67.31632000155928
-0.9868532422821845 -0.04106575943271808 0.1563146877275262 -435.38007679077754 -0.040063319645429626 0.9991514128695076 0.009559528223505776 -27.79544189053879 -0.15657461038153037 0.0031713661223513293 -0.987661041967734 -67.65787752914642
-0.987293670955539 -0.03974803881860486 0.15385480395883144 -435.52643344726073 -0.03884709240052294 0.9992058962377799 0.008858912782089761 -27.229131074934198 -0.15408475168932523 0.002769536735651278 -0.9880537530737429 -66.81575862576184
-0.9876555225447853 -0.038575814657465 0.15181724312574005 -435.5906951771946 -0.03770481329821629 0.9992518026880632 0.00861289026995545 -26.690035419607547 -0.15203590313124662 0.0027823278326878083 -0.9883710552271843 -66.14148974466747
-0.9886991007364941 -0.03907049941906383 0.14473280304752145 -436.1152700219236 -0.03847719317872527 0.9992356740951444 0.006897334319189212 -27.102555026689004 -0.14489166231338074 0.001250476216703455 -0.9894467355554298 -63.18838375664484
-0.9891796615236725 -0.03972359264668958 0.14122901052953876 -436.1687338091829 -0.03901747633915377 0.9992083458624508 0.0077664727482534175 -27.304225077558478 -0.14142571819876423 0.0021720373076117654 -0.9899464876880457 -61.86048002908431
-0.9900508565723415 -0.042206686719926036 0.1342307602470419 -436.4835928952432 -0.041462241384926816 0.99910528113382 0.00833785043326141 -28.3655169840275 -0.13446257449458154 0.0026893877807774367 -0.9909150232253287 -58.973007414121916
-0.9913479029267925 -0.04466520482275141 0.12342752869920262 -437.1395596290217 -0.04377151883568417 0.9989920760200572 0.009944153455883915 -29.373935549636357 -0.12374728078413752 0.0044555052775736405 -0.9923037634571651 -54.46667724742236
-0.9916514363260539 -0.045467471525494595 0.12066539630545552 -437.07972079571647 -0.04445044988494556 0.9989498317140679 0.011108160219508063 -29.66385899842219 -0.12104373729152716 0.00565179188529236 -0.992631085001364 -53.43786731335389
-0.9921346290267065 -0.04700556801719899 0.11601445798442529 -437.18599682359957 -0.045900360160216105 0.9988717509777899 0.012181216512571667 -30.290273842034992 -0.11645614978695608 0.006760301320516901 -0.9931728266031314 -51.55334754428925
-0.9927192316794022 -0.04786322126472478 0.11053342980302956 -437.45250256853086 -0.04667750442914488 0.9988215781493178 0.013291561366980642 -30.600315642960403 -0.11103935173678035 0.00803536392884916 -0.9937835253677767 -49.282140117047575
-0.9930898463525745 -0.04854015039958013 0.10684760582533438 -437.61096832514596 -0.04759504261071975 0.9988018950952184 0.011379203534716477 -31.06642113071491 -0.10727193943573342 0.006215155137796083 -0.9942102910633692 -47.72826346442375
-0.993388417032956 -0.04755478156055528 0.10448921310587973 -437.68394068705794 -0.04663805284075876 0.9988490563872197 0.011200650944651683 -30.60952626996172 -0.10490159642245998 0.006253423469524896 -0.9944629453946136 -46.701797132653304
-0.9940517350169518 -0.04807300661120477 0.09772478777233039 -438.16249021041375 -0.0471576422581709 0.9988194458823829 0.011656384682195344 -30.846250815138728 -0.09816977582962245 0.006978578835838071 -0.9951452127960992 -43.799918763000825
-0.9940756886310771 -0.04929108078594793 0.09687060765579596 -438.13816644064474 -0.048615655486322074 0.99877405926934 0.009321833096639129 -31.565530378649296 -0.09721133326050642 0.004557179566300661 -0.9952533289570628 -43.41440595888624
-0.9935398824348639 -0.047851874330777644 0.10290140977823524 -437.61171529346757 -0.046876021191618655 0.9988300418188572 0.0118821798245659 -30.68084685707068 -0.10334960400775488 0.006981810880557127 -0.9946205877963056 -46.10324221819249
-0.9937493039874374 -0.04925310633757592 0.10018209590831621 -437.79772227104684 -0.04844200343902224 0.998770654682257 0.010514354397158225 -31.453422058817033 -0.10057680213298385 0.005595610929534129 -0.9949135620801577 -44.8598099859083
-0.993751592574951 -0.047235091216493906 0.1011267442990131 -437.7871740198258 -0.04645015233133253 0.9988695077760025 0.010103948917230666 -30.537090560792677 -0.10148968224969708 0.005343462650333055 -0.9948222413093507 -45.256501782762484
-0.9935988985505477 -0.04718207067907863 0.10264054269913371 -437.65919129342905 -0.04658857472149716 0.9988807251455631 0.008173226908268055 -30.624103597458443 -0.10291128949030683 0.0033390326606652283 -0.9946849337133509 -45.86484236144645
-0.9937214450250181 -0.04672953145943462 0.10165648325105227 -437.78095550246877 -0.04611243602142026 0.9989008269997744 0.008413148241609766 -30.360241971815718 -0.1019378876647941 0.0036726977477854186 -0.9947839857726366 -45.48223651583283
-0.9937526009274742 -0.047013301624744576 0.10122014434005251 -437.8107095550876 -0.04611169090747951 0.9988731635048017 0.011230102028146689 -30.28959210899549 -0.10163404996128682 0.006492511089732711 -0.9948006670626113 -45.38741154248555
-0.9934772426035634 -0.04709879939005306 0.10384927310692177 -437.55838683760715 -0.04630697439940928 0.9988769616212247 0.010023954525257537 -30.401849414565337 -0.10420476261089481 0.005149625070576883 -0.994542532429277 -46.46167922298747
-0.9938849000091338 -0.047395318376568206 0.09973208776425865 -437.9163964992733 -0.04659615108756767 0.9988604096855787 0.010328633335687672 -30.5296334544879 -0.1001079629083452 0.005618341280328995 -0.9949607178193514 -44.67938236589441
-0.994164530907368 -0.0487326908743487 0.09623933876475906 -438.175109115043 -0.04816654296460454 0.9988056710552216 0.008198512472882552 -31.342973991792046 -0.09652393291081642 0.0035151540612435913 -0.9953244566810131 -43.10266190291182
-0.9937537266120019 -0.04769508471363577 0.10088959182650017 -437.79994958856685 -0.0470249055127113 0.9988530642731615 0.009011895119097208 -30.781193903875078 -0.10120370105030388 0.004211280835582181 -0.9948568118113504 -45.13727512150116
-0.9937849752121469 -0.04817249919630613 0.10035354185963985 -437.831514599359 -0.047489040955113276 0.9988294853098101 0.009189682524585933 -30.99400097659265 -0.10067876653871052 0.004366874960540019 -0.994909401087015 -44.9181366829079
-0.9940043198311401 -0.0476819652151091 0.09839635333820866 -437.9883237415874 -0.04699806910707676 0.998852077277695 0.009257927318776378 -30.769291742714955 -0.0987248380967977 0.004577981133472971 -0.9951042399826777 -44.03110044292981
-0.9939847889393654 -0.047869495305759235 0.09850254197906297 -437.9582986281904 -0.04719805244645299 0.9988437626834537 0.009136826233551413 -30.862540727492703 -0.09882602492474865 0.004432738152895506 -0.9950948535843408 -44.064638134109344
-0.9940792902065396 -0.04749308525633286 0.09772804937834824 -438.04895581738134 -0.04680159688808866 0.9988603771134177 0.009357219756185772 -30.67058095523643 -0.09806107949225841 0.004727989601871084 -0.9951691669274815 -43.76011986085096
-0.9941904781403442 -0.048223959286557164 0.09622755803719686 -438.1803283769607 -0.04765416244664693 0.9988301369048749 0.00821208938682614 -31.100231934320934 -0.09651100443256301 0.0035787373914712003 -0.9953254837801053 -43.111714535208876
-0.9941832447660393 -0.047420036093984715 0.09670065151442823 -438.1335704022664 -0.04673240834351467 0.9988635468758842 0.009364653380830316 -30.631728955363503 -0.09703482795823727 0.004791127150606972 -0.9952694546019897 -43.31608891917521
-0.9940003189440197 -0.047029423317485095 0.09875018623583352 -437.9622835868205 -0.04627918670741697 0.9988797278087589 0.009875537980263832 -30.411393487979485 -0.09910400000447538 0.0052462095959256915 -0.9950632514910741 -44.21791988099452
-0.994200581410738 -0.0477205253639487 0.09637403893963992 -438.15651702694834 -0.04709863606604694 0.998852192310969 0.008718738228051168 -30.82861438190763 -0.09667948284547537 0.0041290888292633615 -0.9953070019959528 -43.16938076350584
-0.9939875764630872 -0.047630221512621466 0.09859036380750914 -437.9513220378568 -0.04694759636720643 0.9988546762200122 0.009233579411955378 -30.74324282140814 -0.09891724335210854 0.004549482616038008 -0.9950852632692065 -44.135130422835836
-0.9938613537823783 -0.04775486046784643 0.09979520409095177 -437.8610162301176 -0.04717577917154172 0.9988533063844638 0.008155868094907434 -30.88634486835161 -0.10007025191042607 0.00339788559550153 -0.9949745720650672 -44.66318449204249
-0.994075115845625 -0.04693990606362854 0.09803728512787808 -438.0027178029328 -0.0462395672785025 0.9988861061071801 0.009404756452640273 -30.410825049856253 -0.09836954037914368 0.004815832718686018 -0.9951383025895554 -43.89875810172269
-0.9942563418651857 -0.04695078471155394 0.09617666284410244 -438.14174905924 -0.04628436513626199 0.9988864012434497 0.00914958768713027 -30.447761804528515 -0.09649914095364796 0.004645559802717291 -0.9953222265022154 -43.079757262934145
-0.9940239242030735 -0.04705523391061494 0.09849996484029686 -437.9155121551207 -0.04642836973263793 0.9988841875506538 0.00864790987695996 -30.524796759245685 -0.09879698677536614 0.00402303652579312 -0.9950994777313574 -44.0604397643853
-0.9942072456876461 -0.046845098740188246 0.0967341167644935 -438.04239039052595 -0.04618611565672942 0.9988919331970092 0.009041488510539635 -30.407287603188966 -0.09705047832302457 0.004521340284143643 -0.9952691907917712 -43.284834399706966
-0.9942704759253664 -0.046321761597390716 0.0963354301680324 -438.1067405527419 -0.04562944324871326 0.998914411020495 0.009378345503890247 -30.148712021539634 -0.09666527097131525 0.0049288800038528625 -0.9953047430460431 -43.15734485166127
-0.9943143708220495 -0.04686827180110709 0.09561536003764974 -438.1466148695107 -0.04628436080039538 0.9988936822753559 0.008316817641340266 -30.47916038781223 -0.09589937393982643 0.0038440354782486824 -0.9953836112118741 -42.812373963149895
-0.9942584628933976 -0.04626663358647863 0.09648578953106422 -438.0954832791494 -0.04562063889462177 0.9989192632591969 0.00889172629748605 -30.15765554316994 -0.09679290403590966 0.004438930758348123 -0.995294644626413 -43.207608711551515
-0.9943264717046929 -0.04696691696849075 0.0954409575484832 -438.1327232552235 -0.04642529669903219 0.9988906142555607 0.00788876280260452 -30.558334920556007 -0.0957055875782773 0.0034131309122009093 -0.995403833146966 -42.692903957373886
-0.994136335941857 -0.04648441049634435 0.0976327052831509 -437.9781041528193 -0.045933686802311254 0.9989133939070088 0.007882124709005536 -30.33555375530629 -0.09789301291127181 0.003351276471508927 -0.9951913016948878 -43.69109948114136
-0.9943213287048128 -0.046320477750274515 0.0958097522368257 -438.1246583177708 -0.045649852688216135 0.9989153134474228 0.009180822935952761 -30.163435591369616 -0.09613108879150267 0.004754986984574591 -0.9953573247163738 -42.91466332957021
-0.9943188113291599 -0.04579750362038097 0.09608688827882725 -438.09531991407647 -0.04506177991568876 0.9989359943722451 0.009814027632068859 -29.874918477642098 -0.09643410925495535 0.005428426077066349 -0.9953245675469531 -43.03663936740542
-0.9944760295784477 -0.047189911438158566 0.09375787354854623 -438.2875723066987 -0.04663993467270648 0.9988793308309487 0.00804977840946296 -30.667421787938984 -0.09403267032054394 0.003632450574272964 -0.9955624853394253 -42.02278643693019
-0.9943124637247809 -0.045599795857759695 0.09624647058093563 -438.0820867499594 -0.04487409540817418 0.9989456321120107 0.009692246676218961 -29.79692797404039 -0.09658695586286145 0.005318148368110659 -0.9953103421823167 -43.10940255617075
-0.994385809100803 -0.04579416975464475 0.09539264476585259 -438.1581167358361 -0.04513291899779014 0.9989397324948639 0.009079122525185761 -29.926602931631752 -0.09570727392252 0.004722802088929974 -0.9953983186939531 -42.74263316015795
-0.9941079798621029 -0.045374263841204986 0.09844034008148086 -437.90191534673454 -0.044709059471755234 0.99895992174665 0.008954035128192537 -29.7440020176868 -0.09874423717685982 0.00450010275377905 -0.9951026704313306 -44.04588496233329
-0.9941674533573349 -0.04562707529108312 0.09772023682622259 -437.96011674244306 -0.04492153736688832 0.998946206543778 0.0094091398326654 -29.829354542165824 -0.09804657141168403 0.0049645173156336875 -0.9951694445682284 -43.759658382322364
-0.9943015158291264 -0.0457228255405677 0.09630118817796705 -438.0733874648624 -0.04518011210129027 0.9989483297903426 0.0078097298032571965 -29.998110600105882 -0.09655699400051897 0.003414327704226535 -0.9953216009290222 -43.09741044253436
-0.9942733059864761 -0.04584788027233563 0.0965327140261624 -438.03990793446195 -0.045286191331932756 0.9989419991793533 0.008002696433421606 -30.04106026283033 -0.09679748900343876 0.003585268482484744 -0.9952976398909713 -43.20961277559802
-0.9940814038416935 -0.04468195511997702 0.099023660923964 -437.8334358496521 -0.0440141391313752 0.9989910904214896 0.008919462708483449 -29.421460479511236 -0.09932229403639337 0.004508230821557388 -0.9950451033808506 -44.28621582779246
-0.9943557465780423 -0.04506035352157108 0.09605318208021664 -438.0664792581725 -0.04444387125520826 0.9989753031948911 0.00854903003425387 -29.631785792064225 -0.09633997900702847 0.004231801884202389 -0.9953394899720086 -42.971806222905315
-0.9942169878865695 -0.044836192912796065 0.09758225659843794 -437.95151453257364 -0.04413666221187439 0.9989820600823309 0.009316581049752522 -29.463223948604746 -0.09790064374942459 0.004955748051328339 -0.9951838546292339 -43.67447303230735
-0.9941864280142164 -0.0449504715168581 0.09784069430837745 -437.9324747208081 -0.044188124756874815 0.9989737185375271 0.009945818306030418 -29.475555879876612 -0.09818735144001035 0.005564600768952952 -0.9951523899561705 -43.812677969971915
-0.9942662417132434 -0.04587925885943869 0.09659054920607298 -438.0181940461133 -0.04522575248315608 0.9989367405594501 0.00894537158502516 -29.985161237985334 -0.09689825541130496 0.004525700715965442 -0.9952840027506094 -43.25045466017589
-0.9943200037173855 -0.04513764602347332 0.0963863222605679 -438.0505508195042 -0.04432978432887657 0.9989616913509227 0.01050758938380052 -29.523219588948113 -0.09676053135867801 0.0061751214370967256 -0.9952885347709092 -43.205147260557034
-0.9943327558912775 -0.04576485113931039 0.09595805834766452 -438.0590794182875 -0.045090050169610305 0.998940654345592 0.009190020201447841 -29.921915618081734 -0.09627698550203498 0.00481118444852756 -0.9953429532411645 -42.961038675937175
-0.9943119506407503 -0.0457096212789302 0.09619966390545721 -438.04669901428986 -0.04502965942569372 0.998943023661949 0.00922850199808818 -29.892013946873753 -0.09651981446828516 0.00484417172068218 -0.9953192751149494 -43.07537478995692
-0.9944800705545007 -0.0458840652051022 0.0943612305460737 -438.1849180701076 -0.04532624810891939 0.9989398227098255 0.008047473941017892 -30.067414562213926 -0.09463044173142185 0.003726011905054699 -0.9955054978918998 -42.21370888372239
-0.9945576665581698 -0.04572756049400806 0.09361644140659901 -438.24609845701667 -0.045169667483376696 0.998946727124284 0.00807078107263142 -29.999178795293254 -0.09388689487787703 0.0037982336615850535 -0.9955756246469891 -41.884394494766795
-0.9945289566458531 -0.04600321171225648 0.09378624048904145 -438.2541810801569 -0.04543242958490823 0.9989336499212866 0.008213245214270673 -30.10852132499988 -0.09406406718255046 0.003907373426573515 -0.9955584782914472 -42.01045916866015
-0.9943058947516965 -0.04551223279866023 0.09635571767004078 -438.0399319581715 -0.0449069216443961 0.9989555012162917 0.008442450955201809 -29.868026175750977 -0.09663930903339552 0.004067340087511176 -0.9953111577261456 -43.100060989361
-0.9945190578387312 -0.04601483213978527 0.09388545584226553 -438.2378603139565 -0.045425958330685606 0.9989323834826995 0.008400924908137255 -30.10643115890101 -0.0941717893283409 0.0040900431196664155 -0.9955475607131876 -42.0528188806136
-0.9946611191585802 -0.046691971420952896 0.09202781013924927 -438.39020879556176 -0.04617808399670825 0.998903494672909 0.007706678184773847 -30.474335679939774 -0.09228674115274496 0.0034158652016187986 -0.9957266137210207 -41.253104714113796
-0.9943195206354908 -0.04595728103408275 0.0960032249623015 -438.05281880280086 -0.04536918501092581 0.9989358003267008 0.008300835927614705 -30.07500728039642 -0.0962825422112042 0.003898095125459525 -0.9953464105123103 -42.95986095579995
-0.994407551867807 -0.04546882194886034 0.09532159786143769 -438.08276056842766 -0.044951231817115765 0.9989604904892256 0.007571340677162567 -29.904509062885687 -0.0955667700950426 0.003244175104486999 -0.9954177353159289 -42.613695686873164
-0.9948387568898565 -0.04599002578778622 0.09044758326170976 -438.3783178266918 -0.04541895237958487 0.9989330195284922 0.008363089167921747 -30.07373304758608 -0.0907356961431727 0.004211890754562162 -0.9958661021551469 -40.53043121164471
-0.9947032541800145 -0.04655560558557239 0.0916406662582179 -438.1956427967979 -0.046095499628597734 0.9989115767379457 0.007132094566102364 -30.405365891205395 -0.09187296140693083 0.0028700953765514866 -0.9957665999193034 -41.04656403339865
-0.9949610707882709 -0.047342057797237685 0.08838097747468293 -438.2989548883156 -0.04692073380880338 0.9988751986868951 0.006839750511437959 -30.779305713847354 -0.08860537429919713 0.0026583851749334897 -0.9960632613612254 -39.62193139390803
-0.9955360354979316 -0.04711297788957742 0.08178245129266577 -438.63171488739664 -0.04669769510230146 0.9988846504934559 0.0069842881311543885 -30.68603166611509 -0.08202028588827005 0.003134058541680972 -0.9966257323488411 -36.78994693456101
-0.9958125555250724 -0.04711514630565425 0.07834230815607568 -438.66685047140476 -0.04669897211944726 0.9988835121645311 0.00713688509359265 -30.679998387134983 -0.07859109530736808 0.0034484945191855694 -0.9969009718241524 -35.312493592859596
-0.9961150944731939 -0.046380471082326624 0.07485700010581206 -438.6358065152883 -0.04582083028892173 0.9989075181413725 0.00917723881552929 -30.214136067101112 -0.07520086485070446 0.00571157621194781 -0.9971520484975605 -33.8096876919093
-0.9967731788670785 -0.04695837185136657 0.06510100770562592 -439.0063126954301 -0.0464426318703199 0.9988765999779241 0.00941381758376181 -30.47848435611369 -0.06546993077877146 0.0063599787429818155 -0.997834274233057 -29.61991709488936
-0.997458903672729 -0.0487936794235905 0.05191254503783646 -439.48326026593094 -0.04847287075477465 0.99879692572715 0.007421722090297414 -31.478441389132158 -0.05221222351890821 0.004886512693381268 -0.9986240562438444 -23.883648217384078
-0.9978276519001548 -0.04805194637185852 0.04506647926452156 -439.46964561479115 -0.04775067273644063 0.9988293085297094 0.007738583544719484 -31.13641697425828 -0.04538557432313559 0.005569817944716862 -0.9989540163448075 -20.83039267321456
-0.9981895987881373 -0.04902479329084154 0.03484385905676637 -439.62607232242954 -0.04878055907401163 0.9987788614859937 0.007825784635966076 -31.604575862921205 -0.03518496735261243 0.0061119139008922185 -0.999362127849992 -16.45403080627651
-0.9985858586449006 -0.04967280996132303 0.018944520711089628 -439.933107877603 -0.04948318605687435 0.9987213235394279 0.010350468845115993 -31.852537912550304 -0.019434433670353583 0.009398396575972287 -0.9997669593108753 -9.628805908673591
-0.9987165471159003 -0.04977213900862443 0.009380442175069262 -439.83473710322585 -0.04969865159592507 0.9987329275650847 0.00791096876633802 -32.02485626219822 -0.009762302312492978 0.007434620083184353 -0.9999247091045297 -5.425561952048234
-0.9987184774732 -0.04985893963724737 -0.008688434373506077 -439.9661947714614 -0.049923244801402575 0.9987260234511388 0.007348449494519999 -32.10108867358768 0.00831097961209328 0.007772787127125184 -0.9999352536030339 2.453772900481578
-0.998356286946876 -0.050508409631778516 -0.027085510335148718 -439.8496422633966 -0.05065856934666282 0.9987040772510963 0.004886249460015532 -32.44559667166732 0.026803612916850215 0.006250331071600169 -0.9996211780950317 10.51867112312658
-0.9975942950252407 -0.05262941673181445 -0.04511947503642063 -439.48458537590903 -0.0528502518922585 0.9985955393819721 0.003714781467733611 -33.40954974859825 0.044860599728692906 0.006090420420397839 -0.9989746910563274 18.384002663510206
-0.9965944682946293 -0.05390566267329395 -0.062399080893057055 -438.99071833438074 -0.05439922696187988 0.9984997873606183 0.006236885981754923 -33.96293008334992 0.06196926553135122 0.009610107832515388 -0.9980317910552511 25.74376190376177
-0.9953844128418599 -0.053638546565281046 -0.07957874712402797 -438.3931142036392 -0.054598090272244125 0.9984590370921742 0.009929742574343061 -33.93956074646765 0.07892350226700341 0.01422875860126305 -0.9967791245900856 32.98055166290517
-0.9936635111237381 -0.05270918027540304 -0.09927018170598854 -437.6498604490685 -0.053936473387165326 0.9984970757888729 0.009718357866630598 -33.691971273736925 0.09860873946968658 0.015011061113837279 -0.995013057474341 41.43121187413716
-0.9912870471748505 -0.0514519481702648 -0.12125463757254815 -436.6362637390613 -0.053234932415304026 0.9985156906896 0.011509014615024835 -33.38109042277547 0.12048249696160698 0.017863719549836954 -0.9925547115649299 50.812814518270486
-0.9889801571303979 -0.05183589015741342 -0.1386769241579943 -435.39421866660945 -0.054693245539043485 0.9983606651237151 0.01687101734152982 -33.8832902924364 0.13757506203792688 0.024269792444948327 -0.9901939605349751 57.97390342822166
-0.985247931935878 -0.05275312301279692 -0.1627993262531274 -433.75017520341606 -0.056503762831117 0.9982311299127271 0.018491513163778856 -34.73542407995013 0.1615358703260684 0.02741749962265053 -0.9864859062918444 68.17876373103294
-0.9813188835159974 -0.0516419970716116 -0.18532769084346745 -431.9282419286734 -0.0560666170236889 0.9982517031315405 0.018710201775965843 -34.61011799884421 0.18403745083660333 0.02875137098355514 -0.982498638857139 77.7783363430706
-0.9765924946916593 -0.049684925838854734 -0.20928092950937702 -429.827651681436 -0.05497178780181473 0.9982971278877215 0.019517863535715257 -34.14190651886829 0.20795480724857882 0.030565545889351554 -0.9776607517675506 87.92991191959052
-0.9711261339526998 -0.0466833956952813 -0.23395446676744766 -427.38031768945467 -0.053585919009541884 0.9982929795950105 0.02323093143242281 -33.467977514968815 0.23247060295440755 0.03509682973821003 -0.9719699744870421 98.30225120618469
-0.9641004883711429 -0.044629861284279634 -0.26176024106855816 -424.29700922239317 -0.05332576764357071 0.9982331729404524 0.026208680746275203 -33.363813232025585 0.2601280662053744 0.03922636770059428 -0.9647770111529763 110.00810381090753
-0.9558387315843617 -0.04260494713907831 -0.2907871002683492 -420.5939570529364 -0.0531792271413227 0.9981766209514342 0.02855526547992024 -33.266737175809496 0.2890402895858123 0.04275806199131879 -0.956361573428636 122.29921324422156
-0.9456178373730506 -0.04053263082695683 -0.3227444987604907 -416.05343309244745 -0.05145998175644282 0.998352160589287 0.02539357643832626 -32.67699593083067 0.3211833991966916 0.04062104485298446 -0.9461454194760499 135.9925323461253
-0.9324021438358742 -0.041225797888154295 -0.35906360962752965 -410.2487015789623 -0.05269704097635437 0.9983634243789379 0.022214741382626704 -33.33527861866104 0.3575601544392249 0.03963466223958029 -0.9330486747788413 151.6071334445905
-0.9177891517618985 -0.04285376006244591 -0.3947488165361427 -403.669335207063 -0.05323491356747908 0.998463597966787 0.01537815049612353 -33.899911805995536 0.393483312080243 0.03512831882867024 -0.9186603748560365 166.88938365230365
-0.8992856815928584 -0.044097623304781126 -0.43513292509408874 -395.5383875890758 -0.06055476620835198 0.9978758133930219 0.02402043577179641 -36.454437488614175 0.43314937743406723 0.04795060650382629 -0.9000457522617364 183.77401383037034
-0.8711518002781847 -0.037446855740778606 -0.48958377614786935 -383.89203270125546 -0.058333499356829896 0.9979191623068094 0.027469043552017423 -35.34162377057206 0.4875364024612567 0.05248884163329593 -0.871523480910945 206.9087959072865
-0.8413593669247081 -0.03162143363538915 -0.5395502762698736 -371.35360064883537 -0.053045643013947236 0.9982985566937499 0.024210565057701416 -33.15663406083832 0.5378666892876813 0.04899057703292545 -0.8416052209419151 228.24876322931183
-0.8093906108017481 -0.027625640811071675 -0.586620544403067 -357.8483859862636 -0.05216665555513322 0.9983263443075655 0.024962978782278843 -32.69517816088985 0.5849491253042141 0.050806832525459276 -0.8094771068872577 248.05589142574115
-0.7759020522971661 -0.025901180494996078 -0.6303214529825327 -343.6113841975455 -0.05243668866259467 0.9983471534449795 0.023523496560003142 -32.87749421329619 0.6286703420101409 0.05130389904551114 -0.7759777774006034 266.45547864056726
-0.7386661875647142 -0.023165300341538058 -0.6736732384537006 -327.8533850836883 -0.05245291401637277 0.9983542572847754 0.023183372760549718 -32.92979261650601 0.672027495836146 0.052460898023670266 -0.7386656205745253 284.61609575353447
-0.7002115414329054 -0.01996882275286241 -0.7136561100151946 -311.5261759010331 -0.052429942643464025 0.9983478862532277 0.02350742708414008 -33.00874328498182 0.712007653300551 0.05387712066896165 -0.7001016765512453 301.28621032576035
-0.6593719722287303 -0.016705165334836236 -0.7516312524704719 -294.1885936105765 -0.05578317294084026 0.9980844117176105 0.02675340544611365 -34.39332784234344 0.7497445163893143 0.059568821857139506 -0.6590407541318712 316.8988922520968
-0.6164570812819703 -0.012403753461339245 -0.7872908063970927 -275.99450749748496 -0.059082582583118146 0.9977857600084278 0.030542193105811976 -35.79419828113559 0.7851687177751181 0.06534312530384508 -0.6158249431477282 331.536520063003
-0.5711635129793998 -0.017206184520826836 -0.8206559502344855 -256.47049320573683 -0.06494937059971215 0.9975929436159607 0.024287818064691272 -38.82766973306326 0.8182626844111445 0.06717340293507212 -0.5709062210542027 345.3114348850869
-0.5254801310912681 0.0029129676586651873 -0.8508008853120236 -237.68786323715963 -0.06536585327477831 0.9969002813241483 0.043785092457294034 -38.27638255479378 0.8482911864766506 0.0786215219596594 -0.5236608818985651 358.49205909401917
-0.4794852028975152 0.009059706493913813 -0.8775031976697137 -218.20017697846004 -0.06864759591374814 0.9964952570981772 0.04779864178090897 -39.61776747729742 0.8748608162316972 0.08315722637919715 -0.47718280346563985 369.60320927643966
-0.43196543152720857 0.01434217598038567 -0.9017761185314569 -198.08945470408548 -0.07308203552601714 0.9960288283331517 0.05084868938983181 -41.43585997307014 0.898924291611305 0.08786851038590146 -0.42920186722995074 379.5762244242796
-0.38666718511805714 0.022208178100770547 -0.9219518885377495 -178.88533221842368 -0.07459458299742197 0.9956811557382721 0.055269198430411025 -42.02235040831644 0.919197550116578 0.09014340204997745 -0.38334061997985197 387.766272325221
-0.34422357305241974 0.027969132657998757 -0.9384710221276865 -160.93151046586783 -0.07343992673176336 0.9956915684041583 0.056611639885278967 -41.5287405467425 0.936011062390108 0.08840830406260798 -0.3406864582810928 394.50206176901787
-0.3065518849405577 0.03254238946044364 -0.9512975006419369 -145.00702946431662 -0.0724365200311633 0.9957196829270618 0.05740438656937443 -41.07922042642547 0.9490937216129742 0.0865061033675434 -0.3028824882276919 399.42655708459665
-0.2740475823925136 0.03244737904242043 -0.9611686065296224 -131.2263452068176 -0.07254373435752007 0.9958858332711745 0.05430298053739132 -41.16957332447092 0.9589761880204765 0.08460836059785246 -0.27056625090106806 402.9669423612216
-0.2469927616182332 0.032399367383019254 -0.9684755323194172 -119.84519259751448 -0.0706295854563267 0.996180587664783 0.051339053537383404 -40.430168097917864 0.966439877781575 0.08108339998438042 -0.24376104053048941 405.19442224436943
-0.22596335853194213 0.03463354670259163 -0.973519942293821 -111.00330792497648 -0.06976380735306095 0.996226340442303 0.05163419208762577 -40.01615407265413 0.9716344846620926 0.07958389316775248 -0.2226944816642159 406.40342207774574
-0.210619552717146 0.03559898696579818 -0.9769197081338049 -104.52244531664341 -0.06882885210588657 0.9963166050640582 0.05114500553736056 -39.64228876165029 0.9751420374135328 0.07801240030046236 -0.2073935203142689 406.80548092705504
-0.1959373038100152 0.038400559903031165 -0.979864260994754 -98.4210616841426 -0.0674215600418934 0.9963408693179734 0.05252813882313051 -39.01832449109788 0.9782959195545994 0.07635619900072568 -0.19263131795474592 406.9503516681385
-0.18213543913361524 0.04024000849676218 -0.9824497053426123 -92.68211805677655 -0.06523041126773481 0.9964666721735707 0.052907132724919884 -38.093313713457285 0.9811073719310478 0.07372186218151723 -0.1788670226146845 406.9334497935341
-0.16816675729674718 0.042410921325818654 -0.9848458029014451 -86.87876352164146 -0.06180262724395605 0.99665496694809 0.05347253616059478 -36.64139804107613 0.9838192806639039 0.0698583610600529 -0.16498312757358474 406.8746084714397
-0.15392043004265538 0.04353133058803198 -0.9871238648076134 -80.99184988669967 -0.05853040826062514 0.9968730494056708 0.0530878015883435 -35.29635470850811 0.9863481598930107 0.06594806006149274 -0.15089122191100837 406.6883690078293
-0.14140939245833833 0.0405722641264296 -0.9891194443080265 -75.78176127714609 -0.05886043893305391 0.9970475073648917 0.04931244047970752 -35.48520182304319 0.988199793793326 0.06519324689806222 -0.13860378099358048 406.0840670336575
-0.1313245590491734 0.03589033993839631 -0.9906895294135528 -71.60329507521115 -0.05953129935340597 0.9972553831664265 0.044019599531110676 -35.86382969343354 0.9895503446454029 0.0647578894397474 -0.12882752488297725 405.18776646729987
-0.12641501252437637 0.03095549468818448 -0.9914943277483093 -69.498948585768 -0.060091100661584296 0.9974384257740267 0.03880265984067535 -36.190889621546745 0.9901556969637357 0.0644852241838516 -0.12423104133918098 403.9192872787299
-0.12352541425436306 0.02854024110560318 -0.9919309082143383 -68.31430926813756 -0.05993149988501859 0.9975471414891136 0.036165118946707125 -36.1732089651399 0.9905300032582657 0.0639152184110443 -0.12151196443415968 402.40927249626793
-0.12205413463580142 0.027510173646299887 -0.9921421161125337 -67.74209090592164 -0.0612986367765708 0.9974986003787254 0.03519970698483819 -36.741993703793874 0.9906287222504908 0.06511322898178873 -0.12006249232764347 400.7499526839479
-0.12096863087695948 0.02832370454879449 -0.9922521645753094 -67.33723064229925 -0.06174492254309007 0.9974425341414066 0.03599938368524717 -36.907815509009104 0.9907341494487317 0.06562132920173464 -0.11891041279003213 399.02352584075993
-0.11724407201475368 0.028803293066023198 -0.9926853468677534 -65.89047814700764 -0.06194774854383121 0.9974206188516046 0.03625721362752892 -36.978479261844065 0.9911691601476256 0.06574556561650977 -0.11515735570954942 397.4946086592884
-0.11289740095369982 0.029241774898366858 -0.993176266056883 -64.16711939135766 -0.062105601184037316 0.997404652328685 0.03642600464865727 -37.03596703225935 0.9916637893759501 0.06579421033714092 -0.11078831493728576 395.97687839575383
-0.10789142141113199 0.02852112295905991 -0.9937534838837242 -62.19568487391849 -0.06148462658193388 0.9974834840595753 0.03530353696798418 -36.810644198472794 0.9922595839194325 0.06490951065540289 -0.10586630033448065 394.46361492663027
-0.1020749607382217 0.028945338164378814 -0.9943555047309992 -59.97519674880809 -0.060751368482627036 0.9975294518447645 0.03527412549973292 -36.53333573838152 0.9929199230641806 0.06400906264610187 -0.10006431072759576 392.9483520602415
-0.09681481600193316 0.027248402457674008 -0.9949293522486994 -57.912433552081566 -0.061118985953435186 0.9975759079436851 0.03326826485340425 -36.72324348965471 0.9934240589791127 0.06402993404523455 -0.09491473324846515 391.35026142230487
-0.09085615416421339 0.029063269012518548 -0.995439845317031 -55.64934127952853 -0.06366238316577995 0.9973600151020531 0.034929947685124044 -37.665798542061786 0.9938270776247455 0.06654567356288509 -0.08876605832140926 389.68000699344014
-0.08547187308995706 0.03034808240199141 -0.9958782821233809 -53.61878318338229 -0.06615746180028569 0.9971572100711125 0.03606506136607962 -38.65344435062529 0.9941417148267333 0.06896732775537477 -0.0832211424077121 387.9320737054418
-0.08040956820955228 0.027910191689666554 -0.9963710767280427 -51.66312328396019 -0.06913318634827531 0.9970445317093826 0.03350827261665971 -39.87082901662749 0.9943615559170054 0.07157669305202508 -0.07824239979734893 386.16533266829487
-0.07791005008404328 0.026669429941338366 -0.996603615086011 -50.74107893056237 -0.06794391279030884 0.9971759431226651 0.031996299351116364 -39.46033683788463 0.9946424728567772 0.07020598239485996 -0.07587800224918839 384.36640320120915
-0.07686091424797815 0.025343033042994526 -0.9967196850354402 -50.40193530868041 -0.0660351616254492 0.997352531779076 0.030451351086095195 -38.72804117163656 0.9948526309409179 0.06815906418114553 -0.0749838961370022 382.505166429851
-0.07599036918586902 0.025678091417046044 -0.9967778586085132 -50.236474478787514 -0.06656760675354853 0.9973074606531831 0.03076658344055483 -38.860418656903576 0.9948840221463506 0.0686910805467313 -0.07407643303522532 380.4749312661645
-0.0759089719534958 0.0256095166877491 -0.9967858248550604 -50.28068153428342 -0.06818217277903005 0.9971969649289553 0.030812407429648758 -39.49036891910849 0.9947808900919307 0.07030196150535262 -0.07395008395131164 378.4378527985102
-0.07503129842632685 0.026578911376907977 -0.9968268985769184 -50.076746189025876 -0.06987088834831942 0.997047651486938 0.031843988848733386 -40.10198802766222 0.9947302967226224 0.07203847676346334 -0.07295268773474894 376.4181451008933
-0.07335861715649994 0.023924117323181334 -0.9970186306680496 -49.557240625834154 -0.07085045996144475 0.9970612714992891 0.02913817426456429 -40.56242088838227 0.9947857687020546 0.07277676474347466 -0.07144800138097045 374.4850099468538
-0.07091408899558323 0.0270962598496634 -0.9971143287928852 -48.91134720339396 -0.07256045268500683 0.9968424960319618 0.03224932264273257 -40.99811295946972 0.9948397723694371 0.07463799841185252 -0.06872406059742771 372.45239207631954
-0.0696260815711163 0.025166410614491316 -0.9972556645824757 -48.538467813850325 -0.07170640939408907 0.9969695228705507 0.030165565121089928 -40.75483790325126 0.9949926630969999 0.07360993305288521 -0.06761048838079936 370.5433384626002
-0.06779822038717179 0.02395867998961718 -0.9974113409047882 -47.99856207092999 -0.06985244020958714 0.9971443836862548 0.028700429957139395 -40.053635320948075 0.9952507412250937 0.07161745413035657 -0.06593104242151594 368.6527537480578
-0.06544673646528783 0.023994783394704528 -0.9975675290705308 -47.32045715622802 -0.06784210884158537 0.9972906656650726 0.02843899515176872 -39.24745421067933 0.9955471726412413 0.06953832430506973 -0.06364156266837968 366.8639482130337
-0.06276067506461283 0.022850845942323537 -0.9977669750523687 -46.52055864746853 -0.06742562219203485 0.9973566655921832 0.02708259719560456 -39.0856292114361 0.9957484035324641 0.06897478117806961 -0.06105404510748122 364.97437002710075
-0.06010544640322445 0.020358725990462605 -0.997984397467573 -45.721513481150296 -0.06840707405723509 0.9973574549856619 0.024465878350307717 -39.540327176645874 0.9958452728871073 0.06973972512542162 -0.058553934178956484 363.0809872275314
-0.05703537639646837 0.018112064882271923 -0.9982078535781082 -44.810301989420196 -0.06962462787706339 0.9973290007904269 0.022074314833063775 -40.03457364195953 0.9959414526126994 0.07075886720453589 -0.05562198917368229 361.13236004827195
-0.05878646260448833 0.01949229260222526 -0.9980802584680053 -45.354578999500504 -0.06857015626597965 0.9973690777001822 0.02351715367868871 -39.56477532672479 0.9959127900996705 0.06982100956443674 -0.05729521043937799 359.478065967601
-0.05783603293844078 0.015673698122084117 -0.998203049725416 -45.03605838765853 -0.06537002527090267 0.9976714611896806 0.019452900136702356 -38.55313059529709 0.9961835940678931 0.06637763715909709 -0.056676769448779585 357.82252469125996
-0.05676950005444888 0.013641750415023076 -0.9982941082212107 -44.668475670510205 -0.0619593625548458 0.9979311423253255 0.017160203060234712 -37.435377091440905 0.9964628750010536 0.06282784273620681 -0.055806817878726656 356.26508928685263
-0.055473085183897215 0.01469806338225484 -0.9983519939144666 -44.25820293453921 -0.06624371344943196 0.9976343897938575 0.018368307735514327 -38.83288133861977 0.9962602607996615 0.06715349010623518 -0.05436820318846431 354.4307508218493
-0.05558647331505469 0.013934243932131104 -0.9983566400993357 -44.30649557204004 -0.0689254093064779 0.9974637293474328 0.017759408443018872 -39.79084305538866 0.9960720013815915 0.0697993229361958 -0.05448506750770756 352.5449283906665
-0.05506932991051046 0.010678583930628944 -0.9984254287368907 -44.13481817016577 -0.07033908800965973 0.9974170566303222 0.014547434168069175 -40.37152959979311 0.9960018983923559 0.07102945155455923 -0.05417596709503045 350.7456471623679
-0.052873194274504466 0.009334652270865131 -0.9985576045447717 -43.3888742746798 -0.06909403378309216 0.9975256603711681 0.01298350479055541 -39.93775012510197 0.9962080303946519 0.06968085223393504 -0.052097399255251545 349.2106486466958
-0.05140419708457004 0.009333861717329379 -0.9986343112208454 -42.93639285735803 -0.06766927353295171 0.9976255975423758 0.012807675344891724 -39.411261476728946 0.9963826965286046 0.06823522663301823 -0.05065052719101153 347.6102378274808
-0.050829416998252774 0.008356723154946424 -0.9986723864940542 -42.72358799653706 -0.06637133857181399 0.997726077185142 0.011726905855102086 -38.99413240871257 0.9964994810755315 0.06687929487412658 -0.050159187925406634 346.03326483854386
-0.048550699499732945 0.008168411733389919 -0.998787318015122 -41.98439085833455 -0.06744610768164143 0.997657356776447 0.01143770206071093 -39.34039204080184 0.9965409435325189 0.06791962543762281 -0.04788603495519294 344.46380734871383
-0.04739979148765458 0.008611761032404248 -0.9988388745632841 -41.64201163486114 -0.06775396384979918 0.997632080493747 0.011816613404815168 -39.43504341259428 0.9965754663594562 0.0682353980104133 -0.046704071651125986 342.774957318622
-0.04549383164312565 0.010729771975839103 -0.9989069943071643 -41.0722434082454 -0.0682370368761176 0.9975733685910491 0.013823207886532733 -39.469649175239205 0.9966313350887549 0.06879132409870761 -0.04465126703635925 341.17273527756515
-0.0456562344784842 0.013410891672531951 -0.9988671864856674 -41.14291512541288 -0.0659133027727632 0.997690442316964 0.01640785869534924 -38.5747026776794 0.9967802891163285 0.06658775633649261 -0.0446668326081016 339.6465994457808
-0.04273827058477457 0.01668337193643699 -0.998946998257792 -40.2688650890453 -0.06493823640232131 0.9976998947908071 0.019440817559159294 -38.1120108585132 0.9969736534534795 0.06570072324748633 -0.041556579315174445 338.14475993085506
-0.04113540361720056 0.018748178357413103 -0.9989776696090501 -39.727490925665805 -0.06372007696425053 0.9977394357559305 0.02134877348015869 -37.663522734486776 0.9971196670214263 0.06453312440689482 -0.0398477790267443 336.644925489191
-0.037975751228419015 0.02072197766510808 -0.9990637827287526 -38.66288487808495 -0.06393017361968609 0.9976864424860517 0.023123481149771717 -37.67469848923102 0.9972315554672316 0.06474845265466825 -0.03656313251394304 335.151505044636
-0.03524420615049995 0.021827957256654023 -0.9991403235856424 -37.69998408649871 -0.06609983017766637 0.9975213451634497 0.024124228356254957 -38.314746857011876 0.997190382215605 0.06689324499007919 -0.03371402366067446 333.56767334353003
-0.0326745864832518 0.020966484125468754 -0.99924610479179 -36.75830608068558 -0.0664904607986313 0.9975195252692295 0.023104443932647756 -38.44019207298008 0.9972519190359748 0.06719526211026829 -0.031199466806312106 332.0278135159745
-0.030079967022234696 0.019353084709252923 -0.9993601221262421 -35.7692284146771 -0.06526518471148329 0.9976409361571537 0.021284223454337805 -38.03603926644339 0.9974144831756341 0.06586365170346005 -0.028745923811352152 330.6142841375163
-0.027929610762519784 0.019841480759185636 -0.9994129539304246 -34.96066291796509 -0.06516370943522294 0.997640189958941 0.02162735192597181 -37.91277970550151 0.9974836478936866 0.06572949885683646 -0.026570757699643382 329.1178507138311
-0.02716808101384316 0.02022385948279435 -0.9994262808639994 -34.57813220380227 -0.06584136594423001 0.9975880658748564 0.0219764727529608 -38.064619325468875 0.9974601796085013 0.06640065008479834 -0.025770986859119847 327.56297366370706
-0.027023260904450428 0.018933986715508062 -0.9994554755051106 -34.33005244372649 -0.06770355193805139 0.997490153912586 0.020727322606083457 -38.62309791406098 0.9973394469412415 0.06822680554226501 -0.025673538525812455 325.96816475449884
-0.027247812169270816 0.02294420203904976 -0.999365358777649 -34.328426282143816 -0.06695086977075214 0.9974498600832703 0.024725647752968597 -38.292216036276876 0.9973841475424239 0.06758209979465982 -0.025642192153104166 324.32551645852254
-0.02711106218146894 0.024502615220219525 -0.9993320830208359 -34.17668743349437 -0.0671683372560651 0.9973955659819925 0.0262773558357151 -38.32363491253833 0.9973732524875771 0.06783588141117619 -0.0253946532860919 322.7682055181923
-0.028896599181315704 0.025907502024799453 -0.999246610149161 -34.58183065522189 -0.06775764989694348 0.9973139548418273 0.027816835876797317 -38.45819013223336 0.9972832533619511 0.06851041392801868 -0.02706355015909636 321.0852585259528
-0.030587888078284203 0.026870473471459107 -0.9991708356223825 -34.931412028788785 -0.06858157846509311 0.9972263206010779 0.028917686554648582 -38.59511679248941 0.9971764879890355 0.06940924402308554 -0.02866022759848785 319.4285547671624
-0.03340827178319292 0.026477701036976598 -0.9990909962181906 -35.62581084080354 -0.07035467691931356 0.9971068469970218 0.028777684188207458 -39.02422588572439 0.9969624400207058 0.07125213694657645 -0.03144878643933641 317.69276156175
-0.0372389968940937 0.026271836289346987 -0.9989609840871201 -36.62256483636488 -0.06779543320943153 0.9972847780088131 0.02875501326478223 -38.26024223658345 0.9970040302557794 0.06879580052516318 -0.03535677422835358 316.0825450063119
-0.04166886641615171 0.027847465406296058 -0.9987433225018518 -37.84406303906239 -0.06665329102673127 0.9973072222802293 0.030588285061431283 -37.86958863646889 0.9969057349453352 0.0678441084998444 -0.0397005362049755 314.3914312087504
-0.045655226830048044 0.033726388731932004 -0.9983877658335961 -39.06862067288287 -0.06787287673306366 0.9970156594302146 0.03678379337306886 -37.93981537298495 0.9966488212339767 0.06944282219233956 -0.04322986905934257 312.4970547165771
-0.051464297229629856 0.034326921839812785 -0.9980847101061431 -40.668998366559705 -0.06558193305591618 0.9971356666162458 0.03767588643183383 -37.24805232936265 0.9965191599599627 0.06739528766003225 -0.04906566043488931 310.767005025821
-0.05739548625099821 0.03956053446632788 -0.9975674023697597 -42.393958770181236 -0.06409991464478147 0.997006863563929 0.04322632240832548 -36.59062687482963 0.9962916034477775 0.06642498113778622 -0.054687866847240786 308.9317696506068
-0.06273849243996371 0.04619595779658711 -0.9969602875990681 -43.960505776296834 -0.062388314655502444 0.9967929856693519 0.05011428852957899 -35.80363475139304 0.996078099227569 0.06534276703381803 -0.05965520124479968 307.2046674761424
-0.06878133392296003 0.05098331197874481 -0.9963281738480833 -45.67580068412447 -0.061125046232991156 0.9966016279613693 0.055217061382904935 -35.299501229090914 0.9957574287078118 0.06469850882691791 -0.0654312320591647 305.35402171662304
-0.07582371562449734 0.053435964987394474 -0.9956883858892607 -47.59121662874097 -0.06282473206748997 0.9963229872107936 0.058254254745976175 -35.70635825077473 0.9951400992772543 0.06697091011198028 -0.07218781066932008 303.359631251779
-0.08288131259514248 0.0547019887964067 -0.9950569734664564 -49.47207028667428 -0.06428864112128327 0.9961190375280249 0.06011517027356618 -36.030378169971506 0.9944836140657548 0.06895328488156895 -0.07904293680498006 301.3241113874937
-0.09017372461104567 0.06210786294658002 -0.9939875817886158 -51.52500884045652 -0.06778708669686581 0.9953562924619513 0.06834297281761995 -36.649785169277315 0.993616430151456 0.07354226279226914 -0.08554487311621856 299.1584875626469
-0.09739629762867079 0.05805568031381786 -0.9935509545018449 -53.29999451059352 -0.062409917063276504 0.9959761739440476 0.06431534177730183 -35.24123810181382 0.9932869492047011 0.06827150883843111 -0.09338114167508178 297.3563011799059
-0.10370679860974812 0.05526773810509463 -0.9930711842797894 -54.90894119009529 -0.05846214406950533 0.9963898997213 0.061557659508570936 -34.20082322956173 0.9928882503247348 0.06444101844418214 -0.10010133619968829 295.41660665768654
-0.11103912639464103 0.05007913221683856 -0.992553471066382 -56.65355046483047 -0.054660552634851256 0.9969100718888727 0.056413939342818735 -33.27371930980951 0.9923117133215588 0.06051767578923515 -0.10795867043411304 293.4885995613347
-0.1175026767553878 0.05587026095800834 -0.9914996898112488 -58.41419090117707 -0.051875474429203434 0.996707686853261 0.06231149268286004 -32.210401204780325 0.9917167217043704 0.058756283988226396 -0.11421752485424896 291.46854764967077
-0.12672214873055107 0.05923611525973907 -0.9901679552833685 -60.753552036663805 -0.05335770077811444 0.9963630279841368 0.0664354742133719 -32.4031810007722 0.9905021215468371 0.06125193152233899 -0.12310056090854095 289.1990837671922
-0.1285664390943068 0.054858870632145736 -0.9901823948402514 -61.132808939131465 -0.05294174674585466 0.9966653136582903 0.06209206069957783 -32.50960627389601 0.9902867474575775 0.060404940720008723 -0.12523338591008606 287.35106697222
-0.1392517522962277 0.05502309995781664 -0.9887271655787871 -63.68134747844747 -0.05389328573418084 0.9965542333861092 0.06304897836602197 -32.8143114663704 0.9887893927602603 0.06206543636563982 -0.13580654760923247 284.9988206624196
-0.14399729170910824 0.05192242550393025 -0.988214977477184 -64.7214898298389 -0.05863674680289796 0.9964201894061903 0.060897767349103404 -34.10397636448671 0.9878393148203888 0.06671482499056339 -0.14043724656110174 282.7807931522293
-0.14876347288874942 0.044395457398064386 -0.9878757373761615 -65.67607234307303 -0.05647555783275267 0.9969797589609614 0.053309207362545734 -33.845057588062154 0.987258801177056 0.0637212961619594 -0.145806913121025 280.87207705134114
-0.15441697556341066 0.04360186987281976 -0.9870431979409223 -67.00146363795571 -0.05792324527095938 0.9969078962582738 0.0530993788587315 -34.09967297604396 0.9863063901826498 0.06537219073502518 -0.1514139404525692 278.58730678635555
-0.16421984348146218 0.03922053149224905 -0.9856437454356364 -69.21852391631461 -0.054982410289381375 0.9972918956290457 0.04884474865729598 -33.46472993710699 0.9848902363033629 0.062214345790097235 -0.1616186796512582 276.29279827719176
-0.16980916356413114 0.035935381345988796 -0.9848215555810954 -70.4594081414532 -0.053662507696795994 0.9975150556148021 0.045651386501285515 -33.148887120231585 0.984014828769029 0.0606000180636673 -0.16745881455851086 274.12013147243994
-0.17877843054000822 0.03942296546540238 -0.9830992333267101 -72.65065718925564 -0.0508335923239279 0.9974923270987079 0.049244322217378886 -32.20815822949979 0.9825752992341585 0.05877828827992551 -0.17632610175973895 271.71206231665576
-0.1891372897084047 0.03279310337497923 -0.9814029233769366 -74.93944711046211 -0.047244295782517015 0.9979808623178343 0.04245203132202757 -31.479649181879772 0.9808134696045794 0.05439495214071147 -0.18720610840417756 269.2720119919679
-0.19520683037294784 0.03314287029998831 -0.9802019401756077 -76.3569169125222 -0.040162757805834844 0.9983203720632868 0.04175389333764293 -29.68198696221624 0.979939409484677 0.04751825829825378 -0.19354784645436748 267.1538095352184
-0.21004085328081393 0.036192488566686686 -0.9770224888529526 -79.9434093066747 -0.04629323342902981 0.9978255835506633 0.04691525711816541 -31.17670604655722 0.9765960149886712 0.05508365077886965 -0.2079086696728123 263.8475573972994
-0.2192707379219447 0.029700641853186195 -0.9752118822925994 -81.99602218614491 -0.04123269911750393 0.9983614732107196 0.03967660938143715 -30.343352553841935 0.9747923922634251 0.04891053753569388 -0.21768681931462514 261.35449595783297
-0.2294482094450378 0.024802428129767747 -0.9730048092077108 -84.28957468469757 -0.030128960168626727 0.9990152264124121 0.03257028024617356 -27.987898898486357 0.9728544418059792 0.036788815624108975 -0.22847498353944998 258.96522978238244
-0.24956894849588565 0.02715012395001321 -0.9679763482214618 -89.04505864721439 -0.02571264925962247 0.9990686298920417 0.034651586308421134 -26.68171564232972 0.9680155988488561 0.033537196292135724 -0.2486384058229001 255.28303299015417
-0.25539989126358337 0.017095078651887006 -0.9666843610136846 -90.25209291264787 -0.008341812276906998 0.9997674922970015 0.019884051752657082 -22.912064222411338 0.9667995188820104 0.013142284126106034 -0.2551979048845465 253.4026036622417
-0.25421506672166083 0.0238771486507709 -0.9668529265736391 -90.14220200427975 0.011436936116806292 0.9996995158661854 0.02168120082410356 -18.012730240140264 0.9670800878644755 -0.005546147241464697 -0.2544117605513046 252.23900335246051
-0.2619324145038549 0.02756159725410424 -0.9646925772436434 -92.01148976160758 0.02351281099065149 0.9994776554365793 0.022171242687672694 -15.020805638756926 0.9647997501821288 -0.016875267103081213 -0.2624436461579915 249.95227105810415
-0.270892678461459 0.031331342546095806 -0.9620995290146628 -94.21523582397555 0.03300476338017132 0.999184820166791 0.023246090907422884 -12.631657335512358 0.9620435761181485 -0.02545667147363287 -0.27170593576013025 247.4197203925683
-0.28836390343821244 0.028406820693648062 -0.9570994262520254 -98.28545799460086 0.04181352903211765 0.9989799110443539 0.01705186557814055 -10.644703949360837 0.9566074889858209 -0.03510256212719591 -0.28925753602689214 243.85903631199264
-0.28822863785831665 0.04123068990652278 -0.9566735506577839 -98.47464854412486 0.06037433498077075 0.9978672700080579 0.02481634788391255 -5.7645217769963075 0.9556564194280124 -0.050605747267458166 -0.2901031994817243 242.4743505144541
-0.3023337579760912 0.04308298994357604 -0.9522279951595499 -101.82903382026939 0.0678301485009704 0.9974179245662268 0.023591411749546945 -3.979029792762978 0.9507856592010581 -0.05745728614825177 -0.3044754350125594 239.28196271722643
-0.3099449214963376 0.04053064206973718 -0.9498902108623102 -103.6277423127228 0.0764961513216672 0.9969149390611032 0.01757677757068019 -2.111149338318705 0.9476721397569952 -0.0672151123647906 -0.31208916065475084 236.78446811893704
-0.33743173473309074 0.04994832763186071 -0.9400239299942301 -110.04978284265025 0.0654865621586869 0.9974175657901905 0.029490839760982962 -4.2986441105238775 0.9390693981658935 -0.05160779030293619 -0.33983128374002686 231.81375560830713
-0.353082390900653 0.03932891692559501 -0.9347652440743281 -113.5002577514709 0.07180500947755261 0.9973083157969684 0.014837919535552201 -3.422006165700853 0.9328327105380725 -0.061881819104439614 -0.35495601785928127 228.38868485630184
-0.36905980635770413 0.035982711566646175 -0.9287088369341198 -117.13842295271346 0.06423307944813587 0.997848464994477 0.013135920705247127 -5.249088119267842 0.9271833534074171 -0.05480588815516652 -0.3705770416360139 224.76372904878374
-0.38751951999209594 0.02177891668201309 -0.9216041994333867 -121.05489804607723 0.05779515795857114 0.9983282104405397 -0.0007098979734329811 -7.202818286251761 0.9200480103460033 -0.0535393596034432 -0.3881303848342897 220.99697006596455
-0.40158666845441904 0.01785594262907464 -0.9156469368880715 -124.24754542006764 0.05756245059034196 0.9983251891016189 -0.005777636822407263 -7.402239396191151 0.9140102362674694 -0.05502710348586768 -0.40194191854077704 217.56695819119088
-0.42039344602713785 0.015299037075404084 -0.9072129242917527 -128.47488320538127 0.04214528280374509 0.9991078958398762 -0.0026809714299101776 -10.96921731548273 0.9063625795865694 -0.03936180807560874 -0.42066319352921605 213.29892204381557
-0.44412488288179175 0.00037276653038144716 -0.895964814850644 -133.49837267208136 0.04897959964548565 0.9985146632535257 -0.02386348856026952 -10.165738596429348 0.8946251098777649 -0.05448236698980689 -0.4434834658286431 208.51304747660168
-0.4641109445718747 0.008711730982002144 -0.8857342360278841 -138.16963881193936 0.04684321950636042 0.9987937694164055 -0.01472137769530511 -10.22631173140166 0.8845375876212844 -0.04832299575012 -0.46395920528302126 203.7799069817261
-0.39447276238140805 0.14550507990538478 -0.9073144501554621 -125.07215096378711 0.1491454618111495 0.9844294887129833 0.09302802251704745 17.76830542914895 0.9067231501182266 -0.09862481165518608 -0.4100320421206847 214.29943015760975
-0.3462876823789261 0.07413623964672258 -0.9351944498357954 -113.35507794847076 0.0944402657682151 0.9945633240950151 0.043872891022854285 3.0262945564292107 0.9333626718667623 -0.07312737063588479 -0.35140647465523606 221.71298238676573
-0.41700554858682437 -0.001621395744155282 -0.9089024939583137 -127.48906921034619 0.01897228943549443 0.9997649994861395 -0.01048799485388562 -16.647888001146768 0.9087059065954053 -0.02161751323164022 -0.4168767904792762 211.37419873749838
-0.42099472763886414 0.009328480603430675 -0.9070151149511844 -128.7264380649265 0.02131719570785867 0.9997726874712678 0.00038801241132580336 -15.642201097932464 0.9068125586180594 -0.01917166753597372 -0.421097887309422 209.56242025156263
-0.42372065569516354 -0.03957206209577399 -0.9049280953969486 -128.3755698642535 -0.020970491359191736 0.9992060247749962 -0.03387563350705148 -26.718967421237526 0.9055501335814681 0.0046229811635146376 -0.42421407757846397 208.2549356179436
-0.4247038042542229 -0.04466665308149703 -0.9042298207615624 -128.4717636239588 -0.024251702355372107 0.9989850590265563 -0.03795664335231029 -27.599293689604142 0.905007477087818 0.005808781645513925 -0.4253559973374512 206.38708008237577
-0.40178389431207984 -0.04647314061170475 -0.9145545087489887 -123.34066779631782 -0.03601221124699959 0.998740711069286 -0.03493011156464157 -30.319750687560642 0.9150261323659127 0.01890077391276742 -0.40295153285845375 210.74816765756714
-0.394738592492064 -0.051511747911566444 -0.9173483435557507 -121.6498217723449 -0.04658879242133018 0.9982649450964094 -0.036008107592393174 -32.828633360420945 0.9176115343750352 0.02852436184664586 -0.396453569492236 211.21566862228886
-0.37779350050215893 -0.053365212141558496 -0.9243507046091389 -117.80498002918296 -0.047412638367766616 0.9981428683892143 -0.038247300646697714 -33.08072582545441 0.9246751390090103 0.02937632408654895 -0.3796220737547139 213.25136037712878
-0.3742480785038902 -0.052186621628421755 -0.9258590239659373 -117.05771392987876 -0.04586081905262245 0.9982351185230516 -0.037728416652330087 -32.68091404152702 0.9261939111287488 0.028340865729210775 -0.3759808962138239 212.15633956399805
-0.3578916789228327 -0.04933656908884356 -0.9324588189879154 -113.41464127100208 -0.05329292277694766 0.9980546935549836 -0.03235263597851643 -34.24287355691434 0.9322410688977859 0.038114716625076296 -0.3598247598997376 215.06118475273735
-0.35332329300062065 -0.05153611826422724 -0.9340806598669373 -112.35525652572014 -0.053646900738528173 0.9979545103506366 -0.034767877587960676 -34.392388836910825 0.9339618089966785 0.03782623144163974 -0.35536532688287903 214.0280119886317
-0.3599765325569544 -0.06882402255977682 -0.9304193409033172 -113.36383143466345 -0.05207487440793581 0.9972028300645831 -0.05361644492675517 -34.62514703087205 0.9315068993108262 0.029150808391490424 -0.3625536193536798 214.96675260443388
-0.3515777254696831 -0.06297821934241044 -0.9340379258049555 -111.59539352342694 -0.052773080956809396 0.997481336758685 -0.0473918214930924 -34.56973649764204 0.9346700513442646 0.03263015026882857 -0.35401577424395014 215.69708918313825
-0.34377212087503456 -0.06381760146128815 -0.9368820857785726 -109.7142271333088 -0.05132558762536281 0.9974736608881878 -0.04911191188732022 -34.2524022861186 0.9376494083419413 0.031202717478528815 -0.346179111816359 215.11350168648818
-0.3271476422846879 -0.03390404857936649 -0.944364831851281 -106.57179257651553 -0.04955583933231973 0.9985965810779562 -0.018683871319583142 -32.88698505150267 0.9436729512578177 0.04068640742736308 -0.3283686606773177 218.35909327493385
-0.3138255737641592 -0.0362422984610312 -0.9487887041137547 -103.44766273796321 -0.04682544402306583 0.9986460666516324 -0.022658582331357133 -32.360612714595355 0.9483253065502572 0.03731660975337519 -0.3150977365721235 219.78823785940324
-0.30126569215528315 -0.03317245925881198 -0.9529630479073785 -100.58743233614943 -0.0461384953685791 0.9987312063346329 -0.020179611951008772 -32.06044866908118 0.9524233417841677 0.037888856410455626 -0.30241397551136123 219.59029232512958
-0.2860278041416076 -0.04276181473988547 -0.9572666934862415 -96.84394650253606 -0.048407431418359584 0.9983730047470387 -0.03013409988444502 -32.97223279119745 0.9569978139167334 0.03771963139428341 -0.2876324278764 222.51087257517636
-0.2714692812693744 -0.045752978476395076 -0.9613589830482824 -93.38310897197587 -0.05141137474311266 0.9981326692851801 -0.032985527927620883 -33.73152026191561 0.9610729940405736 0.04047022938135083 -0.2733145818643937 222.3637815715173
-0.25346564119893705 -0.04133266501135555 -0.9664609560321983 -89.27504876555615 -0.05180384611931544 0.9982330604350831 -0.029105301607324375 -33.748494784225954 0.9659562776124279 0.04268920071242957 -0.25515897374710517 225.34163551892706
-0.2354785732274032 -0.04291022543209744 -0.9709317968344395 -84.93562002120217 -0.05113606331167118 0.9981880570973288 -0.03171286327728123 -33.649143629597184 0.9705333299685135 0.042181930036750685 -0.23724615950232658 225.5828989975914
-0.20191040786183237 -0.04419875119544042 -0.9784061823137832 -77.19112566146988 -0.05148561197633332 0.9980789373242026 -0.03446253950614424 -33.82359227843388 0.978049803924366 0.04341549565021299 -0.20379812506732095 229.54064786640345
-0.18065253025759967 -0.04260199748330809 -0.9826239021731354 -72.17447237026339 -0.05153429432740794 0.9980991322317138 -0.033798502133616175 -33.804918156410665 0.9821959477719825 0.04453304445838181 -0.1825045975628139 229.76541207930893
-0.1534613639904172 -0.038497244043577 -0.9874044621953306 -65.89262428842044 -0.05095214948821293 0.9982198551286147 -0.03099998854093728 -33.52859334154962 0.9868401533301792 0.045553079237925446 -0.15514969786374644 231.1174272286145
-0.11915640206527148 -0.03734506089325079 -0.9921729175268487 -57.877208446707755 -0.04965494337250598 0.998266061591361 -0.0316110245570412 -33.243025337080674 0.9916330664341183 0.04549963408371575 -0.12080415908699245 233.00472491782648
-0.08540289079726382 -0.034289106229408915 -0.9957562972120533 -50.04578224874349 -0.04849768546498553 0.9983660438817732 -0.030219479287312515 -32.87654109558552 0.995165474053441 0.045711044812444285 -0.08692628851012074 234.18552137078396
-0.044988303705763684 -0.029691491714372523 -0.9985461771242496 -40.69996919320977 -0.04162061703942451 0.998746036626026 -0.02782226736019663 -31.217482010941612 0.9981201214117144 0.04030843142048627 -0.04616766822663258 235.57089609842347
-0.0073780678811657474 -0.038618437225705904 -0.9992267912844335 -31.552199087463045 -0.046344233897678055 0.9981934666827836 -0.03823630547324413 -32.63604541913195 0.9988982811571847 0.04602629007480554 -0.009154481043272652 236.1533292919532
0.03715802659571198 -0.03401284760039421 -0.9987303976837917 -21.096094221010752 -0.04820922589578911 0.9981959073350241 -0.03578828185505411 -32.90076994605779 0.9981458568756577 0.04947784127991415 0.03545125701915923 236.62507680269766
0.08894565307296393 -0.02413077270457082 -0.9957441320982532 -9.043931514302814 -0.04008867573226855 0.9988097092689808 -0.027786017131753576 -30.861817688969584 0.9952294051511221 0.04238950906407646 0.08787241116442417 237.06637457791618
0.1428038668816462 -0.017865256324702553 -0.9895897575359709 3.6717550400004897 -0.048957988884125614 0.9984856370626792 -0.02509079321100182 -32.7656714615321 0.9885394129361109 0.052031386642949436 0.14171296297777772 236.4607715541874
0.1758465194065482 -0.0186541267633859 -0.9842408369740091 11.9525215865041 -0.030930475915445534 0.9992221025317288 -0.02446416709628851 -28.827138202269367 0.9839315561929328 0.034744976137085076 0.17513274782571897 236.364113168525
0.21548701521320232 -0.021585589632362435 -0.9762681028256163 21.791377872659968 -0.034715947868648074 0.9989543272307998 -0.029749875133200734 -29.819499761242163 0.9758894144512923 0.04030278435893696 0.21451232210488655 235.2242442322309
0.25786012095029015 -0.023897777200212654 -0.9658866674037854 32.2781273375419 -0.03751699612089315 0.9986924607795213 -0.03472526147070694 -30.538023282887064 0.9654535892654637 0.04519142647707716 0.2566263859142319 233.56243608760198
0.2969481963960359 -0.020650098671331347 -0.9546702792493362 41.92900427675591 -0.03782721021142024 0.9987269908264764 -0.033369146862215655 -30.538532399031283 0.9541440514014445 0.04602142131176928 0.2957890429946355 231.67239011792307
0.33600503906347273 -0.016583980884188932 -0.9417141738882278 51.57044807284376 -0.03801168192096266 0.9987916097173541 -0.03115176392687932 -30.51434225734987 0.9410928358889434 0.046263289293448584 0.3349686288329953 229.3923778868266
0.3780133111442347 -0.019514609722057322 -0.9255944666025008 62.0652204552107 -0.039392656584039246 0.998533329566226 -0.03714038708251593 -30.997872150877328 0.9249617047235114 0.050501185657199694 0.37669015787805377 226.39154827236632
0.42397902516206465 -0.02609332400895482 -0.9052960425544723 73.59973698257053 -0.044444278543988996 0.9977811158237953 -0.04957369272230979 -32.44371404591874 0.9045808379173912 0.061253435394150534 0.42187856585169736 222.32551094578633
0.47169247382457935 -0.02475176188395345 -0.8814156570091597 85.45909493687145 -0.04731884175436413 0.9974550104391287 -0.05333319196244652 -33.20768430257119 0.8804925538312486 0.06686443324756289 0.4693207966990257 217.50227067904518
0.5164855249439122 -0.011112091819792558 -0.8562238164982333 96.36317893978709 -0.061301419387587125 0.9968704055700393 -0.049915232942391696 -36.231709190926594 0.8540988458629827 0.07826823055374746 0.5141879477209738 211.98009950547436
0.5607971839611737 -0.004295516611124164 -0.8279420674167132 107.39061699680344 -0.06833586405784417 0.9963345429536064 -0.051455691627810905 -37.942936279932944 0.8251283101098189 0.08543434353040985 0.5584480681324295 205.66321746294008
0.6023117663995278 -0.00342545109205776 -0.7982535952574824 117.91512979402832 -0.07317539500097128 0.9955434827382581 -0.059485591060618334 -39.28001357979361 0.7948999293138302 0.09424139357095272 0.5993768948789002 199.2740068567314
0.6424225301465007 -0.008757431410292636 -0.7663005938633107 128.24356826421595 -0.07254597358298451 0.9947493050207961 -0.07218657685151833 -39.43022029069259 0.7629091521780726 0.10196630598260029 0.6384140490051871 192.39740719003365
0.6800806851136728 -0.009672842938666014 -0.7330734600603145 137.9513197859591 -0.06880317772865202 0.9946578386071296 -0.07695392668235157 -38.711190278489894 0.7299016265701544 0.10277266274100869 0.6757820620017713 185.38406805543244
0.7130401927989676 -0.004067921857856614 -0.701111357392654 146.39979854283442 -0.06789541570540894 0.9948827714552275 -0.07482301509399025 -38.43313761724114 0.6978279845201116 0.10095406417437663 0.7091152099252102 178.50921165536897
0.7433458033647224 0.0011808145646278606 -0.6689062881278804 154.21809735989183 -0.06715014208931905 0.9950785650124261 -0.07286636995346389 -38.21799719839648 0.6655282676471672 0.09908206260355486 0.739766767185973 171.60348561197017
0.768127746365378 0.005658527334675555 -0.6402716191836463 160.65013262265362 -0.0679998694899859 0.9950268110141305 -0.07278504731326765 -38.374530256304254 0.6366755712393796 0.09944660090446761 0.7646924810376764 165.1514408291752
0.7922046308096078 0.0013552587404198624 -0.6102540341509916 167.1047500259731 -0.06099509300271844 0.9951658442527717 -0.07697104041298872 -36.89329616362505 0.6071996554292524 0.09819931622172698 0.7884576543735132 158.61900739974826
0.8130807948795594 -0.0004899352075245084 -0.5821506514309815 172.70669038948049 -0.0562850919271414 0.9952485458891729 -0.07945011222295505 -35.86555098215027 0.579423514732339 0.09736576333074855 0.8091899027461006 152.36288344583238
0.8286849324406724 0.0008186899843251744 -0.5597147599380489 176.89855893771707 -0.054836429653752156 0.995306860338444 -0.07973217509925515 -35.535660855401005 0.557022664465843 0.0967656111949837 0.8248406923530349 147.16490207256942
0.8411706200482328 0.0018294005989604074 -0.5407667161180689 180.23590641185893 -0.05472771482210059 0.9951480568675248 -0.0817632077596059 -35.54620519030414 0.5379933691022802 0.09837173479327367 0.8371894269493252 142.60860233176518
0.8520217153125236 0.0019895507427619454 -0.5235026631486672 183.187960629538 -0.053047651112675745 0.9951736562618588 -0.08255507612395117 -35.19252418445654 0.5208118118354583 0.09810930419815196 0.8480151066357378 138.4544405100992
0.8613488160589713 0.008711561332822432 -0.5079392933933669 185.59121852249564 -0.05747250202526198 0.9951049275360122 -0.08039337475503863 -36.1574161638653 0.5047525419299685 0.09843928023249812 0.8576331264139364 134.50647035677574
0.8682104504843821 0.01089435210967003 -0.4960765331698496 187.4325989047335 -0.05708204749475215 0.9953143893799984 -0.07804425761661045 -36.00764315273186 0.4929018700750822 0.09607590429046987 0.8647642263017448 131.52761656967226
0.8751386945350663 0.009679748632348092 -0.4837753278060741 189.35434811557553 -0.05396215057637914 0.9955155545956557 -0.07769727706474949 -35.28362066044413 0.4808537736491542 0.09410145070358278 0.8717365228914349 128.47546191286668
0.8819175040922103 0.011065597772845666 -0.47127387846314583 191.1994889286113 -0.05371516195380153 0.9955719729055805 -0.07714355540916534 -35.22744897011188 0.46833342540549383 0.09334880454949426 0.8786067398655312 125.2395186623246
0.8886467064235409 0.012911138254278118 -0.45841066051257134 192.97514629580456 -0.05420902166719564 0.9955527180900647 -0.07704652797738328 -35.31404353123153 0.45537722070002423 0.09331713675667029 0.8853945441751142 121.91003538864561
0.8950890331419441 0.01629875572220145 -0.44558946723517545 194.66914671911925 -0.05565897687090268 0.9955995793779878 -0.0753893615575703 -35.61312711381245 0.44239993336652284 0.09228124459651453 0.8920574369697359 118.5310797985462
0.9010106185388629 0.019096841222038842 -0.43337648290551706 196.24083459644444 -0.05714417524658464 0.995549639888002 -0.07493635802637563 -35.937010583728814 0.43001675376152876 0.09228339598329574 0.8980920700630793 115.27060268988885
0.9066257795306814 0.020933352010661058 -0.4214160541127759 197.7411636813085 -0.05756924651263237 0.9955653979159022 -0.07439973339010802 -36.01207052855169 0.4179898057923806 0.09171332098528076 0.9038103722615153 112.07601636820631
0.9110561998453997 0.021360902794832725 -0.41172844516143037 198.94301499704724 -0.05640342309518122 0.995724874744306 -0.07314798478824956 -35.72689360466411 0.40840574749433345 0.08986481874029302 0.908366148514116 109.4198689607361
0.9142703675713777 0.019543498480361063 -0.4046328541382249 199.8812830281786 -0.05334201092913589 0.9959465515948513 -0.07242303664138955 -35.01775589719632 0.4015772962344034 0.08779816645848723 0.9116069093176038 107.36898337114478
0.9170692078349078 0.02087023922710046 -0.39818149273372616 200.6093865226217 -0.0535478633933686 0.9960292128858655 -0.07112266448867309 -35.04241134479833 0.3951160517709449 0.0865461737604085 0.9145452779607871 105.34717036980453
0.9191348572995443 0.021143422716276897 -0.3933752277060506 201.14656639403213 -0.05312868127263405 0.9960889507736059 -0.0705984799621616 -34.93069095953934 0.3903440243210816 0.08578903089893077 0.9166633977934567 103.66018094608428
0.9199731635911959 0.022584143962864893 -0.3913302118588231 201.36751439260914 -0.054191240449864515 0.9960800935596171 -0.06991249296634611 -35.15631465110504 0.3882173202350866 0.08552428693493455 0.9175908176381012 102.55382183214194
0.9210903168617651 0.023339818429889234 -0.3886487888301635 201.6578047359679 -0.05501288339928015 0.9959889226316592 -0.07056662564643461 -35.34914525318158 0.385442876239256 0.08637892607972524 0.9186797430474468 101.25277690279181
0.9221852326280789 0.025604493485829792 -0.3858999956413967 201.90308619730231 -0.057401675568672754 0.9958161444126851 -0.07110031061087671 -35.89011531556373 0.382464958348611 0.08771896283237968 0.9197966836181825 99.87537564101741
0.9233725786486217 0.026998814111736453 -0.38295449473319276 202.19388421713856 -0.05923263869623982 0.9955985346730001 -0.0726295550726821 -36.32270607001131 0.37930802194638036 0.08974754477719682 0.9209075972613047 98.44856783336405
0.9245516688131216 0.028790218566165468 -0.37996754467952193 202.46820298655734 -0.06138201754788511 0.9953720344732462 -0.07393754736493433 -36.81666082436191 0.37608038983257713 0.09168225729934448 0.9220400772633875 96.99233471943471
0.9260045810514608 0.029758763036582578 -0.37633752389874836 202.8225712107722 -0.0627296295642584 0.9951586527976616 -0.07565876906660689 -37.13041050693748 0.3722640318999935 0.09366788021769128 0.9233882275452101 95.41086757700144
0.9270616972451583 0.032598124148364896 -0.3734889179118093 203.0455570237281 -0.0656686210635347 0.9949305741571655 -0.07616288344664417 -37.78156530099964 0.3691127764092437 0.09513419421691134 0.9245027005813227 93.99620963379897
0.9283446847846097 0.03479527103102223 -0.37008841557936034 203.3291747132292 -0.06762159074876126 0.9948049916154664 -0.07609434355823504 -38.20970892918104 0.36551807984937035 0.09566774676362648 0.9258748379410686 92.50000640322516
0.9297094298414346 0.03743942855718799 -0.36638595122251333 203.62021678997206 -0.06960585097892098 0.9947530311835584 -0.07497621263189283 -38.63831858512413 0.36165646900534626 0.09520869781923172 0.9274372767395924 90.95484862410596
0.9310214648152809 0.03858035142267301 -0.36291953452151315 203.92965319681616 -0.07031696838511378 0.9947280255339788 -0.07464368140974251 -38.78196003982274 0.35812645254202546 0.09501427104059307 0.9288259967767316 89.50271892131377
0.932257443751118 0.03983518589988074 -0.3595959072833743 204.22393922996045 -0.07088589785284885 0.9947672847816079 -0.0735747145004506 -38.89286218243435 0.35478338187720504 0.09408085401690015 0.9302029589563904 88.08686155000466
0.9334158609215002 0.04101435751912247 -0.35644445998986746 204.4841017294487 -0.07170100591992036 0.9947288757921464 -0.07330367941218373 -39.05799074970896 0.3515590936531811 0.09398024336309342 0.9314364806722827 86.7026810488448
0.9341480978995607 0.04031923522996133 -0.35460074797031077 204.68780063361552 -0.07082000751664749 0.9947807460491047 -0.073456067314611 -38.85743431362015 0.34978830415835066 0.0937316731977922 0.9321279502909283 85.62684585623973
0.9347833179172047 0.040525541514002235 -0.352899176860331 204.82545253938045 -0.0707375886864755 0.9948103055267236 -0.07313446222301685 -38.82765950500756 0.34810392426763204 0.09332811207146403 0.9327987571854129 84.60069588789662
0.9351804257579762 0.03883835252022932 -0.3520357278070575 204.96843064874778 -0.06907545928686672 0.9948825483508276 -0.07373802215459628 -38.44751045201969 0.347370338692639 0.09327538453674532 0.9330774621841873 83.74797337312201
0.9353740606372827 0.03960218311730046 -0.3514356751658329 204.99245329156628 -0.06966190887067401 0.9948739156031906 -0.07330150411055346 -38.57233784430486 0.3467312866463234 0.09304600552801491 0.9333380179312668 82.93698730444481
0.9355992429289208 0.04015109367214966 -0.3507733546148576 205.0275540062548 -0.0703653018258972 0.9947865246260402 -0.0738139195639616 -38.71417007272885 0.34598089677001065 0.09374252023161564 0.9335467631408961 82.08264163585221
0.9357964865073319 0.04069897163554222 -0.35018356550292623 205.05026962328205 -0.07128010732226368 0.9946414860898224 -0.0748829783672916 -38.90513574175373 0.3452594417835079 0.09503635018685755 0.9336830350833742 81.23428995800668
0.9361039842763759 0.041158174135856734 -0.3493069356936635 205.0983685065302 -0.0719261874608953 0.994543077752158 -0.0755691077928351 -39.03975331471746 0.34429050840712244 0.0958648590311772 0.9339560881667284 80.33435781407421
0.9363940656296795 0.041871241065471874 -0.3484436152739158 205.13936694461572 -0.07273434217501522 0.9944542587171807 -0.07596343059413782 -39.20875457135225 0.34333055401738904 0.09647552275525503 0.9342465435778786 79.43949469335504
0.9365268438858642 0.04328972422588851 -0.3479130213970566 205.13227363591173 -0.0741541619303924 0.9943552468472905 -0.07588677971600219 -39.507405985407665 0.34266402050636036 0.09686920482645875 0.9344504942514109 78.6049409290103
0.93675358651184 0.042427754734252886 -0.3474084106428838 205.18619063491641 -0.07303709558090955 0.9944683738848507 -0.07548666115232555 -39.24900273011026 0.3422839476608706 0.09608610186198113 0.9346706158870404 77.89237744782343
0.9368442002671874 0.04447188871486472 -0.34690805055499446 205.12916273109468 -0.0746740832705644 0.9944452369291402 -0.07417851465651662 -39.59201958087397 0.34168219987794907 0.09539875189476499 0.9349611502214872 77.12898823497451
0.9366660131923001 0.04464096688707472 -0.34736718872948963 205.06095312670007 -0.07482394061026179 0.994450130629658 -0.07396158193419076 -39.60737022882481 0.3421376296784581 0.09526868197914305 0.934807852230587 76.60066414526426
0.9363006930370243 0.04476577529092943 -0.34833466319186485 204.98855303568837 -0.07501785537595036 0.9944443074198803 -0.07384335322144886 -39.64107959987408 0.34309376793113117 0.09527090218317805 0.9344571266805248 76.10930877818878
0.9361060666711432 0.043128027760393914 -0.34906361191476254 204.9694333366085 -0.07318664487224419 0.9946149634498593 -0.07338112491628151 -39.222841672160015 0.3440191084137991 0.0942393108163127 0.9342214969390509 75.68752699847957
0.9356837853860636 0.045349923406733966 -0.3499131866800824 204.81247183964325 -0.07573759335379512 0.9944042648282673 -0.07364764113213897 -39.7682347031363 0.3446152502698945 0.09541248628118083 0.9338826407761638 75.15975686838289
0.9356409538492939 0.0481530129441768 -0.3496531035531951 204.71468178353422 -0.07887240023051516 0.9941233125674387 -0.07414839102650878 -40.442883902457226 0.3440278331208987 0.09695425083172246 0.9339404281236564 74.35594246004628
0.9355733704842509 0.04499105520274002 -0.3502545836851853 204.76897456253946 -0.07674196076058372 0.9940500572271291 -0.0772991279728453 -39.96567951091508 0.34469281962257275 0.0991982292104314 0.9334594642629938 73.83608170855422
0.9353631671269987 0.046215221409794324 -0.35065638293376883 204.67226093903184 -0.07810206400890193 0.993941202498035 -0.07733662505119801 -40.2368006360693 0.3449576976669743 0.099724817807825 0.9333054952873129 73.29181948509644
0.9353053943988122 0.04859582110808638 -0.35048860948583355 204.59767171983296 -0.07908202196156693 0.9941775306401918 -0.07319201713739551 -40.45345702444769 0.34489107412479164 0.09617423636817407 0.9337026631899719 72.75019687420814
0.9353725707848105 0.049668360316162834 -0.35015883225604727 204.574700184551 -0.0790919450621092 0.994390566893256 -0.07022723616946193 -40.45867607690722 0.34470656803969824 0.09338337355874922 0.9340540281445608 72.19543365948219
0.9353467346938305 0.046302203921330706 -0.3506887392113078 204.64961218230576 -0.07497364478819322 0.9948217853538165 -0.06861900591395168 -39.553687075921246 0.3456955864409654 0.09047497608439925 0.9339747535226873 71.89977552490734
0.9356079244973982 0.04395082135171292 -0.35029435753403265 204.7589500464852 -0.0720299288470539 0.9951136925802069 -0.06753094246102176 -38.92092218770987 0.3456146712278853 0.0884141625640106 0.9342020310886427 71.36027223610111
0.9354378187334367 0.042710559033030435 -0.35090154663426054 204.7703823128973 -0.07067998748404009 0.9952272187735289 -0.06728389392389864 -38.62713077072361 0.3463530375967361 0.08774161589230353 0.9339919604515455 70.99484781861409
0.9355390001194819 0.04278206646663467 -0.35062297991472907 204.77373513865007 -0.07031536946774299 0.9953277495436371 -0.06616962902278903 -38.55764510366536 0.3461539080698856 0.0865584529508423 0.9341761644094234 70.42092125724793
0.9356551626742883 0.043099615954514905 -0.35027394945317364 204.78102455491623 -0.07014417237265824 0.995424243551961 -0.06488736726945281 -38.52191344761011 0.3458745605607702 0.08528187646610134 0.9343970194212493 69.85290596441935
0.9360078363152614 0.042197539898285535 -0.34944054999807245 204.86756477453883 -0.06880311777875632 0.9955705951074223 -0.06407278003470401 -38.231040332473476 0.3451890226243374 0.08401522352517773 0.934765200933191 69.18011514930868
0.9360155307635529 0.04100294278816108 -0.3495621330352231 204.91134101451615 -0.06753605257365235 0.9956587428177066 -0.06405114716718904 -37.941973968605396 0.34541830839171384 0.08356091510613578 0.9347212235177031 68.70701098352441
0.9364782308423873 0.0399706748667422 -0.3484406237926478 205.0188446544581 -0.0664735146672074 0.9957054409741363 -0.06443560089181613 -37.69603280130183 0.3443686905136715 0.08350461044276561 0.9351134610456108 67.9463679408895
0.9366820721349136 0.040235846816550784 -0.3478617144383664 205.0550039609657 -0.06669889837148506 0.995690642601196 -0.06443136807834893 -37.74480137351491 0.34377020332930947 0.08355370050077035 0.9353292609747397 67.29017715064876
0.9371629989146635 0.04148649993061063 -0.34641648891007193 205.10892602490344 -0.06800424852163138 0.9955821611445741 -0.06474243271385025 -38.01636389934325 0.34220013975491415 0.08423200540297421 0.9358440220557647 66.39694751291837
0.937483107140375 0.04203474190474528 -0.3454830014623434 205.1630538039919 -0.06833437435973723 0.9955885179962948 -0.06429553728529555 -38.084682635724825 0.3412562631033919 0.08388434482633214 0.9362198350738813 65.67353940582092
0.9384717240301811 0.044015810125780694 -0.3425396789494478 205.27869746727902 -0.06979632268101357 0.9955510563829213 -0.06329745235834827 -38.39756650807944 0.3382296505867387 0.08331087920446381 0.9373686579303534 64.50955188641106
0.9392603615401331 0.045015536655517274 -0.3402404659929712 205.40217894019074 -0.07007521581348834 0.9956304350909219 -0.06172115398592752 -38.465294793243366 0.3359753523224456 0.0818146574904358 0.9383106758699548 63.52272603031838
0.9399045020076208 0.04610562891965457 -0.33831020984849014 205.49060858279668 -0.07076743490567433 0.9956307098124839 -0.0609217517407415 -38.61066269878379 0.3340231986893687 0.0812019744846916 0.9390605635831536 62.6071527154417
0.9408598510147174 0.04661669365195597 -0.3355735755710266 205.64698829950981 -0.0707327089198868 0.9956892561027524 -0.05999824306096069 -38.61153259499124 0.3313300841116279 0.08018596606955133 0.9401013701766817 61.53037027900045
0.9416349056218593 0.04729443274207505 -0.3332970764139968 205.78278591955407 -0.0711405636500323 0.9956780223221771 -0.05970172583899058 -38.69630198288486 0.32903301463237394 0.07992817085485962 0.9409297331818823 60.50926196269612
0.9424529567610906 0.04917732148803956 -0.3307023062265213 205.87621447444982 -0.07248564657450297 0.9956514948146377 -0.058514373567985986 -38.992342775020745 0.32638666537245986 0.07911821487268007 0.9419193451365176 59.44656738995663
0.9431948910894874 0.0508465229903621 -0.32832610088520314 205.95814854839057 -0.07407820871802685 0.9955272306165128 -0.058634052342858456 -39.31701563393156 0.3238762362628948 0.0796251480426077 0.9427428172006268 58.39378964749756
0.9443146415379049 0.052440847210143825 -0.3248381371098851 206.10693954550462 -0.07548697287868983 0.9954147786993444 -0.05874636390915744 -39.61379439083703 0.3202679732704319 0.07999609922250936 0.943943350740092 57.08323159797761
0.9455638295694854 0.05356202572390928 -0.3209986816331813 206.26763628287821 -0.07672569462872339 0.9952487375813904 -0.05994262361949507 -39.83701885413622 0.31626288431244837 0.08130842356730231 0.9451807913110438 55.72971611867631
0.9458866421942789 0.05215864090815621 -0.3202779047905836 206.39078763659924 -0.0751199915026909 0.995382693622067 -0.05975182101253408 -39.519491492824116 0.31568250980228185 0.08057772282890772 0.9454373504302862 55.08704837276455
0.9468523593636112 0.05232725653110584 -0.3173837862769467 206.5449694468605 -0.07561332124678638 0.9952393590660205 -0.06149181909723452 -39.57853457420393 0.3126551378397499 0.08222211618405703 0.9463013729212393 53.90222957856578
0.947731888438218 0.05268171959021805 -0.3146885826628396 206.67141585014613 -0.07576871745357901 0.9952221090162812 -0.061579665317579295 -39.605334929078516 0.3099409122603354 0.0822045628064708 0.947195355120066 52.83311467574921
0.9481472633682 0.05438898993868726 -0.313143105849135 206.6860670532344 -0.07733106572983107 0.9951187917574853 -0.061306578474182465 -39.932583986964296 0.30828018625996995 0.08234335470802683 0.9477251176870571 52.00826989216168
0.9484537527187742 0.05413395275651461 -0.3122578967978707 206.7459154881483 -0.07646879907905726 0.9952817880363527 -0.05972173114174923 -39.79146413894177 0.307551624481291 0.08052128639133913 0.9481183052324235 51.418524069068695
0.9485274046708398 0.053737054691334316 -0.3121026939029868 206.76016562146245 -0.0762142468900754 0.9952686381663051 -0.06026380716124056 -39.716850423642725 0.3073876236275292 0.08094854437041533 0.9481351074635573 50.918745201373554
0.9482122281927127 0.053062999643049 -0.3131738947848188 206.73442703263635 -0.0753290567303477 0.995386577785906 -0.05942300880785632 -39.541639866965745 0.3085759282865839 0.07993671767432219 0.9478349105458865 50.75633408441272
0.9478557839597982 0.05309146403946235 -0.3142462557614695 206.6648270775172 -0.07538886066930495 0.9953939246185237 -0.059223766509037025 -39.55590381418462 0.30965453734918935 0.07982625682492751 0.9474923937533114 50.59139644824316
0.9477787248400016 0.05310016753354162 -0.31447712309255577 206.63515365666896 -0.07542964852871577 0.9953887935798159 -0.05925806053654639 -39.55218113915338 0.309880391221347 0.07988442791701272 0.9474136484729764 50.23140410625136
0.9474275421926789 0.05344953291491482 -0.3154745627240285 206.569262245134 -0.07545629963867025 0.9954636807903424 -0.05795176504803352 -39.582500134221405 0.3109459746315729 0.07870964145846876 0.9471628124044464 50.082116294554666
0.9468992647575796 0.054891630193859495 -0.31681018186954757 206.43596135911145 -0.07661553342120393 0.9954576749967472 -0.05651616873652068 -39.84620253229877 0.3122688624248976 0.07778769970073077 0.9468036920793714 50.01765239486543
0.9467299775903182 0.0551228016847214 -0.3172756313779276 206.39438110172065 -0.07683706479269144 0.9954511955341672 -0.05632923560320176 -39.875998295994265 0.31272738128580846 0.07770710420562686 0.9466589623249211 49.76137911354584
0.946765341096618 0.055470619500614625 -0.3171094436790279 206.37434226122093 -0.07715728163020621 0.9954317595112546 -0.05623491840275728 -39.9422291831052 0.31254142571768234 0.07770857435666774 0.9467202515430906 49.3469220602784
0.9465417287619998 0.05529312449299735 -0.3178072152989081 206.33751431590042 -0.0768165937261817 0.9954944699283419 -0.055587510021553335 -39.87379004762045 0.3133017182215114 0.07702876557424147 0.9465244860190132 49.173269470546344
0.9465419198099315 0.05552072054588594 -0.31776696435059876 206.31011600329413 -0.0773568462937175 0.9954008505515919 -0.05650721239503573 -39.96605525531733 0.31316818544357156 0.07806789552199517 0.946483539906927 48.78057896663551
0.9465892659903684 0.05667050808546754 -0.31742277017433795 206.26465915078495 -0.07862669644616616 0.9952857221419829 -0.05678180964247482 -40.21478164054083 0.3127084970348233 0.07870695530667389 0.9465825960097594 48.353423133879986
0.946347943487418 0.05778818596305863 -0.31794039601823737 206.1890058199058 -0.08006920715149438 0.995132223420798 -0.057452414881448026 -40.49457841971086 0.3130726623697217 0.07982721010205668 0.9463683873651192 48.0811062170627
0.946506204334868 0.056407398584410975 -0.31771718641039953 206.25057808324314 -0.07907942439050407 0.9951261569189725 -0.058909901152039104 -40.25705330978209 0.3128457284248383 0.08088347915746368 0.9463537462311419 47.68673527800195
0.9466195351111745 0.05609900342173694 -0.31743402079958594 206.26041404841868 -0.0790819819115363 0.9950622452976787 -0.05997639635794802 -40.225367398615546 0.3125019934061981 0.08187813992898338 0.946381780424223 47.30970507846368
0.9465110020612366 0.05570899872443763 -0.31782610093910546 206.2549981746798 -0.07866950823998517 0.995101881753428 -0.05986111763127688 -40.13467610468914 0.3129345481890946 0.08166242950039676 0.9462574787856527 47.131247860927076
0.9464688287497387 0.057462824124926114 -0.31763938680315706 206.18136729285143 -0.08014987256438619 0.9950462703257242 -0.05881256531370108 -40.461180471293844 0.3126863510500746 0.08112301618192899 0.9463859160577867 46.83906577312112
0.9460856506728889 0.058809293964343645 -0.3185332141775357 206.08336089912726 -0.08132768707056093 0.9950071013409075 -0.05785045891708891 -40.72773569551747 0.31354066547516507 0.08063705863050989 0.9461447647526304 46.813520458916535
0.9461265070672236 0.058964945018445444 -0.31838305213020773 206.08157882784428 -0.0812512436785821 0.9950528995798977 -0.05716609518168651 -40.722566110051424 0.3134371835399536 0.07995537690868372 0.9462368993428294 46.561776432919
0.9461609682306408 0.05884204066055838 -0.3183033717191157 206.08509475371906 -0.08103525630823323 0.9950843004420129 -0.056925585187056704 -40.67372407190066 0.3133890703772474 0.07965456210871477 0.9462782050239525 46.34557684947115
0.9460648581642671 0.05961035540887278 -0.31844605457542247 206.04141246061715 -0.08135008402834953 0.9951447831834466 -0.055398775540183395 -40.768478674780376 0.3135975892369161 0.07831644802210468 0.9463208155768293 46.22401994395232
0.9461863583541442 0.0597179734171671 -0.3180646772520794 206.04691233509493 -0.0809615993769096 0.9952542480420882 -0.05398334169454818 -40.70849534119175 0.3133314454229829 0.07682932646538088 0.9465308552308372 45.99523917082604
0.9460127564893208 0.05922963975904247 -0.31867179720441363 206.04302470929062 -0.07967258247419262 0.9954903067499077 -0.05149105523163858 -40.49912628147549 0.3141848884993832 0.07410060013919412 0.9464655075054987 46.031026437656585
0.9459301335680219 0.060652473200659605 -0.318649431040803 205.97602928230967 -0.08131942984792992 0.995333411223161 -0.0519475777305695 -40.81799183471127 0.3140116761160193 0.07505116919481818 0.946448091162584 45.78642516771103
0.9465879125844886 0.06104217217305701 -0.3166151875152794 206.05755716848972 -0.08155793827682838 0.9953141884992321 -0.051941976051629674 -40.881103988775656 0.3119609373831501 0.07499012860710322 0.947130853767586 45.10245012609094
0.9465271153523349 0.061865384233045856 -0.316637164806163 206.02254086440723 -0.08245717554808124 0.9952350469030169 -0.052038597373321185 -41.065378652533965 0.31190901574565066 0.07536494974221981 0.9471182028907121 44.88228682089497
0.9464043824258427 0.06450432762280542 -0.31647738725395386 205.92163530767004 -0.08521166950554279 0.9950040518004062 -0.0520183456181838 -41.637419445675135 0.3115408742127386 0.07619795678825289 0.9471727166024463 44.58490717913047
0.9462163140323512 0.06484063925863444 -0.3169706272820287 205.88362185263077 -0.08568835158021372 0.9949501810619944 -0.052265128031702364 -41.71650508905561 0.3119810786930784 0.07661480734972967 0.9469941804637804 44.50237093233179
0.9467537419407588 0.06478424381842568 -0.3153733563160429 205.95969420367376 -0.08560385107006341 0.9949396881346563 -0.05260225904357438 -41.69409816932601 0.31036967120378467 0.07679855940958574 0.9475086535063766 43.932039099543594
0.94673433699056 0.06473524402941211 -0.3154416639309038 205.96484309917088 -0.08555211023875489 0.9949451169420934 -0.052583749455321974 -41.67405610159664 0.3104431213551698 0.07676954118357492 0.9474869423637049 43.76164471850733
0.9473865426102865 0.06663253704309237 -0.3130796126995952 205.98529516260223 -0.08706451537178651 0.99485897688216 -0.051724136339409754 -42.018339694212564 0.30802355274232457 0.07626087544857338 0.948317336038846 43.06027670148828
0.9483396671727732 0.06823264807293641 -0.3098325054018518 206.0725677757425 -0.08837101356437163 0.9947596991210415 -0.0514169715776874 -42.29174347754488 0.30470057372482806 0.0761409662505663 0.9493998702497229 42.15452294900726
0.9499031356217955 0.06914814892786689 -0.30479922315473557 206.2697923066374 -0.0890329920813605 0.9946801420780698 -0.0518125590623682 -42.41392029785169 0.29959499204245915 0.07635409913947344 0.951006252496627 40.84301986810299
0.9518640123455875 0.06951456017363007 -0.29853413192669614 206.54053634436465 -0.08890259416978356 0.9946900739057407 -0.051845786938523215 -42.38193510487512 0.2933449006736644 0.07589059755502486 0.9529897095202546 39.30032613876618
0.9540645529292916 0.06954465164633433 -0.29141786196323133 206.85704964757332 -0.08829091481888249 0.9947540849962645 -0.051662604886798545 -42.25743486069743 0.2862962507688073 0.0750190096617826 0.9551997722911629 37.58996613750401
0.9564300716683553 0.06877187838058436 -0.28374627178602874 207.20910324692707 -0.08684396466935322 0.9948849251833278 -0.051595653338941436 -41.95403816142007 0.278746558380499 0.07398928562278596 0.9575102828711851 35.78927266638594
0.9581497044239096 0.06695314200787596 -0.27832790138189145 207.50781559574042 -0.0848861201559581 0.9949868138133324 -0.05287331030360403 -41.50649539658077 0.27339255753813585 0.07428672231877075 0.9590297140182316 34.42717858434024
0.9593945168697873 0.06621923911357194 -0.2741845607823444 207.7076386136602 -0.08361604320669275 0.9951276521228521 -0.052242830119704 -41.258968254474226 0.26938915776000344 0.07304771284358837 0.9602570037910042 33.39325038775658
0.961575198523688 0.06873307020493546 -0.26579861294659396 207.8692646202136 -0.08537374671452577 0.9950143442775948 -0.0515536424877232 -41.631127898721395 0.26092999244252063 0.07226492746852647 0.9626491153592335 31.42142176276183
0.9626852784455764 0.06976955858487374 -0.26147516776748586 207.98779351566674 -0.08607856143261577 0.9949598220653274 -0.05143378011991193 -41.77828026328688 0.2565687742611216 0.07202194922802302 0.9638388365818954 30.29093589723773
0.963989417623886 0.06958204241883754 -0.25667633720696614 208.15217347170923 -0.08544913735528202 0.9950272943960587 -0.051177420139130465 -41.65097394531148 0.25183893192753026 0.07126726302926203 0.965141507544836 29.103918764918685
0.9648076494302011 0.06715900455438614 -0.2542358505565924 208.33298814480017 -0.08282923372359213 0.9952358116774532 -0.051429536216879256 -41.09468376983467 0.24957066662917862 0.07067777063536092 0.9657738529781611 28.44535053299876
0.9653125127697257 0.06536783927270523 -0.25278211621674496 208.44165814021994 -0.08091934206548354 0.9953835170579969 -0.05161118143330699 -40.68615794158035 0.24824144047658006 0.07027588176657937 0.9661456865670116 27.996815585616833
0.9651960563384318 0.06535818368212616 -0.2532289095946833 208.42241922035473 -0.08080863867207787 0.9954194153115326 -0.05108964216758883 -40.67074540428471 0.24872984691167324 0.06977460459665942 0.966056399910831 27.943609933605053
0.9650293821498956 0.0658829881608393 -0.25372765607712017 208.37331471923252 -0.08140070579855026 0.9953684679810312 -0.0511423312393239 -40.7910738932466 0.249183098710343 0.07000746260287945 0.9659227394036326 27.863776555160207
0.9646505908832235 0.06683220423063542 -0.2549170335350748 208.29090813508088 -0.08254810526814453 0.9952582542728199 -0.05144723139740629 -41.018429258344064 0.2502699499046722 0.07067152028571039 0.9655933348958139 27.915920786831006
0.9643763952169497 0.06667213097564106 -0.25599413137712473 208.24618298908263 -0.08248602395711352 0.9952590886508628 -0.051530595859165 -40.997394041389214 0.2513448312579913 0.070810828331697 0.9653038912129541 27.981698919848707
0.963902341764563 0.06687691992379491 -0.25772030017501113 208.17337586852386 -0.08262432964365526 0.9952875852968806 -0.05075276056374892 -41.04952915914154 0.25311162693904066 0.07021467179593566 0.9648856948741964 28.210513025544905
0.9632532575231423 0.06703543470156528 -0.2600950064215518 208.09020227740027 -0.08294268091659229 0.995265769029696 -0.05066123449044781 -41.10927268192635 0.25546755871034443 0.07037257627868941 0.9642530927896871 28.550090481644915
0.9629230457922516 0.06739834878659981 -0.2612214969389257 208.01872561164828 -0.08343684978409194 0.9952179428028916 -0.050789156532544795 -41.20685349140735 0.2565492155128918 0.07070154810200623 0.9639417986142625 28.61082889956125
0.9620934968249094 0.06677993988223292 -0.2644173651569491 207.935682449716 -0.08304248415938716 0.9952504767446756 -0.050797975984618625 -41.119431691576935 0.2597692229496326 0.07083027720418233 0.9630695834877783 29.14641796962374
0.9611728116822712 0.06703271384009277 -0.2676816044445893 207.80617186084 -0.0835933076862343 0.9951968807908719 -0.0509443556657046 -41.22779393630764 0.26298095937324417 0.07134272029682832 0.9621596703602665 29.663396595843878
0.9599699986957839 0.06663454110683831 -0.2720614627901161 207.67528738822332 -0.08347183892661972 0.9952155798114273 -0.05077796576087965 -41.20518453148141 0.2673762399881955 0.0714547943254033 0.9609392065358189 30.46113824817874
0.959285834413244 0.06687425961555767 -0.2744057603166473 207.569923194124 -0.08359566685584215 0.9952601682009565 -0.0496886513756488 -41.26053787634521 0.26978223139601565 0.07060475191851256 0.9603293792389733 30.83560675464554
0.958381716889362 0.06660665059121539 -0.277611308900085 207.45410063111905 -0.08301007829132713 0.9954042684092149 -0.04774588290924425 -41.18842358748518 0.27315528849770865 0.06880331772331381 0.9595062750373227 31.44127677684878
0.9571485250759244 0.06678054239375625 -0.2817925834768868 207.28856161116704 -0.08329385665746519 0.9954150577205254 -0.04702123250584496 -41.259868121733376 0.277360477336098 0.06847789439548221 0.9583224632612204 32.183491382666695
0.9560322861025446 0.06702835322305883 -0.28549863010835463 207.13478752944417 -0.0834821553100121 0.9954542648513889 -0.045842516662766675 -41.338900430291204 0.28112808055108485 0.06766096698530019 0.957282087930343 32.82969545967892
0.9548923563312577 0.06732952325866888 -0.28921846953107755 206.97337914728897 -0.08412397140262569 0.9953920044412308 -0.046020809748623236 -41.46614272601139 0.28478719292761157 0.06827512572107888 0.9561562434833453 33.41621244133053
0.953511187585141 0.0681028433179245 -0.29356160832436584 206.77005008045973 -0.08532061551224836 0.9952802321027471 -0.04623475050341473 -41.70759651484702 0.28902734770015315 0.06913220897321413 0.9548214126023246 34.11251746595137
0.9521620367174789 0.06960720986059502 -0.297560568908996 206.53945221932733 -0.08721693754634385 0.9951127245655728 -0.04630195689946159 -42.09852530945075 0.29288335841945584 0.07003928714018672 0.9535794862610222 34.7201323938581
0.9508251517885496 0.07155574775494633 -0.3013491425066812 206.28721217148174 -0.08996551083074217 0.9948046317172113 -0.047644008804330576 -42.628684346855145 0.2963743200536193 0.0724121514472123 0.9523228143521192 35.201269907802484
0.9492929622245556 0.07204310390990444 -0.30602722599460824 206.07459116939708 -0.09090413238794966 0.9947111140315297 -0.047814624718251056 -42.8178925992262 0.3009639689160854 0.07320922620257486 0.9508212758521434 35.96305916119355
0.948115199010474 0.07308793288123541 -0.30941189937117347 205.8812615106545 -0.09231325137637841 0.9945754636877194 -0.04793652731142873 -43.109290141090845 0.3042299015968856 0.0740121685772401 0.949719098405862 36.423962643109824
0.9469979555998981 0.07260419119779196 -0.3129273134613339 205.7508008418436 -0.09231122251577567 0.9945430969449263 -0.048607268148271515 -43.08769290214092 0.30769060805825127 0.07491768642790225 0.9485324612120737 36.91715478553906
0.9458500496598379 0.07258621388951911 -0.3163841416880231 205.5930660453737 -0.09293576196795517 0.9944313946578011 -0.04969049674109016 -43.18136628130975 0.31101547824170694 0.07640316009253606 0.9473288391165745 37.3743259897812
0.9448382059052599 0.07363628161460933 -0.3191527262796038 205.41871560809463 -0.09433568917469734 0.9942905887589839 -0.0498698591661136 -43.46760987418672 0.3136583211229452 0.0772264406488287 0.9463902654058992 37.6750597609942
0.9439253493507143 0.07615076299136586 -0.3212569005468438 205.20841999784096 -0.09694150833723247 0.9940732472208794 -0.049200844718751635 -44.0206695116577 0.3156062084535635 0.07758505304225322 0.9457131069885817 37.832954488947145
0.9432033842599881 0.07848273459497872 -0.32281238559107284 205.03115911855195 -0.09849785004754967 0.9940682229023784 -0.046114441899666216 -44.43594722880681 0.31727834697078805 0.07529162361246704 0.9453388926502934 37.992482088530636
0.942900855330043 0.07999673961554646 -0.3233241387041121 204.93362831590818 -0.0991364180853194 0.9941383041851055 -0.043139341223242235 -44.65286855199139 0.3179779043063939 0.07272931872941633 0.9453044475564837 37.94657440104913
0.9431297269990347 0.07896582844649352 -0.3229097644675447 204.9810614198557 -0.09727249453080061 0.9944159334737929 -0.0409269234270125 -44.33270071114573 0.3178747864466158 0.07000963641674006 0.9455444309763101 37.707004669950976
0.9428508281925445 0.07552347704783469 -0.32454355669345536 205.05710688912777 -0.09410017409794294 0.9946803225785864 -0.041907196395083196 -43.645818563413336 0.31965211247756475 0.07005184001555156 0.9449419382687309 37.81986411118353
0.9420498984956761 0.07126281750776292 -0.32781641140300083 205.07084156409482 -0.09072842595791561 0.994883034714958 -0.044453345875813136 -42.87309752729965 0.3229711155312271 0.07161953697986971 0.943695025130102 38.24119782354248
0.939552484508785 0.07466289291833378 -0.33416549982670957 204.6316454547411 -0.09463965737523067 0.9945440292080283 -0.04388062463729793 -43.70159769483309 0.3290660482414863 0.07285345830999317 0.9414923842002154 39.264489213142426
0.9368731770690905 0.08297477511952285 -0.3396819641699179 203.9917004161746 -0.10272033151533326 0.9938840681156225 -0.04053384560241994 -45.4762075067319 0.3342412056911128 0.07286731667768065 0.939666520941523 40.12495662742275
0.9353857599764238 0.09214265882677358 -0.3414135475602292 203.47243688754773 -0.11062288718969479 0.9932454303550305 -0.0350155952207913 -47.26730502489099 0.33588101593145175 0.07052124150341545 0.939260718668503 40.26494768336801
0.9370713274987197 0.09562082251298426 -0.33578860237019303 203.54273418978113 -0.11225444879701643 0.993213403045251 -0.03043147608233792 -47.73701315331184 0.3305998576906307 0.06621022816160849 0.9414456648058466 38.947015324594986
0.9415458792910969 0.09349415948863764 -0.32365135459544814 204.16797438187658 -0.10879487550183752 0.9936273826132749 -0.029466923586155918 -47.05129874699813 0.3188338630925125 0.06295606930714356 0.9457174530920422 36.17554325007282
0.9475532078633364 0.08945854675761877 -0.3068225654672677 205.03130374649683 -0.10269967167102645 0.994339052167323 -0.02725117930756541 -45.86750666524689 0.3026478080319833 0.057332519105692974 0.9513765219651109 32.49780872704721
0.9536978067680879 0.08424705426589173 -0.28872638814846613 205.89910658652013 -0.0959559478863652 0.9950296779770795 -0.02661570983570822 -44.49186683050041 0.28504902987199937 0.05308835835048343 0.9570416275046152 28.503746833402154
0.959385145086725 0.08501533462565271 -0.2689842676912759 206.45742383095134 -0.09532994895329715 0.9951191925348266 -0.025494969727308962 -44.39325259486565 0.26550394388687615 0.050101751739065316 0.9628070784187202 24.065154943607773
0.9648059921365032 0.09076519904847766 -0.24680169403630106 206.76800982228198 -0.0996310493148855 0.9947433791903972 -0.02364875407467352 -45.349000575292884 0.24335786724474837 0.04740557138733555 0.9687774049034833 19.06231861007732
0.9706499436047462 0.09195496010864386 -0.22222279876628478 207.1903636192496 -0.10075580720215534 0.9945008357062751 -0.02857192843618606 -45.422889588809404 0.2183734285464811 0.050123578193682 0.9745771763251573 13.351157360122155
0.9763735957690418 0.09084405192868492 -0.19606621257679807 207.58665657912576 -0.09999355700634568 0.9942901326904547 -0.03726151622809624 -44.97396120452285 0.19156171340393274 0.055986518587749175 0.9798824519778754 7.205530006949681
0.9818388702996128 0.08591122263039974 -0.16914991751381378 207.98257387388475 -0.09434753361020023 0.9946329826044523 -0.042470846672079725 -43.62419568853947 0.16459336460031507 0.057658405644979975 0.984674835967705 1.2054984683018013
0.9858148600312969 0.08616969164190144 -0.1440272404228248 208.04864285073006 -0.09327321915419282 0.9946982831059723 -0.04330626022464707 -43.38716465809328 0.13953196167935314 0.056125839221971126 0.9886256732664497 -4.398274239099907
0.9890131868213055 0.08755432906922087 -0.11910984743002594 207.87405584622596 -0.09365698094606678 0.994511918313656 -0.046630614966565176 -43.349730374431864 0.1143734506501992 0.05727376182276274 0.9917854757925405 -9.99344730296173
0.991107220659507 0.08946044058097267 -0.09850536395367326 207.59493116830006 -0.09464750970897064 0.9942893999710691 -0.04929947272599975 -43.45849766274483 0.09353248666895198 0.05818435078463576 0.9939146116549916 -14.652474214616749
0.9928374589560611 0.0854618115925117 -0.08348687832825998 207.56150408245247 -0.0901730318096195 0.9944400375506822 -0.05438599130712831 -42.342241834724994 0.07837476907738232 0.061524714347355715 0.9950236706212287 -18.15691666111028
0.9940405754599736 0.07886181367107174 -0.07526053868870322 207.7261972056811 -0.08333628202939088 0.9948154151090257 -0.05828682491759688 -40.79511119756973 0.07027373931080128 0.06421140246066838 0.9954589380568701 -20.164966109937893
0.9945297191949722 0.07465052059585903 -0.07306118951082573 207.86087230818387 -0.07918704317499248 0.9949732740899334 -0.06129923360010366 -39.82557231685222 0.06811791123611648 0.06674940914738817 0.9954418448846236 -20.900263740620318
0.9942674511818845 0.07335005887005289 -0.0777946295321119 207.99997626658637 -0.07821652889967776 0.9950395821896735 -0.06146872768071421 -39.61797658463578 0.07290000087218541 0.06720118108753523 0.9950726562082166 -20.13712263065967
0.9934775736650499 0.07580020500028868 -0.08518591166689246 208.01396638158934 -0.08108797063014066 0.9948735682766587 -0.060426187729773324 -40.2465558069056 0.08016889448963882 0.06693961507495075 0.9945310635118073 -18.826917888357293
0.9922181524923614 0.08182544911809828 -0.09384952712329707 207.88150653403753 -0.08793218193616675 0.994139341818917 -0.06288799907609711 -41.563374135103786 0.08815366835583095 0.0706510079508554 0.9935981913383993 -17.4340767419275
0.9911896590915354 0.08295600484608104 -0.10325386661032422 207.94429683900853 -0.09001418303702535 0.9937723835948699 -0.06568025925913966 -41.882425364055884 0.0971622692313356 0.07439590623245264 0.9924841271142172 -15.792900757275858
0.9902539451397676 0.08108244989845353 -0.11323762825841464 208.1311249151212 -0.08904674711571509 0.9937623299606846 -0.06713500114859128 -41.626644079086724 0.10708781893024073 0.07656414219186575 0.9912971961864856 -13.89604496023102
0.9892353800557682 0.07932849847089053 -0.12296484122005691 208.29510720248547 -0.08803830245207621 0.9938553012474107 -0.06708872844058955 -41.41689051744188 0.1168872112220864 0.07719215965868773 0.9901407729913717 -11.966220443510874
0.9880591075689334 0.07944402385138065 -0.1320145712578129 208.34485881564294 -0.08886662340243119 0.993782229025773 -0.06707909150858098 -41.57763504476849 0.1258647019427344 0.07800979648010482 0.988975504478245 -10.179332712245603
0.9868653101853782 0.08118310206772529 -0.139664467533366 208.3124208040051 -0.09085087358867082 0.9937872429731227 -0.06428868074595152 -42.09203308725319 0.133577611600495 0.07613290775046506 0.9881097115384336 -8.588169736488563
0.9860325993492549 0.08219966207325871 -0.1448548534761393 208.28558898085473 -0.09215349620842173 0.9937249687864785 -0.06339100525213852 -42.3877580558887 0.1387351655389365 0.07585447887471329 0.9874202002579903 -7.541911491197173
0.9854466807441603 0.08173921864249442 -0.14904207307344983 208.33760498037842 -0.09178726954399488 0.9938576059591656 -0.061823589565585695 -42.375159249735965 0.14307318602720462 0.07460401606368425 0.9868962986186515 -6.646237135869058
0.9854466807441603 0.08173921864249442 -0.14904207307344983 208.33760498037842 -0.09178726954399488 0.9938576059591656 -0.061823589565585695 -42.375159249735965 0.14307318602720462 0.07460401606368425 0.9868962986186515 -6.646237135869058
0.9854466807441603 0.08173921864249442 -0.14904207307344983 208.33760498037842 -0.09178726954399488 0.9938576059591656 -0.061823589565585695 -42.375159249735965 0.14307318602720462 0.07460401606368425 0.9868962986186515 -6.646237135869058
0.9854466807441603 0.08173921864249442 -0.14904207307344983 208.33760498037842 -0.09178726954399488 0.9938576059591656 -0.061823589565585695 -42.375159249735965 0.14307318602720462 0.07460401606368425 0.9868962986186515 -6.646237135869058
0.9854122640565817 0.0796851696240665 -0.15037600735777504 208.41706375671325 -0.08873873959032064 0.9945639959253398 -0.05447838199636583 -42.00319060059534 0.14521744365882192 0.06702784310273191 0.9871267204904305 -5.995925564666247
0.9854122640565817 0.0796851696240665 -0.15037600735777504 208.41706375671325 -0.08873873959032064 0.9945639959253398 -0.05447838199636583 -42.00319060059534 0.14521744365882192 0.06702784310273191 0.9871267204904305 -5.995925564666247
0.9854122640565817 0.0796851696240665 -0.15037600735777504 208.41706375671325 -0.08873873959032064 0.9945639959253398 -0.05447838199636583 -42.00319060059534 0.14521744365882192 0.06702784310273191 0.9871267204904305 -5.995925564666247
0.9854122640565817 0.0796851696240665 -0.15037600735777504 208.41706375671325 -0.08873873959032064 0.9945639959253398 -0.05447838199636583 -42.00319060059534 0.14521744365882192 0.06702784310273191 0.9871267204904305 -5.995925564666247
0.9854122640565817 0.0796851696240665 -0.15037600735777504 208.41706375671325 -0.08873873959032064 0.9945639959253398 -0.05447838199636583 -42.00319060059534 0.14521744365882192 0.06702784310273191 0.9871267204904305 -5.995925564666247
0.985284091070809 0.08082040031753679 -0.15060983625010366 208.49530409058232 -0.09006102753050808 0.9943848280548163 -0.05556820182930501 -42.22634850614657 0.14527309180615341 0.06831454184071195 0.9870303197826166 -6.185395577212526
0.9854939451874634 0.07968699829493904 -0.14983880105497135 208.41361961224564 -0.08857873540712473 0.9946246177079345 -0.05362534366341701 -42.00529166253883 0.14476011754804394 0.06611998300126348 0.9872551120229204 -6.07699073019923
