1.0 0.0 0.0 0.0 0.0 1.0 0.0 0.0 0.0 0.0 1.0 0.0
0.9998489634947479 0.00628270155099505 -0.016204254370363436 -0.3411540180929643 -0.006212032340132512 0.9999709905329824 0.004407805201145004 0.0843729428154487 0.0162314772181546 -0.004306478109455197 0.999858986754437 -0.9362131928464192
0.9993588049272771 0.0006709116617908762 -0.0357984481767894 -0.15368863934668908 -0.0006001851814198319 0.999997847003275 0.0019863953691590247 -0.04300256120300507 0.03579970379866579 -0.001963636004122242 0.9993570559822805 -0.9871831551772675
0.9980558105795283 -0.0021285111545542063 -0.0622901951249602 -0.22869315049824834 0.0020758311405147142 0.9999974310252627 -0.0009104218533336785 0.0020447412507547114 0.06229197294609272 0.0007793478940091307 0.9980576650291021 -1.6050419769877564
0.9954074591043246 -0.003573983046507511 -0.09566199352227366 -0.28127831237574696 0.0032150489925190377 0.9999872033192794 -0.003905977171187317 0.02525012154697004 0.09567472926247532 0.0035804808153949166 0.9954062117234765 -2.328269810157508
0.9911203033095699 -0.00021718769900820893 -0.1329680307331412 -0.37142808237794966 -0.0006353323037122255 0.9999795158570132 -0.006369004571945427 0.059826420417420145 0.13296669026643496 0.006396928628412354 0.9910998630731985 -3.0687669120828645
0.9851220641905691 0.0023168458123361416 -0.1718404808838536 -0.41281416276506633 -0.0032437561993359128 0.9999816653251911 -0.0051134195189611025 0.016815155216966374 0.17182548323991834 0.005594751016755174 0.9851115175808417 -3.929898610622871
0.9765398588287172 0.0016010884423414366 -0.2153307702920994 -0.3834767307982858 -0.003032817138790456 0.9999754375132973 -0.0063187332822623845 0.02850619266159793 0.21531536438208893 0.006823553758087656 0.9765207283898887 -4.808865629706155
0.9648407511576312 0.0016227311354080195 -0.26283015741965393 -0.3265087412829537 -0.004173923837173642 0.9999494396437447 -0.009148579997045077 0.027401264430722883 0.26280202294765415 0.009923955855556646 0.9647987416216905 -5.7414948863884305
0.9507673231557503 0.00283869373783445 -0.3098926250124579 -0.24405024010773957 -0.00837632058014867 0.9998281126059407 -0.01654032939154649 0.19546460630467255 0.3097924054472408 0.018321764672243182 0.9506276760469934 -6.69770816059286
0.9340900379123401 0.008273118759901277 -0.35694167111575453 -0.1369194649310348 -0.017168905331306696 0.9996157726682573 -0.021760875960486446 0.2903031935680147 0.35662449405873337 0.026454915211121317 0.933873175382249 -7.688793233937538
0.9131868342318973 0.010351071876856792 -0.40740969686118844 0.06977046288249156 -0.0218714878821767 0.999481498525978 -0.023629898901290552 0.31469997401851346 0.40695385955086494 0.030489168818870073 0.9129397388554128 -8.81455478275624
0.8882935057050958 0.009555968255627476 -0.4591767973154222 0.3632045689123329 -0.0248893715783213 0.9993159458592908 -0.02735250507333994 0.45548647655853003 0.45860131585570835 0.03572567454994063 0.8879237068990582 -9.913671714621834
0.8596788376807859 0.007357787801660095 -0.5107819094314898 0.8703393277513283 -0.026875083049606445 0.9991629741103133 -0.03083960243113075 0.5241529031235448 0.5101274604987363 0.04023945980873987 0.8591570053950623 -10.889704828712873
0.8273479155945959 0.007465967297308366 -0.5616401747503403 1.358421036659701 -0.03101268063897895 0.9989935656491937 -0.03240477481937954 0.5660782715456127 0.5608329877966007 0.04422799027567855 0.8267467838917261 -12.027859910982777
0.7910427426106644 0.00966591029778566 -0.6116845179838325 1.9349174071134527 -0.036934181043137976 0.9988058349617732 -0.03198078043118678 0.6669528603160151 0.6106449423631305 0.04789023099161491 0.7904551095045809 -13.189871902368118
0.7527918821655236 0.00989124912129541 -0.6581842791623854 2.538775408638224 -0.04087798151164507 0.9986596975454313 -0.031745852107027184 0.7291317828443744 0.6569881070257072 0.05080326455345277 0.7521872476567851 -14.406317923153658
0.7125012651202836 0.010472244325878323 -0.7015926733516924 3.1992298319564307 -0.04353054948961255 0.9986223061103581 -0.02930155285924031 0.6891933469006699 0.7003192403919285 0.05141810807108299 0.7119755190308601 -15.812208524680173
0.6701400184925856 0.008828605995757757 -0.7421821955092486 3.9819465497569073 -0.04514151429774076 0.9985630235160248 -0.02888133919058508 0.724420872584276 0.7408607151831333 0.05285776936937871 0.6695755796888277 -17.099459816480703
0.6271164082207843 0.003504234133565185 -0.7789176663058811 4.815048206134728 -0.044990105253704046 0.998483396437756 -0.031730071972558144 0.7619910685162852 0.7776251673972 0.05494203655908875 0.6263229771046377 -18.59351219670566
0.5845861219603636 -0.00026954402668972685 -0.811331617378098 5.704962102745998 -0.045125817037744376 0.9984411834032061 -0.03284606401201818 0.7657392253887148 0.8100757536477801 0.05581335530518885 0.5836626960167643 -20.159513192173463
0.5439815131921586 -0.0027244642323502356 -0.839092778302743 6.568081593098242 -0.046003788928472816 0.9983938613078305 -0.03306582990135579 0.7676510642111962 0.83783516559607 0.05658864724913926 0.5429824677585074 -21.77870399588636
0.5046328595566368 -0.004708942424672846 -0.8633212049503547 7.465062184950567 -0.047817900517692434 0.9982976312724171 -0.033395924690909184 0.8009802608757361 0.8620087734157764 0.058134888467442025 0.5035486166172104 -23.579151250263905
0.46618177674885625 -0.00810464691035545 -0.8846518330539637 8.441356224142748 -0.04718411309197565 0.9983070454530272 -0.034010328880670286 0.765835664056464 0.8834297994175899 0.0575965076832456 0.4650101416138046 -25.49241897360757
0.4292443807158066 -0.009675261912334442 -0.9031365627250573 9.394856678884103 -0.046220516075806115 0.9983970934018148 -0.032663554315075366 0.6891081679369044 0.9020049476125892 0.055764085160033436 0.4281091464669667 -27.418475081909136
0.3945690809001343 -0.008554329900992582 -0.9188264601313831 10.363032141158914 -0.04431850220689379 0.9986157182128848 -0.028328743359036908 0.49617542775776413 0.9177968788134774 0.051898658731316084 0.39364377101908976 -29.606215513592986
0.3645835139027746 -0.007103375205283802 -0.9311435998013402 11.197228987405293 -0.04260882128259995 0.9987962091494367 -0.024302694040422065 0.3811763882239272 0.930195328809607 0.04853529282293316 0.363841965159847 -31.825151629825427
0.33992812241992976 -0.006027919333961275 -0.940432100566843 11.740039126567797 -0.04006620131156633 0.9989787262649068 -0.020885496944190986 0.21912350852100948 0.9395975580537246 0.044779109623216344 0.3393394469271583 -34.33520448930297
0.3201904806777927 -0.005213498313974489 -0.9473388388104091 12.264023516173431 -0.038735789866424356 0.9990765393144697 -0.018590513033464283 0.06081169809879805 0.9465609302452476 0.042648423496694156 0.31969284838184664 -36.95422681832703
0.3054631776426166 -0.003908779307846253 -0.9521958666938214 12.733477165268543 -0.039185663913801114 0.9990928525971612 -0.016672001466583534 0.025429836387562688 0.9513972518607091 0.04240510975801962 0.3050329094020848 -39.75389217297004
0.29392974271515104 -0.003424190654552 -0.9558208939261404 13.084087576875522 -0.04003638187659435 0.9990718522896642 -0.015890943607310217 -0.014792374862619528 0.9549881645725441 0.04293843128085241 0.2935198402927865 -42.777937473784604
0.2830552087785314 -0.004176343779864464 -0.959094524505262 13.510940756591772 -0.04235709689817272 0.998960425032137 -0.016850684317601707 0.16423668966666272 0.958167848096408 0.04539413367655615 0.28258405387079816 -45.77515807188571
0.27171737130264956 -0.005235341585814016 -0.9623628532579891 14.008994336980576 -0.04414848474421522 0.9988646244727349 -0.017898974041318447 0.3095346424656704 0.961363917269193 0.04735032392098118 0.2711777376508077 -49.11356091291786
0.2621709986579266 -0.0063496548203727 -0.9650005437026281 14.341722848363899 -0.04546659387433666 0.998786593429859 -0.018924313098348147 0.3530687145069038 0.9639497685585965 0.04883669387295066 0.2615641814686944 -52.36914409935139
0.2521429752730891 -0.006839413106913061 -0.9676658216805982 14.774259926786144 -0.047153246239323654 0.998700318819108 -0.019345401513164405 0.4720079249960595 0.9665404758154352 0.05050639186246449 0.25149276926286984 -55.74957846230228
0.24115776461163496 -0.007206649102222726 -0.9704591680108116 15.368990526964945 -0.04889495050076985 0.998612263996359 -0.01956604230787031 0.6507896796749402 0.9692534324845316 0.0521690560081696 0.24047073254799622 -59.423873495166376
0.23075604626132654 -0.007616353692540653 -0.9729818283350777 15.901143433332633 -0.05015385938126474 0.9985469747862757 -0.019711152537117232 0.7182006513958341 0.9717181883154216 0.05334726142556244 0.2300387623757958 -62.96011502492851
0.22063131392133623 -0.009030646399587332 -0.9753154724205653 16.389440695727686 -0.05295008699549553 0.9983716264041487 -0.021222249605178684 0.9542771925449509 0.9739189450896384 0.05632533192747888 0.21979387020284502 -66.59055722620911
0.20891436197905114 -0.01156188275164233 -0.9778655900613967 17.146371007078024 -0.05626604592718765 0.9981315681222471 -0.023822359109539896 1.2612655087019138 0.9763139461436602 0.059997463155216355 0.2078734782995004 -70.22208987460729
0.19637871157259087 -0.013601885093413667 -0.9804337766330753 17.950461116206426 -0.058651770647198724 0.9979503908298699 -0.02559271854373672 1.3612070723590013 0.9787723797906425 0.06253004209510896 0.19517843731966486 -73.92319016001103
0.18236687544581254 -0.01513579497932593 -0.9831140475298252 19.058110119580974 -0.060509740946796065 0.9978134711811038 -0.026586612797958736 1.554467801056258 0.981366849853144 0.06433649384183726 0.18105226198381535 -77.60730792116279
0.1668979916841077 -0.016404701286452966 -0.9858376875264576 20.281553162740696 -0.06080827234075717 0.99778697396198 -0.026898115300649936 1.5940619150366255 0.9840972586013761 0.06443632801065716 0.16553110053932216 -81.24763399730305
0.15228647457515887 -0.018297366853894922 -0.9881670081659696 21.372746144704248 -0.059227610822874505 0.9978627578168541 -0.02760446844908008 1.4990779228810744 0.9865601450381439 0.06273055817028991 0.15087729217466841 -84.97138333273807
0.13488276421819986 -0.019935039964267393 -0.9906610086697065 22.808719037743835 -0.05702593286981504 0.9979842696601262 -0.027846732147085627 1.2528917919159595 0.9892192289362276 0.06024941238358467 0.13347406268727982 -88.62116610945388
0.11343401927645848 -0.02315876439205665 -0.9932755885969518 24.67227964947663 -0.05423744422278072 0.9980932355070632 -0.02946511291717873 1.002010203599831 0.9920640215807488 0.05721507552100715 0.11196165512422837 -92.28536443585978
0.08636642887302702 -0.02749610282324792 -0.9958839311351768 27.19676768798081 -0.052451690292440886 0.9981072123114463 -0.03210627535761794 0.8940088470638972 0.9948817317396004 0.05500869987017236 0.0847607384902177 -95.76437187472057
0.055327978949653786 -0.03177135667920088 -0.9979626223662436 30.070681188017282 -0.051183750408965514 0.9980892543059113 -0.034613063041899685 0.8647809388762626 0.9971554735543596 0.05299454060403578 0.05359608406169067 -99.14109560184384
0.020144475710610593 -0.03567795731470399 -0.9991602891729608 33.54674546656477 -0.049966300606719145 0.9980783471948085 -0.036646714239590206 0.7163989831377164 0.9985477299068001 0.050662572207985715 0.018323069482131995 -102.4222840963834
-0.014408674455658025 -0.03695760073216229 -0.9992129532029461 36.86117899546761 -0.04753172539644033 0.9982122754134753 -0.0362351803457532 0.35965435413637614 0.9987658009670077 0.0469722147867646 -0.016139574243386835 -105.6803257344947
-0.04916384561746067 -0.037251965341044524 -0.9980957906745884 40.33336515641407 -0.04551162440952318 0.9983497964829304 -0.03501965028519706 0.06226162122472445 0.9977532802891247 0.04370326006970905 -0.05077811272162828 -108.95259640217516
-0.08160974983827655 -0.03643631841167979 -0.9959981141708736 43.906077283442436 -0.043396107253695394 0.9985136892007227 -0.032972569720724765 -0.12867220310862382 0.9957191504669174 0.04053155782060411 -0.08306964676748867 -110.56795822656231
-0.11426028492567804 -0.04297538162155884 -0.9925208833385745 47.53301818631549 -0.03980724909280017 0.9984595991451921 -0.038649861506678915 -0.4038136808712697 0.9926529958693352 0.03509338184477358 -0.11579501000617551 -113.12517942995535
-0.1465719902652848 -0.037836324486830934 -0.9884761323466544 51.13186357358849 -0.03480153711323478 0.9988468535836128 -0.03307289072144923 -1.145032294914143 0.9885876312620088 0.02955292938853978 -0.1477197335508245 -115.23771329565432
-0.17741614380818904 -0.03312005629566197 -0.9835784532955182 54.58835895097418 -0.02788736763195643 0.9992013949337758 -0.028615853804425613 -2.1581853280991443 0.9837407212486388 0.022352499488163126 -0.17819808956282213 -117.39579167242478
-0.20724346390765727 -0.023804737535930723 -0.9779997347332979 57.99045353746062 -0.021202720018807276 0.999578380264988 -0.01983699499992964 -3.1739540679034732 0.9780596052037728 0.016625166996713608 -0.20766081115841706 -119.2413253022665
-0.23476976295469107 -0.017234115192823873 -0.9718982167262777 61.1414124789351 -0.015315135573185226 0.9997842920837173 -0.014029109915993482 -4.045408648021832 0.971930349883454 0.011591142143056806 -0.23498306406897992 -121.15082824019971
-0.26224617412252005 -0.008256136334667765 -0.9649656887013778 64.45338348088421 -0.009140352237391609 0.9999397946961829 -0.006071321432130468 -5.015931053032811 0.9649577183063915 0.007227945474283499 -0.2623058495061509 -122.97504370780898
-0.2883063280160108 -0.003523619433138242 -0.9575317463833848 67.6093843455905 0.0005442463097038721 0.9999924647031533 -0.003843739437995818 -6.384269838523418 0.9575380749724152 -0.0016293075226123605 -0.2883022378253731 -124.90519003271518
-0.3132324622024458 0.0021926929773967187 -0.9496739528491345 70.76415735632722 0.01648721414459559 0.9998591792761501 -0.0031294387633461094 -8.564839931928981 0.9495333571772735 -0.016637719637322933 -0.31322450397905693 -126.58820594559218
-0.3376085360440484 0.0042278151878455995 -0.9412771122092216 73.95026089104415 0.03390612053858012 0.999395572934634 -0.00767227402257197 -10.893163182677052 0.9406757418899552 -0.03450528042766178 -0.33754782511873876 -128.12164385323456
-0.36182053366409495 0.004901904866349557 -0.9322348806753108 77.14370688406957 0.04879312669679123 0.9987151339834738 -0.013686195217196575 -12.893025989436332 0.9309699953307736 -0.05043860110127553 -0.3615948220215079 -129.61842970028488
-0.3860298381111808 0.008095034840040892 -0.9224507761928514 80.44716354316773 0.05866822892133574 0.998152614889064 -0.015792286261269807 -14.302741309058565 0.9206188152558524 -0.060214847015189456 -0.38579161369299886 -131.10562463796825
-0.40875731330924864 0.011734046611467031 -0.9125676802113499 83.56671800018852 0.06295755286969638 0.9978978652932498 -0.015368701306032937 -14.916185782924781 0.9104690029610366 -0.06373509702898861 -0.4086367972342203 -132.6299124544243
-0.43137835132006214 0.01548111987318319 -0.9020382768706976 86.8301196734827 0.06236993833590018 0.9979723026961704 -0.012699363892692703 -14.809146966499661 0.9000126159139998 -0.06173830236389037 -0.43146920309202114 -134.20626609028074
-0.4507816067527574 0.020223254330992528 -0.8924051563038318 89.6638131832353 0.058210339471484525 0.998281308326681 -0.006781284847655507 -14.124574804750146 0.8907342473443003 -0.05500408557402353 -0.45118405465857125 -135.88577667957924
-0.4682175019926269 0.028136617910835257 -0.8831651609751849 92.211653840748 0.05685355573013599 0.9983811386821819 0.0016658704964060828 -13.958841130454509 0.8817823110204837 -0.04943108997594672 -0.46905918956477666 -137.7804048696769
-0.48168760911855174 0.030680606934583746 -0.8758057704649923 94.27417705110942 0.057224448139096995 0.9983552015254407 0.0035005888465672597 -13.960417775590434 0.8744726466601623 -0.048431311619885786 -0.4826510108742635 -139.91396253643535
-0.49280722955215267 0.03487517740296822 -0.8694393345727138 96.00628633483542 0.0614029397146507 0.9980993453028266 0.00523219843547024 -14.632012675044148 0.8679693044661954 -0.05080766583086317 -0.4940120115921155 -142.32110899412186
-0.5023412603302395 0.03601726159467804 -0.8639189863853247 97.54650196163065 0.06394784311189963 0.9979434485173695 0.004421190178600331 -14.988032333743954 0.8623015316762241 -0.053024809556282346 -0.5036113958602978 -144.76559898908232
-0.5126395267104119 0.030470736646433582 -0.8580630803515256 99.31842862487278 0.06290917673542637 0.9980169538077868 -0.0021436871733068047 -14.614765560105404 0.8562961819000455 -0.05507898074991766 -0.5135398278059399 -147.04376423530778
-0.5239519539875296 0.02956991091536083 -0.8512343803448655 101.29844599008848 0.06089512881111993 0.9981402167187996 -0.0028091022810027774 -14.156694788443234 0.8495682039717157 -0.053307861868636675 -0.5247781804374755 -149.3589799013211
-0.5319362709028622 0.03237342440553097 -0.8461653296432181 102.66692404120252 0.06210378131771646 0.9980693300473076 -0.0008560169153383861 -14.271925881911322 0.8445039514673676 -0.05300541303657076 -0.5329197895976697 -151.84138756259733
-0.5387270538728184 0.03616917501814706 -0.8417036011589946 103.87834270729417 0.06512426902078385 0.997876442725424 0.0011977638171512227 -14.743825455410105 0.8399595174828497 -0.054170063985191585 -0.5399385272026976 -154.46773126553177
-0.5420867884032493 0.038138648155826765 -0.8394565845566385 104.52978344666153 0.06816815410824141 0.9976729902791348 0.0013066112519594594 -15.237774879445405 0.8375529933109461 -0.05651590912596867 -0.5434251884220489 -157.57066575752674
-0.5413726743551377 0.03871550941359704 -0.8398909076733786 104.44165325476924 0.07027743005128136 0.9975272510465181 0.0006828213275118962 -15.558256654754155 0.8378405040859228 -0.058655713706541227 -0.5427548221458959 -161.19289782820772
-0.5377788177047129 0.04111746273725204 -0.8420827141594651 103.78307484236757 0.07055944892168947 0.9975009166298393 0.0036449266791607794 -15.571581380255417 0.8401281493891204 -0.05745672789743299 -0.5393360891163613 -165.3896419203245
-0.5318639545631371 0.03935840694163611 -0.845914682246075 102.74285540505048 0.06915019363185163 0.9976019332772093 0.002938271984172725 -15.214183197906262 0.8440017681007184 -0.056932403116258135 -0.5333101507737024 -169.8625358687952
-0.5246024417486771 0.03842326434633297 -0.8504798239043052 101.35371894744195 0.06756759501800141 0.9977089156010889 0.0033970330560476707 -14.788870964857933 0.8486618279472746 -0.05568278447664367 -0.5259967008433784 -174.64471531760358
-0.5170422787369939 0.038689637683695634 -0.8550850214653284 99.86645772068255 0.06679799820451132 0.9977551920801202 0.004754378301363663 -14.439682256660678 0.8533494650108634 -0.054659753137630746 -0.5184660084833012 -179.49905029768996
-0.5098998375114049 0.03491705259433528 -0.8595248426566665 98.36579313616826 0.06525603432760023 0.997866884809255 0.0018248794227984852 -14.118067975217077 0.8577550965687571 -0.05515867691666576 -0.5110907108049655 -184.56732453760486
-0.5056999400467972 0.031090906325929434 -0.8621490162266021 97.62716892998671 0.06337796730757309 0.9979888919530445 -0.0011852418717239327 -13.770771158540029 0.8603782911583868 -0.055240628908137634 -0.5066534012727117 -189.03906000652592
-0.5041911577171757 0.02626050636968574 -0.8631927144531641 97.38542680935696 0.060919913575708085 0.9981290194169805 -0.005217732038496181 -13.322952485960567 0.861440677359586 -0.055216359920815014 -0.5048476136294523 -193.4240061977291
-0.504105518106148 0.024084198221465354 -0.8633061901845492 97.3322009066538 0.05936559185130553 0.998213029267045 -0.006817235924724996 -13.119966908515483 0.8615992996277771 -0.05468728917708684 -0.5046344689806528 -197.56127072566505
-0.5044323045298235 0.02456358178510075 -0.8631017788167384 97.47212430080566 0.058230730513924384 0.9982873236032375 -0.0056215262073590795 -12.739133093826428 0.8614854799534036 -0.05309472650811921 -0.5049987305394756 -201.59422434803253
-0.5053000122042537 0.023644249100580942 -0.8626197581500501 97.72955193648392 0.05776183934937974 0.9983094132243566 -0.006471891734108816 -12.682229993227349 0.8610084015741992 -0.05309675086209378 -0.5058114940039731 -205.54963683630956
-0.5051712407211606 0.023362600739071128 -0.8627028494417702 97.74600056260712 0.057595638115082955 0.9983175710529293 -0.006691023620879054 -12.652272159245808 0.861095093481759 -0.05306803382155317 -0.5056669099001386 -209.83673773454018
-0.5052653817803736 0.023220096679285047 -0.8626515641233937 97.84485821514133 0.05707687074849157 0.9983482479296976 -0.006557947945984348 -12.532705653907382 0.8610744014310802 -0.05255095589907864 -0.505756139096897 -214.05932165121212
-0.5053166645121194 0.024284160681557945 -0.8625922258554956 97.95827217018208 0.057053033529853 0.998356995735647 -0.005316054056774804 -12.488762497116044 0.8610458872391108 -0.05189979388865969 -0.5058719121110867 -218.13831299798147
-0.5051265000008405 0.023537789484545494 -0.8627242847301113 98.01498497306738 0.056180486970975704 0.9984046188366805 -0.005654199261287872 -12.296200303274283 0.8612148233051988 -0.05132435632098603 -0.5056429951731078 -222.60789633225005
-0.5061248170905545 0.022362516803286873 -0.8621702774784545 98.45733623370026 0.05646239509755028 0.9983784026696725 -0.007250036041354015 -12.49381865084506 0.8606100554054088 -0.05234962201368329 -0.5065667276974709 -226.384897054815
-0.5063057892054486 0.021095856002618592 -0.8620959416889541 98.69812064388849 0.05655740561857105 0.9983606924955488 -0.008785644512748839 -12.62684819573373 0.8604973606506555 -0.05320613253493198 -0.506668925210468 -230.5594787914792
-0.5050544961021192 0.02085166187475532 -0.862835537147199 98.4450412860925 0.05572511414482803 0.9984100494736926 -0.008490274641314723 -12.410971162123111 0.8612866349947503 -0.05236966017647947 -0.5054134456783077 -234.53677314872454
-0.5037958517931819 0.02250991987610051 -0.8635294107458956 98.32961409207702 0.05560330140666332 0.9984323423977894 -0.00641330856446189 -12.419743476478043 0.8620313292384808 -0.051246084350268006 -0.5042576982556668 -238.7781257084771
-0.5022549453468781 0.021718983808071836 -0.8644467916632864 98.06585188147943 0.05443103281679939 0.9984961264237634 -0.006538209482483744 -12.128778960766677 0.8630047697093574 -0.050336579731692595 -0.5026818041264413 -242.79966942655045
-0.5004924207365666 0.022356579337082256 -0.8654522055813343 97.70258252745816 0.05525417107368143 0.9984533114826089 -0.006161279767429764 -12.371910729647137 0.8639758754526725 -0.05090351804892211 -0.5009536091156856 -246.82890706533152
-0.4993347946337921 0.023741804831976722 -0.8660837659091347 97.60639965873594 0.05744586659811108 0.9983320470960556 -0.0057529254984192806 -13.04567782010458 0.8645025941423314 -0.05262556835150252 -0.49986579626621847 -250.92271561236313
-0.49977651265633916 0.023863106315820858 -0.8658256115142517 97.9975915230443 0.05914324853399148 0.998227510405242 -0.00662673547075306 -13.580273117363644 0.8641328101339023 -0.05451962607275157 -0.5003020056155809 -254.78765319652945
-0.5012142611158779 0.022729572893684796 -0.8650246418282749 98.52424307371278 0.0608977506363676 0.9981028985915283 -0.009059127475639493 -14.207149526836801 0.8631776922635891 -0.05721861881642868 -0.5016475866973197 -258.28828276817853
-0.5055680860467088 0.021640300863607846 -0.8625152797194958 100.09252155213973 0.06384047920184266 0.9978832771299002 -0.012383797469651774 -15.209449134382847 0.860421584798026 -0.06132424156092589 -0.5058794656937861 -261.68439198284653
-0.5112219508578926 0.021253091376588297 -0.8591859071632802 102.03835015859448 0.06537857890962309 0.9977592080302704 -0.014219852691406697 -15.77019066265443 0.8569584344533921 -0.06344185446332341 -0.5114659057272986 -264.73066977485047
-0.5175251454597687 0.022952912450547557 -0.8553600923744822 104.1759745137038 0.06514278728872816 0.9977959102423988 -0.012638780312903143 -15.662778511295398 0.8531847051378152 -0.06226142717268703 -0.5178796902807827 -267.8441287424412
-0.5242116759023181 0.024938323568005114 -0.8512227668861427 106.50823388084565 0.06443267429779895 0.9978673897796089 -0.010445233231669557 -15.445782551246225 0.8491469539075771 -0.06032207251121016 -0.5247005796046309 -270.8770695057551
-0.529339854573636 0.022458160921720954 -0.8481125805976326 108.14433003379602 0.06283860957468825 0.997941688611461 -0.012794345548911085 -15.088125659761639 0.846079563343 -0.0600667723397814 -0.5296615479284853 -273.83285888102125
-0.5329001175613962 0.026419429353907474 -0.8457656167376775 109.20999078554254 0.06722371200810218 0.9976751572714133 -0.011191653466431101 -16.196533261911867 0.8435036675954064 -0.0628195376938961 -0.533437220708326 -276.72111243583396
-0.5367824009943485 0.028051082882404224 -0.8432542859255843 110.38441715308522 0.06833945852985546 0.9976087854203058 -0.010316475176549083 -16.346097743786054 0.8409484956824578 -0.06316524361820094 -0.5374158349063272 -279.12016738301145
-0.5414564162481595 0.02629121264060936 -0.840317631280926 111.9304385091563 0.0690908242059575 0.9975215957080914 -0.013308798087195192 -16.697505957079855 0.837885080016491 -0.06526437185686013 -0.5419309498929621 -281.8659813089823
-0.5446956171342832 0.02608994484826586 -0.8382278923136101 112.99260856644935 0.06939375745083948 0.997490454964073 -0.01404630493835015 -16.73014880731659 0.8357578543463152 -0.06581874378459002 -0.5451391582569188 -284.7226480477899
-0.547029146750504 0.028748288919267624 -0.8366197753398075 113.73602123611097 0.06911202611145417 0.9975492345238629 -0.010911120365226089 -16.353762868280906 0.8342557404370587 -0.06378918862212538 -0.5476753590976552 -287.5987922644416
-0.5492217243168436 0.02980398387461612 -0.835145029371327 114.49878030335893 0.06241596453303136 0.9980354519426301 -0.005429920541047517 -13.897644456785208 0.8333425135620074 -0.05510861285563575 -0.5500029962457325 -290.64867595021803
-0.5516800818762422 0.029662686023923083 -0.8335281712808924 115.39485791926829 0.05351467075410962 0.9985670565438621 0.00011661648908271177 -10.701455125992624 0.8323372317006501 -0.04454165065612678 -0.5524769443892891 -293.59881009837073
-0.5531899210572491 0.030528286833820382 -0.8324956065611797 115.94356746594632 0.05212194761466261 0.9986387525549467 0.0019860695744574955 -10.076474253894347 0.8314230053453711 -0.042292618723510235 -0.5540280864576984 -296.62838338737515
-0.5541963598049795 0.030444374825140674 -0.8318290298014467 116.32764639613367 0.0565041434442778 0.998401753839868 -0.0011044016953311551 -11.598208077569728 0.8304659394295099 -0.047613842220330355 -0.555030850923153 -299.4431826058437
-0.5550363202933669 0.03320007122509411 -0.8311633043065892 116.63205546498862 0.06315787544738355 0.9980008716647456 -0.002311476882981233 -13.703357514421358 0.8294249609965761 -0.05377746207340439 -0.5560235774216519 -302.302766489841
-0.5559278773932481 0.037802787720590245 -0.8303704862153941 117.04987250698753 0.06662882293766338 0.9977774969268116 0.0008164437573525522 -14.54804074375652 0.82855584910794 -0.05487272425367096 -0.5572110812268556 -305.14603346604025
-0.5554621926663365 0.041147990934164144 -0.8305230853867865 116.8742316705283 0.06799319868021275 0.9976779451370236 0.00395508791290872 -14.70663137613896 0.8287573091391344 -0.05427301934891468 -0.5569701625035344 -308.39695143255483
-0.5548079299563257 0.04057582173139322 -0.8309884256404533 116.63252624730535 0.06468717080265263 0.9978902296983325 0.00553709365619787 -13.436443046250613 0.8294599030641115 -0.05068226675506196 -0.5562621477733708 -311.6161070100674
-0.5541854429453099 0.03947266554512092 -0.8314567959324607 116.41037442857052 0.060002816020482484 0.9981708226113349 0.0073939811348391685 -11.72067715825806 0.8302277741060718 -0.045792112444975185 -0.5555402105524891 -314.8555453867222
-0.5536158174000326 0.036342518030282954 -0.8319788146988553 116.19783032511907 0.05321981006021934 0.9985491116250781 0.008205089269569366 -9.35500175532507 0.8310698999131468 -0.039735287289586634 -0.5547467245530757 -318.09932386298476
-0.553592534617076 0.027607188031404314 -0.832329951873198 116.16727322287583 0.04743494329164391 0.9988730773074734 0.001581640040147228 -7.915699423895495 0.8314356449967489 -0.0386059399483649 -0.5542782240261142 -321.24787441087045
-0.5527077798426931 0.020070163276355198 -0.8331334218763653 115.84941083360845 0.0421841565251719 0.9991021740535704 -0.00391698094069752 -6.564798078478154 0.8323067986263364 -0.03730997651420373 -0.5530581873662921 -324.38822864315404
-0.5504016555948144 0.024316621534947517 -0.8345458162591277 115.00211656163006 0.04315925652377202 0.9990679963801782 0.0006458987634087067 -6.429047304909161 0.8337837226132463 -0.0356628732160416 -0.550938166566062 -327.69061323884756
-0.5473800880592279 0.028266893085672637 -0.8364066128095564 113.86485841905785 0.045985196041682344 0.99893539811873 0.003664987091747205 -7.026998141979211 0.8356197705543353 -0.03645618110359043 -0.5480972048077442 -331.0909102802734
-0.5421645330734746 0.031211760323216597 -0.8396924705478472 111.86826370539616 0.04951566390546626 0.9987600510826363 0.005153580251638128 -8.041963312805722 0.8388121470896939 -0.03878384172481178 -0.5430377477817196 -334.6931627487768
-0.5337802155776439 0.035187140200519725 -0.8448908489399048 108.52894349154374 0.051809608804272746 0.998617699857071 0.008857424440616076 -8.473273047207538 0.8440346236342632 -0.03904554643851162 -0.5348654030780883 -338.8461024247634
-0.5254016445993291 0.0432352671288575 -0.8497551550468032 105.26667767185359 0.055325620128038516 0.9983305795511175 0.016587033808902505 -8.908608609532546 0.8490537012520281 -0.03829837606773985 -0.5269165463152641 -342.7945640084983
-0.5153553218524547 0.04005598247685957 -0.8560399584751675 101.17666411205705 0.05406544914076955 0.998436841372492 0.014170426928243229 -8.638552060893563 0.8552694426013125 -0.03897937990701415 -0.5167153844182549 -347.0462511683991
-0.5045282905422485 0.03789349869817085 -0.8625632074224636 96.7901738841185 0.05185202770455562 0.9985629990606766 0.013538985555523301 -7.873380568870145 0.8618367428146947 -0.03789485009019558 -0.5057681376591442 -351.320788024578
-0.49314775413319006 0.03805808409261579 -0.8691126939750622 92.19902540539474 0.048818969946733355 0.9986789832606936 0.016031112460700086 -6.515301033149212 0.8685746949841049 -0.03452347938124217 -0.4943542541585763 -355.4917210794217
-0.48180349006775824 0.036982687496467374 -0.8754985310005187 87.55789573526243 0.04770157283200157 0.9987344801081629 0.015937320741888316 -6.0519717409574065 0.874979975146792 -0.03408400018506058 -0.48295789052825705 -359.68653942514914
-0.47019976879321296 0.0373639094660715 -0.881768742753008 82.83567081365565 0.04707740192610006 0.9987428614100553 0.017216707302614688 -5.654620878720914 0.8813035207320447 -0.03341608971538544 -0.4713676583023445 -363.7651455144682
-0.4582720040734028 0.03922713376995107 -0.8879459455725563 77.98189058701715 0.04833186020488049 0.9986472913237592 0.019173388350900607 -5.852501235790985 0.8874969304576116 -0.03412945220645836 -0.4595480159030219 -367.71840752843326
-0.4462560494360753 0.03843749645181001 -0.8940794691794596 73.02732648504994 0.052079143331065364 0.9984993972541462 0.01693270542499793 -7.376628608332583 0.8933886618776901 -0.03900657059553554 -0.4475881882699386 -371.6182574200535
-0.4345941216882858 0.04115116548905837 -0.8996857956936298 68.25312231727753 0.06159240964097397 0.9979748180219801 0.01589457985020899 -10.934328314332166 0.8985178487201054 -0.048506125106921746 -0.4362485889472948 -375.3252806277625
-0.421800851960572 0.040751904837342486 -0.9057722249757185 62.914951873544936 0.06618952637368071 0.9977079341891189 0.01406501526870376 -12.791901824593548 0.9042693115901719 -0.05401999915040009 -0.42353140592880156 -379.13770318792547
-0.41040121439364446 0.04047669494515539 -0.9110063009609422 58.20113358451246 0.0628401668916587 0.9978948891047709 0.01602821648235065 -11.274344911379728 0.9097373009002381 -0.050669788482817314 -0.41208083659138556 -382.82165927067126
-0.3979917757637289 0.03682727456992211 -0.9166494958664329 52.93376290024435 0.058735212137554095 0.9981668183982904 0.014600599432615706 -9.840888218801187 0.9155068111595841 -0.048028684100095316 -0.39942524234707927 -386.5810425003323
-0.39035488507394617 0.03134477401274421 -0.9201307346464395 49.74534779044201 0.0593273066079107 0.9981994831307933 0.008835302375611705 -10.666610225814914 0.9187509642931305 -0.051139974770305956 -0.39151164553680295 -389.8100334167502
-0.3826013270345597 0.02988973566992753 -0.9234299260111598 46.46751210652167 0.06418518670093973 0.9979216846557084 0.00570728500068525 -12.757800029206383 0.9216813366666159 -0.05708690739123462 -0.3837246390902533 -392.9406727890338
-0.37781655094938116 0.02348765147486943 -0.925582510669313 44.3911625161876 0.06899668362290452 0.9976128225866557 -0.002848483759345037 -15.497183579581954 0.923306076811885 -0.06493832796493529 -0.37853520587042366 -395.8915849220999
-0.3745909997646607 0.020880866864893134 -0.9269550001452511 43.000035998138415 0.07105023217901524 0.9974532008958157 -0.006243118611663694 -16.634294611479067 0.9244638702527104 -0.06819898402221165 -0.37512058218087435 -398.8239759679023
-0.37162854170693704 0.019212684556039226 -0.9281826866198946 41.77223609182781 0.07110144522395194 0.9974384228354123 -0.007821581596464195 -16.810917314883795 0.9256548014653414 -0.06890185341306079 -0.3720426361593579 -401.63586493400265
-0.36583812288089385 0.018372664482047975 -0.9304971322077324 39.23195197485819 0.07110318474388011 0.9974347572877731 -0.00826087607700145 -16.816177393518412 0.9279584069160975 -0.06918345289237893 -0.3662060142592231 -404.7192190650922
-0.36074613331673283 0.016583295451124157 -0.9325166066129905 37.04864097631498 0.06680256056911843 0.9977333379022092 -0.008099650605184711 -15.053584865739971 0.9302685876661833 -0.06521641473201 -0.3610362503282284 -407.7599971726546
-0.35577983112490463 0.015716126952774172 -0.9344376464581994 34.896180918147614 0.06316642987170579 0.997976561269998 -0.007265348785377757 -13.479969423230187 0.9324326859897165 -0.06160995462840889 -0.3560526640662701 -410.8096697243932
-0.35012341952624415 0.012980594241780486 -0.9366136317993562 32.39896708640464 0.06038119150478018 0.9981371413707298 -0.00873834816947422 -12.506096908153413 0.9347554240611352 -0.0596133474097718 -0.3502549728396289 -413.7848276886969
-0.3452769864839934 0.004753813614574234 -0.9384887872855222 30.222981767716885 0.0587675760986696 0.9981342444416925 -0.01656508594299062 -12.724993044610553 0.9366590492831527 -0.060872254179794236 -0.3449121541306586 -416.71641640455135
-0.3397679337174292 -0.002384235071103337 -0.940506282084556 27.75659241705898 0.058471043637054076 0.9980088469796782 -0.023653295886336058 -13.376015839202408 0.9386899851779513 -0.06302901532959693 -0.3389519950571158 -419.5902376524741
-0.33197905636957115 -0.0005994686208116891 -0.9432865666219049 24.291001714439354 0.062476809029163485 0.9977900021087114 -0.02262211363756302 -14.826070317581443 0.941215466546052 -0.06644360262109544 -0.331207930468501 -422.5311462105978
-0.3259703977425245 0.0007824681866016037 -0.9453796525941932 21.660837302732464 0.06559249127025844 0.9976085327068449 -0.021790836593779193 -15.964543978312161 0.9431017574390058 -0.06911297428148114 -0.32524217423548546 -425.32614657424335
-0.3190124327087948 -0.00037537270255684485 -0.9477504560128426 18.51572004835432 0.06398746324181061 0.9977096442561474 -0.021933314983163026 -15.292017978964934 0.9455880034798955 -0.06764114763667808 -0.31825776160417285 -428.264349242256
-0.31184710709279084 -0.0017918924336562427 -0.9501306072953147 15.273038662172779 0.059455929360454074 0.9980015942784877 -0.021396501617820956 -13.320390837034191 0.9482702010828675 -0.06316333540197924 -0.3111173714197826 -431.2149877359225
-0.3048309745037832 -0.003043637278183388 -0.9524016029255686 12.092898937376813 0.05651168438670357 0.9981751866949556 -0.02127736342377324 -12.02102247099461 0.9507284083853029 -0.060307818221260266 -0.30410271381646686 -434.09564725395285
-0.2983726014866995 -0.005815592354296965 -0.9544317521790794 9.13748100387187 0.05980532781559535 0.9979025193341916 -0.024776696134519063 -13.780289790136697 0.9525739411966548 -0.06447279109858481 -0.29739896731668364 -436.76551922195057
-0.2920583125271724 -0.004156523714603143 -0.9563914812431104 6.324715072232028 0.06264884652037633 0.9977596845501323 -0.02346772072629666 -14.756126352913324 0.9543464067692858 -0.06677076603597613 -0.29114360836110087 -439.41740062122454
-0.28561937934962495 -0.006627144748944901 -0.9583202236686917 3.356511756304293 0.06305143037449731 0.9976795452682193 -0.025691284147140954 -15.172431324466181 0.9562667448299479 -0.06776138949192048 -0.284538761553605 -442.15835817230015
-0.27822491671688293 -0.0062570458777308526 -0.9604955726575565 -0.0331516352473904 0.06235190527896747 0.9977519691706442 -0.024561105923480927 -14.660857436687442 0.9584900289653336 -0.0667222406172466 -0.277209319794714 -444.85696214984614
-0.27016332164238194 -0.0026087940059118103 -0.9628109751311468 -3.7070711278481783 0.06246200913894076 0.997842285086163 -0.020230459914479085 -14.153288424928881 0.960786280633462 -0.06560463617656288 -0.2694174356990636 -447.6605459628645
-0.26239557927893903 -0.0006146070399779199 -0.9649601972273552 -7.27130008251332 0.06360936674620743 0.9978137483824584 -0.017932428756129454 -14.311642328006574 0.9628615728322614 -0.06608589711227038 -0.26178282175469403 -450.2207651353314
-0.2548723651058286 0.0011783957573955062 -0.9669739856318783 -10.800441761864978 0.06484493557881442 0.9977690592584711 -0.015875727266628895 -14.588176546330512 0.9647980160816773 -0.06674964996090937 -0.2543801729595989 -452.83248935185617
-0.24869038196175156 -0.004920048331763217 -0.9685705379806527 -13.704601355615523 0.06295029967965021 0.997790798944589 -0.021231611143788194 -14.348281120746996 0.9665352314788945 -0.06625190311177417 -0.24783125639052822 -455.3680072284181
-0.2435412824790737 -0.00912953149098129 -0.9698475629619342 -16.110077444761888 0.06132321295824021 0.9978100169596466 -0.02479180524824451 -14.061681496594113 0.9679499508140522 -0.06551199668567388 -0.24244807899698834 -457.9710226858823
-0.23915402991248394 -0.007215396902120995 -0.9709548331535117 -18.13434901008984 0.060954552501622954 0.9978885087530542 -0.022429146839161977 -13.53825418847198 0.9690665057187487 -0.06454813820824472 -0.2382092469823615 -460.67865998072773
-0.23468039479111902 -0.005631755513027036 -0.9720562718436243 -20.210820732302608 0.06153279255963308 0.9978916902954785 -0.020637099579300173 -13.520640709244677 0.970123099271684 -0.06465645960825785 -0.23383907819359032 -463.22732955053687
-0.22955194448068267 -0.0039720846949091795 -0.9732883063760265 -22.622040399304655 0.06384081575132672 0.9977767442680452 -0.019129005255510024 -14.353883151670948 0.9712004195990356 -0.06652661979265627 -0.22878801067717824 -465.85744800721517
-0.2242032443841395 0.0012715362235979077 -0.9745415785913178 -25.063181858246935 0.06234203051400501 0.9979696495227257 -0.013040316824332057 -12.831084231458252 0.972546336396892 -0.06367858216951888 -0.2238273033699489 -468.47034308022927
-0.21819750670626595 0.009364525492392414 -0.9758596998183046 -27.830986786722267 0.061763880958708314 0.9980818154714801 -0.0042323319899221085 -11.386807550462123 0.9739481870592951 -0.06119636661973277 -0.2183573530624873 -471.0103340334131
-0.21339194916421952 0.010580036457495126 -0.976909381089389 -30.120744029610037 0.060672984844879985 0.9981547077194834 -0.0024430242415178285 -10.592587495326496 0.975080850464159 -0.059793329778410516 -0.2136401010393464 -473.55921771934334
-0.20910937497805918 0.009215827857986105 -0.9778488317798296 -32.20846036157245 0.06294129355939436 0.9980089975433543 -0.004053934826735293 -11.831831319111492 0.9758645719880171 -0.06239478615558549 -0.2092730938253725 -476.13117376575264
-0.2058027138917676 0.007405499075621928 -0.9785654814769547 -33.81280956166535 0.06512209637184832 0.9978583864087982 -0.0061443663437021415 -13.093139049936905 0.976424270242664 -0.06499076285958555 -0.20584422562707502 -478.6849726429101
-0.2041778509361711 0.00497615110439362 -0.9789211628661794 -34.64084052741039 0.0650926706500291 0.997842983979266 -0.008504325428928466 -13.368745719021177 0.9767672954264661 -0.06545698773653215 -0.20406134700556583 -481.3493721919758
-0.2034652506475029 0.0036804054909076143 -0.9790752506290675 -34.987700034717946 0.06426113825167006 0.9978869095122718 -0.009603225221100232 -13.118610980400025 0.9769710322673587 -0.06487041266609861 -0.20327181720784981 -483.9961647206679
-0.20192992121032685 0.005797800584466186 -0.9793828119935402 -35.739862111942266 0.06046536195834441 0.9981487533929225 -0.006557903887779354 -10.91952232059171 0.9775317114668136 -0.06054297323833477 -0.20190666523972084 -486.7779822707214
-0.20114752117705065 0.00423985907299446 -0.9795517843990533 -36.124851502222334 0.05534339678612457 0.9984425398229404 -0.007042947116825914 -8.514503376796855 0.9779963104002498 -0.05562839443088373 -0.20106889012609705 -489.4441330327205
-0.2002996229195581 0.003849341848425978 -0.9797271271255158 -36.55934386187281 0.054107432381758386 0.9985096008755509 -0.007138817857403543 -7.921828362357277 0.9782394629227223 -0.05444042180844759 -0.20020937454070933 -492.2179946216893
-0.1985416096899033 0.005331985577377088 -0.9800779556502354 -37.407711859013695 0.059469800993970395 0.9982081762722737 -0.006616614913938244 -10.36263506590642 0.9782865490189875 -0.059598714356808365 -0.19850295024390924 -494.6894110761262
-0.19831954555627018 0.005913138339105509 -0.9801195807886592 -37.49092136796414 0.06348742733742012 0.9979592978833869 -0.006825418534675016 -12.283477506221656 0.9780790890415919 -0.06357888456933077 -0.1982902443805278 -497.24655828453155
-0.19861587242691064 0.0023581454583124356 -0.9800745759227175 -37.377285201520905 0.06305996147143478 0.9979557779610571 -0.010378173893435351 -12.54880977039896 0.9780466126311763 -0.0638647350588622 -0.19835856204495692 -499.86186710014505
-0.19797133256426255 0.0010946663335046833 -0.9802071991106515 -37.70245949639024 0.0626284627405683 0.9979702555999637 -0.011534495762544294 -12.442863859786051 0.9782050026131962 -0.06367236954410598 -0.1976380586303038 -502.480256346073
-0.19771129469380158 0.0053826971425211395 -0.9802455154306868 -37.67843176374973 0.06399013601754944 0.9979228956242684 -0.0074267678926645125 -12.512806925344439 0.9781694671389802 -0.06419439975845155 -0.19764506722075267 -504.9901263610885
-0.1971830398830362 0.002508027810050703 -0.9803634828873365 -38.00277713218162 0.0664105989414383 0.9977338759127304 -0.010804869476278171 -14.13748344913888 0.9781147586713558 -0.06723706308773447 -0.1969027582757835 -507.4972287641795
-0.19839635875989373 -0.006166151729068439 -0.9801024759705842 -37.42318327503014 0.06774631402939896 0.9975023170706796 -0.019989106384606457 -16.031873656892333 0.9777777466102638 -0.0703640960396647 -0.19748309350998947 -509.9982835829741
-0.19962890318632015 -0.0147590749904945 -0.9797604149576834 -36.795173612138356 0.06887078538347424 0.9972024141421757 -0.029054434251601632 -17.817317083328746 0.9774482676506672 -0.07327697410812056 -0.19805395510382415 -512.4059739979515
-0.20125312933330722 -0.01217019625199095 -0.9794636615294816 -35.67388035783586 0.07104198945636041 0.9971081974596487 -0.02698663174337031 -18.510718810141633 0.9769596786293862 -0.07501419120378444 -0.19980655006883177 -514.2681766725763
-0.20010468405781928 -0.008555991463342488 -0.9797371639517405 -36.236787013301274 0.0733109994966535 0.9970279546408061 -0.023680266416844994 -19.15075107635823 0.9770279488176998 -0.07656404296306653 -0.19888271557434978 -516.9747160112148
-0.20189659097782306 -0.014171285243219617 -0.9793043149226337 -35.14902913396111 0.07227241117352523 0.9969536844621874 -0.029326602606405943 -19.309675054531102 0.9767366406225879 -0.07669762520329072 -0.20025735730174066 -518.9889006458694
-0.1994568719434292 -0.006432156522944932 -0.9798854951457372 -36.345318201986096 0.07283047054063231 0.997115362549754 -0.021369986619141846 -18.52481229909682 0.9771963358483147 -0.0756279123719315 -0.19841305419475522 -521.7205733008875
-0.19584533397314435 -0.00018139944692667498 -0.9806347802598012 -38.111628226497274 0.06955125246213294 0.9974790842494405 -0.014074791858028991 -15.769345726710954 0.9781652357561561 -0.07096085948703587 -0.1953390078273281 -524.115799802584
-0.19428273692490275 0.0038051054344865123 -0.9809381934177104 -38.809395113952085 0.06535255256414746 0.9978209881659198 -0.009073006609588093 -12.867756825327604 0.9787661937389946 -0.06586954340375926 -0.1941080658949053 -526.5898738079768
-0.1919367396548731 0.003850066120586134 -0.9813997477896174 -39.94137036559249 0.06470386650244718 0.9978662366550123 -0.008739759927837595 -12.430513869469749 0.9792720243274037 -0.06517783929243019 -0.19177630623953312 -528.6662553054119
-0.18706927531010015 0.005147252934143816 -0.9823332387851821 -42.48672571561772 0.06943673655614313 0.9975543104580231 -0.007996080480486376 -14.679927411414578 0.9798895988076343 -0.06970583529267538 -0.18696917038582506 -530.7718236995697
-0.18049911319124895 0.006027577109465096 -0.9835566778032481 -46.00998162620688 0.07360411997756819 0.9972601126288986 -0.007396031484790538 -16.746715050379045 0.980817263132894 -0.07372880084190789 -0.18044822045926037 -532.9844123874136
-0.1730185503699326 0.005189692589846043 -0.98490489303217 -50.00031242229479 0.07461502952239883 0.997181489801384 -0.007853264726514722 -17.349846456710488 0.9820881725167343 -0.07484746814900331 -0.17291812488696867 -534.8313165971545
-0.1632374854672417 0.00761422914331384 -0.9865574219744563 -55.20801922790243 0.0704738783276724 0.9975057568872483 -0.003962000789367717 -14.601796196279048 0.9840665403374859 -0.0701732747657656 -0.16336693575157699 -536.8218955189691
-0.15218142345765304 0.008997568425044903 -0.9883116199442559 -61.131133091064996 0.06913093750949233 0.9976063710283338 -0.0015626780657051753 -13.514109949766741 0.9859319083149005 -0.06856071941071654 -0.15243916793404455 -538.4662632994972
-0.13851595207574977 0.012339808384153949 -0.9902833231704908 -68.46146767095205 0.07185953180358831 0.9974119290590694 0.002377279881508529 -14.35419375254982 0.9877497348567184 -0.07083200476979534 -0.13904419581835847 -539.787465407355
-0.1240812487699087 0.012209799354906507 -0.9921969383662766 -76.29230669114396 0.07295291566718826 0.9973304124171779 0.00314969259420924 -14.77842720485905 0.9895866388545048 -0.07199284177954654 -0.12464074347158327 -540.8811157866431
-0.11029332012491043 0.01429856961234734 -0.9937962238018743 -83.69836472421201 0.0728181191873611 0.9973255413540051 0.00626786095540504 -14.213254013316387 0.9912279783449616 -0.07167506867790135 -0.11103954014754755 -542.0384265614289
-0.09762153454138589 0.013006207138413405 -0.9951386207808727 -90.57730217792744 0.07433408722752083 0.997216867492017 0.005741312172322169 -15.050800853812625 0.9924436908307878 -0.07341224533605693 -0.0983166454110506 -543.0468760874754
-0.08387758010670085 0.010255041438925278 -0.996423296436073 -98.0963318085721 0.08068966187268549 0.9967332472219644 0.0034658836145834634 -18.723784360736058 0.9932037706444311 -0.08011034894097066 -0.08443104861506964 -543.7763791381371
-0.07186140736220888 0.003333520818878083 -0.9974090563910439 -104.71292509963574 0.08956458023306578 0.9959761167768328 -0.003124224354095838 -24.389796547049198 0.9933851841554701 -0.08955703461532269 -0.07187081084357193 -544.388086295388
-0.05854417745611823 -0.001508662474149297 -0.9982836787324161 -112.03641894276979 0.09720678452575508 0.9952381287065937 -0.0072047353012615264 -29.0701535518555 0.9935408498537692 -0.09746174175612149 -0.058118745390047126 -544.8537931029197
-0.04597244225307432 -0.0032157338255077994 -0.9989375323859103 -118.87511857836209 0.09810558520390103 0.9951460793448258 -0.007718478893014892 -29.631349400648904 0.9941135894378913 -0.09835618852205125 -0.045433814217241894 -545.4739042154475
-0.03516554486299235 -0.008447855293676372 -0.999345795105691 -124.80646364902555 0.0933051737517987 0.995568818925886 -0.011699202266082322 -27.530786887590086 0.9950163460997188 -0.09365554187261507 -0.03422149136012803 -546.3117215798825
-0.024709407392670937 -0.012077597795921241 -0.9996217168598245 -130.52650581982326 0.09084511407874349 0.9957626952964075 -0.014276550845862684 -26.50056862007735 0.9955584414961902 -0.09116351401473277 -0.023507515354935338 -547.1459483623155
-0.015952264434219213 -0.014901521170390258 -0.9997617065712354 -135.321324180166 0.0975177687952161 0.9950988481245089 -0.016388020944516205 -30.408226751955073 0.9951059290490754 -0.09775595699538488 -0.014420916867277978 -547.8612828658437
-0.009303446745788138 -0.0179739244811382 -0.9997951709812338 -139.00352196537995 0.10594695347723554 0.9941929279695618 -0.01885908333409468 -35.41124328693898 0.994328260147292 -0.10610070694418666 -0.007345138419597506 -548.7011521178408
-0.0071210852075540496 -0.02111015408923931 -0.9997517949670284 -140.1963208142347 0.10833361981175876 0.9938764649732871 -0.02175773863901312 -37.10901599448246 0.9940890890478317 -0.10846166957285355 -0.00479053958558609 -550.376669335342
-0.007582843726761226 -0.022576314834675267 -0.9997163650203497 -139.90603791886215 0.10362643957670392 0.9943447170212661 -0.023241014447598893 -34.67335179299254 0.9945873825369348 -0.10377328047423089 -0.0052004574746227555 -552.705743939008
-0.010067424499391651 -0.023713112819253652 -0.9996681125475447 -138.49351106929532 0.09879085283679245 0.9948042870661273 -0.024592637732327352 -32.10649735889454 0.995057291998671 -0.09900564991592967 -0.00767247841288023 -555.3083577226856
-0.013824873486083517 -0.022800631138035654 -0.9996444388345292 -136.32185490270876 0.09646230645600139 0.9950465273364376 -0.02402981208590276 -30.72650227077446 0.9952406223151676 -0.09676021731787587 -0.011556990884965557 -558.0142738369375
-0.017097394383985273 -0.020363488020623717 -0.9996464412285536 -134.38522500020918 0.09678626403678067 0.9950636617947191 -0.0219255118409339 -30.571182934282923 0.9951583282066633 -0.09712691352719013 -0.01504208993460295 -560.5575722102496
-0.021120285251457982 -0.019051549939416393 -0.9995954041490002 -132.07232981817847 0.09620905474628166 0.9951396095652706 -0.020999410922871525 -30.053174712112003 0.9951370515339705 -0.09661364251070634 -0.019184700807920212 -563.283838952351
-0.026315406245054896 -0.019251196406740258 -0.99946830406525 -129.1029907362666 0.0946612299860835 0.9952738193908081 -0.021662778509588282 -29.220477831998068 0.9951616707508785 -0.09518096381179791 -0.0243686929517708 -566.1374894105036
-0.032183382159300264 -0.019928209090907124 -0.9992832913619728 -125.74235355685607 0.09494563230668193 0.9952189141278078 -0.022905018405392163 -29.540686769046392 0.9949620881313382 -0.09561474491257133 -0.03013741423266313 -568.9800988149044
-0.039460777575515776 -0.02124277985781324 -0.9989952909483849 -121.54761138171936 0.093442519548632 0.9953143714988457 -0.024855531140191324 -28.952593578137297 0.9948423707168584 -0.09432945558928016 -0.037290900159299235 -572.0087867637405
-0.04517574471210436 -0.01921677395173623 -0.9987942068757681 -118.23913629982376 0.09110149811884924 0.9955695748884087 -0.023275278666745017 -27.351245035989045 0.9948163997091163 -0.09204312660596226 -0.04322492006228256 -575.0322134531375
-0.05147419487926135 -0.0203454762201382 -0.998467059476129 -114.57676574486939 0.0911384745190198 0.9955247751788687 -0.024984004230884815 -27.58881271648398 0.9945070063724427 -0.09228479616079066 -0.049389580618623544 -577.8414101298036
-0.05736441913724133 -0.02082755064572723 -0.9981360310855161 -111.1300756172726 0.09265749950128319 0.9953560437367397 -0.026094711780649524 -28.594947212244044 0.994044219943568 -0.0939816967863697 -0.05516819252013123 -580.5514974486842
-0.06158178610451482 -0.020558007818800315 -0.9978903005514684 -108.64169315742046 0.0949168531898835 0.9951361745630475 -0.026358775702855483 -29.892246577033553 0.9935786202413516 -0.09633982764436255 -0.05933096163679318 -583.1126571681918
-0.06451990750531024 -0.021001124195207173 -0.9976954115951641 -106.90769985867074 0.09732535873603348 0.994879885455064 -0.027235786454986054 -31.38442742380605 0.9931590789407349 -0.09885831426570399 -0.06214561624229583 -585.4525708973063
-0.06655370551063351 -0.01831585288997469 -0.9976147221326062 -105.61910712217053 0.09858494977327467 0.994818532528001 -0.024841397244035834 -31.72899150261534 0.9929006052777918 -0.10000308431117456 -0.06440319221317631 -587.7269108623052
-0.06601620565049666 -0.015831507518590728 -0.9976929507424617 -105.86404167182785 0.09777717040371667 0.99495940081468 -0.022257935176809546 -30.882133796682574 0.9930163571358499 -0.09902097808132027 -0.0641354844096839 -589.8808922274254
-0.06202420960671648 -0.013673033639270665 -0.997980984575238 -108.15394491609233 0.09435994388089979 0.9953471237754845 -0.01950138924957963 -28.440560661899497 0.9936041457308115 -0.09537898795316266 -0.06044543194960979 -591.6948252356152
-0.055508750809679146 -0.012988690097661133 -0.9983737138532324 -111.92945259300194 0.09441953449694368 0.9953661337762919 -0.018199209780031506 -28.234892826381763 0.993983767517825 -0.0952761967166199 -0.05402514461143571 -592.9781113009551
-0.04439562504654196 -0.0104646401940452 -0.9989592182778716 -118.43136810875549 0.09518647091218302 0.9953515483374343 -0.014657113547937757 -28.13811202430848 0.9944689860583945 -0.09573811429040252 -0.04319316196004676 -593.7655148399348
-0.03021050865829488 -0.008331297752225665 -0.9995088367014924 -126.76684825633377 0.09554523866763295 0.9953622514319836 -0.011184623024370156 -27.816538853315663 0.994966548450023 -0.09583620350376978 -0.02927438408287832 -594.1406025089266
-0.015561565672788998 -0.011266335962617592 -0.9998154366420778 -135.48431141263907 0.0935309339846726 0.9955357037762356 -0.012673866604542172 -26.8219152285797 0.9954947524029275 -0.09371089680892156 -0.014438343308751378 -594.2449958776893
3.828085954846964e-06 -0.016184586924890478 -0.9998690209879574 -144.7827628256684 0.08826978364130611 0.9959661421262896 -0.01612107421954611 -24.130731689590213 0.9960966043919951 -0.08825816043939377 0.0014324226301841714 -594.1931843098095
0.016262182694838975 -0.017976362082345695 -0.999706152737035 -154.4334193507283 0.08174527370526755 0.9965151817612367 -0.016589235854010224 -20.26398203205431 0.9965205726129545 -0.08145147589610324 0.017674994582628244 -593.9735933734559
0.03269657105570241 -0.01964099534318815 -0.9992723180110258 -164.17368301688202 0.07475368316165093 0.9970545196408315 -0.01715143485422838 -16.122810829912208 0.9966658522769641 -0.07413849314438618 0.034068500690709824 -593.4986604952719
0.05013740773754496 -0.02064141060645445 -0.9985290043426556 -174.4845967913251 0.06711900543946975 0.9975958139286782 -0.01725198947352089 -11.501424803589774 0.9964844602171052 -0.06615530364342526 0.05140229903098312 -592.6575334496009
0.0671845833947036 -0.023392492934445275 -0.99746630170066 -184.6116560679293 0.06122293326335371 0.9979378934395214 -0.019279867222592426 -8.184414674566625 0.9958604240538484 -0.05977250297420866 0.0684781986583114 -591.6486270691258
0.08508105065853974 -0.024575287578813297 -0.9960709161797956 -195.1930446077356 0.05883568976813632 0.9980752643530523 -0.019599191210156342 -6.727638115048129 0.9946353987408383 -0.056936999631200066 0.08636319612340729 -590.2346678963007
0.10281645837284496 -0.024848588616125267 -0.9943899252966373 -205.6437943249572 0.057555365105755 0.9981616556993358 -0.018991815055547583 -5.813449670717956 0.993033814044219 -0.05527980404584892 0.10405761591274454 -588.5503457648632
0.11987985018627029 -0.027519858540082737 -0.9924069119596314 -215.73161221344756 0.057446662695667144 0.9981331394250187 -0.020739260514465896 -5.978663217682605 0.9911249681369388 -0.05452424568474537 0.12123697525120745 -586.8772504732955
0.13576303946969556 -0.032381229496207954 -0.9902120243110886 -225.1935215072751 0.05585791118569058 0.9981261502603436 -0.02498163174089832 -5.561190231546576 0.9891654517177202 -0.051919593052914687 0.13731738777481292 -585.2006529114703
0.14978270336791763 -0.03520816280971628 -0.988091861642106 -233.47559300430567 0.052024750096747924 0.9982619940401758 -0.027684230751508117 -3.5407508971281647 0.9873492630012791 -0.04725861325193887 0.15135407600832673 -583.8188163270531
0.16270457315145984 -0.03224501092727783 -0.986147798834384 -241.02195976993738 0.04815028964435197 0.9985345148647026 -0.024705712519127794 -0.7021692553018841 0.9854992498641316 -0.043463569736188375 0.1640187386337952 -582.7729736101952
0.17408347506137936 -0.030116176521981414 -0.9842702675699652 -247.67573529532245 0.04686939900323581 0.9986528200765172 -0.022266665450726322 0.4823277613161512 0.9836148652534841 -0.042255897398066775 0.1752604803926272 -581.9923662238682
0.18389209716997176 -0.03429583368628061 -0.9823479487382221 -253.54623241474062 0.050088507281535466 0.9984196931035543 -0.025480538874054406 -1.896774374967591 0.9816694138235831 -0.044518672652805014 0.18531931833593376 -581.3415249508256
0.19244035332429305 -0.03904450464942693 -0.9805316094186368 -258.64573718896366 0.05732328642810779 0.9979491421237062 -0.02848772661410444 -6.778189784338341 0.9796329676187415 -0.050725106123493915 0.19428384483342384 -580.8955066895358
0.20180185088838254 -0.03934034699541872 -0.9786359640215063 -264.185915148987 0.06741575644752426 0.9973811111738615 -0.026192267106936094 -12.721832562817688 0.9771034381070569 -0.06068983582011939 0.20392551352760116 -580.1935758199245
0.2103544462609388 -0.03386550893453734 -0.9770384507494363 -269.09528987511374 0.0733640236888339 0.9971286425212111 -0.018766733652684442 -15.385201700346208 0.9748685690729997 -0.06773180618004625 0.2122349534481788 -579.8173344176419
0.21726789578628983 -0.03345045218183326 -0.9755386864237773 -273.1949471576408 0.07147589261407276 0.9972748616257179 -0.018276956651110902 -14.129695103642597 0.9734915809782946 -0.0657565024787354 0.219066711634024 -579.8911398196173
0.2229911266243297 -0.036455607220860164 -0.9741385661952668 -276.63215859820093 0.06410796354713792 0.9976856278723684 -0.022661794870586685 -10.122071452585654 0.9727101965419356 -0.05739666052198579 0.22481213691496493 -580.3187020630124
0.22700561761135296 -0.04076474768908543 -0.973039919488781 -279.08415255864173 0.052900713864705046 0.9981646603581201 -0.02947584239276657 -3.9507801492921573 0.9724556360294762 -0.044783324552826756 0.22874546945568863 -581.1549226859187
0.2289399080226925 -0.041047031459442745 -0.972574757909606 -280.226642573984 0.044654406231702456 0.9985016470940536 -0.031629808006944246 1.0218345014602335 0.9724158074191591 -0.03618842299450997 0.23042980606361504 -582.5763183572215
0.230343604016049 -0.03789519745955954 -0.9723712141452969 -281.00529039643914 0.044283659334631666 0.9986144530804075 -0.028427655810020352 1.7402942760391884 0.9721012198350705 -0.036512026901004635 0.23170259015977446 -584.1918872418586
0.23142731096115104 -0.034453265657579224 -0.9722419309137098 -281.5423453055134 0.04634323667384928 0.9986285793744791 -0.02435702919284656 1.0332368728799768 0.9717477574740692 -0.03941995613947154 0.2327066026181463 -585.8183536886278
0.2336696072892269 -0.030885206155747878 -0.9718254054458627 -282.83083927666684 0.04558938549674022 0.998744131845812 -0.020779004634125915 2.03537347327846 0.9712466847095685 -0.039449501191680066 0.2347841866404114 -587.2673764646904
0.2351303512387583 -0.03276429620249097 -0.9714114570153546 -283.7273790698514 0.04318777955497578 0.9987967664162639 -0.023234351583947176 3.257732429059681 0.9710038793040167 -0.03649000261401866 0.23626245170525922 -588.760593035257
0.23872462104165307 -0.0321530494993515 -0.9705548602301735 -285.9149518404266 0.03896707089568862 0.9989638967800591 -0.023509579235064085 5.972537155662584 0.9703051698792136 -0.032207364653004944 0.23973018785246647 -589.7546347828176
0.24165179793913238 -0.032011133977525974 -0.9698348807164329 -287.6731760368538 0.03370372104924671 0.9991295584029618 -0.024580169099036816 9.266845666076724 0.9697775351802181 -0.026747202227065964 0.24252034849225568 -590.8402732566055
0.2465096889164285 -0.03123950454061678 -0.9686367051822796 -290.62078400270605 0.03154447502909992 0.9992093959943218 -0.024197707573269528 10.713645200675133 0.9686268215187231 -0.024590166992514657 0.24730023113983557 -591.4553200735602
0.2534134015449838 -0.029720529151629704 -0.9669014107262166 -294.8029657655319 0.02999508165740978 0.999288726107189 -0.022854692109862997 11.886846768600632 0.9668929325389477 -0.0232106015005739 0.254124624907181 -591.455033792978
0.2615653546338422 -0.027434815588937598 -0.9647957795040738 -299.6911240846311 0.02579886736993667 0.9994375236230304 -0.02142556455949554 14.866604811823635 0.9648409110820813 -0.019286452962265534 0.2621260174695246 -590.93499789619
0.2716463001171799 -0.025745539349091573 -0.9620527297587548 -305.81138352775105 0.02432210865978339 0.9995064841053678 -0.01988022287772599 16.076349539511803 0.9620897685055115 -0.01799876203939448 0.27213842415590733 -589.8290514669876
0.28313843770175384 -0.027315123391516705 -0.9586899963647876 -312.87265792938956 0.026153951319197358 0.9994425078769511 -0.020751970485327256 14.819423333132317 0.958722376877792 -0.01919785099267769 0.28369498866046233 -588.2006810511475
0.2952942247258217 -0.02809532247963541 -0.9549931799224228 -320.3483686852031 0.02941590264004557 0.9993610040681298 -0.02030488167437911 12.837590959702876 0.9549534153640412 -0.02209607211032019 0.29593198218821876 -586.2812871922246
0.3079934509340794 -0.02804710681914065 -0.9509749702178248 -328.190900611498 0.031015492931580627 0.999330067378912 -0.019428217382739685 12.091993817762267 0.9508827863516766 -0.023511193749693578 0.30865701091751746 -584.120527523394
0.32047913136996115 -0.028267174677353298 -0.9468337199276942 -335.84996997673545 0.0327476945000163 0.9992877800217467 -0.018748898744798494 10.887082675930234 0.946689344432105 -0.02499799061862975 0.32117656453069876 -581.8142971019274
0.33229036333036255 -0.028058348457389 -0.9427596955320161 -343.060976182408 0.03005387286427709 0.9993648180483383 -0.0191500697928247 12.58831878908352 0.9426981909198902 -0.021970196381824264 0.3329225605261839 -579.6585633538965
0.3440574720259137 -0.02953133928052954 -0.9384840733563016 -350.34917876304604 0.028794226838772585 0.9993670310510541 -0.020890901104521895 13.221052476582685 0.9385069783671802 -0.019835252670431465 0.34469002641156476 -577.4301631140133
0.3558898071569557 -0.03136834787962044 -0.9340013232930069 -357.65737218073133 0.028161825359976245 0.9993425871165826 -0.02283210825853732 13.428317398367227 0.9341035043046242 -0.0181774675474468 0.3565392305474706 -575.1087431344199
0.36571109516169215 -0.035204310594293894 -0.9300623911282598 -363.7772418662354 0.02709737764609902 0.9992635261504671 -0.027168684731496563 13.582903014953986 0.9303338793144859 -0.01526636239957796 0.3663957030025657 -573.4592764077015
0.37324883624706806 -0.03928273887366494 -0.926899224655406 -368.54775672105836 0.028368885287799524 0.9991192000356928 -0.030919742359288453 12.268475665279418 0.9272974240165541 -0.014754339924935946 0.3740344861983216 -572.6123787744102
0.37823765449017216 -0.03894546010775415 -0.9248889273111494 -371.62491737581945 0.025517000561130567 0.9991736132383611 -0.031638161933994616 14.107155758792485 0.925356774119116 -0.011633647114887676 0.3789188552271711 -572.8194179810109
0.3809577730092069 -0.036035490803934575 -0.9238899385675684 -373.24745272691655 0.022029090801509468 0.9993103052425114 -0.0298936948967142 16.681137620602286 0.9243299704879878 -0.008964219912437033 0.3814888575293347 -574.00570605429
0.38158411779834334 -0.031565914863801864 -0.9237949740407074 -373.51311993899895 0.022938914490692575 0.9994323080423211 -0.02467524758108273 16.753276413908324 0.9240494398277881 -0.011775171336768194 0.3820915833853724 -576.0901715540781
0.3812562721141657 -0.030438822082506183 -0.9239681450590376 -373.34655235191804 0.02394325808442069 0.9994476555254805 -0.023045699315125068 16.27194897460746 0.9241592803007024 -0.01333649034978343 0.38177449189179474 -578.5566369024973
0.38130496194361846 -0.026382579438938413 -0.9240727706730265 -373.2815175599469 0.025270067340990392 0.9995166233412756 -0.018109206526974814 15.993765956036388 0.9241038630444944 -0.016446250837285695 0.3817873375842101 -580.9222761382498
0.3821900002917984 -0.023061631430266717 -0.9237959541114745 -373.8084507274145 0.02372642434032514 0.9996038692531888 -0.01513807656462831 17.406869856984425 0.9237791188725678 -0.016132753324471817 0.3825857731348537 -582.8922388016955
0.3824610228529134 -0.019564443690401227 -0.9237644713569516 -373.9113637351776 0.01800193957896293 0.99974380797911 -0.013720370943374999 21.521181839686264 0.9237962416949413 -0.011382045093635888 0.38271523732376767 -585.0707899278281
0.38272896832932224 -0.019221618358427724 -0.9236606878011296 -374.1544099793186 0.016175066859902578 0.999769707670539 -0.01410314987663124 22.697270939182424 0.9237190611942846 -0.00954258937856999 0.3829517397457566 -587.3606128739062
0.38214440655574533 -0.017885934726282877 -0.9239295134787743 -373.7967881007898 0.013670089370329345 0.9998126898935744 -0.013700868015672576 24.50078157026675 0.9240015049742963 -0.007394488943991969 0.38231732937246354 -589.9289408174167
0.38125022996985325 -0.0189638761038908 -0.9242773574804537 -373.2687665946483 0.014667162502370257 0.9997878228193311 -0.014463183823448099 23.706603978215465 0.9243555249426831 -0.008042434040641332 0.38144748362341946 -592.6523674402417
0.37979567906608785 -0.020570422793911896 -0.9248416620529208 -372.38948495307346 0.014950099684579292 0.9997586562318836 -0.016097323033335286 23.35129474530841 0.9249495860219358 -0.00771278130755141 0.38001154761711065 -595.5273730394081
0.37865856012022575 -0.02147063930788149 -0.9252873642795453 -371.70492954732634 0.016471475416075798 0.9997288867548296 -0.01645732315920324 22.28276516618528 0.9253898558690249 -0.00900914178263896 0.3789095538767073 -598.3637059231023
0.3788892757958316 -0.01911237957729643 -0.9252446344798783 -371.8462130930988 0.019349382161276102 0.9997317710855828 -0.012727422836564306 20.759154733027497 0.9252397084522946 -0.013080628003928205 0.37915745947315305 -600.6664460333265
0.3788702518837542 -0.019368655666160646 -0.9252470953292565 -371.8642874160106 0.025472768453875937 0.9996204249210279 -0.01049495821805798 16.761035809336974 0.9250991678219346 -0.019592377558358326 0.3792198154590222 -603.0674607891674
0.37912591748756713 -0.021731026638813516 -0.9250898881570556 -372.16600602246416 0.028990823497733118 0.9995123895740257 -0.011598070569913715 14.172724280808024 0.9248908426631403 -0.022421988521194786 0.37957105209515346 -605.1923540749648
0.378218436834442 -0.023036036819327695 -0.9254297137255589 -371.62726111490235 0.026808539353421718 0.9995436027143905 -0.013924384743072766 15.458897742165803 0.9253281127558199 -0.019542959867831104 0.37866338146612105 -607.8123976057798
0.37804106059202386 -0.023363104713669244 -0.9254939880110491 -371.5598585212399 0.02314282095888951 0.9996076117038336 -0.015780762396754994 17.886250879332888 0.9254995226063181 -0.01545276550964836 0.3784334098538094 -609.9695190019085
0.3759723837215808 -0.026573440536637263 -0.9262497605596225 -370.30726694641345 0.022984361253670784 0.9995486085330065 -0.01934679088353331 17.660298138495595 0.9263457701185196 -0.01401540002198346 0.37641344655279074 -613.0044304273113
0.37204418580938614 -0.02883949881662917 -0.9277668926586228 -367.810146778863 0.02387211970106037 0.9994838921401353 -0.021495842700035128 16.77557695450105 0.9279079942033096 -0.014150359020606266 0.3725406308487421 -616.8044566599813
0.3657514232016196 -0.026470009794737744 -0.9303360871252154 -363.54517939482855 0.02323362447176821 0.9995436524443644 -0.01930506545144021 17.44323689314527 0.9304225357975239 -0.014554224116936808 0.36619950770100623 -621.6468964759914
0.35942589513273826 -0.025217825853540016 -0.9328328291646101 -359.4395401969792 0.02123975955000376 0.9995969030545855 -0.01883889640981231 19.067888198135407 0.9329318831095269 -0.013041957786396337 0.3598166322098104 -625.971885491666
0.35050829975594516 -0.021422349824626867 -0.9363145917533209 -353.37637723472204 0.02177728796352279 0.9996544873385448 -0.014719227998280817 19.193854538897206 0.9363064036580924 -0.015231180909662835 0.3508537153814205 -631.5876629365907
0.33901684192538384 -0.023895128032791244 -0.9404767959642789 -345.6492493178021 0.02519166914581071 0.9995494973538295 -0.016315089498840543 16.586113811023562 0.9404429598314762 -0.01816109016561733 0.3394660721005989 -638.2187183134016
0.329467880842096 -0.02389047926010535 -0.943864482059867 -339.2499526590529 0.025679333778515095 0.9995367474383536 -0.01633592167733137 16.220128853915718 0.9438175074187329 -0.018855649579867764 0.32992874559336477 -643.7205534096829
0.3209686871551797 -0.01762253144632567 -0.9469258409460076 -333.34338902425014 0.017789567795684764 0.9997626607103256 -0.012575910585451999 22.329542858003915 0.9469227176193015 -0.012808927934601352 0.3212060058928585 -648.807261241947
0.31208324676314364 -0.012230807896938289 -0.9499760283438538 -327.0916949607005 0.008995413508521738 0.999910348340316 -0.009918559258196367 28.96828387146704 0.9500121734091543 -0.005450011021625574 0.31216528915668806 -654.0915424475392
0.3043791136084578 -0.014400221788580568 -0.9524421183522752 -321.81694120642305 0.0029227782070165974 0.9998951356175771 -0.014183622099430918 33.02448833152889 0.952546488401738 0.0015334212554173644 0.3043892837351067 -658.6978907362746
0.30094936327466904 -0.018631908357031456 -0.9534580917562901 -319.575345789431 0.0007832078037778144 0.9998136132887049 -0.01929054867337604 34.127223414650096 0.9536397995732494 0.005058722522432902 0.30090786296860644 -661.9266226404126
0.2997894210936583 -0.016722369047126942 -0.9538588288493118 -318.7752821852722 -0.002215420124214831 0.99983146345262 -0.018224615328320835 36.49853454456107 0.9540028275188718 0.007576744924024668 0.29970184854677456 -664.4246334148359
0.2976396056446645 -0.016666231907701924 -0.9545328186425479 -317.24490581696887 -0.0024332701093306517 0.9998311162043678 -0.018215879503958567 36.66096848442842 0.9546752035892958 0.0077444033680070055 0.29754878569439663 -667.5118893595203
0.29511356900839925 -0.020429141932099784 -0.9552437550421582 -315.5227070326097 0.0015848848759099365 0.9997804824979699 -0.020891983057053587 33.46119297362896 0.9554608676063372 0.00465155630345636 0.2950811642529914 -670.6542467413084
0.29432073616709453 -0.02289482869001953 -0.9554324314577742 -315.00555154468145 0.0037438981340160403 0.999732965588731 -0.02280308623681449 31.69770577445997 0.9556993708739281 0.003134379430787808 0.29432785830899905 -673.2628410668892
0.29478182124457714 -0.023310097646505847 -0.9552802296768423 -315.3227536861433 0.0022003865132223938 0.9997163288525601 -0.023715398473402552 32.80274039358526 0.955562052492104 0.004888882619801551 0.2947494913715835 -675.3043641900465
0.29600072097262276 -0.024301475856230798 -0.9548785323039243 -316.19605665280875 0.0011524370829494503 0.9996846691040762 -0.025084541993896613 33.47109883253083 0.9551870209924637 0.006324605085122044 0.2959353887220315 -677.1735992366417
0.2971001113569279 -0.023136779403193065 -0.9545659816223019 -316.9115150799418 -0.00025763826272535983 0.9997044099699537 -0.02431103266322122 34.62647159604197 0.9548463004349058 0.007468743232606833 0.29700633060643467 -679.1137877214007
0.29875546743360926 -0.01915350492562972 -0.9541374711893403 -317.9412588717845 -0.002087416610301523 0.9997830680631028 -0.020723404793231696 36.42798612713005 0.954327414135432 0.008182912891689553 0.298650676487073 -680.8120356422301
0.30210121385169614 -0.018385509438637277 -0.9530985414069278 -320.29916421810896 -0.003423485666560506 0.9997866228334431 -0.020371267736427827 37.48691558678731 0.9532697080759581 0.009417103906199086 0.3019738098226355 -682.0179344237242
0.3061377140673304 -0.02002298350030336 -0.9517766440491046 -323.22887826255425 -0.005204406656937727 0.9997286444124945 -0.022705763420444662 38.636168535154894 0.9519730112650141 0.01190452321189555 0.3059504341394514 -682.8707871225914
0.31075317587105905 -0.0227377052814654 -0.9502186382325826 -326.57133901418854 -0.008423956862716016 0.9996086782253786 -0.026674470328132655 40.69405464840246 0.9504533132336515 0.016293777187765587 0.3104400299383598 -683.5211067836847
0.3153378473658585 -0.02448337403162263 -0.9486635896958912 -329.8916214030982 -0.012228909465493092 0.9994792888043693 -0.029859755933311125 43.29804133117251 0.9489006775168575 0.021017032310480993 0.3148742424538865 -684.1532825356161
0.3195178277493167 -0.02700869948718424 -0.9471952744299187 -332.9670965632861 -0.011417945423095939 0.9994114056423311 -0.03234923174257565 42.46744841248458 0.9475114713145553 0.021151180204202206 0.3190213775020354 -685.0977282308128
0.3227786746571908 -0.03289666784438729 -0.9459026040937212 -335.44084576938303 -0.006980780728555243 0.9992858623235032 -0.03713534786146288 38.72215973301643 0.946448728609726 0.018589637035404408 0.3223185218195267 -686.4610491451559
0.3266933112564621 -0.03801261799356834 -0.9443656713654744 -338.39323189610377 -0.0009460375852445267 0.9991772182852148 -0.040546164710205924 33.828656786621615 0.9451299304292375 0.014139566227253509 0.3263885526082823 -687.6987593668845
0.3313271787230521 -0.04110387431221405 -0.9426201632449565 -341.8284808512461 0.002814391203870427 0.9990892237072817 -0.042577015796468526 30.779076643999947 0.943511727453122 0.011454020626263231 0.33114109616584725 -688.4839487786875
0.3353233135855765 -0.04405633740468215 -0.9410724278717733 -344.805501068647 0.002264678709049169 0.9989407830065109 -0.04595849515251153 30.93925187237124 0.942100390933118 0.013279728190872416 0.33506790688283267 -689.4837760962249
0.33873793931777596 -0.04655573492996301 -0.9397282437023363 -347.3378883856498 0.0038372630692354373 0.9988351159526783 -0.048100795751603045 29.617955440020374 0.9408729371593617 0.012687579947766786 0.3385219954983499 -690.6951029967018
0.3421374380293479 -0.04721682501381548 -0.9384628628423869 -349.81233853379786 0.007340749951123538 0.9988405338681268 -0.0475783700035074 27.001101935739605 0.9396212465077985 0.009389320404070887 0.34208734816341935 -691.89743628802
0.34718456231227013 -0.04748866747370133 -0.9365936718522122 -353.55437644372296 0.006692715615690327 0.9988170810555548 -0.04816270496295234 27.507955556700026 0.9377729401351506 0.010452992549175574 0.3470916992626617 -692.4737307677372
0.35121609305684254 -0.04698891025189372 -0.9351145909947222 -356.48518457315504 0.005049209543375781 0.9988204175547861 -0.04829367410613527 28.81833378899404 0.936280813357229 0.012239926021916737 0.3510390615730728 -693.315572900179
0.3563209241792695 -0.04318217640948892 -0.9333652546739519 -360.1698214756649 0.005661174204419535 0.9990129275753761 -0.044058162057710556 28.749410673996987 0.934346482895215 0.010414901718981805 0.3562136714438758 -693.8137799314331
0.36131251966223854 -0.03913312807018832 -0.9316232400615427 -363.7866779626781 0.005223133906550194 0.9991882075777296 -0.03994552177401021 29.51723336022924 0.9324301485942628 0.009566824188094854 0.3612236064647981 -694.2472485729893
0.36595184061772973 -0.04005837399498577 -0.9297712498358796 -367.2877406029067 0.007230371956493939 0.9991653987960052 -0.04020233289487897 27.967827999121567 0.9306057017179007 0.007989525749239997 0.3659360537149022 -694.8281126586401
0.3705234470347482 -0.04473330009921571 -0.9277452813459746 -370.8495525632653 0.006838395062235176 0.9989438828442572 -0.045435176691762384 27.855903183263734 0.9287979390321992 0.010490509533496353 0.37043803484424587 -695.2671947853307
0.37534817234651074 -0.047711981491915856 -0.925655074170854 -374.5439235230586 0.006559008810729967 0.9987859687521945 -0.04882179868830536 27.835002650717534 0.9268606847415393 0.012253793121141159 0.37520543124345823 -695.5930079307834
0.37971886737111826 -0.04474451465124388 -0.9240192152607107 -377.72108237734403 0.008826107911737689 0.9989593892903053 -0.044746378265403855 26.471208660737354 0.9250598259472331 0.008835550767488574 0.3797186477658289 -696.1611201991888
0.3838927264749243 -0.04424937733373003 -0.9223168474907232 -380.8518824411976 0.015965596397503078 0.9990198851000283 -0.041284003032632514 21.145226811003376 0.9232396624340403 0.0011232899463420529 0.38422293519306655 -696.9391550492254
0.3869376260640745 -0.05130222154041303 -0.9206776610741226 -383.34507725691714 0.023253099070538047 0.9986764763892791 -0.04587579852503307 14.985018980962929 0.9218126528311023 -0.003657536289917763 0.3876184406201203 -698.0274111943668
0.3901239148275549 -0.055969634290321695 -0.9190596994303638 -385.86747868475453 0.021221768559382535 0.9984322243576058 -0.051795076054930195 16.160534120479205 0.9205177714845244 0.0007024256057734483 0.39070006268163515 -698.8282344290855
0.39195419743588045 -0.057535341950399985 -0.9181838549762491 -387.20999241856174 0.012431406538887389 0.9982826010843331 -0.057247781649278476 22.716877953621005 0.9199007377124229 0.011024191532674896 0.39199630094835225 -700.0365487846777
0.394737028976937 -0.0535321819433177 -0.917233330974648 -389.25734217911685 0.00044706567718607107 0.9983123106930525 -0.05807176982819068 32.21553102215194 0.9187940346381994 0.022513014349162697 0.39409476791524817 -700.93819020351
0.39677885411547215 -0.05486165702444337 -0.9162732886619283 -390.8672321007077 -0.007144846918523153 0.9979974817570337 -0.06284884699920797 37.93935188363638 0.9178864265742923 0.03148372587784562 0.3955923190805465 -702.0325033576926
0.39930326573244274 -0.0558777347494258 -0.9151145178253262 -392.8220224520337 -0.009055131640385305 0.9978519299142635 -0.0648808951645633 39.37758985400383 0.9167741851548732 0.034193635747790434 0.39793955408826337 -703.0528659648302
0.40217308146410946 -0.05614857332288871 -0.9138403308343679 -395.00733591466513 -0.003925233723876001 0.998002828297665 -0.06304718272908272 35.43351156021711 0.9155552441474384 0.02894291664061504 0.4011494764928139 -704.2940707752069
0.4055010453251341 -0.05857115342750573 -0.9122161598143254 -397.59073389344724 0.004179031847602703 0.9980534056392101 -0.06222487593230365 28.982580555857318 0.9140850277370481 0.021420071852014014 0.40495646999253426 -705.0993483981536
0.4096304839789197 -0.0589433530579441 -0.9103452903846334 -400.7565616141297 0.008675451687364371 0.9981169717153899 -0.0607227083694358 25.52058226891102 0.9122102844921318 0.01697621583233121 0.40937049840309436 -705.535478606997
0.4144502635441384 -0.05640758946824716 -0.9083221691110351 -404.4161976683407 0.010365439042861673 0.9983051420134869 -0.057266055415756 24.433151814013492 0.9100129321727483 0.014318773683992987 0.41433251863514603 -705.6833839748251
0.4184206880449167 -0.05615443187475117 -0.906515751433389 -407.4698832656682 0.012823864037926007 0.9983526600440839 -0.055924187021700995 22.555871351885177 0.9081628027656468 0.011774802067352631 0.41845152372660727 -706.0526779207431
0.42283318993030283 -0.05349496988699501 -0.9046272059197391 -410.7934393930067 0.010877292253357707 0.9984837985460995 -0.05396099104155788 24.276343051654095 0.9061422504257262 0.01297660347477501 0.42277397005451856 -706.341898469002
0.4256337324080401 -0.05477377513074323 -0.903236269972773 -413.0066089513418 0.007256382327094194 0.9983408552389981 -0.05712163929886161 27.039334753275448 0.9048664380735558 0.017758668829419337 0.42532500388465644 -706.9531334168437
0.42853987486201295 -0.05418581029221814 -0.9018965980733189 -415.2088724134607 0.0026165481547215895 0.998270317962948 -0.0587326651013618 30.728629284212168 0.903519080777492 0.02280943307341167 0.4279404169202358 -707.8217414944337
0.4314419351407857 -0.05225554396502111 -0.900626012686117 -417.45846578918656 -0.0032251410382579115 0.998225277688895 -0.05946337905141095 35.505480323445035 0.9021349428257712 0.028559641241587393 0.430507714013227 -708.3402471785403
0.43361473291289016 -0.05122382310873372 -0.8996412525818323 -419.12044700087836 -0.0078029037813582315 0.9981320816932181 -0.06059259185199021 39.200607131965384 0.9010645804233244 0.03329365466403713 0.43240508145216106 -709.3489412558104
0.43515370669680237 -0.050478459548150695 -0.8989400295179202 -420.3012921184688 -0.014041946736339895 0.997925194318561 -0.06283414896468494 44.20623304645811 0.9002466746841598 0.03996538084277615 0.433542031473541 -710.4424076118516
0.4369101524219653 -0.050942713184597394 -0.8980614448265813 -421.701175613229 -0.013958518382549922 0.9978908022939417 -0.06339642309876345 44.12030149565764 0.8993968414861033 0.040234148065359326 0.4352775377322791 -711.7889507947468
0.43867168131005396 -0.06041785570751468 -0.8966140968824418 -423.39973128457956 -0.0021303427356721173 0.9976646504208388 -0.0682693704416114 34.08552404267955 0.8986448785012014 0.0318579348415953 0.4375185188437052 -713.3739984598164
0.43949184426970006 -0.061814289520022436 -0.8961171309776153 -424.0648053431278 0.011854463705553778 0.9979415892656923 -0.06302425012737486 22.862015107081085 0.8981683531001698 0.017075655917095728 0.43931996479141433 -715.57250486556
0.440417714257703 -0.062364302628506965 -0.8956243245500203 -424.8175020790336 0.020077238735808484 0.9980191333546098 -0.05962142184533071 16.255107578293384 0.8975684605938231 0.008276666948326857 0.44079740848995563 -717.389288446698
0.44011476322266696 -0.0623061364241442 -0.8957772828986855 -424.5650967177734 0.01795240512881493 0.9980009236742142 -0.060595936295317926 17.975314690380223 0.8977620544128307 0.010587809467083403 0.44035348522197715 -719.6152699474812
0.44050163866303277 -0.06390312664391845 -0.8954745650995982 -424.91973547832464 0.013063709415595297 0.9978140556315367 -0.06478001142675066 21.829877391475637 0.8976567527911145 0.016837481678575916 0.4403735384639225 -721.4283693979571
0.4431703942571748 -0.060531180722602114 -0.8943914007940081 -426.9977861688533 0.010928179471366338 0.9980083024221836 -0.06212892393912227 23.80871508563274 0.8963707807304866 0.01775962997135117 0.44294922846292306 -722.2760698752793
0.4448088422670313 -0.056941178648816246 -0.8938136248766556 -428.236468140126 0.010580058523753554 0.9982413694450158 -0.05832864382251263 24.377791545544945 0.8955630386537271 0.016488496069174543 0.4446290288484094 -723.5956129962385
0.446681976941943 -0.05219848317118152 -0.8931688137356036 -429.62893249252124 0.007743293747959148 0.9984847909198924 -0.054480856303763286 27.045473199647073 0.8946592942998862 0.01741954810798392 0.44640934854295256 -724.8185064452589
0.44856592653035915 -0.05287659611253448 -0.8921842159215284 -431.21493819987654 0.004224296618992877 0.9983626395897867 -0.05704555363381572 29.889046842587398 0.8937397635072725 0.021819840853353725 0.4480548288670697 -725.8147713338674
0.4499078057968931 -0.053791609455395864 -0.8914535484450232 -432.33402816533555 0.0019211647307022552 0.9982403953979772 -0.05926569093301617 31.754945211959843 0.8930729395794628 0.02495146785037817 0.4492194884942203 -727.145102883907
0.45098836673444 -0.054946350380095654 -0.8908369051909051 -433.2317822339961 0.002640465740573753 0.9981810008987393 -0.060230535324396775 31.14779865169698 0.8925259217585082 0.024811046424895362 0.4503131032564193 -728.5964767212037
0.45260632055349864 -0.052899115562708016 -0.8901399902081173 -434.499863830628 0.005355876981109446 0.9983820913967807 -0.05660842834731883 29.11915512326568 0.891694360852858 0.0208538521830757 0.45215736604896706 -729.8654268988475
0.4542730633846271 -0.05106095280084569 -0.8893979778379397 -435.7699761272573 0.005384186836093454 0.9984951988197894 -0.05457424727784266 29.298054915224668 0.8908462237756078 0.020002925608492563 0.4538643944526167 -730.8911966133885
0.4566267207265877 -0.04879635999203877 -0.8883191730284843 -437.65784733240304 0.002877945651717919 0.9985704864492558 -0.05337322382358347 31.502287711733896 0.8896537277768855 0.02181510586781412 0.4561143999137359 -731.7379122009438
0.46012473226803163 -0.04827125091410753 -0.8865410972371554 -440.4967105263656 -0.0003700823053793545 0.9985104284349333 -0.05455994268484126 34.278027816780266 0.8878542075106471 0.025432472193500803 0.4594214792146394 -731.7289461714286
0.463702122787471 -0.04812769835708945 -0.8846830313582612 -443.39310001935837 -0.0018267339116350145 0.9984694822282654 -0.055275275684847254 35.501692475055734 0.8859892800511806 0.027247343167156553 0.4629045019490759 -731.8934909680341
0.46726001589525584 -0.04560146101798558 -0.8829431376360486 -446.1861362755022 -0.0030244979669612412 0.9985806609898779 -0.05317439147810056 36.721803584964015 0.884114771937226 0.027516726732000438 0.46645889400068613 -731.9899059693178
0.47103040524738127 -0.04629848571883079 -0.8809011338127741 -449.28511954695904 -0.0014452802180595498 0.9985798322146383 -0.05325626591562708 35.40631714037244 0.8821157908673776 0.026358469498965954 0.47029454875438753 -732.0645820950402
0.47489337893438077 -0.05095636567909643 -0.8785668599720028 -452.5927587891941 0.0038868856447443825 0.9984339755688351 -0.055807602974824067 30.732301446463733 0.8800347554297338 0.023087772230969278 0.4743477458670375 -732.1429134231029
0.4802233092046282 -0.049901363433328 -0.8757256575115583 -456.9695947874761 0.006669124164953681 0.998559282226317 -0.053243616166964464 28.52694661980572 0.8771209130327634 0.019728502405340426 0.47986424133645755 -731.4140372584172
0.48658175212365273 -0.0461413415897639 -0.8724157123164237 -462.0628797318101 0.006900911044527849 0.9987761389907799 -0.04897552051204488 28.57953048534085 0.8736077929637714 0.017810131357374644 0.48630466098321673 -730.0575674216383
0.4955449840257399 -0.042077572595164724 -0.8675624742296246 -469.4075758786026 0.006108075555501566 0.9989700212696011 -0.044962073101909486 29.491113240112494 0.8685607982288504 0.016981592655337444 0.49529159622484076 -727.2669965161247
0.5055711474802501 -0.03631490336774604 -0.8620203261112201 -477.5819527916446 0.003043467162192868 0.9991826570432609 -0.04030825190456396 32.38106093091651 0.8627795501419443 0.017755158612651097 0.5052684456796246 -723.7383919389616
0.5168952292109855 -0.034958550006892436 -0.8553345671725996 -486.90571085810103 0.003165580579982296 0.999237043018333 -0.038926995254830093 32.37066916202186 0.8560428150031483 0.017413547639511202 0.5166115244940749 -719.2754046535915
0.5297530523747641 -0.03501872353128926 -0.8474286946415373 -497.6441883772656 0.0012694055504063814 0.9991788929684944 -0.040496030123986344 33.979300846054855 0.8481509842646939 0.02037716487869056 0.5293625213805164 -713.7242840761162
0.5418120820713025 -0.034159249559103065 -0.8398052234840643 -507.6692355992776 -0.0022828020295758977 0.9991102968683698 -0.042111797711470646 37.008123491285765 0.8404965535541797 0.024733789866435284 0.5412520513609063 -708.3646894364699
0.553573651851292 -0.035851687419148834 -0.8320281656802395 -517.5374643681648 -0.0040654686278566825 0.9989446973449809 -0.04574891923510518 38.44057048092795 0.8327903001001276 0.028707980694293152 0.5528437101962866 -702.981081870375
0.5633876834625817 -0.03956991905457272 -0.8252445332316235 -525.8975829979433 -0.0014539985254803378 0.9988033758380689 -0.04888458144205836 35.98140913061724 0.8261913846143359 0.028740875430158658 0.5626559855440573 -698.7434376740899
0.5711456483656244 -0.04613007410678617 -0.8195515021131454 -532.6067506757809 0.004511706494050045 0.9985809801743031 -0.05306289229433239 30.63410319792544 0.8208363374373251 0.026609064189309427 0.5705433067221517 -695.697641674294
0.576179233466937 -0.05009352752255909 -0.815786816160815 -536.9273926346365 0.009351221517542446 0.9984587226261252 -0.054705885130725544 26.316940921967 0.817269873161603 0.023891791731741295 0.5757596171235565 -694.3767755675699
0.5767071264720761 -0.0558249126305815 -0.815041391222623 -537.4665861327373 0.013334215835897702 0.9981728706537498 -0.05893317384032515 22.667051102518528 0.8168421444589907 0.02311924351358044 0.5763977893911437 -695.954969503484
0.5719303115329382 -0.06370866946859824 -0.8178245069600063 -533.541995925012 0.020797692659994094 0.9977852194149035 -0.06318316150030348 15.923679172631878 0.8200385202719791 0.0191275024949391 0.5719886047103119 -701.0005021485588
0.5639776634602923 -0.07069096402368463 -0.8227587633828469 -526.8967350275633 0.02855127745759126 0.9974027690199871 -0.06612519116646673 8.973150225748965 0.82529632234332 0.01380231707592073 0.5645312005283029 -707.9153031797209
0.5535891940927107 -0.07296154131863716 -0.8295876190446624 -517.9654018165708 0.03429275517299784 0.9973070072877801 -0.06482854430986852 3.9018364073576066 0.8320835361467188 0.007439536484254886 0.5546004347009399 -716.3249449887998
0.5438375746080587 -0.06458088540276911 -0.8367018594965704 -509.343314367899 0.03148838307759434 0.9979027263225869 -0.0565564366726443 6.688276432753314 0.8385995314663507 0.004411126674961619 0.5447305460370977 -724.0992634463643
0.5337983184132428 -0.06176106208385526 -0.8433533817264672 -500.5675618398515 0.028416732866417355 0.998076084221571 -0.05510552965115263 9.436453378545924 0.8451342168865209 0.005449891302545636 0.5345263830087318 -731.8684293673223
0.5233792720997656 -0.06525369511393452 -0.8495976064057014 -491.62079988756255 0.029649993748562743 0.9978543009516563 -0.05837526824770658 8.262488832770757 0.8515838275865915 0.005361841685390313 0.5241910293458971 -739.610721931967
0.5144077814656055 -0.061453350400185056 -0.8553409379260565 -483.6884135869721 0.026719871740974264 0.9980932953375989 -0.05564011373351451 10.969590111174245 0.8571293267773422 0.005767107309962306 0.5150689833910557 -746.4504584247014
0.5057124109849627 -0.05741339879534689 -0.8607895555909951 -475.96449814448516 0.027118500087885536 0.9983479001541866 -0.05065626526610369 10.78029429541604 0.862275793658131 0.002274180400269766 0.5064338888490258 -753.0261800353319
0.4971441130617432 -0.053664856024739103 -0.8660068210331235 -468.3401418844147 0.026926773235887082 0.9985589743524734 -0.04642115491066002 11.083243472480742 0.8672500675878645 -0.00024076540532851076 0.49787273705321905 -759.3844305579086
0.4894638131649869 -0.05548661076011949 -0.8702565205893869 -461.63068770673976 0.02948438902724075 0.9984560035189632 -0.0470773814122085 8.824039240043758 0.8715250119220224 -0.002616307186708383 0.49034407157731974 -765.0685363745667
0.4820180286082439 -0.05942626474181806 -0.874143660478904 -455.16235987269545 0.029801974323194966 0.9982319005883249 -0.051428736852659473 8.409363295992613 0.8756543053186353 -0.0012616285728448938 0.48293679283140395 -770.506798669083
0.4768657596776369 -0.061693319475307644 -0.8768084064259352 -450.68355862212843 0.026946541369978892 0.9980910172768925 -0.055571621709051416 10.86032917357673 0.8785629921384501 0.0028732496055033363 0.4776178527666634 -774.5792278187068
0.47143217219452693 -0.06342193820483205 -0.879618874726033 -445.9161054834647 0.02213925706689731 0.9979475317023814 -0.060088079230831454 15.075688155298309 0.8816243873194956 0.008853345326333126 0.47186868720021774 -778.9380242330775
0.4672793882175983 -0.06095198142895802 -0.8820061390414871 -442.1171665221827 0.016619332596309898 0.9980499916755715 -0.06016653472192729 20.116166207006916 0.8839534892351748 0.013456228159317449 0.46738117077251207 -782.4596888369044
0.4634691168975011 -0.06572730591688308 -0.8836720539539309 -438.8022943637493 0.021508599452553043 0.997785881259895 -0.06293421412876136 15.65109617378201 0.885851995443844 0.010161516388985315 0.46385664353637995 -785.9075240255104
0.4598842300499454 -0.07229611438368409 -0.8850309411519972 -435.7603532484082 0.031576969631023424 0.9973812546567771 -0.06506556576403943 6.551479204374321 0.8874172580811635 0.001976032462886655 0.460962802572415 -789.1704476425989
0.4559688174456993 -0.07635221714896688 -0.8867145969553042 -432.2499868603916 0.04537577592230222 0.9970119101833854 -0.06251631716540823 -5.852507212914704 0.8888382735214656 -0.011729871649506937 0.45807088276211855 -792.413942924273
0.45488387643325595 -0.07253344963039896 -0.8875919995390724 -431.1069574586096 0.048781071791532085 0.9972106683352314 -0.05649150372640516 -8.697920159231543 0.8892137347094475 -0.01760061485049409 0.457153313846636 -794.4446749143999
0.4533471097974436 -0.07159604448802825 -0.8884539405348896 -429.6041354978602 0.04529764766532239 0.9973313692531944 -0.05725611774768574 -5.39797084696417 0.8901822965855325 -0.01428797806608129 0.45538042615871205 -796.7254738530341
0.4483723312429785 -0.07694509956015937 -0.890528890171124 -425.0965294794833 0.044939549412696234 0.9969685281194182 -0.0635152803503607 -5.170853019929517 0.8927164664518744 -0.011541472743036196 0.45047098123253304 -800.2475452463086
0.4473966022875402 -0.07689014671681163 -0.8910242340135488 -424.11759038668856 0.04477631971470123 0.9969736537459335 -0.06355009779134876 -5.137302122564574 0.8932140625037042 -0.011464688148847095 0.44948548304842756 -802.2497867981194
0.44781941141932585 -0.07084776322450323 -0.8913127224505063 -424.22129178356084 0.0382464102268148 0.9974612310048159 -0.060069166359453 1.002221591508933 0.8933056514210637 -0.007189373299681376 0.44939217399810943 -803.5261227068728
0.4478751290973676 -0.07056317080860543 -0.8913073025962774 -424.15210636456317 0.03448074330589723 0.9975024206231924 -0.06164413347549663 4.4746899517339465 0.8934309973786947 -0.0031240640690605066 0.44918959599105057 -804.8717717983546
0.4501437465961617 -0.07022289135455087 -0.8901906272985451 -426.0769707785217 0.0343465230480405 0.9975269006484997 -0.06132209093881827 4.655317752185974 0.892295311965092 -0.0029711971333489205 0.4514424085447819 -805.1919073384685
0.4532647865835518 -0.0704031843410367 -0.8885912586099467 -428.8136160998279 0.03434019005547529 0.9975151471758854 -0.06151652218408929 4.6557584134569066 0.8907141991628522 -0.0026311194031660157 0.4545561490293198 -805.1369495500311
0.4546028274106919 -0.07477219970814028 -0.8875502168671983 -430.0426831263447 0.037712710318085235 0.9971923658411566 -0.06469263473210016 1.5272190965506969 0.8898955111644675 -0.00406246955960652 0.456146331291186 -805.8313378436277
0.45615771234632724 -0.07901019348237431 -0.8863845276136328 -431.4567270105634 0.03880108714305095 0.9968693904648691 -0.06889044919811399 0.5260726947446575 0.8890526514799237 -0.00296777358946608 0.4577953420650312 -806.4348257457823
0.45884489405805673 -0.0804246223371368 -0.8848690543344702 -433.832709823779 0.04213192267414141 0.9967441791748669 -0.06874548983606577 -2.5133665207409805 0.8875169092972994 -0.005737717573161695 0.4607394212658819 -806.5541479842758
0.46215431648317684 -0.07566695109702411 -0.8835654476424756 -436.5809025061562 0.04309729769951336 0.9970922191088145 -0.0628468736188161 -3.3110045538846897 0.8857516642304247 -0.009034329213643003 0.4640715141103711 -806.451846610043
0.46621446028456504 -0.07555079644444668 -0.8814398188068098 -440.18083049963053 0.047770154745543456 0.9970430526461843 -0.0601927195395362 -7.579904842169861 0.8833810555684103 -0.014043800290100026 0.4684449619072162 -805.8285686641611
0.4708781906738988 -0.07699321137925023 -0.8788320516169089 -444.34873003170355 0.05168408184710975 0.9968808714916302 -0.059642968887445885 -11.211282262592023 0.8806829652214788 -0.01733705440949154 0.4733887845239953 -804.944347168956
0.47847943388701497 -0.07660990301511826 -0.8747504524761195 -451.2411724059864 0.04848333605263187 0.9969721382678491 -0.060794092170543435 -8.157103811474641 0.8767592585609628 -0.013322097344154873 0.4807449679923687 -802.5869611650642
0.4853438037775776 -0.08085812482658514 -0.8705764502812149 -457.6420375103661 0.047338414289785025 0.996684154578663 -0.06617983487697969 -7.203021194027837 0.8730409306941117 -0.009091735881777276 0.4875621741597835 -800.5130293355837
0.48997855863782847 -0.08791951284769622 -0.867289554494818 -462.0399272961322 0.04550146165349159 0.9961242394147629 -0.07527361182882283 -5.598039215754818 0.8705461671057957 -0.002580486578969775 0.49207998539508174 -799.4822882433913
0.49530947183645435 -0.09362330841907493 -0.8636568781812365 -467.03576149996667 0.043732971530513615 0.995602341637282 -0.08284566692031647 -4.057330545920427 0.8676150957136487 0.00326396186060849 0.49722569547718326 -798.0984733100998
0.5029285789021241 -0.09375652935876419 -0.8592278846302006 -474.0350885807791 0.041974566500126015 0.9955757672486321 -0.08406561386455338 -2.417905598099992 0.8633081606764856 0.006213281733261564 0.5046388954881368 -795.3911606081984
0.5096815482733669 -0.09547555247514974 -0.8550492022271168 -480.276699196984 0.04578036981658154 0.9954252726176237 -0.08386110167167353 -5.908693490639318 0.8591442702416869 0.003597987450598375 0.5117208002389434 -793.0691683983574
0.5161232395521821 -0.09597647097406985 -0.851120037722955 -486.18232747349765 0.05332883160184816 0.9953749572908891 -0.07990450624428083 -12.888652902680166 0.8548525237221579 -0.004148664547070337 0.5188544605844044 -790.8285133590808
0.5236535279817767 -0.09600509562613385 -0.846504580168386 -493.1235142452076 0.061344794530494295 0.9952999457257332 -0.07493219750123123 -20.29316395734311 0.8497198354847614 -0.012690139958604966 0.5270817408444168 -787.756710386484
0.5301989184574917 -0.0926217926521309 -0.8427990925436568 -499.02891984439515 0.06505097183333404 0.9955292037117525 -0.06848339667819311 -23.713060260997857 0.8453741644562156 -0.01851507717914355 0.5338536447257858 -785.3571840069268
0.5366916893284109 -0.0893123139592759 -0.8390383430934822 -504.9154809574406 0.06834753460137612 0.9957162626821432 -0.062271492227332643 -26.808641770527636 0.8410057342965802 -0.023925609825974893 0.5404969195793119 -782.8929345511285
0.5436705192566682 -0.08106022768624904 -0.8353751288963768 -511.08648735917336 0.06335864250160456 0.9964488796404076 -0.05545550183462637 -22.156601280504926 0.8369038468734259 -0.022778712668406923 0.5468757457938974 -780.4620199234288
0.5512816422221788 -0.07940282499591775 -0.8305322042711442 -518.1157286206984 0.0582405737209947 0.9966950503883575 -0.05663048740739417 -17.33856040092024 0.8322839578662243 -0.017151323972723124 0.554084150255641 -777.3757222843304
0.5586197494775522 -0.07511417952245016 -0.8260156387916067 -524.7811613580283 0.050249592364700654 0.9971264075589366 -0.05669132046258224 -9.843702060982038 0.8279003285183659 -0.009838057901786736 0.5607889608898368 -774.4970798754658
0.5657776973725241 -0.07422658300097608 -0.8212100897650025 -531.4362160109291 0.04631059677918699 0.997228436307058 -0.05823035674401851 -6.126106615229667 0.8232562941039685 -0.005085292182295569 0.5676470858038652 -771.4218153344754
0.5716183371980269 -0.07577130217132398 -0.8170135778224404 -536.9368105623264 0.045195874778963474 0.9971229254402982 -0.06085396013692106 -5.058679859412707 0.8192739526446128 -0.002140403850594129 0.5733982989069895 -769.067187275557
0.5779859287744643 -0.08093041363332493 -0.8120237276630892 -543.0764865455515 0.048915410692704525 0.9967167956570648 -0.0645206312110857 -8.54612812185874 0.8145793692056557 -0.0024284571752068163 0.5800470272833611 -766.1373209023537
0.5832327258966 -0.0867682871577621 -0.8076576327794653 -548.1967814361058 0.05058610917376395 0.9962284862162207 -0.07049715462341377 -10.083421154010612 0.8107284582410326 0.0002599904721619292 0.5854223256787128 -763.8564659415122
0.5878191929500675 -0.08479730640614774 -0.8045358992772127 -552.4337881312726 0.04798838491964557 0.9963950508920392 -0.06995725459632365 -7.628605722655599 0.807567775058128 0.002513838521625282 0.5897694204547672 -762.300584524151
0.5912339890364454 -0.08614518606465464 -0.8018861372576148 -555.6682006138591 0.049753085486856016 0.9962811531160647 -0.07034553596541956 -9.271528584609328 0.8049639747793623 0.0016943623020388779 0.5933212691651965 -761.3679085249983
0.5955194833152012 -0.08509856127113352 -0.7988208684439703 -559.6674035487191 0.05339196215966538 0.9963675776261269 -0.06633964600587564 -12.71443993166584 0.8015646220790539 -0.0031440618675790885 0.5978998841831601 -759.8602386401744
0.6001072593056994 -0.084873045588306 -0.7954042013097287 -563.9934697696232 0.05701501989980951 0.9963645681171938 -0.06330035471040069 -16.14601047645158 0.797885057407661 -0.007362983987729093 0.6027646486252907 -758.0336768328499
0.6037541286254686 -0.08538500339674729 -0.792584603283863 -567.4560205309402 0.05778782335368496 0.9963192277520716 -0.0633132204484881 -16.88369154809954 0.7950732794150137 -0.007576120805069211 0.6064660606775969 -756.892755474904
0.6075769645322281 -0.08990279306789908 -0.7891563343016352 -571.252081800272 0.05692361419743397 0.9959471171617937 -0.06963506274725337 -16.002432791744837 0.7922183627741188 -0.002612970666260081 0.6102321181876548 -755.5430780553233
0.6107385364706229 -0.09259938634453371 -0.7863992584675658 -574.3350373105941 0.05511123891369856 0.9957011760406493 -0.0744440687809653 -14.233422102957451 0.7899121415797575 0.002126424201243725 0.6132163459212397 -754.7033585867863
0.6150574140849271 -0.09299412101590904 -0.7829792275888557 -578.4686371663793 0.05687220973409555 0.9956663930894947 -0.07357978956287409 -15.894430744870288 0.7864285912523296 0.000726036248580926 0.6176807781793457 -752.9537162584701
0.618601023571421 -0.09582461246204721 -0.7798399946674246 -581.9467378401946 0.06203528093995744 0.9953932290735457 -0.07310228062954371 -20.781738880347515 0.7832524481641221 -0.0031564475345675913 0.6216957771160029 -751.589913679226
0.622315007513998 -0.09604680940317696 -0.7768520076734836 -585.4903646519948 0.06738322086744823 0.9953328348643311 -0.06908002161597107 -25.915140875351067 0.779861226737412 -0.009357256243372768 0.6258825039791531 -750.1511126732747
0.6269694561913736 -0.09156660615244586 -0.7736438829596057 -589.7963392018434 0.0660513340736682 0.9957407048850557 -0.06432472232432111 -24.69965995662192 0.776238701863146 -0.010770574392074062 0.6303471047423655 -748.3063888267118
0.6309836412715807 -0.08704511606230907 -0.7708973940916888 -593.4764886808238 0.06283136690380635 0.9961550413871791 -0.06105205034973707 -21.645409162360657 0.7732476083252096 -0.00991369197659012 0.6340266989100197 -746.9482340449609
0.6355791313835921 -0.0819119440195378 -0.7676780582878596 -597.7074314997918 0.06001533482631547 0.9965887192687255 -0.056648779439689004 -18.991782690940937 0.7696995045700391 -0.010067673676743407 0.6383269652861101 -745.0738182262976
0.6403917063811647 -0.07799705281496094 -0.7640778246686658 -602.2016147426921 0.05848994022010856 0.9968938272762379 -0.052741103814602355 -17.570972232361495 0.7658181176305953 -0.010915900820121487 0.6429645820867718 -742.9294165754511
0.6448514310412213 -0.07123727577833158 -0.7609808686319065 -606.2604138740192 0.05375338716354875 0.9974085768726563 -0.047819495494078545 -13.09587281349108 0.7624153757975599 -0.01006882915459872 0.6470095929945096 -741.1380570194357
0.6476645231048749 -0.073222418783944 -0.7583990657290947 -609.0384639044224 0.05363465511284243 0.9972837059941864 -0.05048300238127215 -12.911854141409952 0.7600355184346725 -0.007980422666113016 0.6498325350209919 -740.2805255219002
0.6501731070649845 -0.07355663537760143 -0.756217132999108 -611.4621513099412 0.053320673283306495 0.997266056451412 -0.05115973465982862 -12.558589210771595 0.7579128159954013 -0.007059323039483211 0.6523176598162472 -739.6624796409583
0.6552090500327129 -0.07370322451703107 -0.751843690836747 -616.4136353452013 0.05613154291731783 0.9972280465006824 -0.04884130590139822 -15.273326563772338 0.7533593768215481 -0.010200880757305238 0.6575299167238127 -736.8362846231997
0.6583465758779418 -0.07922233163288223 -0.7485343066289206 -619.6918584876195 0.0583673014195752 0.9968246279558486 -0.05416566463803958 -17.28635494247848 0.7504485619646332 -0.008030147653296668 0.6608800742751141 -735.4476380556332
0.662127232452902 -0.07301439075966265 -0.7458260030236651 -623.1575421444438 0.05518271057520579 0.9972907335095429 -0.048642176242137194 -14.313055695564286 0.7473569404895052 -0.008949390928624883 0.6643624853227136 -733.8627276673859
0.6668055788413851 -0.07406207136325658 -0.7415423990652114 -627.8065978556286 0.054169155110469616 0.9972341413549346 -0.050889782380199436 -13.28371820593422 0.7432604003043773 -0.006235134438812195 0.6689731686980478 -731.2854466399567
0.6701542369286352 -0.07317273372801103 -0.7386061533492451 -631.0673894695724 0.05650339062196902 0.9972703392440164 -0.04753143499144295 -15.607370102949112 0.7400680141546586 -0.00988035945166886 0.6724594507643461 -729.6745699289187
0.6740246853197281 -0.07096724904595164 -0.7352920325574672 -634.8028357603619 0.05485757375398784 0.997434882949872 -0.04598152755836551 -14.082074384551097 0.7366691049456786 -0.009343652263693145 0.6761888242058633 -727.8063552169642
0.67664747536532 -0.07661337043082023 -0.7323104434274911 -637.6235798786975 0.057086195653221594 0.997036891830983 -0.051561638781703806 -16.09275272539575 0.7340908393023174 -0.006915764545060769 0.6790160615575868 -726.5918507302579
0.6783569111690017 -0.0818090974724388 -0.7301637985000327 -639.5188128686642 0.05896399064306802 0.9966380162758928 -0.05688507995157905 -17.7999314061222 0.7323627167440294 -0.004464984255108079 0.6809000771323985 -726.2383208182247
0.681135859471513 -0.08381072964183317 -0.7273442806119444 -642.377458971155 0.06026879259010406 0.9964733798908552 -0.058382153168811166 -19.03338969620082 0.7296722645008061 -0.004069983513364014 0.68378492353405 -725.0242052754785
0.6824788647270685 -0.08197673774947256 -0.7262936139529288 -643.6401962569741 0.05547756197490089 0.9966338358901488 -0.0603592352188888 -14.349752759633311 0.7287968436527239 0.0009009033479329617 0.6847293984158888 -725.2867196611116
0.6843444163799575 -0.08500330370047206 -0.7241872396898338 -645.657704100628 0.057964823282018754 0.9963805046179687 -0.06217691918329779 -16.689554741254714 0.726851290864548 0.0005730420990835393 0.6867946364025369 -724.792422227994
0.6857601311040672 -0.08579446017429719 -0.7227533142030781 -647.1294618411339 0.06294979021063214 0.996298470708609 -0.05853786104842208 -21.653174570898596 0.7251002458285128 -0.005354238236005272 0.6886225131611239 -724.6642179266474
0.6869822399523917 -0.08425326122002134 -0.7217733646815913 -648.3473240558149 0.06690342083597135 0.9963704889014762 -0.05262871009893913 -25.576820953153817 0.7235878207034993 -0.012134118015913273 0.6901256616802018 -724.7813318551543
0.6860822708267688 -0.07991209832901797 -0.7231218252810779 -647.278023900416 0.06668013667460776 0.9966725941672344 -0.046877493629789185 -25.587549646809578 0.7244617843821991 -0.016056044861940944 0.6891279463155964 -727.1202400938723
0.6861826533592714 -0.0821967534319019 -0.7227704061139228 -647.5524838877395 0.06685898914076784 0.9965161641557487 -0.04985388798667065 -25.611757781577 0.7243502204044012 -0.014114825594669561 0.6892876974809048 -728.2529844698735
0.6855931376586607 -0.08139490580538696 -0.7234202920186058 -647.0085522607234 0.06381653916606862 0.9966239309024614 -0.05165452237114943 -22.548897018114488 0.7251823901090114 -0.010752193332438334 0.6884728690473746 -730.2268908430439
0.6834232326451479 -0.09775424906423678 -0.7234478501390016 -645.6259524482706 0.07097949440296324 0.9951966159108014 -0.06742111727039773 -28.87143843892033 0.7265635529361185 -0.005272804716294231 0.6870790355375923 -732.6341301354016
0.6823919040813258 -0.08472893045689678 -0.7260594311679265 -644.1948793697724 0.06517937577177746 0.9963560009147762 -0.05501243873085421 -23.68569432930303 0.7280748163604234 -0.00978405768303241 0.6854278474040801 -735.5380654229116
0.6797773980092997 -0.08948126391325302 -0.7279394154489731 -641.9159430543451 0.07153664869980107 0.9958862925462426 -0.05561474814562113 -29.8683242486003 0.7299213636060444 -0.01426869745233891 0.6833821824019896 -738.8012558951849
0.6765856307990495 -0.08874370402711561 -0.7309968804254914 -638.8126633807233 0.07335076218130661 0.995896287634866 -0.05301179078765056 -31.6521091903046 0.7327015421600216 -0.017752162421517444 0.6803185363090487 -742.9104103955777
0.6726500841717044 -0.09263046273416331 -0.7341399469021241 -635.1425161377915 0.07716233612548948 0.9955053883400776 -0.05490897621999685 -35.25517525586125 0.7359265168122806 -0.019713425869847714 0.6767743661612916 -747.4426188468814
0.6642908003652199 -0.0981714211473784 -0.7409993958297401 -626.7678544487328 0.07939225916198453 0.9949967819431682 -0.060648768395537775 -37.13214960352565 0.7432459900566515 -0.01854119717395203 0.6687612595478785 -756.1109263799659
0.6571938440815155 -0.09883087907752489 -0.7472139644319586 -619.5331185274279 0.07968472052302653 0.9949205787206901 -0.06150924607938288 -37.334239324865756 0.7494975627822467 -0.019118038049197775 0.6617309906635941 -763.7282628290498
0.6516561126699595 -0.10701240220412704 -0.7509278637754624 -614.3107481848642 0.08143180980536398 0.9941463650042124 -0.07100609340566731 -38.605456469567464 0.7541307387792253 -0.014877860175894514 0.6565557692267173 -769.5384495395631
0.6443547866282477 -0.10679835810165084 -0.7572324739840842 -606.8050474096128 0.07614634493903807 0.9942394492510409 -0.07542977996396186 -33.19470519123181 0.760926174541059 -0.009056945388938926 0.6487752527944722 -777.4638286397523
0.640140457052307 -0.10685874147881995 -0.7607899871938549 -602.6129911849026 0.07252818363928772 0.9942623958567015 -0.07862538243644654 -29.49523173934112 0.7648266848266011 -0.004847427653347933 0.6442178549390698 -782.6111013824448
0.6304093081463923 -0.10861745343137932 -0.7686262765560837 -592.6032461227198 0.07705895383796843 0.9940279654313785 -0.07726785601886661 -34.0332240238678 0.7724286516150117 -0.010519161108976063 0.6350144292957275 -791.699856476041
0.6252602493334637 -0.11235702769202392 -0.772285904915834 -587.5353381367196 0.08569578406484284 0.9934826011353753 -0.07515686152840856 -42.666348939462495 0.775697011207963 -0.0191890481656157 0.6308137024776261 -796.7066005696427
0.6198687931964512 -0.10686636864401344 -0.777394532058219 -581.7479536215292 0.08704667020019449 0.9939334198670413 -0.06722524881669531 -44.35959496249027 0.7798625240567942 -0.025998771591170224 0.6254106710374523 -802.5021215042934
0.6154606658222174 -0.10384187807677463 -0.7812970198222705 -577.1231953200785 0.08513327748438533 0.9942418024182222 -0.06508120611153125 -42.53576576261718 0.7835563118822028 -0.026459453540336672 0.6207571211254101 -807.6186520086693
0.61032782243526 -0.1027832474378447 -0.785452451270963 -571.7873323178594 0.08317725119463606 0.9943804310474127 -0.06549124547346831 -40.551933610610334 0.7877699499505791 -0.02536064660241255 0.6154472711441406 -813.1704275511225
0.6055911069092267 -0.10278266760590307 -0.7891103436606771 -566.9162401603139 0.08197021252831427 0.9944059589759121 -0.06661586155908804 -39.26208137335217 0.7915429839816158 -0.024341569238876887 0.6106285225212367 -818.3100828649042
0.6019407818439165 -0.10040916607885278 -0.7922028114823148 -563.0549792903726 0.08005477664102398 0.994653131696158 -0.06524094070429373 -37.39579012130251 0.7945177958297034 -0.024148436271832777 0.6067605171198395 -822.7213219288822
0.598297928324637 -0.10000830244469773 -0.7950081310304805 -559.2801726207224 0.07917876259495714 0.9947034835562776 -0.06554161544345485 -36.472492155873496 0.7973520630915677 -0.023734347329053926 0.6030475671458139 -826.9810452258166
0.5940386111677 -0.10317980464919843 -0.7977919881488553 -555.0135884039169 0.07974592130777439 0.9944083023208496 -0.06922944684265511 -36.81335899369682 0.8004740573414759 -0.022495692652572563 0.5989450954264143 -831.4928479195619
0.5891211690498177 -0.10457462029655959 -0.8012492726781139 -549.9312130253383 0.08152151240216046 0.994222912441513 -0.06982151095457584 -38.564297216935074 0.8039219434702852 -0.024185722361466534 0.5942428456791159 -836.4313070378048
0.5859092188214475 -0.10524412354857732 -0.8035135728527135 -546.6165415535683 0.08250271196346992 0.9941258380791859 -0.07005084283596635 -39.50287057781799 0.8061660435783152 -0.025248614256001 0.5911504188101687 -840.2181482668461
0.5820779114114919 -0.10664681560896055 -0.8061090259805453 -542.6743811178386 0.08322987530391898 0.9939691231979 -0.07140147047569674 -40.11937567821576 0.8088622212118263 -0.02553113490752151 0.5874436724032395 -844.4070684111014
0.5783314245579247 -0.10793589058810032 -0.8086300803777677 -538.79986119524 0.0853789263391575 0.9937735641003118 -0.0715859080583347 -42.287634921865845 0.81132188575557 -0.027639587882551112 0.5839459314660121 -848.4018182197603
0.5745275559412375 -0.10635050882357056 -0.8115464599991523 -534.7056958932567 0.08504748999230946 0.9939121114017988 -0.0700402688089251 -42.00796748968301 0.8140546737843818 -0.02877992497881307 0.58007474001892 -852.638084982264
0.5719353789325258 -0.10719658023398453 -0.8132642962232185 -532.0293274436552 0.08608859189893188 0.993793542881142 -0.070449616554008 -43.0626898229181 0.8157687642157961 -0.029720149964064996 0.577614089177148 -855.9186141473001
0.5687641284489009 -0.10638899941978519 -0.8155910415105226 -528.6492115633001 0.08502889458907303 0.9938917463872516 -0.07035114461229001 -41.94429159429249 0.818093792468029 -0.02933559724559881 0.574336111923603 -859.7060259412796
0.5651073315194192 -0.10779001721160231 -0.8179456070256284 -524.8193111195066 0.08488305625566447 0.9937632566495744 -0.07231498111684459 -41.658384239489486 0.8206391232592429 -0.028563996967412828 0.5707324482220602 -863.6906590207899
0.5615587622870065 -0.11039846318997161 -0.8200389843318291 -521.1999645413699 0.08573917577982258 0.9934880371431105 -0.07503541690512686 -42.34287595996885 0.8229827156358037 -0.02817267077900132 0.5673673857262999 -867.4335943873289
0.5581613690092064 -0.11267167467129914 -0.8220468234063882 -517.6916237635967 0.08802263385091154 0.9931872147449268 -0.076362113624251 -44.55658355738485 0.8250502421523898 -0.029736344664056925 0.5642763930294299 -871.0761290427419
0.5542073539268764 -0.11258666504344847 -0.824729320266816 -513.4610061935011 0.09093289063926976 0.9930693206625951 -0.07446162608161577 -47.6125552488701 0.8273967719621322 -0.033727840327036906 0.5606041513702136 -875.0399214383334
0.5513756639548818 -0.11084227961306053 -0.8268608505960924 -510.3393887290026 0.08766417496757142 0.9933451052411549 -0.07470270624745842 -44.1790399951811 0.8296383969088994 -0.031296820024071914 0.5574232139324774 -878.6001555081164
0.552312493409184 -0.10754056281960962 -0.8266716016487876 -511.2344725237941 0.08243400102555555 0.9938296855863384 -0.07421045426541012 -38.881531192004935 0.8295514119685705 -0.027158486625756942 0.5577695505360164 -879.8909747164928
0.5520106845405688 -0.10258489207134416 -0.8275025946012273 -510.6552798275758 0.0747525426981662 0.9944955621095511 -0.0734209391424984 -31.11170690434776 0.8304795370827696 -0.021328780160109573 0.556640657537401 -882.1611802091375
0.5513293696858742 -0.10222376434551134 -0.8280013454849031 -509.9074671251705 0.06845966301990214 0.9946613012447012 -0.07721509143554128 -24.37954928029954 0.8314741130432011 -0.014113745400527906 0.5553841927258922 -884.3957833080883
0.5492477991255975 -0.10138697829379806 -0.8294863083789511 -507.622980231299 0.07001453991603906 0.9947058596644585 -0.0752211203687925 -26.06004129793339 0.8327213335540485 -0.01676106743748504 0.5534385668367569 -887.2051398561713
0.549465027676816 -0.09989468444078206 -0.829523498992399 -507.778049685687 0.07382246610404086 0.9947484399311587 -0.0708927693974762 -30.18255292941634 0.832249017337019 -0.02228437288780134 0.5539539510343471 -888.5672615531511
0.5489508360788511 -0.09985634940436906 -0.829868476960032 -507.231118638197 0.07918135735688751 0.9945859444692089 -0.06729867540607865 -35.86284324127109 0.8320957229883179 -0.028766448302222167 0.5538855470551876 -890.2309728218327
0.547735771285719 -0.09667165093463664 -0.8310476019817459 -505.76115002031736 0.08009819008261054 0.994798644824415 -0.06292802397181495 -37.083269402909146 0.8328083842034304 -0.03209747904554329 0.5526300272690513 -892.5977118603547
0.5461218929195499 -0.09485086896700219 -0.8323185632497765 -503.917056669957 0.07701611313914085 0.9950462036419974 -0.06286152189207503 -33.89228477666974 0.8341578965585033 -0.0297718873075482 0.5507215615310881 -895.3790987960167
0.5458956219832994 -0.0901543128744687 -0.8329886972640139 -503.4650900524263 0.07138151210539273 0.9955837718509402 -0.0609723950374491 -28.20719818514098 0.8348069535102198 -0.026175429264626817 0.5499201735468505 -897.3925394626277
0.5447784530537321 -0.08810641834500967 -0.8339386644920577 -502.1319580337895 0.0664923398255453 0.9958725977922134 -0.061778132952629544 -23.078914398912357 0.8359397142335725 -0.021795137370585985 0.5483883351732516 -899.9873079426116
0.544633807537188 -0.0859109933992808 -0.8342621391988816 -501.88109334002604 0.06279737948480044 0.9961244941977111 -0.06158312422406258 -19.24953312509166 0.8363196188165067 -0.01884922471888674 0.5479180613103658 -901.8150435438619
0.5444203840459367 -0.08468987850076358 -0.8345262547786022 -501.5849588683302 0.06135763502161955 0.9962455767205329 -0.061073656262960976 -17.769680617090888 0.8365654105088426 -0.017954813958893815 0.5475727701373335 -903.5963377794869
0.5432926434084104 -0.08243107495167247 -0.8354868170717078 -500.2129747496416 0.061974939397497 0.9963907071948828 -0.05800573680557508 -18.57547320443251 0.837252775752328 -0.020265154773473334 0.5464404020540838 -905.9079543206221
0.5436443361237522 -0.08130773154554055 -0.8353681156181885 -500.5343992478561 0.06394114392888164 0.9964163736036921 -0.055370935765378354 -20.779072063447487 0.8368765535690619 -0.023312297299621195 0.5468950272959 -907.2292175892866
0.5431002558738904 -0.0813503342020161 -0.8357177963852002 -499.92041075568534 0.06412051749528383 0.9964075227554269 -0.055322760528832476 -20.950556727800812 0.8372160242768002 -0.023540852185378398 0.5463654060905893 -909.1459575787558
0.5431433923858938 -0.07978809196675687 -0.8358403649548443 -499.8857438213517 0.06009949604077027 0.9966157151214963 -0.05608178802886 -16.69892122261758 0.8374863019077914 -0.019773132103258005 0.5461004645334397 -910.9147172849794
0.5424672498130894 -0.07901344726133618 -0.836352890849373 -499.10270302214053 0.058846530817340495 0.9966954667733856 -0.055993145331785454 -15.361624891386956 0.8380133463680558 -0.018842018609021155 0.5453243160209805 -912.9459963986264
0.5415738952950759 -0.07765919876928243 -0.8370583998631345 -498.0489824504845 0.0598408725855058 0.9967592784424115 -0.05375882073826008 -16.5360163032502 0.8385205936070523 -0.020975931099147985 0.5444659993162111 -915.0839005956831
0.5405678118501624 -0.07645178997696786 -0.8378195298516529 -496.87219594742413 0.06060227063546455 0.996813923412339 -0.05185910609647187 -17.448246616863816 0.8391148941505884 -0.02274040238467232 0.5434786734675335 -917.2997594390725
0.5406725078123439 -0.07530103938531864 -0.8378561885928884 -496.93471907634114 0.059314576832273695 0.9969192422381032 -0.05132061409038927 -16.107119261894823 0.8391394522194267 -0.021949440149968587 0.5434732760734273 -918.8807644592387
0.540614339697545 -0.07425243539647101 -0.8379872979652379 -496.8126171885233 0.057108225576040235 0.9970386509967508 -0.051503193979942366 -13.76426701626879 0.8393299626993806 -0.020012602436274132 0.5432538167917315 -920.5659583480051
0.5405703663683179 -0.07104728660784905 -0.8382934820634625 -496.5903415200015 0.05460724281657388 0.9972896478964635 -0.049309301663271875 -11.291792525695975 0.8395247036486743 -0.01912174846110993 0.5429849267699756 -922.3183252939277
0.540946194825244 -0.06792748250767117 -0.838309651277056 -496.8449543707735 0.05144350063216349 0.9975392495601665 -0.047634145627362484 -8.074752520226813 0.8394824480278298 -0.01735807325454672 0.5431094887277261 -923.7965479551874
0.5420895415535422 -0.06184929426894056 -0.838041522680532 -497.820466493967 0.047175539501419214 0.9979548023241058 -0.04313561163360294 -3.9544972422418203 0.8389954692434403 -0.016151697021953494 0.5438986351079496 -924.8841020157402
0.5425610376664407 -0.05498570005692159 -0.8382148252062627 -498.01074680705375 0.041595395277990346 0.9983898306363542 -0.03856901831236851 1.5443755849314205 0.8389859018469756 -0.01393983038499147 0.543974574434187 -926.3735819691879
0.5433519542866476 -0.048344358909858505 -0.8381118521620342 -498.5770544905314 0.03806929486378729 0.9987324067035958 -0.032928841288711846 4.792272250716328 0.838641390918344 -0.014014376962174948 0.5445036406461459 -927.6423597352211
0.5441221359966958 -0.045686297438738706 -0.8377612209602042 -499.29566107785854 0.034289600338043964 0.9988929989497258 -0.03220248372222388 8.73907976843433 0.8383050306583221 -0.011204413218101854 0.5450863571007695 -928.7950669975125
0.545459505868416 -0.04269287581264847 -0.8370491298679125 -500.64720870433086 0.031828051495843085 0.9990365723207242 -0.030214273177365997 11.192191743382525 0.8375326277798146 -0.010160980292487166 0.5462928261324088 -929.581048457142
0.5464466780365682 -0.04163449250214458 -0.8364583654294384 -501.69169560930914 0.02910286186753146 0.9991043234409238 -0.030717654740771646 14.142954689105364 0.8369880832448682 -0.007557771876865193 0.5471689214404805 -930.5410335279047
0.5478776603003753 -0.04123815403034088 -0.8355414316453473 -503.26731241892975 0.028629974179756962 0.9991234744048966 -0.03053862262045633 14.67006361747148 0.8360684146182376 -0.007190100504031734 0.548578078793246 -931.1854424139748
0.5502413858361523 -0.03936865848628383 -0.8340770504228616 -505.84875883565735 0.027356881478988807 0.9992016337121536 -0.02911522321239359 15.917558825650788 0.8345573787037384 -0.0067973462434464255 0.5508790953877191 -931.2572204656487
0.5518622526293576 -0.03720291253742378 -0.8331050338472238 -507.56468378797615 0.025884302043417934 0.9992872349045909 -0.02747771941886764 17.35217378767038 0.8335334768505559 -0.006400426194379721 0.5524318759032231 -931.7929627978133
0.5534892341582964 -0.03689689861695805 -0.8320386328430383 -509.3824980296055 0.023492268699449922 0.9993123442302783 -0.028687139633265787 20.026927315753944 0.8325249431591915 -0.003668452185263219 0.5539754159494347 -932.191516880389
0.5537864603682947 -0.04098859529041156 -0.831649259825844 -509.8930917599475 0.022417850803657213 0.9991595494322569 -0.034316683168314654 21.702128450029374 0.8323568923713556 0.00036032547561348424 0.5542399064371416 -933.3713416525975
0.5547975206060775 -0.0433009625074615 -0.8308578324691154 -511.1617085985675 0.017895466622385996 0.9990347580935396 -0.04011613634623783 27.073786842636714 0.831792920986778 0.007387744372289069 0.5550368977188576 -933.936780259839
0.5543907780185543 -0.05031008099748378 -0.8307344708136339 -511.02537866000995 0.016760552111884666 0.9986436892945374 -0.049293668204954746 29.168807834594027 0.8320877051975271 0.013404386678322496 0.5544820766056294 -935.365761857471
0.5541013535105793 -0.0562875848977789 -0.8305440372575792 -510.9912547844016 0.017975962299961297 0.9982877730326649 -0.055663156511939885 28.50790317392439 0.8322551020072717 0.015913202061737214 0.55416442973454 -936.7486635070161
0.5535209019758576 -0.06271031743722344 -0.830470967079979 -510.6505266246641 0.020354284602776104 0.9978818914742726 -0.0617853847284045 26.582686583029393 0.8325865205335372 0.017295859465503233 0.5536249082828619 -938.3077432688069
0.5528501070129492 -0.06923507116881461 -0.8303994605586035 -510.2144918825077 0.024220169819961793 0.997456367944454 -0.0670386263354939 22.9940731844311 0.8329286539372162 0.01694989579044489 0.553120744940045 -939.9166050866315
0.55196471753707 -0.07273402170225222 -0.8306892997271839 -509.3982260182309 0.026899427321499813 0.9972232764891193 -0.06944175716441144 20.38699431739913 0.8334334834910332 0.015984333433773198 0.5523885676592882 -941.6445478008538
0.5519986683440327 -0.07290295477697566 -0.8306519303120898 -509.4582599830688 0.02844107134178897 0.9972371553483164 -0.06862333024365136 18.697368495365314 0.8333598116104148 0.014255356101627467 0.552547019913301 -942.8719437231381
0.5521526719820252 -0.0711300001279409 -0.8307032863212407 -509.563521945614 0.029098128967337593 0.9973911601993832 -0.06606188346337476 17.77479119453721 0.8332350963045845 0.01230433411150091 0.5527819440325111 -943.9953179528229
0.5520130635295856 -0.07009363381551355 -0.830884143663374 -509.36318354381194 0.028590168611096357 0.9974656915809892 -0.0651521018666942 18.25740855136455 0.8333451745534204 0.012209693583203222 0.5526180809846285 -945.2693669066626
0.5521686698705773 -0.07007186332201344 -0.830782579249191 -509.55295138546404 0.02911708701245068 0.9974747414830553 -0.06477912740398016 17.689068446012058 0.8332238326267838 0.0115790359656055 0.5528145897756683 -946.3119378275209
0.550916268537798 -0.06988555117821522 -0.8316292892851392 -508.1330786654705 0.02940497126514402 0.9974944275444293 -0.06434450001909355 17.357646053361993 0.8340423326937817 0.010994396496767617 0.551590890534268 -948.1871710028782
0.5478964143229956 -0.07138674696921733 -0.8334947219563883 -504.7836104841031 0.029812602814362793 0.9973856341135501 -0.065826328906786 17.08368561737226 0.8360147892743507 0.011217362482520657 0.5485922373616842 -951.0807515224443
0.5429596709621143 -0.0742912683661476 -0.8364661398725365 -499.3054882365353 0.030040349329578338 0.9971598478138436 -0.06906384958883507 17.186232230217968 0.8392212897209351 0.012371150003995909 0.5436493185194929 -955.0706554465906
0.5376074186213907 -0.07357709878444868 -0.8399789723425867 -493.20030979958375 0.028655468157190396 0.9972044110715919 -0.06900888844237205 18.692608310965948 0.8427082102293396 0.013029699682762665 0.538212875485379 -959.2495349723373
0.5317510080487428 -0.0767472806431646 -0.8434161015495408 -486.68954243971467 0.030999724686911614 0.9969818978313196 -0.07117662865011151 16.419665846693622 0.8463331982785985 0.011702577089663772 0.5325252737485601 -963.694829750999
0.5259814893589841 -0.07813848926229866 -0.8468989605304226 -480.2008898560771 0.03682140756853011 0.996929120058722 -0.06911232541026256 9.970771041177132 0.849698568197203 0.005167792057297491 0.5272434325137445 -968.0586891448413
0.5188306444447826 -0.08122480530410445 -0.851009573029776 -472.2182934308196 0.043264895888803265 0.9966951457171507 -0.06875271112907935 3.005672529094311 0.8537815359731917 -0.0011478271550819652 0.5206301675124861 -973.0272933418482
0.5105062095766545 -0.0801975402855861 -0.8561260213986132 -462.68396903425713 0.04560478856813049 0.9967651152190864 -0.06617785386318628 0.21892034005626426 0.8586638534626533 -0.005259240859945509 0.5125121726771414 -978.6759118757959
0.5002090856086017 -0.08113509171104835 -0.8620951035516013 -451.0164153629135 0.04469096827352784 0.9966926009175433 -0.06787176608131787 1.3871900963501216 0.864750592962723 -0.004577790871411393 0.5021807003473515 -985.1764281353069
0.4892419454772679 -0.08460190050186439 -0.8680350437724796 -438.7097634169094 0.039917991180110975 0.9964131061197244 -0.07461552072449415 7.261778880967741 0.8712341090463359 0.0018548273007138391 0.4908642244551154 -991.7550224922461
0.47945583465040154 -0.08438469133478041 -0.8734994713724906 -427.5686678003465 0.034357888419657076 0.9964079692145349 -0.07739957615587523 13.592931963278126 0.8768931737235894 0.007098081015356979 0.480632894341274 -997.6241733814908
0.4697658952231209 -0.08363290682191045 -0.8788205394628289 -416.52208177387615 0.030470020832583804 0.9964452700663268 -0.07853917234671552 17.933199101852182 0.8822650290676163 0.010117344462002867 0.4706443007467056 -1003.3029019358263
0.46021127210734614 -0.08152924465054787 -0.8840580112707815 -405.55990479015634 0.028157885368471008 0.9966139545126355 -0.07725127288441658 20.320096556651087 0.8873627885577094 0.010658702425607972 0.4609486669312409 -1008.8279242402882
0.4512654075122456 -0.07795465746208027 -0.888978404328686 -395.2210202245034 0.027866606977953366 0.9969224091155118 -0.07327456870470561 20.23975445665514 0.891954586399074 0.008293466301497389 0.45204892900919774 -1014.0095161376845
0.44399956497977544 -0.0733300679024401 -0.8930213252992304 -386.7335594783603 0.029320470108515906 0.9973008477123754 -0.06731514825649124 18.069713787933445 0.8955471491386625 0.003704091467727842 0.4449512146022448 -1018.4192685562978
0.4378378927386867 -0.06612168106552241 -0.8966191515773103 -379.38075046052234 0.030762854843059496 0.9978096773020019 -0.058561887302064956 15.582607499658565 0.898527476732933 -0.001941951478343383 0.43891297814077523 -1022.3277316574138
0.4332568936656501 -0.06097811340861471 -0.8992052789971363 -373.94489249880377 0.02966405002187139 0.9981328230963479 -0.053393928437740316 16.247838177161256 0.9007821646921588 -0.0035407828005604783 0.43425678420684205 -1025.4305158037646
0.42803344238418856 -0.05454076621219485 -0.9021156672077745 -367.69614888286634 0.02306492093451995 0.9985114839118961 -0.04942495238588904 23.000202898413974 0.9034685282969329 0.00034830597146766687 0.42865428617934564 -1028.6899758307632
0.42407862250179446 -0.05223230923161501 -0.9041178616802752 -363.10596191336856 0.008469308175191481 0.9985204683324431 -0.05371354708257316 39.364326166299236 0.9055857732738595 0.015121514259197503 0.42389355627385367 -1030.985414141812
0.42029094721718424 -0.057116149861168815 -0.9055900093929475 -359.0398703006255 -0.0051484253477796504 0.9978507909095713 -0.06532451911481177 55.48827487037345 0.9073747921359291 0.03211766657432596 0.41909359585908734 -1032.8391686935654
0.4151987263972954 -0.05490110816104544 -0.9080726215015807 -353.13726047441753 -0.01803440777960901 0.9974844770607516 -0.06855273998081984 69.87636610887462 0.909551965384113 0.04483956228073941 0.4131641755045675 -1035.173162236926
0.41000914038580044 -0.05280025444679952 -0.9105518315452724 -347.1193014414855 -0.021463588870874854 0.9974879591036994 -0.06750619079698106 73.52980016755372 0.9118288321570441 0.04722186541729987 0.4078458977035706 -1038.1178822431211
0.4045901746529037 -0.05533087618869125 -0.9128227016866554 -341.05514377993967 -0.019793493633125818 0.9974042835425336 -0.0692308658099882 71.93440538870938 0.9142838772417067 0.04607807842344238 0.4024447819324718 -1041.3680964777827
0.3986668069883638 -0.054926162228181835 -0.9154495582546239 -334.27648059332364 -0.019217549557440223 0.9974853852606335 -0.06821724107916562 71.22179079651397 0.9168944665525635 0.044788646935681395 0.3966087673147946 -1044.7616138010708
0.393398473882879 -0.05004488667150849 -0.9180049836818195 -328.0344015592573 -0.024983405900124177 0.9975666993265675 -0.06508847689358961 77.19533294302208 0.919028546986573 0.04854059860295895 0.39119092539451245 -1047.5023898498223
0.3871551380350515 -0.04602062573822719 -0.9208653544898528 -320.71306444788024 -0.032034226589244034 0.9974791781643596 -0.0633174340555819 84.74034177320092 0.9214579249319468 0.054012879345726544 0.38470495375663516 -1050.3797508459581
0.3813599288843131 -0.03960701152204737 -0.9235777656914678 -313.80348128427306 -0.037960307428766306 0.9975680890333394 -0.05845445066275697 90.71043848792343 0.9236469128954338 0.0573514810677418 0.3789290011573029 -1053.130890077952
0.37627774906027894 -0.03728256636218498 -0.9257564829951659 -307.88932501747695 -0.04084539575401938 0.9975510878231805 -0.056775706323096524 93.71263108760577 0.9256061307099404 0.05917632489634888 0.37383345672095014 -1055.760639374146
0.3705084202556989 -0.03500331824818853 -0.928169315497578 -301.1933691310749 -0.04020317197501769 0.9977487784421218 -0.05367569357167888 92.6839211778922 0.9279586281094506 0.05720264704425529 0.3682670792894157 -1058.939131378837
0.36445526881398876 -0.034205372218786 -0.9305924723234642 -294.2273719279602 -0.03994812975169455 0.9978309237605676 -0.05232202706770975 92.28229606608794 0.930363640714245 0.056244467270182924 0.36229829690246734 -1062.086988771388
0.3581676391057755 -0.0342946005985469 -0.933027235758518 -287.04853977757284 -0.04025801133520078 0.9978284901025312 -0.052130575126671255 92.6291943334702 0.9327889551344023 0.05623330605156357 0.3560092421128718 -1065.1806729681148
0.3503041596806051 -0.03546429131457456 -0.9359643581632905 -278.1008762708583 -0.04097678153492173 0.9977458938370315 -0.053141647569325545 93.56860278194604 0.9357392260055707 0.05696854722474584 0.34806132439786736 -1068.525467780096
0.3407052985958847 -0.03483225074256348 -0.9395246744055721 -267.0914832408235 -0.041053924536011505 0.9978090825181112 -0.051880729799770424 93.53436689570366 0.9392733759608438 0.05624721462057033 0.3385288408076142 -1072.5222402918148
0.33123854662958835 -0.03109118557148423 -0.9430346565246037 -256.09394652563327 -0.041652290292013866 0.9980008213837439 -0.04753364314674743 93.71321713992951 0.9426272391248556 0.0550245281409305 0.32928132252334036 -1076.2114065628728
0.3209925196688847 -0.030190969966128973 -0.9466003949128297 -244.3430762627111 -0.04301044384535511 0.9979958646743372 -0.04641503865287048 95.10785730507061 0.9461045946600442 0.055612583337102804 0.31905068020257776 -1079.8616261144239
0.31163750227300735 -0.02875145881758181 -0.949765982120281 -233.59071860678876 -0.044824296837523474 0.9979845063499173 -0.044918899124238305 96.95798165033793 0.9491432186925547 0.0565710058366723 0.3097206349414973 -1083.0757693150515
0.3010977132417609 -0.026579321923012537 -0.9532228001504659 -221.44176378967342 -0.044105228164603515 0.998153551299351 -0.04176382258656409 95.8382698983789 0.952572777234963 0.054617100569387615 0.29936946470250236 -1086.780364910246
0.2906505329059549 -0.026876761935100007 -0.9564517276838221 -209.52469070819942 -0.03929694503882886 0.9984267174858272 -0.03999799896359018 90.34880528754907 0.9560219756010316 0.04921107068902338 0.28913708286821366 -1090.6857499047346
0.2789734232877843 -0.030658786653380767 -0.9598092872545239 -196.35946890901837 -0.02917910636331969 0.9987580863186418 -0.040383966681869665 79.22462412446615 0.9598554103879047 0.03927243071248282 0.27773236637993853 -1094.9503977955467
0.2642635027701962 -0.03891146179419323 -0.9636652423142933 -179.91857518710572 -0.02018006016115159 0.9987439405627454 -0.045861818118033165 69.91836951577807 0.9642393718758422 0.03156642726439425 0.2631463364636546 -1099.4265338884868
0.24757558715378275 -0.03982731862726332 -0.9680496440453982 -160.9213434106809 -0.014433732440237561 0.9988922546681952 -0.044787620295488495 63.43891029967498 0.968761062395317 0.025060890942894737 0.24672647959196634 -1103.7387260870694
0.22924771400973204 -0.0361526042596146 -0.9726964967689355 -139.88481589745126 -0.012343512046045649 0.9991216757028352 -0.04004391153631128 60.58506737771596 0.9732898454888355 0.02118646610472106 0.2286001100662733 -1107.6901294093268
0.20921683901188484 -0.030889430559495043 -0.9773812753238038 -116.8597916539359 -0.008649138892125164 0.9994034068859036 -0.033436846461257504 55.71690012341479 0.9778310215319923 0.01544905772398803 0.2088248547111696 -1111.5835662826473
0.18799927407039893 -0.02696883388272807 -0.9817988362938758 -92.58916735209436 -0.0033448977185017974 0.9995995685739026 -0.02809829471907918 49.208445167715254 0.9821634714283848 0.008566475697350117 0.1878337852620527 -1115.204547252671
0.16810542547334495 -0.020581537067815958 -0.9855541417184301 -69.74487182570788 0.002189148338470363 0.9997873460986944 -0.020505370283933615 42.17045331054348 0.9857665918238341 0.0012895397842536595 0.16811473323646262 -1118.1198847289888
0.147145924625377 -0.012981926718227 -0.9890295983664116 -45.674653337987124 0.006090513881100897 0.9999068018108761 -0.012218565096178458 36.85166660734367 0.9890960431155343 -0.004225786438997736 0.14721127749654575 -1120.6362364912334
0.12813895658539068 -0.008150962944301315 -0.9917227281898343 -23.966599203649224 0.006490915453186833 0.9999517012640524 -0.007379915697805848 35.83632542236686 0.9917349826550371 -0.005491533684479014 0.1281856748470955 -1122.3683496142364
0.110624664151382 -0.005759818926576471 -0.993845565551976 -4.089129174297863 0.002141486882204156 0.9999822666473852 -0.005557015808065395 40.48501896298215 0.993859948742944 -0.001513564234115171 0.11063503698187985 -1123.508854144517
0.0945994819593286 -0.007142802603353172 -0.9954897881866976 13.965109979115661 -0.005843097835238033 0.9999530508899902 -0.007730085606800792 49.68361353550946 0.9954982653027148 0.006548006320259877 0.09455330450341405 -1124.1090106841746
0.08242050343493247 -0.00273562698630731 -0.9965938876786893 27.869653537876964 -0.015968040401944474 0.9998642387178878 -0.004065196037188684 60.59563633457237 0.9964697096747368 0.01624870696673101 0.08236563131947179 -1124.4220126169096
0.0725246019799637 -0.001878594254640242 -0.9973648544997333 39.08152775194861 -0.021768128066148473 0.9997570382207052 -0.0034659960557942276 67.04136604596657 0.9971290441603551 0.021962135865836334 0.07246608779330467 -1124.7740654992688
0.0639470359061968 -0.004581170887908315 -0.997942778656225 48.65148526675204 -0.02363922578894206 0.9997019195394385 -0.006104021073134812 69.48318774814626 0.9976732749767886 0.023980928723834668 0.06381967921128535 -1125.3262154208974
0.05631502349783178 -0.008277035784804414 -0.9983787401617963 57.10724561007818 -0.02647092694913029 0.999601738508018 -0.00978030665171297 73.12626725919142 0.998062076303319 0.02697878889729486 0.056073494582937644 -1125.801589999448
0.04833272877815923 -0.008412253564799561 -0.9987958656896906 66.1204024857207 -0.031103344918422246 0.9994669156424226 -0.009923027315700803 78.36175956346577 0.9983468982591887 0.031545499301548624 0.048045314132321375 -1126.0465060614147
0.04139319295246328 -0.014200379361164698 -0.9990420175363993 73.70990459347266 -0.033474207838438214 0.9993179628185145 -0.015591234647815005 81.74477416754263 0.998582035181281 0.0340875111184902 0.040889614805689 -1126.4102129032908
0.034003894169572196 -0.0294822240364686 -0.9989867534893384 81.40477742629193 -0.022409896662274706 0.9992909946787496 -0.030253999496622996 71.11553323217011 0.9991704217564144 0.023415943709766823 0.033319091633631434 -1127.6741973822789
0.026990753757889233 -0.03561156932884717 -0.9990011588289163 89.08528265578859 -0.0025792997817940776 0.9993594366363124 -0.035694027771990336 49.47464379815416 0.9996323556309172 0.003540132185200509 0.02688161155687438 -1129.2683859033825
0.022619242521427732 -0.03477069220001735 -0.999139314025671 94.06750731444454 0.013598854319905733 0.9993132477686281 -0.03446888445108495 31.081246386514287 0.9996516598440393 -0.012807489919883484 0.02307655028398452 -1130.5675789404318
0.01854178046006588 -0.041081249668185396 -0.9989837502697785 98.39323490570547 0.013527537647177904 0.9990743709174683 -0.040833896471799885 31.931158959282946 0.9997365693534348 -0.012756657146984228 0.019080345800309612 -1131.2544464208177
0.017219959043954597 -0.049779548240990776 -0.9986117712041288 99.51340478139346 0.0025083089381752223 0.9987588697328148 -0.04974362789645406 45.45783420095821 0.9998485792342734 -0.0016482435964036458 0.017323449317376657 -1131.8083511311288
0.01917654454980207 -0.05079234745315302 -0.9985251111410908 97.2613451196076 -0.002965375347058579 0.9987014784609763 -0.05085826844192569 51.80990634426456 0.9998117156185861 0.003936287598499101 0.01900102501870329 -1132.8206148761349
0.020555466279862798 -0.05661238284753346 -0.9981846076324468 95.44509740866631 0.013771424484516102 0.9983168686156465 -0.05633629119064634 33.560075867402794 0.9996938634770569 -0.012588405211714723 0.02130050188472046 -1134.6970066273607
0.023573479537688662 -0.05919609702707443 -0.9979679920514722 91.90196335408574 0.038582425251248775 0.99755558167513 -0.0582602603025841 5.695683646610384 0.9989773208257623 -0.03713062840236137 0.025799785081038557 -1136.4670540694756
0.028855368613201093 -0.06115773756442497 -0.9977109294972153 85.81136997676003 0.05847668240739966 0.9965203897234624 -0.05939352220590141 -16.768145061538046 0.9978716577380182 -0.056629003182112544 0.03233126477235129 -1137.829263552733
0.03269161941446861 -0.06560336666924324 -0.9973101103978241 81.24430218585614 0.05687371712512822 0.9963487193661116 -0.06367581737112174 -14.435008627091669 0.9978459993007089 -0.054639067517394335 0.036303360456012713 -1139.2212893927922
0.03510405667403483 -0.0709950847277336 -0.9968587679052275 78.23956643014148 0.04428238146664033 0.9966043701831571 -0.06941757719393958 0.6034012210892351 0.9984021113242246 -0.041706441664754124 0.038128687716670266 -1140.5174051977035
0.037142971673688026 -0.07356776005800755 -0.9965983064080005 75.79126328741788 0.036897570116423944 0.996707397132492 -0.07220064972613377 9.373757302749956 0.9986285440416526 -0.03409030920099888 0.03973514620369607 -1141.628746902868
0.039947317022817154 -0.06830811769198586 -0.9968641898072458 72.85517402613132 0.040828042763950925 0.9969389300317505 -0.06667713784509692 4.27353863047439 0.9983673085526908 -0.03803644100762937 0.04261392224061984 -1142.8325448456173
0.042669517381050445 -0.06511057779461316 -0.9969653579466641 69.91966033004819 0.05152039469983241 0.99668992433823 -0.06288754767541532 -8.362202939329173 0.9977599717449291 -0.048680667434884084 0.04588280071718055 -1143.9494658409535
0.045321103233893344 -0.06238434892350005 -0.9970226630378337 67.01210336230095 0.05792146510897175 0.9965332544531054 -0.05972082257246752 -16.02287755658857 0.9972918837939536 -0.05504239982498015 0.04877737939059533 -1144.9683095535752
0.04778975289885489 -0.06023614136710111 -0.9970394910890286 64.28114912903723 0.05928241234501131 0.996591469708925 -0.05736757001966175 -17.828137808641927 0.997096652839845 -0.05636532423935263 0.05119780384909304 -1146.0378219350937
0.04829992873188434 -0.05611988046454632 -0.9972550706319523 63.89776923894541 0.06332630352615021 0.9965837576927171 -0.05301502791452741 -22.949901983322427 0.9968234026978946 -0.06059185522584085 0.05168878905606084 -1146.8840849729363
0.04719614461019805 -0.05703705010916468 -0.9972558843390085 65.11866999042424 0.06967355721140148 0.9961247869880091 -0.05367498647976249 -30.12107311587756 0.9964527682531885 -0.06694911248805138 0.05098722367043927 -1147.573021767842
0.04657012363409183 -0.05951556367611747 -0.9971404721828414 65.70631940046111 0.0745433830619265 0.9956472479057085 -0.05594498886828541 -35.41715664819792 0.9961297644515943 -0.07172485913617185 0.050803906892167405 -1148.2624949742203
0.04370403619272716 -0.06460739063860044 -0.9969532798959719 68.73935320000383 0.0777866087866963 0.9950973953225296 -0.061077142334781155 -38.50534945838757 0.9960116468766469 -0.07488029712273407 0.04851536240079843 -1148.8765974282912
0.036723434586653204 -0.06870632061011368 -0.9969607970529132 76.55558481573784 0.0799265995785765 0.9946396764005256 -0.06560223174300558 -40.40226067601261 0.9961240525315939 -0.07727454715543391 0.042018047669506474 -1149.219810022052
0.02282089408604026 -0.07253247190381927 -0.9971049329497047 92.33239049499437 0.08146797981885305 0.9941825868353099 -0.07045532128722537 -41.58014144216076 0.9964146601979261 -0.07962427112993167 0.02859720947362601 -1148.9204418397965
0.005445839004818679 -0.07408572122420472 -0.9972370073098085 112.19283004634116 0.08319699907366239 0.9938279078383708 -0.07337812307999896 -43.19864245353182 0.9965182397641654 -0.08256752092860654 0.011575936464645314 -1147.997676853254
-0.01364590095855721 -0.07024403900814422 -0.997436496410098 134.26719806419848 0.08417127679492373 0.9939080876615397 -0.07114709722605614 -44.57018277148513 0.9963578601836499 -0.08492636966692893 -0.007650240875590436 -1146.4457642148072
-0.03220928089916718 -0.06471386339100471 -0.9973839171096399 155.7844685896697 0.083376412451562 0.9942495292651109 -0.06720303120255966 -44.10815852654109 0.9959974578635558 -0.08532285415476659 -0.02662845260654225 -1144.6068704792456
-0.05004636581961333 -0.060334954556744466 -0.9969227926609388 176.39290565129252 0.08360442217570742 0.994417153222228 -0.06438032284841344 -44.671473766129424 0.9952415093136517 -0.08656915522306685 -0.044722695614743915 -1142.4119272718094
-0.06804934370570206 -0.056421519709910245 -0.9960852869784029 197.14459608701384 0.08507092484069792 0.9944353066400256 -0.06213983146506357 -46.61261691527407 0.9940484015217625 -0.08896647133264524 -0.0628708391119926 -1139.756232965879
-0.08543649577643847 -0.053918464086714385 -0.9948836135046011 217.08287083288107 0.08540972474095676 0.9944626845706827 -0.06123028593878607 -47.10315979614925 0.9926760720945764 -0.0902040366447156 -0.08035824577404733 -1136.919324230617
-0.1039222385416155 -0.055090103834140286 -0.9930585324118834 238.0818538337264 0.08415297097754185 0.9943973076961612 -0.06397086776244151 -45.298315295996474 0.9910188927624705 -0.09021682163638009 -0.09870399830643647 -1133.569675531534
-0.12364854619284457 -0.055599511591448145 -0.9907672437738283 260.482525422017 0.08166533409331257 0.9944721528393227 -0.06599932147038214 -42.16416508422649 0.9889599639175611 -0.0890720581210271 -0.11842448323830994 -1129.4703499627353
-0.14249022501183217 -0.050912467709860396 -0.9884859414315259 282.10862387650207 0.08173152013889652 0.994660462472215 -0.06301208622435082 -42.55999943411337 0.9864159844567923 -0.08976906497369956 -0.13756823972808954 -1124.9523612251448
-0.1589602202325662 -0.045058026895216 -0.9862562661884201 301.0668591349195 0.08708121670630349 0.9944247533275867 -0.05946655922716548 -49.13756116346694 0.9834370900472301 -0.09533721299512674 -0.15415026998924777 -1120.4269060719703
-0.1746117504492764 -0.03646093828861653 -0.9839620605410319 319.1960697235767 0.0974161008092826 0.9937716182499471 -0.05411168140056719 -61.71671851562518 0.9798065318766532 -0.1053022826912812 -0.1699723193695085 -1115.403402965472
-0.18885308353937044 -0.029687034362513708 -0.9815565153512205 335.61702837017697 0.10888540448417441 0.992746441656881 -0.050975202480414934 -75.37961917656149 0.9759500404877237 -0.11650400237056452 -0.18425074193514177 -1110.329808539071
-0.20125611714287117 -0.02623117100691067 -0.9791873676575801 349.78705077895756 0.11709522240021172 0.9918289259254258 -0.050636850106033034 -84.93935770326472 0.9725146190179456 -0.12484913842402803 -0.1965400936988634 -1105.8294592086002
-0.2129327424321417 -0.028477715548876723 -0.9766517633821404 362.8741787388315 0.12278276795246028 0.9908714106439347 -0.05566183128887485 -90.94820251703517 0.9693214322887219 -0.1317682332188458 -0.20749239412596396 -1101.6765573426073
-0.2222366408108804 -0.0257667827761004 -0.9746522191974247 373.49051903396014 0.12679573292716817 0.9903976138493926 -0.0550945423149299 -95.67960028607834 0.966712841330122 -0.13582576849331135 -0.21683552066172973 -1098.266024032043
-0.23033012152119067 -0.02041444799105692 -0.9728983941981063 382.8553346985827 0.12874438408509464 0.9903520842375423 -0.05126044101357393 -98.38457334106869 0.9645584060525226 -0.13706202814629911 -0.2254796703781517 -1095.3085482858792
-0.2355107639150457 -0.01039655942780568 -0.9718161305680288 389.1190795546119 0.12970221340173835 0.9906617930248468 -0.04203031857464704 -100.57426298431086 0.9631780811038226 -0.13594529558929394 -0.23196305888718136 -1093.382610557236
-0.23913050786648368 -0.0004447673162621957 -0.970987333794603 393.6083892850535 0.12894155206691799 0.9911289757375557 -0.03220915404039544 -100.8235518611078 0.9623880071769867 -0.13290280522042425 -0.236951826341242 -1092.187919829727
-0.24508699005887616 -0.0021138614756529978 -0.9694987874636781 400.25192366557854 0.12662051513087563 0.9913624941948127 -0.03417089773230638 -97.8790759977679 0.9611969686031433 -0.1311332783602309 -0.24270239153050424 -1090.4993717336804
-0.2499929561416047 -0.007407779901374353 -0.9682193174464732 405.539665820037 0.12307668148380761 0.9916161179116667 -0.03936502473933312 -93.1092917378879 0.9603934882924369 -0.12900619944300248 -0.24698531970697607 -1089.367925794328
-0.25445149486962354 -0.013178255474636677 -0.9669957447379277 410.3029355269774 0.11956822042278846 0.9918065949118821 -0.044979094635463186 -88.34977732378175 0.9596655028829272 -0.1270669582225989 -0.2507909701415003 -1088.3801421296423
-0.26012488767924824 -0.015071151631619116 -0.9654573544172499 416.6417639490014 0.11858606829932047 0.9918101726188271 -0.047433383762089505 -86.93098257414977 0.9582653010597678 -0.12682839539436547 -0.25620728113487157 -1086.4463380609595
-0.2626239349872464 -0.01280267213809165 -0.9648133292808195 419.5484234412909 0.12075423624506505 0.991614770246656 -0.04602783785431106 -89.62632669546906 0.957312427162985 -0.12859330859261794 -0.2588757960577198 -1085.4143519282309
-0.2600664613906182 -0.0067530329544044365 -0.9655671039372037 416.86385090950813 0.121135770842527 0.9918471884095317 -0.03956361796516653 -90.78751397641648 0.9579621916767639 -0.12725388555963071 -0.25712815467744393 -1086.6462822688618
-0.2608754943582585 -0.003714147078263501 -0.9653653098981831 417.8908896177536 0.12410625316493976 0.9915656337299685 -0.03735280352324101 -94.49900735845378 0.9573617990961902 -0.12955230263166684 -0.25821422601037863 -1086.1568953037327
-0.25950580965533404 -0.0006807088257878569 -0.9657413066606522 416.47402268504067 0.12651378787189446 0.9913579347440893 -0.03469447648026073 -97.6066352728037 0.9574189241045086 -0.13118300901956995 -0.25717702446201646 -1086.6883287082342
-0.25783002859920523 -0.0020422782702538556 -0.9661881315002788 414.5138351854865 0.12795550123240798 0.9911175678548552 -0.036240259295985906 -99.09958786592038 0.9576800436768517 -0.13297291374164855 -0.2552785501254656 -1087.5587825517052
-0.25456230053036 -0.0007927295168474319 -0.9670560514926752 410.86174024670726 0.12896311284761447 0.9910399915010878 -0.03475990175729634 -100.45607248770064 0.9584187762525023 -0.13356311925616499 -0.25217918728796657 -1089.0748634966349
-0.24783758883529258 0.008239642385553018 -0.968766554879795 403.6337108395154 0.12556806265718568 0.9918021617938741 -0.023688256616294277 -97.77080033474839 0.9606295806401288 -0.12751697986682603 -0.2468404923119664 -1092.2652971944253
-0.24431614596103918 0.009367516727994941 -0.9696503856819192 399.7278977512072 0.12714924417957077 0.991629340835683 -0.022457072345976575 -99.8144884434973 0.9613234057939648 -0.12877693902302256 -0.24346213144666387 -1093.8297543716053
-0.237053622271204 0.01435830796509064 -0.9713904565932696 391.67700971422755 0.12691110693908178 0.9917799749287368 -0.01631110866405701 -100.20295260994935 0.9631714027646368 -0.12714684550838584 -0.23692726431052288 -1096.9043887579458
-0.23306126712768868 0.011019770735072341 -0.972399614570976 387.0098538855258 0.12788436651487647 0.9915990641839759 -0.019413518757602596 -100.97316881237884 0.964016615295569 -0.12887924798977335 -0.23251259078094166 -1098.7661586557415
-0.2288797286721208 0.0060101982905899215 -0.9734361547217589 382.0696798507064 0.12908204206813229 0.9913378561734295 -0.02422976130691231 -101.79537354622657 0.9648584850735871 -0.13119882786815135 -0.22767294821196019 -1100.675293213531
-0.22414345237873515 0.0021069577867174755 -0.9745538843412541 376.53961754951547 0.13132802028056484 0.9909416964353338 -0.028062525813797333 -103.98565700820572 0.9656669528594882 -0.13427626370564338 -0.22238979554000063 -1102.6559018288071
-0.2182839141521608 0.0013296151639508036 -0.9758844014256647 369.8614460634573 0.13153382222400706 0.9909141562083356 -0.028071135300618173 -104.21617145526788 0.9669803443884242 -0.13448928265641874 -0.21647550997054263 -1105.1821513340549
-0.21124613010836255 0.0010398570020509479 -0.9774323461046581 361.84420353906995 0.13117482067610645 0.9909834063306331 -0.02729569192980237 -103.88552285951394 0.9685908521841573 -0.13398062201210537 -0.20947781264472207 -1108.178821701792
-0.2058890654603067 -0.006570038073877543 -0.9785532828229586 355.434348661041 0.12850519009456216 0.9911363435451492 -0.03369220418304887 -100.02764750697382 0.9701010817655251 -0.1326860320593679 -0.2032198515246441 -1110.9687063629515
-0.19647680589012906 -0.015513807214307875 -0.9803857335421245 344.3025698588941 0.12444452317675339 0.991394449757419 -0.04062764627066927 -94.46061939150756 0.9725792643268326 -0.1299860253100364 -0.1928554065240991 -1115.3303418894568
-0.18952216035691388 -0.022920280689318423 -0.98160888925619 336.05826007527213 0.12171409914310949 0.991468323691078 -0.046650200288797405 -90.55894386712374 0.974303355635928 -0.1283168884065011 -0.1851154973151735 -1118.557899899153
-0.17860127319374985 -0.02061034037478078 -0.9837056465646656 323.69029098945947 0.12037309759197633 0.9918127674844991 -0.04263509857910961 -89.44039561060126 0.9765305436030578 -0.1260263786846767 -0.17465809252921088 -1122.7124441812834
-0.16757670710478167 -0.01609330804669617 -0.985727676730258 311.3146821306822 0.12057230851204984 0.9920261506447938 -0.03669379861703313 -90.37137916875297 0.9784581573353012 -0.12500048749099524 -0.16430006838410097 -1126.6000669674645
-0.1550675345403194 -0.013178932948481326 -0.987815962342139 297.11806160775814 0.11997351550960864 0.9922589195037828 -0.03207167350562585 -90.20238219366915 0.9805918698968763 -0.1234850290177931 -0.1522860213565981 -1130.89265673785
-0.13917731179994758 -0.012162764315206603 -0.9901927807474427 278.93370867838024 0.1210411712976914 0.9922178971619795 -0.02920067468984664 -91.80085809599254 0.9828421596222983 -0.12391816539826622 -0.13662202440787077 -1135.8809643552308
-0.12175561215970651 -0.010605160030762811 -0.9925034516254021 258.9470406730947 0.12167932439900592 0.9922410956115756 -0.025529398609088108 -92.96722837727383 0.9850734555967979 -0.12387549701317908 -0.11952049329851869 -1140.9813825958845
-0.10388794609217557 -0.011050491355903531 -0.9945276171618074 238.34306696538783 0.12009183206406074 0.9924828907332647 -0.02357251520819017 -91.31293412109986 0.9873121322703611 -0.12188354377247168 -0.10177993529776544 -1146.038266002146
-0.08299275611355587 -0.013826360653039854 -0.9964542308524601 214.0776584424008 0.12007630524719393 0.9924800079854943 -0.02377214057034189 -91.26389275090156 0.9892895851826494 -0.12162345785334941 -0.0807084329480879 -1151.3096831453342
-0.060944272877714326 -0.01674996464389058 -0.9980006183804873 188.39514078519818 0.12077429746317558 0.9923890762332073 -0.024031030882543963 -92.04917569949873 0.9908074306724204 -0.1219973772563567 -0.058457465450420514 -1156.2293000067123
-0.03875606129667482 -0.0208356675614881 -0.9990314522926871 162.42572827066553 0.1228788713947302 0.9920950948265367 -0.025457921868888185 -94.33726335419902 0.9916646361938726 -0.12374650612600024 -0.03588943499251623 -1160.4889380045317
-0.016270309627702186 -0.03061980291695174 -0.9993986715490198 135.77276638487888 0.12620024749959213 0.991474503253982 -0.032431573016295304 -97.43185862891896 0.9918713498007997 -0.12665203143493847 -0.012267370449406463 -1164.212198815242
0.006741031312687862 -0.03802016450735718 -0.9992542347109041 108.54514879497972 0.12975687967110297 0.9908617638588022 -0.036825495253175744 -101.10823008584073 0.9915229249366149 -0.12941186967761598 0.011612808087773997 -1167.3140164920526
0.03222220455398649 -0.04358008490840222 -0.9985301726703393 78.42668748456909 0.1299258742387383 0.9907545185709212 -0.039048061854611946 -101.04951791591364 0.9909999983536735 -0.1284766910014361 0.03758647539130124 -1170.3189299841297
0.05887116354714878 -0.04228012242753508 -0.9973698297773588 47.16552347554905 0.12840392308291337 0.9911239003655857 -0.03443612436128154 -99.76957544196621 0.989973039349821 -0.1260389041987474 0.06377755082203176 -1172.6850207073603
0.08466814114226927 -0.04262416771486042 -0.9954971050696874 16.745156574619166 0.12754566512972362 0.991329249854922 -0.03159781145418091 -99.08522807105003 0.9882122288163252 -0.12429601244083821 0.08937053266696922 -1174.1979458373191
0.11106554819792523 -0.04594384279906724 -0.9927505262211394 -14.63606546964963 0.1269049308203458 0.9914087246342917 -0.03168405359941716 -98.31371567605873 0.9856772202587305 -0.12246593006980384 0.11594185368174997 -1174.9552355472279
0.13759805720892027 -0.04960761140909175 -0.9892450957890139 -46.3105455965267 0.12675606145837212 0.9914148613422156 -0.03208541091145959 -98.07952420038697 0.9823439700715285 -0.12097792195305876 0.1427048242493138 -1174.8021951834924
0.163030420484093 -0.05379871948200028 -0.9851531757949507 -76.77719113948409 0.1271561077469684 0.9913304978021179 -0.03309332848243766 -98.43094557372041 0.9783927668678981 -0.1198730241109408 0.16845786366648666 -1173.8766449098973
0.1884434822809362 -0.055715064923082806 -0.9805023638556162 -107.2173749291114 0.1273823547331007 0.9913421999311347 -0.03184930671692133 -98.82662710225262 0.9737878566137929 -0.11889690566332961 0.193909092451077 -1172.1558439893254
0.21239094057210156 -0.058005594962718086 -0.975461654456965 -136.0170256663032 0.12772394578938692 0.9913208190493752 -0.031138840557509657 -99.31388081222619 0.9688016732205245 -0.11797620383915292 0.2179562646331022 -1169.887961445321
0.2344080460146837 -0.05864460208903029 -0.9703678058393103 -162.50424384996484 0.12688006411077757 0.9914860866989557 -0.029270961952697377 -98.53323438867304 0.9638227623867487 -0.11625898041962429 0.23985314710665465 -1167.3633164099165
0.25428216142348675 -0.061197744809151716 -0.9651919075562507 -186.58552184208037 0.12702793094238077 0.9914634043178218 -0.02939766417614647 -98.69024904124568 0.9587515252359695 -0.11513102939168782 0.25988528032367036 -1164.5421198241572
0.27365492068438435 -0.06224141002741008 -0.959811956199246 -210.06292863299018 0.12679318122997466 0.9915297214381122 -0.028147836478894003 -98.56192687271353 0.9534340425948751 -0.11399481734999871 0.27922877365797083 -1161.4465029724017
0.2916027899374607 -0.06394389866160477 -0.9543998065405523 -231.91368201071785 0.12652652323035146 0.9915742632158758 -0.02777623889464563 -98.27553581132129 0.9481344059889023 -0.11265726053764806 0.29723642076337814 -1158.203849449911
0.30877850615520314 -0.0650040633498105 -0.9489100620630887 -252.84286944414558 0.12744582276397906 0.9914927975716379 -0.026449851106939433 -99.53185686392173 0.942556839875757 -0.11276747807582047 0.314436161234432 -1154.624932678998
0.32684925865575903 -0.06322907428066182 -0.9429589844111944 -274.77429128922057 0.12572765183776333 0.9917998980038627 -0.02292422044235004 -97.90207955674441 0.9366761017980244 -0.11106325443249823 0.3321187044346031 -1150.6802598898246
0.3450734126098006 -0.061421076668110884 -0.9365638212373762 -296.96257922065166 0.12533868197803763 0.9919345090373869 -0.018871793257829242 -97.93049460076482 0.9301691000618298 -0.11087552084066145 0.3499886629142113 -1146.1494630415484
0.3631090074070454 -0.059443275485436146 -0.9298485606481479 -318.97459259817066 0.12439502251063869 0.9921216797743011 -0.014847588908519602 -97.28119555382169 0.9234055052437404 -0.11027723936235097 0.36764276596197404 -1141.2683324274612
0.37964219512251485 -0.06115997114651007 -0.9231095610012479 -339.4134563815183 0.12465166571835715 0.9920951084361038 -0.014465754414965712 -97.61905786272936 0.916697205142569 -0.10957533365914617 0.384264857015691 -1136.3623578572692
0.39428073258598934 -0.06390910521157286 -0.9167651445067662 -357.6166880360023 0.1261802684626877 0.9918957352658222 -0.014879187214286459 -99.38663955876692 0.9102863526177571 -0.10981109521596549 0.39914944520233336 -1131.6983857232015
0.4079906627050629 -0.06630758958639463 -0.910575050563503 -374.7215417390834 0.12633333889290066 0.9918648239293744 -0.015622372922286243 -99.46274728919548 0.9042032440937465 -0.10866220416866998 0.41304844601517526 -1127.2323268053526
0.4198153201857255 -0.06833028302844457 -0.9050337393482133 -389.50160890721503 0.12538069029791943 0.9919675705806554 -0.01673384046565303 -98.20164120918935 0.898907547769944 -0.10644863238936128 0.42501048131153263 -1123.4794312476145
0.4290962466062087 -0.07177069677185623 -0.9004028977259825 -401.22677189615405 0.12506375111159077 0.9919576867703208 -0.01946807168601824 -97.46852060311338 0.8945588126592695 -0.10425408741222636 0.43462123274350284 -1120.5613001519314
0.4369339113812633 -0.07320719034105083 -0.8965096008227907 -411.0659565229454 0.12270739852044052 0.9922160460727703 -0.021218205957728158 -94.42615361477786 0.8910845366369099 -0.10073740714395985 0.4425159018255682 -1118.4471100668204
0.44347132424295965 -0.07447043474262148 -0.8931894193973867 -419.31494307097324 0.12109458942743913 0.9923832793735134 -0.022616967773576274 -92.31417615448109 0.8880705405459611 -0.09813042937395106 0.44911149377998366 -1116.815406277565
0.44830234317425277 -0.07635542779368486 -0.8906148762236783 -425.4793594370077 0.12135623875594924 0.9923191055172643 -0.023988666916389526 -92.44303786575875 0.8856058222592507 -0.09732749597035678 0.4541251877056113 -1115.7095560848477
0.4521076880554638 -0.07824021529025667 -0.8885252428110739 -430.37638278697386 0.12141661174288636 0.9922715767067133 -0.02559539905628442 -92.3001111302244 0.8836609331604632 -0.09630984773795223 0.4581132703105989 -1115.156107544978
0.4546453264472533 -0.08016193220573861 -0.8870578852390149 -433.6634296478095 0.12174807380953195 0.992186556879867 -0.027262481004916635 -92.46262081032111 0.8823123220625105 -0.09560282930916453 0.4608525418881223 -1115.1495772075273
0.45728052823294424 -0.08142909659977146 -0.8855867098855676 -437.06925994127187 0.12286598089752188 0.9920345545597429 -0.027773967983391643 -93.72301500891115 0.8807942263872359 -0.0961079850293292 0.4636429509617427 -1115.0963941343762
0.46009928165854447 -0.08035789722727943 -0.8842235347300484 -440.5574450361269 0.1226374895722376 0.9921017151721205 -0.026348299830458492 -93.61409633864179 0.8793569793711258 -0.09631612069506548 0.46632017726616 -1115.1013997457264
0.46348599494556464 -0.0792045311753385 -0.8825572926051967 -444.7853171032105 0.1231051545575562 0.9920940031897675 -0.024384621306507058 -94.40803299702817 0.8775111699634827 -0.09734542144444386 0.4695721621999364 -1114.8097245770587
0.46573971087147115 -0.07921858225368222 -0.8813687865718158 -447.6321300458465 0.12446621575197372 0.9919482075898706 -0.02338620524211281 -96.16099460984879 0.8761248100891457 -0.09880875307866041 0.4718497085527326 -1114.9619325946198
0.46866562288716884 -0.07885784854246898 -0.8798488356797632 -451.3343643582658 0.12511411166849032 0.991892702504773 -0.02225591559973488 -97.06855410891768 0.8744706930396161 -0.09965092293115507 0.47473224092511607 -1114.870069429529
0.47116026461435595 -0.07831655890398673 -0.8785638973062624 -454.4854926364982 0.12640331122515075 0.9917646128513877 -0.0206193018081388 -98.81951251790687 0.8729434162417677 -0.10133839004629891 0.4771795497954375 -1114.9274336508286
0.47386864137092005 -0.07583861024988356 -0.8773237805511969 -457.7937381755486 0.12578281112236883 0.9918980348325619 -0.01780373335726379 -98.42184925955085 0.8715659442356802 -0.10191562044489703 0.47956856773343565 -1115.1271444758297
0.476024590676736 -0.07409253052154573 -0.8763052470412122 -460.45511745089743 0.12553329036414423 0.991965491612429 -0.015679810600371984 -98.38223429850765 0.8704263220292671 -0.10254150560151681 0.48150104625802914 -1115.5767132895833
0.47843364712816294 -0.07215362496035323 -0.8751543290761495 -463.43041693767293 0.12496734608703254 0.9920693440224252 -0.013475127564483817 -97.96798291711502 0.8691860604655418 -0.10291875949503068 0.48365620148654737 -1115.9455891905397
0.47989992711603274 -0.07400828743443764 -0.8741961069148321 -465.43670110326957 0.12794653450757576 0.9916862026611192 -0.013717133777562993 -101.50834090176384 0.8679433992268899 -0.10526751085967359 0.48537924028112317 -1116.343391121097
0.48134423794866005 -0.072892553125534 -0.8734955067385665 -467.24364930985286 0.12981264380358773 0.9914752388142263 -0.011203942475582547 -104.08070589560555 0.8668658501188905 -0.107997807927358 0.4867032683068184 -1116.933532979081
0.48180611886411695 -0.0732911840743706 -0.8732074588332792 -467.887204244912 0.13254339313467192 0.9911261950649466 -0.010055565246625868 -107.5362092926763 0.8661957704592214 -0.11089304663980548 0.4872449275728766 -1117.9500725991825
0.4819943581728192 -0.07598984508358447 -0.8728728327389648 -468.31385516190073 0.13265831727414318 0.9910762133036317 -0.013027289884198087 -107.26613662611203 0.8660734435067068 -0.10951476095900038 0.4877738283103432 -1119.421207278175
0.48237513589432074 -0.07575040934824231 -0.8726832780307581 -468.8195592068747 0.13007782005280058 0.9914027415110948 -0.014155029303991123 -103.95033859605017 0.8662528435746961 -0.1066887042186723 0.4880814802785431 -1121.1849174133151
0.48292723610674543 -0.07617460311359874 -0.872340939350427 -469.5636670019605 0.12807917739941654 0.9916398673910326 -0.015687501948490487 -101.28380739667203 0.8662430426519964 -0.10415278796643332 0.4886462808779277 -1122.7740725185124
0.4841228035148849 -0.07334422789440245 -0.8719207162073064 -470.9690145952749 0.12773258685413588 0.9917298649088434 -0.012500452129336662 -101.29050671182245 0.865626650105251 -0.10532093468281205 0.48948749048887863 -1123.866148183355
0.4856640675651138 -0.07128673062200695 -0.8712339614095252 -472.87450666846337 0.12753126671361328 0.9917835422138789 -0.01005889676419127 -101.38593294578597 0.8647925702077521 -0.10622432598476134 0.4907649163118258 -1124.797484463053
0.4866648382574231 -0.06849764316343297 -0.8708991951339323 -474.01702867224753 0.12690028610754117 0.9918900612916137 -0.007100964493841698 -100.9851393620508 0.8643226553722286 -0.10706156729645619 0.49141038676276066 -1126.0583840423412
0.48725520712804826 -0.06781545647704426 -0.8706224365299878 -474.73607471508046 0.1252067185677894 0.9921045171126311 -0.007204495138396466 -98.90156783762878 0.864237028107503 -0.10549735061850089 0.49189904275205487 -1127.6356528826548
0.48876851431189067 -0.06611505008260464 -0.8699046726911643 -476.6560559675478 0.1248412280706563 0.9921627724996667 -0.005263139707918536 -98.69411603653415 0.8634350046130614 -0.10602751066751201 0.49319180831649373 -1128.71873312642
0.48975109408161444 -0.06595053042660429 -0.8693643616932495 -477.93497886916 0.12468342162885437 0.9921838353235519 -0.0050280506728001065 -98.53549868189116 0.8629008692873029 -0.10593282993999761 0.49414605667162875 -1129.9061977180343
0.4904231258131362 -0.06710692259755294 -0.8688968975702231 -478.9006898415082 0.12544810671727336 0.9920831384012961 -0.005815412357367426 -99.33003139540327 0.8624082155155552 -0.1061494580265046 0.4949589501887555 -1131.2034212891208
0.49166321774103733 -0.06671155371563349 -0.8682262659706715 -480.5231731431987 0.12679411557637674 0.991919234435005 -0.004414137863458699 -101.19812869873167 0.861504807053178 -0.10791571228843067 0.4961488349936407 -1132.1702787435581
0.49217465654672665 -0.0680112089256685 -0.8678355736621892 -481.28271275226166 0.1266218540408962 0.9919333608395126 -0.005925684169419104 -100.73095653837717 0.8612380701828954 -0.10697047776886291 0.49681616655815813 -1133.657401759402
0.49139289015077475 -0.06894324015431705 -0.8682049626362964 -480.3422082582418 0.12509583029269442 0.992112570854293 -0.007979974703379827 -98.50514477296784 0.861907222821952 -0.10468751783240134 0.49614157541717935 -1136.119056495643
0.49007736761484544 -0.07323739837639995 -0.8685968323858658 -478.8935438449164 0.12700900153426212 0.9918293689329511 -0.011967307605880224 -100.24854498685995 0.8623763025970584 -0.10445470980822477 0.4953749350925076 -1138.4871545528963
0.4867862028266239 -0.07677688706458927 -0.8701405072459897 -474.80422284001116 0.1288878858585858 0.9915398309639392 -0.015384293643421434 -102.00428406869835 0.8639601296451943 -0.10466170849300219 0.4925635199228468 -1141.968482224863
0.4828576445619796 -0.07858792322778507 -0.8721653704492061 -469.75147500852944 0.1327568420422082 0.9910227027153534 -0.015799480805918274 -106.7294822878151 0.8655773310219239 -0.10815702023216134 0.48895597245095873 -1145.528159683597
0.47595093288455664 -0.08215365043429468 -0.8756263399456642 -460.91865287679775 0.13724298593936654 0.9903679835190513 -0.018319935339808635 -111.90688719932425 0.8686973421720404 -0.11145418314593511 0.4826415779463113 -1150.5277432673606
0.4678052068207702 -0.08881563791220688 -0.8793577604897932 -450.68848000143123 0.1418304055939582 0.9895878028340439 -0.024497275994347124 -116.64402735470202 0.8723774553027089 -0.11325971456938108 0.47553108472026584 -1155.378261892569
0.45419238481935886 -0.08923432173636231 -0.8864234391059133 -432.77775265680225 0.1455861220640384 0.9890304993438772 -0.024967026854548692 -121.23927976719942 0.8789277323161776 -0.11771111753718178 0.46220140001268867 -1164.3328114206156
0.43946368533783864 -0.09160237971718063 -0.893577457918134 -413.5733850363373 0.14716000045712835 0.9886881053188427 -0.028978693319321867 -122.57561447979296 0.886123921093852 -0.118763775753328 0.44797272465415805 -1173.1051070420954
0.4247535624490336 -0.09094422099531703 -0.9007294598570705 -394.1978269420589 0.14570245365414086 0.9888385072603878 -0.031132002155515412 -120.39725917170276 0.8935072502145789 -0.11801506355801798 0.4332634747903164 -1181.7130800654547
0.41016714132466575 -0.0936172019363959 -0.9071927775721937 -375.3207294773925 0.14243788891477588 0.9890867328824255 -0.037668058583778564 -115.23323473180267 0.9008187187104038 -0.11376842416755664 0.41902551435846636 -1189.9042867335902
0.3924992745532763 -0.0905005096207973 -0.915289012953574 -351.8376231303391 0.14374735704883965 0.9889542318406669 -0.036141730256169964 -117.1706227661658 0.9084497877244648 -0.11738477364127053 0.4011730276334171 -1199.1467834899865
0.37641419142909016 -0.09056684480702393 -0.9220141013631433 -330.8052721140014 0.14543601127975136 0.9886476856925321 -0.03773751711276177 -118.9455915175085 0.9149648753443054 -0.11988911625539825 0.3853126998811216 -1206.273427904643
0.3580213983813016 -0.09029249853937386 -0.9293373677027167 -306.7329096097131 0.14962644372078643 0.9879986143976476 -0.03834925407095703 -124.10465684552513 0.9216466815654293 -0.1253235917768305 0.36723479097654493 -1214.1383408206498
0.3393261344871979 -0.08817328689030388 -0.936527226477125 -282.16994780983777 0.1510413936566258 0.9877862346821786 -0.038273384677448334 -125.87584331168222 0.928463392846611 -0.1284672178081393 0.34849950084956477 -1221.6619609059464
0.319079753656543 -0.08633311048250697 -0.94378742566369 -255.64471179753633 0.14848731797273002 0.9880975005447725 -0.04018514425056138 -122.32061268199051 0.9360233048422166 -0.12731819764506683 0.32810127909026277 -1229.5635748881332
0.29764599623114274 -0.08195506971237476 -0.9511520527633898 -227.44734094220166 0.14639342887100296 0.9884432146616501 -0.03935702443952882 -119.76431351415404 0.9433853003470857 -0.1275279496337288 0.30620384901443676 -1237.0658186098444
0.2736522536352418 -0.07977579686412045 -0.9585146145547536 -196.09622271539502 0.14988684594052767 0.9879165697003836 -0.0394307586210036 -124.1478474478349 0.9500780902085648 -0.13287841640432776 0.28230293827646263 -1243.830870440829
0.24814407527815413 -0.08049107255795282 -0.965373350130829 -163.02647995273725 0.15633251142035157 0.9868071051816667 -0.04209374105475278 -131.83719724779684 0.9560254514276048 -0.14047392783520118 0.25745370811311935 -1249.619984703757
0.2216821290963709 -0.07885455873061503 -0.9719254046513549 -128.6662474381357 0.16069117823321954 0.986052319604407 -0.04334937416835391 -137.11299497407177 0.9617875955102143 -0.14657005686758895 0.23126140956180327 -1254.6779017817566
0.19283415045321586 -0.08252599403328478 -0.9777548009229128 -91.69157019978753 0.16549764875487538 0.9849168518900367 -0.050490822132613446 -142.03819863364578 0.9671739857314167 -0.15207976581990637 0.2035834623749386 -1259.1308347050006
0.1634830579363026 -0.07512195096816379 -0.9836818501174719 -53.353826959835345 0.168362253470128 0.9845939810674547 -0.047210634948087325 -146.17720943736558 0.9720737839147068 -0.15789675401501446 0.173612135800658 -1262.6127392702833
0.1335865735729758 -0.0761495312632152 -0.9881072190048127 -15.003817683096743 0.17042610728012442 0.9839554221548601 -0.05278891142460664 -147.86890997885862 0.9762733066710242 -0.16134737711051905 0.14442110157861454 -1265.1684472892946
0.10486211466434217 -0.06969399995797596 -0.9920416741639335 22.296238859524394 0.17322628561786813 0.983571653017541 -0.050788358423746974 -151.73577779617392 0.9792837131695591 -0.16652191972890495 0.11521223620189397 -1266.5408963968007
0.0774544315842911 -0.06367206117371373 -0.9949606422637255 57.785035051885416 0.1782377079778577 0.9827658460959713 -0.0490164380801914 -158.37291057934846 0.9809343150704609 -0.1735429640554758 0.08746833223564705 -1266.479777226101
0.05169370221742487 -0.05563416124554457 -0.9971121307323267 91.26906935167251 0.18245036003673112 0.9821690330073207 -0.04534155625837619 -164.363759015844 0.9818551966932412 -0.17957959434181003 0.060922426269047744 -1265.5889794307275
0.029074862474637208 -0.050543669532564894 -0.9982985474507433 120.40779342601614 0.1823437840264563 0.9822309561369591 -0.04441951410347565 -164.29696148520432 0.9828048620143239 -0.1807420434665346 0.03777455392916408 -1265.0111718268963
0.007462170861255248 -0.04560339786601497 -0.9989317524781718 148.24272922022683 0.18254693564984664 0.9822353697831668 -0.04347751869387638 -164.67407733888535 0.9831688218667678 -0.18202749366510423 0.015654368690952013 -1263.8127366470405
-0.014600012288625102 -0.04301085135596146 -0.998967920559418 176.4590667729822 0.1846487328024503 0.9817752338723644 -0.04496927428048619 -167.11092799066583 0.9826961306098756 -0.185114712598701 -0.006392031279571468 -1261.80430381628
-0.036756056367085545 -0.040095062341621024 -0.9985195933461501 204.80042717593727 0.18766127526672735 0.9811417208101765 -0.04630517736615289 -170.77590008488338 0.9815458410515554 -0.18908545597551077 -0.028538609863270628 -1258.9386950601747
-0.057029466660305075 -0.035661623076143414 -0.9977353800342134 230.80566921552486 0.18823784290361495 0.9810538198852201 -0.04582485120119627 -171.57013049043942 0.9804662943882544 -0.1904249225500509 -0.0492361091108141 -1256.1745566706745
-0.07360355307909669 -0.02884500149747063 -0.9968703440582147 252.24145004318734 0.1845583301878968 0.9819220556337628 -0.04203926043854937 -167.377078621891 0.9800615999682813 -0.187074965050313 -0.06694936683073487 -1254.5804873253423
-0.0857859009504429 -0.02242644650586792 -0.9960611596158341 268.08410623597473 0.18324036949686368 0.9823373293764502 -0.03789905408049253 -166.2967778699762 0.9793180005415879 -0.18576981942894455 -0.0801612624935739 -1253.3780483471587
-0.09320787156305115 -0.014024977470939837 -0.9955478856818616 278.02023008117334 0.1871317944566354 0.9818343786642725 -0.031351943741671745 -172.36213817443738 0.9779028500736282 -0.18922091026068186 -0.08889017346137681 -1252.2821833177181
-0.09893456337842178 -0.010206424067006267 -0.995041597661568 285.51260926098837 0.19022952188386832 0.9813118305437739 -0.028979652148747675 -176.7215354301377 0.976741870287619 -0.1921533766099154 -0.0951440943225175 -1251.9614375806163
-0.10333041549710663 -0.010059197168649225 -0.9945962184653214 291.09254690469015 0.19051546881425924 0.9812343006160976 -0.02971705633000349 -176.95580206259277 0.9762308545501306 -0.19255664061974032 -0.09947491531819393 -1252.606243238459
-0.1063983231791199 -0.010727365612700906 -0.9942657192379123 294.908133326965 0.19020223955086718 0.9812572379426836 -0.030940928475564317 -176.31355022534558 0.9759623480926434 -0.19240362941510977 -0.10236375576045953 -1253.783861436773
-0.11019698997046394 -0.010648136715831008 -0.9938527258029385 299.7583554774578 0.19206987017886645 0.9808657296239149 -0.03180543064979757 -178.58836934899708 0.9751747476072804 -0.19439402674420495 -0.10604326473308183 -1254.2454054033258
-0.11321478627505069 -0.00838813142209667 -0.9935351284277473 303.7432645155636 0.1960275270739179 0.9801204433643325 -0.030612499548208827 -183.93069975732737 0.9740408722420116 -0.19822602188045427 -0.10931982185985617 -1254.5191815698201
-0.11631969787766028 -0.00644453682771487 -0.9931909161036089 307.81101747852557 0.19798823094649445 0.9797590221888562 -0.02954520005371203 -186.6228236531819 0.9732781659383546 -0.20007680121546456 -0.1126893310081308 -1255.1450099695528
-0.11938002279837569 -0.005859978553338377 -0.9928313405649591 311.7452670769426 0.197214955677755 0.9799164108554053 -0.029497270946345508 -185.5924603119448 0.9730645772063027 -0.19932257370306905 -0.11582676805775151 -1256.3674088151975
-0.1217189670174927 -0.005794189297098032 -0.9925476917703168 314.6957158429839 0.1936614932613735 0.980625574761884 -0.029473855375561228 -180.91710252070664 0.9734884278182095 -0.19580579535170534 -0.11823862063943652 -1258.3778564254703
-0.12466314210570932 -0.006220825238266434 -0.992179622010897 318.44417214380854 0.18973147661212508 0.9813778292018049 -0.0299920511758609 -175.67160095990047 0.9738896589362237 -0.1919866080863657 -0.12116135742297487 -1260.3020732952284
-0.1259678646762626 -0.00941099505870295 -0.9919896825274485 319.8765290729521 0.190163745925587 0.9811821532387865 -0.033456417938081656 -175.64464752150315 0.9736374308768391 -0.19285490747633013 -0.12180779062869725 -1261.9986250581128
-0.12555113334709092 -0.009761014452920713 -0.9920391300307215 319.2629184058901 0.19428074976096532 0.9803484231145216 -0.03423389503383695 -180.93166744894148 0.9728781543377248 -0.19703221029496792 -0.12118747839072058 -1263.5101606323335
-0.125951466711187 -0.00957027796260862 -0.9919902407851696 319.78389475362985 0.1976042063006199 0.9796731600446411 -0.03454094874852488 -185.25876156725343 0.9721567804040675 -0.20037192734478693 -0.12150014422432846 -1264.912992052343
-0.12534807335176348 -0.0077936110396529396 -0.9920822144025985 319.11166013469426 0.19791781133744507 0.9796729407242458 -0.032702739458706 -185.95267466317236 0.9721709728552876 -0.20044996592584174 -0.12125762119525713 -1267.1084018353388
-0.1251632424855038 -0.009045512040779483 -0.9920949256207469 318.7729764251613 0.19742087802277786 0.9797345978829579 -0.033839542429449254 -185.0796959022178 0.9722958190032654 -0.200095718152686 -0.12084098611700592 -1269.429021395097
-0.12618702738284915 -0.011719470853464767 -0.9919372400122877 319.8878710579876 0.19655259705277484 0.9798106788782796 -0.036580187914959844 -183.46636892655988 0.9723394009871704 -0.19958378581187158 -0.12133590453328871 -1271.5479758563818
-0.1259626204994104 -0.013235607999825538 -0.9919466905624499 319.4331263343826 0.1983471736536471 0.9793849809789195 -0.038255166141742944 -185.59213671929678 0.972004021051627 -0.201568543463005 -0.12074065324351685 -1273.5006163210555
-0.1284510210013334 -0.014343012964330132 -0.9916121283963907 322.5423319301267 0.19537140996176255 0.9799342737639588 -0.03948203733667528 -181.43336071118384 0.972281002269029 -0.1988041676670959 -0.12307134331323971 -1275.4953569550446
-0.13003539466470482 -0.014474611836642129 -0.9914036926230267 324.512839820246 0.19535449344243422 0.9799194867980725 -0.039930205174176905 -181.31344965768494 0.9720737719053243 -0.19886750615819687 -0.12459653674229929 -1277.184765610464
-0.1311280514790618 -0.013517794634000505 -0.9912732737966545 325.9266468584128 0.19583958084866393 0.979849412468141 -0.0392681481465391 -182.0539479344291 0.971829353687325 -0.19927969819846658 -0.12583842496472988 -1278.8898504475353
-0.13485063889950857 -0.014825602997460663 -0.990755018500616 330.69786317370716 0.19641330516160155 0.979647096371586 -0.041392996100984014 -182.49699974551936 0.971203953216774 -0.20017933975933225 -0.12919409115601183 -1279.7305871922742
-0.1364564208776564 -0.01619799469223976 -0.9905136395674771 332.5286634894527 0.19550632486733252 0.979761236270712 -0.04295575442423502 -181.05609899706187 0.9711626651277986 -0.19951326990763377 -0.13052790120366886 -1281.7348751850884
-0.14014964613050135 -0.017335918966200237 -0.9899785566380177 337.2090918934666 0.19512678074710968 0.9797551892067056 -0.04478067281542421 -180.28300698489426 0.9707129421846423 -0.199447324214014 -0.13392964100267474 -1282.804759815579
-0.14161510657358092 -0.02024976945188317 -0.9897146601052743 338.65253881604286 0.1942929266420611 0.9797759470920061 -0.04784717501404388 -178.7239845300685 0.9706675127184466 -0.1990704406412651 -0.13481668819503229 -1285.0123843968174
-0.1445252416379153 -0.02051823811077906 -0.9892883585862777 342.3293990591162 0.19310622693369578 0.9799766527801789 -0.04853601884362911 -177.01338513990464 0.9704753678733604 -0.1980524221275431 -0.13766916299767104 -1286.4664424447512
-0.1479990806964378 -0.022581974583397765 -0.9887296529066598 346.6797622538469 0.19249899739385512 0.9799607610125776 -0.05119612170867939 -175.76243539564467 0.9700723726173062 -0.19790644582621386 -0.14068628428196553 -1287.6872276204542
-0.14919622003745514 -0.023205035901817286 -0.9885352872990071 348.041986771615 0.19207708122095052 0.9800015272655846 -0.051994244169535714 -174.96498322209683 0.9699726196115926 -0.19763231736210626 -0.1417553679333099 -1289.7012492471333
-0.14926846064064997 -0.02269118738305373 -0.9885363102451613 347.9657448758038 0.19151197613561255 0.9801425833368582 -0.05141672224464207 -174.19333697756082 0.9700732393250538 -0.1969914372375034 -0.1419587404864507 -1292.1437069373624
-0.15137040734052415 -0.024268863163973822 -0.9881791447213872 350.4899374377025 0.19119164164029867 0.9801013929325867 -0.05335743376972671 -173.46506934163114 0.9698106804673021 -0.19700832939835686 -0.14371834329415684 -1293.7625361656324
-0.15294674658435126 -0.023845563597845426 -0.9879466998811035 352.4918188455939 0.1925072646694747 0.9798386547660656 -0.05345244312193727 -175.21908956246534 0.9693029690239987 -0.19836229410583112 -0.14527269020133385 -1295.1142399193463
-0.1577194192131639 -0.024660803416201527 -0.987175987135997 358.818980483799 0.19293914301322507 0.9796512521568299 -0.055298383709455376 -175.5394662682353 0.9684518944668262 -0.1991865179233357 -0.1497519922444844 -1295.5909391698178
-0.16077137991214377 -0.025792355498221606 -0.9866546091713143 362.72314004891246 0.1917690056942385 0.9797915507799828 -0.0568609310089105 -173.68819990167017 0.9681824269507212 -0.19835138370581212 -0.15257626527675078 -1296.9476906188381
-0.16289122058301755 -0.025235047346502004 -0.9863212674592365 365.48056808752744 0.19063606443433384 0.9800301623240661 -0.056557686233207796 -172.08518228770953 0.9680518277416574 -0.19724115524019137 -0.15482759923718867 -1298.6981697537328
-0.1667726357189221 -0.025808852108125308 -0.9856575425208415 370.53413014412735 0.19061385358042318 0.9799554282460643 -0.0579112896963381 -171.88094818326783 0.9673950830961383 -0.1975380009110478 -0.15851022489884423 -1299.5446265082433
-0.17127056370879346 -0.026485399534525583 -0.9848679696377421 376.46072185386294 0.18949705724472482 0.9800883099851687 -0.05931079097437038 -170.11417719158018 0.9668284539164441 -0.19678777462513397 -0.16284137206381513 -1300.194544813884
-0.17406072995378116 -0.024325544520177225 -0.9844344214683647 380.3147949178614 0.1893040012276001 0.9802221838728253 -0.0576928536545859 -170.00021762650317 0.9663678685713726 -0.19639943515037298 -0.16601326593208385 -1301.3164193800146
-0.177529765204413 -0.025272436683900598 -0.9837908753442085 384.86255218218514 0.18909797747841622 0.9801658610980291 -0.059302948084653515 -169.47033793761162 0.9657769604727783 -0.19656090323870856 -0.16922964851923747 -1302.2779643298695
-0.17933254220458128 -0.02459945728343392 -0.9834809128843338 387.30115197259045 0.1894129143042252 0.9801200907045472 -0.05905383723426426 -169.9076351896241 0.9653820938888511 -0.19687426063015762 -0.17110797263747368 -1303.724287844917
-0.181923576485713 -0.024552246468141414 -0.983006103496827 390.7841927188603 0.18846092433220185 0.9802849461387619 -0.05936248287914468 -168.50435955290789 0.9650835675310708 -0.196057674083654 -0.17370980431285013 -1305.0662535611045
-0.18385387030113917 -0.023890305990055774 -0.982663221889877 393.44323256568623 0.18711599456064404 0.9805735389078347 -0.058848444103021424 -166.65175651014457 0.9649794603797912 -0.1946915202916319 -0.17581198187740266 -1306.7547321689622
-0.1864619055169822 -0.023800423731734313 -0.9821738632345934 396.9978233158904 0.1864851794948867 0.9806745001849295 -0.05916757993866589 -165.70452692111633 0.9646010758960079 -0.19419336888068145 -0.17842000970472924 -1308.047023338313
-0.1887381114725968 -0.02496278454244745 -0.9817101327100811 399.96169141805905 0.1881140233728033 0.9802453613205603 -0.06109129086883433 -167.7174144018808 0.9638418124818274 -0.1962036977159489 -0.18031380844054765 -1309.091061643305
-0.19077340821559877 -0.02592187848647476 -0.9812917827708213 402.62207961009835 0.1873798600937371 0.9803083411092306 -0.06232450868575028 -166.5143275578056 0.9635840880530645 -0.19576417590407363 -0.18215952537142516 -1310.7141904904076
-0.19333674940094545 -0.02704544325905142 -0.9807596266822965 406.00129473941075 0.18538007963501021 0.9806075437258194 -0.0635851497012702 -163.55811501757267 0.9634599770647422 -0.19410664385058307 -0.18457378851686826 -1312.31588825992
-0.19401616915704936 -0.027111564973797908 -0.9806236225740713 406.896382434926 0.18636057980605 0.9803962051324472 -0.06397667743990205 -164.84741165512327 0.9631341860820725 -0.1951620967466991 -0.1851601890079398 -1314.1458014340712
-0.19682750583987205 -0.03000206459883678 -0.9799789839913214 410.4793096623949 0.18582673841519054 0.9802726866567756 -0.0673341153107387 -163.65265660492537 0.9626667939816079 -0.19535950428508653 -0.18736944214747983 -1315.4373665185494
-0.19902389926042652 -0.03267499632934426 -0.9794497598846267 413.20827245867855 0.18318705124791618 0.9805872681402339 -0.06993649845657476 -159.59609055805325 0.9627211391562299 -0.19334154798219264 -0.1891746654432897 -1317.382085705601
-0.20178765029502968 -0.03533262438257814 -0.9787917806370516 416.7189717872076 0.18061656273913373 0.9808672628035359 -0.0726434444709189 -155.638828772083 0.9626314982654116 -0.19144455702510466 -0.19154524304390874 -1319.0510422978505
-0.20483483155240215 -0.03701657596924965 -0.9780963474455938 420.76859368453387 0.18112001158334026 0.9805938505990472 -0.07504159893941742 -156.03652317233832 0.9618930466465333 -0.19252395505714726 -0.1941553335404511 -1319.9679866082745
-0.20612585424157195 -0.03957873520173728 -0.9777247342340343 422.3295466583057 0.1824814789059543 0.9800988323656279 -0.07814594456418597 -157.52564290703694 0.9613597880447662 -0.19452455504476504 -0.19480132292969207 -1321.5418501616266
-0.2064647693671352 -0.03900671175186478 -0.977676211968197 422.8562541509595 0.18326323681874884 0.9799804817592666 -0.07780000900765419 -158.65142461570665 0.9611383277348224 -0.19523506808251131 -0.19518294789741833 -1323.5098884828158
-0.20888783369154812 -0.043938797869172846 -0.9769520228636943 425.7179019749822 0.1824334980781163 0.9797027334399447 -0.08306968682547643 -156.79571032670367 0.9607725494177246 -0.19558102191192467 -0.19663207305333774 -1325.1294657634778
-0.20970738117296883 -0.04341569709427999 -0.9767998216253898 426.88995447684067 0.18267616739164722 0.9796835316748899 -0.08276228387444601 -157.18206550762733 0.9605478812368878 -0.1957939095345747 -0.19751585465600663 -1327.030302180241
-0.21100564911659325 -0.04622733861346995 -0.9763911353579573 428.4230472011575 0.18309371186653145 0.9793323975568723 -0.08593455515939928 -157.33625725773007 0.9601839973233364 -0.19690375379922004 -0.19818073323094615 -1328.809075724474
-0.21218491907462708 -0.04836158420595234 -0.9760321292305825 429.870780707685 0.18442952794605355 0.9788445546905801 -0.08859507308081965 -158.8661084105394 0.9596683329874387 -0.19880768326624226 -0.19877674847783303 -1330.3684809491722
-0.21237193396999524 -0.04711886554577788 -0.9760522394685249 430.2730625513421 0.18627627976332028 0.9785690718778053 -0.08777083320641443 -161.59610123211905 0.9592701961696617 -0.20045544161705836 -0.19904347933737718 -1332.1727979993013
-0.21173242596999642 -0.04563012827656654 -0.9762618865787622 429.59264547030875 0.18665417124427858 0.9786346922311873 -0.08622273202978967 -162.32841318115413 0.9593381052319205 -0.20047950158316305 -0.19869164374727744 -1334.5007724776913
-0.2110296883154128 -0.044780277300343216 -0.9764533769793642 428.7653282252464 0.18504855463870362 0.9790558573466869 -0.08489205275684658 -160.2136539186006 0.9598038878206456 -0.19860602951584544 -0.19832332682850165 -1337.2185165378341
-0.2104249820827492 -0.045002212113194676 -0.9765736673801898 427.9418102109988 0.18392988594952925 0.9792781819213185 -0.08475871322448247 -158.61341995228258 0.9601516150952764 -0.19745643397417045 -0.19778734214336424 -1339.9043663136956
-0.21124786759988476 -0.04677593200850011 -0.976312629550206 428.98849165281547 0.18298673324430642 0.9793015029599951 -0.08651255259713293 -157.00846541692925 0.9601511307555071 -0.1969278509633181 -0.198315979244968 -1341.94054705256
-0.211141414614771 -0.04432198075222765 -0.9764501344444951 429.0978773542844 0.18367250503804824 0.9793771742395588 -0.0841710251308905 -158.27653728673295 0.9600436000138335 -0.1971190315538711 -0.1986463527773477 -1343.975898819347
-0.2119805435906946 -0.04684940625124688 -0.9761502867247948 430.04862293175745 0.18331625284083186 0.9792139612408297 -0.08680535441686794 -157.3912326585426 0.9599267683440177 -0.19734525898776356 -0.1989860501936321 -1345.9500535641982
-0.21164884690191163 -0.046574102948676296 -0.9762354319218377 429.64115120152474 0.18307432122736617 0.9792941228303655 -0.08641072790483531 -157.06056877374246 0.9600461231171292 -0.19701236997820834 -0.19873994959076355 -1348.238155457473
-0.21169839644457236 -0.0478168065803192 -0.9761646080202135 429.5817130835249 0.18235912769769477 0.9793290918771187 -0.087519588370112 -155.8478668323545 0.960171306324102 -0.19654028292337003 -0.1986025672046289 -1350.5916217485067
-0.21049416865801612 -0.04956429639657643 -0.9763378439268259 427.653366890415 0.18223856219741813 0.9792180779435795 -0.08900034986841263 -155.45115091458814 0.9604589066738819 -0.19666045955197606 -0.1970871691399954 -1353.5269129306675
-0.21112528920751175 -0.053466728205052466 -0.9759956051294963 428.1382691923748 0.18170636619489186 0.9789514210189727 -0.09293498678744477 -154.1819462718458 0.9604212142290968 -0.1969655407932609 -0.19696615698826514 -1355.7314489748824
-0.2117121728454797 -0.055302497034284887 -0.9757661552292223 428.7618584812582 0.18207365500247322 0.9786875824551419 -0.09497262817333416 -154.49766083149768 0.9602224429907302 -0.19776817178171754 -0.19713094685267196 -1357.6572588045547
-0.21102307128927458 -0.05262342004346297 -0.9760635425250606 428.0337970236682 0.17923550665095123 0.9795362233377262 -0.0915610196799937 -150.7591749022163 0.9609078501808683 -0.19426673115125148 -0.19727275693462795 -1360.5072556841376
-0.2085591964439449 -0.04772482524214945 -0.9768446153991239 424.95474049390526 0.1801398224003274 0.9798451228197629 -0.08633179988800554 -152.7197632593739 0.9612766022140737 -0.19397390634291617 -0.19575856991160076 -1363.5396384731396
-0.20871288851785225 -0.04583124034849534 -0.9769024657429486 425.43950442395703 0.18315539769363035 0.9793955676013812 -0.08507891900145242 -157.2261295526752 0.96067321731285 -0.19668202655780737 -0.19601823886284475 -1364.9450825947986
-0.2097779744233491 -0.04802000525195885 -0.9765691376151706 426.7382341057417 0.18575598440390403 0.978645182119768 -0.08802455209713589 -160.58941862992305 0.9599416209879499 -0.19986917373463742 -0.1963782006375964 -1366.3324799643237
-0.2105687582387423 -0.05095793827519962 -0.9762500123331803 427.5279328733487 0.18515930049484894 0.9784849883924619 -0.0910118724720114 -159.33051637300994 0.9598837593657119 -0.19992602636311355 -0.19660303275535523 -1368.4280138085358
-0.20958902300156715 -0.05257141310856572 -0.9763752802898162 425.98754198558424 0.18319707899859755 0.9787595425258031 -0.09202493227958566 -156.30803596763994 0.9604745034011211 -0.19815651500379503 -0.19550632695112605 -1371.341362291891
-0.20915847164081233 -0.053721575704235566 -0.9764050010342705 425.2599856446128 0.1823804176525476 0.978827199547756 -0.0929230686233499 -154.97505863268427 0.9607237464525179 -0.19751279890010057 -0.19493223764397363 -1373.860068326042
-0.2096304956862011 -0.05593858951556731 -0.976179250691883 425.7157970758897 0.18264935104255386 0.9785487152023109 -0.0952975683826168 -155.066371632382 0.9605697631312841 -0.19827578313781655 -0.1949165051477016 -1375.8318540501095
-0.20965408234076588 -0.059927461361336545 -0.9759374289024051 425.31465646632097 0.1827777150080005 0.9781239831265096 -0.09932663554750154 -154.75248426873742 0.9605401983541894 -0.19920384787327167 -0.19411428164402775 -1378.1086529213253
-0.20993021191931077 -0.06088718892336193 -0.9758186595615622 425.5981875065414 0.18183788532753106 0.9782145868408076 -0.10015590622364684 -153.26302205971885 0.960658258478594 -0.1984665521363212 -0.19428519784068973 -1380.3064226701295
-0.210485419357338 -0.06259894114077275 -0.9755907240262279 426.1834885784781 0.18013066439725994 0.9783772282799534 -0.10164124618991 -150.55415805909192 0.9608583828961307 -0.19712780562693394 -0.19465815232592362 -1382.5366264106356
-0.21026005018840416 -0.05969717108536496 -0.9758211716596308 426.1061667545287 0.18130210784302922 0.97843951595596 -0.09892249141394278 -152.55351465983154 0.9606873877523554 -0.1977178833092031 -0.1949035187811754 -1384.47305530784
-0.21082741841454422 -0.05840742181537332 -0.9757768047671249 427.0229356207345 0.18178265108447544 0.9784587860939591 -0.09784411929306444 -153.32927368852887 0.9604722106387871 -0.19800751751490805 -0.1956684839166104 -1386.208288545706
-0.21132855787259508 -0.05918154545729451 -0.9756217429438397 427.61349918727086 0.18252850803197457 0.9782161462813854 -0.09887626059887616 -154.36768852984787 0.9602205915221308 -0.19897415870328905 -0.1959226882859862 -1388.0239947306875
-0.20863102492129149 -0.059343198212491975 -0.9761923377420069 423.5642389234653 0.18108407252542677 0.9785538797651214 -0.09818789678078556 -152.30920246134193 0.9610835833151544 -0.19725792562668076 -0.19341059086710186 -1391.6695648311895
-0.20649189118928327 -0.058224708003682374 -0.9767143811017421 420.5146884423233 0.18248051609234733 0.9784222834967533 -0.09690560563594329 -154.4369933399021 0.9612814156737578 -0.1982415661128723 -0.19141139293514353 -1394.5470068226723
-0.205436771121542 -0.06235585924128618 -0.9766818724075081 418.46868569573525 0.18558763989654953 0.9773779944497387 -0.10143709323041133 -158.4880835724882 0.9609125667763867 -0.20209899253506292 -0.18921690259469096 -1396.7552384824935
-0.204708446175868 -0.06811084218252031 -0.9764503905685376 416.64277492275596 0.1835272088908845 0.977213249853859 -0.1066397107403298 -154.795864463872 0.9614635799971747 -0.2010352642877547 -0.18754361319908824 -1399.8620386395687
-0.20419012027993205 -0.07386313775666999 -0.9761406823100889 415.173893108842 0.1808617103289899 0.9771367394002279 -0.11177134807795458 -150.22395770893561 0.9620787059887248 -0.19936907833219752 -0.18616265492313608 -1402.800567973061
-0.20185877546903125 -0.07390187872289408 -0.976622520264288 411.63977609970794 0.1778677704566861 0.9778018439320698 -0.11075473008323856 -145.83108047574459 0.9631282837706048 -0.19606648444920427 -0.18423312046648693 -1406.349999681608
-0.2013603904711947 -0.07298154925885963 -0.9767945979667704 410.93819938284656 0.1753145421482398 0.9784327068957741 -0.10924399016861858 -142.15553352597072 0.9637005782195219 -0.19324371023240272 -0.18422286501673488 -1408.8775709581032
-0.19905722819943447 -0.07165089619718529 -0.977365013173532 407.50166334867845 0.17378148446569375 0.9789365628685442 -0.10715970108217067 -139.9995617157872 0.964456435282827 -0.19117885592622558 -0.1824127996832497 -1412.158237633216
-0.19874662531870424 -0.07456842269305237 -0.97720997194129 406.5722103088524 0.17396955812047044 0.9785818396955871 -0.1100553309266234 -139.90490510429015 0.9644865845473408 -0.19187791262954318 -0.18151720269201635 -1414.5564196089158
-0.198424016009968 -0.07529254659868374 -0.9772200071105589 405.82370334964156 0.1738949542636019 0.9785221398334853 -0.11070215326431698 -139.60450431631452 0.9645664594791462 -0.19189959427362413 -0.18106929879325948 -1416.7506293330327
-0.1985173687469003 -0.07680879492687144 -0.977083038092305 405.6375669359763 0.1717070219267135 0.9787804024957922 -0.11182853978852422 -136.04456260566778 0.9649391446753863 -0.18997192611556116 -0.18111630064982398 -1419.2358874499164
-0.19875291163626277 -0.08045938322967496 -0.9767413003279877 405.40002789464796 0.16995708354286077 0.9786943362534464 -0.11520410556499863 -132.879292782191 0.965200429895114 -0.18890125419310108 -0.18084370681491913 -1421.7329925779172
-0.1988019562939525 -0.08281004761368038 -0.9765348320402695 405.02152550682894 0.16937383570729458 0.9785272922905945 -0.1174599592211581 -131.71555162488696 0.9652928498396204 -0.18875071988381326 -0.18050728459496168 -1423.8642923959865
-0.19900405794225182 -0.08510054281812764 -0.9762967184901202 404.9862872591391 0.1675665599492298 0.9785966785281822 -0.11945705822759624 -128.62675303902083 0.9655665864710202 -0.1873671219442466 -0.18048470490607169 -1426.4810112012376
-0.19908249715144766 -0.08470388100085786 -0.9763152215710541 405.0420114230783 0.16446291680823522 0.9792401189570564 -0.11849362185323592 -124.09460486577275 0.9660839033556409 -0.18415765519891558 -0.18101892085847268 -1428.832599730465
-0.19930577483921091 -0.0859743891394173 -0.9761586000890664 405.08485437522546 0.16211818800132943 0.9795244954500102 -0.11937108499368076 -120.51481546758382 0.9664341163446722 -0.18204441003641664 -0.1812868763578479 -1431.1925293476058
-0.19913599589162134 -0.08628440666450582 -0.9761658958941386 404.7216752053084 0.1636313887175124 0.9792041336325623 -0.1199334536452647 -122.72212508175636 0.9662140672576809 -0.18361444889620393 -0.18087595304493292 -1433.10891454412
-0.1972183807387655 -0.0841465204610659 -0.9767416615426389 401.9632240399127 0.16859683356110006 0.9785548506579327 -0.11834488568164778 -130.2915739423194 0.965753601086711 -0.18801533806614548 -0.1788021662059019 -1435.2151440559278
-0.1962584559170584 -0.08573448740161888 -0.9767969165343602 400.2189130005475 0.16937803456956668 0.9782315727146804 -0.11989191611411315 -131.29024401910056 0.9658124558558989 -0.18897774422969632 -0.17746467901938334 -1437.5235897678554
-0.1936551408645937 -0.08577081132654615 -0.9773131812991681 396.18222572653394 0.1674299769473038 0.9786677085019613 -0.119066028551159 -128.41155479020065 0.9666772415010813 -0.18668927194647827 -0.17516342798642126 -1440.8135586919648
-0.19092395635805817 -0.08457224765517317 -0.9779547933392108 392.18438242572205 0.163511416413345 0.9796221201405382 -0.11663840891343956 -122.55509099461308 0.9678905204572923 -0.18217583994017728 -0.173204802909743 -1444.2840959324276
-0.18847209937624182 -0.08668546320317008 -0.9782453159744563 388.167244743454 0.16422854565386155 0.979288510605022 -0.11841873918183315 -123.45675258530663 0.9682495817448772 -0.18297443391427493 -0.1703323339375736 -1447.0555573948227
-0.1875875246341649 -0.09050448678290472 -0.9780694548311941 386.4090549793091 0.16241134220690445 0.9791822139408531 -0.12175692105355043 -120.40239355259206 0.9687277618217505 -0.18168965235822257 -0.16898341250480736 -1449.4775997186637
-0.18259760568144054 -0.08958692157636877 -0.9790976957800864 378.94293500777025 0.1599947459082758 0.9798584870377397 -0.11949488132073953 -116.90018284380523 0.9700823654108713 -0.17846996627606818 -0.1645863768854144 -1453.4071181885279
-0.1802206170847116 -0.09026503592014809 -0.9794757538948783 375.40530742122957 0.15581955024413296 0.9805867029227945 -0.11903774952812048 -110.47534201426743 0.9712058468416064 -0.1740745281232662 -0.1626568834059608 -1456.8457305023317
-0.1800281343153275 -0.09452902194265836 -0.9791088473022328 374.60510875809564 0.15385868632155278 0.9804142204090458 -0.12294495135274715 -107.0225036117393 0.9715541032275808 -0.17277795122725514 -0.1619580318210981 -1459.0707834831999
-0.17770429426744133 -0.09303777134780991 -0.9796760469162972 371.2729201958948 0.1550239236382486 0.9804441416334684 -0.12123064066651254 -108.91132755110486 0.9717966695243984 -0.17341643013060573 -0.15980605389672714 -1461.4588157621652
-0.17646376346833353 -0.09189275031759178 -0.9800082972208249 369.5658801748117 0.15779288687703116 0.980115086621128 -0.12031550951008471 -113.20138574623948 0.9715770401947571 -0.17586966599367718 -0.1584547744615729 -1463.271310563422
-0.1746660145074378 -0.09120094046674876 -0.9803949060628926 366.9236268454104 0.15890115000609378 0.980038553895392 -0.11947743471203928 -114.93411879731795 0.9717212603945785 -0.17665452537823442 -0.15668749395073725 -1465.3029520499128
-0.17497481293783526 -0.09382739419870874 -0.9800919522857279 367.07594030712386 0.15870448396064096 0.9797437334313264 -0.12212740713219251 -114.3211794010285 0.971697844809875 -0.1769142077390218 -0.156539648306485 -1466.7582252758273
-0.178448846966631 -0.0971515128757948 -0.9791412526097673 371.83234814695214 0.15801185732551845 0.9793688554530162 -0.1259718139632393 -112.82735970544745 0.9711788002014973 -0.17719545286093896 -0.15941615201913148 -1467.1106356865712
-0.18726081996730926 -0.09961007897820709 -0.9772467536252685 384.60493213979584 0.15782873630723035 0.9788693564534153 -0.130018740926603 -112.09366230457027 0.9695480778697019 -0.1785850362220522 -0.16758254544174506 -1465.188764027113
-0.20409551295296763 -0.10114409113626734 -0.9737119155174613 409.4431590090334 0.1576849708396445 0.97826368006215 -0.13466856441857505 -111.3594364457397 0.9661679313472197 -0.18102498473823408 -0.18371032452411765 -1459.700494886133
-0.228032383006151 -0.10153677829840979 -0.9683447293982219 444.9857997654346 0.15780829017177306 0.9775432329947449 -0.13966306304547127 -111.00687384106453 0.960779774898284 -0.1846605271273788 -0.20688816753850633 -1450.4723099960656
-0.2553376508458777 -0.09775807282995805 -0.9618971063773305 485.9748475218315 0.15847387156025786 0.977188772370529 -0.14137940156076975 -111.81742258049843 0.9537760303620613 -0.1885350427627477 -0.23402098529242485 -1438.2734624188322
-0.2874643334088253 -0.09150183976492389 -0.9534105465839224 534.3670968965902 0.16024092881590846 0.9768016403066127 -0.14206125519129076 -114.42316025564155 0.9442918519981174 -0.1936129355542761 -0.26613329261109187 -1421.8069290629476
-0.32401377870847003 -0.08127599039135949 -0.9425546586766002 589.6322519358012 0.1625556284072101 0.9767023183498933 -0.14010085297056826 -118.12816142465904 0.9319821558807849 -0.19861217162059178 -0.3032531391493862 -1400.5255368395708
-0.3670002369732914 -0.07412974018091356 -0.9272624265450737 653.8486811170709 0.16080770566597463 0.9767562648496164 -0.14173242704290384 -115.25251974066445 0.9162159722794585 -0.20112677767452308 -0.3465491472248486 -1373.032579875741
-0.4120450636532946 -0.06558479490399881 -0.9088000331185913 721.0109200766307 0.15999268724874105 0.9767017126169724 -0.14302483909447236 -113.86698211033558 0.8970068035114778 -0.20433403839907235 -0.39195203176619386 -1340.0741984748859
-0.4586778538233574 -0.05647310586686224 -0.886806300567237 790.2857056326908 0.1578701331847777 0.9769235088197653 -0.1438661842251237 -110.50910397769988 0.8744664930460281 -0.2059884613977852 -0.4391777616304744 -1301.7036165286413
-0.507392037432776 -0.046287694934632216 -0.8604712485885015 862.421971815169 0.15450718267187719 0.9774869013263765 -0.14369025101988556 -105.31615269777122 0.8477504649675018 -0.2058562776137686 -0.4888172890911158 -1256.54335185262
-0.5569783733938837 -0.03581595417965111 -0.8297543666638365 935.4310309435839 0.15434621010235705 0.9772019068547039 -0.1457864214066924 -104.84790301344451 0.8160590291140355 -0.20926932566845952 -0.5387522717685056 -1204.1560100543957
-0.6073881400997531 -0.023563647675688332 -0.7940556666722925 1009.4166581563244 0.15598762663323343 0.9765632228894398 -0.14829744447266066 -107.10729161610516 0.7789399897318753 -0.21393696783867658 -0.5894772821648849 -1143.5771660050934
-0.6576569065450333 -0.012698974820649953 -0.7532105477966449 1082.5277339707352 0.15592206791209523 0.9759113791104922 -0.15259517967705635 -106.58021043743472 0.7370045468052644 -0.21779742000575134 -0.6398348082335041 -1075.6207429573783
-0.7057412093204374 -0.0003769156380264843 -0.7084696206624024 1152.1126374006508 0.15798473211669972 0.9747358769391553 -0.15789488473560642 -109.27933501418308 0.6906302700323388 -0.22336031013198748 -0.6878517296429524 -1001.3657548388479
-0.7485718728149311 0.017731203712715013 -0.6628165324169614 1214.298379533784 0.16296119218636212 0.9739004901859242 -0.1579920411185864 -116.92695437069868 0.6427159567581516 -0.22628177043349235 -0.7319240119697796 -924.8925328029562
-0.7876050775377719 0.037461906540757525 -0.615040525002257 1270.7254305112867 0.16831885420106563 0.9732679587758368 -0.15626337939759716 -125.3316885662932 0.5927453122186297 -0.22659674750236053 -0.7728563313217992 -845.3102801026251
-0.8248507449427328 0.050008504855658796 -0.5631344404398655 1323.2103923225013 0.16666363005535048 0.973323429483937 -0.1576855606401582 -122.63074512066842 0.540226325704507 -0.22392108221364349 -0.8111811548329255 -761.7831600548682
-0.8589012004481001 0.05975415353332231 -0.5086434596102938 1370.2965004241885 0.16320944446429456 0.9733241649805969 -0.16125367314414768 -117.01572115902367 0.4854393938551637 -0.22151638991356692 -0.8457417359295873 -675.2731862738291
-0.8886183034655056 0.07243150658341008 -0.4528920264258845 1411.0385061682998 0.1615496608773918 0.973598737894842 -0.1612674940586928 -114.41322545554036 0.42925425777327636 -0.2164698002577455 -0.8768589440496604 -586.6614841234268
-0.9140303352619865 0.0895852980892617 -0.3956299035552277 1445.6527097991836 0.16504733429533314 0.973060407739209 -0.16097459530127425 -119.80864412029925 0.3705508381624108 -0.21243332426119635 -0.9041925453577199 -494.7505498861124
-0.935484008785513 0.10613226391926231 -0.33705431589279256 1474.0641285055456 0.16945563713527576 0.9717399575434893 -0.16433575982255239 -126.31937990972422 0.31008782038265237 -0.21084922923442218 -0.9270319013828953 -400.94993529476574
-0.9540237135590229 0.1179983336286288 -0.2755270353847658 1497.2625883921125 0.17003938687457779 0.9700756940888121 -0.17331980455050885 -126.45760455834038 0.2468306319693098 -0.2122016517347962 -0.9455395804103894 -303.66089330192835
-0.9688826779986668 0.1278109183578728 -0.2119686897224419 1514.4433008330209 0.1677828764703372 0.9687274613445734 -0.18280047045956113 -122.20157146236609 0.18197599467366907 -0.21267692584155548 -0.9600277405247799 -204.29050932384033
-0.978997035761055 0.13988761667304223 -0.1483113571935867 1524.7088561946214 0.16685077645191898 0.9677843224147936 -0.18855854179943984 -120.30935735884097 0.11715640131234586 -0.20934411859346644 -0.9707983403580094 -104.95808016405996
-0.9851973206890302 0.14921952990853668 -0.08437873666411168 1528.7159488575885 0.1628752334118638 0.9683181163463137 -0.189292588065558 -114.09975668416311 0.053459308339961445 -0.2002337570176454 -0.9782885795624987 -6.996916838545324
-0.9870416846607991 0.15931729396438188 -0.01914974114285491 1526.1014936621543 0.16005015908085674 0.9688940563547382 -0.18875448110880053 -109.75222552349842 -0.011517782779861225 -0.18937346013717662 -0.9818375798855477 92.7040306431029
-0.9844838502241954 0.1690744059724567 0.046961621488241775 1516.7186937028443 0.15708128177331898 0.9684239451487263 -0.19359889818650186 -104.78938977303326 -0.07821137746002925 -0.18321819698828287 -0.9799561585745393 193.8720055383458
-0.9772568277564496 0.17950549601903587 0.11290203497883022 1500.3791886317417 0.15457399141120165 0.9674746459006726 -0.20024907170465933 -100.41871696651054 -0.1451756652563055 -0.17824305439014426 -0.9732180843875956 294.8100552858676
-0.9656557277212252 0.18793614243375148 0.17941299252370663 1477.196888577426 0.14990083406045726 0.9669800849368896 -0.2061049618117535 -92.74928286857582 -0.21222336220871207 -0.17213227966469793 -0.9619416421125888 395.55318794157813
-0.9494221766645354 0.19703851023605715 0.24448590131443337 1447.2297008473995 0.14578805199763842 0.9662123629695278 -0.21255473069206388 -85.93004248827626 -0.278106767900944 -0.16616105178048535 -0.9460693053465445 493.99165956054475
-0.9297571126316526 0.20516881036151077 0.3057081463842513 1412.3453364936304 0.14200971808405485 0.9659296396026874 -0.21636351657964162 -79.82575784404176 -0.33968360496282374 -0.15775199076989174 -0.9272159176414069 585.7987165078132
-0.9068167360274094 0.21392539341368053 0.36320701165230496 1372.9696879951675 0.14012509774299228 0.965633508593022 -0.218899255514602 -76.75289016228952 -0.39755297036132486 -0.1476070903958619 -0.9056289431228197 671.8072974167832
-0.8818597319821302 0.22050203388401904 0.4167760383724292 1330.7499362439762 0.13687997786376946 0.965569086155509 -0.22122434658244283 -71.59506483762178 -0.45120647686887166 -0.13804054807854726 -0.8816788090442884 751.1348940272729
-0.8562382618075924 0.22689036003252797 0.46408706461290494 1288.1431791907005 0.1341910654130947 0.9652329880525962 -0.22431682223666596 -67.28354596264963 -0.4988474686515021 -0.12979230832128416 -0.8569160750742288 821.0665737761123
-0.8308184369481776 0.2331124306234899 0.5053704774873535 1246.430073396495 0.13166087884469752 0.9646013489741744 -0.22849431183083224 -63.1379046397142 -0.5407459087305506 -0.12329976579869213 -0.832100372518339 881.9898142400999
-0.806651424974869 0.23908418836682804 0.5405110817170989 1207.1940251595968 0.12973301676629218 0.9638501303732292 -0.23272788947658568 -59.88979831139482 -0.5766132351470353 -0.11760815045091051 -0.8085081941457277 933.7039745659471
-0.7849118182621777 0.24244014331601416 0.5702071680198983 1171.9167404240907 0.12690769553883569 0.9636658723564405 -0.23503728059293705 -55.43803033006022 -0.6064716599853486 -0.11211986159646892 -0.7871602519628417 976.4246621607895
-0.7658820960792633 0.24640946651392487 0.5938913955577712 1141.3888342397433 0.1265186630567528 0.963348939978086 -0.23654142922843224 -54.80982621210351 -0.6304106937573044 -0.10602450026017805 -0.7689871016740226 1010.4488215059863
-0.750449924764534 0.24588932353916113 0.6134845971908008 1116.1536032040126 0.12773646228332644 0.9646768562687046 -0.23039522387165434 -56.95035988823842 -0.6484661183317489 -0.09453572631012652 -0.7553507065110691 1036.60131161285
-0.7367187852106484 0.2416873795521234 0.6315319802535535 1093.2738446806682 0.12495564222113995 0.9665179606697945 -0.2241185382332407 -53.033491350093584 -0.6645536238670655 -0.08619885305460831 -0.7422521395976039 1059.3818062484477
-0.736352577478551 0.2309420951585463 0.6359643310158799 1090.4669989185463 0.13537730918766955 0.9712260647210605 -0.19594110177180502 -69.74744562151503 -0.6629161830863693 -0.0581865954513895 -0.7464291354924295 1058.9673944725002
-0.7090564841954612 0.23645337351952556 0.6643257516998775 1048.045225059556 0.11955980789826648 0.9687759832610534 -0.217206230554992 -45.17832386534888 -0.694941979272875 -0.07458482692756252 -0.7151872125789751 1101.4705182293721
-0.6945560909363181 0.2324379043341643 0.6808556801349336 1024.3262386283004 0.1179145654647826 0.9703518749124485 -0.21098197578264186 -42.96523815488735 -0.7097097940669218 -0.06625601469027295 -0.7013716195590252 1122.0259921955271
-0.6800286021155117 0.224356936752081 0.6980150895475297 1000.0186140767798 0.11315833666909966 0.9727397474005021 -0.2024168339577773 -36.151881249967545 -0.7244006427020242 -0.05866301013782385 -0.6868787084299992 1142.416749458525
-0.6651724981189832 0.21521432950498084 0.7150023357457463 975.1102777727706 0.10828426932364646 0.9752432313636938 -0.19280860119907628 -29.208287112318686 -0.7387963621751229 -0.05082747342748763 -0.6720093028982431 1162.3659108209085
-0.6483313745380415 0.21261951230727041 0.7310672826599699 948.1097720269503 0.10898900077638043 0.9762433732883887 -0.1872705898433441 -30.587828290319656 -0.7535169716067317 -0.04173510628627128 -0.6561023962796461 1182.846094594673
-0.6308640944491708 0.2034772173067033 0.7487372812755808 919.2873799153899 0.10723020872286762 0.978604793799229 -0.1755970953359388 -28.508451888341202 -0.7684479010785819 -0.030490647587238767 -0.6391855315459142 1203.7851298154749
-0.6122990805401219 0.1938447011609861 0.7664946626047237 888.7685363741192 0.10561477172808051 0.9808429379936856 -0.1636846082585074 -26.660514333119224 -0.7835402707982192 -0.019270776313464175 -0.6210420929516209 1224.8942447244062
-0.5927071491136233 0.18804469526445305 0.7831586224849343 857.2757451273272 0.10306076947935792 0.982076778800276 -0.1578089932025291 -23.095284392855334 -0.7987970412964256 -0.012821588207870854 -0.6014639587638682 1245.5656904339405
-0.5717827982494041 0.18824830843592266 0.7985155014131502 824.5905199947117 0.10379845802669464 0.9820965167758922 -0.15720150078144682 -24.246768505996208 -0.8138122091351059 -0.007000436248723624 -0.5810857786548952 1265.7441904961415
-0.5487419299924842 0.1915173052635051 0.813758819339446 789.2127580779356 0.10615361623683864 0.9814886299140269 -0.15940978360605473 -27.733541489352664 -0.8292247608627987 -0.0010913908981683568 -0.5589142195703575 1286.2903736033936
-0.5278035335964969 0.1907328778409711 0.8276740899856373 756.5230677903602 0.11076011406751235 0.9815954060074017 -0.15557202845279172 -34.8639780936435 -0.8421137850996167 0.009561810271375412 -0.5392151191588854 1303.910686298464
-0.5063984429275277 0.19098038845580562 0.8408847175599311 723.42449265823 0.11546530077330314 0.9814014841447974 -0.1533587012064198 -42.055531098608334 -0.854534014137475 0.019432399328412564 -0.5190317914525419 1320.5518281272914
-0.4860553816671003 0.18996270940110802 0.8530324348988376 692.0850616649753 0.11744913625136497 0.9814340035697237 -0.1516344190179506 -45.18109053669761 -0.8659999228327089 0.02648519726362819 -0.4993422353252816 1336.2254589925699
-0.47115362250173254 0.18952479887815335 0.861449136405447 669.0992667418842 0.12084366134503985 0.9813035455927113 -0.14980040360392577 -50.378045511050686 -0.8737339832673444 0.03352166489554564 -0.4852475908919183 1346.4013153238477
-0.46168070678040296 0.19246137911047634 0.865915436135447 654.8951585228148 0.12476640061735184 0.9805635221217326 -0.15142167731607364 -56.28145687656383 -0.878227914760023 0.038128685200465084 -0.4767199734657085 1351.6964825261898
-0.45541822828739564 0.19070047261074893 0.8696134584340369 645.10583649377 0.12956341457899948 0.9805867219436994 -0.14718356684881506 -63.681868763533025 -0.8807993863225609 0.04564000979125988 -0.47128487198302244 1354.9477966145375
-0.4534764324102894 0.18824595332914867 0.871161630412885 641.7973461829032 0.13330440745787614 0.9807711989992506 -0.14254048605879038 -69.54759583262728 -0.8812429064683248 0.051490933850258096 -0.46985063959782747 1354.9169136619632
-0.4539355301273665 0.1801882383969519 0.8726251963078937 641.4161120087095 0.13261691195479205 0.9820940762309364 -0.13380575509176962 -68.93287358760396 -0.8811102593612004 0.054985672456622066 -0.469703402875614 1353.7767832483737
-0.4548455956710203 0.17365419085319933 0.873475647112039 641.9765360437378 0.12943353771320937 0.9832809129799336 -0.12808436861846798 -64.36750762450922 -0.8811143191514469 0.05479843217163247 -0.46971766883715693 1352.571879873541
-0.45743757538599616 0.17301444268847696 0.8722481683822425 645.8830174382848 0.1247471573736558 0.9836754615547592 -0.1296947688313766 -57.16617305686713 -0.8804481877726671 0.04948321893559047 -0.47155317801028446 1349.7897596099333
-0.46153340487828226 0.17414281038131085 0.8698627465146203 652.2950676606881 0.11777929717879888 0.9838919282720657 -0.13447940599639924 -46.44458224482171 -0.879269556698927 0.04038508479098464 -0.4746094095031168 1345.7623342232687
-0.4679989038582727 0.17571734014698068 0.8660833922660828 662.3532560616297 0.11490086858383979 0.9838126913454124 -0.13751501280360257 -41.9167234113121 -0.8762276053549868 0.03515685878126903 -0.48061333615964036 1339.620327068469
-0.47184100842416166 0.1779895221456049 0.8635310027877688 668.5701893522107 0.11399446052116893 0.9835061737557587 -0.14043101208349662 -40.417220453626584 -0.874283321206437 0.032176640450593035 -0.4843483643717148 1335.3050474849422
-0.4784192758326614 0.17769815428521996 0.8599641634832105 678.5427883656238 0.11645830195545309 0.9835003017271085 -0.1384363406347445 -44.171618630592704 -0.8703748964770321 0.03391935238639824 -0.4912199274421621 1328.7338085372874
-0.4836830280615502 0.1752879911847624 0.8575108445446159 686.226161550423 0.11469764266089662 0.9839853016219473 -0.13644550912360143 -41.58561154365114 -0.8676953262137829 0.032358095407118606 -0.4960421096322175 1323.4498253675622
-0.4836478329099998 0.1743083077723716 0.8577303699665724 686.1424581138083 0.11036316655217365 0.9842924908488746 -0.13779790973413006 -35.00068592111054 -0.8682768827914504 0.028016179255038555 -0.49528814695075374 1322.3949486991767
-0.48376240769989715 0.17309724153246703 0.8579109964735555 686.1977557495934 0.10429359546022117 0.9846631232571923 -0.13986200214272054 -25.84418429472677 -0.8689630480304545 0.021814643504797587 -0.4943959369638674 1321.1866756707527
-0.4848048186261676 0.17233995023760432 0.8574749147286753 687.7276112030783 0.10361220211688951 0.9848075001556454 -0.13935099285501124 -24.84654822120061 -0.8684634703943153 0.02128683135858002 -0.4952959432514805 1318.9983615434546
-0.4855861561714686 0.17363604316371056 0.8567710367706579 689.1469924635579 0.10511583852764922 0.9845619310968436 -0.1399587950987123 -27.051824289466968 -0.8678460378576648 0.02209815262197718 -0.49634154190985114 1316.791042059179
-0.48598141094966824 0.17650390444809094 0.8559605364302427 690.2118438201849 0.10817661274289986 0.9840113542009408 -0.14149019492213363 -31.56117028254183 -0.867248458440165 0.023833306908817138 -0.4973048208241579 1314.7240207079676
-0.48704256271641655 0.18159208590208875 0.8542914353078543 692.4653253223843 0.11204803573169436 0.9830545739436042 -0.14508253629306134 -37.164125192580165 -0.8661609433536555 0.025060306987084807 -0.49913645551333824 1311.5876421681116
-0.4890854483530473 0.17749832596354617 0.8539846418346395 695.0810307356045 0.11239201033074706 0.9837379022703703 -0.14009916363242333 -37.88643623440377 -0.8649644271431698 0.027460588428327444 -0.5010812866791755 1308.6839148683132
-0.49068310173453766 0.17782676768137332 0.8529992581287328 697.6125758004611 0.11211133627143552 0.9837009008077094 -0.14058302183953453 -37.43752366846646 -0.8640955629741461 0.026649173459918282 -0.5026218057369743 1305.795277840647
-0.4931800838956223 0.18023176564350193 0.8510522401719727 701.7465974835377 0.11221054047344173 0.9833098121157147 -0.1432152505971915 -37.494967084265916 -0.8626599558663688 0.02486612253617488 -0.5051727194679567 1302.0171454334543
-0.4955108836693371 0.17893728270266343 0.8499708306902184 705.1664459561001 0.11137164116589801 0.9835619883192317 -0.14213434728289426 -36.29668238612326 -0.8614321341285379 0.024233530335199836 -0.5072942088159945 1298.681987329478
-0.49755332242346073 0.181850361273285 0.8481574956634832 708.7171279881208 0.11438197384725804 0.9829946099257539 -0.14366057537028207 -40.64547401407199 -0.8598589741371436 0.02553513191058654 -0.5098926373601879 1295.2441085301894
-0.5016885939812441 0.18522713031529156 0.8449848903171489 715.3962421834432 0.11359146616574459 0.9824544881643157 -0.14791942908255074 -39.38377680737318 -0.8575578892899527 0.021773582180092663 -0.5139264321239061 1290.1920246865195
-0.50598140698099 0.18766965335768418 0.8418805835735518 722.1335040839732 0.11154971594364463 0.9820839891484324 -0.15188054230609516 -36.2415420476923 -0.8553008106288861 0.01706280946702568 -0.5178507351261192 1285.1440477715773
-0.5084437395701847 0.18847017145398176 0.8402166138347854 725.9710148623055 0.11065376928712706 0.981963957611456 -0.15330534659495143 -34.87532996603729 -0.8539559163296647 0.01502599161964506 -0.5201283616006812 1281.6122018523013
-0.5090735960586658 0.18446015417676453 0.8407249998168144 726.4044091203818 0.1118134626764904 0.9826618136651789 -0.14789695577852233 -36.69792115047673 -0.8534294483788284 0.018713938263907937 -0.5208723117564065 1280.0730134817732
-0.5107775132828192 0.18606021996165875 0.8393377904469921 729.1659334935479 0.11387731658137842 0.9823397985099589 -0.14846035508390137 -39.6943216871717 -0.8521374822719889 0.01975132429060726 -0.5229451180534371 1277.145398662089
-0.5113839431589935 0.1825136197421439 0.8397471293715622 729.6795028605827 0.10928412220064934 0.9830641831202507 -0.14711149683470065 -32.95246876501532 -0.8523751775562172 0.016540570568535348 -0.5226690790655923 1275.8741552485685
-0.5116390227065875 0.18507376800497644 0.8390311143457602 730.4209546999225 0.10856381189375525 0.9826239976912124 -0.1505456007608207 -31.760803603031984 -0.852314149355122 0.014063412024798577 -0.522841095602933 1274.2561459537458
-0.511323070743969 0.18289607337107439 0.8397009846787131 729.7140908483865 0.11013451659315587 0.9829801063316528 -0.14703910640031836 -34.1484247099237 -0.852302238398885 0.01729557462632708 -0.5227635770772436 1273.443391711878
-0.5099440207177509 0.18170648814143897 0.8407971502696231 727.5303822720264 0.11298102472678283 0.9831157145840725 -0.14394019518374465 -38.39638950333803 -0.8527557585768039 0.021592681749924236 -0.5218633655555315 1273.3533286944664
-0.5106725023957694 0.17979017784737047 0.8407669636982971 728.3842155836023 0.11171682183506579 0.9834769098755799 -0.14245181452214584 -36.568223663395855 -0.8524863324510927 0.021181588495449717 -0.5223202018808907 1271.726726633453
-0.5095310151352886 0.17936886870525454 0.8415491391205859 726.6788639048002 0.10949060547696808 0.983596472113162 -0.1433519701951405 -33.23667933528465 -0.8534576450694488 0.019099449885760615 -0.5208121149575652 1271.622804649618
-0.510021564841178 0.1814729828690609 0.8408005470297707 727.7083732766464 0.10932841259097056 0.9832399953051711 -0.1458986286180409 -32.90384304474753 -0.8531853852459584 0.017511942236429434 -0.5213137541651989 1269.9058860743569
-0.5115479560167188 0.18080538518416617 0.8400167268474613 729.9040532853761 0.10977599343770822 0.9833516216169853 -0.14480614464866204 -33.555772100947905 -0.8522135412910788 0.01813838338028767 -0.5228796028613741 1267.4556351613558
-0.5124588727371882 0.18262931690687373 0.839066407597789 731.5277720020181 0.11070794132931865 0.9830189819604223 -0.1463469604471489 -34.85691602005153 -0.8515454512118273 0.017894516244478423 -0.523975315075836 1265.3578537780575
-0.5146288084855777 0.18170770737432146 0.8379376459841644 734.6510419918146 0.10792890275277067 0.9832408639851644 -0.1469311244777321 -30.751427493258817 -0.8505930527739441 0.014822701186889081 -0.525615587765647 1262.5228449870156
-0.5166318496025775 0.18082847807467603 0.8368946131344234 737.5244297451881 0.10945623477864949 0.9833721916723258 -0.1449084721941669 -33.017880579195584 -0.8491824684037589 0.01673900124747238 -0.5278341985822216 1259.67151380423
-0.5184011276408812 0.18229780013429117 0.8354805700474792 740.3657767697414 0.11314092455165156 0.9830454907828565 -0.14429377756192505 -38.402038596546326 -0.8476198452444705 0.01972498714044827 -0.5302372325950422 1256.7477280299267
-0.5200815051162068 0.18043090294572595 0.8348412527530317 742.6506991882717 0.11252096596757079 0.9833871893360876 -0.14243829564900992 -37.50588509768247 -0.8466724633846231 0.019857621002023707 -0.5317437490317627 1254.3920878472052
-0.5222762741065241 0.17763099196147483 0.8340711745409917 745.5529735705373 0.10840037556786111 0.9839601651173084 -0.1416748108841714 -31.456909154053022 -0.8458586478142514 0.016420236207239078 -0.5331543151478237 1251.792696739351
-0.5251271672258143 0.1762640094349533 0.8325697912002972 749.5735874922574 0.10742992001331259 0.9842192328156874 -0.1406105047342947 -30.032987773286905 -0.8442157724938126 0.015604510040836142 -0.535776286092489 1248.3890963408073
-0.5264527305589205 0.17726091178754488 0.8315203495040304 751.6674533916589 0.10756161337116577 0.984051804728925 -0.14167760916509503 -30.197008289761616 -0.8433730027787518 0.014853106139585348 -0.5371232292704885 1246.120319479925
-0.5273474788322109 0.17721103234469981 0.8309638298895063 752.9790118653649 0.10793377159864671 0.9840563862402629 -0.141362405356745 -30.735062485532644 -0.8427662413254353 0.015141952155494257 -0.5380667094023924 1244.336476239027
-0.5282800060043841 0.17309067640962725 0.8312399491098017 753.8274473720834 0.10576770684651374 0.984790178298993 -0.1378459172927072 -27.60099280081016 -0.8424567807575876 0.015097101241485299 -0.5385523652252087 1242.9379272221315
-0.5297331123451196 0.16998388033443548 0.8309562624540483 755.5700535839177 0.1041624319860879 0.9853333527768083 -0.1351605403524169 -25.27377338719627 -0.8417440332119359 0.014955411464149665 -0.5396696380379773 1241.0272928707352
-0.5308025272815635 0.17284309693428251 0.8296830363902056 757.5111249454936 0.1081963416652038 0.9847918682998432 -0.13593574872258857 -31.11312457047917 -0.8405606632966901 0.017613630309236808 -0.5414310033102631 1238.8113184189694
-0.5331529255332017 0.17721763731425397 0.8272495796433756 761.5111097932706 0.11214837652120732 0.9839897317978612 -0.13851696415974143 -36.85759077428568 -0.8385527411195111 0.01892397265711196 -0.5444916745183779 1235.3144364456366
-0.534677348029992 0.174412976482267 0.8268616856150798 763.4011681521766 0.11319603609677766 0.9844332737025085 -0.13445366130878916 -38.437622342513826 -0.8374406193370322 0.021708138150420893 -0.5460970296773737 1233.253832370942
-0.5368496565132448 0.17196772224706997 0.8259658278686629 766.2675734884 0.11285932396393056 0.9848451608145657 -0.13169199753415606 -37.961346970261694 -0.836095221428765 0.022519141308810817 -0.5481219471784524 1230.7045328122047
-0.53912085299504 0.17299517031017517 0.8242702086787159 769.7202327626253 0.11350347073306363 0.984673214705065 -0.13242213702376895 -38.874827193702764 -0.8345451863125501 0.02216599403922051 -0.550493415683425 1227.7567866692536
-0.541405659156601 0.17204010305563638 0.82297151540853 772.9363674246908 0.11328310689771383 0.984841716466222 -0.13135345903121864 -38.544882619805016 -0.8330947424661901 0.022113264084501552 -0.5526881160534588 1225.0121335426345
-0.543200903035166 0.17292318087581865 0.8216023079675282 775.6601250715408 0.11225410534886472 0.9847330390650604 -0.13304081180606192 -36.98124461759113 -0.8320647779915372 0.019960342919872906 -0.5543192130319992 1222.6536431464895
-0.5443697750427399 0.17555315412983902 0.8202698568733229 777.701300218291 0.11313501218713545 0.9842866124845783 -0.13557408860490158 -38.17157679733756 -0.8311810976179219 0.01899880413862854 -0.5556770900477799 1220.6829190969706
-0.546282663211541 0.1784957135507246 0.8183608813466855 780.8342688554736 0.11469326681263073 0.9837673737061923 -0.1380116262460091 -40.40212426483963 -0.8297112186913908 0.01846712417348937 -0.5578873173880261 1217.9740920699392
-0.547138735206563 0.17851962045228148 0.8177835591097048 782.0876077699438 0.1123975185026539 0.9838133729870656 -0.13956376666692147 -37.02494451090093 -0.8294612723153555 0.015556099941395923 -0.5583475669183176 1216.7064363601876
-0.5482840824302087 0.1738181066097637 0.8180292358884619 783.1437764693225 0.11068084030755447 0.9846395038691077 -0.1350362877496657 -34.54987952826036 -0.8289356528358988 0.016501916100674606 -0.5591005010036465 1215.583131510062
-0.5495647585493478 0.1710887940790012 0.8177451930162538 784.634492901937 0.10968223042649264 0.9851100850393645 -0.13239308396742355 -33.13406683404827 -0.82822000971316 0.016933543466404785 -0.5601471865647497 1214.165376428595
-0.550673253652066 0.17389925288730748 0.8164055472358598 786.6067951298504 0.11179720107052335 0.9846113796459934 -0.13431983064465805 -36.1820404509012 -0.8272003104115981 0.017305516948329748 -0.5616406017535651 1212.3346681068447
-0.551561927619293 0.17984592224355672 0.8145151221759204 788.6490884430627 0.11429146056460249 0.9835647285670619 -0.13977799097430432 -39.72726752111633 -0.8262668467528513 0.015995904824902138 -0.5630517107565992 1210.4559845429894
-0.552209145293415 0.18004534651953172 0.8140323906645103 789.5842340303702 0.11368157673590609 0.9835439473768977 -0.14042009360881638 -38.818714259352646 -0.8259186152189296 0.01499922581109478 -0.5635898014158112 1209.4762540357203
-0.5536543452515872 0.17851334397783244 0.8133878853326304 791.4833088737041 0.11248692945620106 0.9838329622053276 -0.13935348284060292 -37.071661907000774 -0.8251142688655626 0.01434184437729788 -0.5647838124577451 1207.9373010869829
-0.5560635971977379 0.17793115518374197 0.8118705437977726 794.8973342135823 0.11099374731554834 0.9839639033074125 -0.1396260185097778 -34.918057470445106 -0.8236951280227193 0.01247160787628182 -0.5668957532638749 1205.4011431592664
-0.5570523968147206 0.1792136990678051 0.8109100303174263 796.4684816457136 0.11229278008032247 0.9837252879050193 -0.1402672074221891 -36.79440873925493 -0.8228505081391196 0.012923157610324365 -0.5681109339315442 1203.9793333860882
-0.5577952736885001 0.17923272922186265 0.8103950033326055 797.5221931068805 0.11194238104758678 0.9837293472747174 -0.1405185917800764 -36.28070556821935 -0.8223948783742321 0.01233693990182852 -0.5687833189692632 1203.001345994737
-0.5599968494734585 0.17908227203732383 0.8089085661691008 800.6852541355057 0.10698344302397753 0.983815529299682 -0.14374125095991624 -29.125690377643192 -0.8215583189880898 0.00604517582343253 -0.5700924349179944 1200.8173000706515
-0.5592988170274865 0.1798888336752832 0.8092124818554152 799.7939046292137 0.10638593680554193 0.9836746859462221 -0.1451418088581229 -28.154914093106846 -0.8221112246658973 0.004911185961348277 -0.5693057302810078 1201.1939462163616
-0.5597414820101857 0.18119598231610162 0.8086145492813889 800.5669960423145 0.10569562872735279 0.9834422176870966 -0.14720678835778628 -27.12542165149177 -0.8218989642194291 0.0030692773070343793 -0.56962502767333 1200.4296504339532
-0.5618901836109423 0.18183548821954623 0.806979105544636 803.7332620496212 0.10535255177294531 0.9833274332419119 -0.14821605469315197 -26.65584393298547 -0.8204756312021646 0.0017361618109516946 -0.5716788647007828 1198.0273330712535
-0.5624267219985447 0.18231197994727236 0.8064976902320783 804.5662488683367 0.10596971544926084 0.9832386596809877 -0.1483649470607467 -27.512860927458508 -0.8200284152330178 0.002019919909516013 -0.5723192449446242 1197.1915637358397
-0.5634568103672241 0.18235369347140265 0.8057689205523701 806.0343419568455 0.10694385774084772 0.9832286276253858 -0.14773109729980782 -28.911481700069142 -0.8191943811710987 0.002931943934949416 -0.5735084738366669 1195.895693538378
-0.564153507105513 0.18171553326546658 0.8054255306299875 806.9492144902192 0.10642346032354222 0.9833476804334402 -0.14731390456754645 -28.15048421840048 -0.8187825520327806 0.0026085160953802228 -0.5740978384652453 1195.0198472539423
-0.5633808084633831 0.17998884112727734 0.806353571161438 805.6333590212139 0.10334115767459193 0.9836686043392616 -0.14736581003653304 -23.703600126705922 -0.8197088933186096 0.00030644234062116027 -0.5727802687833022 1195.7822536903775
-0.5644912140803013 0.17911159285966774 0.805772118237793 807.1179677635442 0.10298872616067747 0.9838287287535886 -0.14654130736040966 -23.196970767138268 -0.8189890057320357 0.0002641635283088667 -0.57380914833042 1194.5288489402276
-0.5646112621562074 0.17943104870000284 0.8056169197632284 807.3274405702307 0.1033210812855899 0.983770466602665 -0.14669840899734365 -23.68405187141561 -0.8188643824274879 0.0004096373916053081 -0.5739868947884232 1194.1243742296945
-0.5651922174858387 0.1809973358182203 0.8048588209867285 808.3477607562995 0.10619175665408344 0.9834801101231622 -0.14659530623745232 -27.81264919987053 -0.8180960017700614 0.0026148458537539054 -0.5750757293339728 1193.0765606158252
-0.566614163815369 0.18269245370854825 0.8034748637771815 810.6057423183552 0.10597996220305939 0.9831697587490509 -0.14881355144196895 -27.498522496421423 -0.8171393008387545 0.0008323696795273505 -0.5764396500809675 1191.2790658153338
-0.5670219665049488 0.18333681327620444 0.8030402869088119 811.2631383012349 0.10613752939635919 0.9830500463442575 -0.14949057239903157 -27.72078579297479 -0.8168359164204876 0.0004682737225954331 -0.57686988685944 1190.5728299718276
-0.5684290256796974 0.1818227949765621 0.8023895026679632 813.0857145804042 0.1039004727169259 0.9833302413291178 -0.1492190613052444 -24.49878458363248 -0.8161452900887375 -0.0014517970002786706 -0.5778449253488697 1189.1477514976086
-0.5693843473155424 0.18091427503367474 0.8019173836007634 814.3331600968992 0.10315098064118788 0.9834970062893738 -0.14863887046328533 -23.419168460333935 -0.8155742395544474 -0.0019140817328227866 -0.578649285894578 1188.0748705986887
-0.5705786172639666 0.18129302186704932 0.8009824478373124 816.0936358727511 0.10377431397891095 0.9834276485354296 -0.14866388887110388 -24.315939808781323 -0.8146600108507511 -0.001703032115692435 -0.579936346853917 1186.5950960872738
-0.5716704912279843 0.18286140317829058 0.7998465832188207 817.8475629748865 0.10518651609855555 0.9831377321685544 -0.14958608363587927 -26.34482357425892 -0.8137128770581202 -0.0013808744108722987 -0.5812653842227816 1185.1000770730993
-0.5731181448951572 0.1825454651114944 0.7988821847801851 819.8811087051887 0.10577104342619979 0.9831971110084015 -0.1487814749129271 -27.197038289749294 -0.8126180396499124 -0.0007707606380598503 -0.5827961286449768 1183.4426127186816
-0.5721297492988765 0.181121906630978 0.7999139984433102 818.2767895912921 0.10169752209138587 0.9834506447262847 -0.14994146653920304 -21.33555924411799 -0.8138336217972791 -0.004436702132682782 -0.5810810199159057 1184.5026551815345
-0.5764629939344934 0.17988263888102884 0.7970775701606949 824.3322490475306 0.10017256182621992 0.9836675064880918 -0.14954495824557895 -19.125967798113596 -0.8109598476381259 -0.006361832180839924 -0.5850672205909766 1180.0815597357866
-0.5745749111225856 0.1800707580542761 0.7983972655277769 821.6847109391388 0.09941431277268334 0.9836288343352835 -0.15030339543785176 -18.02688680642485 -0.8123918179821903 -0.006988444603093016 -0.5830700607282298 1181.90913563935
-0.5767283352054252 0.18536368732724 0.7956285130584674 825.45375972908 0.10287850551840777 0.9826438220470131 -0.1543603967834271 -22.971364404918095 -0.8104322553264262 -0.0071709422872666545 -0.5857884747186778 1179.0069597276806
-0.5766282610557429 0.18828243804633213 0.7950154539851154 825.6741034673096 0.10418954055115229 0.9820846761532197 -0.15701665040614432 -24.832690539138525 -0.8103359724161144 -0.007707943198717593 -0.5859148397336217 1178.6678305907221
-0.5766444270564054 0.18808213874404872 0.7950511391289584 825.6691316012216 0.10446848053881813 0.9821267191537318 -0.15656769813162785 -25.237967076249724 -0.8102885543549906 -0.007226106129193971 -0.5859865545142731 1178.5121777882352
-0.5769509779149309 0.18360302298372708 0.7958753036966546 825.5464494777468 0.10407756169116303 0.9829903014872856 -0.15132061437344868 -24.729412030732735 -0.8101206269657792 -0.004471815422487702 -0.5862461706752549 1178.4339680893422
-0.5775680286764221 0.1797546491321304 0.7963061210151636 825.9584819224847 0.10417288493935555 0.9837100732270535 -0.1465008596392423 -24.916747516654056 -0.8096685632369849 -0.0016607067802212327 -0.5868850481642437 1178.0065882486363
-0.577570924348422 0.17880567750968485 0.7965176438959853 825.8391270606336 0.10257589843352666 0.9838801277245881 -0.14648576493708537 -22.6032874625122 -0.8098703676563701 -0.0029024057178115154 -0.5866017078335052 1177.970760074265
-0.5792621858461077 0.18077579358346646 0.7948430238122853 828.523599047766 0.10105781677205376 0.9835022904090096 -0.15003520396726056 -20.38407600324321 -0.8088526674976447 -0.0065846195409748065 -0.587974493551757 1175.966112375846
-0.5800798011306798 0.1806413169608665 0.7942771172121447 829.6899258425808 0.10047190425136004 0.9835213097058743 -0.15030379173709663 -19.51952777282692 -0.8083395454734951 -0.007385659150457316 -0.5886702228435007 1175.0336629452966
-0.5803018534178077 0.1818876050866942 0.7938303710716063 830.1655285927388 0.09965599664069155 0.9832748374703121 -0.15244433846910033 -18.341569920680143 -0.8082811647276013 -0.009353775363879588 -0.5887224011646188 1174.5591744017277
-0.5812864435566192 0.18163102836051054 0.7931684815182715 831.5533504728415 0.09949759197738682 0.9833200272074444 -0.15225620934284267 -18.103471197719024 -0.807592904703848 -0.009586116494884639 -0.5896624514436608 1173.4279373619413
-0.5824936537967362 0.1820100027009708 0.7921953687085784 833.3454210594473 0.09806115285554226 0.9832246470273955 -0.15379630612760103 -16.023421283728272 -0.8068984778689138 -0.011901781154323124 -0.5905702278460917 1172.0314359362362
-0.583684668217658 0.1803522411617936 0.7916977183215578 834.8621874333057 0.09776397912467849 0.9835370959065725 -0.15197692377915495 -15.563369455290303 -0.8060734535222903 -0.011307081125731977 -0.5917074762440172 1170.8045680618925
-0.5851415783984062 0.18185000405193755 0.7902783745337665 837.1639051430446 0.09460681728326706 0.9831856854384995 -0.15619045448540697 -10.995678671960357 -0.8053936201342498 -0.016627807285922114 -0.5925070739425056 1169.0385214492587
-0.586670981728455 0.18312443645471516 0.7888489082016364 839.5432705695089 0.09256620004459265 0.9828770153328898 -0.15932442166728406 -8.014443051285847 -0.804517655373128 -0.020450269031312696 -0.5935765567216007 1167.1630804308318
-0.5890118441428918 0.18452172892015886 0.7867761937271013 843.1188218619963 0.09180488640051845 0.9825588316601994 -0.16170963224103807 -6.879484778182071 -0.8028928386107187 -0.023018989614213822 -0.5956787857770016 1164.3654156516347
-0.5922060749940616 0.18365348690951502 0.7845784610133677 847.6469559799757 0.08970204304122967 0.9826538966641122 -0.16231100654319613 -3.8369189851280368 -0.8007780642689692 -0.025743273234238778 -0.5984077002085034 1160.8469345628
-0.5975715484589275 0.18311339482109523 0.7806264978269014 855.3586476635531 0.08730645519443858 0.9826445885587219 -0.16366794266942242 -0.3773047922245514 -0.797048196380734 -0.029649573577937863 -0.6031874297702706 1154.8776305819842
-0.6027973391559256 0.18464281467024896 0.7762360458631021 863.1471918937895 0.0879180614978754 0.9823023974141227 -0.16538565384253207 -1.2447072086631343 -0.793035801442149 -0.031448863653781425 -0.6083627097430397 1148.7589587897833
-0.6086367581746877 0.1873414606431037 0.7710152227567981 871.9675373438438 0.08818255479465116 0.9816775458886625 -0.1689172369176714 -1.6043247674852261 -0.788533533610648 -0.03481914734913566 -0.6140052877210294 1141.7394043535912
-0.616192895333548 0.18845415311399133 0.7647165147389897 883.0752510624958 0.0866778769549586 0.9812796888218964 -0.17197999288342686 0.5701294099551371 -0.7828111275314372 -0.03968884578431084 -0.6209923784824327 1132.7831791893175
-0.6254093710300082 0.18593128996167474 0.757821003958743 896.1404091194348 0.08528390328645412 0.981665414863938 -0.17046896814446486 2.5722020907206034 -0.7756221853893017 -0.04198295693730325 -0.6297996958229848 1122.0710562114655
-0.6335690806913687 0.18823175675202627 0.7504392218840509 908.297696820037 0.08462183797374492 0.9809931975143986 -0.1746181289798443 3.5309122740694696 -0.7690444489948803 -0.04712910120639145 -0.6374554755350671 1111.8378702228947
-0.6431052077496217 0.19197994366572618 0.7413227320104385 922.6258491837567 0.08612784622656322 0.9800559046979946 -0.17908773763429192 1.3671708059083447 -0.760918974575933 -0.05132372644986026 -0.6468138752636732 1099.5168937061082
-0.6519183906237933 0.19274356403413118 0.7333841629663842 935.5318820684884 0.086949244660805 0.9797778930616401 -0.18020851567172963 0.1683355303648452 -0.7532876215758484 -0.053714046497292764 -0.6554941345195149 1088.0894836973973
-0.6606581387639557 0.19260422600472243 0.7255580168463908 948.2339171875533 0.08708184687912644 0.9796634718632535 -0.18076568767594087 -0.04405194352185107 -0.7456189211849885 -0.05624139064743354 -0.6639949776534282 1076.5434023245168
-0.6704891300715168 0.19019135950635047 0.7171273061493803 962.2255108128716 0.08372318806187373 0.9798058800289663 -0.18157881275473453 4.7918442440334985 -0.7371802725498674 -0.061706435886291336 -0.6728726190992722 1063.5294259794925
-0.679966871694936 0.1891858601424451 0.7084163773654345 975.8831155459745 0.08194905543535808 0.9796962465000396 -0.18297436133783 7.333463748114117 -0.7286490277977836 -0.06636245109922756 -0.6816645944843017 1050.452674534432
-0.6876968972081208 0.1905074777967417 0.7005568345779287 987.3040318417784 0.08491973916356532 0.9794411193573419 -0.18298560493226917 3.0399246444890045 -0.7210142963012005 -0.06634752908406183 -0.689736464103301 1039.184725865826
-0.6877590497329087 0.19328312816393736 0.6997350369087211 987.8787712508132 0.08365892240830744 0.9785841077608088 -0.18808064424459547 4.829210960095772 -0.7211024020289817 -0.07081508599969538 -0.6891999342592021 1038.1414144738642
-0.7024978629709725 0.19055249998680202 0.6857014636633034 1008.8816576450798 0.08116307411725776 0.9786536383848431 -0.18881104701776658 8.372183103501934 -0.7070426492942652 -0.07698571831767599 -0.7029679162337767 1017.04648049335
-0.7077697784166394 0.18624059226558404 0.6814516729399271 1015.9876835501294 0.08115410477839688 0.9796723633349742 -0.1834559124020877 8.379980122579447 -0.7017663087080185 -0.07454195000286733 -0.7084966800572123 1009.5681124107626
-0.7118649761745824 0.18299077749598375 0.6780579850185205 1021.5234298122607 0.081651319940641 0.9804762854110527 -0.17888352550890138 7.659189643050195 -0.6975538098583591 -0.07197658715136582 -0.7129081660733938 1003.5896163345419
-0.7158121191045872 0.17869204669909516 0.675042341330889 1026.7084996990586 0.0790155843318082 0.9812220923848459 -0.1759538088493867 11.44310360935084 -0.6938080048368589 -0.07261100372803084 -0.7164901217476097 997.8629835195017
-0.7171422955254507 0.17526470868813593 0.674528879928021 1028.2115215669937 0.07729744898386764 0.981893236985075 -0.1729473201398521 13.90697301615 -0.6926269070351466 -0.07188847648568696 -0.7177046848108858 995.9025057443494
-0.7184515558879191 0.16658472786131956 0.6753346505885798 1029.0113954087021 0.07265177611843403 0.983559653360454 -0.16532431069960396 20.56038887748331 -0.6917724201419607 -0.06971324640864583 -0.7187426396187314 994.5805720377309
-0.7194066602218102 0.16574981441673384 0.6745228359731931 1030.3090828531138 0.07305242182771238 0.9837800224207291 -0.16382982375311078 19.993468085509036 -0.6907368535800061 -0.06858473960501468 -0.7198463256832708 992.8215605896114
-0.7205068159814738 0.1698036715384414 0.6723367022975196 1032.4241664066024 0.07475756756759575 0.982925765503682 -0.16813163176623308 17.529668765524796 -0.6894064361576665 -0.07087773021947685 -0.7208988230974719 990.2420098798443
-0.7211075947218144 0.17032364558089713 0.6715606395483229 1033.361712666926 0.07449476189912177 0.9827523357448695 -0.1692583145301787 17.9170746285407 -0.6888064802860907 -0.07202570613355125 -0.721358392459567 988.8000529222543
-0.7229736867973549 0.1608789995010404 0.6718831711824492 1034.8725894368017 0.06259451159526401 0.9837630533073356 -0.1682028004094428 34.966529457025686 -0.6880341381914058 -0.07954999979241192 -0.7213049439843294 986.3127634495982
-0.7239551440918545 0.15393753353181666 0.6724523664268596 1035.420935602488 0.05371979517900298 0.9844047830107358 -0.1675153927002322 47.670990389696094 -0.6877522322383756 -0.08514962686781345 -0.7209343993009377 984.7563628910933
-0.7247533474835143 0.15802312292313614 0.6706424367224757 1037.1054214389364 0.052552025980837205 0.983187058148282 -0.1748756508352042 49.33776405831415 -0.6870013608987611 -0.09149809457768096 -0.7208725468568656 982.4447069301502
-0.7250288961072109 0.16321207396891896 0.669100081243698 1038.1642048883673 0.056662054246507124 0.9823568541030414 -0.17822576358467804 43.449042128513355 -0.6863836473999982 -0.09130624352989111 -0.7214850369025924 981.0997640540185
-0.7250138597773131 0.16011102998373367 0.6698651813673782 1037.761389906229 0.05610832647190205 0.9831010882693605 -0.17425299407505807 44.241899563601386 -0.6864450151551287 -0.08875082152379042 -0.7217454764995257 981.0042320546796
-0.7257522394128336 0.1551040250625719 0.670243559011682 1038.199052765145 0.053694866648813684 0.9840522253614007 -0.16958207174356937 47.69515407919315 -0.6858575276854684 -0.08708592980880475 -0.7225063961976481 979.8866737747081
-0.7267706138786536 0.154612031472834 0.6692530123400929 1039.621011506449 0.054414508816408476 0.9842347291565963 -0.1682886186059862 46.67013578457786 -0.6847215025342158 -0.08589014871267531 -0.723726016059531 977.9325008349317
-0.7279067881706156 0.15490235172602723 0.6679498253348709 1041.3081372753322 0.05440219895205426 0.9841238318087754 -0.16893988402740717 46.68269903696445 -0.6835145269007233 -0.0866345490884487 -0.7247774461308254 975.6331242063615
-0.7289732630793446 0.15600953734246006 0.6665275733033437 1042.999981195264 0.05670209143774634 0.9840990416764742 -0.16832691109276404 43.40046172614487 -0.6821897496606336 -0.08491231023613359 -0.7262279566557077 973.4584117513242
-0.7309172427443633 0.15662548401540585 0.6642502856724393 1045.9001729620743 0.05833435655344219 0.9840848988378526 -0.16785116837481232 41.07978569042427 -0.6799684456682333 -0.08393670017479579 -0.7284212677148391 969.9430506351979
-0.7338797523196665 0.15606110191261469 0.6611092508844854 1050.1084331256404 0.05850366507416634 0.9841557886060345 -0.16737593891035796 40.8410524440653 -0.6767553696189743 -0.08415649840062622 -0.7313821528235638 964.8743988914117
-0.7367022286102537 0.15993162618989787 0.6570324963842659 1054.677492740092 0.06261865392046984 0.9835889815176964 -0.16920880478913952 34.95897576505576 -0.6733117632582056 -0.08351401308304775 -0.7346268978718997 959.591205525024
-0.7399974525077999 0.16215725431697492 0.652770093642736 1059.7137794297255 0.06612788142483268 0.9833416015976622 -0.16931154085179095 29.95914429402028 -0.6693510839464066 -0.08212380556041182 -0.7383933958128593 953.6993056582168
-0.7427775198745306 0.16501529343321308 0.6488848194419344 1064.0875864773222 0.06833444557816756 0.9827758310559556 -0.1717034345602933 26.81531911501127 -0.6660420103240979 -0.08319626689597948 -0.7412600229730504 948.4525566056066
-0.7457590973023672 0.16330602172589997 0.6458904799258294 1068.1517638660284 0.06606440775789564 0.9828405556683569 -0.17222060318415325 30.03585725679865 -0.662932019756443 -0.0857647095347204 -0.7437510011960106 943.3034642163358
-0.7467869613444332 0.16284058589020833 0.6448194925348346 1069.5725467971076 0.06405005789778183 0.9826639699401329 -0.17398020653162766 32.925034577537836 -0.6619719211939724 -0.08862542393935664 -0.7442705890886261 941.074791606188
-0.7477707958796301 0.15688851174499274 0.6451548897063291 1070.2384364048887 0.058310168433348464 0.9834449674942518 -0.17156899535610817 41.14703556192278 -0.661391533879002 -0.09067519392133119 -0.7445396215921016 939.5314498614825
-0.7474019430519625 0.1568619239046495 0.6455886247070056 1069.6988053747486 0.05669178551370722 0.983241233454498 -0.1732706504003081 43.44798093744147 -0.6619489232391113 -0.09290324894108877 -0.7437691909179697 939.5683058703603
-0.7466054983567565 0.1522834967048305 0.6476032477179289 1067.9773999762394 0.05292593096769813 0.9839594286885227 -0.17036046644147745 48.84285527123217 -0.6631584091713395 -0.09291705616465253 -0.7426892654529437 940.7754522763547
-0.7453082158979506 0.15024824247441754 0.6495699569317862 1065.860611020906 0.05047619968934985 0.9841965517149917 -0.16973302818615385 52.33832580085207 -0.6648066008847496 -0.0937155975580877 -0.7411137363417276 942.547501129554
-0.7441910987209496 0.15001173238863363 0.6509040549345709 1064.2266045988579 0.05134051244824657 0.9844189024086073 -0.16817721713176137 51.120782784816036 -0.6659908110222373 -0.09173824026213467 -0.7402974637992147 943.9903739991364
-0.7425744168896689 0.1526313614825776 0.6521402478554309 1062.2343320953946 0.05360287118162761 0.984107343978164 -0.16929107398007986 47.90074513554192 -0.6676151343266973 -0.09075463084723423 -0.7389544163192532 945.9712971595848
-0.7405505509515025 0.15418997723458816 0.6540721156002778 1059.5333323384666 0.05485313919263542 0.9839425478937471 -0.16984756567308823 46.12280986442514 -0.6697581762144746 -0.08990279953793345 -0.7371170002306979 948.6330609581586
-0.7387483042657365 0.1549262323314365 0.655933537395432 1057.043866916573 0.05311265922112144 0.983577460864023 -0.1724947069064509 48.577203850716906 -0.6718853982450876 -0.09259179777856753 -0.7348447255095276 950.8285455188727
-0.7369066675314337 0.15384027383159307 0.6582565863666975 1054.2692963929615 0.051573581391707375 0.9837167016335048 -0.17216740873269784 50.78566829224254 -0.6740242792734917 -0.09292266179312433 -0.7328414902795356 953.3456269394827
-0.7352497926049985 0.1556705944042497 0.6596775034152176 1052.1277113908468 0.05248745925944381 0.9834222939687163 -0.17356744610034583 49.476547133735444 -0.6757609111918172 -0.09299063266338067 -0.7312317916653167 955.3322128347291
-0.733196828814112 0.1554526814030582 0.6620097235400164 1049.1608895965987 0.05212478981395907 0.9835035819876499 -0.1732157917290233 50.004591822607516 -0.6780157936978903 -0.09249415150192504 -0.7292046457848157 958.1150209403623
-0.7315097308551803 0.1554744398005288 0.6638683696583934 1046.7510923767159 0.05177178891682501 0.983509864060723 -0.17328597510360827 50.510099505944495 -0.6798626299014627 -0.09239072390650682 -0.7274962258317896 960.2633213089788
-0.7296436076754143 0.15614353697402414 0.665762271114583 1044.1676454921449 0.05145721339131285 0.9833585430981923 -0.17423584850942914 50.95530596207598 -0.6818888186269128 -0.09287180184017867 -0.7255359863263514 962.5969173165222
-0.7278414348672465 0.15738639379077682 0.6674401611679673 1041.747731724963 0.05096196628381383 0.9830288807843551 -0.1762302401301933 51.644983436837805 -0.6838491965944503 -0.09425360785345407 -0.723509871199925 964.7214857482626
-0.7262858752843164 0.1583555689524591 0.6689038354982256 1039.6424491987382 0.04986810050440385 0.9826768771601784 -0.17849181394899521 53.1803319496438 -0.6855815049391115 -0.09627911962862463 -0.721601227277892 966.4407032669968
-0.725586175375537 0.15794496180466588 0.6697597264276368 1038.5898952414434 0.04973939072369704 0.982794243992656 -0.1778804851166589 53.375945927763716 -0.6863313304187241 -0.09575418014596096 -0.7209580028477658 967.1041029575485
-0.7254419238050541 0.1573190816890302 0.6700632221832072 1038.3041961584677 0.04942637272897834 0.9829218682615111 -0.17726148643220946 53.835973245039874 -0.686506408465994 -0.09547411916231809 -0.7208284426306314 966.9357361163604
-0.7254084357211614 0.15697087360474432 0.6701811294152805 1038.2055121819644 0.05016562597739295 0.9831168913522341 -0.17596757629806573 52.80600960503415 -0.6864881727712969 -0.09402830838467022 -0.7210358284214754 966.6246176418181
-0.7256417760115859 0.15654556200937494 0.6700279844319343 1038.4799565450442 0.04927069450019997 0.9830970594074476 -0.17633085506483867 54.07913830667312 -0.6863063540214527 -0.09494029070736046 -0.7210894047413139 965.7932313665737
-0.7264276047881212 0.15490357867678173 0.669557926033976 1039.384573598297 0.0473716690974287 0.983235653817641 -0.1760783178836044 56.78483151257988 -0.6856083867403585 -0.09619007420166598 -0.7215875620161153 964.1954129822784
-0.727459012381362 0.1540193412404341 0.6686414792914032 1040.7395169375725 0.04600041978402715 0.983236229077625 -0.17643831559189466 58.730462645618836 -0.6846074398403997 -0.09759385407429332 -0.7223490104943032 962.163674022638
-0.729026597941109 0.15557707331244872 0.6665703216870259 1043.1539749288258 0.0474809469501925 0.9829754460482217 -0.17749600599171556 56.61797864680101 -0.6828365684196515 -0.09774991931368066 -0.7240021920567944 959.1885325435348
-0.7303502204581276 0.1554084160833296 0.6651592137881238 1045.0078069524916 0.047100853865027874 0.9829149009052646 -0.17793202956067056 57.149614812868656 -0.6814470375912934 -0.09862313009058658 -0.7251919836630749 956.6615490054859
-0.7316424940840239 0.15411817640077652 0.6640382884694287 1046.674314424809 0.044919434912056286 0.9828906376140535 -0.1786287738798566 60.24481962237373 -0.6802069576369316 -0.10086417695861366 -0.7260474589093822 954.1882066595119
-0.7334069267468314 0.15449631604220995 0.6620008822721866 1049.217546799369 0.04264865463210116 0.9823704951562068 -0.1820145667374464 63.41738054772328 -0.6784507145385283 -0.10525729701989381 -0.727066385804093 950.7135941613639
-0.7351985090660397 0.15376050777273845 0.6601824433567907 1051.6652784542932 0.04161999547058901 0.9823352141595202 -0.1824426019305748 64.86695658877494 -0.6765729289914728 -0.10665473862721556 -0.7286108964902047 947.4321046977047
-0.7371913816396847 0.15206610521248476 0.6583500334029597 1054.2789095408184 0.04220160092484059 0.9828060073813963 -0.1797536556913914 64.09241564294976 -0.6743648061068677 -0.1047294204153938 -0.7309335515516457 944.1216555029192
-0.7385952060395297 0.14991899191892166 0.6572681473169371 1056.0097668859976 0.043337201119113204 0.9835016508256239 -0.17563140329233204 62.53952922823075 -0.6727547908521991 -0.1012363506122507 -0.7329066739361344 941.8549986716314
-0.7402928124429972 0.15018410525846523 0.6552948087486669 1058.4554413041012 0.04494204797326109 0.9836032851234827 -0.17465620463717224 60.29355390859551 -0.6707807124308262 -0.09984644221006034 -0.7349040235355815 938.8147058949281
-0.7411695403005641 0.15223876633121647 0.6538280129794072 1059.96602482367 0.046192345138552186 0.9832038735099871 -0.1765684296967009 58.4972676023441 -0.6697267948807568 -0.10066529263309774 -0.7357530285889698 936.7903678508595
-0.7427303310978497 0.1518728036649414 0.6521397908226647 1062.140376323255 0.044904640187485474 0.983042959934358 -0.17779232889281177 60.305935044114 -0.6680832497203557 -0.1027676526463821 -0.7369556167182943 933.7799573401617
-0.7437521146967301 0.15321696665025095 0.6506591680862093 1063.7643986953838 0.04577995201707761 0.9827667026156771 -0.1790916084667965 59.05481158907683 -0.6668860381485402 -0.10341261702716043 -0.7379490787053926 931.5826373957224
-0.7452679613631672 0.15435099154575338 0.6486535571277101 1066.0614391823015 0.04587868062220115 0.9824020360112217 -0.18105630700247058 58.88724258598652 -0.6651847956996273 -0.10517609542975806 -0.7392341824619554 928.5429498909759
-0.7461426937785383 0.15464866069825609 0.6475761517112424 1067.3482264663485 0.044719130219510815 0.9820935375580973 -0.1830095158155216 60.50033371014305 -0.6642825301882602 -0.10759217086227453 -0.7396976712521314 926.5493757525408
-0.7472530062483945 0.15362900525782722 0.6465377586778885 1068.8042072065477 0.0426263437203584 0.9819881194035495 -0.18407153004013194 63.44843576236221 -0.663171123823837 -0.10998846345763647 -0.7403422171080462 924.2595829881296
-0.7480967778142524 0.1525533089385615 0.6458163043434478 1069.8941038811463 0.04284822632673281 0.9822902840622657 -0.18240018458742496 63.17364315870994 -0.6622048327553841 -0.10878090718857529 -0.741384835093519 922.6715159652757
-0.7491448304528798 0.15110866643441573 0.6449404576657743 1071.2037514521821 0.045305075729950364 0.98304126097129 -0.17770011069518207 59.801181485404534 -0.6608551075075605 -0.10390404302234338 -0.7432862683547851 920.9808190313439
-0.7493351614458226 0.15074891408832392 0.6448035210218334 1071.4297063086437 0.04784701888476987 0.9835233001509844 -0.1743346805542628 56.27763626004159 -0.6604600507258583 -0.09978317975143666 -0.7442014770436088 920.4816227742547
-0.748474737116714 0.14889270570008223 0.6462325665635975 1070.03239494777 0.045868775803089415 0.9837592210153796 -0.1735334275393036 59.10377928674629 -0.6615751078331105 -0.10024348984608186 -0.7431484504721023 921.6574063026911
-0.7474545240912853 0.14705204914598138 0.647832871393107 1068.3730833747277 0.042039099404275415 0.9837080698766689 -0.17478886515105962 64.50569674172539 -0.6629814843091377 -0.10341241754008912 -0.741458982926073 922.8172636629237
-0.7451932494218727 0.14844271825224747 0.6501167436806673 1065.3921890569277 0.042330046072455677 0.9834728043965124 -0.17603809307068558 64.09301560762646 -0.6655037101441091 -0.10366292688489676 -0.739160881929017 925.9527525252059
-0.7410118274564376 0.15697308289133985 0.6528866079322345 1060.661218415536 0.048422834088888096 0.9822527742142148 -0.18120352283352237 55.41085204029201 -0.669743757498695 -0.10265933370165321 -0.7354620047938996 931.8109727295282
-0.7401089846984227 0.16256815786337525 0.6525414046768058 1060.0281508842963 0.05191164417680592 0.9812563545637843 -0.18558326386572088 50.37947379459773 -0.6704803292920164 -0.10347734378646269 -0.7346758246705601 932.1187450405831
-0.7380018439032374 0.16539073064038304 0.6542164661743557 1057.4400615744912 0.05401188376083892 0.9808661393160084 -0.18704099324991352 47.40430773750851 -0.6726336259867085 -0.10270113417849303 -0.7328140843559325 934.8724018106811
-0.7365549362970149 0.16795017989820596 0.6551942939988569 1055.7190448293861 0.05492086526524744 0.9803330438987693 -0.18955427085320375 46.06477135020609 -0.6741442904712736 -0.10363329634983844 -0.7312931119001803 936.4289866833917
-0.7351713260221913 0.168752960143892 0.656540600296316 1053.8692823936938 0.055343565027883575 0.9802269690658104 -0.18997941711158806 45.462548261757455 -0.6756183917010973 -0.10333212258890428 -0.7299741510741967 938.1292083456678
-0.7336226043488665 0.16651470722741168 0.6588404409759283 1051.4089252105805 0.0528097669614555 0.9805522031679668 -0.18901985444900432 49.07478356359924 -0.6775020316588454 -0.10387602774180088 -0.7281488638724374 940.3110668307393
-0.7320759135399706 0.1643679429792415 0.6610960869158056 1048.9642135021386 0.04812846209606583 0.980509123375725 -0.19048755894607794 55.65963762735407 -0.6795207928760423 -0.10763381577246423 -0.7257178885430441 942.2718881403313
-0.7310470812151894 0.16021753651356482 0.6632499574370713 1046.9922345549396 0.03825287036764849 0.9801359384763362 -0.19460282633031784 69.5014742345916 -0.6812539049101943 -0.11689261354181661 -0.7226542976721133 943.1523330145785
-0.7295961854397022 0.15862241111184716 0.6652280337485031 1044.7545220606407 0.03262440136179581 0.9796942700034889 -0.1978251393481513 77.3629782280725 -0.683099593491037 -0.12262980068235932 -0.7199561634967678 944.6476229608915
-0.7295827458233269 0.1558972905388607 0.665886665882068 1044.3882146434712 0.029602672144124362 0.9799578283727505 -0.19699323951062786 81.65159846970583 -0.683251563334342 -0.12401084393554523 -0.7195752995952346 944.2999133659704
-0.7280516683137374 0.1585261524735513 0.6669409473465522 1042.5663109086588 0.033808464665894246 0.9800139809435735 -0.1960346522226747 75.75817677609075 -0.6846880720317239 -0.12017510614541765 -0.7188603396212777 946.4438313097762
-0.7274778352887356 0.16191115658089805 0.6667539100284686 1042.1813819723852 0.03818739526995786 0.9798067941010993 -0.196266067051394 69.5884244777243 -0.6850676769532419 -0.1173176184891349 -0.7189706909088343 946.9762050607687
-0.7272657564069498 0.1647744154509771 0.6662836569889854 1042.2335463978334 0.040279093088639736 0.9793283916880329 -0.19822587089905022 66.60193469396766 -0.685173054211696 -0.11732558649552546 -0.7188689675703751 946.7707328567184
-0.7269634648180293 0.16626064732198015 0.6662443380411139 1041.9974999770811 0.04058909642110682 0.978953061125631 -0.20000857322743565 66.13086008575303 -0.6854754890377074 -0.11835666970995988 -0.7184114786552923 946.7334554402618
-0.7264735146799937 0.17116312338580786 0.6655369393664876 1041.9223445072614 0.039924971485254895 0.9773609536111671 -0.2077776768764437 66.86201175632625 -0.6860336938667071 -0.12437343586588326 -0.7168605299014003 946.4535277983649
-0.7275351061334997 0.17147230378123982 0.6642965590602375 1043.4376286262489 0.03788182447577407 0.9768259327594843 -0.21065627088446937 69.65816385665391 -0.685023822007457 -0.12809506674543908 -0.7171708423784234 944.2672582296267
-0.7270921332617097 0.17023039424100045 0.6651004755865761 1042.663458852235 0.03756418201119077 0.9771849173032657 -0.20904202836951427 70.15708172151803 -0.6855114601367116 -0.1270088590278813 -0.7168980316263043 944.7955922686039
-0.7278029532232629 0.16778252426207263 0.6649450246687645 1043.3447008655587 0.03679229892411319 0.9777662342801496 -0.20644495111649847 71.3227736402666 -0.6847986477931856 -0.12578638898490474 -0.7177942576579744 943.6731283645686
-0.7282171443021583 0.1688080505378945 0.6642316108241199 1044.054335376364 0.038099791910828865 0.9776635798697213 -0.20669380845268104 69.47871068494675 -0.6842866333640903 -0.12521088878335512 -0.7183829318193197 942.7591002380717
-0.7284325956306175 0.16828162018517756 0.6641289407417003 1044.2868243518892 0.03637389379245125 0.9774970902085575 -0.20778926460281594 71.88828536606766 -0.6841512212027517 -0.12720351780377465 -0.7181618004218325 942.0621222442359
-0.7281681640233791 0.16415250995865996 0.6654510337936917 1043.4007221501415 0.029687030608216952 0.9775390606262483 -0.20865297784507614 81.27239335265867 -0.6847552884910696 -0.13217919058695693 -0.7166860236249127 942.034807191673
-0.7281995453405162 0.15948223068557832 0.6665514535738539 1042.8610359140405 0.025172068789108354 0.9781167107260984 -0.20652861097493178 87.68739409823212 -0.6849027588780336 -0.13361556157091245 -0.7162786417221637 941.820047982528
-0.7290377159740006 0.15975959473508497 0.6655680886111457 1044.0590411660353 0.025599747142911217 0.9780634019201335 -0.20672840823320532 87.0791197967665 -0.683994635676064 -0.13367443179044075 -0.7171349138424871 940.3050135258284
-0.728483013504598 0.15962921429108282 0.6662064342079498 1043.2694638626715 0.02753286556014098 0.9785099048234915 -0.20435338870781972 84.43919944381678 -0.684510365406768 -0.1305254002374006 -0.7172228939064617 941.1859329231972
-0.7279976642068494 0.16050658055186495 0.6665260973952326 1042.697230490412 0.029564108443993126 0.9786535395577809 -0.20337948028977407 81.61689019689274 -0.6849418693592056 -0.1283545367744143 -0.7172027248192399 941.8409205394805
-0.7279617694183571 0.15590684935090607 0.6676561364885134 1042.0724615075685 0.026643828530436897 0.9794996362674129 -0.19967616020257806 85.83822839517185 -0.685099823869876 -0.1275676952738381 -0.7171922437226896 941.9386888792204
-0.727541616543704 0.15466911609040726 0.668401571455952 1041.3268370291503 0.02574030065670721 0.9797239478662378 -0.19869177864092671 87.14014886822834 -0.6855805081236458 -0.12735168041767184 -0.7167711743476567 942.4258934795115
-0.7272011361048448 0.15501548720324823 0.6686917872794331 1040.8907310174657 0.02579226881787916 0.9796493901380728 -0.1990523329964471 87.06205794915164 -0.6859396959770219 -0.127504004365517 -0.7164003506097055 942.7028583178073
-0.726888973190628 0.15905801225797173 0.668081558936046 1040.9516174176977 0.028439707986182866 0.9789464707940474 -0.20212617428116553 83.25420875172642 -0.6861658718294981 -0.12792324283109135 -0.7161089583855536 942.758326983948
-0.7268148166374975 0.16164925191602275 0.6675400674650107 1041.1681985736675 0.030247918137363244 0.9785000484800429 -0.2040164664258982 80.658960349114 -0.6861670975531806 -0.12809049332227784 -0.7160778866547264 942.5407839374008
-0.7269311794131342 0.16357241757570246 0.6669446188443757 1041.562237404001 0.03157940654933576 0.9781520403648977 -0.20547828841991803 78.75053604985249 -0.6859838201291786 -0.12830685928050486 -0.7162147362226997 942.0550128925789
-0.7264889351236965 0.16399128611066918 0.6673235236544611 1041.0039873690412 0.032084393832666175 0.9781427112594167 -0.20544446471605987 78.04572348375501 -0.6864287427076666 -0.12784245965189595 -0.7158714177105588 942.5581544948935
-0.7265497546321442 0.16531097108087955 0.666931583360893 1041.2502056949238 0.0322862020883241 0.9777688256576733 -0.20718524254088866 77.70933690268716 -0.6863549046948546 -0.12899769925200816 -0.7157349637882766 942.1239465577867
-0.7275044446659911 0.1667837142207646 0.6655227085997548 1042.7587360011803 0.03321137520965306 0.9774275067899445 -0.2086443709451016 76.36982543926203 -0.6852986849162279 -0.12968678283125015 -0.716621972040328 940.3753991236615
-0.7276852309030749 0.1684583897263908 0.6649029821382441 1043.2236448327099 0.033945805468329926 0.9770286951655115 -0.2103868130712664 75.28612069168689 -0.6850707167998388 -0.13052470936174926 -0.7166878073676055 939.7831202524101
-0.7281182092363588 0.16622522429373976 0.6649910136136683 1043.5450427549956 0.030697065050529243 0.9770844405323121 -0.21062688875578592 79.84248606264899 -0.6847638743214493 -0.13294800065497245 -0.7165355996362803 938.8791162855895
-0.7286600964323957 0.1662882090327069 0.6643814381842909 1044.3079752578344 0.02870736152031618 0.976639412447917 -0.21295855335705471 82.56414475172242 -0.6842735938655485 -0.13610176189191092 -0.7164118641872452 937.6348918342984
-0.7295554937519636 0.16991211845318396 0.6624791721549288 1046.0112289432823 0.0290368057381441 0.9754695743739968 -0.21821084616292324 81.93550542010163 -0.6833049432346101 -0.1399606425869961 -0.7165928921485206 935.6412915802217
-0.7303195453822725 0.17373705506044274 0.6606427153398086 1047.5538415631231 0.03046450019089139 0.9744378825126718 -0.22258195648420967 79.78666727285865 -0.6824260222623034 -0.14242980314226414 -0.7169438439069729 933.9444957068913
-0.7328355592773753 0.17476633894549054 0.6575779572265227 1051.188146029433 0.03142655672345539 0.9741123570431566 -0.2238693533924039 78.39552439733367 -0.6796796411480367 -0.14339401182551345 -0.7193564782369452 929.8273906138598
-0.7326098158882576 0.17287816911043805 0.6583281828307188 1050.6569973512749 0.029194187092904084 0.9742977913595029 -0.22336408214388404 81.54412027646393 -0.6800224680877522 -0.14441936295738894 -0.7188271631615101 930.0438822579462
-0.7359162195230247 0.1698163317806449 0.6554309508281595 1054.8730681286213 0.026389897122594957 0.9744949227046369 -0.22285246005539644 85.49599953557878 -0.6765581210604144 -0.14670398455205347 -0.7216280549866064 924.7594792182782
-0.737764522762381 0.1661994340203916 0.6542791889434493 1056.998621170038 0.02316026437428398 0.9748801394893566 -0.22152272069322154 90.07228452508521 -0.6746607377840433 -0.14827832532273644 -0.7230812036916567 921.774965450644
-0.7400111106771574 0.16363471535057095 0.6523858030387369 1059.8120259322307 0.021745178401071333 0.9752674809897415 -0.21995564948468768 92.11174167368625 -0.6722430388562352 -0.14858337880147574 -0.7252670378924384 918.2348283135265
-0.7415759691302156 0.16340547147540263 0.6506640714688978 1061.9611171517215 0.02174219414848161 0.9752270750901108 -0.2201350244845147 92.11200712608508 -0.6705164867489772 -0.1490999795542894 -0.7267577568177165 915.6268136589312
-0.7422101341764918 0.16449186599599763 0.6496664857808727 1062.985950228792 0.02332541816144859 0.9751628116360107 -0.22025761205857225 89.89197391333096 -0.669761182507099 -0.14832368935306894 -0.727612562826802 914.562888958021
-0.7440726763481783 0.1633330416553606 0.6478257248795136 1065.4311303290413 0.021816465919820893 0.9750787050202165 -0.22078396869081365 91.98760573767402 -0.6677423860493119 -0.15014605062972894 -0.7290927714313635 911.4031442962645
-0.7456072196768491 0.166267282082521 0.6453100532880689 1067.9462449294285 0.023995509803485957 0.9744440044625938 -0.22334524323605878 88.84935110064784 -0.6659535190049151 -0.15104328212732546 -0.7305421530953402 908.7160275797575
-0.7464447039219463 0.16329834599702767 0.6450999567365612 1068.7218308036943 0.020113914011192585 0.974516569805147 -0.22341191919492973 94.28936058379153 -0.6651433939009155 -0.15378915881766989 -0.7307073013047873 907.1194402670801
-0.7465051621147842 0.16203452374123772 0.645348631401609 1068.652098375537 0.018001313953899423 0.974458573998803 -0.22384467886494808 97.23790118460698 -0.6651360730195834 -0.15548408496103022 -0.7303551900903549 906.8282088624233
-0.7457568906399424 0.1624586726769197 0.6461066782932199 1067.670137020848 0.016971181917606187 0.9741302679000848 -0.22534906288961826 98.62837780040712 -0.6660019812638431 -0.1570904224736921 -0.7292214753555141 907.7798788604774
-0.7447503461761258 0.16345848968356003 0.6470148715608555 1066.3958942807935 0.017166969605701562 0.9739101996224342 -0.22628349083825613 98.3218452859684 -0.6671223403732616 -0.15741742350121132 -0.7281260452374593 909.2453098363131
-0.7439488103058758 0.16404715939626735 0.6477875401229076 1065.3541855367162 0.0167305234763475 0.973667154936228 -0.22735954121742769 98.89506192081436 -0.6680271380929665 -0.15830603555268336 -0.7271031164002209 910.3388197969758
-0.7448786948261027 0.16349149627362247 0.6468587640593375 1066.5772478847714 0.015536539668164914 0.9735000967897192 -0.2281582290550716 100.54104805077431 -0.6670189996763969 -0.1599002570248687 -0.7276795736270737 908.66374495038
-0.7454846120281067 0.1632422318007209 0.6462233878358342 1067.388255049639 0.015167874177502885 0.9734481243762105 -0.2284046513129106 101.04930284837471 -0.6663502298508185 -0.16047031783216653 -0.7281666349624959 907.5939984973354
-0.745066759605544 0.1634414822800162 0.6466547808537455 1066.8310140153771 0.015812936469328853 0.9735680447915931 -0.22784910182156054 100.16832817258444 -0.6668024255888032 -0.15953728100599573 -0.7279576781641242 908.2873487892086
-0.7466064613448222 0.16282808104108776 0.6450316332573462 1068.8939936277766 0.014544558840372257 0.9733479931745692 -0.22887144861510667 101.90720051824522 -0.6651069445482445 -0.16149520180957522 -0.7290761634467164 905.6154976829968
-0.746450317840981 0.16157476682943864 0.6455273175622476 1068.526727548513 0.01316332160530484 0.9734696861923443 -0.22843707454985024 103.85893031671468 -0.6653109423114982 -0.16201964321831797 -0.7287736172859135 905.7957819647849
-0.7457043670125683 0.15934596862854777 0.6469419288469521 1067.215071858174 0.010679209969670186 0.973714241422414 -0.22752259343985237 107.3697253895792 -0.666191377528116 -0.16275576282578302 -0.7278046511078291 906.895869688462
-0.7464222566010615 0.15915466699837436 0.6461606664160359 1068.190962097802 0.010222097350436554 0.9736076292010429 -0.2279993269448009 107.99281398513598 -0.6653941114680361 -0.1635786548855338 -0.7283492981320859 905.6341147563373
-0.7460795356479735 0.1604722438412498 0.646230597731072 1067.8791489769617 0.011567806551209883 0.9735021030793544 -0.228385291014256 106.0963251965497 -0.6657563460748219 -0.1629181213267176 -0.728166308891365 906.1839318313266
-0.7458980752833049 0.161500715334083 0.6461838594666699 1067.756920419229 0.01264008610977331 0.9734160059771942 -0.22869522848224302 104.58614954983061 -0.6659401546023479 -0.16241551112497635 -0.7281105082569636 906.4689352942817
-0.7476344041162991 0.15962488581283002 0.6446415233375113 1069.9357488828236 0.009963365224559262 0.973270810206836 -0.22944424454043474 108.30329253523547 -0.6640357890468467 -0.1651176121089745 -0.7292411432690574 903.4251160736825
-0.7467744427093586 0.15878806540792456 0.6458438526456187 1068.6378424314003 0.008982379205298402 0.973400174869339 -0.2289353979360819 109.69593421392385 -0.6650167280451968 -0.16516188981828897 -0.7283366677380126 904.764345662149
-0.7482215537747147 0.1589820809819828 0.6441189365277115 1070.6708035213546 0.008921845538956252 0.9731876838090018 -0.22983936293561513 109.74835136588054 -0.6633889561479983 -0.1662240355938595 -0.7295784144639701 902.3159110869055
-0.7469101999790125 0.16011180552443804 0.6453598708465037 1068.9954999128163 0.010058694576074667 0.9731852327915334 -0.22980279663205624 108.16024135145167 -0.6648488368273925 -0.1651505749556855 -0.7284924925907402 904.4756008636342
-0.7466746447189039 0.160065887429001 0.6456437768734902 1068.6593281507905 0.010159215778582364 0.9732473053423535 -0.2295353414588096 108.02969230948709 -0.6651118441801069 -0.16482898508883226 -0.7283252298293137 904.8524585744474
-0.7475040220924805 0.1602639790896505 0.6446341551313556 1069.8353868470413 0.009598578593979099 0.9729632765800378 -0.23076032959677598 108.76918588027668 -0.6641879284092266 -0.16630670291058489 -0.7288322689909323 903.3453040504751
-0.7490743513413837 0.16008213602430568 0.6428540471120803 1071.9963777962241 0.009064407580941153 0.9727520843357578 -0.231670496472134 109.48281317363336 -0.6624239221810242 -0.16771133577171865 -0.7301146863171388 900.6754657882556
-0.7474260091389164 0.16015608762445233 0.6447514160197719 1069.7175231432238 0.009122162605681536 0.972889456721419 -0.2310906556953285 109.42510162346778 -0.664282430154575 -0.166841639278479 -0.7286238538442191 903.3702635866794
-0.7479712363807691 0.16070163532584902 0.643982929859652 1070.5473911042156 0.009003800243027063 0.9726140606530248 -0.23225163207439234 109.54842866193927 -0.6636700694834801 -0.16791924673375916 -0.7289342668911647 902.3642570632904
-0.747963605265688 0.16099122527663093 0.6439194597011982 1070.5723079075092 0.009453658453679431 0.9726240317385532 -0.23219199216700387 108.92188154934898 -0.6636724143278784 -0.16758376493136162 -0.7290093334050223 902.3908603360843
-0.7483658003410818 0.16012523253124258 0.6436680346161889 1071.026428890156 0.0084528100983437 0.9726462780776552 -0.23213738979993145 110.3234023462931 -0.6632323717079054 -0.1682828798437306 -0.7292487185248988 901.677014940078
-0.7490995592608606 0.16060950801108714 0.642693112030634 1072.1059245382364 0.008742163410846576 0.9724773659413445 -0.23283330369747784 109.8941365242734 -0.6623997470516444 -0.16879679697263344 -0.7298864407821926 900.4307966270632
-0.7487655434329326 0.1602061080832402 0.6431828386239843 1071.5947894295032 0.008210942394064821 0.9725188350687657 -0.23267938426403845 110.64354378358682 -0.6627840835389655 -0.16894116836731027 -0.7295040371636757 900.9455627066179
-0.7485157432610382 0.16133402100346506 0.6431916633144656 1071.3959782623829 0.008884538350473523 0.9723048659426353 -0.23354723856764598 109.67049546791007 -0.6630574990667659 -0.16909932386360232 -0.7292188777042172 901.3118682760377
-0.7488278909863341 0.15885253624849188 0.6434459273384056 1071.4980695388533 0.007221422456494389 0.9727494896855065 -0.2317461571942263 112.06138235568706 -0.6627251622947962 -0.16889139126671848 -0.7295690900917666 900.8309755081162
-0.7486725712869166 0.15859851353208784 0.6436892825797622 1071.2501036565586 0.006649359094178131 0.9727093064769552 -0.23193186740238356 112.85465915414206 -0.662906605055549 -0.16936090634657194 -0.7292953560630934 901.0192867826134
-0.7485877932427077 0.15935059572356838 0.6436021313284761 1071.2380054395162 0.006869931702883109 0.9725020561513456 -0.23279294409367918 112.51625473920424 -0.6630000903819024 -0.1698444536155037 -0.7290978958477663 901.1014547072832
-0.7478156020352622 0.15801587243746398 0.6448277362291926 1069.9889589399925 0.00528450742164957 0.9726488499246566 -0.23222034519299387 114.75360127725217 -0.6638854564862441 -0.17025040028754648 -0.7281970213259468 902.2687892374056
-0.7495960762321112 0.15909676843035392 0.6424904207631748 1072.6048880207907 0.0055756318561368395 0.9721658089552204 -0.23422756504700076 114.27361519483566 -0.6618720683235 -0.17199377364736346 -0.729618740850118 899.2319111089901
-0.7482584457701341 0.15928894462857418 0.6440002565626649 1070.7755795301164 0.005589733281571085 0.9722256929153162 -0.23397853943721952 114.26459702865655 -0.663383790286968 -0.1714766285954113 -0.7283664686337827 901.4140726597343
-0.7496290381647207 0.15813223590125136 0.6426900505757862 1072.5225668322964 0.004275731035888727 0.9721756308647103 -0.2342141346650764 116.09123345402877 -0.661844410163253 -0.17282574669785977 -0.7294472140011111 899.0587530090957
-0.7486449268820795 0.15768095165614932 0.6439468075381203 1071.0983659764447 0.003951322175608604 0.9723483637166738 -0.23350170584081598 116.57116044351415 -0.6629593958205815 -0.17226542619550073 -0.7285667178995291 900.6805970333053
-0.7501969241863508 0.15946429543826657 0.6416975248679987 1073.4851988794792 0.006315023106752041 0.9721668646050179 -0.23420441466208264 113.24265019816747 -0.6611843127483438 -0.17164709681327206 -0.730323612332968 898.2679408605047
-0.7487158357639595 0.1595446153245552 0.6434050924551463 1071.4324244290524 0.0065766071261302295 0.9723445485419141 -0.23345840563048947 112.90448503560371 -0.6628584656734681 -0.17056258277172442 -0.7290590235661681 900.729205981868
-0.7498562611644884 0.15829232847809604 0.64238549667423 1072.85901837081 0.005150908808160201 0.9723237406135657 -0.23358084591355743 114.89267316543656 -0.661580725029731 -0.171843190683325 -0.7299183941269803 898.7614584182245
-0.7501765117488162 0.15979936644616483 0.6416380316843624 1073.5014318952276 0.006532614564171757 0.9721029290926729 -0.23446368630643438 112.92897769777666 -0.6612053585440263 -0.17169757637442185 -0.7302926920761397 898.2500567577337
-0.7507752567312383 0.15983893641163727 0.6409274750601193 1074.337464728475 0.006473235475794231 0.9720160090735738 -0.23482541456826406 112.99750255296634 -0.6605260109205526 -0.17215223644053756 -0.730800243832679 897.2212883081393
-0.7516352141399024 0.16017324857183918 0.6398351626058127 1075.5716377984352 0.007773703117686451 0.972149823370072 -0.23423127558329082 111.20275407885332 -0.6595332246405037 -0.17108258638295504 -0.7319471799466254 895.9422131300357
-0.7475596415984707 0.15763108910784168 0.6452185846671202 1069.5930785904623 0.004197139071297443 0.9725316292502775 -0.23273292446797544 116.25649431632385 -0.6641814257240127 -0.17127366947221007 -0.7276869958084601 902.4117903347619
-0.7495563120519927 0.1575020933317452 0.6429295650840253 1072.347869471943 0.0051298644159405715 0.972632866207512 -0.2322907489850477 114.97122946910049 -0.6619207048839685 -0.1708168556351468 -0.7298510685590804 899.27058182384
-0.7487289838132397 0.15596384125387047 0.6442671720795116 1071.009915352485 0.0034489166564160983 0.9728302007997298 -0.23149407203177905 117.34947890685953 -0.6628672670843617 -0.17110429753017573 -0.7289240739575108 900.5436187183255
-0.7480945751418592 0.15650276817058856 0.644873158224363 1070.201621662388 0.004057145294096606 0.9728519862772463 -0.23139263680696193 116.50439748942817 -0.6635797210700338 -0.17048723222387951 -0.728420247819387 901.5996938853431
-0.7473952341258274 0.1558100031397818 0.6458510717863529 1069.141709767397 0.002813023494766864 0.9728448383100695 -0.23144115336791835 118.24037356329563 -0.6643737283373098 -0.17116122076871151 -0.7275378928964091 902.5919020889562
-0.746165407962551 0.15509530500819213 0.6474431483338873 1067.3506374429949 0.0025181487119966123 0.9731369388371087 -0.23021328631902846 118.69802996713574 -0.6657558432992866 -0.17014683257456945 -0.7265116740133619 904.6380612678058
-0.7450161979396521 0.15505860116262601 0.6487739937859984 1065.7516256311862 0.0023194115825326267 0.973203333675871 -0.2299345377538602 118.98658830634638 -0.6670423413378312 -0.1698001811767591 -0.7254118921929003 906.4544223337547
-0.7473618930717124 0.1536368773022918 0.6464100174943661 1068.8108144096807 0.0004429163107707579 0.9730127818260719 -0.23075079680952482 121.57605191933065 -0.664417041179264 -0.17216804679117864 -0.7272607228873993 902.4080440733704
-0.7443896351634284 0.1547182061509303 0.6495739740373657 1064.8376801132526 0.0014282358951546864 0.9731534131651179 -0.23015298083516011 120.22430854576544 -0.6677439862727973 -0.17039574856938194 -0.7246262882796857 907.2840111772742
-0.7425894347267373 0.15591991820903833 0.6513446941043672 1062.4916812499996 0.0015716382333105378 0.9729266187712741 -0.23110890168827278 119.98759253358105 -0.6697450719381879 -0.1705953504406932 -0.7227300775687482 910.0296796100578
-0.7419045438500915 0.1552374433499995 0.6522875010275324 1061.4554084761362 0.001228803972015996 0.9731425896052667 -0.23019989213106468 120.5010434792275 -0.6705043906309531 -0.1699848124936788 -0.7221696654291864 911.1318947158644
-0.7408534038619008 0.15429620129650307 0.6537039974267439 1059.879979159221 0.0002573090063429928 0.9733215659704307 -0.22944511981941162 121.88547430392256 -0.6716667088506848 -0.16981699409169249 -0.7211282970036271 912.7400136651806
-0.7386846795407128 0.154277436530982 0.6561580730199569 1056.8745271671355 0.0001355365300698408 0.9734884084695631 -0.22873631151447268 122.08370103339033 -0.6740511299906583 -0.16887507558199846 -0.7191218832753533 916.1707390059202
-0.7372132729327748 0.1545434513330003 0.6577483651532937 1054.8692940150693 -0.0003356512503692316 0.9734061129462824 -0.2290860681426247 122.73005962869772 -0.6756600310437079 -0.16910606413991705 -0.7175560337152229 918.35819544143
-0.7356245432258334 0.15577678124196181 0.6592344998782134 1052.817667278749 -0.0003291959015835344 0.973116256900612 -0.23031422488808873 122.67524316523779 -0.6773894175685375 -0.1696418137772545 -0.7157969209101984 920.6715928418878
-0.7336762652327632 0.1572434912821665 0.6610549313661455 1050.3025398940706 0.0008971540937873779 0.9730794274173917 -0.23046826907748919 120.95997385740542 -0.679498589364714 -0.16849603077353836 -0.7140663517243525 923.7363550080415
-0.7312439197932825 0.1581041542173443 0.6635400562020153 1047.0409696481338 0.0016938632186092178 0.9731849706919569 -0.23001770289847623 119.8649061304172 -0.6821139645196777 -0.16707510059405395 -0.7119033994642354 927.5441815566337
-0.7299970437896411 0.16078343623818053 0.6642687729299246 1045.6478413081177 0.003817945324150404 0.9728784600585095 -0.23128537620801842 116.84696300311137 -0.6834396384113863 -0.16630149904804148 -0.7108122621779169 929.4573094146656
-0.727581883789179 0.16366620436358686 0.6662116600082938 1042.6576283140482 0.0062306492375580474 0.9726609780580335 -0.23214607636845466 113.44243957396809 -0.6859925519944573 -0.1647543483869439 -0.7087102534151212 933.1892813795554
-0.7254639889247957 0.16615960873692354 0.6679019278290163 1040.0382942396823 0.006651715727778243 0.972068118463054 -0.23460462004311547 112.75041706844138 -0.688227982176837 -0.16575450971871095 -0.7063056612095849 936.1629383325525
-0.7240867988588886 0.16458739765583896 0.6697830217698609 1037.9343219986579 0.006732788614814786 0.9727502661696439 -0.23175760877337975 112.7563354563326 -0.6896759944174914 -0.16330311754453886 -0.7054637584769886 938.4663496214023
-0.7220678875909718 0.16419326778580323 0.6720554564347582 1035.0865953674338 0.006644563751446772 0.973029113287273 -0.2305866311561345 112.92632712554769 -0.6917902973318321 -0.16203368634084017 -0.7036840690312192 941.5562588139898
-0.7206810114694425 0.16638480974893238 0.6730044389097242 1033.4368303065237 0.007388268176771864 0.9725607933812069 -0.23253153908892915 111.8097704282185 -0.6932274469470531 -0.16260872751033278 -0.7021353918844577 943.4618638338527
-0.7179841107942962 0.1613088117864138 0.6771102450022294 1029.0679619181622 -0.0007513028790185894 0.9725962350754757 -0.23249946034559793 123.15572525087343 -0.6960590867095319 -0.16743963317287103 -0.6981874512278395 946.7988237959487
-0.7188011817719633 0.16478248631617523 0.6754047625584889 1030.6341505514777 0.007128559280554114 0.9731997916891941 -0.22985071045940642 112.27382172541834 -0.695179145778851 -0.16040229942107992 -0.7007118220885228 946.4162269506138
-0.7176002283972307 0.1643952699046221 0.6767747833934336 1028.9255758874535 0.007999130764074783 0.9736233441336464 -0.22802104653964486 111.12863160057039 -0.6964093093226581 -0.15821434508603224 -0.6999873533841425 948.3956143120141
-0.7173443147223418 0.16429083210310155 0.6770713822208145 1028.5563092903867 0.008694425190062999 0.9738352517398631 -0.22708876995433336 110.19205090876825 -0.6966645829279312 -0.15701409158297935 -0.7000035956609248 948.8740613291127
