1.0 0.0 0.0 0.0 0.0 1.0 0.0 0.0 0.0 0.0 1.0 0.0
0.999999714858609 0.00021617153134641243 0.0007235693260945267 -0.06417016571774707 -0.00021624429786977137 0.999999971570147 0.0001004893467505541 -0.24833236952745263 -0.0007235475825875803 -0.00010064578583773853 0.9999997331746253 -0.9665470625254817
0.9999984580448711 0.00037644854081562415 0.0017152825937624481 -0.11747562891847543 -0.0003767447523547904 0.9999999141760174 0.00017236980373574312 -0.4939332384583327 -0.0017152175581889519 -0.0001730157616651827 0.9999985140460333 -1.9344388383264508
0.9999954034924848 0.0008633872323238697 0.002906468026592802 -0.22265917086135278 -0.000867647308050277 0.9999985508015087 0.0014647808816601975 -0.8936040651909956 -0.0029051991414323452 -0.001467295937943074 0.9999947034162626 -3.3498075291585394
0.9999926558488278 0.0009299980144751836 0.003717976882786214 -0.3185355862762984 -0.0009337062897003837 0.9999990683076413 0.0009957792998237574 -1.2257592196489142 -0.003717047346003871 -0.0009992434850704633 0.9999925925083071 -4.693833839569621
0.9999830936087594 0.001980155708729134 0.005467310126957827 -0.5172151656271442 -0.001993330892752283 0.9999951202948266 0.0024054144107200437 -1.6444149964704193 -0.005462520353019068 -0.0024162719020192425 0.9999821610916309 -6.083579936808846
0.9999682665072452 0.0015647016311090868 0.0078113819072243365 -0.7404806134480726 -0.001582848411734521 0.9999960619333342 0.002317478959698762 -1.971089519645556 -0.007807724982373332 -0.002329769651442287 0.9999668052510398 -7.409853881749399
0.999940552417791 0.003366589501217276 0.01037100311123114 -1.0215654217451107 -0.003402001119430994 0.9999884374233954 0.0033987362209281645 -2.7453120753746845 -0.010359441046034418 -0.003433816338471295 0.9999404436698055 -10.241706799121829
0.9999029029465673 0.0025632062797980542 0.013697249818661916 -1.4277762996730754 -0.00260345756280222 0.9999923430513806 0.002921617245408152 -3.001048904271167 -0.01368965623185323 -0.0029569937736123515 0.9999019199401892 -11.355527497331735
0.9998876422559578 0.0041709650800325505 0.014398121895676375 -1.5096533448063045 -0.0042209850157649935 0.9999851560702775 0.003445420816020157 -3.415228012600231 -0.01438353744105718 -0.003505807953086801 0.99989040557517 -12.838006906724075
0.999796890265033 0.0037200162658227822 0.019807566618628623 -2.2079277362924863 -0.0038048263437147436 0.999983748370893 0.004245737932655796 -4.068955958819661 -0.019791450499232522 -0.004320239933224997 0.9997947959526774 -15.21116663293283
0.999764604356368 0.0060774632733622755 0.020827873542821587 -2.3172280028832013 -0.006189981287813329 0.9999665726216773 0.005342075524755965 -4.506101639687376 -0.02079471105380778 -0.0054697421709444935 0.9997688042306442 -16.807829400387035
0.999712142878401 0.0074169339133482014 0.022817109212177222 -2.5245859024503456 -0.007550252136111131 0.9999548936897571 0.0057623153842670215 -4.794221872779646 -0.022773341304177276 -0.005932931588315883 0.9997230492734535 -18.176053324620284
0.999555273601726 0.0154862864890278 0.025483915432255005 -2.806429642443957 -0.015700960413049424 0.9998427336982454 0.008245466204371893 -4.948185413681827 -0.02535221601924425 -0.008641921175256069 0.9996412268115568 -19.35773755837431
0.9995482724973054 0.009665068816930546 0.02845764207408052 -3.24749450025824 -0.009854706806285488 0.9999301118156457 0.0065311743287442305 -5.269734208320974 -0.028392528971802274 -0.006808665736713321 0.9995736623028195 -20.50219676621259
0.9997998655711577 0.004383194630041962 0.01951964161377382 -2.1203975963031905 -0.004479801758888894 0.9999779199686077 0.0049082534019484056 -5.421348809273592 -0.019497696789519917 -0.004994715216291458 0.9997974258017531 -20.648358363906624
0.9998127053088675 0.0030096296928250952 0.019117960981126957 -2.14973205111455 -0.003103153621498668 0.9999833550543996 0.004864159922117897 -5.674654786115111 -0.01910300344357418 -0.004922574860641919 0.9998054028240576 -21.675819237678
0.9998176269391237 0.002924796602934535 0.018872160094983288 -2.1538163726682114 -0.00298529981563742 0.9999904922767271 0.003178575334921502 -5.699384168972642 -0.018862683977365794 -0.0032343347044606796 0.999816852344563 -22.56503624834596
0.9998181868750812 0.0016827815737141157 0.018993721067772994 -2.2428097956690323 -0.0017221748398146214 0.9999963996790937 0.002057849039976771 -5.986000301934361 -0.018990189773835986 -0.002090185404549577 0.9998174852528476 -24.314330357658292
0.9998136385107251 0.001678779159674691 0.019232003236223587 -2.330457024389636 -0.0017237092087858201 0.9999958234964805 0.0023198741688508777 -6.225593132257162 -0.019228028357286653 -0.002352592214727518 0.9998123565126421 -25.133476203271925
0.9998215769806085 0.000430311956567244 0.018884624317924873 -2.3195496010501744 -0.00048567918190315794 0.999995597272582 0.0029273795763890176 -6.606033477013449 -0.018883281487638476 -0.0029360291333753717 0.9998173840322975 -26.111052980180702
0.9998119667799162 0.0008290278713373858 0.01937379148396817 -2.4231561209247277 -0.0008807479841331632 0.999996071109988 0.0026612116744533917 -6.722527746024134 -0.019371509147822662 -0.002677774706047441 0.9998087687932925 -26.89233158417268
0.9997982056551391 0.0010210727519457694 0.020062536708986854 -2.5856109358400388 -0.0010662068807641173 0.9999969248024494 0.002239104403964102 -6.933724413145873 -0.020060188724227455 -0.0022600433800425337 0.9997962197529398 -27.857961470682852
0.9997939352451254 0.0009898452257657933 0.020275779972546336 -2.7145751115922634 -0.00102905208993409 0.9999976209095204 0.0019233374886582267 -7.099831682595278 -0.020273827928200552 -0.0019438059903458778 0.9997925752471908 -28.832774697695456
0.9998050669111808 -0.00014190896004591098 0.019743556938311105 -2.64219664367157 0.00010208378687290163 0.9999979583918025 0.0020181157368402308 -7.374173645309092 -0.019743803018408876 -0.00201570684224745 0.9998030401875644 -29.60324769221191
0.9998047381063114 -0.0005467752820594011 0.01975314397661751 -2.7040811735374315 0.0005003899601753171 0.9999971062223983 0.002353116384118287 -7.634047556024351 -0.019754373441286555 -0.0023427726352292576 0.9998021184946159 -30.487023159242824
0.9998167459702788 -0.0011396876415844881 0.019109568008790965 -2.6703087352487884 0.0010892875480012164 0.9999959017492643 0.0026476286207504705 -7.8656732565991785 -0.01911250716260839 -0.0026263276176568544 0.9998138899181207 -31.365101733274088
0.9998106270746366 -0.0010638569191959678 0.019431371466711193 -2.7747635810151348 0.0010239891060597039 0.9999973507077659 0.002061558575501027 -8.08620288922735 -0.019433513190684544 -0.0020412706594250644 0.9998090676620024 -32.283277948992605
0.9998100990507336 -0.0014493246481848566 0.019433612485236645 -2.8257856116015887 0.0014039754404299464 0.9999962602493585 0.002346985355690363 -8.331834717978028 -0.019436941352096816 -0.002319255346295298 0.9998083948264856 -33.16670407903479
0.9998072034305185 -0.0016654218809033713 0.01956482400647645 -2.9262194585774868 0.001627715039070476 0.999996787557146 0.0019430437822143074 -8.548374388744456 -0.019567997143227833 -0.0019108232117666353 0.9998067024392545 -34.10276640266166
0.999815921912548 -0.002098108977681819 0.019071450623365092 -2.9256564502767777 0.0020476704084221703 0.9999943554343238 0.0026638591159920187 -8.838590294721138 -0.01907693204003605 -0.002624316712813556 0.9998145746215799 -34.9300422229728
0.9998069269909402 -0.002415625206054498 0.019500602447020395 -3.038244571568944 0.002362955415298356 0.9999934994149506 0.0027235215340469564 -9.061934242777873 -0.019507054688962553 -0.0026769166413953714 0.9998061356756403 -35.84844647920225
0.9998210459155842 -0.0025397045708052644 0.01874636084578177 -2.9927823197832897 0.002489203284555687 0.9999932114984106 0.002716767215501149 -9.335665849855927 -0.018753133372196393 -0.002669617535920742 0.9998205804697844 -36.67119380275588
0.9998335628526165 -0.0026388636020940343 0.018052229566800717 -2.9590887165218227 0.0026036473909463098 0.9999946621176791 0.001974020367790635 -9.471123061633739 -0.018057342376622012 -0.0019266901770593784 0.9998350965290501 -37.5959774597294
0.9998394911847147 -0.002798654908208188 0.017696310298914383 -2.9846137814308005 0.0027604243442546877 0.9999938041490727 0.002184426905559202 -9.731759390608874 -0.017702314112294674 -0.002135226960031905 0.9998410218034159 -38.47841918025935
0.9998288691143232 -0.002933268966910325 0.018265498042518636 -3.151820364398791 0.002901391687967285 0.9999942218870526 0.0017714736185994314 -9.875793097846463 -0.018270588710999045 -0.0017181751005529813 0.9998316025523885 -39.36227422280518
0.999842639375977 -0.0029921350014212697 0.017485525837488122 -3.096480129312382 0.0029547855888890687 0.999993298636108 0.0021614636243786943 -10.206392290946965 -0.017491876051581444 -0.0021094575153552016 0.9998447801839979 -40.22098674176877
0.9998311532149428 -0.0033086983004560586 0.018075330603729373 -3.274513719667352 0.0032651193195971143 0.9999916927993349 0.002439944292308775 -10.504956623814568 -0.018083253487864125 -0.0023805142043969584 0.9998336507116653 -41.10857514924842
0.9998601617813911 -0.004236946718886808 0.01617730400875299 -3.0619971957029577 0.004197732794178694 0.9999881705435278 0.0024571960436642728 -10.692282323401834 -0.01618752364875425 -0.002388944434187813 0.9998661195493181 -41.966692814595476
0.9998564370343236 -0.004114273311939584 0.016437094516439932 -3.1436620714448864 0.004074680906529672 0.9999887179934135 0.0024414875382200813 -10.948833575554666 -0.016446954020051266 -0.0023741611158434707 0.9998619209983238 -42.953933451809974
0.9998536449295251 -0.004432658099341178 0.016523930020353166 -3.2147560706295444 0.004375333178848324 0.9999842899922103 0.003503744903543753 -11.321254830558058 -0.01653920133250855 -0.0034309344134484496 0.9998573315770273 -43.82384634094278
0.9998691737813233 -0.00495366323681924 0.015397939550150052 -3.1334253125294964 0.0049110091086716715 0.9999840020895137 0.002806698162266782 -11.438965277686949 -0.015411596652794722 -0.002730711551173683 0.9998775054490604 -44.67457018949712
0.9998665378297342 -0.005117346417363206 0.015515131131423325 -3.2059990874054307 0.005055118392875125 0.9999790320893508 0.004047364535006913 -11.775589736892492 -0.015535517577943029 -0.003968393540201887 0.999871441509505 -45.581478413879836
0.9998689460565234 -0.005475676063410216 0.015235080684577225 -3.229569413005457 0.005419802801267577 0.9999784443704925 0.003706282769164819 -12.013251733237714 -0.015255046686665817 -0.0036232259132204718 0.9998770703364336 -46.55937944872322
0.9998784685560691 -0.00636392003230433 0.01423195839624583 -3.182592023946235 0.006306642587579471 0.9999718472423248 0.004065831039923017 -12.253497975337568 -0.01425743235097279 -0.003975581038679532 0.9998904541889388 -47.359725508150106
0.9998797317054248 -0.006715984416514756 0.013979187315607681 -3.1373249287030056 0.0066507781213229235 0.9999668107426488 0.004705801053647104 -12.575930509075825 -0.014010327443305817 -0.004612262621827253 0.9998912129619095 -48.39547289035181
0.9998850770817285 -0.006594631823746078 0.013650767757721042 -3.212157052413499 0.006545705217573887 0.999972003458888 0.003625747043346651 -12.705423818746155 -0.01367429605027721 -0.003535976460179911 0.9999002502739973 -49.20992908201002
0.9998896666007685 -0.00714927428349277 0.013020848752032474 -3.1662200622220276 0.0070984571734818164 0.9999670247119145 0.003944793347905539 -12.962867546988667 -0.013048621795429633 -0.0038519301682175123 0.9999074437682814 -50.20477461730465
0.9998941374933827 -0.007622317610180438 0.012394114757160247 -3.1895803512228014 0.007574915706721295 0.9999638328014692 0.003867006727633273 -13.184742777422116 -0.012423142050229935 -0.003772712982063061 0.9999157125369892 -51.05829178253197
0.999883932313247 -0.00891232088854734 0.012356878172812578 -3.3184622519909013 0.008873349476602418 0.9999554946033752 0.003205071229363333 -13.493010123481042 -0.01238489284831519 -0.0030950523256926955 0.9999185142201523 -52.89238569243565
0.999895632519564 -0.008524581331892222 0.01166428657984997 -3.3277274575397904 0.008491596238115972 0.9999598142678245 0.002874481307421667 -13.696756519999749 -0.011688321591645574 -0.00277513289300829 0.9999278382842416 -53.708892252051086
0.999893698659081 -0.008442270369208577 0.011887785869381592 -3.250792565849183 0.008406179936982653 0.9999599159687342 0.0030826278836484883 -14.076382861417196 -0.011913333737042547 -0.00298236932910056 0.9999245861326016 -54.95169432576568
0.9989698638787834 -0.0183051151893377 0.04152269042234822 -4.710460518916831 0.018234153853361374 0.9998315656494575 0.002087094680775503 -13.961195340665425 -0.041553901083496804 -0.001327813563589845 0.9991353813252153 -55.450935999046926
0.9750176378497218 -0.017005185709815334 0.2214755732375998 -14.475861212501862 0.018569961421111617 0.9998151373699833 -0.004984738574882221 -13.111704645951207 -0.22134986427546588 0.008973000881320862 0.9751531791674664 -54.04222096050294
0.9073652333507756 -0.00901454907309937 0.4202464410453719 -25.065327236267848 0.018495775354212936 0.9996579281300841 -0.018491431007736883 -11.999343495465073 -0.419935994647207 0.02455126537830763 0.9072215803032823 -50.49061085697763
0.8023837667948133 0.013924954585358574 0.5966459472953474 -34.162001997990465 0.013431313006313929 0.999053225253562 -0.041379378214056496 -10.281593766998364 -0.5966572639422847 0.04121587983109438 0.8014370596838254 -43.88237776312957
0.678235373443105 0.04197703128936974 0.733644809873704 -40.99158909990895 0.019624985921045827 0.9969763250159165 -0.07518688240216134 -7.910960000639836 -0.7345826285300318 0.06539217232887251 0.6753608114630434 -37.110955856034295
0.5308702139078918 0.06620130581349348 0.8448634227459356 -46.355964389716014 0.039675218332382016 0.9939094325714293 -0.10281010113708204 -5.9931099349512245 -0.8465238880478608 0.0880989611410233 0.5250103618122269 -28.667598966341217
0.3536077135938141 -0.019406155131334514 0.9351924860850699 -48.91670364820962 -0.002805849666077602 0.9997582642909932 0.021806883993633057 -15.686245528424918 -0.9353896044400999 -0.010335091914394204 0.3534677832285632 -14.783808926319935
0.28382380062302764 -0.011410144549227966 0.9588085621234644 -50.718933487326794 -0.007889353950027909 0.9998675648391089 0.014234144756937 -15.617945449025893 -0.9588439958064873 -0.011604369180441537 0.2836961937033576 -11.45574624031427
0.23980361685329313 -0.021445278603596272 0.9705845276789102 -51.47213118849674 -0.0062684012655150915 0.9997009465909196 0.02363735456420667 -16.71963032843787 -0.9708011807211885 -0.011752336398932303 0.2395974751526252 -10.15371865222086
0.19929573416717467 -0.016766191108898397 0.9797959507869312 -52.49578181109508 -0.0059210457430420365 0.9998147681999044 0.01831312389189236 -16.590048525555737 -0.9799215027542132 -0.009451144114385902 0.1991595448750912 -8.635753828887758
0.16946768753261646 -0.011224632847466335 0.9854718212611596 -53.5656898076473 -0.008113875534171897 0.9998853591336913 0.012784115687258794 -16.638492774434027 -0.9855023429227164 -0.010162490222815936 0.16935718433626526 -8.166538529038448
0.1465974413666258 -0.004980630517529082 0.9891836955310205 -54.694461547972104 -0.004475404187100539 0.9999737502001016 0.005698216221466514 -16.07059393813554 -0.9891861103665582 -0.005262340771211908 0.1465713028784518 -7.94909928336449
0.13618624649867148 -0.0069828871846921575 0.9906586422936859 -54.796461008245636 -0.0011069478919980696 0.9999734618153111 0.007200717427253285 -16.2030945962158 -0.9906826338091163 -0.0020772461742918605 0.13617490267066065 -8.469844436183479
0.12656146494041975 -0.005703124445788278 0.9919423722997676 -55.20984701807619 0.00032728482794010813 0.9999836579638585 0.005707599308132629 -16.34281576271913 -0.9919587130908101 -0.0003977144410855591 0.12656126321448855 -9.050668435370241
0.11933468352992511 -0.006003692795790843 0.9928359325586611 -55.55733516061326 0.006869757739489708 0.9999627727194772 0.005221073048299881 -16.09176111248574 -0.9928303176955331 0.0061974872318328565 0.11937148493923466 -9.888252798958618
0.11380567512054307 -0.004737347066741133 0.9934917341644702 -55.914764370042356 0.009724842281844205 0.9999460359276896 0.003654131236359522 -16.08453504770565 -0.9934554321925824 0.009245689550732404 0.11384560365591996 -10.665116817104604
0.10765055978572256 -0.00558576449474502 0.994173101734718 -56.349406137514606 0.013725613759037077 0.9998972630317793 0.004131695595571185 -16.071272113322653 -0.9940940420829201 0.01320085666030717 0.10771616813958673 -11.478667838298378
0.10656277286625666 -0.004825055008273713 0.9942942694611198 -56.342856254773096 0.013953120046336167 0.9998970157701709 0.0033568280980191094 -16.33422586147384 -0.9942080697117818 0.013515794393014847 0.10661912315292517 -12.580475005050474
0.10594741960787966 -0.007238946139189198 0.9943453836254412 -56.161451183474036 0.02298210138017713 0.9997242121022731 0.004829363585464317 -15.962069119343166 -0.9941061147053585 0.022340487803162806 0.1060845667858129 -13.922154036910626
0.10486830935427241 -0.005881383836592518 0.9944687260127104 -56.16745301211812 0.022193116019914416 0.9997473202043422 0.0035723025576265884 -16.23463890164758 -0.9942384539407553 0.02169573848485632 0.10497233748513693 -15.230528445309176
0.10072762764410705 -0.0061480690504083 0.9948950428442902 -56.67256559935781 0.025037714865705163 0.9996798705181433 0.0036427071159544477 -16.312835649675126 -0.9945989432246016 0.02454297715804646 0.10084931536071944 -16.213563754651403
0.09806913813557548 -0.005937658319726327 0.9951618905278797 -56.787270569172506 0.026870010686847322 0.9996334347963558 0.0033164081366617686 -16.44499755488863 -0.9948167905051836 0.026414773345959083 0.09819273434448948 -17.077645585470293
0.09447057645494182 -0.0067082703333962105 0.9955050523696026 -57.14149551291618 0.03011513178436491 0.9995389151776785 0.0038776130597103064 -16.53106963519131 -0.9950720521760631 0.029613445503091626 0.09462903795111781 -18.046774333454934
0.0928711865535941 -0.005000890958063111 0.9956655732713435 -57.349359165375525 0.027510982965555764 0.9996184874914378 0.002454644902817908 -16.92549143555836 -0.9952979898122956 0.027163772840965814 0.09297333446019877 -19.14181400363576
0.08982857464233725 -0.004059752662325493 0.9959489673602997 -57.68492192323857 0.026286180341405434 0.9996530063567093 0.0017039967877033931 -17.234284514630378 -0.9956102972050789 0.02602662656423483 0.08990412008857386 -19.8946047560986
0.08691548726022266 -0.0061165313214735385 0.9961969113176931 -57.88314217454075 0.0336130487977792 0.9994297869507107 0.0032037331622675747 -16.995216791049447 -0.9956484625734306 0.03320676136346831 0.0870715221809834 -21.003008996168845
0.08437731761076281 -0.006127196182043156 0.9964150368896283 -58.10164681488869 0.03587339855424242 0.9993515112099458 0.0031074617561786394 -17.166162898666855 -0.9957879129357723 0.03548259445621741 0.08454240321681585 -22.119780820759416
0.08159190173778758 -0.0033687252286446565 0.9966601292623002 -58.40997379289302 0.03159970401705113 0.999500291337633 0.0007914050930763906 -17.64039128193358 -0.9961647555885752 0.031429592843695536 0.08165758027785015 -23.048227519145684
0.07910791336561891 -0.005587585462335669 0.9968503984709233 -58.6703025472621 0.037381244716479196 0.9992976034871031 0.002634807085687068 -17.535110773458886 -0.9961649364369257 0.03705507460029174 0.07926121914267018 -23.97779020969307
0.07744368965869602 -0.003998398938260615 0.9969887099350614 -58.838146135112815 0.03640105453348911 0.9993365650246693 0.001180268420587726 -17.85123369217226 -0.9963319919388804 0.03620003605834117 0.07753785674415606 -24.95980537099304
0.07446367547852265 -0.0044189716194418804 0.9972139357851231 -59.114250117278374 0.03937723565970263 0.999223308688138 0.0014875100436742388 -17.874000554127985 -0.9964459816497979 0.03915676268738716 0.07457984707556148 -26.049176064984692
0.07284267433584452 -0.005353619077240461 0.9973290748586335 -59.259306182957395 0.04350769201907409 0.999050702329765 0.002185156648102718 -17.875497297353505 -0.9963940111877306 0.043232313576526966 0.07300644856480383 -27.098509548704854
0.16337991079303754 -0.02555553006254089 0.9862321834296839 -58.6287165925676 0.033850551332078954 0.9992210383551948 0.020284395058281557 -20.122947415910424 -0.9859823248536321 0.030070440495422047 0.1641177128911986 -34.24060479987965
0.35454933610263856 -0.07755192252864392 0.9318156832664329 -49.81715112591098 0.05898373553520816 0.9964247766700858 0.060486224715068065 -21.72196889096906 -0.9331750571095921 0.03351661901326418 0.3578560451332754 -47.19326817792586
0.5603688868550883 -0.13929349244617764 0.8164459771515415 -37.148008737051654 0.09374984284994473 0.9900885840725658 0.10457324062489501 -22.77395967640353 -0.8229202133927684 0.017942091609624865 0.5678735807715235 -56.12438214062446
0.7551438124031806 -0.1550356323013693 0.6369629308728293 -23.000348718369814 0.09937535293354816 0.9874762290217938 0.1225366734746413 -24.991355690089016 -0.6479833036572182 -0.029234394705769676 0.761093284918258 -61.39844506996428
0.850833094231821 -0.18824246466170363 0.49055868176803497 -12.224491255497846 0.1361401099057876 0.9807178963228471 0.14020798232244078 -25.194702857381795 -0.5074927745640768 -0.05250887858426424 0.860054592124871 -64.23833019208207
0.931957132101696 -0.20844207546014198 0.2966610946899687 6.3404903396703105 0.17129831973765303 0.9742778779781746 0.14642234166069773 -24.26583614472837 -0.3195509186027149 -0.08564179855779412 0.943690994319617 -71.69027700063272
0.9498976406570565 -0.22722304255341602 0.2146256303588321 12.79238230241788 0.20073274076397074 0.9698286910880697 0.13834260633581416 -22.360653318465435 -0.2395847220912512 -0.08832892434061457 0.9668490896025542 -71.80472183403757
0.9577176673216117 -0.22860957655371578 0.1746840897391106 15.704713458645196 0.20546983146282083 0.9684634105741479 0.14092824677022772 -22.74649502462141 -0.20139269614037889 -0.09907716127857581 0.9744868896266837 -72.38795626442901
0.9642234547855487 -0.2226658490153387 0.14385078701105306 17.791237217962237 0.20215644862654863 0.9686584731135351 0.14433825807476133 -24.206178811033098 -0.17148148448191883 -0.11009396962428594 0.9790165567201835 -74.90280193855821
0.9670581088140067 -0.2225309350611502 0.123606622467759 19.303159468368634 0.20460086451328022 0.9683910619684631 0.14267879078549306 -24.21781638824722 -0.15144999312477803 -0.11268865976841809 0.9820204506740694 -76.19891895100191
0.9684685988592452 -0.22436224278125474 0.108305849508583 20.634007759147504 0.20860541742597102 0.9679524401700824 0.13982794209069713 -24.11375969761937 -0.13620702200748286 -0.11282578421153676 0.9842347228039178 -77.26293688109148
0.9690738963216944 -0.22624731769727616 0.09852885213315775 21.512656654013657 0.21181412835161514 0.9674765975067267 0.13828885821877587 -24.209983631346642 -0.1266118418574478 -0.11314231971987752 0.9854786943358388 -78.89490253315618
0.9698777403505376 -0.22574850693271728 0.09151382622414986 22.162560395420236 0.21204114107903918 0.9673275466293064 0.1389819125714785 -24.794110689971024 -0.1198988042577323 -0.1153907671773439 0.9860574261105638 -80.40571340075971
0.9702300650973079 -0.22566871541861686 0.08790478748387287 22.406766366918564 0.2124452310003118 0.967313254062893 0.13846332488959304 -25.134404944293824 -0.1162783066891572 -0.11566632783817485 0.9864586438355812 -82.01778384667158
0.9702806218818634 -0.22562881796961218 0.08744799198483683 22.25361423132172 0.2124474124799032 0.9672987961968049 0.13856094618183684 -25.57654546611036 -0.11585167988051939 -0.11586490140611017 0.986485536077957 -83.95886885522894
0.9704608775448965 -0.22644271309338587 0.08324291466362722 22.784223970028208 0.213833463333863 0.9670954897999511 0.13784615905870656 -25.881750946486612 -0.11171810557575203 -0.11597418374577716 0.986949367288447 -85.46123811932156
0.9705262988406539 -0.22627345034218935 0.08293991155591295 22.725776980241882 0.2138598967572827 0.9672904426799619 0.13642999691771499 -26.07756799739064 -0.11109746989750154 -0.11467137903698603 0.9871716299672157 -87.22693095856297
0.970062119943205 -0.2283788171936182 0.08259902728567034 22.67438822569541 0.215799989742338 0.9666102563191484 0.13818457513715862 -26.67044419281497 -0.11139949676054106 -0.11622275266002843 0.9869561408115479 -89.02540952327129
0.9701841938610539 -0.22758299285722153 0.08335833098333197 22.482883635595424 0.21505754570711375 0.9669509626891494 0.13695286703446535 -26.987066110205298 -0.11177156175257434 -0.11494266882527625 0.9870639801282961 -90.83144502508748
0.9700780161620198 -0.22777228289586296 0.0840739537762259 22.230980831601443 0.21527610033709485 0.967042249078534 0.13596135157015635 -27.27660816605987 -0.11227129278142772 -0.11379400529701711 0.9871403553576611 -92.74397224188291
0.9698060932457778 -0.2265847299555722 0.09019701577281916 21.8263392127111 0.21329856988032983 0.967371052624911 0.13673685176417458 -27.956088447364877 -0.11823646472373836 -0.11336933754032533 0.9864925401214648 -94.30815524765364
0.9479918686664038 -0.19979417991043757 0.24777752645527693 6.209045474256488 0.17359571180280525 0.9770242845489253 0.12364496045265233 -27.935344444722723 -0.26678820398596553 -0.07420130103695133 0.9608944901176022 -97.08516868423058
0.8868926932508275 -0.19580937074201984 0.4184256696092004 -8.275000469675335 0.17651244016340176 0.9806410807579209 0.08477280930521539 -20.96288782757017 -0.42692471130851045 -0.0013270491894159867 0.9042861990623289 -103.34847572231607
0.7543161795280523 -0.17943284776680593 0.6315148093627714 -33.07004665618539 0.1658789684336118 0.9828048164285166 0.0811101759109829 -21.31735646849743 -0.6352096261342424 0.04357230711362459 0.7711097100407905 -98.72528504902995
0.5278755588896502 -0.23134227082998207 0.8172075305907103 -59.90153626933918 0.13790137494394475 0.9727665883469923 0.1863018394550171 -44.26610726734627 -0.8380516721035218 0.014349854458517677 0.5454021237229558 -83.74075958293018
0.31380627420970164 -0.14067271273660048 0.9390084185767195 -76.60362534148871 0.17448763726697403 0.9806650042629425 0.08860143257844239 -24.467339189848403 -0.9333164986796357 0.13604167488416646 0.33228448050894027 -61.823088212993326
0.15373866250602636 -0.10192206201712178 0.9828409418237705 -83.82991064461218 0.17322258988411604 0.9820424494021471 0.07474330689814696 -24.27743250589916 -0.9728095178423666 0.15875931735305873 0.16863309624416348 -43.68669536789406
0.05440882510416769 -0.08534816475710859 0.994864498574242 -86.7979569683258 0.18283209364407882 0.9803474191425439 0.07410373347056665 -24.884533055627273 -0.9816374612271616 0.1778612620925294 0.06894393492067077 -32.868471688155324
0.00019308519532866553 -0.0749065898613533 0.9971905362133409 -82.90991055841809 0.1855354800780149 0.9798795821782356 0.07357030693443377 -26.919268132005513 -0.9826375467843307 0.18500001952851047 0.014087030351456604 -26.711060970931186
-0.017037402034279635 -0.06709230508301225 0.9976012978793534 -81.83863364920417 0.18641320687689586 0.9800387877416403 0.0690947959239169 -26.344621882947347 -0.9823236957509445 0.1871432529388762 -0.004190423088655127 -24.521929797487495
-0.02706145305722121 -0.06188266291477362 0.9977164997077114 -80.43978386332502 0.18543836889302936 0.9804476201644325 0.06584128990377372 -25.981097865924156 -0.9822832020862033 0.18679668129941895 -0.015056917174471553 -23.12979469336359
-0.055320938795917755 -0.04524641404646852 0.9974429085149055 -85.69280429996596 0.19565828335659152 0.9791135929602636 0.05526670095450993 -24.056837129137833 -0.9791105299631346 0.1982153730071889 -0.04531264745003226 -25.23078347115424
-0.06600654471527995 -0.04186041445438145 0.9969407413464738 -86.81470791080304 0.20008412054631036 0.9782715665859683 0.05432390555404268 -24.1368049698141 -0.9775528020316647 0.2030577447701575 -0.05619672169173472 -27.067196511866314
-0.07257249661992575 -0.04580173937171428 0.9963109120173663 -87.08478975005077 0.20746920130700747 0.976399859314864 0.05999871031069007 -24.665534447003825 -0.9755458796199097 0.21105808537092166 -0.06135732520390266 -30.433620945759827
-0.08060984277758496 -0.043043614099280134 0.995815896906976 -88.46719538652097 0.2126953339001279 0.9753129408788013 0.05937476140126298 -24.68045498454447 -0.9737878353031969 0.2165915848771971 -0.06946464695006954 -33.39274021532455
-0.0807961028393053 -0.039418918846094844 0.9959508715810161 -88.57558165671112 0.20735086270357478 0.9766922845543121 0.055477932803611685 -26.066084918867578 -0.9749244121992555 0.21099367319681356 -0.07073938343562627 -36.53696069528408
-0.08269716517404706 -0.03866199703239212 0.9958244970162382 -88.84472085781933 0.211763433441473 0.9757456308823347 0.05546811760925635 -26.21995887599811 -0.9738159102875941 0.2154662706771126 -0.07250420036964775 -40.18794597670805
-0.08678239858087058 -0.03624474899946194 0.9955677442879097 -89.73458797294943 0.21365822769346948 0.9754073772727622 0.05413510968638392 -26.70105687089792 -0.9730462358158715 0.21740921445936295 -0.07690420295878678 -43.25423438726982
-0.08961984121748491 -0.03534668316191775 0.9953486304052485 -90.26891598779277 0.2131466598949049 0.975535926752333 0.053834533443809326 -27.71550441917433 -0.9729012208008573 0.21697987834109844 -0.07989334740316983 -46.66618153006138
-0.14122213094814348 -0.011571311948300023 0.9899103062754022 -92.18818557146729 0.21232587791032725 0.9763086482748817 0.041703055922582194 -27.732191578573136 -0.9669405521023897 0.21607296925684236 -0.13541949880448323 -44.81599364224044
-0.3039139276833464 0.07048422100974312 0.9500885743701645 -98.04563742909647 0.21692337401858713 0.976183929416393 -0.0030308008121674584 -23.96336403485283 -0.9276748214565672 0.20517531659003369 -0.31196556716680385 -26.21657972006976
-0.4859416771074378 0.161446317867341 0.8589503902421189 -101.5683966107618 0.23965794524812653 0.9697342750826232 -0.04668516905213131 -19.01893828128602 -0.8404907826558581 0.18316801625026563 -0.509926192790178 -6.06914205650655
-0.6326112543981222 0.24491642211548093 0.7347237215355076 -95.78796342786916 0.26638731515053304 0.9596065678699895 -0.09051537564231715 -14.491021515802597 -0.7272144107041094 0.13846003422984823 -0.6723005427525285 12.360294573331217
-0.7839178664525451 0.3390509659563813 0.5201127004222589 -90.53841612574888 0.3218305304800444 0.9382962475307581 -0.12659092195189642 -7.110667018226671 -0.5309405694683943 0.06815126083751272 -0.8446641446982549 37.691134416968865
-0.9371636410893348 0.21239724116631586 0.27678822548135673 -83.60803042971615 0.23586733988266922 0.9702808015139001 0.05405334578190625 -28.45706970910689 -0.2570815197497749 0.11594213280116412 -0.9594094610981608 53.373985315657
-0.957599988066696 0.2411130972574504 0.15769190589749052 -76.38166447455475 0.25096790987637474 0.9669211238424222 0.04559219757362123 -28.037282966415738 -0.14148275890350548 0.08323469587994911 -0.9864353067154609 59.96191257084918
-0.9609383409938352 0.25193918606374477 0.11456068842999093 -71.57770316139491 0.2575957665285977 0.9655307022992216 0.03734814565835831 -28.621641379300893 -0.10120240053753443 0.065399613478306 -0.9927139389987072 61.09067120689977
-0.9622941947978064 0.25823970159698967 0.08545255512586566 -68.1769550724427 0.2622419755282135 0.9642012806493552 0.03930695441273856 -28.499134032791066 -0.07224284690888734 0.060234100916700645 -0.9955665844920952 59.83888415164859
-0.960901338580263 0.2679342249941159 0.06985605622607965 -65.95402609997947 0.270616134159674 0.962152248334374 0.03209297364819404 -29.27735788783471 -0.0586133555355095 0.049742357221113254 -0.9970407075194849 58.93803371993005
-0.9606324744700014 0.27331275981207576 0.04985362893058769 -65.23611284929916 0.27474831656194015 0.9612031431065249 0.02453324741075117 -30.40902237262052 -0.0412142152663624 0.03726463479015725 -0.9984551744840297 57.47163163810097
-0.96013950863322 0.2780627158484154 0.028517538753586855 -65.69336160617596 0.27871780856067924 0.9601139954846787 0.022304682593110248 -31.101857347560554 -0.02117798745611832 0.029363952892112778 -0.9993444106602379 55.42431912485874
-0.9595911917624358 0.28099739344612945 0.01500698398843624 -65.65006736040611 0.28126281759659383 0.9594177291700949 0.020219999795342676 -31.728291573677605 -0.008716199261904908 0.023623840301263632 -0.9996829207502983 53.014329733436696
-0.9576217438553606 0.28802826830682754 -0.0005588842352556795 -66.4892008973682 0.28793576920174996 0.9573599189602564 0.023557979170708288 -31.842837864710194 0.007320417311519963 0.022398710332988854 -0.999722316078722 50.4050837533467
-0.9585832516609832 0.2848124667979772 9.160517051332463e-05 -66.12682164380077 0.2847332972986867 0.9583091107616785 0.0238871856981743 -32.62964270889421 0.006715582214062589 0.022923939181835523 -0.9997146562734357 49.1365760480801
-0.9565931782220756 0.2911359747411899 -0.013012900925067277 -66.06871077221261 0.29075603928729754 0.956467482856435 0.025117321836527855 -32.72018908667645 0.019758972568224977 0.02024347919142035 -0.9995998122015003 47.48013584454257
-0.8782422160639172 0.29691554365085526 -0.3748756725391192 -43.940780153835384 0.31888073424901164 0.9477879224783249 0.0036237175707464347 -32.9804025083734 0.35637857293607184 -0.11635812796164426 -0.9270680119653091 57.80792965254322
-0.7788466409550552 0.26215378901524605 -0.5698011063327073 -29.756576655657277 0.32246368714215884 0.9465671576120841 -0.005271300111339264 -34.07368851197477 0.5379731223283475 -0.18784570007090867 -0.8217657285486898 64.75945201456638
-0.7002407587887769 0.2060055231165311 -0.6835382975198994 -16.500127026362243 0.3143456946878844 0.9486207748872665 -0.036130453684857386 -38.22743233443534 0.640975556446663 -0.24016733728333384 -0.729019880483464 74.43970602632923
-0.6535600516209327 0.18433989992824004 -0.7340831425797013 -10.513082722269317 0.31354847540432396 0.9486899440338994 -0.04092363205509293 -39.68666288628112 0.68887343721243 -0.2569167012543229 -0.6778253433737405 74.54944299828941
-0.624973515974848 0.17249400019462396 -0.7613500668069147 -8.031421157191879 0.3203523185664893 0.9460494654974172 -0.04862921777210237 -41.1268870525498 0.7118865754592588 -0.274292232352484 -0.6465147136392024 72.92880179448004
-0.6016236864894405 0.17207123884285497 -0.7800259153502148 -6.043293089583557 0.3177951132855244 0.947471856762885 -0.036101892112896536 -40.82848201214734 0.7328405050396 -0.26960817755657124 -0.6247049101519279 72.18709914696349
-0.5886768609273003 0.16291047422977994 -0.7917826285004036 -4.755983897184024 0.32078572372831804 0.9461371408549155 -0.04382955791455383 -42.14611384007358 0.74199465824282 -0.27979401008798277 -0.609228396463926 70.78284993824661
-0.5798248543151794 0.16578757299485702 -0.7976951917611487 -4.070601179235716 0.3220542251714876 0.9459787366902913 -0.03748740827307788 -42.18683437247603 0.7483877433306706 -0.278637237946249 -0.601894571550626 68.84725375687094
-0.5732554751043326 0.16621120751652135 -0.8023415698808118 -3.5354527072364546 0.32526903275417984 0.9449109393735966 -0.03665205292022515 -42.860696992586234 0.7520493445207344 -0.2819878563839347 -0.5957387281836957 67.45057861151604
-0.5699214855551671 0.16728995400584795 -0.804489634234844 -2.954098888555726 0.32218026610807154 0.9461543758576739 -0.03149243045412986 -42.670293815939004 0.7559030205212331 -0.2771388971871276 -0.5931312293521384 65.65056570975493
-0.5713336331298897 0.16806807654891837 -0.8033249661872507 -2.1301356448263546 0.3212096923740013 0.9465193480193909 -0.030421330509128708 -42.94969979335517 0.7552497687385279 -0.2754164945497875 -0.5947634330978215 63.89282787950016
-0.5733941635079746 0.16978765856482503 -0.8014931592060311 -1.389484371192621 0.32061460633269734 0.9467715909390968 -0.02880674915329738 -43.13355468751357 0.7539399229786944 -0.2734880355513306 -0.5973097077305495 62.07375301191088
-0.5757248849024185 0.17031853635296199 -0.7997077297855022 -0.7897001143238178 0.32053484180774283 0.9467891446429523 -0.029115816553083165 -43.754638908401944 0.7521956341879301 -0.2730968907930888 -0.5996830964332457 60.36367899388094
-0.5673723685308569 0.1670896758351272 -0.8063309715352609 -2.0070000474096297 0.322941607744029 0.9459036625058463 -0.031224657655891927 -44.648623980657355 0.7574941012413148 -0.2781138282921906 -0.5906398099495789 57.999579436097605
-0.5534572396942767 0.16259719332987715 -0.8168520285530535 -4.205626822543037 0.32313851903886603 0.9458546716602934 -0.030666555264120487 -45.152845166958436 0.7676370114470513 -0.2809289818079393 -0.576031531981535 55.781985989511895
-0.5573066413291021 0.16427004906934012 -0.8138947465792072 -3.541500408483582 0.3224601125629957 0.94611242048121 -0.02984566328708059 -45.459712848011236 0.7651331801303192 -0.2790817779611242 -0.5802452738917587 53.80700978635008
-0.5699399390567549 0.1679611360085988 -0.8043366973218887 -1.3908704002330423 0.3229151096880959 0.9459106194878961 -0.0312878870355494 -46.11261253768053 0.7555754745907967 -0.2775646892721141 -0.5933494294816227 52.28516207991696
-0.5660426478042607 0.16712361942361142 -0.807257961681081 -2.09903541330816 0.3232375336996756 0.945815104349468 -0.0308429115382525 -46.64046817012921 0.7583621942544952 -0.2783944759063248 -0.5893923125646873 50.10768007934058
-0.5780773634086604 0.17108992399928633 -0.7978438442580166 0.031064936401938525 0.32486028952552304 0.9451969224320563 -0.03268899072108952 -47.42573721019478 0.7485267892359532 -0.2780845478103531 -0.601977267066811 48.61672145453976
-0.5847200329323519 0.17265690915165988 -0.792648771404955 1.1169115920955057 0.32448801523776144 0.9452977948474909 -0.03346052933724876 -47.911166150793846 0.7435119441237292 -0.276770068429854 -0.6087596555018132 46.82446749092949
-0.5878470541977604 0.17359610533314146 -0.7901267196369075 1.6877760382056344 0.3249604597843868 0.9451119032395535 -0.03412022760223962 -48.574862701789094 0.7408350291716337 -0.27681741738567245 -0.6119931184124469 44.82544728707782
-0.5019649955064716 0.14503656396036047 -0.8526403335526418 1.417815666141621 0.3388943981423476 0.9399898783572116 -0.03961837318379588 -50.622786572696825 0.795727170702323 -0.30884206918839086 -0.5209940941176869 45.68493580065682
-0.3603334917581317 0.11789265654423943 -0.9253437719303753 14.664324148604162 0.3103532697189807 0.9506212602163393 0.0002599989163394878 -45.7562153262395 0.8796821145687402 -0.28708977891530874 -0.37912904946763054 41.44752864643745
-0.14087664173485254 0.0779013786894186 -0.986957520368429 22.67821227018864 0.32574811662107694 0.9450390363243253 0.028095984428592822 -46.68722442084404 0.9349020998646498 -0.3175414855124889 -0.1585101531359758 35.35440198409119
0.17003399924758994 0.02857785616163619 -0.9850237282609366 28.652910322906322 0.30585316214173597 0.9486846625872976 0.08031969982218813 -45.58806156994093 0.9367722681141728 -0.31492970185238206 0.15256801953030055 37.143272019139175
0.3642280465527919 -0.060724728315627016 -0.9293279493673537 38.04680258634993 0.3026932491108643 0.951413915146629 0.0564655559440608 -47.00772560939668 0.8807466872188879 -0.3018676356225637 0.3649125970922319 19.881058870194607
0.5397865938954736 -0.10554860949316795 -0.8351586221100646 52.73130491060926 0.3021492673428176 0.9502907565501335 0.07518841838723139 -47.569267109538615 0.7857074858335775 -0.29292826604722455 0.5448456457159632 23.298666031070354
0.7355024929079395 -0.14595111288410276 -0.6616149602103163 55.977978592078564 0.2877321044565507 0.9513735135632098 0.10999397145024871 -49.87075879979225 0.6133892067775659 -0.27126870504775435 0.7417324117702441 7.34543764012542
0.8784806037394393 -0.1790067723510699 -0.442976753685837 54.93749784248617 0.26522520134129435 0.953893651619577 0.14050798544331872 -52.42235864978619 0.39740083219220945 -0.2409221385682985 0.8854541782162515 -8.747299157022944
0.9598515865725031 -0.2029432086652194 -0.19364654866770536 49.678173042995105 0.2355837659878089 0.9579545967442165 0.16377814194705018 -55.041320750770105 0.1522669398039187 -0.20282269259945257 0.9673043649283598 -24.009293960959717
0.9774951806586518 -0.20871148327555855 0.030703233348067127 42.71698853894289 0.20011273628914786 0.9634349217663034 0.17817980888986412 -57.342533768321246 -0.06676873942182682 -0.1680257964423162 0.9835188189180445 -35.36201476155734
0.9442977730169683 -0.20964428456105122 0.25367496885991486 33.022442465029954 0.16466132970476782 0.9683919298425909 0.18735985886950846 -59.748314540003605 -0.28493571621516967 -0.13515303979796195 0.948970649418789 -44.9982691559948
0.9442977730169683 -0.20964428456105122 0.25367496885991486 33.022442465029954 0.16466132970476782 0.9683919298425909 0.18735985886950846 -59.748314540003605 -0.28493571621516967 -0.13515303979796195 0.948970649418789 -44.9982691559948
0.9442977730169683 -0.20964428456105122 0.25367496885991486 33.022442465029954 0.16466132970476782 0.9683919298425909 0.18735985886950846 -59.748314540003605 -0.28493571621516967 -0.13515303979796195 0.948970649418789 -44.9982691559948
0.9442977730169683 -0.20964428456105122 0.25367496885991486 33.022442465029954 0.16466132970476782 0.9683919298425909 0.18735985886950846 -59.748314540003605 -0.28493571621516967 -0.13515303979796195 0.948970649418789 -44.9982691559948
0.9190528986378831 -0.2100297024584291 0.33351055993855455 29.069770197685216 0.15384036003485105 0.9702262560212074 0.1870672492752814 -60.84042737880297 -0.36287038061772425 -0.12061731307029154 0.9240002979750874 -49.671302906973615
0.8981990229644636 -0.20942776533705046 0.3864951827016895 25.550648083073646 0.15294783688807204 0.9731718730821414 0.17188212423942253 -60.01901663923233 -0.41212313006787515 -0.09527075389502229 0.9061335492714809 -52.04335153193147
0.8838433993801879 -0.2069007275834011 0.4195389544458689 23.2016765101013 0.1505223364300584 0.974958016279402 0.1637067278036233 -59.86528778446311 -0.4429039078713462 -0.0815411271567455 0.8928533882862838 -54.0331378786505
0.8715668969488836 -0.20141122891469876 0.4469951465172357 20.9051097625588 0.14393202056151239 0.9766606060874551 0.15942908760312624 -60.100336393110595 -0.468673359174569 -0.07461620054623341 0.8802145789613289 -55.40962012568421
0.8900290203824236 -0.20266851028197314 0.4083795022000848 23.380557842650358 0.1442938355325329 0.974934251905548 0.16935906674482987 -60.79072958884615 -0.43246691423091976 -0.09180783954246569 0.8969635938510164 -54.176247276047825
0.9503064321692717 -0.20223647677656423 0.23668141549076388 33.74952420304122 0.15682577843755166 0.9677341843637279 0.1972212555261886 -61.93748694159569 -0.26893002843707386 -0.1503028804609959 0.951359912929887 -48.46830491878177
0.9785018472924001 -0.20143441793600733 0.044252797834064286 43.3339671413548 0.18773060058613425 0.9587867413403711 0.2132726101342637 -61.516917141648804 -0.08538943991460514 -0.2003800386782432 0.9759900018188586 -40.695201896456226
0.965055951985179 -0.13790477623957836 -0.222821188912302 52.1409624196497 0.1892947777751346 0.9548733989483559 0.22887612170752178 -62.84287675803239 0.18120291566374522 -0.2630571509598736 0.9476109110198299 -25.67894585942206
0.8688433592240413 -0.01165382712500626 -0.4949499019553637 55.355151551833245 0.16285861512577943 0.9508134376681054 0.2634973970062571 -67.46024529603106 0.467534264639071 -0.309544819150798 0.828005867325409 -6.967249930825844
0.7509247530537849 0.003188530891833144 -0.6603800788348055 61.895772591744105 0.1917481568918596 0.9558545281902155 0.22265391365712656 -64.80908527345767 0.6319372275627437 -0.29382299809411144 0.717163430614878 -1.4362947200851224
0.6578289200850082 0.028667278503349825 -0.7526216174433227 62.7168753699188 0.2013045845248713 0.9562291560912365 0.21237293916671832 -64.6057789817771 0.7257668882975172 -0.29121124323118613 0.6232643385167211 5.212906534834488
0.632260449264366 0.06551972536146208 -0.771980498383593 56.41592795537688 0.19113098468475534 0.9524299924948287 0.23737324215196678 -69.26905522562598 0.7508100099155963 -0.29763110553982597 0.5896609653230261 9.47979262023729
0.5723698262947551 0.05870409936396119 -0.8178915641239846 62.18737760894619 0.1922732133052874 0.9600182051330952 0.20346021050389596 -64.90058402701382 0.7971347397978408 -0.2737131245134153 0.5381982274929306 12.112279728520505
0.5486485527221462 0.07109877787424057 -0.8330244470486348 61.765418622352506 0.18533702528503543 0.961243739781769 0.20410943091599812 -65.17295884085992 0.8152514659014043 -0.26637461687470876 0.5142077506518776 13.380104013673545
0.5363388117801885 0.07808201519496483 -0.8403831732497437 60.01155485408055 0.16933167007169678 0.9655108376232092 0.19777666177499 -64.97246078525923 0.8268418618387349 -0.2483787860007816 0.5046191773761995 13.669391479525288
0.5249814897851396 0.07688153355673205 -0.8476341576298941 59.8725278103619 0.1729125450024995 0.9655083406823937 0.19466611377815354 -64.65027178341865 0.8333640783977515 -0.2487626858487734 0.4935802254604316 14.150664408444996
0.524676737051537 0.07889762062167813 -0.8476375918145622 59.926601130076456 0.17299986287385435 0.9650375984360564 0.19690982974548754 -64.93980980190219 0.8335378629927859 -0.24995519411487943 0.4926835007308576 14.086964224948645
0.521920678577663 0.0798587836924876 -0.8492475374943329 59.32159543923821 0.1783258991560413 0.9633927015995724 0.20018585413276985 -65.71269419915717 0.8341454782969342 -0.2559239675603551 0.48857368314814614 14.018842777525919
0.5129982370716468 0.08231429433865656 -0.8544338275776022 59.67484233734365 0.17192925263852116 0.9653679593495335 0.196226999030402 -65.29420564277908 0.8409953274831807 -0.24756627397294415 0.4810798261646513 13.608412612453037
0.5114178606079804 0.07800789934135147 -0.8557841664178567 59.88750086098496 0.1762062986185657 0.965190892948512 0.19328186799697156 -65.24310170495268 0.8410725962592653 -0.24964235980619048 0.4798703783440852 12.89135760718304
0.5090461370493474 0.08267140899144057 -0.8567598662930629 59.600426860301326 0.17119643272502824 0.9657656177694207 0.19490652363806135 -65.5618685109837 0.8435424184813483 -0.24589064575501698 0.4774662067129138 12.14587388164307
0.5115695422188518 0.07911941162333676 -0.8555914458305269 59.47233983587953 0.17519967493727362 0.9652276383512783 0.1940120616474332 -65.75769464140099 0.8411906308179307 -0.2491500047505333 0.47991936589070994 11.172403658651163
0.5154988942392181 0.0802812862055322 -0.8531212136169919 58.925549796647616 0.17415165873763633 0.9650072536534978 0.19604132257017554 -66.25186989129413 0.8390066089114396 -0.24963155946578386 0.48347905303291844 9.762727973824042
0.5940591632263839 0.0740814286880387 -0.8010029041834414 59.51588270936226 0.17279463970794712 0.9607545951131351 0.21700834190693324 -68.76701541932385 0.7856435088988958 -0.26732480223977484 0.5579441970596127 2.6571789789869484
0.762600442172825 0.03322111769153163 -0.6460161940208133 53.96440129951345 0.1964253063900315 0.939632161797636 0.2801936821648258 -77.03924816504642 0.6163259402356791 -0.34056975475638845 0.7100384338455062 -8.557777756673474
0.9074367562428531 -0.031594907041541706 -0.4189991590307611 41.97217186530809 0.18353004906431802 0.9268241420175354 0.32758774528957646 -82.74023157993128 0.37798843171438157 -0.37416409718530685 0.8468329078794745 -18.61209453796181
0.9648789154213958 -0.07281587547590018 -0.2524015191196541 33.9288975850192 0.16318849407754477 0.9190824698438724 0.3586877876738912 -86.33571734178032 0.2058596463028489 -0.38727930735370497 0.8986860097496235 -21.082502095840425
0.9867497261909367 -0.10444624016620258 -0.12416102761033948 27.89807011112944 0.14352508201042344 0.9187831131080154 0.3677473887078533 -87.66167708660294 0.07566722339304369 -0.38069485678517856 0.9215996404737252 -23.129085671153206
0.9907776528044716 -0.11884206438176087 -0.06508614627356023 24.74360066908097 0.1346082513420504 0.9182341331077702 0.3724603273725366 -88.48025193838913 0.015500366895569398 -0.3777865012534238 0.9257629815977736 -23.92910966493119
0.9919627894335912 -0.12614341202031673 -0.009882508942645838 20.389631559547 0.12084848535442423 0.9213860025390439 0.36938256308691997 -88.29273817745798 -0.03748957143887317 -0.36760804388505086 0.9292248695037904 -25.18424039438571
0.991413600846486 -0.12941617562799437 0.018722327377453375 18.501822714462854 0.1131531978188818 0.9208200329493701 0.37321149599453923 -88.85392627992815 -0.06553949862461132 -0.3678884619078792 0.9275573587197126 -25.69891389924996
0.9897708364781529 -0.13541840919441678 0.044894829419333926 16.436952893399727 0.10927676665792264 0.9219162817975529 0.3716570430186477 -88.994291701674 -0.09171847974169392 -0.36294934055295996 0.9272839353003178 -26.46584254390919
0.9880798668867079 -0.14133334008197432 0.06101691269163548 15.300909650374479 0.1088310193995127 0.921648147527126 0.3724520121791261 -89.35555856536867 -0.10887601145159831 -0.3613718018067957 0.9260434304012428 -27.029428432453074
0.9866535776992046 -0.1449807821322983 0.07413022612717926 14.093451261557604 0.10758394241017721 0.922146054597031 0.3715808785804419 -89.58783876014024 -0.12223098195156312 -0.3586463812774869 0.9254363080448703 -27.880451132745577
0.9853094009636855 -0.14789419995233188 0.0853972481584919 12.957960549909707 0.10620391554518083 0.9222281652454102 0.37177404367566663 -89.8151748196759 -0.13373897223866896 -0.35724293813670277 0.9243870241711534 -28.5242901895503
0.9844457602219973 -0.14621117255763752 0.0974106677949317 11.250893741640958 0.10054680348507783 0.9235436125470143 0.3700777432277486 -89.73732318379098 -0.14407250081076173 -0.35452713400095487 0.9238796597864909 -29.411350148137714
0.9830387416709886 -0.14772546369518402 0.10868311621389141 9.80169870944222 0.09806105375834788 0.9241652387991237 0.3691918757653818 -89.86868274743742 -0.15498019908917968 -0.3522723360858777 0.9229763480820495 -30.17018488295487
0.9817055438675119 -0.15421086250550248 0.11168363812619037 9.704324712684866 0.10270333126504168 0.9227793064963273 0.37138979152531937 -90.50348021172907 -0.160331690213931 -0.3531251355928463 0.9217355302502328 -30.81034839635727
0.9803193538514744 -0.15723628406822907 0.11937636045986155 8.748349458558522 0.10258071825761281 0.9223528638274479 0.3724813966241237 -90.92788773902137 -0.1686747186331724 -0.3529050092613034 0.9203297744462576 -31.43261508687604
0.9798088259980816 -0.15052171364050235 0.13159740962111574 6.523019728810816 0.09334582252208475 0.9264469839500284 0.364667716349516 -89.94692949200439 -0.17680843281341693 -0.345020578592962 0.9217915048607473 -32.92600331191332
0.9770807268773314 -0.15942452331726376 0.14105699036180025 5.476293443699596 0.09679222429759776 0.9229184288760556 0.37262962705141506 -91.45623450630472 -0.18959039659325921 -0.35043600700558203 0.9171968635541633 -32.86331338509903
0.9766687650003357 -0.15131563664769873 0.15238668438751657 3.5203846749056993 0.087479599570391 0.9283812165238696 0.3611864289597051 -90.15757529623652 -0.19612608988026814 -0.33942877737687716 0.9199579674945565 -35.23259271047198
0.9761101982596484 -0.15945917369355062 0.1475860859921422 4.895684884960154 0.09650747807235371 0.9267638221598953 0.36303598253023933 -90.77617814356134 -0.1946668629469949 -0.340119963925307 0.9200126208970308 -35.75737280596651
0.9727290696647811 -0.16246949567484859 0.16553495100506632 1.8905860214035641 0.09315614207929629 0.9272506353588914 0.36266815743794517 -91.06223758356465 -0.21241490112982025 -0.3373572619667355 0.9170986793013695 -36.7355183714938
0.9733799823463328 -0.16561004316998082 0.15844470192685484 3.4324335874116443 0.09798565268437295 0.9256282639641081 0.36552856087973307 -91.6832374451844 -0.20719609512601878 -0.34027287660351124 0.9172154314077481 -37.12490798349734
0.9696342989334211 -0.15995149104861456 0.18499958606228778 -1.2462502153861337 0.08497725136894455 0.9296847626955937 0.3584202962464832 -90.80893963490884 -0.22932115707381223 -0.3318158563465021 0.9150464711671017 -38.287319266851
0.9665197692622519 -0.16170442066632545 0.19922654432131096 -3.55614217061866 0.08248523870102337 0.9310252071232681 0.3555112503107475 -90.6231823721109 -0.24297267546306192 -0.327175402556555 0.9131924961037939 -39.16747671137105
0.9739241210898127 -0.15787485061661194 0.1629335382977311 2.0865081438560082 0.09254102440628797 0.9321486565006922 0.3500500549718414 -90.3046563674838 -0.20714237896015042 -0.3258441555816781 0.9224519614115374 -42.493966741887135
0.9733345020889241 -0.1595946786677472 0.16477100953822124 1.8658808792239725 0.09323393849097725 0.9315287226601722 0.3515134016969605 -90.48458531294096 -0.20958859643779945 -0.3267778716499123 0.9215686859063662 -42.173394605915846
0.9732834923858811 -0.15812392842418177 0.1664814305225868 1.4793745270943077 0.0916631507296641 0.9323722305255063 0.3496854165435028 -90.49683090386296 -0.21051629449392634 -0.32508283099019 0.921956638214591 -43.458827298469814
0.9718057257976833 -0.1596123958784092 0.17354398401786195 0.4786286930139987 0.09067086987025752 0.9324156080745296 0.3498284253401601 -90.77061405196594 -0.21765207250060534 -0.3242298828007053 0.9205990215263278 -44.22518189962659
0.9701590504792059 -0.1605716906177595 0.18168144909549805 -0.7956829699100574 0.08952046291131212 0.9335606925238036 0.34705982206907876 -90.59747043961859 -0.22533864181145208 -0.32043902001259267 0.9200768070981571 -45.11126064252234
0.9689792195719377 -0.16026038527179198 0.18813793065274076 -1.8241945219544107 0.08855960198357944 0.9358567780041599 0.34107079611157365 -90.05519105753734 -0.23073029479084162 -0.3138290935783511 0.9210183663149839 -46.51006576133494
0.9676648382332967 -0.15986714963365084 0.19510831687793206 -2.985489789003953 0.0868846515102977 0.9374206666398209 0.33718474326174336 -89.70693026225014 -0.23680333227989375 -0.30932990192441073 0.920999019324436 -47.66175849758055
0.9662837313591577 -0.1599984903783271 0.2017330750949867 -4.045276821769274 0.08674756472590203 0.9399842234950502 0.3300068477994555 -88.98035170419794 -0.24242650540885294 -0.30138039527657384 0.922170942297678 -49.25343936238495
0.9646898085330634 -0.15989768048706587 0.20929955825872576 -5.283148271353969 0.08622707990106772 0.9425775271648024 0.3226646803968806 -88.13556490355506 -0.24887439403075684 -0.2932240390192155 0.9230824442795351 -50.755765882992065
0.9623740369048244 -0.15960287916623708 0.21991619779670424 -7.069482121439339 0.0849279357396138 0.9454499934346476 0.3145020757410556 -87.21744427212879 -0.2581152045550971 -0.28399160353128783 0.9234312699390291 -52.25526689330641
0.9762366464959309 -0.15633483793665776 0.15007141128708612 -1.1568793854036734 0.09495178937185232 0.9310738146742211 0.352258015271587 -92.72693431955148 -0.19479776110998348 -0.3296376344947785 0.9237926510809796 -51.04828925661974
0.9901963165247396 -0.13956521049901902 -0.0057277184988718845 8.03849795620914 0.13245505144047046 0.9251512300130977 0.35573987821602837 -93.23850802805913 -0.044349905171715304 -0.3530109822988753 0.9345674573232491 -52.63145488358899
0.9743717343949327 -0.10406245270313688 -0.1994259991816965 19.05415639425885 0.17083212848891785 0.9190978483864672 0.3550711604274731 -94.10664947939526 0.1463424309219868 -0.38003967033557673 0.9133201749020273 -54.043201218124736
0.9147362722047543 0.05020301689886514 -0.4009204527174959 31.239304618018274 0.0906895429777326 0.9414243101182966 0.32480097769677224 -87.73611911546973 0.39374224958396276 -0.3334665281741804 0.8566020753418817 -52.89572721027076
0.8881866717350821 0.020502887180354604 -0.4590251276013405 36.19109654236509 0.16243847619286556 0.9204824822318847 0.3554233269727352 -93.87469821510825 0.4298117932354778 -0.39024560410272097 0.8142298145328536 -45.923077477131386
0.8728710730540122 0.07413238040116794 -0.48228671970270315 34.25223402210452 0.10529932213600186 0.9364857266208081 0.33452434379757134 -90.2372747222074 0.4764537150482046 -0.34278108759316595 0.8096252116906999 -50.27936232826342
0.859272572659946 0.0713218697448525 -0.5065213092955282 36.35655838202446 0.11864359288734197 0.9354379713255453 0.3329857349333916 -90.64241313809612 0.49756843121438127 -0.3462210171241003 0.7953343093067298 -50.12544422555424
0.8502695263444551 0.0742438024672987 -0.5210850126084733 37.338705197797694 0.12105955547340683 0.9358757894478044 0.33087926915119703 -90.6815675399662 0.5122365826437597 -0.34441887944862415 0.786758742487681 -50.48692730355951
0.8431855809004806 0.07750242922210965 -0.5320070014823028 38.101849401647954 0.12173935687508189 0.9363269382926831 0.32934995614861035 -90.74199997537791 0.5236579085139081 -0.34246932430821014 0.7800622774873281 -50.939659198833795
0.8398772255000102 0.08065103988867967 -0.5367510184911434 38.14009300960821 0.12102888215679783 0.9361737681172912 0.3300464900176159 -91.01548490195108 0.5291108161531769 -0.34216090608651784 0.7765099217497302 -51.433189089783255
0.8366845132539983 0.07994350080819035 -0.5418192151995449 38.64396686075122 0.1221377625518732 0.9371407431006472 0.3268785624350258 -90.90788099094816 0.5338926785785156 -0.33967081755620054 0.774327026172379 -52.168831180862284
0.8385954970811822 0.07913929193587897 -0.5389754769440374 38.341692777893435 0.12246529366172133 0.936678167314731 0.32807965911385784 -91.13031960026665 0.5308105538923593 -0.34113191487722827 0.7758022766972795 -52.525610381095966
0.906098046055905 0.05230088839248512 -0.419822519652088 28.717038130977063 0.10062107026807626 0.9372133383486436 0.3339259777847446 -91.5594978903745 0.4109278904525438 -0.34481266724809817 0.8439446032492147 -59.45637022657609
0.9956829931768134 -0.09212250256255473 -0.011349961236668447 1.980801064623435 0.09133429981041442 0.9506193205795579 0.2966158340665598 -88.6327481032002 -0.0165355004944849 -0.2963719822494557 0.954929434754697 -65.81772397500595
0.9724340609237034 -0.1587870857924533 0.17075906576511563 -7.2231422071958455 0.09079915832909058 0.9323689045397751 0.3499196174752547 -96.01975122349322 -0.21477315940816194 -0.3247689751697965 0.9210850138640821 -65.00593752922254
0.8848235116561793 -0.22494534022519494 0.40802812051548404 -30.164320919449892 0.0966548282348215 0.945302963345704 0.3115447827660221 -88.4227728082701 -0.4557907386063524 -0.23622426082179201 0.858168340828228 -66.27666396229965
0.8361625657936821 -0.17114119176058964 0.5210977413576952 -42.869112666217404 -0.0018124188763561089 0.9492058467938936 0.3146505610198462 -89.49664520253366 -0.5484786948488911 -0.26404346781363935 0.7933802167950779 -57.3681108643178
0.7974588864403321 -0.2510061788614545 0.5486849939726044 -41.82309649090746 0.08536957165533812 0.9471522185697675 0.3092162852984159 -89.09458981848692 -0.5973034075515804 -0.1997462716341378 0.7767432434823826 -60.02565017775763
0.7747006412762479 -0.24993397939353917 0.5808372597816708 -45.2030052828497 0.08060143750310346 0.9501079462626896 0.30132756050671383 -88.31254689213553 -0.6271700923024021 -0.1866223362649924 0.7561942732713549 -59.24937380342462
0.7584024465764173 -0.24860974307496528 0.602510518310763 -47.57118896244184 0.07723223876745403 0.9521632100734488 0.2956694145115323 -87.85890265650991 -0.6471946463946311 -0.1777031711332836 0.74132359509684 -59.00987695525289
0.7428039913483147 -0.2539608292978321 0.6194724591290319 -49.4998708340153 0.08193434389940228 0.9527911489790681 0.2923624287026663 -87.31923190765141 -0.6644764809432966 -0.1664119094581411 0.7285451823076645 -58.87296120505124
0.6828403397896493 -0.25319993637141786 0.6852874306285401 -56.97910772842719 0.07361522356176468 0.9570930542992029 0.2802743018404907 -86.1742018286669 -0.7268492754456783 -0.14093501209328013 0.6721811163297874 -54.5935370573428
0.5530876311302836 -0.25207576229919065 0.7940729704202085 -66.58223201836155 0.06591322066894593 0.9633801254043275 0.25991187221246626 -84.31581426309451 -0.8305116011421745 -0.09141413477807733 0.5494487567835943 -46.70723584914313
0.49890206731001174 -0.24498348565054368 0.8313121068481479 -70.18746666019838 0.060602466777641084 0.9667290173644015 0.2485203170892144 -83.4883131484047 -0.8645369097119344 -0.073607735627233 0.4971497088418839 -43.222456441019276
0.46138377384302154 -0.24598511190851005 0.8524179361989807 -72.30435526113396 0.06447168926466854 0.9675507718280287 0.2443131294432335 -83.00642709168262 -0.8848550245761911 -0.05776528935566691 0.46227130218944423 -41.22844813883213
0.4369098419906905 -0.2454391132271742 0.8653724236823868 -73.55494000948795 0.06404062488361002 0.9680999793881753 0.2422420860897868 -82.94882090431561 -0.8972227083261919 -0.05041896078731979 0.43869048320762566 -40.071441476288804
0.42135021037059045 -0.2421801947715786 0.8739638170319521 -74.53886499785733 0.06748302484553997 0.9693857218624642 0.23608761849551868 -82.34538152292359 -0.9043837910855963 -0.040497845740108326 0.42479392993786413 -40.0909240414928
0.41332655206668 -0.24001275264781138 0.8783820580607795 -75.00614254076662 0.06634258161894355 0.9700109533422169 0.2338320171838264 -82.33512456185345 -0.9081628836397158 -0.038374848045874765 0.41685434844397645 -40.079002857403445
0.39857015465796636 -0.23606350271633725 0.8862369065330211 -76.52475905843852 0.06321774121473288 0.9710802465191821 0.23023177890107038 -82.28743359937393 -0.9149564738344835 -0.03573762031162843 0.40196700546541136 -39.112526369394516
0.3960468804835959 -0.23787112307253241 0.8868845456244147 -76.3538298385119 0.06614152058777331 0.9707441556990704 0.23082695559755664 -82.37284442435961 -0.9158450566081303 -0.03275840326254262 0.40019335239623754 -40.036830885787886
0.39153494645554393 -0.23629143329730412 0.8893068898048413 -76.74726981251018 0.06546075178739569 0.9711704136340358 0.2292224196219138 -82.433248964274 -0.9178318340957037 -0.031533890216740676 0.39571497076597345 -40.34332676390511
0.3919061659374146 -0.2373952785770122 0.8888492778922523 -76.52425905696916 0.0676423816949873 0.9709553737823937 0.2294998264089143 -82.54388200657408 -0.9175151580758028 -0.029818514926718276 0.3965813798814813 -41.34686827797001
0.3861631158708968 -0.23964162409520334 0.8907580703770771 -76.81642060456078 0.07081839175283623 0.9705161767680327 0.23039771270805331 -82.60805648317144 -0.919707998948809 -0.025889044643905235 0.39174858523931355 -41.62716263486089
0.38813443947708853 -0.23441079778197269 0.8912930128611047 -77.0434044576652 0.06317554508627118 0.9716043719222163 0.2280214791739772 -82.90000483588915 -0.9194348848041709 -0.03219506708884301 0.3919221482135018 -42.083768861539184
0.38795515775892103 -0.23617501407721414 0.89090524652955 -76.89755605428321 0.06814168539213385 0.9713163358747111 0.22781853825982812 -82.84001914808941 -0.9191558661512039 -0.027675591927780352 0.392920545824823 -43.25534699663317
0.28405514048323477 -0.2249990850393851 0.9320343818210192 -82.26580793071037 0.07101650048966551 0.9743433134927936 0.21356910851077 -81.36555871998362 -0.9561743218802997 0.0055244170120715 0.2927458744259697 -35.25076720998169
0.09608014022527135 -0.203807477291138 0.9742849269359115 -88.24267420854297 0.10397227896990194 0.9755137055728667 0.19381118503662098 -78.1998436801497 -0.9899284680521603 0.08267721838400656 0.11491782150818125 -21.04725469383007
0.09544240642830762 -0.20149341064022513 0.974828781132227 -88.47603586711334 0.09025707077694844 0.9770171902461077 0.19310896182820197 -78.70968456414111 -0.9913346600568037 0.069554406274302 0.11143507678415569 -19.832850694401003
0.09716563161441935 -0.2020553860683342 0.9745421802024515 -88.37970442470721 0.08903726412248217 0.977013996525536 0.19369051652257835 -78.82685780148798 -0.9912775623560509 0.06795050812154585 0.1129226408452682 -19.97785402480993
0.033649296933982 -0.18857304874544714 0.9814825164528892 -89.87684180568161 0.09758040939944443 0.9779665635086896 0.1845520640915202 -77.71703810127423 -0.9946586291372962 0.08956341856947503 0.05130892258529199 -14.79036695904582
-0.02190806342797506 -0.1746708063664717 0.9843831297620468 -91.00256018365675 0.10013494044094323 0.9792848665544411 0.1759947267401485 -76.92012298179667 -0.9947326427034174 0.10242684970620415 -0.003963584178252617 -9.708088789422717
-0.0550329341144021 -0.16577229057036064 0.984627301998993 -91.58119148940678 0.09968214101866683 0.9802830709774769 0.17061234280350923 -76.57694430763894 -0.9934962742379535 0.10753905538930236 -0.037423316812945126 -6.88609076199284
-0.11130103534048649 -0.16930202549561835 0.9792593648749125 -92.09554734663811 0.10825988258717362 0.9774519006568416 0.18129418006251566 -77.46716788043592 -0.9878723993281456 0.1261927338059108 -0.09046279113670647 -3.4980003173848324
-0.1304137352397278 -0.1668359673687208 0.9773218598051336 -92.2896010545051 0.13211757710394112 0.9740249795795668 0.18390292269349193 -76.80959292447653 -0.9826175265488635 0.15310486323813302 -0.10498427202122335 -4.227238845418441
-0.10460501123934304 -0.17304705671333598 0.9793428959187218 -92.00178170409801 0.11667290637361444 0.975809943562971 0.18488479375536768 -77.79317616211276 -0.9876463053856632 0.13360265793195328 -0.08188470706772269 -6.202045514322446
0.06479449446794938 -0.19881440717891255 0.9778928903436921 -89.43312070003219 0.10075647950020686 0.9762476186612526 0.1918038552713624 -79.2318215066604 -0.9927989752842048 0.08610121112000058 0.08328731066796317 -21.730032635529923
0.30853933744707435 -0.2094965513570488 0.9278548767006745 -81.08190879898885 0.10268353455111956 0.9770806670366612 0.18646571222421146 -79.00261022686973 -0.9456529854972222 0.03774341098386344 0.3229796680094488 -44.64725802621206
0.4588122523670625 -0.2781825888240178 0.8438635934515901 -68.84086116784222 0.09275536725075662 0.9595328408788435 0.26588187061391294 -87.34166633700528 -0.8836785382275845 -0.043716982399791826 0.46604835213292634 -55.805575402425774
0.6542390846336731 -0.2905445438829878 0.6982514505230334 -50.241404115761654 0.11331082847464202 0.9504973436791191 0.289336233142911 -89.58559034728431 -0.7477512128295639 -0.11017562198038768 0.6547743550515329 -72.6619209090361
0.7315253132979718 -0.29775805322290344 0.613360300105257 -39.94632832920452 0.12956048703665524 0.943915415973311 0.30370671327245313 -90.42290885670361 -0.6693913625101007 -0.14270188936674238 0.7290756987913073 -77.25544191693413
0.7775134014164963 -0.28962544183202044 0.5582024848219123 -33.52346895126712 0.13593182250479421 0.9440501109386202 0.30048615220556163 -89.92585688887773 -0.6139995523192794 -0.15775452919135396 0.7733809270154901 -80.23044404002826
0.8020904632906364 -0.28305309889702135 0.525862940225878 -30.09528044738233 0.14138171678773964 0.9455122471705099 0.29328791418795974 -89.08967264580215 -0.5802259032966072 -0.16089603368438188 0.7984048894441156 -82.8239785481013
0.817536200485799 -0.284811911779103 0.5005164690636822 -26.957341513359694 0.14819375087968684 0.9439150975115098 0.2950642318039348 -89.17758756843536 -0.5564828596600732 -0.16705227804064615 0.813892107902502 -84.29134632081316
0.8264029399602693 -0.2879506216183153 0.48388285807067966 -24.824040085844402 0.14988213707939052 0.9408398651015483 0.3039007950305747 -90.10072104841825 -0.542764705751524 -0.17861911360581323 0.8206714850932346 -84.40476864501841
0.8352258656948482 -0.2886828199999248 0.46803844148871193 -22.83331408328365 0.15560538790226192 0.9404084078863717 0.3023557335861289 -89.8428440500312 -0.527432191404808 -0.17970602609125422 0.8303740287704159 -85.55105853389213
0.8420174682342891 -0.28831176318412743 0.45594178400095947 -21.374483748432844 0.15880558931763264 0.940222829388714 0.30126701760690733 -89.72538689892237 -0.5155456992253911 -0.18126598772505798 0.837469565837626 -86.44152643028677
0.8477597535217126 -0.2881402187037131 0.4452848691278218 -20.044187212646175 0.1602620567105693 0.9394788605578349 0.3028127205780008 -89.93605380259176 -0.5055882450054622 -0.1853501684119238 0.84263031133586 -86.95177383107492
0.8621324660818176 -0.29359650707940743 0.4129512101428632 -15.889945138176575 0.16759772909625956 0.934374122219342 0.31441374163450764 -91.00291175672554 -0.47816170081831155 -0.2018566093978734 0.8547603740890976 -87.25313853429341
0.9300236753278097 -0.26504994813460675 0.2545672569746452 0.4622028859879972 0.19474463235954353 0.9428899927621693 0.2702461650349596 -85.70233385334963 -0.31165765111240096 -0.20175972477875423 0.9285270712048747 -93.4124089926811
0.9719795303191466 -0.23424203068989288 0.01965867998738407 24.94917235146121 0.2193029476022987 0.9337345897051331 0.2829238999468413 -86.45998235365003 -0.08462865834641672 -0.27068503291918844 0.958940875726978 -89.61885149936565
0.9649547752004068 -0.2623219148642569 -0.007035254073734579 28.18536562236862 0.25310261573813503 0.9232931387996102 0.2889097536464939 -86.20646119591635 -0.06929175798351786 -0.280565487591602 0.9573304860120356 -90.52826975802988
0.9859486845782041 -0.13212364690431078 -0.10221806742065728 31.46992464449862 0.15857186429767012 0.9326921000519016 0.32394507305087206 -92.23551893080422 0.05253717951765516 -0.3356021281658961 0.9405376421700787 -83.34494276147859
0.9607382037143742 -0.25876662646621407 -0.10010962466702342 38.181567442221215 0.2770464184776995 0.9143067818232853 0.295446087671891 -86.36985337635073 0.015079321349346593 -0.3115813565334777 0.9500998222967948 -87.69555619505408
0.9529054783652186 -0.26624313462932364 -0.14520930605269725 43.80459395902537 0.298705703573478 0.9067231014854276 0.2977047528766053 -85.9389940332259 0.05240278574873275 -0.32705933788136815 0.9435497536168262 -85.13923933015141
0.9510608761560444 -0.26724449659052735 -0.15512443033698065 44.83159377556231 0.302140205281108 0.9094828034666361 0.28557367972409153 -84.66501009168842 0.0647650075116727 -0.3184672812716304 0.9457188189739428 -86.03634178144536
0.9463053049150717 -0.25279307140687335 -0.20149921324479833 49.1123170334228 0.30359478100819426 0.9090959479057736 0.2852626271453894 -84.61539249505778 0.11106970259337082 -0.3311196468800701 0.9370289753341878 -83.94876978244332
0.9352606781621287 -0.2693383533672875 -0.22966130559829492 53.00614809293749 0.3286946247698258 0.9016056323315436 0.28118877537245496 -83.48421391877481 0.13132900491185748 -0.3384732414142005 0.9317663641253775 -82.90923512529491
0.9316416808345636 -0.26069181805732594 -0.2531472980889096 55.05949494241913 0.3279362612501629 0.9032718641663523 0.27669070812498864 -83.09404757369047 0.15652982811277244 -0.3407927748697276 0.9270160179347372 -82.16839132678378
0.9286333883213391 -0.26296938961624833 -0.26170045895964095 56.01923863024374 0.33275640763332587 0.9022987778612643 0.2740986841431981 -82.72909825007554 0.16405244062126234 -0.34161969438972134 0.9254095207697404 -82.08995974338036
0.8896437068604479 -0.2167411251593578 -0.401941985251923 68.73220743073418 0.33298596077584786 0.9102245832588765 0.2461941468788204 -79.93114354698828 0.3124970796180134 -0.3528661115718826 0.8819473241267604 -75.00482072694379
0.7964186753683999 -0.14207773229654913 -0.5878190295574934 84.25150580612967 0.32134094240324323 0.9228547445294639 0.21231843828281502 -76.83348407121385 0.5123058581158708 -0.35798469029405167 0.7806341455862875 -61.18192120757643
0.7964186753683999 -0.14207773229654913 -0.5878190295574934 84.25150580612967 0.32134094240324323 0.9228547445294639 0.21231843828281502 -76.83348407121385 0.5123058581158708 -0.35798469029405167 0.7806341455862875 -61.18192120757643
0.6285473896248227 -0.06081630381551928 -0.7753899381511472 98.72009635455318 0.3079441402037754 0.934927753243068 0.17629663278130583 -73.48827027047156 0.7142118631820525 -0.3495875761609494 0.6063744231775724 -39.66353227470862
0.4520000677435571 0.10700289414090203 -0.8855768286293914 99.10467965292824 0.3907886157250077 0.8686841222148913 0.3044210137810391 -83.88328432017816 0.8018604595436488 -0.4836716618298143 0.3508297692089907 -1.9757688501785173
0.18660026843134891 0.20747179208742622 -0.9602790195091115 98.73237128234736 0.41007314685234025 0.8717779848767823 0.2680357426068325 -79.79117326695567 0.892759964409229 -0.44380018090601203 0.07759539532616265 27.679567106220205
-0.1129612672485531 0.3105428598180087 -0.9438235451172288 87.64114877487515 0.3627776635181937 0.8972150900306403 0.25178850067783165 -79.83051857738977 0.925003848075175 -0.31395575235590567 -0.21400856667142093 53.226691540603696
-0.2597789235477684 0.3204889859607518 -0.9109345315434096 81.45478911990023 0.3492753674411705 0.9106389379423993 0.2207791711234882 -77.2422238782865 0.9002897470143697 -0.2608132178034467 -0.34850371137164915 65.11399776242082
-0.3796655016202009 0.34610581569489574 -0.8579422307018417 72.72506634734121 0.34695592209116277 0.9129614099613556 0.21476278087053358 -76.74888076313819 0.8575987960610442 -0.21613011882554617 -0.4667034140984005 75.34169724970351
-0.4231875565019064 0.3590553484012657 -0.831860294043652 68.53236867379297 0.3382813244901786 0.9143466016202758 0.22256692837576275 -77.80842446005889 0.8405224788922162 -0.1872152474824023 -0.5084018229579697 78.11703049793559
-0.45634619125110043 0.3614675338512669 -0.8130740284267461 65.93745238516702 0.333615721124416 0.9166179287639076 0.22025467824134784 -77.74372099247533 0.824893147231355 -0.17074189480044713 -0.5388863525927364 80.34681358518088
-0.4716479544750504 0.36203410906486144 -0.8040394958664109 64.6668604761214 0.3319392276502321 0.9176518262434707 0.2184753417184423 -77.66765447824436 0.8169238374453694 -0.16384880123343754 -0.5529819293140573 81.1919287767874
-0.5006215738294646 0.3596653597837805 -0.787412769002455 62.74554944913309 0.3240659279340466 0.9213267428937223 0.21479829417639745 -77.52529609267711 0.8027199475338551 -0.14764098956742522 -0.5777913326026933 83.01129495213725
-0.5160790906743266 0.3567815961207048 -0.7786971586170853 61.804340424981454 0.3240499722096385 0.9228735666830803 0.2080768978733131 -76.87769189712014 0.792877031878016 -0.1449526563647969 -0.5918908174090018 84.29108725027201
-0.531337213430114 0.3556272267600104 -0.7689018410768085 60.65837532086228 0.3148030928614039 0.92551546324444 0.21052349042404836 -77.3878268610231 0.786498428701047 -0.13019371291431178 -0.6037133581165568 84.61017866986481
-0.54336126015131 0.3529799779416221 -0.7616847616561017 59.9248080075729 0.31614155968353724 0.9265510127705573 0.20385714354595133 -76.7136259535357 0.7776972773564538 -0.13003213412916872 -0.6150435666570077 85.72763849702781
-0.5549576907498031 0.35248860209190097 -0.7535076289414351 58.948574968601974 0.3128370705067413 0.9277315292350923 0.2035857975888228 -76.79429303206027 0.770814458085995 -0.12274361514316925 -0.625123248765537 86.31349151840735
-0.565677020018199 0.350487601143688 -0.7464368362211723 58.20260114358452 0.314849320971428 0.9284032860500842 0.1973252227548125 -76.13765637306952 0.7621544555450429 -0.1233927870499274 -0.6355271874569101 87.396602547352
-0.5771874374462171 0.3494452951515103 -0.7380668314934243 57.25282348475126 0.31011572372226276 0.9299040678979298 0.1977540452357405 -76.32601924980071 0.7554355696910798 -0.11474497898974026 -0.6450974266280697 87.82692593436386
-0.5883978541721098 0.3473225528941769 -0.7301746431208961 56.42061417164896 0.30520412800002195 0.9316426120600899 0.19721177359781983 -76.42030173132926 0.7487579084439794 -0.10681333083900733 -0.6541807906822654 88.25031714956702
-0.5996716713505128 0.34662423417332755 -0.7212804772510043 55.391991646740706 0.29734822239708036 0.933306712053085 0.20130229972346536 -77.04824173340346 0.7429521661701909 -0.0937561812384316 -0.6627456957707137 88.30699007553066
-0.6120469809914374 0.3441006670126825 -0.712034566591183 54.42858723760286 0.3022067139594178 0.9338075036237202 0.19150626155268735 -75.96559158243282 0.7308006534596952 -0.09797079737076081 -0.6755235952691954 89.85157665888839
-0.6228353979546593 0.342987421605195 -0.7031612159919526 53.42633368667598 0.29881354719848907 0.934928715481832 0.19136029101709753 -76.0559479212558 0.7230397852575733 -0.09092813419460496 -0.6847959866606771 90.34462346786574
-0.6346873954860133 0.340243337283078 -0.6938345490429649 52.47317416168703 0.2986766147548412 0.9360883944696016 0.1858246419017429 -75.52818286880236 0.7127160653512512 -0.08929159632236641 -0.6957462332031948 91.33690434071222
-0.6452539295542712 0.33890110907947324 -0.6846848944291632 51.45822771489534 0.29586837042765135 0.9371372096262636 0.1850290726193752 -75.53824283083007 0.7043502493612517 -0.08318586778175055 -0.704961585922339 91.87563147912131
-0.6599902543101618 0.33473084459984276 -0.6725831739562653 50.26617865039946 0.2938433613339246 0.9389520772081215 0.17895551320519387 -74.99651982109827 0.6914252983624396 -0.07952520594144735 -0.7180576567410042 92.96594775992386
-0.5466225263693317 0.35508369612942914 -0.7583662587488136 59.37333893802638 0.2963666202804973 0.9290607650737838 0.2213886202676884 -79.06002461879308 0.7831798261249614 -0.10373843812000655 -0.613080497493842 83.51134891467592
-0.5628844495298099 0.3505686257630988 -0.748507004047454 58.43777775382585 0.3157767775173316 0.9281105884172015 0.19722008632146346 -76.20010443124285 0.7638364505954742 -0.12534900996197876 -0.6331204486061551 86.86821994898176
-0.5826377036617493 0.35021035417404334 -0.7334071271136209 56.63900571674504 0.30893973110249473 0.9300936922441195 0.19870069500135126 -76.5463986499236 0.7517243835463114 -0.11080808398755423 -0.6501015456872298 87.72396062125196
-0.596635192825112 0.3459793891390011 -0.7241026922844197 55.7573570860453 0.3029170323533978 0.932638804541308 0.19602584465822703 -76.48481007911639 0.7431471712875936 -0.10238712103953519 -0.6612481827971126 88.25367604255915
-0.6141873137288363 0.3459058097650533 -0.7093117187988217 53.99829983081099 0.2977603921991622 0.9339598571490612 0.1976302964413738 -76.77864221653101 0.7308301392881639 -0.08982291469823811 -0.676623345372561 89.06625230540537
-0.5884477417919984 0.3489503543300223 -0.7293578719619399 56.224352433523464 0.3010895613124255 0.9317665284098389 0.20286994011870893 -77.21671836545417 0.7503827898136982 -0.10022368356845243 -0.6533612186251814 87.2450781556241
-0.5952797438700527 0.34793190135083507 -0.7242826924346579 55.672422424940734 0.2995293373228056 0.9325060398687101 0.2017787443992473 -77.16292661114144 0.745603247458704 -0.09682911561492574 -0.6593177684154022 87.62236166772563
-0.5905808337691316 0.34881022640266957 -0.7276989107738692 56.03246913112692 0.30195464642221403 0.9317688278113028 0.20156944962763193 -77.07740364006906 0.7483566464518057 -0.1006890136810821 -0.6556096797907561 87.43694860225406
-0.5920553738203109 0.34863476064006776 -0.7265839511054 55.908732191435405 0.3014615341277708 0.9319382961999533 0.20152408173034486 -77.10021849977025 0.747389709436665 -0.09972369703019691 -0.6568590461269501 87.47397267197258
-0.5930040806027469 0.3478966716649646 -0.7261639389510682 55.900189852436675 0.2966246499433762 0.9328054890655021 0.2046649374349184 -77.54665228128255 0.7485719587551088 -0.09403098113765126 -0.6563521898735696 87.04079602152774
-0.5952371089908142 0.3475796577625146 -0.7244868291349063 55.716952356433964 0.3021763995856361 0.9322514341288096 0.19898916326835406 -76.85851936205736 0.7445684707357139 -0.10047708731084368 -0.6599410180552573 87.76539177403353
-0.5922454142612841 0.3480283189082403 -0.7267197936786807 55.95904047077626 0.3012418764955989 0.932142594323879 0.20090673381586482 -77.08032243808155 0.7473277066534403 -0.09993234253760186 -0.6568978807874608 87.37971498878413
-0.5913050072190492 0.34869169944425965 -0.7271674409490253 55.97492278455039 0.30242782815186625 0.9317648022348228 0.20087748026009866 -77.05244845276303 0.7475933367794455 -0.10113580995362213 -0.6564112664694287 87.36469679983898
-0.5894198728430617 0.34800872701000357 -0.729022729016418 56.23345661833278 0.30026663707448825 0.9321737255938831 0.2022179318764712 -77.24787659800353 0.7499494384007808 -0.09970993549940928 -0.6539371289390572 86.98454316238487
-0.5906382295609143 0.34801657413264375 -0.7280322423561518 56.11507459792807 0.3014203725092035 0.932062334498736 0.201011352030624 -77.11219748251983 0.748526713496293 -0.10071876060468857 -0.6554109325031844 87.16317109313545
-0.5915141952745865 0.34753871372677136 -0.7275491730802803 56.08377534356839 0.30227557314999054 0.932110630531463 0.1994974945383623 -76.94919564112624 0.7474894211060803 -0.10191474334648774 -0.6564091334092758 87.29928523367798
-0.5907172567981558 0.34829449725934775 -0.7278351913034433 56.07351068031504 0.30380492566067524 0.931663518233882 0.19926278111171794 -76.89257078842634 0.7474996251940018 -0.10341195274688056 -0.6561633015979358 87.32843356795728
-0.5907172567981558 0.34829449725934775 -0.7278351913034433 56.07351068031504 0.30380492566067524 0.931663518233882 0.19926278111171794 -76.89257078842634 0.7474996251940018 -0.10341195274688056 -0.6561633015979358 87.32843356795728
-0.5899696125155468 0.3486355355231629 -0.7282781883859579 56.10668679552369 0.30415329221927895 0.9314934776207479 0.19952612857011504 -76.92026269072527 0.7479482810598801 -0.10379385588984347 -0.6555914919666735 87.24960988596462
-0.5900141401133333 0.3488985538713972 -0.7281161401677425 56.07198193130015 0.30401718873689937 0.9314418698722857 0.1999739783105095 -76.97676145044653 0.7479684909264803 -0.10337234714984167 -0.6556350314206039 87.19411802438286
-0.5896997432539529 0.3484487894573682 -0.7285860648762894 56.15376324517296 0.30355077110447276 0.9316178232488723 0.19986285489533231 -76.98848536054325 0.7484057336552827 -0.10330378759139155 -0.6551466899108707 87.10018406419094
-0.5897806976047562 0.34858616528539443 -0.7284548126716378 56.12923258667083 0.3041354769416562 0.9315022909668245 0.19951213895156483 -76.94777137594403 0.7481044983144524 -0.10388054339086246 -0.6553994906211789 87.12378833394808
-0.590074833071919 0.3483447834433876 -0.728332069335771 56.12753412908103 0.30398124892339695 0.9316009584010484 0.19928636332980695 -76.93839297531134 0.7479352189047649 -0.10380542449230415 -0.6556045623452097 87.10418354121445
-0.5891516450403316 0.3489931990198771 -0.7287688839297021 56.143268034656714 0.30412748858794075 0.9313678344196357 0.20015101222244824 -77.0302686751273 0.7486032392606 -0.10371935232323393 -0.6548553169381659 86.9805982680537
-0.5886893839757817 0.34888989876782894 -0.7291917770600465 56.198938533174555 0.3039710486637195 0.931400289147083 0.2002376162238476 -77.05181734272918 0.7490303136512522 -0.10377543020630767 -0.6543578908494972 86.89469533038407
-0.5885572525022588 0.3487246594498466 -0.7293774553813551 56.22951478442516 0.30466289456351386 0.9313441755243418 0.1994456000844962 -76.9648279955991 0.748853043796427 -0.10482909237645853 -0.6543928332342541 86.9222039578213
-0.602332644768002 0.34683245846994953 -0.7189594083107018 55.05234749394185 0.30244210317181514 0.9326819871163773 0.19655300846757318 -76.75236026782143 0.7387314527457138 -0.09905330211727174 -0.6666815462151863 87.83422311292269
-0.7208920798687607 0.34366093815343507 -0.601840318332025 40.969414761491336 0.2891878624480881 0.938344966178595 0.18941780449576753 -76.40675651664533 0.6298293335461583 -0.037495120146387007 -0.7758280264143659 95.49479193929332
-0.8324947793440504 0.3533451484758326 -0.4267313539142544 19.557771292931477 0.2898482123608555 0.934180805847292 0.20807266946362685 -78.23816026879373 0.4721657083653124 0.04953209096227533 -0.88011710346339 100.580113338528
-0.8872002351189496 0.2908970553473397 -0.35812657817471094 15.025935339484766 0.24935951770492315 0.9553870704987786 0.1582889018653218 -74.3061737925401 0.38819527783687513 0.05113168014067348 -0.920157582999316 104.21942278463744
-0.9276783158858014 0.2920218907406652 -0.2326717807632248 0.573500272684007 0.24161870249143677 0.9445913475246075 0.22218818327714962 -80.82881708715742 0.2846635643029113 0.14990130589788953 -0.9468348608117836 100.47632652788027
-0.9375824661213645 0.2833829006619952 -0.2015769104688683 -2.508502180962558 0.23831194568999137 0.945698747220462 0.22104591388917114 -80.80461924573848 0.2532716639563749 0.15921058733024657 -0.9542040940588795 100.43512283694571
-0.9421866660408943 0.2844457320745195 -0.17712964698021308 -5.382149873318168 0.2421029825975607 0.9433131879490432 0.22703826826942392 -81.3160524756847 0.23166879840002078 0.17102881320410412 -0.957642267708504 99.88311703620008
-0.9562623774816845 0.2617611120848065 -0.13055031831903663 -9.322036701813326 0.22830826366394674 0.9469213423914189 0.2263079938190131 -81.56660038138777 0.18285951480803564 0.18660410371628502 -0.9652674791581927 99.41099293414986
-0.9638625551589032 0.24625520477050228 -0.10162356461957273 -11.672697899027602 0.2190081406511712 0.949659871830908 0.22401241519750995 -81.55820312827531 0.15167204452722094 0.1936607909659123 -0.9692734851172758 99.17643540965568
-0.9653837723543521 0.2426233810143809 -0.09575002381216864 -12.130539467657114 0.21697285198209681 0.9507231721429803 0.22146835316393068 -81.36436836469879 0.14476516700379075 0.1930267984906214 -0.970455409324316 99.25006634073374
-0.9678592423926478 0.2349227182858023 -0.08977640752636203 -12.35672911834627 0.2113720758845949 0.9532910878157044 0.2157729070745156 -80.93982664987789 0.1362730070533667 0.18986157674569135 -0.9723076926694929 99.54825246275362
-0.974493866291466 0.21474075814317023 -0.06517753717659916 -13.922440404455276 0.19795931945476075 0.9593667266800064 0.20106613732873638 -79.77960076419892 0.10570625526106997 0.1830352166425542 -0.9774069250150087 100.27207165410553
-0.9737413506294386 0.21846794865553887 -0.0640276306339518 -14.274448278936127 0.2007120831833688 0.9565640739662593 0.21142334795680842 -80.75088251915655 0.10743575633162993 0.19302053726822463 -0.9752951504309537 99.41537160529882
-0.9765401621217015 0.213147855340864 -0.030615413224568646 -17.77529702585359 0.20130498558411092 0.9541195878249809 0.22165765249065839 -81.74796963275827 0.07645661869519126 0.21029456458091994 -0.9746438229247746 97.98741846326388
-0.9799631715501371 0.15423374866153342 0.12603227038821196 -31.93119511574705 0.1800196075078149 0.9566204818842922 0.2290637346945114 -82.91792568088547 -0.08523569274739727 0.2471623037869573 -0.9652179402956593 93.26167969680263
-0.9409769048184985 0.029180715348918772 0.3372105432069464 -47.800867671028385 0.1154311491441865 0.9642162674411481 0.2386684717534185 -85.02551653481454 -0.318179374575806 0.2635061203342061 -0.9106736024179924 84.10519692880285
-0.9025007099156387 -0.007305608751156441 0.4306264003548125 -55.93211131325647 0.1201606088902395 0.9558828132095936 0.2680475246698623 -87.79404001686014 -0.4135866253554328 0.29365741177652677 -0.8618070711219631 75.80259823183987
-0.6297723175307317 -0.13067443026633946 0.7657094888706413 -83.86016366587529 0.1359127395118559 0.9520052271384487 0.2742512985191735 -88.11912902646323 -0.7647970680581573 0.27678555015686424 -0.5817862183947023 42.39116693531172
-0.44241374629512153 -0.21714306950591955 0.8701258325407095 -88.8153721904392 0.11406607865593393 0.948739486709706 0.29475806360108553 -90.42502027419867 -0.889527406429489 0.2296568608236005 -0.3949667321274988 23.070123683172984
-0.22100099708983412 -0.2961401708584428 0.9292252463688399 -88.80429375270147 0.0895922917796628 0.9425907581805207 0.32170776155750164 -93.31193885870798 -0.9711497209694117 0.15434915547745254 -0.18178162081032886 2.851096302863315
0.017923644242488046 -0.35456105413889594 0.9348610601928946 -83.84919580228178 0.07226290848788712 0.9330253792787054 0.3524793805014677 -96.36269115185713 -0.9972245559721938 0.06123806422268736 0.04234482797601216 -17.048257269425946
0.2019720273612604 -0.3871593146490325 0.8996193446364261 -76.32252247289605 0.05801155196764652 0.9216658493021564 0.3836231511111382 -99.32199341269727 -0.9776717035906717 -0.0252928312101557 0.2086104328347156 -30.416657199441016
0.15865275610947316 -0.39902882654455973 0.9031086859095862 -76.45708103677558 0.005340232239668979 0.9150272159391909 0.40335676021383293 -101.61906084424322 -0.9873200012652911 -0.05917085158289309 0.14730249632800121 -21.459161486183284
0.2013639085085345 -0.3953574039656062 0.8961836304462066 -75.55125565578459 -0.0311750439301387 0.9118742246975251 0.40928414942218494 -102.42807184546413 -0.9790202719995743 -0.11035362006687388 0.1712932735165499 -20.971280305542027
0.23303556991410557 -0.3941075818185126 0.8890296041797326 -74.55177813746607 -0.03367803661850907 0.910380116966223 0.412400087878371 -102.71437004942747 -0.971884876415067 -0.12604466107586712 0.19887817982357797 -23.078078304720126
0.2374366038536278 -0.39432072254333317 0.8877696925010221 -74.3712295808554 -0.053359822428933196 0.9072303978538702 0.41723582607472914 -103.24856839761274 -0.9699363837390618 -0.14643829069888975 0.19436882084423757 -21.30996849988822
0.25512333157726597 -0.3936344311241219 0.8831557169143532 -73.7401407506735 -0.057328521445927566 0.9056159427549466 0.4202061456676862 -103.5242025650752 -0.9652075042775724 -0.1578344032892001 0.20847727651857387 -22.17795289317447
0.2637983818646832 -0.39313044711876993 0.880828510706693 -73.43584283770325 -0.05854501990825295 0.9049659230530975 0.4214370163578388 -103.63646901861459 -0.9627995089163252 -0.16274252566815806 0.21571271629097774 -22.68417075519642
0.26378904442461965 -0.39420439414007086 0.8803512001935396 -73.32034984296288 -0.0541298249244464 0.9051899091159591 0.4215461902191628 -103.62473566118422 -0.9630603834107156 -0.15885252303725445 0.21744096630925763 -23.125745083889978
0.2659450087399502 -0.39512406581304405 0.8792896138029137 -73.12694835454825 -0.05168446261591117 0.904980936965943 0.42230110117349723 -103.67657361274509 -0.9626016666567808 -0.1577544812156319 0.22025338818273493 -23.514259837959095
0.26623172837732234 -0.3951446508130984 0.8791935917299546 -73.11384403926422 -0.051378955047533204 0.9049985365074852 0.4223006652818976 -103.67657244011008 -0.962538762743323 -0.15760188404046527 0.22063720530193567 -23.572841746194648
0.2643043061856216 -0.3953584833859698 0.8796788637602265 -73.17413826130901 -0.049445783661840076 0.905359834194875 0.42175666575016385 -103.62077900339739 -0.9631709859676026 -0.15496851370963954 0.21974169278683 -23.64392910942609
0.2646952300934118 -0.3950710246058151 0.8796904686778795 -73.18939297527126 -0.04963278802264395 0.9054373280514897 0.42156829971438586 -103.60746042825049 -0.9630540075815557 -0.15524860865041729 0.22005646546560387 -23.667630271447734
0.26272093837753807 -0.3946933701938583 0.8804515046628292 -73.31707145907623 -0.0523529904477982 0.9053307460867566 0.42146815369748813 -103.61600858196394 -0.9634505036218513 -0.1568227780490152 0.21718596491438102 -23.255367024929996
0.2604151218005895 -0.3943002207823756 0.8813122603416759 -73.45973817529762 -0.05411391076557945 0.9054114805747646 0.4210721262504412 -103.59350854716085 -0.9639790708305025 -0.15734480205708237 0.21444571403126367 -22.923465603805322
0.2600690321507646 -0.39399836953221223 0.8815494219396454 -73.50813147302067 -0.05260740258687549 0.9058269710201086 0.42036883776702294 -103.52703547468299 -0.9641558793624747 -0.15570094212461771 0.2148503128047047 -23.077652802852796
0.25718874858885854 -0.39437875118722365 0.8822240918334202 -73.58756872554895 -0.05460705352943654 0.9055442791278983 0.4207227450989173 -103.56951609294636 -0.9648170900767307 -0.15638081452256594 0.21135993836375108 -22.652723309693766
0.2564643897801878 -0.39387004612415033 0.8826621117623866 -73.67468072000293 -0.05464695006491346 0.9058360297526008 0.4200890358610287 -103.5174312432754 -0.9650076308627197 -0.15597267058111636 0.21079088786879718 -22.620559569196338
0.25426146311499365 -0.39402489292967646 0.8832301467490676 -73.74941723079256 -0.05510112246578169 0.9058581538575949 0.41998198936706865 -103.51204749407182 -0.965564588558235 -0.15545220757990733 0.20861360569459453 -22.416506272990283
0.2522023899705499 -0.3938380254069227 0.8839035944245951 -73.85581015948654 -0.0560679205280159 0.9059488020963978 0.4196583804331402 -103.4913631860407 -0.9660488304329172 -0.15539748300303394 0.20640077397024215 -22.17951421261344
0.25032774100225885 -0.39319826722786166 0.8847209417289235 -74.00438349964978 -0.05526280286520674 0.9065228187512548 0.41852407541593234 -103.39236481125212 -0.9665826631510559 -0.15366034534741485 0.20519857105624756 -22.160631304145653
0.24913517185602552 -0.39253961181867125 0.8853498287668641 -74.12691605471078 -0.05582413691971522 0.9068343468633595 0.417774021554803 -103.33310270457294 -0.9668584859644339 -0.15350609271996657 0.20401114581417237 -22.043866425217654
0.24786458238738013 -0.39256571700198817 0.8856948157422198 -74.17591962378883 -0.05598342665132086 0.9068917944420735 0.41762797932371853 -103.3227338066682 -0.9671757879198104 -0.15309941544091857 0.2028091818763223 -21.941300401378143
0.24641031606091746 -0.3920859876823932 0.8863128874172376 -74.28862834136801 -0.0560888766762733 0.9072092420028961 0.41692376897668515 -103.26499768006343 -0.9675412105186799 -0.1524466119257911 0.20155405344570643 -21.84811198576858
0.24568053699293943 -0.39236044945468235 0.8863940159131157 -74.28788431537849 -0.056715076126456765 0.9070354916672216 0.4172169903011764 -103.29456987200021 -0.9676902778693354 -0.1527739983103191 0.20058821390462472 -21.72541885357774
0.2429989794415225 -0.39260091444800793 0.8870265035301743 -74.36916052109433 -0.05807076451731161 0.9069075214355579 0.4173086793633558 -103.31083871559461 -0.9682867768893435 -0.15291589040450007 0.19757896690448978 -21.387281777959632
0.24179588052671275 -0.3915009271080421 0.887841076000573 -74.53971325373337 -0.05722634835769133 0.9076452188598876 0.4158188328279889 -103.18115047545422 -0.9686381663004797 -0.1513511835247099 0.1970607064630435 -21.433354002528898
0.24016120074305372 -0.391344206549372 0.8883537075162669 -74.6222718529393 -0.05801823298804837 0.9077143962462364 0.4155580097751389 -103.16457038994965 -0.968997668881922 -0.15134162298446643 0.19529267998014785 -21.24271898301941
0.23766219126734373 -0.3917931523624213 0.888827772183071 -74.67126776057516 -0.05922691344206679 0.9074981849299099 0.41585961221672535 -103.19785842063993 -0.9695405383820371 -0.15147663222700652 0.19247330807941587 -20.926120988751638
0.23670949845130201 -0.39079556093901296 0.8895209063834841 -74.81943607006905 -0.058975938020401686 0.9080724634181625 0.4146398918535016 -103.09402152734347 -0.9697888698461881 -0.1506095306812684 0.1919018425925642 -20.922253262001323
0.23572765004777768 -0.3908486025705957 0.8897583069977852 -74.8522172977034 -0.058930203633476314 0.9081257777889378 0.41452961633030994 -103.08595792277137 -0.9700307758533591 -0.15014973054870742 0.19103756780665176 -20.860613185431376
0.2479849760368755 -0.3893375666972453 0.8870849512973706 -74.53691211381273 -0.05623082881521113 0.9083588311101287 0.4143939283278595 -103.06215470717552 -0.9671305731651465 -0.15264499042716329 0.20336656890144586 -22.08520144098474
0.39388305580500194 -0.3604877353507338 0.8455203906538348 -70.33289439130785 -0.0709769596204502 0.9052079020060754 0.41899991091740957 -103.52704382905681 -0.9164160679258909 -0.2250494319198773 0.330959731145331 -31.673435135537716
0.5676885597016846 -0.3160568125507904 0.7601564249705856 -61.87350310124617 -0.07087821422382078 0.9011748747895192 0.42762147256251837 -104.26077351404564 -0.8201865506897007 -0.2966343477892084 0.4891851242417352 -44.392680768192236
0.5627790057619511 -0.316405780078747 0.7636538306106698 -62.28940718690286 -0.07173655925533368 0.9016605446802517 0.4264529613370248 -104.16684229557583 -0.8234887107543102 -0.2947806718556554 0.48473776287858217 -44.035971589557995
0.4381187665782975 -0.3577711387239181 0.8246525078286624 -67.7517880494596 -0.06118562919009496 0.9033879967785119 0.42443662195564547 -103.94822200654478 -0.896832350638916 -0.23641053185655303 0.373900782661361 -35.69493095176671
0.24776692752960586 -0.38832021748767864 0.8875916619216636 -74.66480132344533 -0.05603776733781346 0.9088797431255474 0.41327639802900895 -102.97277590737714 -0.9671976624528887 -0.1521348784018994 0.20342974344797066 -22.152821930856874
0.016766997542301244 -0.3934914991175258 0.9191753412247626 -79.93292756320642 -0.027872612997372925 0.9187633616424871 0.3938235680455089 -101.12155515935167 -0.999470852620583 -0.03222305736020534 0.004437266753957107 -7.230730153319235
-0.17635856854824472 -0.3972767025060003 0.9005936247529034 -79.25862066719415 0.05731080103323444 0.9092379285647024 0.41231281976710266 -101.87643172078296 -0.9826561592869316 0.1243286407282298 -0.13758365349898113 -0.5911819693749492
-0.3608753656966633 -0.32112972098010456 0.8755824762616824 -82.68021076106609 0.14603212120704084 0.9078093602860555 0.39313710706672644 -98.82902061500587 -0.9211099771520617 0.2697366635818401 -0.2807107805387344 7.253047264198787
-0.4662410949813782 -0.24174417950762783 0.8509870698340543 -85.65106495402613 0.20165019273908885 0.9075749467999279 0.3683000349027913 -95.51107259481643 -0.8613689343822739 0.3433183182052667 -0.37440097658239824 13.867302182666469
-0.6107828254665171 -0.12997315825688144 0.7810578200414294 -85.82837263148299 0.2592687384286817 0.899224939207139 0.35238364034318814 -92.68968144121807 -0.748147085397476 0.41773375113898714 -0.5155331723280403 26.277925245934462
-0.734521687987224 -0.05527903438469721 0.6763298886149381 -79.61932069013638 0.2735146083071906 0.888011541667843 0.36962854449739774 -93.83092042663516 -0.621021456085829 0.45648628700345 -0.637144113100671 38.79346256330615
-0.7959167140918423 -0.0023235893175716504 0.6054016725793941 -75.36298900757413 0.28241476952695654 0.8830959281670863 0.3746778344227866 -94.02392010504896 -0.5354983493740021 0.4691867246495753 -0.7022145934330353 46.13735820148988
-0.8177066818927669 0.025618251425005262 0.5750647681625491 -73.82747936196215 0.2894006365209577 0.881871110685738 0.3722238784913813 -93.6100491294278 -0.49759728091016103 0.47079406254946254 -0.7285258380448746 49.35008515145518
-0.8324783178308407 0.048077905551226055 0.5519677212839 -72.71527479693518 0.2903613908787398 0.8863237599612046 0.36072213019885124 -92.57280009856417 -0.47187934159962697 0.46056346742445897 -0.7518052802724 52.83712819601538
-0.8381670329324441 0.06172826810672424 0.5419092597675071 -72.46145923927224 0.29707021038277115 0.8849302883684041 0.3586748873720443 -92.19696035177161 -0.45741153790471806 0.46161456394351 -0.7600570237468264 53.83142747230883
-0.8437219106950843 0.06902304025342038 0.5323242971415179 -71.87090177119114 0.29903153769155827 0.8840012158192471 0.3593354837695744 -92.19865845538763 -0.44577289832251865 0.4623609740714141 -0.7664912607309199 54.609426350505835
-0.8548933722814249 0.08146841438711945 0.5123672701164095 -70.47118965621233 0.3044330743365477 0.8784621148237056 0.3682727468459481 -92.82319675507006 -0.4200926389253817 0.4708154737014389 -0.775793119616305 55.37567885961261
-0.8583159877550298 0.0868024858088862 0.5057262042068869 -70.07584024656755 0.3066463879034433 0.8770029495687943 0.3699105557204424 -92.90003787194054 -0.41141421700018904 0.4725792578023644 -0.7793633216575488 55.746447847186076
-0.8575467302009695 0.09045802315643943 0.5063901179607029 -70.36776785039355 0.309827349803433 0.8766560908873806 0.3680775891355486 -92.64355592435071 -0.4106344101940395 0.47253724123785806 -0.7797999338342544 55.80448872381611
-0.8804427073070002 0.1294014089526243 0.4561533892354584 -67.26149560467626 0.32110878967724116 0.8705695580495935 0.37282407351102476 -92.70951609504078 -0.34886929406575357 0.4747250993558402 -0.8080385483995491 59.40848111554541
-0.909526386969248 0.21626603632028213 0.35495176142819773 -61.36725521549776 0.34687869365564367 0.86542140278082 0.3615535472051582 -90.89336020829577 -0.2289910987231161 0.4519676948004059 -0.8621416818379606 67.9731018041864
-0.9300181165475687 0.3446697124469002 0.12755035168545845 -43.65034484465041 0.36726837046954014 0.8589492242325147 0.35681952615154056 -89.78440504001722 0.0134256078432817 0.3786938334751868 -0.9254246233712965 81.74809476244371
-0.941298122907626 0.30696234885668394 -0.14047049581662105 -11.098484416628834 0.2828252483656539 0.9442928867283309 0.16828791686030872 -74.41638458379272 0.1843033442384757 0.11868049738126082 -0.9756778243066974 104.8246279246828
-0.8568277463467984 0.3162588586490765 -0.4072180588041868 19.27667453062937 0.2849325920657561 0.948671644775448 0.1372425895184716 -71.1547413358808 0.42972041034718855 0.0015635616488482995 -0.9029606437746964 105.90417534882454
-0.6973761241446881 0.3485738182405316 -0.6262290592987121 43.48977166075471 0.3173869988690381 0.9336137330822308 0.16622542028572918 -73.23174957287007 0.6425978792540776 -0.08283532240221544 -0.761712724680823 96.93564300062042
-0.536616447429232 0.35002484146511736 -0.7678055735052656 60.83750921987808 0.34440811084816886 0.9215208365189603 0.17939454017163298 -73.74832910035644 0.7703413798637759 -0.1681724062345411 -0.6150546319237494 86.66174969121313
-0.4115958828268067 0.3583364915149072 -0.8379640732685434 69.3672868909757 0.3640504725206304 0.9075617287488619 0.20928201539521682 -76.10618362219189 0.8354975060989276 -0.21892160094235766 -0.5040012400215973 77.76470898094118
-0.3434862427392172 0.34908796543656495 -0.8718685643124514 74.36960866647402 0.3679317351357244 0.90416194238838 0.21706547449211505 -76.746500249198 0.8640853194730892 -0.24622910941607118 -0.4390077292568523 72.33053108118227
-0.30492366942764787 0.35334481640437376 -0.8844031866422337 75.86617939520345 0.37663356715022367 0.897665394965556 0.2287881001648248 -77.60056540586521 0.8747392250942427 -0.26333301996045105 -0.4068009447875364 69.82371564667184
-0.2824393271521268 0.3596211453335299 -0.889325957288358 76.23652073840637 0.3864719916812012 0.8911641238118803 0.23762555434247612 -78.11810038214637 0.8779905615231974 -0.2765847722843825 -0.39068329579926614 68.8378161975282
-0.2997467870608906 0.33665086689530144 -0.8926466587991663 77.86647192717284 0.3570476538614046 0.9072567734265999 0.22226587669640552 -77.62020306602017 0.8846857275432557 -0.25209391283844435 -0.3921477050692291 67.56406071181473
-0.30812279797372427 0.3421649213659408 -0.8876843515323918 76.8939196226489 0.36290820667176593 0.9047987568245086 0.22279327453742007 -77.47943348871995 0.8794077409820351 -0.25350024898501183 -0.4029635825548144 68.82605409665172
-0.3064363485579501 0.34029890635463034 -0.888984487275404 77.17010668383652 0.3631043648548631 0.9050866538581797 0.2212992752612406 -77.32698896213635 0.8799158962683973 -0.25498000576838636 -0.40091546758953645 68.68948560167601
-0.380353958733076 0.3663825817035661 -0.8491729328589714 70.42013798527287 0.3744801575504282 0.9005573705468568 0.22081900723157286 -76.896723218122 0.8456331815137601 -0.23400903012055033 -0.47973356787383076 76.02396301694289
-0.5133330856070849 0.3571442587141309 -0.7803442328156488 62.01956148518009 0.3387344184059361 0.9197838405136488 0.1981329869485546 -75.814807956166 0.7885100741324119 -0.16262123230838524 -0.5931325297049561 83.98250465137622
-0.6830497620633709 0.3714619551750766 -0.628855339806129 42.50887701510053 0.3269420318889769 0.925432246673175 0.19153084504002627 -75.51475915763467 0.6531094321241118 -0.07477414442806252 -0.7535628022902747 95.57350623944997
-0.8090392975757226 0.34395753429931986 -0.47660112208944044 25.860071372988717 0.2987820681233655 0.9389744604044462 0.17045890553474702 -74.20415456072139 0.5061469062891781 -0.004491915728441459 -0.8624355813317204 102.3185732652572
-0.8800474598283927 0.33164597266565754 -0.3398932439226225 10.519187744557831 0.28294501572165875 0.9410111758233051 0.18558040051123664 -76.17649204613406 0.38139033355325586 0.06714846081847754 -0.921972069903338 103.57259157108027
-0.8985167708127086 0.3213680874199147 -0.2989818806489255 6.357397178852504 0.27628898123678775 0.9433599038110076 0.1836749594496335 -76.16311067624949 0.3410747885954636 0.08242963223108943 -0.9364151559617172 103.91884856138616
-0.9069744746655306 0.32261882828647237 -0.27076630872442103 3.013044800100679 0.27870536075205576 0.9417013914690675 0.18847230882357377 -76.58401540244009 0.31578572512583797 0.09547555153171819 -0.9440147217424435 103.75765423211253
-0.9106436403137738 0.3223362350022955 -0.25851017767318785 1.609963605969029 0.27822825322513284 0.940902977623327 0.1931078087671458 -77.06413359580446 0.30547863994618274 0.10392756277379997 -0.9465103603408302 103.42878159911368
-0.9153066911350333 0.31768131890010637 -0.24757269798046314 0.6162551131016657 0.2751569697407163 0.9421110485695441 0.19161266702987148 -76.99620267674615 0.29411273887158174 0.10726300287183274 -0.9497327755997336 103.48770215391869
-0.9153290655384851 0.3164675920835389 -0.2490400870167095 0.8552411848604194 0.27413261996199767 0.9426675742966223 0.19033956772698163 -76.89592675292698 0.29499831940744065 0.10595332713308286 -0.9496051200452825 103.5579343509646
-0.9179359761833049 0.3172612397566673 -0.23819918004994353 -0.4425444108306216 0.2745079385800273 0.9413967460003305 0.19600397515492712 -77.45614128755209 0.2864243971538509 0.11453153438268354 -0.9512326699325466 103.13991430409976
-0.8992048874834063 0.32502307652037227 -0.29290027322484147 5.436424953029278 0.2781634682269328 0.9414136800467742 0.1906970580915031 -76.8256048756007 0.3377212686075881 0.09000157081974854 -0.9369333284604935 103.46865436709551
-0.8732728352321484 0.3358369645893327 -0.35299870886595064 11.801279946641259 0.28579862929661476 0.9398428293006077 0.18712188462177498 -76.25921183575174 0.3946057510196488 0.06252191158027691 -0.9167209563627129 103.3579296188241
-0.8526456511025893 0.34216165106851737 -0.3948680769496411 16.331307009395935 0.2869167562928878 0.9382207687556501 0.1934439557957896 -76.86593390532609 0.43666253401707034 0.05164487983936006 -0.8981417693060316 102.28484205455442
-0.8373539945750905 0.3506556205397861 -0.419379212113568 18.717683811870764 0.2904916622212051 0.9353070617602558 0.20202795450471356 -77.62812072977324 0.46309057639850626 0.04734275029246689 -0.8850456383970515 101.29365214099784
-0.8209754397944806 0.3619850182163647 -0.44154974107246064 20.674548595667947 0.29515121417078355 0.9310588654468948 0.21451142124896977 -78.74014972064953 0.48875872168972206 0.045784666206480196 -0.8712167791730081 100.04508764093715
-0.8019909895741841 0.3776605987237476 -0.4627990112494205 22.28313470840107 0.30362173649890156 0.9249518856425362 0.2286435006111215 -79.89173206275365 0.5144164594637426 0.04285418786929511 -0.8564690448666844 98.77645082431793
-0.7935775723481437 0.37269948178171214 -0.48096749676633 24.71552879302278 0.2957084796155592 0.9270605365353546 0.2304674742392832 -80.2965092700862 0.5317810938247813 0.04066765149874586 -0.8459048471146714 97.86380104824848
-0.7425022181272394 0.3830474089345029 -0.5495135472258105 32.281794413918874 0.2888959510084464 0.9232649925898052 0.2532210160098715 -82.69799852252866 0.6043422751777793 0.02926492724593742 -0.7961871504026143 93.56464076489287
-0.6879751628352893 0.396529445133915 -0.6078277506527213 38.52908131031772 0.29183853505311225 0.917992423098261 0.26855200723926276 -84.08427493380114 0.6644700480682412 0.007369550595056978 -0.747278559135893 89.89214239747982
-0.6422058744199961 0.40825682111933453 -0.6487665087456227 42.84070863756335 0.2849078805676594 0.9128623293942916 0.29242070235069395 -86.53087436497438 0.7116172527777083 0.002955601861641649 -0.7025611361061349 85.51035538745737
-0.7434101599626305 0.34771777263900894 -0.5713437534928535 36.91730074671251 0.27683753664343114 0.937597615858125 0.21040838634036507 -78.83825647789175 0.6088532765531717 -0.0017496651468035945 -0.7932809252101938 95.16429281982487
-0.6820934619547638 0.40271536529791746 -0.6103841771470897 38.493950244933 0.3087793083849591 0.9152472805623862 0.2588006069089921 -82.66695058885868 0.6628754391828613 -0.011947802146052372 -0.7486343581161683 91.21113191641064
-0.6686860251914319 0.41267493645866765 -0.6185130528392414 38.91982198807714 0.31095851844639893 0.9108146649481581 0.271516934869624 -83.81561629262545 0.6753989928326102 -0.010772322600519996 -0.7373738248313986 89.97197146270726
-0.6625056574298246 0.4140509601067613 -0.6242179557719763 39.53475311458547 0.31233603155491024 0.9101362037675503 0.27221001815532403 -83.84082978692743 0.6808321799577381 -0.014625082094160136 -0.7322934177689522 89.67908642625568
-0.6658446826972059 0.4219936344366887 -0.6152822368789559 38.00851129900874 0.3104542202659708 0.9065985230767067 0.2858273868511948 -85.18126102239323 0.6784313050286708 -0.0007003213896532579 -0.7346635106680104 89.07260025662274
-0.6686482156784522 0.4225798809050061 -0.6118298847917881 37.55783529555117 0.3139976635087782 0.9063207024187289 0.2828219434171432 -84.79376412274034 0.6740289541118022 -0.0030047664688815368 -0.7386988157547144 89.63114025069677
-0.6692916638950629 0.4221838508710294 -0.6113995949493968 37.52789397627634 0.31667784999241655 0.9064855082902755 0.27928330165604387 -84.38053046660087 0.6721337723732966 -0.006694723551328996 -0.7403994683357171 90.03214529959703
-0.6761248866814469 0.42552494789250966 -0.6014845437175237 36.142354442190495 0.31876835776858076 0.9049459703363466 0.2818856591909762 -84.5627699952452 0.6642603944956548 -0.0011443308463952861 -0.7475003804757501 90.4264070363405
-0.6759871429671851 0.4264024106931532 -0.6010177756923086 36.03689605064012 0.323483300012559 0.9045096997797994 0.27788623142797586 -84.0429667666941 0.662117766833097 -0.006571693794240524 -0.7493709866845844 90.95078942107202
-0.6837876337365985 0.42624577817929865 -0.592240667746844 34.98591827330326 0.3265397908175889 0.9045874243869187 0.27403167089562197 -83.58537292988235 0.6525383030609843 -0.006010675949119942 -0.7577319016729637 91.77838639433874
-0.6820982838001977 0.4267801779103997 -0.5938018280365871 35.14441735718859 0.3262173170213881 0.9043357216015918 0.2752438277431388 -83.71012855735302 0.6544648144187677 -0.005965096654298924 -0.7560689282795007 91.60312813045107
-0.6772066198549754 0.42922013951372273 -0.5976297063068562 35.47029227497639 0.3276448041672887 0.9031647986172832 0.27738462257447005 -83.86847383989623 0.6588171797447132 -0.007963565434059211 -0.75226092899924 91.33133372286294
-0.7015984538468708 0.4270561026431702 -0.5704232593039192 32.3136285780667 0.3380359175951745 0.9041741764326043 0.2611527849516636 -82.00411032021728 0.6272888712349906 -0.009599159736538992 -0.7787275057149861 94.15190399727588
-0.6993005529501611 0.4264847758335255 -0.5736632048735795 32.735059078199946 0.3376797768977121 0.9044232574689776 0.26075072315051273 -81.9772918489333 0.6300405581531321 -0.01137133815482888 -0.7764789680027775 94.02887945753352
-0.6886268682643276 0.42957784667891163 -0.5841711307033017 33.82672139348112 0.33745536585930447 0.9029238847352447 0.26618101815752676 -82.50193559619706 0.6418075352917161 -0.013832281710698446 -0.7667409964423766 93.17874107584116
-0.6908688444277719 0.4330832291276551 -0.5789120455193502 32.99753134074669 0.34029710011213826 0.9012772808786169 0.2681364328608029 -82.59796785458184 0.6378856664436854 -0.011754982790693369 -0.7700413605289562 93.38988229150586
-0.6889212060950682 0.43341749533938956 -0.5809792135061692 33.22771281557504 0.3409434146048219 0.9010922282608491 0.2679372766255241 -82.5587568665005 0.6396445574146014 -0.01349336509653315 -0.7685523855068376 93.34211948744299
-0.6944174657926856 0.43250615642934853 -0.5750850440176445 32.56913197627846 0.3454970936842028 0.9014591085366739 0.2607742968393046 -81.73153488507477 0.6312021399344536 -0.01760398497432862 -0.775418569712636 94.29672589472892
-0.692258066828816 0.4339560459922992 -0.576594241262571 32.669710000299276 0.34812762286023335 0.9006939556571869 0.2599183649615622 -81.56535346695645 0.6321280939114425 -0.020797797704041054 -0.774584743264769 94.40508967680672
-0.6856665584001148 0.43625286995186097 -0.5827047315326234 33.27730331481187 0.352257999548485 0.8993952294551777 0.25884845564029935 -81.32924954006855 0.637005237377089 -0.027778673331050094 -0.7703587948885411 94.39583699757348
-0.6819381352507827 0.4382764752885685 -0.5855545328142495 33.5079681748917 0.35442564835251755 0.8983227360955118 0.25961263760412484 -81.33148986291934 0.6397990618003302 -0.03049578696315179 -0.7679369554181615 94.31149229187706
-0.6824133896695469 0.43806360768560565 -0.5851600133477942 33.47221632172986 0.35609772889170294 0.8983442661809533 0.2572391628387393 -81.05001269871492 0.6383622585005243 -0.03283070272284749 -0.7690356115816963 94.56542732059987
-0.6890299328313668 0.43660056219330706 -0.5784614946173087 32.74677697370696 0.35314666700984815 0.8992664366519275 0.25808391559952165 -81.22782133381017 0.6328705896486563 -0.026454205787243154 -0.7738055257969721 94.66597450341865
-0.6867257966305136 0.43754865140758664 -0.5804815741206512 32.937078440428344 0.36129052082758956 0.8983825817685475 0.2497556732789259 -80.1612068408973 0.6307747932521685 -0.03820882654940831 -0.7750246742984391 95.50492776280748
-0.6775613321505198 0.44015156971300334 -0.589217478401305 33.84520221670136 0.37028059057502144 0.896358396941941 0.24379070629350783 -79.28479794881268 0.6354548964464956 -0.05299264015741481 -0.7703173726921395 95.91748162895072
-0.6816722192231872 0.427081110609626 -0.5940746674449124 35.159917154487594 0.3493299003540335 0.9034124962279945 0.2486251845202836 -80.44521892332966 0.64287759819267 -0.0380471630946707 -0.7650234029900468 94.46607995998458
-0.6823003987680024 0.42562671593381407 -0.5943972278909291 35.27999043371264 0.34999392388826345 0.9039926374239576 0.24556376916103323 -80.12883472165215 0.6418492183389501 -0.04048716051630598 -0.7657613014190555 94.68921969076096
-0.7369416804383344 0.41202081596411727 -0.5358692068452766 29.01828590552094 0.33435539164136546 0.9111727779881704 0.24077093000125493 -80.16148021386883 0.5874720688790851 -0.0017366247674750965 -0.8092425794663456 96.76532637994931
-0.7589979578041198 0.41010833640523664 -0.5057007538654688 25.531261158255596 0.33622629139347 0.9119989557645047 0.23496762683452033 -79.53959934647979 0.5575607420048224 0.008310059890412612 -0.8300945499638279 98.249732213223
-0.7848826812584908 0.3908938106694205 -0.4807922684911031 23.66617412515122 0.3319496126308337 0.9204325889706988 0.2064299005351139 -76.86442147253575 0.5232290429006414 0.002424446542401844 -0.8521886473805211 100.81242477782952
-0.7848826812584908 0.3908938106694205 -0.4807922684911031 23.66617412515122 0.3319496126308337 0.9204325889706988 0.2064299005351139 -76.86442147253575 0.5232290429006414 0.002424446542401844 -0.8521886473805211 100.81242477782952
-0.7848826812584908 0.3908938106694205 -0.4807922684911031 23.66617412515122 0.3319496126308337 0.9204325889706988 0.2064299005351139 -76.86442147253575 0.5232290429006414 0.002424446542401844 -0.8521886473805211 100.81242477782952
-0.7848826812584908 0.3908938106694205 -0.4807922684911031 23.66617412515122 0.3319496126308337 0.9204325889706988 0.2064299005351139 -76.86442147253575 0.5232290429006414 0.002424446542401844 -0.8521886473805211 100.81242477782952
-0.7848826812584908 0.3908938106694205 -0.4807922684911031 23.66617412515122 0.3319496126308337 0.9204325889706988 0.2064299005351139 -76.86442147253575 0.5232290429006414 0.002424446542401844 -0.8521886473805211 100.81242477782952
-0.7848826812584908 0.3908938106694205 -0.4807922684911031 23.66617412515122 0.3319496126308337 0.9204325889706988 0.2064299005351139 -76.86442147253575 0.5232290429006414 0.002424446542401844 -0.8521886473805211 100.81242477782952
-0.7848826812584908 0.3908938106694205 -0.4807922684911031 23.66617412515122 0.3319496126308337 0.9204325889706988 0.2064299005351139 -76.86442147253575 0.5232290429006414 0.002424446542401844 -0.8521886473805211 100.81242477782952
-0.7848826812584908 0.3908938106694205 -0.4807922684911031 23.66617412515122 0.3319496126308337 0.9204325889706988 0.2064299005351139 -76.86442147253575 0.5232290429006414 0.002424446542401844 -0.8521886473805211 100.81242477782952
-0.7848826812584908 0.3908938106694205 -0.4807922684911031 23.66617412515122 0.3319496126308337 0.9204325889706988 0.2064299005351139 -76.86442147253575 0.5232290429006414 0.002424446542401844 -0.8521886473805211 100.81242477782952
-0.7848826812584908 0.3908938106694205 -0.4807922684911031 23.66617412515122 0.3319496126308337 0.9204325889706988 0.2064299005351139 -76.86442147253575 0.5232290429006414 0.002424446542401844 -0.8521886473805211 100.81242477782952
-0.7848826812584908 0.3908938106694205 -0.4807922684911031 23.66617412515122 0.3319496126308337 0.9204325889706988 0.2064299005351139 -76.86442147253575 0.5232290429006414 0.002424446542401844 -0.8521886473805211 100.81242477782952
-0.7848826812584908 0.3908938106694205 -0.4807922684911031 23.66617412515122 0.3319496126308337 0.9204325889706988 0.2064299005351139 -76.86442147253575 0.5232290429006414 0.002424446542401844 -0.8521886473805211 100.81242477782952
-0.7848826812584908 0.3908938106694205 -0.4807922684911031 23.66617412515122 0.3319496126308337 0.9204325889706988 0.2064299005351139 -76.86442147253575 0.5232290429006414 0.002424446542401844 -0.8521886473805211 100.81242477782952
-0.7848826812584908 0.3908938106694205 -0.4807922684911031 23.66617412515122 0.3319496126308337 0.9204325889706988 0.2064299005351139 -76.86442147253575 0.5232290429006414 0.002424446542401844 -0.8521886473805211 100.81242477782952
-0.7848826812584908 0.3908938106694205 -0.4807922684911031 23.66617412515122 0.3319496126308337 0.9204325889706988 0.2064299005351139 -76.86442147253575 0.5232290429006414 0.002424446542401844 -0.8521886473805211 100.81242477782952
-0.7848826812584908 0.3908938106694205 -0.4807922684911031 23.66617412515122 0.3319496126308337 0.9204325889706988 0.2064299005351139 -76.86442147253575 0.5232290429006414 0.002424446542401844 -0.8521886473805211 100.81242477782952
-0.7848826812584908 0.3908938106694205 -0.4807922684911031 23.66617412515122 0.3319496126308337 0.9204325889706988 0.2064299005351139 -76.86442147253575 0.5232290429006414 0.002424446542401844 -0.8521886473805211 100.81242477782952
-0.7848826812584908 0.3908938106694205 -0.4807922684911031 23.66617412515122 0.3319496126308337 0.9204325889706988 0.2064299005351139 -76.86442147253575 0.5232290429006414 0.002424446542401844 -0.8521886473805211 100.81242477782952
-0.7848826812584908 0.3908938106694205 -0.4807922684911031 23.66617412515122 0.3319496126308337 0.9204325889706988 0.2064299005351139 -76.86442147253575 0.5232290429006414 0.002424446542401844 -0.8521886473805211 100.81242477782952
